representative_id,source_zone_id,crop,harvest_year,start_date,end_date,represented_area_ha,fraction,maximum_daily_residual_mm,maximum_carbon_residual_kg_ha,maximum_grain_ceiling_excess_kg_ha,storage_continuity_error_mm,root_extraction_fraction_day,precipitation_mm,irrigation_field_mm,capillary_rise_mm,soil_evaporation_mm,transpiration_mm,canopy_evaporation_mm,application_evaporation_mm,runoff_mm,off_field_drift_mm,bottom_drainage_mm,pump_input_mm,conveyance_loss_mm,et_mm,yield_kg_ha,biomass_kg_ha,initial_storage_mm,final_storage_mm,balance_residual_mm,parameter_version,nutrient_process,anthesis_date,maturity_date,season_end_date,season_end_reason,maturity_definition,germination_start_date,germination_water_response,sowing_depth_mm
23,ag_075_044,fallow,1996,1996-01-01,1996-10-11,601375.5459775862,0.0,2.2537527399890678e-13,0.0,0.0,0.0,1.0,754.98,0.0,0.0,552.3186758139509,0.0,0.0,0.0,0.0,0.0,82.18796312053631,0.0,0.0,552.3186758139509,0.0,0.0,486.589374113015,607.0627351785278,7.505107646466058e-14,unvalidated-engineering-priors,fixed independent scenario factor; no N cycle,,,,right_censored,BBCH89_full_ripeness,,,
23,ag_075_044,wheat,1997,1996-10-12,1997-06-10,601375.5459775862,0.0,3.135269821541442e-13,3.680611371237319e-12,0.0,0.0,0.04267140235271844,202.71,0.0,0.0,186.23862295005299,225.5965093558259,35.805298376826,0.0,0.0,0.0,49.535343164428454,0.0,0.0,447.6404306827049,7323.575257987229,17386.373761548715,607.0627351785278,312.5969613313922,2.2100099528188366e-12,unvalidated-engineering-priors,fixed independent scenario factor; no N cycle,1997-04-27,1997-06-03,1997-06-03,full_ripeness,BBCH89_full_ripeness,1996-10-12,seed_layer_available_water,50.0
23,ag_075_044,fallow,1997,1997-06-11,1997-06-14,601375.5459775862,0.0,4.984901380566953e-14,0.0,0.0,0.0,1.0,2.9899999999999998,0.0,0.0,2.794434627608913,0.0,0.0,0.0,0.0,0.0,0.0014058747392375172,0.0,0.0,2.794434627608913,0.0,0.0,312.5969613313922,312.791120829044,3.8691272408186705e-14,unvalidated-engineering-priors,fixed independent scenario factor; no N cycle,,,,right_censored,BBCH89_full_ripeness,,,
23,ag_075_044,maize,1997,1997-06-15,1997-10-05,601375.5459775862,0.0,1.7674750552032492e-13,2.7284841053187847e-12,0.0,0.0,0.03354275471250856,224.66,0.0,0.0,21.9581323481078,143.46227246659504,48.648823928908875,0.0,0.0,0.0,0.02427101964062721,0.0,0.0,214.06922874361172,7400.762312118272,15309.968356290065,312.791120829044,323.35762106579114,5.516559431484325e-13,unvalidated-engineering-priors,fixed independent scenario factor; no N cycle,1997-08-21,,1997-10-05,cut_before_maturity,R6_physiological_maturity,1997-06-26,seed_layer_available_water,50.0
23,ag_075_044,fallow,1997,1997-10-06,1997-10-11,601375.5459775862,0.0,9.769962616701378e-14,0.0,0.0,0.0,1.0,0.0,0.0,0.0,11.405489101276324,0.0,0.0,0.0,0.0,0.0,0.00012868134645416252,0.0,0.0,11.405489101276324,0.0,0.0,323.35762106579114,311.95200328316844,-7.893685705084863e-14,unvalidated-engineering-priors,fixed independent scenario factor; no N cycle,,,,right_censored,BBCH89_full_ripeness,,,
23,ag_075_044,wheat,1998,1997-10-12,1998-06-10,601375.5459775862,0.0,2.424727085781342e-13,1.4637180356658064e-12,0.0,0.0,0.04267140235271844,393.03,0.0,0.0,258.63791280461135,82.70399391385557,37.27679886698693,0.0,0.0,0.0,0.005248934824558379,0.0,0.0,378.6187055854539,3409.735641679021,8217.784042734322,311.95200328316844,326.35804876289075,-7.217837438844299e-13,unvalidated-engineering-priors,fixed independent scenario factor; no N cycle,1998-05-02,1998-06-08,1998-06-08,full_ripeness,BBCH89_full_ripeness,1997-11-09,seed_layer_available_water,50.0
23,ag_075_044,fallow,1998,1998-06-11,1998-06-14,601375.5459775862,0.0,2.0605739337042905e-13,0.0,0.0,0.0,1.0,39.29,0.0,0.0,12.315398438592826,0.0,0.0,0.0,0.0,0.0,6.260134399921599e-05,0.0,0.0,12.315398438592826,0.0,0.0,326.35804876289075,353.3325877229538,1.2034817586936697e-13,unvalidated-engineering-priors,fixed independent scenario factor; no N cycle,,,,right_censored,BBCH89_full_ripeness,,,
23,ag_075_044,maize,1998,1998-06-15,1998-10-05,601375.5459775862,0.0,1.1297629498585593e-12,3.836930773104541e-12,0.0,0.0,0.03354275471250856,598.98,0.0,0.0,18.537906359222692,203.85930185815755,111.46210504035597,0.0,0.0,0.0,53.87117534956384,0.0,0.0,333.85931325773623,9010.823178470926,17506.097223796816,353.3325877229538,564.5820991156526,1.1743939154484906e-12,unvalidated-engineering-priors,fixed independent scenario factor; no N cycle,1998-08-09,1998-09-20,1998-09-20,physiological_maturity,R6_physiological_maturity,1998-06-15,seed_layer_available_water,50.0
23,ag_075_044,fallow,1998,1998-10-06,1998-10-11,601375.5459775862,0.0,1.7719159473017498e-13,0.0,0.0,0.0,1.0,0.56,0.0,0.0,14.03044091016507,0.0,0.0,0.0,0.0,0.0,1.713315712970001,0.0,0.0,14.03044091016507,0.0,0.0,564.5820991156526,549.3983424925176,-1.0169642905566434e-13,unvalidated-engineering-priors,fixed independent scenario factor; no N cycle,,,,right_censored,BBCH89_full_ripeness,,,
23,ag_075_044,wheat,1999,1998-10-12,1999-06-10,601375.5459775862,0.0,2.788880237858393e-13,3.126388037344441e-12,0.0,0.0,0.04267140235271844,210.58,0.0,0.0,162.34157047880612,199.20727235534977,40.554678661761756,0.0,0.0,0.0,23.048832031235516,0.0,0.0,402.1035214959177,6365.303326260467,14986.85786211237,549.3983424925176,334.825988965364,4.405364961712621e-13,unvalidated-engineering-priors,fixed independent scenario factor; no N cycle,1999-04-21,1999-05-28,1999-05-28,full_ripeness,BBCH89_full_ripeness,1998-10-12,seed_layer_available_water,50.0
23,ag_075_044,fallow,1999,1999-06-11,1999-06-14,601375.5459775862,0.0,5.739853037312059e-14,0.0,0.0,0.0,1.0,1.57,0.0,0.0,2.1146309681263555,0.0,0.0,0.0,0.0,0.0,0.003726599500577449,0.0,0.0,2.1146309681263555,0.0,0.0,334.825988965364,334.277631397737,3.214095656289828e-14,unvalidated-engineering-priors,fixed independent scenario factor; no N cycle,,,,right_censored,BBCH89_full_ripeness,,,
23,ag_075_044,maize,1999,1999-06-15,1999-10-05,601375.5459775862,0.0,6.261657858885883e-13,3.240074875066057e-12,0.0,0.0,0.03354275471250856,475.67,0.0,0.0,18.9585742936595,222.92156160368884,85.05834607409184,0.0,0.0,0.0,0.2898649693160231,0.0,0.0,326.9384819714402,9620.207192262287,18862.77430427791,334.277631397737,482.71928445698074,7.144285163462882e-14,unvalidated-engineering-priors,fixed independent scenario factor; no N cycle,1999-08-12,1999-09-26,1999-09-26,physiological_maturity,R6_physiological_maturity,1999-06-16,seed_layer_available_water,50.0
23,ag_075_044,fallow,1999,1999-10-06,1999-10-11,601375.5459775862,0.0,1.5432100042289676e-13,0.0,0.0,0.0,1.0,6.74,0.0,0.0,14.299601500000001,0.0,0.0,0.0,0.0,0.0,0.009657414222916357,0.0,0.0,14.299601500000001,0.0,0.0,482.71928445698074,475.150025542758,-1.6009416015094757e-13,unvalidated-engineering-priors,fixed independent scenario factor; no N cycle,,,,right_censored,BBCH89_full_ripeness,,,
23,ag_075_044,wheat,2000,1999-10-12,2000-06-10,601375.5459775862,0.0,2.4491519923230953e-13,1.5489831639570184e-12,0.0,0.0,0.04267140235271844,156.28,0.0,0.0,163.90453553517185,144.3379957252504,25.712505514115982,0.0,0.0,0.0,1.3804295128324033,0.0,0.0,333.95503677453826,2774.160562036854,7701.633422844112,475.150025542758,296.09455925538794,-5.870859354217828e-13,unvalidated-engineering-priors,fixed independent scenario factor; no N cycle,2000-04-23,2000-05-31,2000-05-31,full_ripeness,BBCH89_full_ripeness,1999-10-12,seed_layer_available_water,50.0
23,ag_075_044,fallow,2000,2000-06-11,2000-06-14,601375.5459775862,0.0,6.461498003318411e-14,0.0,0.0,0.0,1.0,6.2700000000000005,0.0,0.0,6.613583098335867,0.0,0.0,0.0,0.0,0.0,0.0006801655894446238,0.0,0.0,6.613583098335867,0.0,0.0,296.09455925538794,295.7502959914625,1.163513729807164e-13,unvalidated-engineering-priors,fixed independent scenario factor; no N cycle,,,,right_censored,BBCH89_full_ripeness,,,
23,ag_075_044,maize,2000,2000-06-15,2000-10-05,601375.5459775862,0.0,1.1750600492632657e-12,2.3163693185779266e-12,0.0,0.0,0.03354275471250856,746.61,0.0,0.0,18.777666010286293,154.1733636523451,77.8097963158502,0.0,0.0,0.0,136.50002598150695,0.0,0.0,250.76082597848162,7407.605601252404,14588.125544562434,295.7502959914625,655.0994440314777,-3.752179122962218e-12,unvalidated-engineering-priors,fixed independent scenario factor; no N cycle,2000-08-15,2000-10-01,2000-10-01,physiological_maturity,R6_physiological_maturity,2000-06-21,seed_layer_available_water,50.0
23,ag_075_044,fallow,2000,2000-10-06,2000-10-11,601375.5459775862,0.0,2.5934809855243657e-13,0.0,0.0,0.0,1.0,40.85,0.0,0.0,12.280764199999998,0.0,0.0,0.0,0.0,0.0,6.907380276199431,0.0,0.0,12.280764199999998,0.0,0.0,655.0994440314777,676.7612995552777,5.693223670277803e-13,unvalidated-engineering-priors,fixed independent scenario factor; no N cycle,,,,right_censored,BBCH89_full_ripeness,,,
23,ag_075_044,wheat,2001,2000-10-12,2001-06-10,601375.5459775862,0.0,3.5926817076870066e-13,3.552713678800501e-12,0.0,0.0,0.04267140235271844,151.93,0.0,0.0,205.90812893200624,220.35137292904386,20.062336440370107,0.0,0.0,0.0,84.72728868277477,0.0,0.0,446.3218383014202,5455.262269425921,13974.61228166099,676.7612995552777,297.642172571082,6.628031457012185e-13,unvalidated-engineering-priors,fixed independent scenario factor; no N cycle,2001-04-25,2001-06-04,2001-06-04,full_ripeness,BBCH89_full_ripeness,2000-10-12,seed_layer_available_water,50.0
23,ag_075_044,fallow,2001,2001-06-11,2001-06-14,601375.5459775862,0.0,1.493805079633148e-13,0.0,0.0,0.0,1.0,0.67,0.0,0.0,0.9651949481599317,0.0,0.0,0.0,0.0,0.0,0.0008570847400483869,0.0,0.0,0.9651949481599317,0.0,0.0,297.642172571082,297.34612053818216,-1.1457501614131615e-13,unvalidated-engineering-priors,fixed independent scenario factor; no N cycle,,,,right_censored,BBCH89_full_ripeness,,,
23,ag_075_044,maize,2001,2001-06-15,2001-10-05,601375.5459775862,0.0,5.542233338928781e-13,4.106937012693379e-12,0.0,0.0,0.03354275471250856,452.56,0.0,0.0,16.550490721522667,238.51328326814746,81.10201583863952,0.0,0.0,0.0,2.0463400873066813,0.0,0.0,336.16578982830964,9930.274280065894,19278.94867330893,297.34612053818216,411.69399062256747,-1.645794611704332e-12,unvalidated-engineering-priors,fixed independent scenario factor; no N cycle,2001-08-12,2001-09-27,2001-09-27,physiological_maturity,R6_physiological_maturity,2001-06-17,seed_layer_available_water,50.0
23,ag_075_044,fallow,2001,2001-10-06,2001-10-11,601375.5459775862,0.0,9.303668946358812e-14,0.0,0.0,0.0,1.0,3.56,0.0,0.0,11.402951515814987,0.0,0.0,0.0,0.0,0.0,0.02062248896524889,0.0,0.0,11.402951515814987,0.0,0.0,411.69399062256747,403.8304166177872,3.885780586188048e-14,unvalidated-engineering-priors,fixed independent scenario factor; no N cycle,,,,right_censored,BBCH89_full_ripeness,,,
23,ag_075_044,wheat,2002,2001-10-12,2002-06-10,601375.5459775862,0.0,1.6431300764452317e-13,1.4210854715202004e-12,0.0,0.0,0.04267140235271844,274.8,0.0,0.0,185.6269518294594,108.90094433411232,28.949056931346448,0.0,0.0,0.0,0.6445174081842046,0.0,0.0,323.47695309491814,2824.893832120381,6980.201330633323,403.8304166177872,354.5089461146846,2.347011474057581e-13,unvalidated-engineering-priors,fixed independent scenario factor; no N cycle,2002-04-15,2002-05-28,2002-05-28,full_ripeness,BBCH89_full_ripeness,2001-10-12,seed_layer_available_water,50.0
23,ag_075_044,fallow,2002,2002-06-11,2002-06-14,601375.5459775862,0.0,3.863576125695545e-14,0.0,0.0,0.0,1.0,1.25,0.0,0.0,14.788643446857222,0.0,0.0,0.0,0.0,0.0,0.000936500846743109,0.0,0.0,14.788643446857222,0.0,0.0,354.5089461146846,340.96936616698054,9.14823772291129e-14,unvalidated-engineering-priors,fixed independent scenario factor; no N cycle,,,,right_censored,BBCH89_full_ripeness,,,
23,ag_075_044,maize,2002,2002-06-15,2002-10-05,601375.5459775862,0.0,2.0738966099997924e-13,3.524291969370097e-12,3.552713678800501e-15,0.0,0.03354275471250856,283.73,0.0,0.0,19.627750573671857,179.22165713041466,83.822665556622,0.0,0.0,0.0,0.017382533456134195,0.0,0.0,282.6720732607085,9104.748129311669,17721.26095811514,340.96936616698054,342.0099103728155,3.872457909892546e-13,unvalidated-engineering-priors,fixed independent scenario factor; no N cycle,2002-08-12,2002-09-29,2002-09-29,physiological_maturity,R6_physiological_maturity,2002-06-16,seed_layer_available_water,50.0
23,ag_075_044,fallow,2002,2002-10-06,2002-10-11,601375.5459775862,0.0,7.149836278586008e-14,0.0,0.0,0.0,1.0,0.0,0.0,0.0,11.957173199223199,0.0,0.0,0.0,0.0,0.0,0.0001493590307474652,0.0,0.0,11.957173199223199,0.0,0.0,342.0099103728155,330.0525878145615,7.30526750203353e-14,unvalidated-engineering-priors,fixed independent scenario factor; no N cycle,,,,right_censored,BBCH89_full_ripeness,,,
23,ag_075_044,wheat,2003,2002-10-12,2003-06-10,601375.5459775862,0.0,1.5987211554602254e-13,1.2896350654045818e-12,0.0,0.0,0.04267140235271844,280.31,0.0,0.0,219.30371903852716,71.75663943754827,19.55312275138308,0.0,0.0,0.0,0.007662249045943166,0.0,0.0,310.6134812274585,2339.290579407118,5572.061108053308,330.0525878145615,299.7414443380573,-2.751410210777294e-13,unvalidated-engineering-priors,fixed independent scenario factor; no N cycle,2003-04-30,2003-06-07,2003-06-07,full_ripeness,BBCH89_full_ripeness,2002-10-19,seed_layer_available_water,50.0
23,ag_075_044,fallow,2003,2003-06-11,2003-06-14,601375.5459775862,0.0,5.773159728050814e-14,0.0,0.0,0.0,1.0,0.44,0.0,0.0,7.268436341167391,0.0,0.0,0.0,0.0,0.0,9.258131927297511e-05,0.0,0.0,7.268436341167391,0.0,0.0,299.7414443380573,292.9129154155706,6.178391132038996e-14,unvalidated-engineering-priors,fixed independent scenario factor; no N cycle,,,,right_censored,BBCH89_full_ripeness,,,
23,ag_075_044,maize,2003,2003-06-15,2003-10-05,601375.5459775862,0.0,9.79216707719388e-13,2.5863755581667647e-12,0.0,0.0,0.03354275471250856,647.95,0.0,0.0,17.426943875893556,116.74783570255907,95.84833263853423,0.0,0.0,0.0,37.157242263784916,0.0,0.0,230.02311221698685,7093.102933196214,13684.529037433189,292.9129154155706,673.6825609347941,4.724998170502204e-12,unvalidated-engineering-priors,fixed independent scenario factor; no N cycle,2003-08-18,,2003-10-05,cut_before_maturity,R6_physiological_maturity,2003-06-21,seed_layer_available_water,50.0
23,ag_075_044,fallow,2003,2003-10-06,2003-10-11,601375.5459775862,0.0,1.5631940186722204e-13,0.0,0.0,0.0,1.0,75.55,0.0,0.0,11.587539099999997,0.0,0.0,0.0,0.0,0.0,8.025797455497305,0.0,0.0,11.587539099999997,0.0,0.0,673.6825609347941,729.6192243792966,1.6653345369377348e-13,unvalidated-engineering-priors,fixed independent scenario factor; no N cycle,,,,right_censored,BBCH89_full_ripeness,,,
23,ag_075_044,wheat,2004,2003-10-12,2004-06-10,601375.5459775862,0.0,2.9620750296999176e-13,3.126388037344441e-12,0.0,0.0,0.04267140235271844,183.91,0.0,0.0,219.4515635017355,221.98340702420666,39.66241750242887,0.0,0.0,0.0,116.61113912686332,0.0,0.0,481.09738802837103,6744.042717821722,15980.796218975509,729.6192243792966,315.82069722406203,2.2615243011614439e-13,unvalidated-engineering-priors,fixed independent scenario factor; no N cycle,2004-04-19,2004-05-27,2004-05-27,full_ripeness,BBCH89_full_ripeness,2003-10-12,seed_layer_available_water,50.0
23,ag_075_044,fallow,2004,2004-06-11,2004-06-14,601375.5459775862,0.0,6.544764730165298e-14,0.0,0.0,0.0,1.0,8.89,0.0,0.0,2.3813809879376584,0.0,0.0,0.0,0.0,0.0,0.001508049536406919,0.0,0.0,2.3813809879376584,0.0,0.0,315.82069722406203,322.32780818658813,-1.642574964932919e-13,unvalidated-engineering-priors,fixed independent scenario factor; no N cycle,,,,right_censored,BBCH89_full_ripeness,,,
23,ag_075_044,maize,2004,2004-06-15,2004-10-05,601375.5459775862,0.0,9.174883075502294e-13,2.6432189770275727e-12,0.0,0.0,0.03354275471250856,611.76,0.0,0.0,18.43190636261238,176.47575533495413,103.31667447560824,0.0,0.0,0.0,29.83284383730351,0.0,0.0,298.2243361731747,9345.29640328732,17236.46609313637,322.32780818658813,606.030628176104,5.932532243235755e-12,unvalidated-engineering-priors,fixed independent scenario factor; no N cycle,2004-08-11,2004-09-28,2004-09-28,physiological_maturity,R6_physiological_maturity,2004-06-15,seed_layer_available_water,50.0
23,ag_075_044,fallow,2004,2004-10-06,2004-10-11,601375.5459775862,0.0,1.5765166949677223e-13,0.0,0.0,0.0,1.0,0.06,0.0,0.0,18.5110073,0.0,0.0,0.0,0.0,0.0,1.8763618776588236,0.0,0.0,18.5110073,0.0,0.0,606.030628176104,585.7032589984449,2.55351295663786e-13,unvalidated-engineering-priors,fixed independent scenario factor; no N cycle,,,,right_censored,BBCH89_full_ripeness,,,
23,ag_075_044,wheat,2005,2004-10-12,2005-06-10,601375.5459775862,0.0,3.588240815588506e-13,2.7000623958883807e-12,0.0,0.0,0.04267140235271844,193.4,0.0,0.0,170.0200491005693,198.42326821078038,34.66654755394441,0.0,0.0,0.0,32.674211238011814,0.0,0.0,403.1098648652941,5501.326749568919,12842.745028238623,585.7032589984449,343.3191828951398,-8.505418591653324e-13,unvalidated-engineering-priors,fixed independent scenario factor; no N cycle,2005-04-29,2005-06-07,2005-06-07,full_ripeness,BBCH89_full_ripeness,2004-10-12,seed_layer_available_water,50.0
23,ag_075_044,fallow,2005,2005-06-11,2005-06-14,601375.5459775862,0.0,9.370282327836321e-14,0.0,0.0,0.0,1.0,0.16,0.0,0.0,13.307174341356522,0.0,0.0,0.0,0.0,0.0,0.0017161165684079108,0.0,0.0,13.307174341356522,0.0,0.0,343.3191828951398,330.1702924372149,-3.6637359812630166e-14,unvalidated-engineering-priors,fixed independent scenario factor; no N cycle,,,,right_censored,BBCH89_full_ripeness,,,
23,ag_075_044,maize,2005,2005-06-15,2005-10-05,601375.5459775862,0.0,1.1968204205459188e-12,1.7905676941154525e-12,0.0,0.0,0.03354275471250856,701.95,0.0,0.0,19.963055331489677,148.3980969950281,90.41475397098945,0.0,0.0,0.0,49.318117763537906,0.0,0.0,258.7759062975073,7983.980133319109,15308.045058067622,330.1702924372149,724.0262683761667,3.034683615510403e-12,unvalidated-engineering-priors,fixed independent scenario factor; no N cycle,2005-08-15,,2005-10-05,cut_before_maturity,R6_physiological_maturity,2005-06-21,seed_layer_available_water,50.0
23,ag_075_044,fallow,2005,2005-10-06,2005-10-11,601375.5459775862,0.0,9.325873406851315e-14,0.0,0.0,0.0,1.0,5.15,0.0,0.0,17.5653828,0.0,0.0,0.0,0.0,0.0,26.255812924453934,0.0,0.0,17.5653828,0.0,0.0,724.0262683761667,685.3550726517129,-1.234568003383174e-13,unvalidated-engineering-priors,fixed independent scenario factor; no N cycle,,,,right_censored,BBCH89_full_ripeness,,,
23,ag_075_044,wheat,2006,2005-10-12,2006-06-10,601375.5459775862,0.0,2.5512925105886097e-13,3.637978807091713e-12,0.0,0.0,0.04267140235271844,149.82,0.0,0.0,173.2556105969844,220.64816469931864,40.42474593269782,0.0,0.0,0.0,89.43832495883437,0.0,0.0,434.3285212290009,6288.773558137666,15007.60797785722,685.3550726517129,311.4082264638778,-1.0677569939332443e-13,unvalidated-engineering-priors,fixed independent scenario factor; no N cycle,2006-04-25,2006-06-03,2006-06-03,full_ripeness,BBCH89_full_ripeness,2005-10-12,seed_layer_available_water,50.0
23,ag_075_044,fallow,2006,2006-06-11,2006-06-14,601375.5459775862,0.0,5.3290705182007514e-14,0.0,0.0,0.0,1.0,24.130000000000003,0.0,0.0,11.223391570433735,0.0,0.0,0.0,0.0,0.0,0.0017187200181065926,0.0,0.0,11.223391570433735,0.0,0.0,311.4082264638778,324.31311617342595,-1.2934098236883074e-14,unvalidated-engineering-priors,fixed independent scenario factor; no N cycle,,,,right_censored,BBCH89_full_ripeness,,,
23,ag_075_044,maize,2006,2006-06-15,2006-10-05,601375.5459775862,0.0,3.774758283725532e-13,2.9274360713316128e-12,0.0,0.0,0.03354275471250856,357.46999999999997,0.0,0.0,20.993193624346556,175.28673913822954,72.83759997694142,0.0,0.0,0.0,0.04060862053689353,0.0,0.0,269.1175327395175,8207.549541446986,15509.516398330812,324.31311617342595,412.62497481337056,9.812706203149446e-13,unvalidated-engineering-priors,fixed independent scenario factor; no N cycle,2006-08-09,2006-09-24,2006-09-24,physiological_maturity,R6_physiological_maturity,2006-06-15,seed_layer_available_water,50.0
23,ag_075_044,fallow,2006,2006-10-06,2006-10-11,601375.5459775862,0.0,1.0746958878371515e-13,0.0,0.0,0.0,1.0,0.0,0.0,0.0,16.77290426758092,0.0,0.0,0.0,0.0,0.0,0.0016267242292998339,0.0,0.0,16.77290426758092,0.0,0.0,412.62497481337056,395.8504438215602,1.4566126083082054e-13,unvalidated-engineering-priors,fixed independent scenario factor; no N cycle,,,,right_censored,BBCH89_full_ripeness,,,
23,ag_075_044,wheat,2007,2006-10-12,2007-06-10,601375.5459775862,0.0,3.1086244689504383e-13,2.440714297335944e-12,0.0,0.0,0.04267140235271844,216.17,0.0,0.0,164.93622198365958,138.84787514653175,21.1872048900517,0.0,0.0,0.0,0.13634086981039406,0.0,0.0,324.971302020243,2334.397207185752,7965.320582648605,395.8504438215602,286.9128009315077,-9.42190769848139e-13,unvalidated-engineering-priors,fixed independent scenario factor; no N cycle,2007-04-22,2007-06-01,2007-06-01,full_ripeness,BBCH89_full_ripeness,2006-10-12,seed_layer_available_water,50.0
23,ag_075_044,fallow,2007,2007-06-11,2007-06-14,601375.5459775862,0.0,9.10937991704941e-14,0.0,0.0,0.0,1.0,1.29,0.0,0.0,2.063732269592317,0.0,0.0,0.0,0.0,0.0,0.00015174587829593246,0.0,0.0,2.063732269592317,0.0,0.0,286.9128009315077,286.1389169160371,1.554312234475219e-14,unvalidated-engineering-priors,fixed independent scenario factor; no N cycle,,,,right_censored,BBCH89_full_ripeness,,,
23,ag_075_044,maize,2007,2007-06-15,2007-10-05,601375.5459775862,0.0,5.413447468072263e-13,4.263256414560601e-12,0.0,0.0,0.03354275471250856,480.89,0.0,0.0,17.468784248193014,187.20430631873964,79.12763149443741,0.0,0.0,0.0,1.1921098991478234,0.0,0.0,283.80072206137004,8721.510475879859,16472.48649237633,286.1389169160371,482.0360849555192,2.949029909160572e-14,unvalidated-engineering-priors,fixed independent scenario factor; no N cycle,2007-08-16,2007-10-02,2007-10-02,physiological_maturity,R6_physiological_maturity,2007-06-20,seed_layer_available_water,50.0
23,ag_075_044,fallow,2007,2007-10-06,2007-10-11,601375.5459775862,0.0,1.0058620603103918e-13,0.0,0.0,0.0,1.0,1.84,0.0,0.0,14.206758949482436,0.0,0.0,0.0,0.0,0.0,0.06822592043489317,0.0,0.0,14.206758949482436,0.0,0.0,482.0360849555192,469.601100085602,-1.5720758028692217e-13,unvalidated-engineering-priors,fixed independent scenario factor; no N cycle,,,,right_censored,BBCH89_full_ripeness,,,
23,ag_075_044,wheat,2008,2007-10-12,2008-06-10,601375.5459775862,0.0,1.7108536809473662e-13,2.6716406864579767e-12,0.0,0.0,0.04267140235271844,222.59,0.0,0.0,171.8102784496132,164.12648163872424,35.00315378401254,0.0,0.0,0.0,2.7195205073423345,0.0,0.0,370.93991387235,5233.895204974961,12153.17679526313,469.601100085602,318.53166570591236,-2.6804669595037467e-12,unvalidated-engineering-priors,fixed independent scenario factor; no N cycle,2008-04-24,2008-06-02,2008-06-02,full_ripeness,BBCH89_full_ripeness,2007-10-12,seed_layer_available_water,50.0
23,ag_075_044,fallow,2008,2008-06-11,2008-06-14,601375.5459775862,0.0,4.7628567756419216e-14,0.0,0.0,0.0,1.0,2.49,0.0,0.0,4.363849991917608,0.0,0.0,0.0,0.0,0.0,0.0010380249206735556,0.0,0.0,4.363849991917608,0.0,0.0,318.53166570591236,316.6567776890741,-1.1213252548714081e-14,unvalidated-engineering-priors,fixed independent scenario factor; no N cycle,,,,right_censored,BBCH89_full_ripeness,,,
23,ag_075_044,maize,2008,2008-06-15,2008-10-05,601375.5459775862,0.0,5.093703236980218e-13,3.0127011996228248e-12,0.0,0.0,0.03354275471250856,406.68,0.0,0.0,17.812068415861024,169.07930597414094,75.62486391169179,0.0,0.0,0.0,0.25309809151232526,0.0,0.0,262.51623830169376,7994.782037973197,15665.624879149855,316.6567776890741,460.56744129586855,-5.361058819097764e-13,unvalidated-engineering-priors,fixed independent scenario factor; no N cycle,2008-08-16,2008-10-04,2008-10-04,physiological_maturity,R6_physiological_maturity,2008-06-22,seed_layer_available_water,50.0
23,ag_075_044,fallow,2008,2008-10-06,2008-10-11,601375.5459775862,0.0,1.1146639167236572e-13,0.0,0.0,0.0,1.0,1.07,0.0,0.0,15.633155237614796,0.0,0.0,0.0,0.0,0.0,0.013515192369956415,0.0,0.0,15.633155237614796,0.0,0.0,460.56744129586855,445.9907708658838,-7.549516567451064e-15,unvalidated-engineering-priors,fixed independent scenario factor; no N cycle,,,,right_censored,BBCH89_full_ripeness,,,
23,ag_075_044,wheat,2009,2008-10-12,2009-06-10,601375.5459775862,0.0,1.7852386235972517e-13,2.4868995751603507e-12,0.0,0.0,0.04267140235271844,273.08,0.0,0.0,187.85741692478717,131.63293005426738,19.457020823702166,0.0,0.0,0.0,0.8806749126673828,0.0,0.0,338.94736780275673,3491.3849433058,8409.254145916855,445.9907708658838,379.24272815046004,-3.3284486278262193e-13,unvalidated-engineering-priors,fixed independent scenario factor; no N cycle,2009-04-22,2009-05-29,2009-05-29,full_ripeness,BBCH89_full_ripeness,2008-10-12,seed_layer_available_water,50.0
23,ag_075_044,fallow,2009,2009-06-11,2009-06-14,601375.5459775862,0.0,8.926193117986259e-14,0.0,0.0,0.0,1.0,6.72,0.0,0.0,17.78349286854171,0.0,0.0,0.0,0.0,0.0,0.0008225290898329631,0.0,0.0,17.78349286854171,0.0,0.0,379.24272815046004,368.1784127528284,7.416289804496046e-14,unvalidated-engineering-priors,fixed independent scenario factor; no N cycle,,,,right_censored,BBCH89_full_ripeness,,,
23,ag_075_044,maize,2009,2009-06-15,2009-10-05,601375.5459775862,0.0,5.38680211548126e-13,2.9700686354772188e-12,0.0,0.0,0.03354275471250856,380.83,0.0,0.0,17.11301548917084,193.27105847811177,95.13675498650656,0.0,0.0,0.0,0.046365412624523816,0.0,0.0,305.5208289537892,8888.213977718862,18287.068273935474,368.1784127528284,443.44121838641473,-1.6764367671839864e-14,unvalidated-engineering-priors,fixed independent scenario factor; no N cycle,2009-08-10,2009-09-29,2009-09-29,physiological_maturity,R6_physiological_maturity,2009-06-15,seed_layer_available_water,50.0
23,ag_075_044,fallow,2009,2009-10-06,2009-10-11,601375.5459775862,0.0,1.41886502547095e-13,0.0,0.0,0.0,1.0,2.47,0.0,0.0,14.849759309912775,0.0,0.0,0.0,0.0,0.0,0.00575018343215897,0.0,0.0,14.849759309912775,0.0,0.0,443.44121838641473,431.05570889306995,-1.48991929904696e-13,unvalidated-engineering-priors,fixed independent scenario factor; no N cycle,,,,right_censored,BBCH89_full_ripeness,,,
23,ag_075_044,wheat,2010,2009-10-12,2010-06-10,601375.5459775862,0.0,2.278177646530821e-13,1.2718714970105793e-12,0.0,0.0,0.04267140235271844,170.49,0.0,0.0,155.17629965689537,123.25426542623588,23.580863895022343,0.0,0.0,0.0,0.546319954349949,0.0,0.0,302.0114289781536,2312.92975288636,6708.6147691444985,431.05570889306995,298.98795996056674,-3.469446951953614e-13,unvalidated-engineering-priors,fixed independent scenario factor; no N cycle,2010-05-04,2010-06-10,2010-06-10,full_ripeness,BBCH89_full_ripeness,2009-10-12,seed_layer_available_water,50.0
23,ag_075_044,fallow,2010,2010-06-11,2010-06-14,601375.5459775862,0.0,5.795364188543317e-14,0.0,0.0,0.0,1.0,0.0,0.0,0.0,4.051313622505688,0.0,0.0,0.0,0.0,0.0,0.0005526613817211209,0.0,0.0,4.051313622505688,0.0,0.0,298.98795996056674,294.93609367667926,6.816769371198461e-14,unvalidated-engineering-priors,fixed independent scenario factor; no N cycle,,,,right_censored,BBCH89_full_ripeness,,,
23,ag_075_044,maize,2010,2010-06-15,2010-10-05,601375.5459775862,0.0,1.13420384195706e-12,3.112177182629239e-12,0.0,0.0,0.03354275471250856,551.36,0.0,0.0,19.74011855838199,142.50832210351007,77.89706330366563,0.0,0.0,0.0,14.744219264556548,0.0,0.0,240.1455039655577,8008.580776621195,14558.73541868812,294.93609367667926,591.4063704465672,-2.149842803778057e-12,unvalidated-engineering-priors,fixed independent scenario factor; no N cycle,2010-08-18,,2010-10-05,cut_before_maturity,R6_physiological_maturity,2010-06-24,seed_layer_available_water,50.0
23,ag_075_044,fallow,2010,2010-10-06,2010-10-11,601375.5459775862,0.0,2.6645352591003757e-13,0.0,0.0,0.0,1.0,0.18,0.0,0.0,18.885910562137667,0.0,0.0,0.0,0.0,0.0,2.432432036256779,0.0,0.0,18.885910562137667,0.0,0.0,591.4063704465672,570.2680278481723,3.9834802123550617e-13,unvalidated-engineering-priors,fixed independent scenario factor; no N cycle,,,,right_censored,BBCH89_full_ripeness,,,
23,ag_075_044,wheat,2011,2010-10-12,2011-06-10,601375.5459775862,0.0,2.879918525877656e-13,2.34123831432953e-12,0.0,0.0,0.04267140235271844,108.71,0.0,0.0,116.17627083271277,203.18036545854696,16.99700572482269,0.0,0.0,0.0,29.03189527191874,0.0,0.0,336.3536420160824,4723.143478911378,10982.35141071769,570.2680278481723,313.59249056017086,3.1882829709672933e-13,unvalidated-engineering-priors,fixed independent scenario factor; no N cycle,2011-04-25,2011-06-02,2011-06-02,full_ripeness,BBCH89_full_ripeness,2010-10-12,seed_layer_available_water,50.0
23,ag_075_044,fallow,2011,2011-06-11,2011-06-14,601375.5459775862,0.0,5.473399511402022e-14,0.0,0.0,0.0,1.0,1.57,0.0,0.0,1.7284997761910268,0.0,0.0,0.0,0.0,0.0,0.001273182095890227,0.0,0.0,1.7284997761910268,0.0,0.0,313.59249056017086,313.43271760188395,-9.103828801926284e-15,unvalidated-engineering-priors,fixed independent scenario factor; no N cycle,,,,right_censored,BBCH89_full_ripeness,,,
23,ag_075_044,maize,2011,2011-06-15,2011-10-05,601375.5459775862,0.0,6.359357485052897e-13,2.6716406864579767e-12,0.0,0.0,0.03354275471250856,494.21,0.0,0.0,19.38955066749065,144.5574841770525,73.70961577978359,0.0,0.0,0.0,0.8748585839692241,0.0,0.0,237.65665062432672,7423.730354189165,14598.392317992711,313.43271760188395,569.1112083935853,2.6683516507475247e-12,unvalidated-engineering-priors,fixed independent scenario factor; no N cycle,2011-08-19,,2011-10-05,cut_before_maturity,R6_physiological_maturity,2011-06-23,seed_layer_available_water,50.0
23,ag_075_044,fallow,2011,2011-10-06,2011-10-11,601375.5459775862,0.0,2.2737367544323206e-13,0.0,0.0,0.0,1.0,11.709999999999999,0.0,0.0,16.6122346,0.0,0.0,0.0,0.0,0.0,0.5178663099770331,0.0,0.0,16.6122346,0.0,0.0,569.1112083935853,563.6911074836086,-2.5135449277513544e-13,unvalidated-engineering-priors,fixed independent scenario factor; no N cycle,,,,right_censored,BBCH89_full_ripeness,,,
23,ag_075_044,wheat,2012,2011-10-12,2012-06-10,601375.5459775862,0.0,3.701483564100272e-13,3.183231456205249e-12,0.0,0.0,0.04267140235271844,190.03,0.0,0.0,194.02512774922835,201.51369121985664,25.623598583279605,0.0,0.0,0.0,23.33105239285615,0.0,0.0,421.1624175523646,5924.943861792656,14197.358990731369,563.6911074836086,309.2276375383881,-2.5954238758174597e-13,unvalidated-engineering-priors,fixed independent scenario factor; no N cycle,2012-04-28,2012-06-04,2012-06-04,full_ripeness,BBCH89_full_ripeness,2011-10-12,seed_layer_available_water,50.0
23,ag_075_044,fallow,2012,2012-06-11,2012-06-14,601375.5459775862,0.0,1.0122458427019865e-13,0.0,0.0,0.0,1.0,0.0,0.0,0.0,0.6553751950503943,0.0,0.0,0.0,0.0,0.0,0.0015872578137659681,0.0,0.0,0.6553751950503943,0.0,0.0,309.2276375383881,308.57067508552376,1.5998313784848506e-13,unvalidated-engineering-priors,fixed independent scenario factor; no N cycle,,,,right_censored,BBCH89_full_ripeness,,,
23,ag_075_044,maize,2012,2012-06-15,2012-10-05,601375.5459775862,0.0,7.573941473992818e-13,2.9558577807620168e-12,0.0,0.0,0.03354275471250856,418.76,0.0,0.0,16.867986688680194,178.99095979847152,61.45673442289407,0.0,0.0,0.0,0.8836761821525168,0.0,0.0,257.3156809100458,8232.67288584722,15929.978399856984,308.57067508552376,469.1313179933274,-1.9477752744023746e-12,unvalidated-engineering-priors,fixed independent scenario factor; no N cycle,2012-08-24,,2012-10-05,cut_before_maturity,R6_physiological_maturity,2012-06-29,seed_layer_available_water,50.0
23,ag_075_044,fallow,2012,2012-10-06,2012-10-11,601375.5459775862,0.0,5.773159728050814e-14,0.0,0.0,0.0,1.0,0.01,0.0,0.0,15.71961138080454,0.0,0.0,0.0,0.0,0.0,0.04493225399449564,0.0,0.0,15.71961138080454,0.0,0.0,469.1313179933274,453.37677435852845,-8.79296635503124e-14,unvalidated-engineering-priors,fixed independent scenario factor; no N cycle,,,,right_censored,BBCH89_full_ripeness,,,
23,ag_075_044,wheat,2013,2012-10-12,2013-06-10,601375.5459775862,0.0,1.6964207816272392e-13,2.0321522242738865e-12,0.0,0.0,0.04267140235271844,192.56,0.0,0.0,152.03609784255622,130.07630142836632,22.204852450944863,0.0,0.0,0.0,1.9941251054212878,0.0,0.0,304.31725172186736,2995.659358001626,7509.314151058256,453.37677435852845,339.6253975312403,-5.379585665821196e-13,unvalidated-engineering-priors,fixed independent scenario factor; no N cycle,2013-04-29,2013-06-08,2013-06-08,full_ripeness,BBCH89_full_ripeness,2012-10-12,seed_layer_available_water,50.0
23,ag_075_044,fallow,2013,2013-06-11,2013-06-14,601375.5459775862,0.0,6.128431095930864e-14,0.0,0.0,0.0,1.0,0.0,0.0,0.0,7.742404196321302,0.0,0.0,0.0,0.0,0.0,0.0010128051971325714,0.0,0.0,7.742404196321302,0.0,0.0,339.6253975312403,331.8819805297218,1.0269562977782698e-13,unvalidated-engineering-priors,fixed independent scenario factor; no N cycle,,,,right_censored,BBCH89_full_ripeness,,,
23,ag_075_044,maize,2013,2013-06-15,2013-10-05,601375.5459775862,0.0,3.1175062531474396e-13,3.183231456205249e-12,0.0,0.0,0.03354275471250856,252.91,0.0,0.0,19.938145378711987,225.9090145901319,26.252274945587533,0.0,0.0,0.0,0.22388814596619927,0.0,0.0,272.0994349144314,7346.0750502107,15798.27393233388,331.8819805297218,312.4686574693237,4.2087167084758903e-13,unvalidated-engineering-priors,fixed independent scenario factor; no N cycle,2013-08-26,,2013-10-05,cut_before_maturity,R6_physiological_maturity,2013-07-02,seed_layer_available_water,50.0
23,ag_075_044,fallow,2013,2013-10-06,2013-10-11,601375.5459775862,0.0,5.517808432387028e-14,0.0,0.0,0.0,1.0,0.0,0.0,0.0,5.350397164962153,0.0,0.0,0.0,0.0,0.0,0.0007065301193835975,0.0,0.0,5.350397164962153,0.0,0.0,312.4686574693237,307.11755377424225,-7.466249840604178e-14,unvalidated-engineering-priors,fixed independent scenario factor; no N cycle,,,,right_censored,BBCH89_full_ripeness,,,
23,ag_075_044,wheat,2014,2013-10-12,2014-06-10,601375.5459775862,0.0,1.6830981053317373e-13,6.589173651150304e-14,0.0,0.0,0.04267140235271844,163.85,0.0,0.0,164.19099716578978,5.2258395336139944,1.2562671202861933,0.0,0.0,0.0,0.027925663475290557,0.0,0.0,170.67310381968997,76.86123984081028,267.95062653558267,307.11755377424225,300.2665242910784,-1.3905682161308164e-12,unvalidated-engineering-priors,fixed independent scenario factor; no N cycle,2014-04-23,2014-06-03,2014-06-03,full_ripeness,BBCH89_full_ripeness,2013-11-01,seed_layer_available_water,50.0
23,ag_075_044,fallow,2014,2014-06-11,2014-06-14,601375.5459775862,0.0,9.195422201457859e-14,0.0,0.0,0.0,1.0,0.53,0.0,0.0,1.0152355548912904,0.0,0.0,0.0,0.0,0.0,0.0004313718927229346,0.0,0.0,1.0152355548912904,0.0,0.0,300.2665242910784,299.78085736429426,1.0659528815182284e-13,unvalidated-engineering-priors,fixed independent scenario factor; no N cycle,,,,right_censored,BBCH89_full_ripeness,,,
23,ag_075_044,maize,2014,2014-06-15,2014-10-05,601375.5459775862,0.0,1.7319479184152442e-13,1.6626700016786344e-12,0.0,0.0,0.03354275471250856,365.33,0.0,0.0,23.221558889204804,117.18919546225605,64.73670976022107,0.0,0.0,0.0,0.011204991256827213,0.0,0.0,205.14746411168193,6449.289999336221,13427.193953886459,299.78085736429426,459.95218826135545,5.154210391822289e-14,unvalidated-engineering-priors,fixed independent scenario factor; no N cycle,2014-08-15,2014-10-03,2014-10-03,physiological_maturity,R6_physiological_maturity,2014-06-19,seed_layer_available_water,50.0
23,ag_075_044,fallow,2014,2014-10-06,2014-10-11,601375.5459775862,0.0,8.038014698286133e-14,0.0,0.0,0.0,1.0,0.03,0.0,0.0,18.024174327882236,0.0,0.0,0.0,0.0,0.0,0.004145558374844755,0.0,0.0,18.024174327882236,0.0,0.0,459.95218826135545,441.95386837509835,1.199040866595169e-14,unvalidated-engineering-priors,fixed independent scenario factor; no N cycle,,,,right_censored,BBCH89_full_ripeness,,,
23,ag_075_044,wheat,2015,2014-10-12,2015-06-10,601375.5459775862,0.0,1.603162047558726e-13,1.6822099269120372e-12,0.0,0.0,0.04267140235271844,182.41,0.0,0.0,155.88307982785213,130.67445242722954,36.57095367098423,0.0,0.0,0.0,0.5663043339156649,0.0,0.0,323.1284859260659,3603.662436550519,8989.00010285028,441.95386837509835,300.6690781151176,-8.081590952002671e-13,unvalidated-engineering-priors,fixed independent scenario factor; no N cycle,2015-04-23,2015-05-29,2015-05-29,full_ripeness,BBCH89_full_ripeness,2014-10-12,seed_layer_available_water,50.0
23,ag_075_044,fallow,2015,2015-06-11,2015-06-14,601375.5459775862,0.0,1.96787031114809e-14,0.0,0.0,0.0,1.0,0.0,0.0,0.0,0.7150619425035443,0.0,0.0,0.0,0.0,0.0,0.0006613880594551049,0.0,0.0,0.7150619425035443,0.0,0.0,300.6690781151176,299.9533547845546,-1.9206858326015208e-14,unvalidated-engineering-priors,fixed independent scenario factor; no N cycle,,,,right_censored,BBCH89_full_ripeness,,,
23,ag_075_044,maize,2015,2015-06-15,2015-10-05,601375.5459775862,0.0,1.616484723854228e-13,3.097966327914037e-12,0.0,0.0,0.03354275471250856,348.90000000000003,0.0,0.0,16.932634747148747,177.6443834435397,72.75630587958427,0.0,0.0,0.0,0.018872200049087993,0.0,0.0,267.33332407027274,8816.343005165476,17509.608483652228,299.9533547845546,381.50115851423243,3.8123670886847094e-13,unvalidated-engineering-priors,fixed independent scenario factor; no N cycle,2015-08-20,,2015-10-05,cut_before_maturity,R6_physiological_maturity,2015-06-24,seed_layer_available_water,50.0
23,ag_075_044,fallow,2015,2015-10-06,2015-10-11,601375.5459775862,0.0,9.325873406851315e-14,0.0,0.0,0.0,1.0,12.94,0.0,0.0,16.736473339375728,0.0,0.0,0.0,0.0,0.0,0.0007152407868670184,0.0,0.0,16.736473339375728,0.0,0.0,381.50115851423243,377.70396993406996,-1.2523315717771766e-13,unvalidated-engineering-priors,fixed independent scenario factor; no N cycle,,,,right_censored,BBCH89_full_ripeness,,,
23,ag_075_044,wheat,2016,2015-10-12,2016-06-10,601375.5459775862,0.0,2.6545432518787493e-13,1.1688428003253648e-12,0.0,0.0,0.04267140235271844,248.93,0.0,0.0,195.7499834465322,89.85147511945361,18.9533106759726,0.0,0.0,0.0,0.06469089587630894,0.0,0.0,304.5547692419584,1344.0159804712384,4628.680975001751,377.70396993406996,322.0145097962362,-9.719169913324777e-13,unvalidated-engineering-priors,fixed independent scenario factor; no N cycle,2016-04-21,2016-05-29,2016-05-29,full_ripeness,BBCH89_full_ripeness,2015-10-12,seed_layer_available_water,50.0
23,ag_075_044,fallow,2016,2016-06-11,2016-06-14,601375.5459775862,0.0,9.636735853746359e-14,0.0,0.0,0.0,1.0,10.25,0.0,0.0,11.300216024568211,0.0,0.0,0.0,0.0,0.0,0.00027954489928074975,0.0,0.0,11.300216024568211,0.0,0.0,322.0145097962362,320.9640142267686,1.2301271112846734e-13,unvalidated-engineering-priors,fixed independent scenario factor; no N cycle,,,,right_censored,BBCH89_full_ripeness,,,
23,ag_075_044,maize,2016,2016-06-15,2016-10-05,601375.5459775862,0.0,5.151434834260726e-13,1.9326762412674725e-12,0.0,0.0,0.03354275471250856,413.79,0.0,0.0,19.83118563983231,206.97475022767776,81.15263009335557,0.0,0.0,0.0,0.07982011080564097,0.0,0.0,307.95856596086566,8506.275193102287,16217.20217615624,320.9640142267686,426.71562815509714,1.7244539129990244e-13,unvalidated-engineering-priors,fixed independent scenario factor; no N cycle,2016-08-09,2016-09-21,2016-09-21,physiological_maturity,R6_physiological_maturity,2016-06-15,seed_layer_available_water,50.0
23,ag_075_044,fallow,2016,2016-10-06,2016-10-11,601375.5459775862,0.0,9.459100169806334e-14,0.0,0.0,0.0,1.0,1.41,0.0,0.0,14.016725963381084,0.0,0.0,0.0,0.0,0.0,0.0029242224727195902,0.0,0.0,14.016725963381084,0.0,0.0,426.71562815509714,414.1059779692432,1.1857181902996672e-13,unvalidated-engineering-priors,fixed independent scenario factor; no N cycle,,,,right_censored,BBCH89_full_ripeness,,,
23,ag_075_044,wheat,2017,2016-10-12,2017-06-10,601375.5459775862,0.0,2.1049828546892968e-13,2.0605739337042905e-12,0.0,0.0,0.04267140235271844,244.75,0.0,0.0,214.39462507337313,121.27987154663602,28.148119473028178,0.0,0.0,0.0,0.3303276408226229,0.0,0.0,363.8226160930373,2639.38040778784,7287.066277168098,414.1059779692432,294.70303423538417,-8.985312494047548e-13,unvalidated-engineering-priors,fixed independent scenario factor; no N cycle,2017-04-19,2017-05-29,2017-05-29,full_ripeness,BBCH89_full_ripeness,2016-10-12,seed_layer_available_water,50.0
23,ag_075_044,fallow,2017,2017-06-11,2017-06-14,601375.5459775862,0.0,8.915090887740007e-14,0.0,0.0,0.0,1.0,1.92,0.0,0.0,4.275372798478579,0.0,0.0,0.0,0.0,0.0,0.00029377593351334575,0.0,0.0,4.275372798478579,0.0,0.0,294.70303423538417,292.347367660972,7.649436639667329e-14,unvalidated-engineering-priors,fixed independent scenario factor; no N cycle,,,,right_censored,BBCH89_full_ripeness,,,
23,ag_075_044,maize,2017,2017-06-15,2017-10-05,601375.5459775862,0.0,4.0945025148175773e-13,2.9842794901924208e-12,0.0,0.0,0.03354275471250856,444.59000000000003,0.0,0.0,18.944642012346637,157.59862511193091,87.7390360471038,0.0,0.0,0.0,0.046173059424817704,0.0,0.0,264.28230317138133,7722.231093537491,15757.44428398622,292.347367660972,472.60889143016703,-1.188729670253963e-12,unvalidated-engineering-priors,fixed independent scenario factor; no N cycle,2017-08-16,2017-10-01,2017-10-01,physiological_maturity,R6_physiological_maturity,2017-06-22,seed_layer_available_water,50.0
23,ag_075_044,fallow,2017,2017-10-06,2017-10-11,601375.5459775862,0.0,1.3500311979441904e-13,0.0,0.0,0.0,1.0,14.01,0.0,0.0,8.516992299999998,0.0,0.0,0.0,0.0,0.0,0.0077027984290602754,0.0,0.0,8.516992299999998,0.0,0.0,472.60889143016703,478.0941963317376,3.9757086511826856e-13,unvalidated-engineering-priors,fixed independent scenario factor; no N cycle,,,,right_censored,BBCH89_full_ripeness,,,
23,ag_075_044,wheat,2018,2017-10-12,2018-06-10,601375.5459775862,0.0,1.829647544582258e-13,2.398081733190338e-12,0.0,0.0,0.04267140235271844,244.27,0.0,0.0,216.12520413315946,136.7396389612246,28.628823336997318,0.0,0.0,0.0,1.167778002396501,0.0,0.0,381.49366643138137,3347.82341352648,8488.693544088015,478.0941963317376,339.7027518979599,-2.177147351289932e-13,unvalidated-engineering-priors,fixed independent scenario factor; no N cycle,2018-04-19,2018-05-27,2018-05-27,full_ripeness,BBCH89_full_ripeness,2017-10-12,seed_layer_available_water,50.0
23,ag_075_044,fallow,2018,2018-06-11,2018-06-14,601375.5459775862,0.0,6.572520305780927e-14,0.0,0.0,0.0,1.0,3.96,0.0,0.0,8.968580488179596,0.0,0.0,0.0,0.0,0.0,0.001395155857763781,0.0,0.0,8.968580488179596,0.0,0.0,339.7027518979599,334.6927762539225,5.084821452783217e-14,unvalidated-engineering-priors,fixed independent scenario factor; no N cycle,,,,right_censored,BBCH89_full_ripeness,,,
23,ag_075_044,maize,2018,2018-06-15,2018-10-05,601375.5459775862,0.0,4.689582056016661e-13,3.0411229090532288e-12,0.0,0.0,0.03354275471250856,453.75,0.0,0.0,20.047482405118107,212.1907564963406,72.37428353476805,0.0,0.0,0.0,0.38029156892624083,0.0,0.0,304.61252243622675,8165.575667699726,15684.031765737236,334.6927762539225,483.4499622487715,-2.0230206398963446e-12,unvalidated-engineering-priors,fixed independent scenario factor; no N cycle,2018-08-13,2018-09-27,2018-09-27,physiological_maturity,R6_physiological_maturity,2018-06-19,seed_layer_available_water,50.0
23,ag_075_044,fallow,2018,2018-10-06,2018-10-11,601375.5459775862,0.0,7.682743330406083e-14,0.0,0.0,0.0,1.0,0.18,0.0,0.0,18.18278937039087,0.0,0.0,0.0,0.0,0.0,0.04032127284204886,0.0,0.0,18.18278937039087,0.0,0.0,483.4499622487715,465.40685160553863,-5.684341886080802e-14,unvalidated-engineering-priors,fixed independent scenario factor; no N cycle,,,,right_censored,BBCH89_full_ripeness,,,
23,ag_075_044,wheat,2019,2018-10-12,2019-06-10,601375.5459775862,0.0,1.5154544286133387e-13,2.2808421817899216e-12,0.0,0.0,0.04267140235271844,110.49,0.0,0.0,118.05892021193856,136.72263199705057,22.362834093602675,0.0,0.0,0.0,2.180315224648017,0.0,0.0,277.1443863025918,3163.4869231562657,8132.9675945618455,465.40685160553863,296.5721500782993,-4.597988656485086e-13,unvalidated-engineering-priors,fixed independent scenario factor; no N cycle,2019-04-21,2019-05-31,2019-05-31,full_ripeness,BBCH89_full_ripeness,2018-10-12,seed_layer_available_water,50.0
23,ag_075_044,fallow,2019,2019-06-11,2019-06-14,601375.5459775862,0.0,7.155387393709134e-14,0.0,0.0,0.0,1.0,0.01,0.0,0.0,1.5339406248799112,0.0,0.0,0.0,0.0,0.0,0.0007288786383591012,0.0,0.0,1.5339406248799112,0.0,0.0,296.5721500782993,295.0474805747811,-1.0169642905566434e-13,unvalidated-engineering-priors,fixed independent scenario factor; no N cycle,,,,right_censored,BBCH89_full_ripeness,,,
23,ag_075_044,maize,2019,2019-06-15,2019-10-05,601375.5459775862,0.0,1.7219559111936178e-13,1.1084466677857563e-12,0.0,0.0,0.03354275471250856,260.46,0.0,0.0,32.70355717241398,72.0217588093909,27.251540710830607,0.0,0.0,0.0,0.017473624229827955,0.0,0.0,131.9768566926355,3309.2355801199647,6585.880860853709,295.0474805747811,423.51315025791536,4.3125919502173815e-13,unvalidated-engineering-priors,fixed independent scenario factor; no N cycle,2019-08-16,2019-09-30,2019-09-30,physiological_maturity,R6_physiological_maturity,2019-06-21,seed_layer_available_water,50.0
23,ag_075_044,fallow,2019,2019-10-06,2019-10-11,601375.5459775862,0.0,1.4921397450962104e-13,0.0,0.0,0.0,1.0,21.72,0.0,0.0,11.690174449999997,0.0,0.0,0.0,0.0,0.0,0.0011752259479828925,0.0,0.0,11.690174449999997,0.0,0.0,423.51315025791536,433.54180058196744,-6.128431095930864e-14,unvalidated-engineering-priors,fixed independent scenario factor; no N cycle,,,,right_censored,BBCH89_full_ripeness,,,
23,ag_075_044,wheat,2020,2019-10-12,2020-06-10,601375.5459775862,0.0,2.389199948993337e-13,1.5916157281026244e-12,0.0,0.0,0.04267140235271844,159.19,0.0,0.0,154.16531019388273,127.97249180128217,27.885942640017735,0.0,0.0,0.0,0.18563706312099376,0.0,0.0,310.02374463518265,2444.8926039682824,7380.430248499502,433.54180058196744,282.52241888366416,-3.5965674882731946e-13,unvalidated-engineering-priors,fixed independent scenario factor; no N cycle,2020-04-17,2020-05-28,2020-05-28,full_ripeness,BBCH89_full_ripeness,2019-10-12,seed_layer_available_water,50.0
23,ag_075_044,fallow,2020,2020-06-11,2020-06-14,601375.5459775862,0.0,5.1514348342607263e-14,0.0,0.0,0.0,1.0,22.19,0.0,0.0,13.508579713825437,0.0,0.0,0.0,0.0,0.0,0.00023251871712892682,0.0,0.0,13.508579713825437,0.0,0.0,282.52241888366416,291.20360665112156,3.108624468950438e-14,unvalidated-engineering-priors,fixed independent scenario factor; no N cycle,,,,right_censored,BBCH89_full_ripeness,,,
23,ag_075_044,maize,2020,2020-06-15,2020-10-05,601375.5459775862,0.0,4.880540416252188e-13,2.3874235921539366e-12,0.0,0.0,0.03354275471250856,380.78,0.0,0.0,19.236272338744055,200.2297190567432,67.08240286007545,0.0,0.0,0.0,0.09795518256740568,0.0,0.0,286.5483942555627,8242.481423039813,15782.128938871687,291.20360665112156,385.3372572129915,-5.10702591327572e-14,unvalidated-engineering-priors,fixed independent scenario factor; no N cycle,2020-08-12,2020-09-24,2020-09-24,physiological_maturity,R6_physiological_maturity,2020-06-17,seed_layer_available_water,50.0
23,ag_075_044,fallow,2020,2020-10-06,2020-10-11,601375.5459775862,0.0,1.1080025785759062e-13,0.0,0.0,0.0,1.0,1.23,0.0,0.0,8.621218110481937,0.0,0.0,0.0,0.0,0.0,0.0022437051656100113,0.0,0.0,8.621218110481937,0.0,0.0,385.3372572129915,377.9437953973439,9.403589018575076e-14,unvalidated-engineering-priors,fixed independent scenario factor; no N cycle,,,,right_censored,BBCH89_full_ripeness,,,
23,ag_075_044,wheat,2021,2020-10-12,2021-06-10,601375.5459775862,0.0,1.7275070263167436e-13,1.4210854715202004e-12,0.0,0.0,0.04267140235271844,177.97,0.0,0.0,145.3010922774903,103.8813079611999,24.90626029288022,0.0,0.0,0.0,0.09971925204525113,0.0,0.0,274.08866053157044,1722.4788870706282,5835.91258360613,377.9437953973439,281.7254156137278,3.836098105836072e-13,unvalidated-engineering-priors,fixed independent scenario factor; no N cycle,2021-04-16,2021-05-26,2021-05-26,full_ripeness,BBCH89_full_ripeness,2020-10-12,seed_layer_available_water,50.0
23,ag_075_044,fallow,2021,2021-06-11,2021-06-14,601375.5459775862,0.0,1.438849039914203e-13,0.0,0.0,0.0,1.0,31.15,0.0,0.0,4.391029627191567,0.0,0.0,0.0,0.0,0.0,0.0002050395804308567,0.0,0.0,4.391029627191567,0.0,0.0,281.7254156137278,308.48418094695603,-2.0779211684640586e-13,unvalidated-engineering-priors,fixed independent scenario factor; no N cycle,,,,right_censored,BBCH89_full_ripeness,,,
23,ag_075_044,maize,2021,2021-06-15,2021-10-05,601375.5459775862,0.0,8.526512829121202e-13,2.8421709430404007e-12,0.0,0.0,0.03354275471250856,840.06,0.0,0.0,21.882043452802712,155.82264351045848,72.52407594643083,0.0,0.0,0.0,165.03006176671695,0.0,0.0,250.22876290969202,6951.434119613486,13672.300814267544,308.48418094695603,733.2853562705495,-2.4836244172377064e-12,unvalidated-engineering-priors,fixed independent scenario factor; no N cycle,2021-08-09,2021-09-23,2021-09-23,physiological_maturity,R6_physiological_maturity,2021-06-15,seed_layer_available_water,50.0
23,ag_075_044,fallow,2021,2021-10-06,2021-10-11,601375.5459775862,0.0,1.1546319456101628e-13,0.0,0.0,0.0,1.0,20.35,0.0,0.0,10.546109099999999,0.0,0.0,0.0,0.0,0.0,30.418898067591094,0.0,0.0,10.546109099999999,0.0,0.0,733.2853562705495,712.6703491029584,1.1102230246251565e-14,unvalidated-engineering-priors,fixed independent scenario factor; no N cycle,,,,right_censored,BBCH89_full_ripeness,,,
23,ag_075_044,wheat,2022,2021-10-12,2022-06-10,601375.5459775862,0.0,2.531308496145357e-13,3.076650045841234e-12,0.0,0.0,0.04267140235271844,108.95,0.0,0.0,156.09954448264122,228.3099629318924,37.87634449487911,0.0,0.0,0.0,105.51857347578304,0.0,0.0,422.2858519094127,5477.958832115073,14459.868687946426,712.6703491029584,293.81592371776304,-3.552852456678579e-13,unvalidated-engineering-priors,fixed independent scenario factor; no N cycle,2022-04-18,2022-05-30,2022-05-30,full_ripeness,BBCH89_full_ripeness,2021-10-12,seed_layer_available_water,50.0
23,ag_075_044,fallow,2022,2022-06-11,2022-06-14,601375.5459775862,0.0,9.614531393253856e-14,0.0,0.0,0.0,1.0,0.78,0.0,0.0,1.2366583461456058,0.0,0.0,0.0,0.0,0.0,0.0007089177063589074,0.0,0.0,1.2366583461456058,0.0,0.0,293.81592371776304,293.358556453911,9.875433804040767e-14,unvalidated-engineering-priors,fixed independent scenario factor; no N cycle,,,,right_censored,BBCH89_full_ripeness,,,
23,ag_075_044,maize,2022,2022-06-15,2022-10-05,601375.5459775862,0.0,5.409006575973763e-13,2.6716406864579767e-12,0.0,0.0,0.03354275471250856,409.42,0.0,0.0,20.135664720217832,212.65183442054976,48.36543805601786,0.0,0.0,0.0,0.5555357507990902,0.0,0.0,281.15293719678544,8129.808552888608,15214.782535125134,293.358556453911,421.0700835063269,-4.663179564712294e-13,unvalidated-engineering-priors,fixed independent scenario factor; no N cycle,2022-08-19,2022-10-03,2022-10-03,physiological_maturity,R6_physiological_maturity,2022-06-24,seed_layer_available_water,50.0
23,ag_075_044,fallow,2022,2022-10-06,2022-10-11,601375.5459775862,0.0,9.14823772291129e-14,0.0,0.0,0.0,1.0,0.32,0.0,0.0,15.631485028108079,0.0,0.0,0.0,0.0,0.0,0.003385211023874262,0.0,0.0,15.631485028108079,0.0,0.0,421.0700835063269,405.75521326719485,1.092459456231154e-13,unvalidated-engineering-priors,fixed independent scenario factor; no N cycle,,,,right_censored,BBCH89_full_ripeness,,,
23,ag_075_044,wheat,2023,2022-10-12,2023-06-10,601375.5459775862,0.0,1.438849039914203e-13,1.2434497875801753e-12,0.0,0.0,0.04267140235271844,251.04999999999998,0.0,0.0,205.07117709669905,116.84809609349458,19.011321121025613,0.0,0.0,0.0,0.16226398921693047,0.0,0.0,340.93059431121924,3203.7503930916796,7317.336344139296,405.75521326719485,315.7123549667601,-1.3906098494942398e-12,unvalidated-engineering-priors,fixed independent scenario factor; no N cycle,2023-04-15,2023-05-26,2023-05-26,full_ripeness,BBCH89_full_ripeness,2022-10-12,seed_layer_available_water,50.0
23,ag_075_044,fallow,2023,2023-06-11,2023-06-14,601375.5459775862,0.0,8.171241461241152e-14,0.0,0.0,0.0,1.0,2.07,0.0,0.0,3.051623734140356,0.0,0.0,0.0,0.0,0.0,0.0004228132919480214,0.0,0.0,3.051623734140356,0.0,0.0,315.7123549667601,314.73030841932774,2.8754776337791554e-14,unvalidated-engineering-priors,fixed independent scenario factor; no N cycle,,,,right_censored,BBCH89_full_ripeness,,,
23,ag_075_044,maize,2023,2023-06-15,2023-10-05,601375.5459775862,0.0,5.804245972740318e-13,3.637978807091713e-12,0.0,0.0,0.03354275471250856,472.86,0.0,0.0,18.120289740130403,183.91188714339012,82.15986012888771,0.0,0.0,0.0,0.11134710958913259,0.0,0.0,284.19203701240826,8368.655349643916,16681.9982371477,314.73030841932774,503.2869242973295,8.511108484654528e-13,unvalidated-engineering-priors,fixed independent scenario factor; no N cycle,2023-08-13,2023-09-25,2023-09-25,physiological_maturity,R6_physiological_maturity,2023-06-18,seed_layer_available_water,50.0
23,ag_075_044,fallow,2023,2023-10-06,2023-10-11,601375.5459775862,0.0,8.970602038971265e-14,0.0,0.0,0.0,1.0,0.25,0.0,0.0,16.184715296543082,0.0,0.0,0.0,0.0,0.0,0.04165908831308063,0.0,0.0,16.184715296543082,0.0,0.0,503.2869242973295,487.3105499124735,-1.63202784619898e-13,unvalidated-engineering-priors,fixed independent scenario factor; no N cycle,,,,right_censored,BBCH89_full_ripeness,,,
23,ag_075_044,wheat,2024,2023-10-12,2024-06-10,601375.5459775862,0.0,1.9173551635276453e-13,2.1884716261411086e-12,0.0,0.0,0.04267140235271844,160.54,0.0,0.0,155.30885743300598,173.0065958170789,25.385814503168877,0.0,0.0,0.0,3.1370604678821055,0.0,0.0,353.7012677532538,3651.8690386273233,9703.493195365028,487.3105499124735,291.012221691337,6.258604745568164e-13,unvalidated-engineering-priors,fixed independent scenario factor; no N cycle,2024-04-19,2024-05-29,2024-05-29,full_ripeness,BBCH89_full_ripeness,2023-10-12,seed_layer_available_water,50.0
23,ag_075_044,fallow,2024,2024-06-11,2024-06-14,601375.5459775862,0.0,9.414691248821327e-14,0.0,0.0,0.0,1.0,4.9399999999999995,0.0,0.0,4.509420922594625,0.0,0.0,0.0,0.0,0.0,0.0005627675245431565,0.0,0.0,4.509420922594625,0.0,0.0,291.012221691337,291.4422380012178,4.7656323332034844e-14,unvalidated-engineering-priors,fixed independent scenario factor; no N cycle,,,,right_censored,BBCH89_full_ripeness,,,
23,ag_075_044,maize,2024,2024-06-15,2024-10-05,601375.5459775862,0.0,5.400124791776761e-13,2.2737367544323206e-12,0.0,0.0,0.03354275471250856,531.34,0.0,0.0,19.711432220955434,201.65364113234025,97.43046992911844,0.0,0.0,0.0,1.3297361271836334,0.0,0.0,318.79554328241414,7903.076054090005,15637.070706690625,291.4422380012178,502.6569585916195,4.918010443333287e-13,unvalidated-engineering-priors,fixed independent scenario factor; no N cycle,2024-08-10,2024-09-20,2024-09-20,physiological_maturity,R6_physiological_maturity,2024-06-17,seed_layer_available_water,50.0
23,ag_075_044,fallow,2024,2024-10-06,2024-10-11,601375.5459775862,0.0,6.572520305780927e-14,0.0,0.0,0.0,1.0,2.91,0.0,0.0,16.639302613299236,0.0,0.0,0.0,0.0,0.0,0.0585733856464831,0.0,0.0,16.639302613299236,0.0,0.0,502.6569585916195,488.8690825926739,-1.2279066652354231e-13,unvalidated-engineering-priors,fixed independent scenario factor; no N cycle,,,,right_censored,BBCH89_full_ripeness,,,
23,ag_075_044,wheat,2025,2024-10-12,2025-06-10,601375.5459775862,0.0,1.9451107391432743e-13,2.5366375666635577e-12,0.0,0.0,0.04267140235271844,184.34,0.0,0.0,167.62240506125625,185.3183792485133,25.217033778775225,0.0,0.0,0.0,3.863792487897373,0.0,0.0,378.1578180885448,3734.2688951801956,10014.72532037575,488.8690825926739,291.1874720162323,-5.177802631095574e-13,unvalidated-engineering-priors,fixed independent scenario factor; no N cycle,2025-04-17,2025-05-27,2025-05-27,full_ripeness,BBCH89_full_ripeness,2024-10-12,seed_layer_available_water,50.0
23,ag_075_044,fallow,2025,2025-06-11,2025-06-14,601375.5459775862,0.0,1.4432899320127035e-13,0.0,0.0,0.0,1.0,1.4700000000000002,0.0,0.0,0.9108498022413847,0.0,0.0,0.0,0.0,0.0,0.0006115983618929974,0.0,0.0,0.9108498022413847,0.0,0.0,291.1874720162323,291.74601061562885,1.5230872119076366e-13,unvalidated-engineering-priors,fixed independent scenario factor; no N cycle,,,,right_censored,BBCH89_full_ripeness,,,
23,ag_075_044,maize,2025,2025-06-15,2025-10-05,601375.5459775862,0.0,7.003286839335487e-13,3.637978807091713e-12,0.0,0.0,0.03354275471250856,629.51,0.0,0.0,18.60675777508392,167.4456047115672,88.78823127263615,0.0,0.0,0.0,0.9311693221208028,0.0,0.0,274.8405937592873,7694.1274298517355,15936.598417370831,291.74601061562885,645.4842475342222,-1.3816031652069682e-12,unvalidated-engineering-priors,fixed independent scenario factor; no N cycle,2025-08-12,2025-09-28,2025-09-28,physiological_maturity,R6_physiological_maturity,2025-06-19,seed_layer_available_water,50.0
23,ag_075_044,fallow,1996,1996-01-01,1996-10-11,601375.5459775862,0.25,2.2537527399890678e-13,0.0,0.0,0.0,1.0,754.98,0.0,0.0,552.3186758139509,0.0,0.0,0.0,0.0,0.0,82.18796312053631,0.0,0.0,552.3186758139509,0.0,0.0,486.589374113015,607.0627351785278,7.505107646466058e-14,unvalidated-engineering-priors,fixed independent scenario factor; no N cycle,,,,right_censored,BBCH89_full_ripeness,,,
23,ag_075_044,wheat,1997,1996-10-12,1997-06-10,601375.5459775862,0.25,6.572520305780927e-13,5.4285465012071654e-12,0.0,0.0,0.04267140235271844,202.71,75.0,0.0,211.73472555469468,240.75233260729127,36.13793124898137,0.0,0.0,0.0,52.25310411125901,75.0,0.0,488.6249894109673,8596.401560730792,19034.261966492755,607.0627351785278,343.8946416563041,-2.6603719227580314e-12,unvalidated-engineering-priors,fixed independent scenario factor; no N cycle,1997-04-27,1997-06-03,1997-06-03,full_ripeness,BBCH89_full_ripeness,1996-10-12,seed_layer_available_water,50.0
23,ag_075_044,fallow,1997,1997-06-11,1997-06-14,601375.5459775862,0.25,6.616929226765933e-14,0.0,0.0,0.0,1.0,2.9899999999999998,0.0,0.0,3.257013850522255,0.0,0.0,0.0,0.0,0.0,0.003799539972077246,0.0,0.0,3.257013850522255,0.0,0.0,343.8946416563041,343.62382826580966,9.242606680004428e-14,unvalidated-engineering-priors,fixed independent scenario factor; no N cycle,,,,right_censored,BBCH89_full_ripeness,,,
23,ag_075_044,maize,1997,1997-06-15,1997-10-05,601375.5459775862,0.25,2.0961010704922955e-13,3.097966327914037e-12,0.0,0.0,0.03354275471250856,224.66,20.0,0.0,23.407151575637254,172.19847028296928,63.44960260649213,0.0,0.0,0.0,0.05498284654152471,20.0,0.0,259.05522446509866,8690.621244363547,17201.78432470252,343.62382826580966,329.17362095417025,-7.537304114180188e-13,unvalidated-engineering-priors,fixed independent scenario factor; no N cycle,1997-08-11,1997-09-29,1997-09-29,physiological_maturity,R6_physiological_maturity,1997-06-16,seed_layer_available_water,50.0
23,ag_075_044,fallow,1997,1997-10-06,1997-10-11,601375.5459775862,0.25,6.128431095930864e-14,0.0,0.0,0.0,1.0,0.0,0.0,0.0,11.72982707057905,0.0,0.0,0.0,0.0,0.0,0.00015894495667943904,0.0,0.0,11.72982707057905,0.0,0.0,329.17362095417025,317.44363493863455,-2.842170943040401e-14,unvalidated-engineering-priors,fixed independent scenario factor; no N cycle,,,,right_censored,BBCH89_full_ripeness,,,
23,ag_075_044,wheat,1998,1997-10-12,1998-06-10,601375.5459775862,0.25,1.7852386235972517e-13,3.083755473198835e-12,0.0,0.0,0.04267140235271844,393.03,75.0,0.0,288.0102392025749,99.92656354170607,42.18030738993381,0.0,0.0,0.0,0.0066342249040555875,75.0,0.0,430.1171101342148,4279.265945090765,9797.049115541104,317.44363493863455,355.34989057951685,-1.1384226894506355e-12,unvalidated-engineering-priors,fixed independent scenario factor; no N cycle,1998-04-26,1998-06-03,1998-06-03,full_ripeness,BBCH89_full_ripeness,1997-10-13,seed_layer_available_water,50.0
23,ag_075_044,fallow,1998,1998-06-11,1998-06-14,601375.5459775862,0.25,1.6342482922482304e-13,0.0,0.0,0.0,1.0,39.29,0.0,0.0,12.483029301419563,0.0,0.0,0.0,0.0,0.0,0.00016039994203163183,0.0,0.0,12.483029301419563,0.0,0.0,355.34989057951685,382.15670087815516,9.370282327836321e-14,unvalidated-engineering-priors,fixed independent scenario factor; no N cycle,,,,right_censored,BBCH89_full_ripeness,,,
23,ag_075_044,maize,1998,1998-06-15,1998-10-05,601375.5459775862,0.25,8.029132914089132e-13,5.6843418860808015e-12,0.0,0.0,0.03354275471250856,598.98,20.0,0.0,18.68003342151487,209.0147060815607,112.16477772428003,0.0,0.0,0.0,92.54427917491401,20.0,0.0,339.8595172273556,9094.219101204746,17691.83599864461,382.15670087815516,568.7329044758868,-1.2774226121337051e-12,unvalidated-engineering-priors,fixed independent scenario factor; no N cycle,1998-08-09,1998-09-20,1998-09-20,physiological_maturity,R6_physiological_maturity,1998-06-15,seed_layer_available_water,50.0
23,ag_075_044,fallow,1998,1998-10-06,1998-10-11,601375.5459775862,0.25,6.039613253960852e-14,0.0,0.0,0.0,1.0,0.56,0.0,0.0,14.139968941640374,0.0,0.0,0.0,0.0,0.0,1.9119362482897089,0.0,0.0,14.139968941640374,0.0,0.0,568.7329044758868,553.2409992859567,1.1324274851176597e-14,unvalidated-engineering-priors,fixed independent scenario factor; no N cycle,,,,right_censored,BBCH89_full_ripeness,,,
23,ag_075_044,wheat,1999,1998-10-12,1999-06-10,601375.5459775862,0.25,2.7922109069322687e-13,3.637978807091713e-12,0.0,0.0,0.04267140235271844,210.58,75.0,0.0,190.60592913277253,211.9214393281951,42.50325964591019,0.0,0.0,0.0,25.022991560438502,75.0,0.0,445.0306281068778,6907.678814466738,16149.10836527235,553.2409992859567,368.7673796186413,-9.008904733320833e-13,unvalidated-engineering-priors,fixed independent scenario factor; no N cycle,1999-04-21,1999-05-28,1999-05-28,full_ripeness,BBCH89_full_ripeness,1998-10-12,seed_layer_available_water,50.0
23,ag_075_044,fallow,1999,1999-06-11,1999-06-14,601375.5459775862,0.25,1.1268763699945339e-13,0.0,0.0,0.0,1.0,1.57,0.0,0.0,2.7734308466544584,0.0,0.0,0.0,0.0,0.0,0.006432105521198075,0.0,0.0,2.7734308466544584,0.0,0.0,368.7673796186413,367.5575166664655,1.4077627952246985e-13,unvalidated-engineering-priors,fixed independent scenario factor; no N cycle,,,,right_censored,BBCH89_full_ripeness,,,
23,ag_075_044,maize,1999,1999-06-15,1999-10-05,601375.5459775862,0.25,6.088463067044358e-13,4.263256414560601e-12,0.0,0.0,0.03354275471250856,475.67,20.0,0.0,18.417026254496275,243.74725721825723,88.166326398193,0.0,0.0,0.0,1.6577857148766522,20.0,0.0,350.3306098709465,10047.091586382667,19724.909548525033,367.5575166664655,511.2391210806448,-2.4231172623956354e-12,unvalidated-engineering-priors,fixed independent scenario factor; no N cycle,1999-08-12,1999-09-26,1999-09-26,physiological_maturity,R6_physiological_maturity,1999-06-16,seed_layer_available_water,50.0
23,ag_075_044,fallow,1999,1999-10-06,1999-10-11,601375.5459775862,0.25,1.1235457009206584e-13,0.0,0.0,0.0,1.0,6.74,0.0,0.0,14.299601500000001,0.0,0.0,0.0,0.0,0.0,0.038030915732704305,0.0,0.0,14.299601500000001,0.0,0.0,511.2391210806448,503.6414886649121,-2.9531932455029164e-14,unvalidated-engineering-priors,fixed independent scenario factor; no N cycle,,,,right_censored,BBCH89_full_ripeness,,,
23,ag_075_044,wheat,2000,1999-10-12,2000-06-10,601375.5459775862,0.25,2.460254222569347e-13,1.8900436771218665e-12,0.0,0.0,0.04267140235271844,156.28,75.0,0.0,207.69907530890396,190.04870851074725,30.912861608065544,0.0,0.0,0.0,4.427985451955984,75.0,0.0,428.66064542771676,4467.8497325023745,11308.800461295987,503.6414886649121,301.83285778524044,-1.058736431858165e-12,unvalidated-engineering-priors,fixed independent scenario factor; no N cycle,2000-04-23,2000-05-31,2000-05-31,full_ripeness,BBCH89_full_ripeness,1999-10-12,seed_layer_available_water,50.0
23,ag_075_044,fallow,2000,2000-06-11,2000-06-14,601375.5459775862,0.25,9.14823772291129e-14,0.0,0.0,0.0,1.0,6.2700000000000005,0.0,0.0,6.722012647881401,0.0,0.0,0.0,0.0,0.0,0.0007654283091917478,0.0,0.0,6.722012647881401,0.0,0.0,301.83285778524044,301.38007970904994,-9.43689570931383e-14,unvalidated-engineering-priors,fixed independent scenario factor; no N cycle,,,,right_censored,BBCH89_full_ripeness,,,
23,ag_075_044,maize,2000,2000-06-15,2000-10-05,601375.5459775862,0.25,1.1151080059335072e-12,1.8758328224066645e-12,0.0,0.0,0.03354275471250856,746.61,20.0,0.0,20.750132609237326,157.87810511037085,84.21713705366462,0.0,0.0,0.0,146.68878333030247,20.0,0.0,262.8453747732728,7268.341725424136,14603.12997745355,301.38007970904994,658.4559216054806,-5.972777827878417e-12,unvalidated-engineering-priors,fixed independent scenario factor; no N cycle,2000-08-10,2000-09-23,2000-09-23,physiological_maturity,R6_physiological_maturity,2000-06-16,seed_layer_available_water,50.0
23,ag_075_044,fallow,2000,2000-10-06,2000-10-11,601375.5459775862,0.25,2.078337502098293e-13,0.0,0.0,0.0,1.0,40.85,0.0,0.0,12.280764199999998,0.0,0.0,0.0,0.0,0.0,7.476841524553339,0.0,0.0,12.280764199999998,0.0,0.0,658.4559216054806,679.548315880927,2.6556534749033744e-13,unvalidated-engineering-priors,fixed independent scenario factor; no N cycle,,,,right_censored,BBCH89_full_ripeness,,,
23,ag_075_044,wheat,2001,2000-10-12,2001-06-10,601375.5459775862,0.25,3.623767952376511e-13,4.686029342337861e-12,0.0,0.0,0.04267140235271844,151.93,75.0,0.0,234.38393354379622,248.6187035017328,20.590282473867237,0.0,0.0,0.0,98.10098040300986,75.0,0.0,503.5929195193963,6840.770538845468,16583.304599989504,679.548315880927,304.7844159585199,1.0013934126362756e-12,unvalidated-engineering-priors,fixed independent scenario factor; no N cycle,2001-04-25,2001-06-04,2001-06-04,full_ripeness,BBCH89_full_ripeness,2000-10-12,seed_layer_available_water,50.0
23,ag_075_044,fallow,2001,2001-06-11,2001-06-14,601375.5459775862,0.25,6.045164369083977e-14,0.0,0.0,0.0,1.0,0.67,0.0,0.0,1.1042492179742265,0.0,0.0,0.0,0.0,0.0,0.0010228700412403587,0.0,0.0,1.1042492179742265,0.0,0.0,304.7844159585199,304.34914387050446,-2.892130979148533e-14,unvalidated-engineering-priors,fixed independent scenario factor; no N cycle,,,,right_censored,BBCH89_full_ripeness,,,
23,ag_075_044,maize,2001,2001-06-15,2001-10-05,601375.5459775862,0.25,9.237055564881302e-13,4.632738637155853e-12,0.0,0.0,0.03354275471250856,452.56,20.0,0.0,16.968466693869413,247.26439946636452,84.23375111407599,0.0,0.0,0.0,3.5752538711246427,20.0,0.0,348.4666172743099,9832.210124074205,19458.685313394926,304.34914387050446,424.8672727250649,5.042855022452386e-12,unvalidated-engineering-priors,fixed independent scenario factor; no N cycle,2001-08-11,2001-09-25,2001-09-25,physiological_maturity,R6_physiological_maturity,2001-06-16,seed_layer_available_water,50.0
23,ag_075_044,fallow,2001,2001-10-06,2001-10-11,601375.5459775862,0.25,6.616929226765933e-14,0.0,0.0,0.0,1.0,3.56,0.0,0.0,11.556571072650822,0.0,0.0,0.0,0.0,0.0,0.03784371179524154,0.0,0.0,11.556571072650822,0.0,0.0,424.8672727250649,416.83285794061885,-3.6415315207705135e-14,unvalidated-engineering-priors,fixed independent scenario factor; no N cycle,,,,right_censored,BBCH89_full_ripeness,,,
23,ag_075_044,wheat,2002,2001-10-12,2002-06-10,601375.5459775862,0.25,1.8252066524837574e-13,1.6626700016786344e-12,0.0,0.0,0.04267140235271844,274.8,75.0,0.0,226.90190101306095,133.76652539897444,33.97898746023711,0.0,0.0,0.0,1.1300030818889293,75.0,0.0,394.6474138722725,3854.6767640940134,9256.303642859944,416.83285794061885,370.85544098645687,5.467293284766583e-13,unvalidated-engineering-priors,fixed independent scenario factor; no N cycle,2002-04-15,2002-05-28,2002-05-28,full_ripeness,BBCH89_full_ripeness,2001-10-12,seed_layer_available_water,50.0
23,ag_075_044,fallow,2002,2002-06-11,2002-06-14,601375.5459775862,0.25,9.059419880941277e-14,0.0,0.0,0.0,1.0,1.25,0.0,0.0,15.398415837257712,0.0,0.0,0.0,0.0,0.0,0.0011757088419380832,0.0,0.0,15.398415837257712,0.0,0.0,370.85544098645687,356.7058494403571,1.199040866595169e-13,unvalidated-engineering-priors,fixed independent scenario factor; no N cycle,,,,right_censored,BBCH89_full_ripeness,,,
23,ag_075_044,maize,2002,2002-06-15,2002-10-05,601375.5459775862,0.25,2.7133850721838826e-13,4.746425474877469e-12,0.0,0.0,0.03354275471250856,283.73,20.0,0.0,20.541014640087873,202.53892223090037,87.10518973270203,0.0,0.0,0.0,0.028765675011473396,20.0,0.0,310.18512660369026,9660.862718179922,18699.79051403378,356.7058494403571,350.2219571616567,-1.3351542094142133e-12,unvalidated-engineering-priors,fixed independent scenario factor; no N cycle,2002-08-12,2002-09-29,2002-09-29,physiological_maturity,R6_physiological_maturity,2002-06-16,seed_layer_available_water,50.0
23,ag_075_044,fallow,2002,2002-10-06,2002-10-11,601375.5459775862,0.25,5.417888360170764e-14,0.0,0.0,0.0,1.0,0.0,0.0,0.0,12.126354786643113,0.0,0.0,0.0,0.0,0.0,0.0002528330201304228,0.0,0.0,12.126354786643113,0.0,0.0,350.2219571616567,338.09534954199347,-2.398081733190338e-14,unvalidated-engineering-priors,fixed independent scenario factor; no N cycle,,,,right_censored,BBCH89_full_ripeness,,,
23,ag_075_044,wheat,2003,2002-10-12,2003-06-10,601375.5459775862,0.25,2.460254222569347e-13,1.6555645743210334e-12,0.0,0.0,0.04267140235271844,280.31,75.0,0.0,242.2924870812072,111.92633350510353,28.611422232816878,0.0,0.0,0.0,0.012581280784023647,75.0,0.0,382.8302428191276,3928.794015092938,8816.55276134501,338.09534954199347,310.5625254420815,3.4322544806286714e-13,unvalidated-engineering-priors,fixed independent scenario factor; no N cycle,2003-04-29,2003-06-06,2003-06-06,full_ripeness,BBCH89_full_ripeness,2002-10-13,seed_layer_available_water,50.0
23,ag_075_044,fallow,2003,2003-06-11,2003-06-14,601375.5459775862,0.25,4.973799150320701e-14,0.0,0.0,0.0,1.0,0.44,0.0,0.0,7.596987746729943,0.0,0.0,0.0,0.0,0.0,0.00011060959549186456,0.0,0.0,7.596987746729943,0.0,0.0,310.5625254420815,303.405427085756,5.551115123125783e-14,unvalidated-engineering-priors,fixed independent scenario factor; no N cycle,,,,right_censored,BBCH89_full_ripeness,,,
23,ag_075_044,maize,2003,2003-06-15,2003-10-05,601375.5459775862,0.25,1.0267342531733448e-12,2.7853275241795927e-12,0.0,0.0,0.03354275471250856,647.95,20.0,0.0,19.061896157069267,122.55377197945904,101.04445097610552,0.0,0.0,0.0,48.69463082981267,20.0,0.0,242.66011911263385,7456.068237196685,14185.530977203935,303.405427085756,680.000677143304,5.5480620098080635e-12,unvalidated-engineering-priors,fixed independent scenario factor; no N cycle,2003-08-12,2003-10-02,2003-10-02,physiological_maturity,R6_physiological_maturity,2003-06-16,seed_layer_available_water,50.0
23,ag_075_044,fallow,2003,2003-10-06,2003-10-11,601375.5459775862,0.25,1.0880185641326534e-13,0.0,0.0,0.0,1.0,75.55,0.0,0.0,11.587539099999997,0.0,0.0,0.0,0.0,0.0,9.389346517872633,0.0,0.0,11.587539099999997,0.0,0.0,680.000677143304,734.5737915254315,-1.6475709685437323e-13,unvalidated-engineering-priors,fixed independent scenario factor; no N cycle,,,,right_censored,BBCH89_full_ripeness,,,
23,ag_075_044,wheat,2004,2003-10-12,2004-06-10,601375.5459775862,0.25,3.526068326209497e-13,4.803268893738277e-12,0.0,0.0,0.04267140235271844,183.91,75.0,0.0,240.27155782829908,249.80402531800226,41.18030734248381,0.0,0.0,0.0,133.5019985686941,75.0,0.0,531.2558904887851,8320.08182075957,18934.812380259194,734.5737915254315,328.7259024679516,6.715739075957572e-13,unvalidated-engineering-priors,fixed independent scenario factor; no N cycle,2004-04-19,2004-05-27,2004-05-27,full_ripeness,BBCH89_full_ripeness,2003-10-12,seed_layer_available_water,50.0
23,ag_075_044,fallow,2004,2004-06-11,2004-06-14,601375.5459775862,0.25,9.947598300641403e-14,0.0,0.0,0.0,1.0,8.89,0.0,0.0,2.713144407860635,0.0,0.0,0.0,0.0,0.0,0.0016548452225784026,0.0,0.0,2.713144407860635,0.0,0.0,328.7259024679516,334.90110321486844,-7.09432512735475e-14,unvalidated-engineering-priors,fixed independent scenario factor; no N cycle,,,,right_censored,BBCH89_full_ripeness,,,
23,ag_075_044,maize,2004,2004-06-15,2004-10-05,601375.5459775862,0.25,9.472422846101836e-13,4.234834705130197e-12,0.0,0.0,0.03354275471250856,611.76,20.0,0.0,16.854950962260137,191.29343218914192,110.23180960737926,0.0,0.0,0.0,40.91437491979532,20.0,0.0,318.38019275878133,9937.014617663284,18395.604251763223,334.90110321486844,607.3665355362862,5.642875056111052e-12,unvalidated-engineering-priors,fixed independent scenario factor; no N cycle,2004-08-11,2004-09-28,2004-09-28,physiological_maturity,R6_physiological_maturity,2004-06-15,seed_layer_available_water,50.0
23,ag_075_044,fallow,2004,2004-10-06,2004-10-11,601375.5459775862,0.25,1.6830981053317373e-13,0.0,0.0,0.0,1.0,0.06,0.0,0.0,18.510710984182747,0.0,0.0,0.0,0.0,0.0,2.0014086066000085,0.0,0.0,18.510710984182747,0.0,0.0,607.3665355362862,586.9144159455036,-1.9806378759312793e-13,unvalidated-engineering-priors,fixed independent scenario factor; no N cycle,,,,right_censored,BBCH89_full_ripeness,,,
23,ag_075_044,wheat,2005,2004-10-12,2005-06-10,601375.5459775862,0.25,3.9390712913700554e-13,2.9558577807620168e-12,0.0,0.0,0.04267140235271844,193.4,75.0,0.0,201.69896273220343,232.81419214954082,37.56728293732735,0.0,0.0,0.0,34.62201457113952,75.0,0.0,472.08043781907156,7094.440875117272,16039.117449985388,586.9144159455036,348.6119635552923,2.2259971643734389e-13,unvalidated-engineering-priors,fixed independent scenario factor; no N cycle,2005-04-29,2005-06-07,2005-06-07,full_ripeness,BBCH89_full_ripeness,2004-10-12,seed_layer_available_water,50.0
23,ag_075_044,fallow,2005,2005-06-11,2005-06-14,601375.5459775862,0.25,2.220446049250313e-14,0.0,0.0,0.0,1.0,0.16,0.0,0.0,14.263244220142214,0.0,0.0,0.0,0.0,0.0,0.0013170633547974994,0.0,0.0,14.263244220142214,0.0,0.0,348.6119635552923,334.50740227179523,3.730349362740526e-14,unvalidated-engineering-priors,fixed independent scenario factor; no N cycle,,,,right_censored,BBCH89_full_ripeness,,,
23,ag_075_044,maize,2005,2005-06-15,2005-10-05,601375.5459775862,0.25,1.1577405700791132e-12,1.8474111129762605e-12,0.0,0.0,0.03354275471250856,701.95,20.0,0.0,20.17520393054496,163.94658847397338,102.15347735189391,0.0,0.0,0.0,46.77357826099846,20.0,0.0,286.27526975641223,8336.862761054506,16331.393781161707,334.50740227179523,723.4085542543855,-1.0115797088872114e-12,unvalidated-engineering-priors,fixed independent scenario factor; no N cycle,2005-08-10,2005-09-28,2005-09-28,physiological_maturity,R6_physiological_maturity,2005-06-16,seed_layer_available_water,50.0
23,ag_075_044,fallow,2005,2005-10-06,2005-10-11,601375.5459775862,0.25,2.113864638886298e-13,0.0,0.0,0.0,1.0,5.15,0.0,0.0,17.5653828,0.0,0.0,0.0,0.0,0.0,25.88668982077129,0.0,0.0,17.5653828,0.0,0.0,723.4085542543855,685.1064816336144,-1.6342482922482304e-13,unvalidated-engineering-priors,fixed independent scenario factor; no N cycle,,,,right_censored,BBCH89_full_ripeness,,,
23,ag_075_044,wheat,2006,2005-10-12,2006-06-10,601375.5459775862,0.25,2.90878432451791e-13,4.035882739117369e-12,0.0,0.0,0.04267140235271844,149.82,75.0,0.0,193.67578255129743,255.8210585646993,43.614448133590585,0.0,0.0,0.0,93.73695409708259,75.0,0.0,493.11128924958734,8165.445765154401,18632.026582870894,685.1064816336144,323.0782382869437,7.890355036010988e-13,unvalidated-engineering-priors,fixed independent scenario factor; no N cycle,2006-04-25,2006-06-03,2006-06-03,full_ripeness,BBCH89_full_ripeness,2005-10-12,seed_layer_available_water,50.0
23,ag_075_044,fallow,2006,2006-06-11,2006-06-14,601375.5459775862,0.25,1.159627949220976e-13,0.0,0.0,0.0,1.0,24.130000000000003,0.0,0.0,11.587194159830151,0.0,0.0,0.0,0.0,0.0,0.001690154584132705,0.0,0.0,11.587194159830151,0.0,0.0,323.0782382869437,335.6193539725294,3.6887159993170826e-14,unvalidated-engineering-priors,fixed independent scenario factor; no N cycle,,,,right_censored,BBCH89_full_ripeness,,,
23,ag_075_044,maize,2006,2006-06-15,2006-10-05,601375.5459775862,0.25,6.226130722097878e-13,2.3874235921539366e-12,0.0,0.0,0.03354275471250856,357.46999999999997,20.0,0.0,21.099979751222385,194.88454768784496,75.88332167756565,0.0,0.0,0.0,0.06300283092573915,20.0,0.0,291.86784911663295,8683.516909701206,16380.363683013942,335.6193539725294,421.1585020249705,1.4133139103478243e-13,unvalidated-engineering-priors,fixed independent scenario factor; no N cycle,2006-08-09,2006-09-24,2006-09-24,physiological_maturity,R6_physiological_maturity,2006-06-15,seed_layer_available_water,50.0
23,ag_075_044,fallow,2006,2006-10-06,2006-10-11,601375.5459775862,0.25,1.0347278589506459e-13,0.0,0.0,0.0,1.0,0.0,0.0,0.0,16.879213696445344,0.0,0.0,0.0,0.0,0.0,0.002723691821415284,0.0,0.0,16.879213696445344,0.0,0.0,421.1585020249705,404.2765646367037,4.5075054799781356e-14,unvalidated-engineering-priors,fixed independent scenario factor; no N cycle,,,,right_censored,BBCH89_full_ripeness,,,
23,ag_075_044,wheat,2007,2006-10-12,2007-06-10,601375.5459775862,0.25,2.4302782009044677e-13,2.5650592760939617e-12,0.0,0.0,0.04267140235271844,216.17,75.0,0.0,204.40213555144024,178.57860226870767,24.408109023139637,0.0,0.0,0.0,0.21518651211511647,75.0,0.0,407.3888468432875,3633.144175555126,11127.558652376047,404.2765646367037,287.84253128130155,-4.764522110178859e-13,unvalidated-engineering-priors,fixed independent scenario factor; no N cycle,2007-04-22,2007-06-01,2007-06-01,full_ripeness,BBCH89_full_ripeness,2006-10-12,seed_layer_available_water,50.0
23,ag_075_044,fallow,2007,2007-06-11,2007-06-14,601375.5459775862,0.25,7.538414337204813e-14,0.0,0.0,0.0,1.0,1.29,0.0,0.0,2.204933823280577,0.0,0.0,0.0,0.0,0.0,0.00014229232923144056,0.0,0.0,2.204933823280577,0.0,0.0,287.84253128130155,286.92745516569187,-1.2928547121759948e-13,unvalidated-engineering-priors,fixed independent scenario factor; no N cycle,,,,right_censored,BBCH89_full_ripeness,,,
23,ag_075_044,maize,2007,2007-06-15,2007-10-05,601375.5459775862,0.25,5.491163079796024e-13,3.979039320256561e-12,0.0,0.0,0.03354275471250856,480.89,20.0,0.0,17.481238978216474,198.54466638507944,88.35529234630677,0.0,0.0,0.0,1.2030511991026356,20.0,0.0,304.3811977096027,9171.391364054438,17481.365403956464,286.92745516569187,482.2332062569838,2.7269297930843095e-12,unvalidated-engineering-priors,fixed independent scenario factor; no N cycle,2007-08-12,2007-09-26,2007-09-26,physiological_maturity,R6_physiological_maturity,2007-06-16,seed_layer_available_water,50.0
23,ag_075_044,fallow,2007,2007-10-06,2007-10-11,601375.5459775862,0.25,5.284661597215745e-14,0.0,0.0,0.0,1.0,1.84,0.0,0.0,14.23181010063289,0.0,0.0,0.0,0.0,0.0,0.06808844097011478,0.0,0.0,14.23181010063289,0.0,0.0,482.2332062569838,469.7733077153807,7.66053886991358e-14,unvalidated-engineering-priors,fixed independent scenario factor; no N cycle,,,,right_censored,BBCH89_full_ripeness,,,
23,ag_075_044,wheat,2008,2007-10-12,2008-06-10,601375.5459775862,0.25,1.7930101847696278e-13,2.8421709430404007e-12,0.0,0.0,0.04267140235271844,222.59,75.0,0.0,207.61010343077768,182.06328946700188,37.99269262093394,0.0,0.0,0.0,2.824681119891505,75.0,0.0,427.6660855187135,5946.795077156986,13747.373888752874,469.7733077153807,336.8725410767769,-1.1748380046583407e-12,unvalidated-engineering-priors,fixed independent scenario factor; no N cycle,2008-04-24,2008-06-02,2008-06-02,full_ripeness,BBCH89_full_ripeness,2007-10-12,seed_layer_available_water,50.0
23,ag_075_044,fallow,2008,2008-06-11,2008-06-14,601375.5459775862,0.25,8.715250743307479e-14,0.0,0.0,0.0,1.0,2.49,0.0,0.0,4.555383905344051,0.0,0.0,0.0,0.0,0.0,0.0015219989359992366,0.0,0.0,4.555383905344051,0.0,0.0,336.8725410767769,334.80563517249686,-3.0309088572266774e-14,unvalidated-engineering-priors,fixed independent scenario factor; no N cycle,,,,right_censored,BBCH89_full_ripeness,,,
23,ag_075_044,maize,2008,2008-06-15,2008-10-05,601375.5459775862,0.25,6.434852650727407e-13,3.751665644813329e-12,0.0,0.0,0.03354275471250856,406.68,20.0,0.0,18.720292842738164,188.28803917284642,90.55708142099351,0.0,0.0,0.0,0.321819554475735,20.0,0.0,297.5654134365781,8903.884808765768,16706.081357359748,334.80563517249686,463.59840218144353,-5.084266341270904e-13,unvalidated-engineering-priors,fixed independent scenario factor; no N cycle,2008-08-11,2008-09-24,2008-09-24,physiological_maturity,R6_physiological_maturity,2008-06-16,seed_layer_available_water,50.0
23,ag_075_044,fallow,2008,2008-10-06,2008-10-11,601375.5459775862,0.25,1.5143442055887135e-13,0.0,0.0,0.0,1.0,1.07,0.0,0.0,15.653632606751588,0.0,0.0,0.0,0.0,0.0,0.01578374451498548,0.0,0.0,15.653632606751588,0.0,0.0,463.59840218144353,448.9989858301767,2.517985819849855e-13,unvalidated-engineering-priors,fixed independent scenario factor; no N cycle,,,,right_censored,BBCH89_full_ripeness,,,
23,ag_075_044,wheat,2009,2008-10-12,2009-06-10,601375.5459775862,0.25,1.949551631241775e-13,2.6361135496699717e-12,0.0,0.0,0.04267140235271844,273.08,75.0,0.0,225.41796617448733,153.41923954306245,21.797003906872106,0.0,0.0,0.0,1.0248090757134352,75.0,0.0,400.6342096244219,4282.57776383563,10288.364063289428,448.9989858301767,395.41996713004124,1.3569700918480976e-13,unvalidated-engineering-priors,fixed independent scenario factor; no N cycle,2009-04-22,2009-05-29,2009-05-29,full_ripeness,BBCH89_full_ripeness,2008-10-12,seed_layer_available_water,50.0
23,ag_075_044,fallow,2009,2009-06-11,2009-06-14,601375.5459775862,0.25,7.549516567451064e-14,0.0,0.0,0.0,1.0,6.72,0.0,0.0,18.986202680313397,0.0,0.0,0.0,0.0,0.0,0.0010433968276345055,0.0,0.0,18.986202680313397,0.0,0.0,395.41996713004124,383.1527210529001,9.192646643896296e-14,unvalidated-engineering-priors,fixed independent scenario factor; no N cycle,,,,right_censored,BBCH89_full_ripeness,,,
23,ag_075_044,maize,2009,2009-06-15,2009-10-05,601375.5459775862,0.25,6.874500968478969e-13,5.6061821851471905e-12,0.0,0.0,0.03354275471250856,380.83,20.0,0.0,16.597419034634463,211.664603950227,98.70676530039265,0.0,0.0,0.0,0.10889140674873808,20.0,0.0,326.9687882852541,9276.447730283307,19112.43637838128,383.1527210529001,456.90504136089663,6.621370118864434e-13,unvalidated-engineering-priors,fixed independent scenario factor; no N cycle,2009-08-10,2009-09-29,2009-09-29,physiological_maturity,R6_physiological_maturity,2009-06-15,seed_layer_available_water,50.0
23,ag_075_044,fallow,2009,2009-10-06,2009-10-11,601375.5459775862,0.25,5.040412531798211e-14,0.0,0.0,0.0,1.0,2.47,0.0,0.0,14.929423704713916,0.0,0.0,0.0,0.0,0.0,0.01181288993174703,0.0,0.0,14.929423704713916,0.0,0.0,456.90504136089663,444.433804766251,-3.086420008457935e-14,unvalidated-engineering-priors,fixed independent scenario factor; no N cycle,,,,right_censored,BBCH89_full_ripeness,,,
23,ag_075_044,wheat,2010,2009-10-12,2010-06-10,601375.5459775862,0.25,2.036149027162537e-13,1.9397816686250735e-12,0.0,0.0,0.04267140235271844,170.49,75.0,0.0,197.30736999640365,160.7764377881091,28.103964051015993,0.0,0.0,0.0,1.0080087592563434,75.0,0.0,386.18777183552874,3609.262876729528,9598.924746675031,444.433804766251,302.7280241714654,5.172806627484761e-13,unvalidated-engineering-priors,fixed independent scenario factor; no N cycle,2010-05-04,2010-06-10,2010-06-10,full_ripeness,BBCH89_full_ripeness,2009-10-12,seed_layer_available_water,50.0
23,ag_075_044,fallow,2010,2010-06-11,2010-06-14,601375.5459775862,0.25,5.10702591327572e-14,0.0,0.0,0.0,1.0,0.0,0.0,0.0,4.458736992816128,0.0,0.0,0.0,0.0,0.0,0.0005599791714490446,0.0,0.0,4.458736992816128,0.0,0.0,302.7280241714654,298.26872719947784,-2.19824158875781e-14,unvalidated-engineering-priors,fixed independent scenario factor; no N cycle,,,,right_censored,BBCH89_full_ripeness,,,
23,ag_075_044,maize,2010,2010-06-15,2010-10-05,601375.5459775862,0.25,1.0231815394945443e-12,2.5437429940211587e-12,0.0,0.0,0.03354275471250856,551.36,20.0,0.0,22.925272829497878,154.2119853078685,85.4101339360225,0.0,0.0,0.0,13.727881888950845,20.0,0.0,262.5473920733889,7360.46847697309,14664.047132001386,298.26872719947784,593.3534532371378,2.7622348852673895e-13,unvalidated-engineering-priors,fixed independent scenario factor; no N cycle,2010-08-10,2010-09-26,2010-09-26,physiological_maturity,R6_physiological_maturity,2010-06-16,seed_layer_available_water,50.0
23,ag_075_044,fallow,2010,2010-10-06,2010-10-11,601375.5459775862,0.25,9.414691248821327e-14,0.0,0.0,0.0,1.0,0.18,0.0,0.0,19.05733785686063,0.0,0.0,0.0,0.0,0.0,2.4729528450999085,0.0,0.0,19.05733785686063,0.0,0.0,593.3534532371378,572.0031625351774,-4.929390229335695e-14,unvalidated-engineering-priors,fixed independent scenario factor; no N cycle,,,,right_censored,BBCH89_full_ripeness,,,
23,ag_075_044,wheat,2011,2010-10-12,2011-06-10,601375.5459775862,0.25,3.2174263253637037e-13,2.7924329515371937e-12,0.0,0.0,0.04267140235271844,108.71,75.0,0.0,158.10035335005756,225.51139043853155,18.699894230158787,0.0,0.0,0.0,30.01878115213751,75.0,0.0,402.3116380187479,5512.216772586967,12672.800251531437,572.0031625351774,323.3827433642919,4.957145804951324e-14,unvalidated-engineering-priors,fixed independent scenario factor; no N cycle,2011-04-25,2011-06-02,2011-06-02,full_ripeness,BBCH89_full_ripeness,2010-10-12,seed_layer_available_water,50.0
23,ag_075_044,fallow,2011,2011-06-11,2011-06-14,601375.5459775862,0.25,3.5083047578154947e-14,0.0,0.0,0.0,1.0,1.57,0.0,0.0,1.9714408894040538,0.0,0.0,0.0,0.0,0.0,0.0012759898710432795,0.0,0.0,1.9714408894040538,0.0,0.0,323.3827433642919,322.98002648501677,4.9682480351975755e-14,unvalidated-engineering-priors,fixed independent scenario factor; no N cycle,,,,right_censored,BBCH89_full_ripeness,,,
23,ag_075_044,maize,2011,2011-06-15,2011-10-05,601375.5459775862,0.25,7.664979762012081e-13,2.5011104298755527e-12,0.0,0.0,0.03354275471250856,494.21,20.0,0.0,20.50191040678386,159.32535466217243,80.46369364620305,0.0,0.0,0.0,1.042564091871952,20.0,0.0,260.2909587151593,8320.165122234943,15689.244091407963,322.98002648501677,575.8565036779834,2.1042612097232904e-12,unvalidated-engineering-priors,fixed independent scenario factor; no N cycle,2011-08-11,2011-10-04,2011-10-04,physiological_maturity,R6_physiological_maturity,2011-06-16,seed_layer_available_water,50.0
23,ag_075_044,fallow,2011,2011-10-06,2011-10-11,601375.5459775862,0.25,9.947598300641403e-14,0.0,0.0,0.0,1.0,11.709999999999999,0.0,0.0,16.6122346,0.0,0.0,0.0,0.0,0.0,0.6419774871535296,0.0,0.0,16.6122346,0.0,0.0,575.8565036779834,570.3122915908301,-2.7355895326763857e-13,unvalidated-engineering-priors,fixed independent scenario factor; no N cycle,,,,right_censored,BBCH89_full_ripeness,,,
23,ag_075_044,wheat,2012,2011-10-12,2012-06-10,601375.5459775862,0.25,3.588240815588506e-13,3.467448550509289e-12,0.0,0.0,0.04267140235271844,190.03,75.0,0.0,223.75290637642982,228.92878366532418,26.74899415030055,0.0,0.0,0.0,29.26490189431347,75.0,0.0,479.4306841920545,7307.741853287152,16865.39732376062,570.3122915908301,326.6467055044607,1.3825052214144762e-12,unvalidated-engineering-priors,fixed independent scenario factor; no N cycle,2012-04-28,2012-06-04,2012-06-04,full_ripeness,BBCH89_full_ripeness,2011-10-12,seed_layer_available_water,50.0
23,ag_075_044,fallow,2012,2012-06-11,2012-06-14,601375.5459775862,0.25,6.766809335090329e-14,0.0,0.0,0.0,1.0,0.0,0.0,0.0,1.130156431507947,0.0,0.0,0.0,0.0,0.0,0.0027775671073089403,0.0,0.0,1.130156431507947,0.0,0.0,326.6467055044607,325.51377150584534,1.2945200467129325e-13,unvalidated-engineering-priors,fixed independent scenario factor; no N cycle,,,,right_censored,BBCH89_full_ripeness,,,
23,ag_075_044,maize,2012,2012-06-15,2012-10-05,601375.5459775862,0.25,6.73683331342545e-13,2.3874235921539366e-12,0.0,0.0,0.03354275471250856,418.76,20.0,0.0,21.123019355037748,196.55612563012753,72.34973291404603,0.0,0.0,0.0,0.7656517149008728,20.0,0.0,290.0288778992113,8394.798108708488,15984.213427274044,325.51377150584534,473.47924189173096,2.2041812819395545e-12,unvalidated-engineering-priors,fixed independent scenario factor; no N cycle,2012-08-10,2012-09-26,2012-09-26,physiological_maturity,R6_physiological_maturity,2012-06-16,seed_layer_available_water,50.0
23,ag_075_044,fallow,2012,2012-10-06,2012-10-11,601375.5459775862,0.25,1.212363542890671e-13,0.0,0.0,0.0,1.0,0.01,0.0,0.0,16.22453672227862,0.0,0.0,0.0,0.0,0.0,0.04626924194672906,0.0,0.0,16.22453672227862,0.0,0.0,473.47924189173096,457.2184359275058,-2.0827783941967937e-13,unvalidated-engineering-priors,fixed independent scenario factor; no N cycle,,,,right_censored,BBCH89_full_ripeness,,,
23,ag_075_044,wheat,2013,2012-10-12,2013-06-10,601375.5459775862,0.25,1.687538997430238e-13,2.1458390619955026e-12,0.0,0.0,0.04267140235271844,192.56,75.0,0.0,202.0997937114763,152.31586365832806,25.259980031148316,0.0,0.0,0.0,2.169590104829176,75.0,0.0,379.67563740095267,3674.7194360443777,9100.719684937656,457.2184359275058,342.93320842172284,1.1456668946863147e-12,unvalidated-engineering-priors,fixed independent scenario factor; no N cycle,2013-04-29,2013-06-08,2013-06-08,full_ripeness,BBCH89_full_ripeness,2012-10-12,seed_layer_available_water,50.0
23,ag_075_044,fallow,2013,2013-06-11,2013-06-14,601375.5459775862,0.25,4.629630012686903e-14,0.0,0.0,0.0,1.0,0.0,0.0,0.0,7.903270679708999,0.0,0.0,0.0,0.0,0.0,0.0009830537070658824,0.0,0.0,7.903270679708999,0.0,0.0,342.93320842172284,335.0289546883068,-9.658940314238862e-15,unvalidated-engineering-priors,fixed independent scenario factor; no N cycle,,,,right_censored,BBCH89_full_ripeness,,,
23,ag_075_044,maize,2013,2013-06-15,2013-10-05,601375.5459775862,0.25,3.788080960021034e-13,3.637978807091713e-12,0.0,0.0,0.03354275471250856,252.91,20.0,0.0,21.514087321303226,230.32986370435447,52.975671630444324,0.0,0.0,0.0,0.05227480128084377,20.0,0.0,304.819622656102,8240.073677429107,16736.302654854608,335.0289546883068,303.06705723092443,-5.105915690251095e-13,unvalidated-engineering-priors,fixed independent scenario factor; no N cycle,2013-08-10,2013-09-21,2013-09-21,physiological_maturity,R6_physiological_maturity,2013-06-16,seed_layer_available_water,50.0
23,ag_075_044,fallow,2013,2013-10-06,2013-10-11,601375.5459775862,0.25,7.560618797697316e-14,0.0,0.0,0.0,1.0,0.0,0.0,0.0,5.362050058142783,0.0,0.0,0.0,0.0,0.0,0.00025872897137130653,0.0,0.0,5.362050058142783,0.0,0.0,303.06705723092443,297.7047484438102,6.161737786669619e-14,unvalidated-engineering-priors,fixed independent scenario factor; no N cycle,,,,right_censored,BBCH89_full_ripeness,,,
23,ag_075_044,wheat,2014,2013-10-12,2014-06-10,601375.5459775862,0.25,2.3447910280083306e-13,6.927791673660977e-14,0.0,0.0,0.04267140235271844,163.85,75.0,0.0,226.97640270354708,8.514046118795747,2.079880320814519,0.0,0.0,0.0,0.010462950926562438,75.0,0.0,237.57032914315735,202.39208025097648,510.13649488330407,297.7047484438102,298.9739563497264,-8.92758089676704e-14,unvalidated-engineering-priors,fixed independent scenario factor; no N cycle,2014-04-17,2014-05-27,2014-05-27,full_ripeness,BBCH89_full_ripeness,2013-10-13,seed_layer_available_water,50.0
23,ag_075_044,fallow,2014,2014-06-11,2014-06-14,601375.5459775862,0.25,6.183942247162122e-14,0.0,0.0,0.0,1.0,0.53,0.0,0.0,1.2940132981907608,0.0,0.0,0.0,0.0,0.0,0.00016758034363059405,0.0,0.0,1.2940132981907608,0.0,0.0,298.9739563497264,298.20977547119196,4.091171845743702e-14,unvalidated-engineering-priors,fixed independent scenario factor; no N cycle,,,,right_censored,BBCH89_full_ripeness,,,
23,ag_075_044,maize,2014,2014-06-15,2014-10-05,601375.5459775862,0.25,2.1938006966593093e-13,2.3874235921539366e-12,0.0,0.0,0.03354275471250856,365.33,20.0,0.0,21.868278736792448,131.675209415426,72.38864587826272,0.0,0.0,0.0,0.0062522355877227265,20.0,0.0,225.93213403048117,6850.758086209608,14612.49658658795,298.20977547119196,457.60138920512253,5.55056001161347e-13,unvalidated-engineering-priors,fixed independent scenario factor; no N cycle,2014-08-12,2014-09-28,2014-09-28,physiological_maturity,R6_physiological_maturity,2014-06-16,seed_layer_available_water,50.0
23,ag_075_044,fallow,2014,2014-10-06,2014-10-11,601375.5459775862,0.25,6.084022174945858e-14,0.0,0.0,0.0,1.0,0.03,0.0,0.0,18.004371812137656,0.0,0.0,0.0,0.0,0.0,0.0036464635328402988,0.0,0.0,18.004371812137656,0.0,0.0,457.60138920512253,439.62337092945205,-1.865174681370263e-14,unvalidated-engineering-priors,fixed independent scenario factor; no N cycle,,,,right_censored,BBCH89_full_ripeness,,,
23,ag_075_044,wheat,2015,2014-10-12,2015-06-10,601375.5459775862,0.25,2.3092638912203256e-13,3.055333763768431e-12,0.0,0.0,0.04267140235271844,182.41,75.0,0.0,189.88004712665403,164.01067456557337,41.286959634938505,0.0,0.0,0.0,0.5401797102069568,75.0,0.0,395.17768132716594,5291.365718987643,12361.59701193169,439.62337092945205,301.31550989207864,5.399292124508293e-13,unvalidated-engineering-priors,fixed independent scenario factor; no N cycle,2015-04-23,2015-05-29,2015-05-29,full_ripeness,BBCH89_full_ripeness,2014-10-12,seed_layer_available_water,50.0
23,ag_075_044,fallow,2015,2015-06-11,2015-06-14,601375.5459775862,0.25,4.06064071256651e-14,0.0,0.0,0.0,1.0,0.0,0.0,0.0,1.0237832785353238,0.0,0.0,0.0,0.0,0.0,0.00041347953771905555,0.0,0.0,1.0237832785353238,0.0,0.0,301.31550989207864,300.2913131340056,1.7486012637846216e-14,unvalidated-engineering-priors,fixed independent scenario factor; no N cycle,,,,right_censored,BBCH89_full_ripeness,,,
23,ag_075_044,maize,2015,2015-06-15,2015-10-05,601375.5459775862,0.25,1.865174681370263e-13,3.296918293926865e-12,0.0,0.0,0.03354275471250856,348.90000000000003,20.0,0.0,20.124770904225414,180.86834888710993,75.13930840587243,0.0,0.0,0.0,0.01716665206385362,20.0,0.0,276.1324281972078,8649.397689771808,16517.852985744816,300.2913131340056,393.04171828473454,-5.902500710419645e-13,unvalidated-engineering-priors,fixed independent scenario factor; no N cycle,2015-08-12,2015-09-27,2015-09-27,physiological_maturity,R6_physiological_maturity,2015-06-16,seed_layer_available_water,50.0
23,ag_075_044,fallow,2015,2015-10-06,2015-10-11,601375.5459775862,0.25,9.592326932761353e-14,0.0,0.0,0.0,1.0,12.94,0.0,0.0,17.011545229655844,0.0,0.0,0.0,0.0,0.0,0.0011110288759141956,0.0,0.0,17.011545229655844,0.0,0.0,393.04171828473454,388.9690620262028,5.773159728050814e-15,unvalidated-engineering-priors,fixed independent scenario factor; no N cycle,,,,right_censored,BBCH89_full_ripeness,,,
23,ag_075_044,wheat,2016,2015-10-12,2016-06-10,601375.5459775862,0.25,2.5662805214210493e-13,1.3287149158713873e-12,0.0,0.0,0.04267140235271844,248.93,75.0,0.0,244.34542811416335,121.21005479084133,22.284164623416498,0.0,0.0,0.0,0.11220150375598861,75.0,0.0,387.83964752842115,2677.5098580214894,7171.024800345713,388.9690620262028,324.9472129940267,-1.0874079414691096e-12,unvalidated-engineering-priors,fixed independent scenario factor; no N cycle,2016-04-21,2016-05-29,2016-05-29,full_ripeness,BBCH89_full_ripeness,2015-10-12,seed_layer_available_water,50.0
23,ag_075_044,fallow,2016,2016-06-11,2016-06-14,601375.5459775862,0.25,8.704148513061227e-14,0.0,0.0,0.0,1.0,10.25,0.0,0.0,11.729691744851982,0.0,0.0,0.0,0.0,0.0,0.00021355819721650293,0.0,0.0,11.729691744851982,0.0,0.0,324.9472129940267,323.4673076909775,-1.9539925233402755e-14,unvalidated-engineering-priors,fixed independent scenario factor; no N cycle,,,,right_censored,BBCH89_full_ripeness,,,
23,ag_075_044,maize,2016,2016-06-15,2016-10-05,601375.5459775862,0.25,5.924150059399835e-13,2.5295321393059567e-12,0.0,0.0,0.03354275471250856,413.79,20.0,0.0,21.58606761201387,216.4215712715377,82.63935809615437,0.0,0.0,0.0,0.15856872400704503,20.0,0.0,320.64699697970593,8703.907752293502,16582.9965112536,323.4673076909775,436.4517419872626,1.931454995940385e-12,unvalidated-engineering-priors,fixed independent scenario factor; no N cycle,2016-08-09,2016-09-21,2016-09-21,physiological_maturity,R6_physiological_maturity,2016-06-15,seed_layer_available_water,50.0
23,ag_075_044,fallow,2016,2016-10-06,2016-10-11,601375.5459775862,0.25,1.412203687323199e-13,0.0,0.0,0.0,1.0,1.41,0.0,0.0,14.07979714403255,0.0,0.0,0.0,0.0,0.0,0.005116889512019895,0.0,0.0,14.07979714403255,0.0,0.0,436.4517419872626,423.7768279537181,-7.349676423018536e-14,unvalidated-engineering-priors,fixed independent scenario factor; no N cycle,,,,right_censored,BBCH89_full_ripeness,,,
23,ag_075_044,wheat,2017,2016-10-12,2017-06-10,601375.5459775862,0.25,2.370326157574709e-13,2.1103119252074976e-12,0.0,0.0,0.04267140235271844,244.75,75.0,0.0,244.98360670895227,166.6478824094372,32.53534460720699,0.0,0.0,0.0,0.6304863681990787,75.0,0.0,444.1668337255964,4569.479800462906,11107.336881533403,423.7768279537181,298.72950785992236,2.401967513776526e-13,unvalidated-engineering-priors,fixed independent scenario factor; no N cycle,2017-04-19,2017-05-29,2017-05-29,full_ripeness,BBCH89_full_ripeness,2016-10-12,seed_layer_available_water,50.0
23,ag_075_044,fallow,2017,2017-06-11,2017-06-14,601375.5459775862,0.25,4.04121180963557e-14,0.0,0.0,0.0,1.0,1.92,0.0,0.0,4.526046324766086,0.0,0.0,0.0,0.0,0.0,0.0002548022723861575,0.0,0.0,4.526046324766086,0.0,0.0,298.72950785992236,296.1232067328839,5.662137425588298e-15,unvalidated-engineering-priors,fixed independent scenario factor; no N cycle,,,,right_censored,BBCH89_full_ripeness,,,
23,ag_075_044,maize,2017,2017-06-15,2017-10-05,601375.5459775862,0.25,4.560796185160143e-13,1.8758328224066645e-12,0.0,0.0,0.03354275471250856,444.59000000000003,20.0,0.0,20.174211108848397,168.184401523321,94.35141421594712,0.0,0.0,0.0,0.049725336568745455,20.0,0.0,282.7100268481165,7896.995311858788,16377.620063877912,296.1232067328839,477.95345454819835,2.9465319073551655e-13,unvalidated-engineering-priors,fixed independent scenario factor; no N cycle,2017-08-11,2017-09-24,2017-09-24,physiological_maturity,R6_physiological_maturity,2017-06-16,seed_layer_available_water,50.0
23,ag_075_044,fallow,2017,2017-10-06,2017-10-11,601375.5459775862,0.25,1.5942802633617248e-13,0.0,0.0,0.0,1.0,14.01,0.0,0.0,8.516992299999998,0.0,0.0,0.0,0.0,0.0,0.009484092133661795,0.0,0.0,8.516992299999998,0.0,0.0,477.95345454819835,483.4369781560648,-1.191269305422793e-13,unvalidated-engineering-priors,fixed independent scenario factor; no N cycle,,,,right_censored,BBCH89_full_ripeness,,,
23,ag_075_044,wheat,2018,2017-10-12,2018-06-10,601375.5459775862,0.25,1.8474111129762605e-13,2.4158453015843406e-12,0.0,0.0,0.04267140235271844,244.27,75.0,0.0,243.12191457858188,165.8698602734194,33.39440863579869,0.0,0.0,0.0,1.8868568869613294,75.0,0.0,442.3861834878,4582.639008239695,10866.047499426179,483.4369781560648,358.43393778130417,-6.643574579356937e-13,unvalidated-engineering-priors,fixed independent scenario factor; no N cycle,2018-04-19,2018-05-27,2018-05-27,full_ripeness,BBCH89_full_ripeness,2017-10-12,seed_layer_available_water,50.0
23,ag_075_044,fallow,2018,2018-06-11,2018-06-14,601375.5459775862,0.25,5.3512749786932545e-14,0.0,0.0,0.0,1.0,3.96,0.0,0.0,9.33341838293528,0.0,0.0,0.0,0.0,0.0,0.001849292844843711,0.0,0.0,9.33341838293528,0.0,0.0,358.43393778130417,353.0586701055242,-1.425526363618701e-13,unvalidated-engineering-priors,fixed independent scenario factor; no N cycle,,,,right_censored,BBCH89_full_ripeness,,,
23,ag_075_044,maize,2018,2018-06-15,2018-10-05,601375.5459775862,0.25,6.648015471455437e-13,2.3021584638627246e-12,0.0,0.0,0.03354275471250856,453.75,20.0,0.0,19.63113316910426,231.42169397516003,77.81152546707104,0.0,0.0,0.0,0.6975320386954779,20.0,0.0,328.86435261133533,7985.97810588238,16196.2243203797,353.0586701055242,497.24678545549244,9.516831767086842e-13,unvalidated-engineering-priors,fixed independent scenario factor; no N cycle,2018-08-10,2018-09-22,2018-09-22,physiological_maturity,R6_physiological_maturity,2018-06-16,seed_layer_available_water,50.0
23,ag_075_044,fallow,2018,2018-10-06,2018-10-11,601375.5459775862,0.25,1.2745360322696797e-13,0.0,0.0,0.0,1.0,0.18,0.0,0.0,18.422071504106956,0.0,0.0,0.0,0.0,0.0,0.07266490660984239,0.0,0.0,18.422071504106956,0.0,0.0,497.24678545549244,478.9320490447758,-1.4921397450962104e-13,unvalidated-engineering-priors,fixed independent scenario factor; no N cycle,,,,right_censored,BBCH89_full_ripeness,,,
23,ag_075_044,wheat,2019,2018-10-12,2019-06-10,601375.5459775862,0.25,1.5276668818842154e-13,2.0179413695586845e-12,0.0,0.0,0.04267140235271844,110.49,75.0,0.0,169.89986921192886,165.2790039355395,24.868638667208614,0.0,0.0,0.0,3.5125215437393384,75.0,0.0,360.04751181467697,4140.465780829205,10267.734840163319,478.9320490447758,300.8620156863606,-1.125599613516215e-12,unvalidated-engineering-priors,fixed independent scenario factor; no N cycle,2019-04-21,2019-05-31,2019-05-31,full_ripeness,BBCH89_full_ripeness,2018-10-12,seed_layer_available_water,50.0
23,ag_075_044,fallow,2019,2019-06-11,2019-06-14,601375.5459775862,0.25,6.361577931102147e-14,0.0,0.0,0.0,1.0,0.01,0.0,0.0,1.716233331541618,0.0,0.0,0.0,0.0,0.0,0.0007720247681230786,0.0,0.0,1.716233331541618,0.0,0.0,300.8620156863606,299.15501033005086,2.3203661214665772e-14,unvalidated-engineering-priors,fixed independent scenario factor; no N cycle,,,,right_censored,BBCH89_full_ripeness,,,
23,ag_075_044,maize,2019,2019-06-15,2019-10-05,601375.5459775862,0.25,3.086420008457935e-13,1.8189894035458565e-12,0.0,0.0,0.03354275471250856,260.46,20.0,0.0,31.975750246255426,105.1753294826373,46.021074744629196,0.0,0.0,0.0,0.014238831017258974,20.0,0.0,183.1721544735219,4969.6474306677455,10103.3920253001,299.15501033005086,396.42861702551045,1.2373990720959682e-12,unvalidated-engineering-priors,fixed independent scenario factor; no N cycle,2019-08-11,2019-09-24,2019-09-24,physiological_maturity,R6_physiological_maturity,2019-06-16,seed_layer_available_water,50.0
23,ag_075_044,fallow,2019,2019-10-06,2019-10-11,601375.5459775862,0.25,9.947598300641403e-14,0.0,0.0,0.0,1.0,21.72,0.0,0.0,11.690174449999997,0.0,0.0,0.0,0.0,0.0,0.0003218170216031611,0.0,0.0,11.690174449999997,0.0,0.0,396.42861702551045,406.458120758489,-1.270095140171179e-13,unvalidated-engineering-priors,fixed independent scenario factor; no N cycle,,,,right_censored,BBCH89_full_ripeness,,,
23,ag_075_044,wheat,2020,2019-10-12,2020-06-10,601375.5459775862,0.25,1.8340884366807586e-13,2.007283228522283e-12,0.0,0.0,0.04267140235271844,159.19,75.0,0.0,187.80071647134054,141.97153006985928,29.135010511588245,0.0,0.0,0.0,0.06671371487891353,75.0,0.0,358.90725705278805,3081.5822041716096,8659.69123786995,406.458120758489,281.67414999082183,1.4663270597736755e-13,unvalidated-engineering-priors,fixed independent scenario factor; no N cycle,2020-04-17,2020-05-28,2020-05-28,full_ripeness,BBCH89_full_ripeness,2019-10-12,seed_layer_available_water,50.0
23,ag_075_044,fallow,2020,2020-06-11,2020-06-14,601375.5459775862,0.25,1.2967404927621828e-13,0.0,0.0,0.0,1.0,22.19,0.0,0.0,13.717939831673494,0.0,0.0,0.0,0.0,0.0,0.00013421821835410264,0.0,0.0,13.717939831673494,0.0,0.0,281.67414999082183,290.14607594093,-3.552713678800501e-14,unvalidated-engineering-priors,fixed independent scenario factor; no N cycle,,,,right_censored,BBCH89_full_ripeness,,,
23,ag_075_044,maize,2020,2020-06-15,2020-10-05,601375.5459775862,0.25,6.568079413682426e-13,2.1032064978498966e-12,0.0,0.0,0.03354275471250856,380.78,20.0,0.0,18.835226741242035,210.71537118498753,68.67731044775573,0.0,0.0,0.0,0.15258032517419184,20.0,0.0,298.22790837398526,8645.271429778124,16107.558200608717,290.14607594093,392.5455872417641,6.435241228786026e-12,unvalidated-engineering-priors,fixed independent scenario factor; no N cycle,2020-08-12,2020-09-23,2020-09-23,physiological_maturity,R6_physiological_maturity,2020-06-16,seed_layer_available_water,50.0
23,ag_075_044,fallow,2020,2020-10-06,2020-10-11,601375.5459775862,0.25,9.614531393253856e-14,0.0,0.0,0.0,1.0,1.23,0.0,0.0,8.698964606908916,0.0,0.0,0.0,0.0,0.0,0.003423346613247192,0.0,0.0,8.698964606908916,0.0,0.0,392.5455872417641,385.07319928824205,-1.0513812043200232e-13,unvalidated-engineering-priors,fixed independent scenario factor; no N cycle,,,,right_censored,BBCH89_full_ripeness,,,
23,ag_075_044,wheat,2021,2020-10-12,2021-06-10,601375.5459775862,0.25,1.8118839761882555e-13,2.2524204723595176e-12,0.0,0.0,0.04267140235271844,177.97,75.0,0.0,182.19641895473453,143.92149046545407,29.24225767959619,0.0,0.0,0.0,0.1530488080780866,75.0,0.0,355.3601670997848,3054.4120741176766,8822.192962432888,385.07319928824205,282.52998338037855,6.354083925685927e-13,unvalidated-engineering-priors,fixed independent scenario factor; no N cycle,2021-04-16,2021-05-26,2021-05-26,full_ripeness,BBCH89_full_ripeness,2020-10-12,seed_layer_available_water,50.0
23,ag_075_044,fallow,2021,2021-06-11,2021-06-14,601375.5459775862,0.25,8.881784197001252e-14,0.0,0.0,0.0,1.0,31.15,0.0,0.0,4.502693424029076,0.0,0.0,0.0,0.0,0.0,0.00016317641973700062,0.0,0.0,4.502693424029076,0.0,0.0,282.52998338037855,309.1771267799298,-3.6665115388245795e-14,unvalidated-engineering-priors,fixed independent scenario factor; no N cycle,,,,right_censored,BBCH89_full_ripeness,,,
23,ag_075_044,maize,2021,2021-06-15,2021-10-05,601375.5459775862,0.25,7.140954494389007e-13,2.4726887204451486e-12,1.4210854715202004e-14,0.0,0.03354275471250856,840.06,20.0,0.0,19.727637152641766,179.81112644153507,84.24959665829503,0.0,0.0,0.0,153.2755324138886,20.0,0.0,283.7883602524719,7820.60000739127,15647.377418644104,309.1771267799298,732.173234113566,3.3245628472400313e-12,unvalidated-engineering-priors,fixed independent scenario factor; no N cycle,2021-08-09,2021-09-23,2021-09-23,physiological_maturity,R6_physiological_maturity,2021-06-15,seed_layer_available_water,50.0
23,ag_075_044,fallow,2021,2021-10-06,2021-10-11,601375.5459775862,0.25,1.8918200339612667e-13,0.0,0.0,0.0,1.0,20.35,0.0,0.0,10.546109099999999,0.0,0.0,0.0,0.0,0.0,29.95438552310973,0.0,0.0,10.546109099999999,0.0,0.0,732.173234113566,712.022739490456,1.9673151996357774e-13,unvalidated-engineering-priors,fixed independent scenario factor; no N cycle,,,,right_censored,BBCH89_full_ripeness,,,
23,ag_075_044,wheat,2022,2021-10-12,2022-06-10,601375.5459775862,0.25,2.9398705692074145e-13,3.637978807091713e-12,0.0,0.0,0.04267140235271844,108.95,75.0,0.0,181.46982337087687,259.03879779480286,39.088124015775925,0.0,0.0,0.0,112.93537223712835,75.0,0.0,479.5967451814556,7095.029474877104,17444.984213451284,712.022739490456,303.44062207187187,2.1851964682184644e-13,unvalidated-engineering-priors,fixed independent scenario factor; no N cycle,2022-04-18,2022-05-30,2022-05-30,full_ripeness,BBCH89_full_ripeness,2021-10-12,seed_layer_available_water,50.0
23,ag_075_044,fallow,2022,2022-06-11,2022-06-14,601375.5459775862,0.25,7.299716386910404e-14,0.0,0.0,0.0,1.0,0.78,0.0,0.0,1.4059842985327695,0.0,0.0,0.0,0.0,0.0,0.0008656910766576467,0.0,0.0,1.4059842985327695,0.0,0.0,303.44062207187187,302.8137720822626,-1.2945200467129325e-13,unvalidated-engineering-priors,fixed independent scenario factor; no N cycle,,,,right_censored,BBCH89_full_ripeness,,,
23,ag_075_044,maize,2022,2022-06-15,2022-10-05,601375.5459775862,0.25,5.586642259913788e-13,2.0463630789890885e-12,0.0,0.0,0.03354275471250856,409.42,20.0,0.0,22.019763495176385,233.5015943437338,64.46775484177583,0.0,0.0,0.0,0.3861482260061221,20.0,0.0,319.98911268068605,8714.582730131762,16431.26226010082,302.8137720822626,411.8585111755721,-1.702415985960215e-12,unvalidated-engineering-priors,fixed independent scenario factor; no N cycle,2022-08-12,2022-09-25,2022-09-25,physiological_maturity,R6_physiological_maturity,2022-06-16,seed_layer_available_water,50.0
23,ag_075_044,fallow,2022,2022-10-06,2022-10-11,601375.5459775862,0.25,1.2567724638756772e-13,0.0,0.0,0.0,1.0,0.32,0.0,0.0,15.57596963446334,0.0,0.0,0.0,0.0,0.0,0.002037677209836263,0.0,0.0,15.57596963446334,0.0,0.0,411.8585111755721,396.6005038638989,4.973799150320701e-14,unvalidated-engineering-priors,fixed independent scenario factor; no N cycle,,,,right_censored,BBCH89_full_ripeness,,,
23,ag_075_044,wheat,2023,2022-10-12,2023-06-10,601375.5459775862,0.25,2.036149027162537e-13,1.8971491044794675e-12,0.0,0.0,0.04267140235271844,251.04999999999998,75.0,0.0,251.75700215445528,128.771798951416,20.449118905623525,0.0,0.0,0.0,0.10651707759748331,75.0,0.0,400.9779200114948,3589.7535977256493,8475.05934713639,396.6005038638989,321.5660667748056,9.648115639748767e-13,unvalidated-engineering-priors,fixed independent scenario factor; no N cycle,2023-04-15,2023-05-26,2023-05-26,full_ripeness,BBCH89_full_ripeness,2022-10-12,seed_layer_available_water,50.0
23,ag_075_044,fallow,2023,2023-06-11,2023-06-14,601375.5459775862,0.25,5.140332604014475e-14,0.0,0.0,0.0,1.0,2.07,0.0,0.0,3.2441093106133514,0.0,0.0,0.0,0.0,0.0,0.0003498943252579522,0.0,0.0,3.2441093106133514,0.0,0.0,321.5660667748056,320.39160756986706,-5.1958437552457326e-14,unvalidated-engineering-priors,fixed independent scenario factor; no N cycle,,,,right_censored,BBCH89_full_ripeness,,,
23,ag_075_044,maize,2023,2023-06-15,2023-10-05,601375.5459775862,0.25,2.993161274389422e-13,3.751665644813329e-12,0.0,0.0,0.03354275471250856,472.86,20.0,0.0,19.219185070706175,203.18297128370833,89.47792149872934,0.0,0.0,0.0,0.10795729900330621,20.0,0.0,311.88007785314386,8880.098262898373,18095.377626983172,320.39160756986706,501.26357241771973,1.779687508474126e-13,unvalidated-engineering-priors,fixed independent scenario factor; no N cycle,2023-08-11,2023-09-22,2023-09-22,physiological_maturity,R6_physiological_maturity,2023-06-16,seed_layer_available_water,50.0
23,ag_075_044,fallow,2023,2023-10-06,2023-10-11,601375.5459775862,0.25,1.0391687510491465e-13,0.0,0.0,0.0,1.0,0.25,0.0,0.0,16.165403334607614,0.0,0.0,0.0,0.0,0.0,0.03857730868737949,0.0,0.0,16.165403334607614,0.0,0.0,501.26357241771973,485.30959177442475,-1.0880185641326534e-14,unvalidated-engineering-priors,fixed independent scenario factor; no N cycle,,,,right_censored,BBCH89_full_ripeness,,,
23,ag_075_044,wheat,2024,2023-10-12,2024-06-10,601375.5459775862,0.25,1.6064927166326015e-13,2.9842794901924208e-12,0.0,0.0,0.04267140235271844,160.54,75.0,0.0,193.7255673229214,202.78680545969013,26.930181458679566,0.0,0.0,0.0,3.1137101646654624,75.0,0.0,423.4425542412911,4726.302799521368,12254.151282175342,485.30959177442475,294.29332736846726,9.43994882263155e-13,unvalidated-engineering-priors,fixed independent scenario factor; no N cycle,2024-04-19,2024-05-29,2024-05-29,full_ripeness,BBCH89_full_ripeness,2023-10-12,seed_layer_available_water,50.0
23,ag_075_044,fallow,2024,2024-06-11,2024-06-14,601375.5459775862,0.25,1.0466627564653663e-13,0.0,0.0,0.0,1.0,4.9399999999999995,0.0,0.0,4.581923032117597,0.0,0.0,0.0,0.0,0.0,0.0005254186486374642,0.0,0.0,4.581923032117597,0.0,0.0,294.29332736846726,294.6508789177011,-8.157363673433338e-14,unvalidated-engineering-priors,fixed independent scenario factor; no N cycle,,,,right_censored,BBCH89_full_ripeness,,,
23,ag_075_044,maize,2024,2024-06-15,2024-10-05,601375.5459775862,0.25,5.972999872483342e-13,2.1600499167107046e-12,0.0,0.0,0.03354275471250856,531.34,20.0,0.0,20.60140413402927,205.9254046859525,100.26715279793264,0.0,0.0,0.0,2.3874526760760393,20.0,0.0,326.7939616179144,8137.678119190429,15938.448141619854,294.6508789177011,516.8094646237104,3.035349749325178e-13,unvalidated-engineering-priors,fixed independent scenario factor; no N cycle,2024-08-09,2024-09-19,2024-09-19,physiological_maturity,R6_physiological_maturity,2024-06-16,seed_layer_available_water,50.0
23,ag_075_044,fallow,2024,2024-10-06,2024-10-11,601375.5459775862,0.25,9.769962616701378e-14,0.0,0.0,0.0,1.0,2.91,0.0,0.0,16.67322198964848,0.0,0.0,0.0,0.0,0.0,0.10481636129516188,0.0,0.0,16.67322198964848,0.0,0.0,516.8094646237104,502.94142627276665,7.993605777301127e-14,unvalidated-engineering-priors,fixed independent scenario factor; no N cycle,,,,right_censored,BBCH89_full_ripeness,,,
23,ag_075_044,wheat,2025,2024-10-12,2025-06-10,601375.5459775862,0.25,1.9628743075372768e-13,2.7267077484793845e-12,0.0,0.0,0.04267140235271844,184.34,75.0,0.0,210.82414140002945,221.4136636846715,28.1237097562655,0.0,0.0,0.0,6.660354315520798,75.0,0.0,460.36151484096644,4900.187729233423,12658.341268932818,502.94142627276665,295.2595571162798,-3.6504133049675147e-13,unvalidated-engineering-priors,fixed independent scenario factor; no N cycle,2025-04-17,2025-05-27,2025-05-27,full_ripeness,BBCH89_full_ripeness,2024-10-12,seed_layer_available_water,50.0
23,ag_075_044,fallow,2025,2025-06-11,2025-06-14,601375.5459775862,0.25,7.403799795469013e-14,0.0,0.0,0.0,1.0,1.4700000000000002,0.0,0.0,1.0358621739162417,0.0,0.0,0.0,0.0,0.0,0.0006430268125161941,0.0,0.0,1.0358621739162417,0.0,0.0,295.2595571162798,295.69305191555105,-3.0628277691846506e-14,unvalidated-engineering-priors,fixed independent scenario factor; no N cycle,,,,right_censored,BBCH89_full_ripeness,,,
23,ag_075_044,maize,2025,2025-06-15,2025-10-05,601375.5459775862,0.25,5.901945598907332e-13,3.808509063674137e-12,0.0,0.0,0.03354275471250856,629.51,20.0,0.0,18.99130511418175,183.8502437972585,92.56484838320539,0.0,0.0,0.0,1.0535705784274636,20.0,0.0,295.40639729464567,8060.057243075468,16652.43522345708,295.69305191555105,648.7430840424765,1.3840040224977201e-12,unvalidated-engineering-priors,fixed independent scenario factor; no N cycle,2025-08-10,2025-09-24,2025-09-24,physiological_maturity,R6_physiological_maturity,2025-06-16,seed_layer_available_water,50.0
23,ag_075_044,fallow,1996,1996-01-01,1996-10-11,601375.5459775862,0.5,2.2537527399890678e-13,0.0,0.0,0.0,1.0,754.98,0.0,0.0,552.3186758139509,0.0,0.0,0.0,0.0,0.0,82.18796312053631,0.0,0.0,552.3186758139509,0.0,0.0,486.589374113015,607.0627351785278,7.505107646466058e-14,unvalidated-engineering-priors,fixed independent scenario factor; no N cycle,,,,right_censored,BBCH89_full_ripeness,,,
23,ag_075_044,wheat,1997,1996-10-12,1997-06-10,601375.5459775862,0.5,6.190603585309873e-13,3.865352482534945e-12,0.0,0.0,0.04267140235271844,202.71,150.0,0.0,231.04071919817707,241.37880732842453,36.137972443410014,0.0,0.0,0.0,57.38167707577919,150.0,0.0,508.5574989700116,8646.913325251926,19086.73899189641,607.0627351785278,393.83355913273954,-2.5762170174914445e-12,unvalidated-engineering-priors,fixed independent scenario factor; no N cycle,1997-04-27,1997-06-03,1997-06-03,full_ripeness,BBCH89_full_ripeness,1996-10-12,seed_layer_available_water,50.0
23,ag_075_044,fallow,1997,1997-06-11,1997-06-14,601375.5459775862,0.5,7.283063041541027e-14,0.0,0.0,0.0,1.0,2.9899999999999998,0.0,0.0,3.9809703018959537,0.0,0.0,0.0,0.0,0.0,0.009486495370696194,0.0,0.0,3.9809703018959537,0.0,0.0,393.83355913273954,392.833102335473,-8.43769498715119e-14,unvalidated-engineering-priors,fixed independent scenario factor; no N cycle,,,,right_censored,BBCH89_full_ripeness,,,
23,ag_075_044,maize,1997,1997-06-15,1997-10-05,601375.5459775862,0.5,2.48245868306185e-13,4.121147867408581e-12,0.0,0.0,0.03354275471250856,224.66,40.0,0.0,21.365922806338393,229.97308099944811,68.20408417629393,0.0,0.0,0.0,0.15030763658554558,40.0,0.0,319.54308798208046,10075.109842375998,19522.453593127728,392.833102335473,337.79970671680707,-9.026113190202523e-14,unvalidated-engineering-priors,fixed independent scenario factor; no N cycle,1997-08-11,1997-09-29,1997-09-29,physiological_maturity,R6_physiological_maturity,1997-06-16,seed_layer_available_water,50.0
23,ag_075_044,fallow,1997,1997-10-06,1997-10-11,601375.5459775862,0.5,1.0125233984581428e-13,0.0,0.0,0.0,1.0,0.0,0.0,0.0,11.983129269238763,0.0,0.0,0.0,0.0,0.0,0.0002400223926798859,0.0,0.0,11.983129269238763,0.0,0.0,337.79970671680707,325.8163374251755,1.1868284133242923e-13,unvalidated-engineering-priors,fixed independent scenario factor; no N cycle,,,,right_censored,BBCH89_full_ripeness,,,
23,ag_075_044,wheat,1998,1997-10-12,1998-06-10,601375.5459775862,0.5,2.3003821070233244e-13,2.9842794901924208e-12,0.0,0.0,0.04267140235271844,393.03,150.0,0.0,282.81814905912154,125.19779514882408,50.767412611745975,0.0,0.0,0.0,0.020164517603992085,150.0,0.0,458.7833568196916,5309.909706567065,12114.556680016442,325.8163374251755,410.0428160878784,1.496885948526483e-12,unvalidated-engineering-priors,fixed independent scenario factor; no N cycle,1998-04-26,1998-06-03,1998-06-03,full_ripeness,BBCH89_full_ripeness,1997-10-13,seed_layer_available_water,50.0
23,ag_075_044,fallow,1998,1998-06-11,1998-06-14,601375.5459775862,0.5,2.8421709430404007e-13,0.0,0.0,0.0,1.0,39.29,0.0,0.0,12.758514669185537,0.0,0.0,0.0,0.0,0.0,0.0034620520637371906,0.0,0.0,12.758514669185537,0.0,0.0,410.0428160878784,436.5708393666289,2.4513724383723456e-13,unvalidated-engineering-priors,fixed independent scenario factor; no N cycle,,,,right_censored,BBCH89_full_ripeness,,,
23,ag_075_044,maize,1998,1998-06-15,1998-10-05,601375.5459775862,0.5,1.0960121699099545e-12,4.746425474877469e-12,0.0,0.0,0.03354275471250856,598.98,40.0,0.0,18.590382786291325,211.22857234051972,112.39911531969412,0.0,0.0,0.0,163.26157904103914,40.0,0.0,342.2180704465052,9124.967242070063,17761.473013945455,436.5708393666289,570.07118987908,4.621858451514527e-12,unvalidated-engineering-priors,fixed independent scenario factor; no N cycle,1998-08-09,1998-09-20,1998-09-20,physiological_maturity,R6_physiological_maturity,1998-06-15,seed_layer_available_water,50.0
23,ag_075_044,fallow,1998,1998-10-06,1998-10-11,601375.5459775862,0.5,1.0791367799356522e-13,0.0,0.0,0.0,1.0,0.56,0.0,0.0,14.178946012591526,0.0,0.0,0.0,0.0,0.0,1.9780485980514804,0.0,0.0,14.178946012591526,0.0,0.0,570.07118987908,554.474195268437,-8.282263763703668e-14,unvalidated-engineering-priors,fixed independent scenario factor; no N cycle,,,,right_censored,BBCH89_full_ripeness,,,
23,ag_075_044,wheat,1999,1998-10-12,1999-06-10,601375.5459775862,0.5,5.044853423896711e-13,2.6716406864579767e-12,0.0,0.0,0.04267140235271844,210.58,150.0,0.0,207.85480650814907,220.6407050753773,43.77392576683776,0.0,0.0,0.0,26.875014311194228,150.0,0.0,472.2694373503641,7225.773380656807,16858.774730537007,554.474195268437,415.9097436068795,-8.290035324876044e-13,unvalidated-engineering-priors,fixed independent scenario factor; no N cycle,1999-04-21,1999-05-28,1999-05-28,full_ripeness,BBCH89_full_ripeness,1998-10-12,seed_layer_available_water,50.0
23,ag_075_044,fallow,1999,1999-06-11,1999-06-14,601375.5459775862,0.5,6.417089082333405e-14,0.0,0.0,0.0,1.0,1.57,0.0,0.0,3.637857499295349,0.0,0.0,0.0,0.0,0.0,0.013950247848214156,0.0,0.0,3.637857499295349,0.0,0.0,415.9097436068795,413.8279358597358,1.0791367799356522e-13,unvalidated-engineering-priors,fixed independent scenario factor; no N cycle,,,,right_censored,BBCH89_full_ripeness,,,
23,ag_075_044,maize,1999,1999-06-15,1999-10-05,601375.5459775862,0.5,9.809930645587883e-13,4.035882739117369e-12,0.0,0.0,0.03354275471250856,475.67,40.0,0.0,18.384511964423506,245.61186991087072,88.30781139133688,0.0,0.0,0.0,13.15510069742589,40.0,0.0,352.3041932666311,10079.43397439555,19770.938324369825,413.8279358597358,564.038641895678,8.179568133925841e-13,unvalidated-engineering-priors,fixed independent scenario factor; no N cycle,1999-08-12,1999-09-26,1999-09-26,physiological_maturity,R6_physiological_maturity,1999-06-16,seed_layer_available_water,50.0
23,ag_075_044,fallow,1999,1999-10-06,1999-10-11,601375.5459775862,0.5,7.416289804496046e-14,0.0,0.0,0.0,1.0,6.74,0.0,0.0,14.299601500000001,0.0,0.0,0.0,0.0,0.0,0.3088089156012153,0.0,0.0,14.299601500000001,0.0,0.0,564.038641895678,556.1702314800768,-6.88338275267597e-14,unvalidated-engineering-priors,fixed independent scenario factor; no N cycle,,,,right_censored,BBCH89_full_ripeness,,,
23,ag_075_044,wheat,2000,1999-10-12,2000-06-10,601375.5459775862,0.5,2.355893258254582e-13,4.177991286269389e-12,0.0,0.0,0.04267140235271844,156.28,150.0,0.0,218.07554357133424,266.74947408429165,37.47038937309957,0.0,0.0,0.0,20.439241236214055,150.0,0.0,522.2954070287254,7870.357086586134,17857.103494891828,556.1702314800768,319.71558321513646,8.822942376696119e-13,unvalidated-engineering-priors,fixed independent scenario factor; no N cycle,2000-04-23,2000-05-31,2000-05-31,full_ripeness,BBCH89_full_ripeness,1999-10-12,seed_layer_available_water,50.0
23,ag_075_044,fallow,2000,2000-06-11,2000-06-14,601375.5459775862,0.5,6.772360450213455e-14,0.0,0.0,0.0,1.0,6.2700000000000005,0.0,0.0,6.935261436194335,0.0,0.0,0.0,0.0,0.0,0.0009848740661173158,0.0,0.0,6.935261436194335,0.0,0.0,319.71558321513646,319.04933690487593,8.004708007547379e-14,unvalidated-engineering-priors,fixed independent scenario factor; no N cycle,,,,right_censored,BBCH89_full_ripeness,,,
23,ag_075_044,maize,2000,2000-06-15,2000-10-05,601375.5459775862,0.5,1.06403774680075e-12,2.1316282072803006e-12,0.0,0.0,0.03354275471250856,746.61,40.0,0.0,20.720280791151858,158.8163237017598,84.76442285952186,0.0,0.0,0.0,183.0409978276592,40.0,0.0,264.30102735243355,7327.158845123638,14687.763856093581,319.04933690487593,658.3173117247812,1.957989326228926e-12,unvalidated-engineering-priors,fixed independent scenario factor; no N cycle,2000-08-10,2000-09-23,2000-09-23,physiological_maturity,R6_physiological_maturity,2000-06-16,seed_layer_available_water,50.0
23,ag_075_044,fallow,2000,2000-10-06,2000-10-11,601375.5459775862,0.5,8.970602038971265e-14,0.0,0.0,0.0,1.0,40.85,0.0,0.0,12.280764199999998,0.0,0.0,0.0,0.0,0.0,7.454452466879573,0.0,0.0,12.280764199999998,0.0,0.0,658.3173117247812,679.4320950579016,4.1744385725905886e-14,unvalidated-engineering-priors,fixed independent scenario factor; no N cycle,,,,right_censored,BBCH89_full_ripeness,,,
23,ag_075_044,wheat,2001,2000-10-12,2001-06-10,601375.5459775862,0.5,3.9968028886505635e-13,4.320099833421409e-12,0.0,0.0,0.04267140235271844,151.93,150.0,0.0,248.33063438170814,271.34612969407897,20.78787017110302,0.0,0.0,0.0,110.70387099475528,150.0,0.0,540.4646342468901,8472.619566592808,18745.96661662138,679.4320950579016,330.1935898162546,1.608768673833083e-12,unvalidated-engineering-priors,fixed independent scenario factor; no N cycle,2001-04-25,2001-06-04,2001-06-04,full_ripeness,BBCH89_full_ripeness,2000-10-12,seed_layer_available_water,50.0
23,ag_075_044,fallow,2001,2001-06-11,2001-06-14,601375.5459775862,0.5,9.459100169806334e-14,0.0,0.0,0.0,1.0,0.67,0.0,0.0,1.432240805246834,0.0,0.0,0.0,0.0,0.0,0.0024604974530982532,0.0,0.0,1.432240805246834,0.0,0.0,330.1935898162546,329.4288885135546,2.936539900133539e-14,unvalidated-engineering-priors,fixed independent scenario factor; no N cycle,,,,right_censored,BBCH89_full_ripeness,,,
23,ag_075_044,maize,2001,2001-06-15,2001-10-05,601375.5459775862,0.5,1.049382802875698e-12,4.064304448547773e-12,0.0,0.0,0.03354275471250856,452.56,40.0,0.0,16.787608306297287,252.05425619608303,84.84733876153255,0.0,0.0,0.0,12.426864053937441,40.0,0.0,353.6892032639129,9899.125193365706,19637.268833903727,329.4288885135546,455.87282119570887,-4.545919196630166e-12,unvalidated-engineering-priors,fixed independent scenario factor; no N cycle,2001-08-11,2001-09-25,2001-09-25,physiological_maturity,R6_physiological_maturity,2001-06-16,seed_layer_available_water,50.0
23,ag_075_044,fallow,2001,2001-10-06,2001-10-11,601375.5459775862,0.5,8.593126210598712e-14,0.0,0.0,0.0,1.0,3.56,0.0,0.0,12.010166465978664,0.0,0.0,0.0,0.0,0.0,0.1289103365913498,0.0,0.0,12.010166465978664,0.0,0.0,455.87282119570887,447.2937443931388,4.39648317751562e-14,unvalidated-engineering-priors,fixed independent scenario factor; no N cycle,,,,right_censored,BBCH89_full_ripeness,,,
23,ag_075_044,wheat,2002,2001-10-12,2002-06-10,601375.5459775862,0.5,1.7852386235972517e-13,2.2168933355715126e-12,0.0,0.0,0.04267140235271844,274.8,150.0,0.0,232.14766424809065,179.71155148194535,42.4243672857911,0.0,0.0,0.0,3.465387141828422,150.0,0.0,454.2835830158271,5727.556955302754,13612.10298519932,447.2937443931388,414.34477423548384,-5.616618281578667e-13,unvalidated-engineering-priors,fixed independent scenario factor; no N cycle,2002-04-15,2002-05-28,2002-05-28,full_ripeness,BBCH89_full_ripeness,2001-10-12,seed_layer_available_water,50.0
23,ag_075_044,fallow,2002,2002-06-11,2002-06-14,601375.5459775862,0.5,5.3290705182007514e-14,0.0,0.0,0.0,1.0,1.25,0.0,0.0,16.896707986322387,0.0,0.0,0.0,0.0,0.0,0.002866684482543445,0.0,0.0,16.896707986322387,0.0,0.0,414.34477423548384,398.69519956467906,-1.4921397450962104e-13,unvalidated-engineering-priors,fixed independent scenario factor; no N cycle,,,,right_censored,BBCH89_full_ripeness,,,
23,ag_075_044,maize,2002,2002-06-15,2002-10-05,601375.5459775862,0.5,6.585842982076429e-13,3.751665644813329e-12,0.0,0.0,0.03354275471250856,283.73,40.0,0.0,19.121841570842445,240.75267612628065,90.79649414728313,0.0,0.0,0.0,0.19198179352676834,40.0,0.0,350.6710118444062,10137.468701773378,19547.870569947252,398.69519956467906,371.562205926746,5.906386491005833e-14,unvalidated-engineering-priors,fixed independent scenario factor; no N cycle,2002-08-11,2002-09-27,2002-09-27,physiological_maturity,R6_physiological_maturity,2002-06-15,seed_layer_available_water,50.0
23,ag_075_044,fallow,2002,2002-10-06,2002-10-11,601375.5459775862,0.5,1.2079226507921703e-13,0.0,0.0,0.0,1.0,0.0,0.0,0.0,12.566915469687052,0.0,0.0,0.0,0.0,0.0,0.0009140338536196061,0.0,0.0,12.566915469687052,0.0,0.0,371.562205926746,358.99437642320527,6.505906924303417e-14,unvalidated-engineering-priors,fixed independent scenario factor; no N cycle,,,,right_censored,BBCH89_full_ripeness,,,
23,ag_075_044,wheat,2003,2002-10-12,2003-06-10,601375.5459775862,0.5,2.2426505097428162e-13,2.3021584638627246e-12,0.0,0.0,0.04267140235271844,280.31,150.0,0.0,243.10068510482577,154.71637876362402,36.206947735308034,0.0,0.0,0.0,0.04663595363574587,150.0,0.0,434.0240116037578,5653.106348409668,12563.731447247734,358.99437642320527,355.23372886581393,-2.2178925362936752e-12,unvalidated-engineering-priors,fixed independent scenario factor; no N cycle,2003-04-29,2003-06-06,2003-06-06,full_ripeness,BBCH89_full_ripeness,2002-10-13,seed_layer_available_water,50.0
23,ag_075_044,fallow,2003,2003-06-11,2003-06-14,601375.5459775862,0.5,3.730349362740526e-14,0.0,0.0,0.0,1.0,0.44,0.0,0.0,8.52702201688803,0.0,0.0,0.0,0.0,0.0,0.00035819523797636795,0.0,0.0,8.52702201688803,0.0,0.0,355.23372886581393,347.14634865368794,-1.3100631690576847e-14,unvalidated-engineering-priors,fixed independent scenario factor; no N cycle,,,,right_censored,BBCH89_full_ripeness,,,
23,ag_075_044,maize,2003,2003-06-15,2003-10-05,601375.5459775862,0.5,9.78772618509538e-13,2.1103119252074976e-12,0.0,0.0,0.03354275471250856,647.95,40.0,0.0,19.09824593363873,122.68558211177967,101.07653052663778,0.0,0.0,0.0,105.10135504466831,40.0,0.0,242.86035857205619,7458.82491830704,14191.47673444006,347.14634865368794,687.1346350369645,-1.0240142067630131e-12,unvalidated-engineering-priors,fixed independent scenario factor; no N cycle,2003-08-12,2003-10-02,2003-10-02,physiological_maturity,R6_physiological_maturity,2003-06-16,seed_layer_available_water,50.0
23,ag_075_044,fallow,2003,2003-10-06,2003-10-11,601375.5459775862,0.5,2.3447910280083306e-13,0.0,0.0,0.0,1.0,75.55,0.0,0.0,11.587539099999997,0.0,0.0,0.0,0.0,0.0,11.247506974956691,0.0,0.0,11.587539099999997,0.0,0.0,687.1346350369645,739.8495889620082,-3.82804898890754e-13,unvalidated-engineering-priors,fixed independent scenario factor; no N cycle,,,,right_censored,BBCH89_full_ripeness,,,
23,ag_075_044,wheat,2004,2003-10-12,2004-06-10,601375.5459775862,0.5,3.006483950684924e-13,4.234834705130197e-12,0.0,0.0,0.04267140235271844,183.91,150.0,0.0,252.81523207245846,260.1699595636016,41.68311533203181,0.0,0.0,0.0,152.3672356928115,150.0,0.0,554.6683069680919,8841.212196940065,20018.095734440467,739.8495889620082,366.72404630110435,4.497513472756509e-13,unvalidated-engineering-priors,fixed independent scenario factor; no N cycle,2004-04-19,2004-05-27,2004-05-27,full_ripeness,BBCH89_full_ripeness,2003-10-12,seed_layer_available_water,50.0
23,ag_075_044,fallow,2004,2004-06-11,2004-06-14,601375.5459775862,0.5,1.0735856648125264e-13,0.0,0.0,0.0,1.0,8.89,0.0,0.0,3.1755796230050337,0.0,0.0,0.0,0.0,0.0,0.00451191030456514,0.0,0.0,3.1755796230050337,0.0,0.0,366.72404630110435,372.4339547677947,3.5915714846623814e-14,unvalidated-engineering-priors,fixed independent scenario factor; no N cycle,,,,right_censored,BBCH89_full_ripeness,,,
23,ag_075_044,maize,2004,2004-06-15,2004-10-05,601375.5459775862,0.5,8.055778266680136e-13,5.030642569181509e-12,0.0,0.0,0.03354275471250856,611.76,40.0,0.0,16.509356838533424,196.53121358690456,111.62070131815032,0.0,0.0,0.0,84.47192923740174,40.0,0.0,324.6612717435883,10052.564588497939,18667.73566069771,372.4339547677947,615.0607537868048,-7.466249840604178e-14,unvalidated-engineering-priors,fixed independent scenario factor; no N cycle,2004-08-11,2004-09-28,2004-09-28,physiological_maturity,R6_physiological_maturity,2004-06-15,seed_layer_available_water,50.0
23,ag_075_044,fallow,2004,2004-10-06,2004-10-11,601375.5459775862,0.5,2.495781359357352e-13,0.0,0.0,0.0,1.0,0.06,0.0,0.0,18.5110073,0.0,0.0,0.0,0.0,0.0,2.4955464622488956,0.0,0.0,18.5110073,0.0,0.0,615.0607537868048,594.1142000245562,-3.694822225952521e-13,unvalidated-engineering-priors,fixed independent scenario factor; no N cycle,,,,right_censored,BBCH89_full_ripeness,,,
23,ag_075_044,wheat,2005,2004-10-12,2005-06-10,601375.5459775862,0.5,3.708144902248023e-13,4.504840944719035e-12,0.0,0.0,0.04267140235271844,193.4,150.0,0.0,212.73485320544734,267.98571884571396,39.68410047429561,0.0,0.0,0.0,41.472032647512876,150.0,0.0,520.4046725254569,8708.786848830898,19429.726941235676,594.1142000245562,375.63749485158473,1.7079671010833408e-12,unvalidated-engineering-priors,fixed independent scenario factor; no N cycle,2005-04-29,2005-06-07,2005-06-07,full_ripeness,BBCH89_full_ripeness,2004-10-12,seed_layer_available_water,50.0
23,ag_075_044,fallow,2005,2005-06-11,2005-06-14,601375.5459775862,0.5,6.394884621840902e-14,0.0,0.0,0.0,1.0,0.16,0.0,0.0,15.876910263238662,0.0,0.0,0.0,0.0,0.0,0.0023438899948312977,0.0,0.0,15.876910263238662,0.0,0.0,375.63749485158473,359.9182406983513,-8.504308368628699e-14,unvalidated-engineering-priors,fixed independent scenario factor; no N cycle,,,,right_censored,BBCH89_full_ripeness,,,
23,ag_075_044,maize,2005,2005-06-15,2005-10-05,601375.5459775862,0.5,1.0671463712697005e-12,2.9558577807620168e-12,0.0,0.0,0.03354275471250856,701.95,40.0,0.0,20.18954272403061,164.26530917283708,102.23549327031587,0.0,0.0,0.0,86.09974811559799,40.0,0.0,286.6903451671836,8347.243956189863,16346.58582658666,359.9182406983513,729.0781474155715,-1.714017816567548e-12,unvalidated-engineering-priors,fixed independent scenario factor; no N cycle,2005-08-10,2005-09-28,2005-09-28,physiological_maturity,R6_physiological_maturity,2005-06-16,seed_layer_available_water,50.0
23,ag_075_044,fallow,2005,2005-10-06,2005-10-11,601375.5459775862,0.5,1.545430450278218e-13,0.0,0.0,0.0,1.0,5.15,0.0,0.0,17.5653828,0.0,0.0,0.0,0.0,0.0,29.16414550005592,0.0,0.0,17.5653828,0.0,0.0,729.0781474155715,687.4986191155155,1.2256862191861728e-13,unvalidated-engineering-priors,fixed independent scenario factor; no N cycle,,,,right_censored,BBCH89_full_ripeness,,,
23,ag_075_044,wheat,2006,2005-10-12,2006-06-10,601375.5459775862,0.5,2.9820590441431705e-13,3.723243935382925e-12,0.0,0.0,0.04267140235271844,149.82,150.0,0.0,203.221019094824,277.50153773183996,45.60450115389993,0.0,0.0,0.0,103.31327751509936,150.0,0.0,526.3270579805638,9074.286989154723,20787.421497053587,687.4986191155155,357.6782836198549,-2.661815212690044e-12,unvalidated-engineering-priors,fixed independent scenario factor; no N cycle,2006-04-25,2006-06-03,2006-06-03,full_ripeness,BBCH89_full_ripeness,2005-10-12,seed_layer_available_water,50.0
23,ag_075_044,fallow,2006,2006-06-11,2006-06-14,601375.5459775862,0.5,1.5010215292932116e-13,0.0,0.0,0.0,1.0,24.130000000000003,0.0,0.0,12.066000084954396,0.0,0.0,0.0,0.0,0.0,0.0032665729308098573,0.0,0.0,12.066000084954396,0.0,0.0,357.6782836198549,369.7390169619698,-1.3355982986240633e-13,unvalidated-engineering-priors,fixed independent scenario factor; no N cycle,,,,right_censored,BBCH89_full_ripeness,,,
23,ag_075_044,maize,2006,2006-06-15,2006-10-05,601375.5459775862,0.5,6.776801342311956e-13,4.291678123991005e-12,0.0,0.0,0.03354275471250856,357.46999999999997,40.0,0.0,20.614777092335352,209.80439649695015,76.88818245396044,0.0,0.0,0.0,0.4168774388431742,40.0,0.0,307.30735604324593,8786.905072741127,16838.128025157657,369.7390169619698,459.48478347987805,2.6505464489900987e-12,unvalidated-engineering-priors,fixed independent scenario factor; no N cycle,2006-08-09,2006-09-24,2006-09-24,physiological_maturity,R6_physiological_maturity,2006-06-15,seed_layer_available_water,50.0
23,ag_075_044,fallow,2006,2006-10-06,2006-10-11,601375.5459775862,0.5,7.949196856316121e-14,0.0,0.0,0.0,1.0,0.0,0.0,0.0,17.488337003192292,0.0,0.0,0.0,0.0,0.0,0.020104052657375415,0.0,0.0,17.488337003192292,0.0,0.0,459.48478347987805,441.97634242402864,-2.637889906509372e-13,unvalidated-engineering-priors,fixed independent scenario factor; no N cycle,,,,right_censored,BBCH89_full_ripeness,,,
23,ag_075_044,wheat,2007,2006-10-12,2007-06-10,601375.5459775862,0.5,2.509104035652854e-13,4.490630090003833e-12,0.0,0.0,0.04267140235271844,216.17,150.0,0.0,212.6951422633955,255.87324330550524,29.892165770522325,0.0,0.0,0.0,1.2407620019976737,150.0,0.0,498.46055133942303,7409.832857366006,18141.01854380085,441.97634242402864,308.44502908260887,-9.622858065938544e-13,unvalidated-engineering-priors,fixed independent scenario factor; no N cycle,2007-04-22,2007-06-01,2007-06-01,full_ripeness,BBCH89_full_ripeness,2006-10-12,seed_layer_available_water,50.0
23,ag_075_044,fallow,2007,2007-06-11,2007-06-14,601375.5459775862,0.5,6.861178292183467e-14,0.0,0.0,0.0,1.0,1.29,0.0,0.0,2.589543407560065,0.0,0.0,0.0,0.0,0.0,0.0003783804239040857,0.0,0.0,2.589543407560065,0.0,0.0,308.44502908260887,307.14510729462484,6.405986852087153e-14,unvalidated-engineering-priors,fixed independent scenario factor; no N cycle,,,,right_censored,BBCH89_full_ripeness,,,
23,ag_075_044,maize,2007,2007-06-15,2007-10-05,601375.5459775862,0.5,1.0196288258157438e-12,3.694822225952521e-12,0.0,0.0,0.03354275471250856,480.89,40.0,0.0,17.488244882629438,199.84580333295057,88.48705120759703,0.0,0.0,0.0,4.917232447308503,40.0,0.0,305.82109942317703,9194.144121791582,17527.549168735677,307.14510729462484,517.2967754241373,1.9945156637390937e-12,unvalidated-engineering-priors,fixed independent scenario factor; no N cycle,2007-08-12,2007-09-26,2007-09-26,physiological_maturity,R6_physiological_maturity,2007-06-16,seed_layer_available_water,50.0
23,ag_075_044,fallow,2007,2007-10-06,2007-10-11,601375.5459775862,0.5,9.525713551283843e-14,0.0,0.0,0.0,1.0,1.84,0.0,0.0,14.613521596755046,0.0,0.0,0.0,0.0,0.0,0.2634194491623769,0.0,0.0,14.613521596755046,0.0,0.0,517.2967754241373,504.25983437822003,-1.4732659536775827e-13,unvalidated-engineering-priors,fixed independent scenario factor; no N cycle,,,,right_censored,BBCH89_full_ripeness,,,
23,ag_075_044,wheat,2008,2007-10-12,2008-06-10,601375.5459775862,0.5,4.2543746303636e-13,3.510081114654895e-12,0.0,0.0,0.04267140235271844,222.59,150.0,0.0,212.46196247803525,220.03139093879432,44.42144903799637,0.0,0.0,0.0,8.58579973993893,150.0,0.0,476.9148024548259,7498.592128397461,16933.672848874834,504.25983437822003,391.34923218345585,-6.559752740997737e-13,unvalidated-engineering-priors,fixed independent scenario factor; no N cycle,2008-04-24,2008-06-02,2008-06-02,full_ripeness,BBCH89_full_ripeness,2007-10-12,seed_layer_available_water,50.0
23,ag_075_044,fallow,2008,2008-06-11,2008-06-14,601375.5459775862,0.5,9.314771176605063e-14,0.0,0.0,0.0,1.0,2.49,0.0,0.0,5.290037912175876,0.0,0.0,0.0,0.0,0.0,0.004410821637711236,0.0,0.0,5.290037912175876,0.0,0.0,391.34923218345585,388.54478344964224,2.8199664825478976e-14,unvalidated-engineering-priors,fixed independent scenario factor; no N cycle,,,,right_censored,BBCH89_full_ripeness,,,
23,ag_075_044,maize,2008,2008-06-15,2008-10-05,601375.5459775862,0.5,7.833733661755105e-13,4.149569576838985e-12,0.0,0.0,0.03354275471250856,406.68,40.0,0.0,18.572851423892338,193.6026560503227,91.7398984933915,0.0,0.0,0.0,4.571071634988923,40.0,0.0,303.91540596760655,9020.085303532605,16965.088159299296,388.54478344964224,526.7383058470467,6.600275881396556e-14,unvalidated-engineering-priors,fixed independent scenario factor; no N cycle,2008-08-11,2008-09-24,2008-09-24,physiological_maturity,R6_physiological_maturity,2008-06-16,seed_layer_available_water,50.0
23,ag_075_044,fallow,2008,2008-10-06,2008-10-11,601375.5459775862,0.5,5.284661597215745e-14,0.0,0.0,0.0,1.0,1.07,0.0,0.0,16.1424423262666,0.0,0.0,0.0,0.0,0.0,0.2269638192223693,0.0,0.0,16.1424423262666,0.0,0.0,526.7383058470467,511.43889970155783,-8.260059303211165e-14,unvalidated-engineering-priors,fixed independent scenario factor; no N cycle,,,,right_censored,BBCH89_full_ripeness,,,
23,ag_075_044,wheat,2009,2008-10-12,2009-06-10,601375.5459775862,0.5,1.7852386235972517e-13,2.5579538487363607e-12,0.0,0.0,0.04267140235271844,273.08,150.0,0.0,233.60361257677897,213.98066596954308,29.46351825185029,0.0,0.0,0.0,8.351625619818593,150.0,0.0,477.0477967981723,6422.29624330871,15063.248118313335,511.43889970155783,449.11947728356637,5.247469125890802e-13,unvalidated-engineering-priors,fixed independent scenario factor; no N cycle,2009-04-22,2009-05-29,2009-05-29,full_ripeness,BBCH89_full_ripeness,2008-10-12,seed_layer_available_water,50.0
23,ag_075_044,fallow,2009,2009-06-11,2009-06-14,601375.5459775862,0.5,9.947598300641403e-14,0.0,0.0,0.0,1.0,6.72,0.0,0.0,21.5688681379927,0.0,0.0,0.0,0.0,0.0,0.0038239191020075954,0.0,0.0,21.5688681379927,0.0,0.0,449.11947728356637,434.2667852264717,-4.75175454539567e-14,unvalidated-engineering-priors,fixed independent scenario factor; no N cycle,,,,right_censored,BBCH89_full_ripeness,,,
23,ag_075_044,maize,2009,2009-06-15,2009-10-05,601375.5459775862,0.5,5.95523630408934e-13,4.604316927725449e-12,0.0,0.0,0.03354275471250856,380.83,40.0,0.0,16.08231511595696,229.5090188659197,100.39001114263884,0.0,0.0,0.0,1.361641369649858,40.0,0.0,345.9813451245155,9540.910782653551,19661.01091448818,434.2667852264717,507.7537987323087,-2.37565522809291e-12,unvalidated-engineering-priors,fixed independent scenario factor; no N cycle,2009-08-10,2009-09-29,2009-09-29,physiological_maturity,R6_physiological_maturity,2009-06-15,seed_layer_available_water,50.0
23,ag_075_044,fallow,2009,2009-10-06,2009-10-11,601375.5459775862,0.5,8.104628079763643e-14,0.0,0.0,0.0,1.0,2.47,0.0,0.0,15.22614618490813,0.0,0.0,0.0,0.0,0.0,0.11382131390122345,0.0,0.0,15.22614618490813,0.0,0.0,507.7537987323087,494.8838312334995,-1.3655743202889425e-13,unvalidated-engineering-priors,fixed independent scenario factor; no N cycle,,,,right_censored,BBCH89_full_ripeness,,,
23,ag_075_044,wheat,2010,2009-10-12,2010-06-10,601375.5459775862,0.5,1.9584334154387761e-13,3.0127011996228248e-12,0.0,0.0,0.04267140235271844,170.49,150.0,0.0,205.15513899626959,241.10440095070277,34.810085802153665,0.0,0.0,0.0,6.315237275935537,150.0,0.0,481.06962574912603,7342.652605025737,16676.073076625264,494.8838312334995,327.9889682084385,-5.714317907745681e-13,unvalidated-engineering-priors,fixed independent scenario factor; no N cycle,2010-05-04,2010-06-10,2010-06-10,full_ripeness,BBCH89_full_ripeness,2009-10-12,seed_layer_available_water,50.0
23,ag_075_044,fallow,2010,2010-06-11,2010-06-14,601375.5459775862,0.5,4.529709940470639e-14,0.0,0.0,0.0,1.0,0.0,0.0,0.0,5.605046340509558,0.0,0.0,0.0,0.0,0.0,0.0010917289264374534,0.0,0.0,5.605046340509558,0.0,0.0,327.9889682084385,322.38283013900246,4.674038933671909e-14,unvalidated-engineering-priors,fixed independent scenario factor; no N cycle,,,,right_censored,BBCH89_full_ripeness,,,
23,ag_075_044,maize,2010,2010-06-15,2010-10-05,601375.5459775862,0.5,1.1093348462054564e-12,3.311129148642067e-12,0.0,0.0,0.03354275471250856,551.36,40.0,0.0,21.001654902049545,183.42939307584314,94.15088187070852,0.0,0.0,0.0,18.723846200220812,40.0,0.0,298.5819298486012,8153.654573997072,16532.502245876767,322.38283013900246,596.4370540901842,-3.7985170564525106e-12,unvalidated-engineering-priors,fixed independent scenario factor; no N cycle,2010-08-10,2010-09-26,2010-09-26,physiological_maturity,R6_physiological_maturity,2010-06-16,seed_layer_available_water,50.0
23,ag_075_044,fallow,2010,2010-10-06,2010-10-11,601375.5459775862,0.5,1.709743457922741e-13,0.0,0.0,0.0,1.0,0.18,0.0,0.0,18.97791444462003,0.0,0.0,0.0,0.0,0.0,2.8179629451516757,0.0,0.0,18.97791444462003,0.0,0.0,596.4370540901842,574.8211767004124,1.6120438317557273e-13,unvalidated-engineering-priors,fixed independent scenario factor; no N cycle,,,,right_censored,BBCH89_full_ripeness,,,
23,ag_075_044,wheat,2011,2010-10-12,2011-06-10,601375.5459775862,0.5,2.7911006839076435e-13,2.6432189770275727e-12,0.0,0.0,0.04267140235271844,108.71,150.0,0.0,172.6668913196007,264.64938313055893,21.34384449714775,0.0,0.0,0.0,33.01902584561294,150.0,0.0,458.66011894730735,6937.562199581251,15963.123378699918,574.8211767004124,341.85203190749445,-2.3829271889042047e-12,unvalidated-engineering-priors,fixed independent scenario factor; no N cycle,2011-04-25,2011-06-02,2011-06-02,full_ripeness,BBCH89_full_ripeness,2010-10-12,seed_layer_available_water,50.0
23,ag_075_044,fallow,2011,2011-06-11,2011-06-14,601375.5459775862,0.5,7.882583474838611e-14,0.0,0.0,0.0,1.0,1.57,0.0,0.0,2.266524732590781,0.0,0.0,0.0,0.0,0.0,0.0016124042554053262,0.0,0.0,2.266524732590781,0.0,0.0,341.85203190749445,341.15389477064826,-1.1102230246251565e-15,unvalidated-engineering-priors,fixed independent scenario factor; no N cycle,,,,right_censored,BBCH89_full_ripeness,,,
23,ag_075_044,maize,2011,2011-06-15,2011-10-05,601375.5459775862,0.5,6.346034808757395e-13,2.6147972675971687e-12,0.0,0.0,0.03354275471250856,494.21,40.0,0.0,19.695791865169586,179.81781633694382,83.77359360307938,0.0,0.0,0.0,1.867963571816705,40.0,0.0,283.2872018051928,8831.41555396111,16617.009054184913,341.15389477064826,590.2087293936358,2.9250490918286687e-12,unvalidated-engineering-priors,fixed independent scenario factor; no N cycle,2011-08-11,2011-10-04,2011-10-04,physiological_maturity,R6_physiological_maturity,2011-06-16,seed_layer_available_water,50.0
23,ag_075_044,fallow,2011,2011-10-06,2011-10-11,601375.5459775862,0.5,1.461053500406706e-13,0.0,0.0,0.0,1.0,11.709999999999999,0.0,0.0,16.6122346,0.0,0.0,0.0,0.0,0.0,1.053480296506492,0.0,0.0,16.6122346,0.0,0.0,590.2087293936358,584.2530144971292,1.1501910535116622e-13,unvalidated-engineering-priors,fixed independent scenario factor; no N cycle,,,,right_censored,BBCH89_full_ripeness,,,
23,ag_075_044,wheat,2012,2011-10-12,2012-06-10,601375.5459775862,0.5,5.480060849549773e-13,2.6858515411731787e-12,0.0,0.0,0.04267140235271844,190.03,150.0,0.0,240.93209983446556,247.13944456178106,27.44122833731223,0.0,0.0,0.0,42.62368215606023,150.0,0.0,515.5127727335588,8290.385187979055,18601.887570723156,584.2530144971292,366.14655960750986,3.065325770990057e-13,unvalidated-engineering-priors,fixed independent scenario factor; no N cycle,2012-04-28,2012-06-04,2012-06-04,full_ripeness,BBCH89_full_ripeness,2011-10-12,seed_layer_available_water,50.0
23,ag_075_044,fallow,2012,2012-06-11,2012-06-14,601375.5459775862,0.5,8.837375276016246e-14,0.0,0.0,0.0,1.0,0.0,0.0,0.0,1.941982269640121,0.0,0.0,0.0,0.0,0.0,0.007147628039757685,0.0,0.0,1.941982269640121,0.0,0.0,366.14655960750986,364.19742970983,2.9976021664879227e-15,unvalidated-engineering-priors,fixed independent scenario factor; no N cycle,,,,right_censored,BBCH89_full_ripeness,,,
23,ag_075_044,maize,2012,2012-06-15,2012-10-05,601375.5459775862,0.5,6.772360450213455e-13,2.7284841053187847e-12,0.0,0.0,0.03354275471250856,418.76,40.0,0.0,22.00577709834131,205.08027385914798,74.84765330405057,0.0,0.0,0.0,4.998274056636333,40.0,0.0,301.93370426153984,8815.369465352982,16543.641961105728,364.19742970983,516.0254513916549,-1.0815237594385962e-12,unvalidated-engineering-priors,fixed independent scenario factor; no N cycle,2012-08-10,2012-09-26,2012-09-26,physiological_maturity,R6_physiological_maturity,2012-06-16,seed_layer_available_water,50.0
23,ag_075_044,fallow,2012,2012-10-06,2012-10-11,601375.5459775862,0.5,8.43769498715119e-14,0.0,0.0,0.0,1.0,0.01,0.0,0.0,16.962349922981215,0.0,0.0,0.0,0.0,0.0,0.2560303335346404,0.0,0.0,16.962349922981215,0.0,0.0,516.0254513916549,498.8170711351392,-1.7363888105137448e-13,unvalidated-engineering-priors,fixed independent scenario factor; no N cycle,,,,right_censored,BBCH89_full_ripeness,,,
23,ag_075_044,wheat,2013,2012-10-12,2013-06-10,601375.5459775862,0.5,1.7674750552032492e-13,4.291678123991005e-12,0.0,0.0,0.04267140235271844,192.56,150.0,0.0,211.93190781568137,225.17422503310172,32.79809335488008,0.0,0.0,0.0,8.188747023960003,150.0,0.0,469.90422620366314,6400.693974040281,15075.113429443434,498.8170711351392,363.28409790751596,6.589173651150304e-14,unvalidated-engineering-priors,fixed independent scenario factor; no N cycle,2013-04-29,2013-06-08,2013-06-08,full_ripeness,BBCH89_full_ripeness,2012-10-12,seed_layer_available_water,50.0
23,ag_075_044,fallow,2013,2013-06-11,2013-06-14,601375.5459775862,0.5,1.127986593019159e-13,0.0,0.0,0.0,1.0,0.0,0.0,0.0,8.492036043719084,0.0,0.0,0.0,0.0,0.0,0.001472698666283375,0.0,0.0,8.492036043719084,0.0,0.0,363.28409790751596,354.7905891651304,1.6231460620019789e-13,unvalidated-engineering-priors,fixed independent scenario factor; no N cycle,,,,right_censored,BBCH89_full_ripeness,,,
23,ag_075_044,maize,2013,2013-06-15,2013-10-05,601375.5459775862,0.5,3.184119634624949e-13,2.7000623958883807e-12,0.0,0.0,0.03354275471250856,252.91,40.0,0.0,21.895022698975733,260.01917981913977,53.54202502019214,0.0,0.0,0.0,0.21267272491376274,40.0,0.0,335.45622753830764,8654.700126274405,17369.248404667524,354.7905891651304,312.03168890190807,9.626743846524732e-13,unvalidated-engineering-priors,fixed independent scenario factor; no N cycle,2013-08-10,2013-09-21,2013-09-21,physiological_maturity,R6_physiological_maturity,2013-06-16,seed_layer_available_water,50.0
23,ag_075_044,fallow,2013,2013-10-06,2013-10-11,601375.5459775862,0.5,7.416289804496046e-14,0.0,0.0,0.0,1.0,0.0,0.0,0.0,5.497031760506434,0.0,0.0,0.0,0.0,0.0,0.0005133486127773612,0.0,0.0,5.497031760506434,0.0,0.0,312.03168890190807,306.5341437927889,-2.3647750424515834e-14,unvalidated-engineering-priors,fixed independent scenario factor; no N cycle,,,,right_censored,BBCH89_full_ripeness,,,
23,ag_075_044,wheat,2014,2013-10-12,2014-06-10,601375.5459775862,0.5,1.9406698470447736e-13,4.547473508864641e-13,0.0,0.0,0.04267140235271844,163.85,150.0,0.0,259.01708909121334,35.3946700203147,6.510911446407078,0.0,0.0,0.0,0.01964344431487394,150.0,0.0,300.92267055793513,1037.7071242432519,2562.253447760736,306.5341437927889,319.4418297905389,-4.9779624866630456e-14,unvalidated-engineering-priors,fixed independent scenario factor; no N cycle,2014-04-17,2014-05-27,2014-05-27,full_ripeness,BBCH89_full_ripeness,2013-10-13,seed_layer_available_water,50.0
23,ag_075_044,fallow,2014,2014-06-11,2014-06-14,601375.5459775862,0.5,6.389333506717776e-14,0.0,0.0,0.0,1.0,0.53,0.0,0.0,1.5383659659345201,0.0,0.0,0.0,0.0,0.0,0.00024409375286144096,0.0,0.0,1.5383659659345201,0.0,0.0,319.4418297905389,318.43321973085165,-1.1035616864774056e-13,unvalidated-engineering-priors,fixed independent scenario factor; no N cycle,,,,right_censored,BBCH89_full_ripeness,,,
23,ag_075_044,maize,2014,2014-06-15,2014-10-05,601375.5459775862,0.5,5.218048215738236e-13,3.723243935382925e-12,0.0,0.0,0.03354275471250856,365.33,40.0,0.0,19.599617949022115,161.85767005863843,79.1464002803302,0.0,0.0,0.0,0.01011670245388454,40.0,0.0,260.60368828799074,7706.191236773285,16271.59198113839,318.43321973085165,463.1494147404086,-1.5709100686933652e-12,unvalidated-engineering-priors,fixed independent scenario factor; no N cycle,2014-08-12,2014-09-28,2014-09-28,physiological_maturity,R6_physiological_maturity,2014-06-16,seed_layer_available_water,50.0
23,ag_075_044,fallow,2014,2014-10-06,2014-10-11,601375.5459775862,0.5,1.6253665080512292e-13,0.0,0.0,0.0,1.0,0.03,0.0,0.0,18.015634778236695,0.0,0.0,0.0,0.0,0.0,0.00507166382291038,0.0,0.0,18.015634778236695,0.0,0.0,463.1494147404086,445.15870829834876,2.2470914018413168e-13,unvalidated-engineering-priors,fixed independent scenario factor; no N cycle,,,,right_censored,BBCH89_full_ripeness,,,
23,ag_075_044,wheat,2015,2014-10-12,2015-06-10,601375.5459775862,0.5,2.000621890374532e-13,2.1884716261411086e-12,0.0,0.0,0.04267140235271844,182.41,150.0,0.0,212.4541106620593,178.73420336574105,43.83089939832126,0.0,0.0,0.0,0.8105493201640822,150.0,0.0,435.0192134261216,5968.691946896435,13696.290119558034,445.15870829834876,341.7389455520622,8.462675005205256e-13,unvalidated-engineering-priors,fixed independent scenario factor; no N cycle,2015-04-23,2015-05-29,2015-05-29,full_ripeness,BBCH89_full_ripeness,2014-10-12,seed_layer_available_water,50.0
23,ag_075_044,fallow,2015,2015-06-11,2015-06-14,601375.5459775862,0.5,1.628142065612792e-13,0.0,0.0,0.0,1.0,0.0,0.0,0.0,1.530604115772897,0.0,0.0,0.0,0.0,0.0,0.001221226643156551,0.0,0.0,1.530604115772897,0.0,0.0,341.7389455520622,340.2071202096463,-1.397770788003072e-13,unvalidated-engineering-priors,fixed independent scenario factor; no N cycle,,,,right_censored,BBCH89_full_ripeness,,,
23,ag_075_044,maize,2015,2015-06-15,2015-10-05,601375.5459775862,0.5,6.16839912481737e-13,3.637978807091713e-12,1.4210854715202004e-14,0.0,0.03354275471250856,348.90000000000003,40.0,0.0,19.304935805647816,212.98000217832552,77.18398944348131,0.0,0.0,0.0,0.12864959687893862,40.0,0.0,309.4689274274546,9310.030465493377,17514.52498062218,340.2071202096463,419.50954318531376,-1.0333955913210957e-12,unvalidated-engineering-priors,fixed independent scenario factor; no N cycle,2015-08-12,2015-09-27,2015-09-27,physiological_maturity,R6_physiological_maturity,2015-06-16,seed_layer_available_water,50.0
23,ag_075_044,fallow,2015,2015-10-06,2015-10-11,601375.5459775862,0.5,1.5543122344752192e-13,0.0,0.0,0.0,1.0,12.94,0.0,0.0,17.252797238352397,0.0,0.0,0.0,0.0,0.0,0.005090013099324604,0.0,0.0,17.252797238352397,0.0,0.0,419.50954318531376,415.1916559338623,-2.7045032879868813e-13,unvalidated-engineering-priors,fixed independent scenario factor; no N cycle,,,,right_censored,BBCH89_full_ripeness,,,
23,ag_075_044,wheat,2016,2015-10-12,2016-06-10,601375.5459775862,0.5,2.2248869413488137e-13,2.2737367544323206e-12,0.0,0.0,0.04267140235271844,248.93,150.0,0.0,261.8046640762244,178.2124121478022,27.755887969718845,0.0,0.0,0.0,0.46820639042617196,150.0,0.0,467.77296419374545,5082.64156373184,11922.553344998109,415.1916559338623,345.88048534969,6.809552921538398e-13,unvalidated-engineering-priors,fixed independent scenario factor; no N cycle,2016-04-21,2016-05-29,2016-05-29,full_ripeness,BBCH89_full_ripeness,2015-10-12,seed_layer_available_water,50.0
23,ag_075_044,fallow,2016,2016-06-11,2016-06-14,601375.5459775862,0.5,6.306066779870889e-14,0.0,0.0,0.0,1.0,10.25,0.0,0.0,12.558147526259043,0.0,0.0,0.0,0.0,0.0,0.0005072889858328836,0.0,0.0,12.558147526259043,0.0,0.0,345.88048534969,343.57183053444516,-3.9968028886505635e-14,unvalidated-engineering-priors,fixed independent scenario factor; no N cycle,,,,right_censored,BBCH89_full_ripeness,,,
23,ag_075_044,maize,2016,2016-06-15,2016-10-05,601375.5459775862,0.5,7.309708394132031e-13,3.637978807091713e-12,0.0,0.0,0.03354275471250856,413.79,40.0,0.0,21.28050595772181,222.8479421974807,83.46886684655261,0.0,0.0,0.0,0.7784847627545575,40.0,0.0,327.59731500175513,8831.746291630183,16803.223039924927,343.57183053444516,468.9860307699353,1.5998313784848506e-13,unvalidated-engineering-priors,fixed independent scenario factor; no N cycle,2016-08-09,2016-09-21,2016-09-21,physiological_maturity,R6_physiological_maturity,2016-06-15,seed_layer_available_water,50.0
23,ag_075_044,fallow,2016,2016-10-06,2016-10-11,601375.5459775862,0.5,1.1390888232654106e-13,0.0,0.0,0.0,1.0,1.41,0.0,0.0,14.334372826478464,0.0,0.0,0.0,0.0,0.0,0.026099535953133888,0.0,0.0,14.334372826478464,0.0,0.0,468.9860307699353,456.03555840750386,-1.2989609388114332e-13,unvalidated-engineering-priors,fixed independent scenario factor; no N cycle,,,,right_censored,BBCH89_full_ripeness,,,
23,ag_075_044,wheat,2017,2016-10-12,2017-06-10,601375.5459775862,0.5,1.8540724511240114e-13,4.035882739117369e-12,0.0,0.0,0.04267140235271844,244.75,150.0,0.0,251.34801312041378,223.17012543476892,37.21017180348985,0.0,0.0,0.0,3.146582043947527,150.0,0.0,511.72831035867256,7344.245619232823,16531.995847081464,456.03555840750386,335.91066600488267,1.105171509863112e-12,unvalidated-engineering-priors,fixed independent scenario factor; no N cycle,2017-04-19,2017-05-29,2017-05-29,full_ripeness,BBCH89_full_ripeness,2016-10-12,seed_layer_available_water,50.0
23,ag_075_044,fallow,2017,2017-06-11,2017-06-14,601375.5459775862,0.5,6.261657858885883e-14,0.0,0.0,0.0,1.0,1.92,0.0,0.0,4.8678005954119055,0.0,0.0,0.0,0.0,0.0,0.0010755602417662396,0.0,0.0,4.8678005954119055,0.0,0.0,335.91066600488267,332.9617898492289,7.771561172376096e-14,unvalidated-engineering-priors,fixed independent scenario factor; no N cycle,,,,right_censored,BBCH89_full_ripeness,,,
23,ag_075_044,maize,2017,2017-06-15,2017-10-05,601375.5459775862,0.5,6.45705711121991e-13,3.907985046680551e-12,0.0,0.0,0.03354275471250856,444.59000000000003,40.0,0.0,18.444336362489405,197.4410267557073,100.86850379966722,0.0,0.0,0.0,0.21088337180647224,40.0,0.0,316.75386691786395,8521.059314916847,17781.22135755438,332.9617898492289,500.58703955955644,2.0984325388440084e-12,unvalidated-engineering-priors,fixed independent scenario factor; no N cycle,2017-08-11,2017-09-24,2017-09-24,physiological_maturity,R6_physiological_maturity,2017-06-16,seed_layer_available_water,50.0
23,ag_075_044,fallow,2017,2017-10-06,2017-10-11,601375.5459775862,0.5,1.1102230246251565e-13,0.0,0.0,0.0,1.0,14.01,0.0,0.0,8.516992299999998,0.0,0.0,0.0,0.0,0.0,0.02975692017076234,0.0,0.0,8.516992299999998,0.0,0.0,500.58703955955644,506.05029033938564,4.4075854077618715e-14,unvalidated-engineering-priors,fixed independent scenario factor; no N cycle,,,,right_censored,BBCH89_full_ripeness,,,
23,ag_075_044,wheat,2018,2017-10-12,2018-06-10,601375.5459775862,0.5,4.4497738826976274e-13,3.140598892059643e-12,0.0,0.0,0.04267140235271844,244.27,150.0,0.0,246.42806833359685,203.58448006309303,40.30315146152428,0.0,0.0,0.0,5.515624537933351,150.0,0.0,490.31569985821415,5855.733130217092,13842.723025217543,506.05029033938564,404.48896594323867,-5.148659276699163e-13,unvalidated-engineering-priors,fixed independent scenario factor; no N cycle,2018-04-19,2018-05-27,2018-05-27,full_ripeness,BBCH89_full_ripeness,2017-10-12,seed_layer_available_water,50.0
23,ag_075_044,fallow,2018,2018-06-11,2018-06-14,601375.5459775862,0.5,7.593925488436071e-14,0.0,0.0,0.0,1.0,3.96,0.0,0.0,10.186308717955587,0.0,0.0,0.0,0.0,0.0,0.0049332867963360685,0.0,0.0,10.186308717955587,0.0,0.0,404.48896594323867,398.2577239384869,-1.461053500406706e-13,unvalidated-engineering-priors,fixed independent scenario factor; no N cycle,,,,right_censored,BBCH89_full_ripeness,,,
23,ag_075_044,maize,2018,2018-06-15,2018-10-05,601375.5459775862,0.5,8.073541835074138e-13,2.7284841053187847e-12,0.0,0.0,0.03354275471250856,453.75,40.0,0.0,19.25396688935853,243.72617229689766,78.76665596290908,0.0,0.0,0.0,5.114708901347681,40.0,0.0,341.7467951491653,8140.5571909807695,16521.535463191685,398.2577239384869,545.1462198879732,7.4451556031363e-13,unvalidated-engineering-priors,fixed independent scenario factor; no N cycle,2018-08-10,2018-09-22,2018-09-22,physiological_maturity,R6_physiological_maturity,2018-06-16,seed_layer_available_water,50.0
23,ag_075_044,fallow,2018,2018-10-06,2018-10-11,601375.5459775862,0.5,1.354472090042691e-13,0.0,0.0,0.0,1.0,0.18,0.0,0.0,19.223523110049356,0.0,0.0,0.0,0.0,0.0,0.4527446395534659,0.0,0.0,19.223523110049356,0.0,0.0,545.1462198879732,525.6499521383703,8.526512829121202e-14,unvalidated-engineering-priors,fixed independent scenario factor; no N cycle,,,,right_censored,BBCH89_full_ripeness,,,
23,ag_075_044,wheat,2019,2018-10-12,2019-06-10,601375.5459775862,0.5,3.632649736573512e-13,3.183231456205249e-12,0.0,0.0,0.04267140235271844,110.49,150.0,0.0,189.52452887515307,234.02172125347533,29.16204455606322,0.0,0.0,0.0,13.275099387511764,150.0,0.0,452.7082946846916,7107.978970908599,15817.600997589321,525.6499521383703,320.1565580661666,2.8133051444001467e-13,unvalidated-engineering-priors,fixed independent scenario factor; no N cycle,2019-04-21,2019-05-31,2019-05-31,full_ripeness,BBCH89_full_ripeness,2018-10-12,seed_layer_available_water,50.0
23,ag_075_044,fallow,2019,2019-06-11,2019-06-14,601375.5459775862,0.5,3.907985046680551e-14,0.0,0.0,0.0,1.0,0.01,0.0,0.0,2.0391543220210884,0.0,0.0,0.0,0.0,0.0,0.0011912764549801289,0.0,0.0,2.0391543220210884,0.0,0.0,320.1565580661666,318.1262124676906,-6.517009154549669e-14,unvalidated-engineering-priors,fixed independent scenario factor; no N cycle,,,,right_censored,BBCH89_full_ripeness,,,
23,ag_075_044,maize,2019,2019-06-15,2019-10-05,601375.5459775862,0.5,1.7152945730458669e-13,2.3732127374387346e-12,0.0,0.0,0.03354275471250856,260.46,40.0,0.0,26.715719946955183,148.93095202717595,63.163410894897076,0.0,0.0,0.0,0.02053481966521515,40.0,0.0,238.8100828690282,6710.275193213045,13855.16406362484,318.1262124676906,379.75559477899714,4.107825191113079e-14,unvalidated-engineering-priors,fixed independent scenario factor; no N cycle,2019-08-11,2019-09-24,2019-09-24,physiological_maturity,R6_physiological_maturity,2019-06-16,seed_layer_available_water,50.0
23,ag_075_044,fallow,2019,2019-10-06,2019-10-11,601375.5459775862,0.5,8.526512829121202e-14,0.0,0.0,0.0,1.0,21.72,0.0,0.0,11.690174449999997,0.0,0.0,0.0,0.0,0.0,0.00020943382006673706,0.0,0.0,11.690174449999997,0.0,0.0,379.75559477899714,389.7852108951771,-3.241851231905457e-14,unvalidated-engineering-priors,fixed independent scenario factor; no N cycle,,,,right_censored,BBCH89_full_ripeness,,,
23,ag_075_044,wheat,2020,2019-10-12,2020-06-10,601375.5459775862,0.5,1.8107737531636303e-13,1.8474111129762605e-12,0.0,0.0,0.04267140235271844,159.19,150.0,0.0,203.7024016043639,168.5525009629261,31.03268915258858,0.0,0.0,0.0,0.051036165649924116,150.0,0.0,403.2875917198786,4607.486709718879,11198.48525082457,389.7852108951771,295.6365830096482,4.047318036271008e-13,unvalidated-engineering-priors,fixed independent scenario factor; no N cycle,2020-04-17,2020-05-28,2020-05-28,full_ripeness,BBCH89_full_ripeness,2019-10-12,seed_layer_available_water,50.0
23,ag_075_044,fallow,2020,2020-06-11,2020-06-14,601375.5459775862,0.5,4.75175454539567e-14,0.0,0.0,0.0,1.0,22.19,0.0,0.0,13.925616570061699,0.0,0.0,0.0,0.0,0.0,0.000196033076485828,0.0,0.0,13.925616570061699,0.0,0.0,295.6365830096482,303.90077040651005,-5.728750807065808e-14,unvalidated-engineering-priors,fixed independent scenario factor; no N cycle,,,,right_censored,BBCH89_full_ripeness,,,
23,ag_075_044,maize,2020,2020-06-15,2020-10-05,601375.5459775862,0.5,5.39124300757976e-13,2.8990143619012088e-12,0.0,0.0,0.03354275471250856,380.78,40.0,0.0,18.33741066937243,221.1512437455166,69.76625664735829,0.0,0.0,0.0,0.4891327698342667,40.0,0.0,309.25491106224734,8882.885048738895,16498.572260612487,303.90077040651005,414.93672657442465,3.775646462145232e-12,unvalidated-engineering-priors,fixed independent scenario factor; no N cycle,2020-08-12,2020-09-23,2020-09-23,physiological_maturity,R6_physiological_maturity,2020-06-16,seed_layer_available_water,50.0
23,ag_075_044,fallow,2020,2020-10-06,2020-10-11,601375.5459775862,0.5,1.1268763699945339e-13,0.0,0.0,0.0,1.0,1.23,0.0,0.0,8.927741714334932,0.0,0.0,0.0,0.0,0.0,0.011698898871271768,0.0,0.0,8.927741714334932,0.0,0.0,414.93672657442465,407.2272859612187,-2.339239912885205e-13,unvalidated-engineering-priors,fixed independent scenario factor; no N cycle,,,,right_censored,BBCH89_full_ripeness,,,
23,ag_075_044,wheat,2021,2020-10-12,2021-06-10,601375.5459775862,0.5,1.8562928971732617e-13,2.2737367544323206e-12,0.0,0.0,0.04267140235271844,177.97,150.0,0.0,194.5451668924743,201.11244238791875,33.82816430469121,0.0,0.0,0.0,0.5313589363515203,150.0,0.0,429.48577358508425,5679.378125767864,13728.257323481674,407.2272859612187,305.1801534397828,8.584799537914023e-14,unvalidated-engineering-priors,fixed independent scenario factor; no N cycle,2021-04-16,2021-05-26,2021-05-26,full_ripeness,BBCH89_full_ripeness,2020-10-12,seed_layer_available_water,50.0
23,ag_075_044,fallow,2021,2021-06-11,2021-06-14,601375.5459775862,0.5,4.973799150320701e-14,0.0,0.0,0.0,1.0,31.15,0.0,0.0,4.700854266012936,0.0,0.0,0.0,0.0,0.0,0.000452811397360288,0.0,0.0,4.700854266012936,0.0,0.0,305.1801534397828,331.62884636237254,-1.049160758270773e-14,unvalidated-engineering-priors,fixed independent scenario factor; no N cycle,,,,right_censored,BBCH89_full_ripeness,,,
23,ag_075_044,maize,2021,2021-06-15,2021-10-05,601375.5459775862,0.5,1.0764722446765518e-12,2.8990143619012088e-12,0.0,0.0,0.03354275471250856,840.06,40.0,0.0,18.35003872992077,197.37550737526155,90.33415564457822,0.0,0.0,0.0,174.0957670356169,40.0,0.0,306.0597017497605,8300.069068099217,16725.953432796883,331.62884636237254,731.5333775769925,2.6093571747765054e-12,unvalidated-engineering-priors,fixed independent scenario factor; no N cycle,2021-08-09,2021-09-23,2021-09-23,physiological_maturity,R6_physiological_maturity,2021-06-15,seed_layer_available_water,50.0
23,ag_075_044,fallow,2021,2021-10-06,2021-10-11,601375.5459775862,0.5,1.2212453270876722e-13,0.0,0.0,0.0,1.0,20.35,0.0,0.0,10.546109099999999,0.0,0.0,0.0,0.0,0.0,29.701960002332125,0.0,0.0,10.546109099999999,0.0,0.0,731.5333775769925,711.6353084746602,2.0472512574087887e-13,unvalidated-engineering-priors,fixed independent scenario factor; no N cycle,,,,right_censored,BBCH89_full_ripeness,,,
23,ag_075_044,wheat,2022,2021-10-12,2022-06-10,601375.5459775862,0.5,5.573319583618286e-13,4.888534022029489e-12,0.0,0.0,0.04267140235271844,108.95,150.0,0.0,195.87418655038277,285.3570727169727,39.56979023062165,0.0,0.0,0.0,123.15516802909958,150.0,0.0,520.8010494979771,8808.494056652327,19850.220202830118,711.6353084746602,326.6290909475816,1.89592785915238e-12,unvalidated-engineering-priors,fixed independent scenario factor; no N cycle,2022-04-18,2022-05-30,2022-05-30,full_ripeness,BBCH89_full_ripeness,2021-10-12,seed_layer_available_water,50.0
23,ag_075_044,fallow,2022,2022-06-11,2022-06-14,601375.5459775862,0.5,4.468647674116255e-14,0.0,0.0,0.0,1.0,0.78,0.0,0.0,1.7357634862515285,0.0,0.0,0.0,0.0,0.0,0.0014893171127240122,0.0,0.0,1.7357634862515285,0.0,0.0,326.6290909475816,325.67183814421725,7.416289804496046e-14,unvalidated-engineering-priors,fixed independent scenario factor; no N cycle,,,,right_censored,BBCH89_full_ripeness,,,
23,ag_075_044,maize,2022,2022-06-15,2022-10-05,601375.5459775862,0.5,6.838973831690964e-13,4.092726157978177e-12,0.0,0.0,0.03354275471250856,409.42,40.0,0.0,22.204633300518015,245.10155165523156,66.49225973760116,0.0,0.0,0.0,1.7168691585242273,40.0,0.0,333.79844469335075,8941.74122523597,16885.486038402603,325.67183814421725,439.57652429233843,3.859357278201969e-12,unvalidated-engineering-priors,fixed independent scenario factor; no N cycle,2022-08-12,2022-09-25,2022-09-25,physiological_maturity,R6_physiological_maturity,2022-06-16,seed_layer_available_water,50.0
23,ag_075_044,fallow,2022,2022-10-06,2022-10-11,601375.5459775862,0.5,8.570921750106208e-14,0.0,0.0,0.0,1.0,0.32,0.0,0.0,15.718699849008885,0.0,0.0,0.0,0.0,0.0,0.009538669637918256,0.0,0.0,15.718699849008885,0.0,0.0,439.57652429233843,424.16828577369154,9.325873406851315e-14,unvalidated-engineering-priors,fixed independent scenario factor; no N cycle,,,,right_censored,BBCH89_full_ripeness,,,
23,ag_075_044,wheat,2023,2022-10-12,2023-06-10,601375.5459775862,0.5,2.948752353404416e-13,3.254285729781259e-12,0.0,0.0,0.04267140235271844,251.04999999999998,150.0,0.0,265.858642686881,168.66478089152972,25.460078499834765,0.0,0.0,0.0,0.4770408015129621,150.0,0.0,459.9835020782455,4952.173372791027,11617.643154544256,424.16828577369154,364.75774289393325,-2.0339285811132868e-13,unvalidated-engineering-priors,fixed independent scenario factor; no N cycle,2023-04-15,2023-05-26,2023-05-26,full_ripeness,BBCH89_full_ripeness,2022-10-12,seed_layer_available_water,50.0
23,ag_075_044,fallow,2023,2023-06-11,2023-06-14,601375.5459775862,0.5,7.926992395823618e-14,0.0,0.0,0.0,1.0,2.07,0.0,0.0,3.983101351257142,0.0,0.0,0.0,0.0,0.0,0.0009954362327000523,0.0,0.0,3.983101351257142,0.0,0.0,364.75774289393325,362.8436461064434,3.952393967665557e-14,unvalidated-engineering-priors,fixed independent scenario factor; no N cycle,,,,right_censored,BBCH89_full_ripeness,,,
23,ag_075_044,maize,2023,2023-06-15,2023-10-05,601375.5459775862,0.5,6.115108419635362e-13,4.348521542851813e-12,0.0,0.0,0.03354275471250856,472.86,40.0,0.0,18.30790438136352,232.55009303847163,93.47270048166622,0.0,0.0,0.0,0.4986642569047019,40.0,0.0,344.33069790150137,9378.240229477977,19216.660300278912,362.8436461064434,530.8742839480364,9.265921363521556e-13,unvalidated-engineering-priors,fixed independent scenario factor; no N cycle,2023-08-11,2023-09-22,2023-09-22,physiological_maturity,R6_physiological_maturity,2023-06-16,seed_layer_available_water,50.0
23,ag_075_044,fallow,2023,2023-10-06,2023-10-11,601375.5459775862,0.5,5.995204332975845e-14,0.0,0.0,0.0,1.0,0.25,0.0,0.0,16.279950151454074,0.0,0.0,0.0,0.0,0.0,0.13506438126162781,0.0,0.0,16.279950151454074,0.0,0.0,530.8742839480364,514.7092694153206,5.773159728050814e-14,unvalidated-engineering-priors,fixed independent scenario factor; no N cycle,,,,right_censored,BBCH89_full_ripeness,,,
23,ag_075_044,wheat,2024,2023-10-12,2024-06-10,601375.5459775862,0.5,2.170486013142181e-13,3.637978807091713e-12,0.0,0.0,0.04267140235271844,160.54,150.0,0.0,213.95263713891214,260.23132176717746,29.628409574734658,0.0,0.0,0.0,8.424984404468738,150.0,0.0,503.81236848082426,7655.514304135922,17427.60884403526,514.7092694153206,313.01191653002655,1.0567657859894553e-12,unvalidated-engineering-priors,fixed independent scenario factor; no N cycle,2024-04-19,2024-05-29,2024-05-29,full_ripeness,BBCH89_full_ripeness,2023-10-12,seed_layer_available_water,50.0
23,ag_075_044,fallow,2024,2024-06-11,2024-06-14,601375.5459775862,0.5,1.0258460747536446e-13,0.0,0.0,0.0,1.0,4.9399999999999995,0.0,0.0,4.795278500127772,0.0,0.0,0.0,0.0,0.0,0.0008668989330931501,0.0,0.0,4.795278500127772,0.0,0.0,313.01191653002655,313.1557711309658,-8.62088178621434e-14,unvalidated-engineering-priors,fixed independent scenario factor; no N cycle,,,,right_censored,BBCH89_full_ripeness,,,
23,ag_075_044,maize,2024,2024-06-15,2024-10-05,601375.5459775862,0.5,9.308109838457312e-13,2.7284841053187847e-12,0.0,0.0,0.03354275471250856,531.34,40.0,0.0,20.572169384288312,206.7728570485819,100.60190459317175,0.0,0.0,0.0,8.351539186897707,40.0,0.0,327.94693102604197,8162.974368874116,15989.648853529128,313.1557711309658,548.1973009180298,-3.689715200039245e-12,unvalidated-engineering-priors,fixed independent scenario factor; no N cycle,2024-08-09,2024-09-19,2024-09-19,physiological_maturity,R6_physiological_maturity,2024-06-16,seed_layer_available_water,50.0
23,ag_075_044,fallow,2024,2024-10-06,2024-10-11,601375.5459775862,0.5,8.43769498715119e-14,0.0,0.0,0.0,1.0,2.91,0.0,0.0,16.710644979354388,0.0,0.0,0.0,0.0,0.0,0.3414446216503343,0.0,0.0,16.710644979354388,0.0,0.0,548.1973009180298,534.055211317025,3.1086244689504383e-15,unvalidated-engineering-priors,fixed independent scenario factor; no N cycle,,,,right_censored,BBCH89_full_ripeness,,,
23,ag_075_044,wheat,2025,2024-10-12,2025-06-10,601375.5459775862,0.5,2.6290081223123707e-13,4.888534022029489e-12,0.0,0.0,0.04267140235271844,184.34,150.0,0.0,222.34841098772085,288.5804495681001,32.140119506977,0.0,0.0,0.0,17.56113560365282,150.0,0.0,543.068980062798,7917.266821861801,18193.930794813128,534.055211317025,307.7650956505744,-1.1060596882828122e-13,unvalidated-engineering-priors,fixed independent scenario factor; no N cycle,2025-04-17,2025-05-27,2025-05-27,full_ripeness,BBCH89_full_ripeness,2024-10-12,seed_layer_available_water,50.0
23,ag_075_044,fallow,2025,2025-06-11,2025-06-14,601375.5459775862,0.5,6.106226635438361e-14,0.0,0.0,0.0,1.0,1.4700000000000002,0.0,0.0,1.375055493228074,0.0,0.0,0.0,0.0,0.0,0.0006506826610661169,0.0,0.0,1.375055493228074,0.0,0.0,307.7650956505744,307.8593894746852,3.907985046680551e-14,unvalidated-engineering-priors,fixed independent scenario factor; no N cycle,,,,right_censored,BBCH89_full_ripeness,,,
23,ag_075_044,maize,2025,2025-06-15,2025-10-05,601375.5459775862,0.5,5.444533712761768e-13,3.751665644813329e-12,0.0,0.0,0.03354275471250856,629.51,40.0,0.0,18.62126267568549,197.610704557836,94.43463429852861,0.0,0.0,0.0,1.9601119348440468,40.0,0.0,310.6666015320501,8302.805789089247,17098.052700718486,307.8593894746852,664.7426760077922,-1.110556091532544e-12,unvalidated-engineering-priors,fixed independent scenario factor; no N cycle,2025-08-10,2025-09-24,2025-09-24,physiological_maturity,R6_physiological_maturity,2025-06-16,seed_layer_available_water,50.0
23,ag_075_044,fallow,1996,1996-01-01,1996-10-11,601375.5459775862,0.75,2.2537527399890678e-13,0.0,0.0,0.0,1.0,754.98,0.0,0.0,552.3186758139509,0.0,0.0,0.0,0.0,0.0,82.18796312053631,0.0,0.0,552.3186758139509,0.0,0.0,486.589374113015,607.0627351785278,7.505107646466058e-14,unvalidated-engineering-priors,fixed independent scenario factor; no N cycle,,,,right_censored,BBCH89_full_ripeness,,,
23,ag_075_044,wheat,1997,1996-10-12,1997-06-10,601375.5459775862,0.75,8.757439218243235e-13,3.183231456205249e-12,0.0,0.0,0.04267140235271844,202.71,225.0,0.0,246.02764322306925,241.3788074670399,36.13797246001957,0.0,0.0,0.0,65.29039164673318,225.0,0.0,523.5444231501288,8646.913329528616,19086.73900244989,607.0627351785278,445.9379203816664,-5.558331572785846e-13,unvalidated-engineering-priors,fixed independent scenario factor; no N cycle,1997-04-27,1997-06-03,1997-06-03,full_ripeness,BBCH89_full_ripeness,1996-10-12,seed_layer_available_water,50.0
23,ag_075_044,fallow,1997,1997-06-11,1997-06-14,601375.5459775862,0.75,9.769962616701378e-14,0.0,0.0,0.0,1.0,2.9899999999999998,0.0,0.0,4.842292841594503,0.0,0.0,0.0,0.0,0.0,0.050512008614599,0.0,0.0,4.842292841594503,0.0,0.0,445.9379203816664,444.03511553145745,-1.496580637194711e-13,unvalidated-engineering-priors,fixed independent scenario factor; no N cycle,,,,right_censored,BBCH89_full_ripeness,,,
23,ag_075_044,maize,1997,1997-06-15,1997-10-05,601375.5459775862,0.75,4.147793219999585e-13,3.637978807091713e-12,0.0,0.0,0.03354275471250856,224.66,60.0,0.0,20.138002686180904,282.08445730543843,69.79804685646766,0.0,0.0,0.0,1.1589862136814086,60.0,0.0,372.020506848087,11076.212741738706,20907.67048712409,444.03511553145745,355.5156224696918,-2.702060797332706e-12,unvalidated-engineering-priors,fixed independent scenario factor; no N cycle,1997-08-11,1997-09-29,1997-09-29,physiological_maturity,R6_physiological_maturity,1997-06-16,seed_layer_available_water,50.0
23,ag_075_044,fallow,1997,1997-10-06,1997-10-11,601375.5459775862,0.75,8.260059303211165e-14,0.0,0.0,0.0,1.0,0.0,0.0,0.0,12.387200931266323,0.0,0.0,0.0,0.0,0.0,0.0007318276797488534,0.0,0.0,12.387200931266323,0.0,0.0,355.5156224696918,343.1276897107456,1.2034817586936697e-13,unvalidated-engineering-priors,fixed independent scenario factor; no N cycle,,,,right_censored,BBCH89_full_ripeness,,,
23,ag_075_044,wheat,1998,1997-10-12,1998-06-10,601375.5459775862,0.75,4.454214774796128e-13,3.439026841078885e-12,0.0,0.0,0.04267140235271844,393.03,225.0,0.0,270.22515734863873,147.30013497926942,58.3411545731741,0.0,0.0,0.0,0.4164211923820546,225.0,0.0,475.86644690108227,6099.068874055583,14043.601146095018,343.1276897107456,484.8748216172788,2.4366342277204467e-12,unvalidated-engineering-priors,fixed independent scenario factor; no N cycle,1998-04-26,1998-06-03,1998-06-03,full_ripeness,BBCH89_full_ripeness,1997-10-13,seed_layer_available_water,50.0
23,ag_075_044,fallow,1998,1998-06-11,1998-06-14,601375.5459775862,0.75,1.9184653865522705e-13,0.0,0.0,0.0,1.0,39.29,0.0,0.0,13.052756425743677,0.0,0.0,0.0,0.0,0.0,0.10316961185417056,0.0,0.0,13.052756425743677,0.0,0.0,484.8748216172788,511.0088955796807,2.6756374893466273e-13,unvalidated-engineering-priors,fixed independent scenario factor; no N cycle,,,,right_censored,BBCH89_full_ripeness,,,
23,ag_075_044,maize,1998,1998-06-15,1998-10-05,601375.5459775862,0.75,1.1590728377086634e-12,4.746425474877469e-12,0.0,0.0,0.03354275471250856,598.98,60.0,0.0,18.590382786291325,211.22857234051972,112.39911531969412,0.0,0.0,0.0,257.5493542695529,60.0,0.0,342.2180704465052,9124.967242070063,17761.473013945455,511.0088955796807,570.2214708636169,5.699996030728016e-12,unvalidated-engineering-priors,fixed independent scenario factor; no N cycle,1998-08-09,1998-09-20,1998-09-20,physiological_maturity,R6_physiological_maturity,1998-06-15,seed_layer_available_water,50.0
23,ag_075_044,fallow,1998,1998-10-06,1998-10-11,601375.5459775862,0.75,1.4432899320127035e-13,0.0,0.0,0.0,1.0,0.56,0.0,0.0,14.183972822117319,0.0,0.0,0.0,0.0,0.0,1.9850835621666592,0.0,0.0,14.183972822117319,0.0,0.0,570.2214708636169,554.6124144793326,2.7977620220553945e-13,unvalidated-engineering-priors,fixed independent scenario factor; no N cycle,,,,right_censored,BBCH89_full_ripeness,,,
23,ag_075_044,wheat,1999,1998-10-12,1999-06-10,601375.5459775862,0.75,6.812328479099961e-13,4.376943252282217e-12,0.0,0.0,0.04267140235271844,210.58,225.0,0.0,221.997131033501,227.16029732657597,44.646999523925054,0.0,0.0,0.0,29.778298508631686,225.0,0.0,493.80442788400205,7439.604984779375,17341.768520330923,554.6124144793326,466.60968808669696,1.9702017794998028e-12,unvalidated-engineering-priors,fixed independent scenario factor; no N cycle,1999-04-21,1999-05-28,1999-05-28,full_ripeness,BBCH89_full_ripeness,1998-10-12,seed_layer_available_water,50.0
23,ag_075_044,fallow,1999,1999-06-11,1999-06-14,601375.5459775862,0.75,9.769962616701378e-14,0.0,0.0,0.0,1.0,1.57,0.0,0.0,4.532614563221446,0.0,0.0,0.0,0.0,0.0,0.08548618277206917,0.0,0.0,4.532614563221446,0.0,0.0,466.60968808669696,463.56158734070345,-6.661338147750939e-15,unvalidated-engineering-priors,fixed independent scenario factor; no N cycle,,,,right_censored,BBCH89_full_ripeness,,,
23,ag_075_044,maize,1999,1999-06-15,1999-10-05,601375.5459775862,0.75,1.0049738818906917e-12,4.035882739117369e-12,0.0,0.0,0.03354275471250856,475.67,60.0,0.0,18.386326279351742,245.61186991087072,88.30781139133688,0.0,0.0,0.0,52.914386930829025,60.0,0.0,352.30600758155936,10079.43397439555,19770.938324369825,463.56158734070345,594.0111928283154,-3.614331056667197e-13,unvalidated-engineering-priors,fixed independent scenario factor; no N cycle,1999-08-12,1999-09-26,1999-09-26,physiological_maturity,R6_physiological_maturity,1999-06-16,seed_layer_available_water,50.0
23,ag_075_044,fallow,1999,1999-10-06,1999-10-11,601375.5459775862,0.75,1.3145040611561853e-13,0.0,0.0,0.0,1.0,6.74,0.0,0.0,14.299601500000001,0.0,0.0,0.0,0.0,0.0,0.8594463652220441,0.0,0.0,14.299601500000001,0.0,0.0,594.0111928283154,585.5921449630931,2.5135449277513544e-13,unvalidated-engineering-priors,fixed independent scenario factor; no N cycle,,,,right_censored,BBCH89_full_ripeness,,,
23,ag_075_044,wheat,2000,1999-10-12,2000-06-10,601375.5459775862,0.75,6.634692795159935e-13,3.097966327914037e-12,0.0,0.0,0.04267140235271844,156.28,225.0,0.0,227.03024911229298,299.549512806418,39.790343915778664,0.0,0.0,0.0,41.33474647347988,225.0,0.0,566.3701058344897,9201.856523038365,20803.59281849321,585.5921449630931,359.1672926551256,-2.0265455979995295e-12,unvalidated-engineering-priors,fixed independent scenario factor; no N cycle,2000-04-23,2000-05-31,2000-05-31,full_ripeness,BBCH89_full_ripeness,1999-10-12,seed_layer_available_water,50.0
23,ag_075_044,fallow,2000,2000-06-11,2000-06-14,601375.5459775862,0.75,9.969802761133906e-14,0.0,0.0,0.0,1.0,6.2700000000000005,0.0,0.0,7.303364623131351,0.0,0.0,0.0,0.0,0.0,0.002603025342947763,0.0,0.0,7.303364623131351,0.0,0.0,359.1672926551256,358.1313250066515,-1.7141843500212417e-13,unvalidated-engineering-priors,fixed independent scenario factor; no N cycle,,,,right_censored,BBCH89_full_ripeness,,,
23,ag_075_044,maize,2000,2000-06-15,2000-10-05,601375.5459775862,0.75,1.0316192344816955e-12,2.1316282072803006e-12,0.0,0.0,0.03354275471250856,746.61,60.0,0.0,20.739804393809514,158.8163237017598,84.76442285952186,0.0,0.0,0.0,242.03375760943374,60.0,0.0,264.32055095509116,7327.158845123638,14687.763856093581,358.1313250066515,658.3870164421265,1.2212453270876722e-14,unvalidated-engineering-priors,fixed independent scenario factor; no N cycle,2000-08-10,2000-09-23,2000-09-23,physiological_maturity,R6_physiological_maturity,2000-06-16,seed_layer_available_water,50.0
23,ag_075_044,fallow,2000,2000-10-06,2000-10-11,601375.5459775862,0.75,1.1057821325266559e-13,0.0,0.0,0.0,1.0,40.85,0.0,0.0,12.280764199999998,0.0,0.0,0.0,0.0,0.0,7.468117103565864,0.0,0.0,12.280764199999998,0.0,0.0,658.3870164421265,679.4881351385603,3.503863865716994e-13,unvalidated-engineering-priors,fixed independent scenario factor; no N cycle,,,,right_censored,BBCH89_full_ripeness,,,
23,ag_075_044,wheat,2001,2000-10-12,2001-06-10,601375.5459775862,0.75,7.625011733125575e-13,4.057199021190172e-12,0.0,0.0,0.04267140235271844,151.93,225.0,0.0,262.3156215395636,273.4449368022099,20.79478996450551,0.0,0.0,0.0,124.40601097273544,225.0,0.0,556.555348306279,8652.330258828624,18939.59501153689,679.4881351385603,375.4567758595401,5.754396958934649e-12,unvalidated-engineering-priors,fixed independent scenario factor; no N cycle,2001-04-25,2001-06-04,2001-06-04,full_ripeness,BBCH89_full_ripeness,2000-10-12,seed_layer_available_water,50.0
23,ag_075_044,fallow,2001,2001-06-11,2001-06-14,601375.5459775862,0.75,4.2799097599299785e-14,0.0,0.0,0.0,1.0,0.67,0.0,0.0,1.99712045148775,0.0,0.0,0.0,0.0,0.0,0.006546683375751053,0.0,0.0,1.99712045148775,0.0,0.0,375.4567758595401,374.1231087246765,5.917488721252084e-14,unvalidated-engineering-priors,fixed independent scenario factor; no N cycle,,,,right_censored,BBCH89_full_ripeness,,,
23,ag_075_044,maize,2001,2001-06-15,2001-10-05,601375.5459775862,0.75,8.943956686380261e-13,3.637978807091713e-12,0.0,0.0,0.03354275471250856,452.56,60.0,0.0,16.745117097865972,253.73141394927742,85.01362779546244,0.0,0.0,0.0,47.47058917146461,60.0,0.0,355.49015884260587,9919.071272709247,19688.213502929928,374.1231087246765,483.72236071060615,-8.637535131583718e-14,unvalidated-engineering-priors,fixed independent scenario factor; no N cycle,2001-08-11,2001-09-25,2001-09-25,physiological_maturity,R6_physiological_maturity,2001-06-16,seed_layer_available_water,50.0
23,ag_075_044,fallow,2001,2001-10-06,2001-10-11,601375.5459775862,0.75,1.2168044349891716e-13,0.0,0.0,0.0,1.0,3.56,0.0,0.0,12.552179900233469,0.0,0.0,0.0,0.0,0.0,0.31257705771606825,0.0,0.0,12.552179900233469,0.0,0.0,483.72236071060615,474.41760375265665,-3.064215547965432e-14,unvalidated-engineering-priors,fixed independent scenario factor; no N cycle,,,,right_censored,BBCH89_full_ripeness,,,
23,ag_075_044,wheat,2002,2001-10-12,2002-06-10,601375.5459775862,0.75,5.613287612504791e-13,2.8990143619012088e-12,0.0,0.0,0.04267140235271844,274.8,225.0,0.0,239.0802771354074,205.98053571070224,46.733716625982645,0.0,0.0,0.0,8.140471111553543,225.0,0.0,491.79452947209234,6767.571880016318,16032.277572045536,474.41760375265665,474.28260316901077,2.0483614804334138e-14,unvalidated-engineering-priors,fixed independent scenario factor; no N cycle,2002-04-15,2002-05-28,2002-05-28,full_ripeness,BBCH89_full_ripeness,2001-10-12,seed_layer_available_water,50.0
23,ag_075_044,fallow,2002,2002-06-11,2002-06-14,601375.5459775862,0.75,6.439293542825908e-14,0.0,0.0,0.0,1.0,1.25,0.0,0.0,18.48790630004998,0.0,0.0,0.0,0.0,0.0,0.0330454159919838,0.0,0.0,18.48790630004998,0.0,0.0,474.28260316901077,457.0116514529688,2.6645352591003757e-15,unvalidated-engineering-priors,fixed independent scenario factor; no N cycle,,,,right_censored,BBCH89_full_ripeness,,,
23,ag_075_044,maize,2002,2002-06-15,2002-10-05,601375.5459775862,0.75,6.261657858885883e-13,4.348521542851813e-12,0.0,0.0,0.03354275471250856,283.73,60.0,0.0,18.708601032769135,264.0787193256459,91.526512927621,0.0,0.0,0.0,3.70927077972329,60.0,0.0,374.313833286036,10479.199574831782,19977.8001460999,457.0116514529688,422.7185473872089,5.759837051755312e-13,unvalidated-engineering-priors,fixed independent scenario factor; no N cycle,2002-08-11,2002-09-27,2002-09-27,physiological_maturity,R6_physiological_maturity,2002-06-15,seed_layer_available_water,50.0
23,ag_075_044,fallow,2002,2002-10-06,2002-10-11,601375.5459775862,0.75,9.059419880941277e-14,0.0,0.0,0.0,1.0,0.0,0.0,0.0,13.46640821684062,0.0,0.0,0.0,0.0,0.0,0.013812364727025515,0.0,0.0,13.46640821684062,0.0,0.0,422.7185473872089,409.2383268056413,-3.8191672047105385e-14,unvalidated-engineering-priors,fixed independent scenario factor; no N cycle,,,,right_censored,BBCH89_full_ripeness,,,
23,ag_075_044,wheat,2003,2002-10-12,2003-06-10,601375.5459775862,0.75,6.190603585309873e-13,3.865352482534945e-12,0.0,0.0,0.04267140235271844,280.31,225.0,0.0,242.92343031374259,190.40514621783996,41.773353123541874,0.0,0.0,0.0,0.7894787436972195,225.0,0.0,475.1019296551244,7065.018458439902,15759.0539535414,409.2383268056413,438.65691840681967,-1.7819079545233762e-14,unvalidated-engineering-priors,fixed independent scenario factor; no N cycle,2003-04-29,2003-06-06,2003-06-06,full_ripeness,BBCH89_full_ripeness,2002-10-13,seed_layer_available_water,50.0
23,ag_075_044,fallow,2003,2003-06-11,2003-06-14,601375.5459775862,0.75,8.859579736508749e-14,0.0,0.0,0.0,1.0,0.44,0.0,0.0,10.048271098580935,0.0,0.0,0.0,0.0,0.0,0.0181963216226496,0.0,0.0,10.048271098580935,0.0,0.0,438.65691840681967,429.0304509866162,-1.0236256287043943e-13,unvalidated-engineering-priors,fixed independent scenario factor; no N cycle,,,,right_censored,BBCH89_full_ripeness,,,
23,ag_075_044,maize,2003,2003-06-15,2003-10-05,601375.5459775862,0.75,1.0169642905566434e-12,2.1103119252074976e-12,0.0,0.0,0.03354275471250856,647.95,60.0,0.0,19.1135887197916,122.68558211177967,101.07653052663778,0.0,0.0,0.0,205.76510610789097,60.0,0.0,242.87570135820906,7458.82491830704,14191.47673444006,429.0304509866162,688.3396435205143,1.8715584637618576e-12,unvalidated-engineering-priors,fixed independent scenario factor; no N cycle,2003-08-12,2003-10-02,2003-10-02,physiological_maturity,R6_physiological_maturity,2003-06-16,seed_layer_available_water,50.0
23,ag_075_044,fallow,2003,2003-10-06,2003-10-11,601375.5459775862,0.75,2.4868995751603507e-13,0.0,0.0,0.0,1.0,75.55,0.0,0.0,11.587539099999997,0.0,0.0,0.0,0.0,0.0,11.586510754310352,0.0,0.0,11.587539099999997,0.0,0.0,688.3396435205143,740.7155936662037,1.9984014443252818e-13,unvalidated-engineering-priors,fixed independent scenario factor; no N cycle,,,,right_censored,BBCH89_full_ripeness,,,
23,ag_075_044,wheat,2004,2003-10-12,2004-06-10,601375.5459775862,0.75,1.0587086762825493e-12,4.11404244005098e-12,0.0,0.0,0.04267140235271844,183.91,225.0,0.0,264.6725244545681,261.8708923986229,41.784104291347774,0.0,0.0,0.0,167.76003397673523,225.0,0.0,568.3275211445388,8925.131094265422,20197.75485527499,740.7155936662037,413.53803854493384,-4.084399485293488e-12,unvalidated-engineering-priors,fixed independent scenario factor; no N cycle,2004-04-19,2004-05-27,2004-05-27,full_ripeness,BBCH89_full_ripeness,2003-10-12,seed_layer_available_water,50.0
23,ag_075_044,fallow,2004,2004-06-11,2004-06-14,601375.5459775862,0.75,1.3855583347321954e-13,0.0,0.0,0.0,1.0,8.89,0.0,0.0,3.783414730923747,0.0,0.0,0.0,0.0,0.0,0.012692790341817115,0.0,0.0,3.783414730923747,0.0,0.0,413.53803854493384,418.63193102366813,1.4616086119190186e-13,unvalidated-engineering-priors,fixed independent scenario factor; no N cycle,,,,right_censored,BBCH89_full_ripeness,,,
23,ag_075_044,maize,2004,2004-06-15,2004-10-05,601375.5459775862,0.75,9.876544027065393e-13,3.808509063674137e-12,0.0,0.0,0.03354275471250856,611.76,60.0,0.0,16.459915586041948,197.38644342145875,111.82311767223807,0.0,0.0,0.0,147.50169147998136,60.0,0.0,325.66947667973875,10069.03330179714,18706.75785552778,418.63193102366813,617.220762863945,3.0509483828211614e-12,unvalidated-engineering-priors,fixed independent scenario factor; no N cycle,2004-08-11,2004-09-28,2004-09-28,physiological_maturity,R6_physiological_maturity,2004-06-15,seed_layer_available_water,50.0
23,ag_075_044,fallow,2004,2004-10-06,2004-10-11,601375.5459775862,0.75,2.7000623958883807e-13,0.0,0.0,0.0,1.0,0.06,0.0,0.0,18.5110073,0.0,0.0,0.0,0.0,0.0,2.647843129528114,0.0,0.0,18.5110073,0.0,0.0,617.220762863945,596.1219124344168,5.5067062021407764e-14,unvalidated-engineering-priors,fixed independent scenario factor; no N cycle,,,,right_censored,BBCH89_full_ripeness,,,
23,ag_075_044,wheat,2005,2004-10-12,2005-06-10,601375.5459775862,0.75,5.10702591327572e-13,5.3717030823463574e-12,0.0,0.0,0.04267140235271844,193.4,225.0,0.0,223.22685301643745,281.95126378958025,40.450606001282964,0.0,0.0,0.0,47.7058573210661,225.0,0.0,545.6287228073006,9202.610447120835,20713.30865831193,596.1219124344168,421.18733230605,4.629630012686903e-14,unvalidated-engineering-priors,fixed independent scenario factor; no N cycle,2005-04-29,2005-06-07,2005-06-07,full_ripeness,BBCH89_full_ripeness,2004-10-12,seed_layer_available_water,50.0
23,ag_075_044,fallow,2005,2005-06-11,2005-06-14,601375.5459775862,0.75,3.6415315207705135e-14,0.0,0.0,0.0,1.0,0.16,0.0,0.0,17.691018466652803,0.0,0.0,0.0,0.0,0.0,0.005824365082961827,0.0,0.0,17.691018466652803,0.0,0.0,421.18733230605,403.6504894743142,1.8207657603852567e-14,unvalidated-engineering-priors,fixed independent scenario factor; no N cycle,,,,right_censored,BBCH89_full_ripeness,,,
23,ag_075_044,maize,2005,2005-06-15,2005-10-05,601375.5459775862,0.75,1.0578204978628492e-12,2.9558577807620168e-12,0.0,0.0,0.03354275471250856,701.95,60.0,0.0,20.200301358643337,164.26530917283708,102.23549327031587,0.0,0.0,0.0,147.97627130076478,60.0,0.0,286.7011038017963,8347.243956189863,16346.58582658666,403.6504894743142,730.923114371754,-8.179568133925841e-13,unvalidated-engineering-priors,fixed independent scenario factor; no N cycle,2005-08-10,2005-09-28,2005-09-28,physiological_maturity,R6_physiological_maturity,2005-06-16,seed_layer_available_water,50.0
23,ag_075_044,fallow,2005,2005-10-06,2005-10-11,601375.5459775862,0.75,7.904787935331115e-14,0.0,0.0,0.0,1.0,5.15,0.0,0.0,17.5653828,0.0,0.0,0.0,0.0,0.0,30.28236925679691,0.0,0.0,17.5653828,0.0,0.0,730.923114371754,688.2253623149572,-1.7763568394002505e-13,unvalidated-engineering-priors,fixed independent scenario factor; no N cycle,,,,right_censored,BBCH89_full_ripeness,,,
23,ag_075_044,wheat,2006,2005-10-12,2006-06-10,601375.5459775862,0.75,4.982680934517703e-13,3.694822225952521e-12,0.0,0.0,0.04267140235271844,149.82,225.0,0.0,213.14821618281348,283.9305874968027,46.25039408817544,0.0,0.0,0.0,114.03703463109603,225.0,0.0,543.3291977677916,9309.367429581636,21430.910637974805,688.2253623149572,405.6791299160707,-1.0643153025569063e-12,unvalidated-engineering-priors,fixed independent scenario factor; no N cycle,2006-04-25,2006-06-03,2006-06-03,full_ripeness,BBCH89_full_ripeness,2005-10-12,seed_layer_available_water,50.0
23,ag_075_044,fallow,2006,2006-06-11,2006-06-14,601375.5459775862,0.75,1.2789769243681803e-13,0.0,0.0,0.0,1.0,24.130000000000003,0.0,0.0,12.667698665032246,0.0,0.0,0.0,0.0,0.0,0.009649170318455799,0.0,0.0,12.667698665032246,0.0,0.0,405.6791299160707,417.13178208071974,2.334799020786704e-13,unvalidated-engineering-priors,fixed independent scenario factor; no N cycle,,,,right_censored,BBCH89_full_ripeness,,,
23,ag_075_044,maize,2006,2006-06-15,2006-10-05,601375.5459775862,0.75,8.79296635503124e-13,2.8990143619012088e-12,0.0,0.0,0.03354275471250856,357.46999999999997,60.0,0.0,20.56918726477307,210.9834147261533,77.0053160797992,0.0,0.0,0.0,5.221316735212227,60.0,0.0,308.5579180707256,8806.82493526429,16877.335949706972,417.13178208071974,520.822547274783,-1.0824674490095276e-12,unvalidated-engineering-priors,fixed independent scenario factor; no N cycle,2006-08-09,2006-09-24,2006-09-24,physiological_maturity,R6_physiological_maturity,2006-06-15,seed_layer_available_water,50.0
23,ag_075_044,fallow,2006,2006-10-06,2006-10-11,601375.5459775862,0.75,8.126832540256146e-14,0.0,0.0,0.0,1.0,0.0,0.0,0.0,18.53843452377259,0.0,0.0,0.0,0.0,0.0,0.2510142163226715,0.0,0.0,18.53843452377259,0.0,0.0,520.822547274783,502.0330985346877,1.865174681370263e-14,unvalidated-engineering-priors,fixed independent scenario factor; no N cycle,,,,right_censored,BBCH89_full_ripeness,,,
23,ag_075_044,wheat,2007,2006-10-12,2007-06-10,601375.5459775862,0.75,5.235811784132238e-13,5.7980287238024175e-12,0.0,0.0,0.04267140235271844,216.17,225.0,0.0,227.81340277678987,302.04061381163143,33.839475060761075,0.0,0.0,0.0,9.882196633549214,225.0,0.0,563.6934916491823,10027.93681425091,22286.757006104282,502.0330985346877,369.62741025195504,1.1162182289581324e-12,unvalidated-engineering-priors,fixed independent scenario factor; no N cycle,2007-04-22,2007-06-01,2007-06-01,full_ripeness,BBCH89_full_ripeness,2006-10-12,seed_layer_available_water,50.0
23,ag_075_044,fallow,2007,2007-06-11,2007-06-14,601375.5459775862,0.75,1.2090328738167955e-13,0.0,0.0,0.0,1.0,1.29,0.0,0.0,3.626792485082283,0.0,0.0,0.0,0.0,0.0,0.0019678015235543417,0.0,0.0,3.626792485082283,0.0,0.0,369.62741025195504,367.2886499653493,-8.903988657493755e-14,unvalidated-engineering-priors,fixed independent scenario factor; no N cycle,,,,right_censored,BBCH89_full_ripeness,,,
23,ag_075_044,maize,2007,2007-06-15,2007-10-05,601375.5459775862,0.75,1.1590728377086634e-12,3.694822225952521e-12,0.0,0.0,0.03354275471250856,480.89,60.0,0.0,17.507372779236565,199.84580333295057,88.48705120759703,0.0,0.0,0.0,37.95144182888871,60.0,0.0,305.84022731978416,9194.144121791582,17527.549168735677,367.2886499653493,564.3869808166739,2.4736879211673113e-12,unvalidated-engineering-priors,fixed independent scenario factor; no N cycle,2007-08-12,2007-09-26,2007-09-26,physiological_maturity,R6_physiological_maturity,2007-06-16,seed_layer_available_water,50.0
23,ag_075_044,fallow,2007,2007-10-06,2007-10-11,601375.5459775862,0.75,1.3145040611561853e-13,0.0,0.0,0.0,1.0,1.84,0.0,0.0,15.201475562858834,0.0,0.0,0.0,0.0,0.0,1.2027616226061741,0.0,0.0,15.201475562858834,0.0,0.0,564.3869808166739,549.8227436312086,3.3795188869589765e-13,unvalidated-engineering-priors,fixed independent scenario factor; no N cycle,,,,right_censored,BBCH89_full_ripeness,,,
23,ag_075_044,wheat,2008,2007-10-12,2008-06-10,601375.5459775862,0.75,7.007727731433988e-13,6.707523425575346e-12,0.0,0.0,0.04267140235271844,222.59,225.0,0.0,219.63675062810634,246.72510377383742,48.35733246812647,0.0,0.0,0.0,25.755802447703303,225.0,0.0,514.7191868700702,8650.442783769004,19302.522042397144,549.8227436312086,456.9377543134344,6.580291866953303e-13,unvalidated-engineering-priors,fixed independent scenario factor; no N cycle,2008-04-24,2008-06-02,2008-06-02,full_ripeness,BBCH89_full_ripeness,2007-10-12,seed_layer_available_water,50.0
23,ag_075_044,fallow,2008,2008-06-11,2008-06-14,601375.5459775862,0.75,1.6897594434794883e-13,0.0,0.0,0.0,1.0,2.49,0.0,0.0,6.3176979560357776,0.0,0.0,0.0,0.0,0.0,0.05426987620372184,0.0,0.0,6.3176979560357776,0.0,0.0,456.9377543134344,453.055786481195,-8.837375276016246e-14,unvalidated-engineering-priors,fixed independent scenario factor; no N cycle,,,,right_censored,BBCH89_full_ripeness,,,
23,ag_075_044,maize,2008,2008-06-15,2008-10-05,601375.5459775862,0.75,1.1084466677857563e-12,3.808509063674137e-12,0.0,0.0,0.03354275471250856,406.68,60.0,0.0,18.578902705117567,193.75031423335824,91.76225294529979,0.0,0.0,0.0,39.36828610995097,60.0,0.0,304.0914698837756,9022.88686348576,16971.188056614246,453.055786481195,576.2760304874721,-3.647915303162108e-12,unvalidated-engineering-priors,fixed independent scenario factor; no N cycle,2008-08-11,2008-09-24,2008-09-24,physiological_maturity,R6_physiological_maturity,2008-06-16,seed_layer_available_water,50.0
23,ag_075_044,fallow,2008,2008-10-06,2008-10-11,601375.5459775862,0.75,1.6697754290362354e-13,0.0,0.0,0.0,1.0,1.07,0.0,0.0,16.51175171910449,0.0,0.0,0.0,0.0,0.0,1.1757418949908327,0.0,0.0,16.51175171910449,0.0,0.0,576.2760304874721,559.6585368733766,1.283417816466681e-13,unvalidated-engineering-priors,fixed independent scenario factor; no N cycle,,,,right_censored,BBCH89_full_ripeness,,,
23,ag_075_044,wheat,2009,2008-10-12,2009-06-10,601375.5459775862,0.75,6.412648190234904e-13,2.5579538487363607e-12,0.0,0.0,0.04267140235271844,273.08,225.0,0.0,243.34326681325396,245.79539752631237,33.546856852306654,0.0,0.0,0.0,26.12103006299067,225.0,0.0,522.685521191873,7653.099739054607,17688.151169412573,559.6585368733766,508.9319856185108,2.1984081222115037e-12,unvalidated-engineering-priors,fixed independent scenario factor; no N cycle,2009-04-22,2009-05-29,2009-05-29,full_ripeness,BBCH89_full_ripeness,2008-10-12,seed_layer_available_water,50.0
23,ag_075_044,fallow,2009,2009-06-11,2009-06-14,601375.5459775862,0.75,1.6431300764452317e-13,0.0,0.0,0.0,1.0,6.72,0.0,0.0,23.451603279973696,0.0,0.0,0.0,0.0,0.0,0.035115487000206225,0.0,0.0,23.451603279973696,0.0,0.0,508.9319856185108,492.165266851537,-1.2256862191861728e-13,unvalidated-engineering-priors,fixed independent scenario factor; no N cycle,,,,right_censored,BBCH89_full_ripeness,,,
23,ag_075_044,maize,2009,2009-06-15,2009-10-05,601375.5459775862,0.75,8.526512829121202e-13,4.789058039023075e-12,0.0,0.0,0.03354275471250856,380.83,60.0,0.0,16.032368274045783,230.92985570416573,100.57712348749277,0.0,0.0,0.0,16.63723391732859,60.0,0.0,347.5393474657043,9557.435855172675,19706.938244304405,492.165266851537,568.818685468506,-1.891431455902648e-12,unvalidated-engineering-priors,fixed independent scenario factor; no N cycle,2009-08-10,2009-09-29,2009-09-29,physiological_maturity,R6_physiological_maturity,2009-06-15,seed_layer_available_water,50.0
23,ag_075_044,fallow,2009,2009-10-06,2009-10-11,601375.5459775862,0.75,1.5076828674409626e-13,0.0,0.0,0.0,1.0,2.47,0.0,0.0,15.4611822088051,0.0,0.0,0.0,0.0,0.0,1.0035238342498594,0.0,0.0,15.4611822088051,0.0,0.0,568.818685468506,554.8239794254515,-4.3787196091216174e-13,unvalidated-engineering-priors,fixed independent scenario factor; no N cycle,,,,right_censored,BBCH89_full_ripeness,,,
23,ag_075_044,wheat,2010,2009-10-12,2010-06-10,601375.5459775862,0.75,5.409006575973763e-13,5.002220859751105e-12,0.0,0.0,0.04267140235271844,170.49,225.0,0.0,219.65902795681464,274.2177345011883,37.61218441339823,0.0,0.0,0.0,27.7313534149536,225.0,0.0,531.4889468714011,8627.872827472882,19620.032825498427,554.8239794254515,391.09367913909324,3.489653011001792e-12,unvalidated-engineering-priors,fixed independent scenario factor; no N cycle,2010-05-04,2010-06-10,2010-06-10,full_ripeness,BBCH89_full_ripeness,2009-10-12,seed_layer_available_water,50.0
23,ag_075_044,fallow,2010,2010-06-11,2010-06-14,601375.5459775862,0.75,5.5067062021407764e-14,0.0,0.0,0.0,1.0,0.0,0.0,0.0,7.51398825262622,0.0,0.0,0.0,0.0,0.0,0.005251894494228994,0.0,0.0,7.51398825262622,0.0,0.0,391.09367913909324,383.5744389919729,-1.0547118733938987e-13,unvalidated-engineering-priors,fixed independent scenario factor; no N cycle,,,,right_censored,BBCH89_full_ripeness,,,
23,ag_075_044,maize,2010,2010-06-15,2010-10-05,601375.5459775862,0.75,9.481304630298837e-13,4.916955731459893e-12,0.0,0.0,0.03354275471250856,551.36,60.0,0.0,19.92912083877253,206.74887786187972,97.48665952792538,0.0,0.0,0.0,56.03347241093036,60.0,0.0,324.16465822857765,8529.019826256488,17422.502509546906,383.5744389919729,614.7363083524617,3.197220266315526e-12,unvalidated-engineering-priors,fixed independent scenario factor; no N cycle,2010-08-10,2010-09-26,2010-09-26,physiological_maturity,R6_physiological_maturity,2010-06-16,seed_layer_available_water,50.0
23,ag_075_044,fallow,2010,2010-10-06,2010-10-11,601375.5459775862,0.75,1.4210854715202004e-13,0.0,0.0,0.0,1.0,0.18,0.0,0.0,19.402596993206412,0.0,0.0,0.0,0.0,0.0,4.595480029884096,0.0,0.0,19.402596993206412,0.0,0.0,614.7363083524617,590.9182313293711,9.947598300641403e-14,unvalidated-engineering-priors,fixed independent scenario factor; no N cycle,,,,right_censored,BBCH89_full_ripeness,,,
23,ag_075_044,wheat,2011,2010-10-12,2011-06-10,601375.5459775862,0.75,2.786659791809143e-13,5.286437954055145e-12,0.0,0.0,0.04267140235271844,108.71,225.0,0.0,185.6009702363412,295.7344831336097,23.09064024430651,0.0,0.0,0.0,44.51750067885965,225.0,0.0,504.42609361425735,8081.790458965185,18489.30727706773,590.9182313293711,375.68463703625554,-1.424860229803926e-12,unvalidated-engineering-priors,fixed independent scenario factor; no N cycle,2011-04-25,2011-06-02,2011-06-02,full_ripeness,BBCH89_full_ripeness,2010-10-12,seed_layer_available_water,50.0
23,ag_075_044,fallow,2011,2011-06-11,2011-06-14,601375.5459775862,0.75,3.5638159090467525e-14,0.0,0.0,0.0,1.0,1.57,0.0,0.0,2.9350366799821925,0.0,0.0,0.0,0.0,0.0,0.0027647578999118357,0.0,0.0,2.9350366799821925,0.0,0.0,375.68463703625554,374.3168355983735,-3.93574062229618e-14,unvalidated-engineering-priors,fixed independent scenario factor; no N cycle,,,,right_censored,BBCH89_full_ripeness,,,
23,ag_075_044,maize,2011,2011-06-15,2011-10-05,601375.5459775862,0.75,9.610090501155355e-13,2.8421709430404007e-12,0.0,0.0,0.03354275471250856,494.21,60.0,0.0,19.232969004175484,194.9863828193274,85.32442668670208,0.0,0.0,0.0,6.355139899223509,60.0,0.0,299.54377851020496,9139.508073343472,17139.527545337813,374.3168355983735,622.6279171889471,-2.0963231150972206e-12,unvalidated-engineering-priors,fixed independent scenario factor; no N cycle,2011-08-11,2011-10-04,2011-10-04,physiological_maturity,R6_physiological_maturity,2011-06-16,seed_layer_available_water,50.0
23,ag_075_044,fallow,2011,2011-10-06,2011-10-11,601375.5459775862,0.75,1.021405182655144e-13,0.0,0.0,0.0,1.0,11.709999999999999,0.0,0.0,16.6122346,0.0,0.0,0.0,0.0,0.0,2.9344340579038533,0.0,0.0,16.6122346,0.0,0.0,622.6279171889471,614.7912485310435,-2.504663143554353e-13,unvalidated-engineering-priors,fixed independent scenario factor; no N cycle,,,,right_censored,BBCH89_full_ripeness,,,
23,ag_075_044,wheat,2012,2011-10-12,2012-06-10,601375.5459775862,0.75,6.03073146976385e-13,3.552713678800501e-12,0.0,0.0,0.04267140235271844,190.03,225.0,0.0,258.29923982950885,252.37042975249975,27.643220564224183,0.0,0.0,0.0,73.38224371667515,225.0,0.0,538.3128901462328,8515.026033241722,19124.559790567488,614.7912485310435,418.12611466813945,-3.901656775440188e-12,unvalidated-engineering-priors,fixed independent scenario factor; no N cycle,2012-04-28,2012-06-04,2012-06-04,full_ripeness,BBCH89_full_ripeness,2011-10-12,seed_layer_available_water,50.0
23,ag_075_044,fallow,2012,2012-06-11,2012-06-14,601375.5459775862,0.75,1.1235457009206584e-13,0.0,0.0,0.0,1.0,0.0,0.0,0.0,3.0085120740218905,0.0,0.0,0.0,0.0,0.0,0.02020855347728272,0.0,0.0,3.0085120740218905,0.0,0.0,418.12611466813945,415.0973940406401,1.8074430840897548e-13,unvalidated-engineering-priors,fixed independent scenario factor; no N cycle,,,,right_censored,BBCH89_full_ripeness,,,
23,ag_075_044,maize,2012,2012-06-15,2012-10-05,601375.5459775862,0.75,9.920952948050399e-13,4.007461029686965e-12,0.0,0.0,0.03354275471250856,418.76,60.0,0.0,22.022771399992813,205.1233592864092,74.85938424929941,0.0,0.0,0.0,32.262860950929465,60.0,0.0,302.0055149357014,8817.373603524144,16546.25420114159,415.0973940406401,559.589018154013,-3.83776344037301e-12,unvalidated-engineering-priors,fixed independent scenario factor; no N cycle,2012-08-10,2012-09-26,2012-09-26,physiological_maturity,R6_physiological_maturity,2012-06-16,seed_layer_available_water,50.0
23,ag_075_044,fallow,2012,2012-10-06,2012-10-11,601375.5459775862,0.75,1.5631940186722204e-13,0.0,0.0,0.0,1.0,0.01,0.0,0.0,17.887480212113168,0.0,0.0,0.0,0.0,0.0,1.0945475013759642,0.0,0.0,17.887480212113168,0.0,0.0,559.589018154013,540.616990440524,-6.394884621840902e-14,unvalidated-engineering-priors,fixed independent scenario factor; no N cycle,,,,right_censored,BBCH89_full_ripeness,,,
23,ag_075_044,wheat,2013,2012-10-12,2013-06-10,601375.5459775862,0.75,2.957634137601417e-13,3.808509063674137e-12,0.0,0.0,0.04267140235271844,192.56,225.0,0.0,225.4572960460079,259.5488628545,36.137175752736006,0.0,0.0,0.0,22.331309416165322,225.0,0.0,521.1433346532439,7723.064459087999,17846.50836207542,540.616990440524,414.7023463711121,2.6054713941903174e-12,unvalidated-engineering-priors,fixed independent scenario factor; no N cycle,2013-04-29,2013-06-08,2013-06-08,full_ripeness,BBCH89_full_ripeness,2012-10-12,seed_layer_available_water,50.0
23,ag_075_044,fallow,2013,2013-06-11,2013-06-14,601375.5459775862,0.75,1.0125233984581428e-13,0.0,0.0,0.0,1.0,0.0,0.0,0.0,9.927099168458948,0.0,0.0,0.0,0.0,0.0,0.004664585156352437,0.0,0.0,9.927099168458948,0.0,0.0,414.7023463711121,404.7705826174968,1.3100631690576847e-14,unvalidated-engineering-priors,fixed independent scenario factor; no N cycle,,,,right_censored,BBCH89_full_ripeness,,,
23,ag_075_044,maize,2013,2013-06-15,2013-10-05,601375.5459775862,0.75,6.146194664324867e-13,3.637978807091713e-12,0.0,0.0,0.03354275471250856,252.91,60.0,0.0,21.55095679896523,296.2863025272671,53.90225004078767,0.0,0.0,0.0,2.9109797896168033,60.0,0.0,371.73950936701993,9068.909686318158,17910.227137854054,404.7705826174968,343.03009346085935,7.028821968901866e-13,unvalidated-engineering-priors,fixed independent scenario factor; no N cycle,2013-08-10,2013-09-21,2013-09-21,physiological_maturity,R6_physiological_maturity,2013-06-16,seed_layer_available_water,50.0
23,ag_075_044,fallow,2013,2013-10-06,2013-10-11,601375.5459775862,0.75,1.226796442210798e-13,0.0,0.0,0.0,1.0,0.0,0.0,0.0,5.951383620241357,0.0,0.0,0.0,0.0,0.0,0.0037724222729397057,0.0,0.0,5.951383620241357,0.0,0.0,343.03009346085935,337.07493741834514,-9.259260025373806e-14,unvalidated-engineering-priors,fixed independent scenario factor; no N cycle,,,,right_censored,BBCH89_full_ripeness,,,
23,ag_075_044,wheat,2014,2013-10-12,2014-06-10,601375.5459775862,0.75,1.9384494009955233e-13,1.6768808563938364e-12,0.0,0.0,0.04267140235271844,163.85,225.0,0.0,257.85627180243813,102.9204429378004,16.662974442639406,0.0,0.0,0.0,0.1229563636935547,225.0,0.0,377.43968918287794,3193.875028057938,7682.221946185163,337.07493741834514,348.36229187177213,1.5357437543883634e-12,unvalidated-engineering-priors,fixed independent scenario factor; no N cycle,2014-04-17,2014-05-27,2014-05-27,full_ripeness,BBCH89_full_ripeness,2013-10-13,seed_layer_available_water,50.0
23,ag_075_044,fallow,2014,2014-06-11,2014-06-14,601375.5459775862,0.75,8.593126210598712e-14,0.0,0.0,0.0,1.0,0.53,0.0,0.0,1.8832321905558875,0.0,0.0,0.0,0.0,0.0,0.0006027313475266543,0.0,0.0,1.8832321905558875,0.0,0.0,348.36229187177213,347.00845694986873,-1.5210055437364645e-14,unvalidated-engineering-priors,fixed independent scenario factor; no N cycle,,,,right_censored,BBCH89_full_ripeness,,,
23,ag_075_044,maize,2014,2014-06-15,2014-10-05,601375.5459775862,0.75,5.324629626102251e-13,4.575895218295045e-12,0.0,0.0,0.03354275471250856,365.33,60.0,0.0,18.25465748432738,192.12198885447572,83.2685799012557,0.0,0.0,0.0,0.03857012296316827,60.0,0.0,293.64522624005883,8400.70162894922,17487.808936058565,347.00845694986873,478.6546605868463,4.3259840154519225e-13,unvalidated-engineering-priors,fixed independent scenario factor; no N cycle,2014-08-12,2014-09-28,2014-09-28,physiological_maturity,R6_physiological_maturity,2014-06-16,seed_layer_available_water,50.0
23,ag_075_044,fallow,2014,2014-10-06,2014-10-11,601375.5459775862,0.75,9.281464485866309e-14,0.0,0.0,0.0,1.0,0.03,0.0,0.0,18.1169033065228,0.0,0.0,0.0,0.0,0.0,0.011453565593055094,0.0,0.0,18.1169033065228,0.0,0.0,478.6546605868463,460.55630371473063,-1.6919798895287386e-13,unvalidated-engineering-priors,fixed independent scenario factor; no N cycle,,,,right_censored,BBCH89_full_ripeness,,,
23,ag_075_044,wheat,2015,2014-10-12,2015-06-10,601375.5459775862,0.75,3.8813396940895473e-13,3.836930773104541e-12,0.0,0.0,0.04267140235271844,182.41,225.0,0.0,231.01922747980007,189.749791053155,45.99377115997563,0.0,0.0,0.0,1.9633190335258717,225.0,0.0,466.7627896929307,6377.775392107785,14523.078197898107,460.55630371473063,399.24019498827494,-8.650302696366907e-13,unvalidated-engineering-priors,fixed independent scenario factor; no N cycle,2015-04-23,2015-05-29,2015-05-29,full_ripeness,BBCH89_full_ripeness,2014-10-12,seed_layer_available_water,50.0
23,ag_075_044,fallow,2015,2015-06-11,2015-06-14,601375.5459775862,0.75,5.617728504603292e-14,0.0,0.0,0.0,1.0,0.0,0.0,0.0,2.501580376756308,0.0,0.0,0.0,0.0,0.0,0.006989758428216764,0.0,0.0,2.501580376756308,0.0,0.0,399.24019498827494,396.7316248530904,2.7200464103316335e-15,unvalidated-engineering-priors,fixed independent scenario factor; no N cycle,,,,right_censored,BBCH89_full_ripeness,,,
23,ag_075_044,maize,2015,2015-06-15,2015-10-05,601375.5459775862,0.75,7.362999099314038e-13,3.211653165635653e-12,0.0,0.0,0.03354275471250856,348.90000000000003,60.0,0.0,19.102626430100404,219.53025975290186,77.64591974695573,0.0,0.0,0.0,2.7234091269732947,60.0,0.0,316.27880592995797,9424.82093568934,17714.260712119438,396.7316248530904,486.6294097961577,1.4643286583293502e-12,unvalidated-engineering-priors,fixed independent scenario factor; no N cycle,2015-08-12,2015-09-27,2015-09-27,physiological_maturity,R6_physiological_maturity,2015-06-16,seed_layer_available_water,50.0
23,ag_075_044,fallow,2015,2015-10-06,2015-10-11,601375.5459775862,0.75,7.72715225139109e-14,0.0,0.0,0.0,1.0,12.94,0.0,0.0,17.82295790076428,0.0,0.0,0.0,0.0,0.0,0.11170062309493256,0.0,0.0,17.82295790076428,0.0,0.0,486.6294097961577,481.63475127229844,3.019806626980426e-14,unvalidated-engineering-priors,fixed independent scenario factor; no N cycle,,,,right_censored,BBCH89_full_ripeness,,,
23,ag_075_044,wheat,2016,2015-10-12,2016-06-10,601375.5459775862,0.75,6.359357485052897e-13,3.751665644813329e-12,0.0,0.0,0.04267140235271844,248.93,225.0,0.0,270.334113540132,234.44276809894325,32.52633663838579,0.0,0.0,0.0,6.549054135238258,225.0,0.0,537.303218277461,7278.115929107618,16808.230561707085,481.63475127229844,411.7124788595988,3.6398661862335757e-13,unvalidated-engineering-priors,fixed independent scenario factor; no N cycle,2016-04-21,2016-05-29,2016-05-29,full_ripeness,BBCH89_full_ripeness,2015-10-12,seed_layer_available_water,50.0
23,ag_075_044,fallow,2016,2016-06-11,2016-06-14,601375.5459775862,0.75,5.773159728050814e-14,0.0,0.0,0.0,1.0,10.25,0.0,0.0,14.831392314638704,0.0,0.0,0.0,0.0,0.0,0.0031941313595079475,0.0,0.0,14.831392314638704,0.0,0.0,411.7124788595988,407.1278924136006,-2.7533531010703882e-14,unvalidated-engineering-priors,fixed independent scenario factor; no N cycle,,,,right_censored,BBCH89_full_ripeness,,,
23,ag_075_044,maize,2016,2016-06-15,2016-10-05,601375.5459775862,0.75,1.4237500067793007e-12,2.0463630789890885e-12,0.0,0.0,0.03354275471250856,413.79,60.0,0.0,21.16376812382609,225.6069411714992,83.75372207104698,0.0,0.0,0.0,12.755425043860114,60.0,0.0,330.52443136637226,8889.53271824817,16891.856467889476,407.1278924136006,537.6380360033698,-1.6255885526561542e-12,unvalidated-engineering-priors,fixed independent scenario factor; no N cycle,2016-08-09,2016-09-21,2016-09-21,physiological_maturity,R6_physiological_maturity,2016-06-15,seed_layer_available_water,50.0
23,ag_075_044,fallow,2016,2016-10-06,2016-10-11,601375.5459775862,0.75,1.7630341631047486e-13,0.0,0.0,0.0,1.0,1.41,0.0,0.0,14.828218992100414,0.0,0.0,0.0,0.0,0.0,0.40127513054992014,0.0,0.0,14.828218992100414,0.0,0.0,537.6380360033698,523.8185418807197,-2.3647750424515834e-13,unvalidated-engineering-priors,fixed independent scenario factor; no N cycle,,,,right_censored,BBCH89_full_ripeness,,,
23,ag_075_044,wheat,2017,2016-10-12,2017-06-10,601375.5459775862,0.75,7.838174553853605e-13,3.240074875066057e-12,0.0,0.0,0.04267140235271844,244.75,225.0,0.0,275.21233768396826,234.89958923086,38.80727751336627,0.0,0.0,0.0,25.027614656351734,225.0,0.0,548.9192044281946,7885.442069597317,17562.973238833547,523.8185418807197,419.6217227961729,5.820899318109696e-13,unvalidated-engineering-priors,fixed independent scenario factor; no N cycle,2017-04-19,2017-05-29,2017-05-29,full_ripeness,BBCH89_full_ripeness,2016-10-12,seed_layer_available_water,50.0
23,ag_075_044,fallow,2017,2017-06-11,2017-06-14,601375.5459775862,0.75,3.8413716652030416e-14,0.0,0.0,0.0,1.0,1.92,0.0,0.0,5.820167200983886,0.0,0.0,0.0,0.0,0.0,0.012966747814465414,0.0,0.0,5.820167200983886,0.0,0.0,419.6217227961729,415.70858884737453,9.547918011776346e-15,unvalidated-engineering-priors,fixed independent scenario factor; no N cycle,,,,right_censored,BBCH89_full_ripeness,,,
23,ag_075_044,maize,2017,2017-06-15,2017-10-05,601375.5459775862,0.75,9.64561763794336e-13,3.467448550509289e-12,0.0,0.0,0.03354275471250856,444.59000000000003,60.0,0.0,17.780972707781295,215.975273788653,103.2043191282719,0.0,0.0,0.0,5.840044051803958,60.0,0.0,336.9605656247062,8772.857284086067,18398.31539551726,415.70858884737453,577.4979791708677,-3.2750469003417493e-12,unvalidated-engineering-priors,fixed independent scenario factor; no N cycle,2017-08-11,2017-09-24,2017-09-24,physiological_maturity,R6_physiological_maturity,2017-06-16,seed_layer_available_water,50.0
23,ag_075_044,fallow,2017,2017-10-06,2017-10-11,601375.5459775862,0.75,1.779687508474126e-13,0.0,0.0,0.0,1.0,14.01,0.0,0.0,8.516992299999998,0.0,0.0,0.0,0.0,0.0,0.6108224371423643,0.0,0.0,8.516992299999998,0.0,0.0,577.4979791708677,582.3801644337254,-1.368904989362818e-13,unvalidated-engineering-priors,fixed independent scenario factor; no N cycle,,,,right_censored,BBCH89_full_ripeness,,,
23,ag_075_044,wheat,2018,2017-10-12,2018-06-10,601375.5459775862,0.75,5.551115123125783e-13,3.211653165635653e-12,0.0,0.0,0.04267140235271844,244.27,225.0,0.0,243.7573705520565,246.31461711330664,48.38227000382132,0.0,0.0,0.0,37.058438331627066,225.0,0.0,538.4542576691845,7338.689025805009,17241.36967190843,582.3801644337254,476.1374684329149,-9.683365220780615e-13,unvalidated-engineering-priors,fixed independent scenario factor; no N cycle,2018-04-19,2018-05-27,2018-05-27,full_ripeness,BBCH89_full_ripeness,2017-10-12,seed_layer_available_water,50.0
23,ag_075_044,fallow,2018,2018-06-11,2018-06-14,601375.5459775862,0.75,4.085620730620576e-14,0.0,0.0,0.0,1.0,3.96,0.0,0.0,11.576197781740712,0.0,0.0,0.0,0.0,0.0,0.07709268740819156,0.0,0.0,11.576197781740712,0.0,0.0,476.1374684329149,468.4441779637659,5.906386491005833e-14,unvalidated-engineering-priors,fixed independent scenario factor; no N cycle,,,,right_censored,BBCH89_full_ripeness,,,
23,ag_075_044,maize,2018,2018-06-15,2018-10-05,601375.5459775862,0.75,8.291145547900669e-13,2.8705926524708048e-12,0.0,0.0,0.03354275471250856,453.75,60.0,0.0,19.172397553131574,246.53429977784,79.01368782643783,0.0,0.0,0.0,44.34802866693809,60.0,0.0,344.7203851574094,8170.469111427024,16593.40556219019,468.4441779637659,593.1257641394228,-4.383715612732431e-12,unvalidated-engineering-priors,fixed independent scenario factor; no N cycle,2018-08-10,2018-09-22,2018-09-22,physiological_maturity,R6_physiological_maturity,2018-06-16,seed_layer_available_water,50.0
23,ag_075_044,fallow,2018,2018-10-06,2018-10-11,601375.5459775862,0.75,2.495781359357352e-13,0.0,0.0,0.0,1.0,0.18,0.0,0.0,20.12215910859102,0.0,0.0,0.0,0.0,0.0,2.075222934002856,0.0,0.0,20.12215910859102,0.0,0.0,593.1257641394228,571.108382096829,-8.348877145181177e-14,unvalidated-engineering-priors,fixed independent scenario factor; no N cycle,,,,right_censored,BBCH89_full_ripeness,,,
23,ag_075_044,wheat,2019,2018-10-12,2019-06-10,601375.5459775862,0.75,5.275779813018744e-13,5.115907697472721e-12,0.0,0.0,0.04267140235271844,110.49,225.0,0.0,210.14690353900318,263.53069933747247,30.776358855795852,0.0,0.0,0.0,34.17798277970448,225.0,0.0,504.4539617322715,8330.17297959004,18262.593395645228,571.108382096829,367.96643758485277,2.4569235534954714e-13,unvalidated-engineering-priors,fixed independent scenario factor; no N cycle,2019-04-21,2019-05-31,2019-05-31,full_ripeness,BBCH89_full_ripeness,2018-10-12,seed_layer_available_water,50.0
23,ag_075_044,fallow,2019,2019-06-11,2019-06-14,601375.5459775862,0.75,4.363176486776865e-14,0.0,0.0,0.0,1.0,0.01,0.0,0.0,2.6254763490326605,0.0,0.0,0.0,0.0,0.0,0.003806142367934405,0.0,0.0,2.6254763490326605,0.0,0.0,367.96643758485277,365.34715509345216,1.5987211554602254e-14,unvalidated-engineering-priors,fixed independent scenario factor; no N cycle,,,,right_censored,BBCH89_full_ripeness,,,
23,ag_075_044,maize,2019,2019-06-15,2019-10-05,601375.5459775862,0.75,3.388400671155978e-13,3.922195901395753e-12,0.0,0.0,0.03354275471250856,260.46,60.0,0.0,22.154364669444213,203.36034639548964,75.4132073420842,0.0,0.0,0.0,0.0697417232445907,60.0,0.0,300.92791840701807,8170.371554252874,16813.67860959973,365.34715509345216,384.8094949631886,8.981704269217516e-13,unvalidated-engineering-priors,fixed independent scenario factor; no N cycle,2019-08-11,2019-09-24,2019-09-24,physiological_maturity,R6_physiological_maturity,2019-06-16,seed_layer_available_water,50.0
23,ag_075_044,fallow,2019,2019-10-06,2019-10-11,601375.5459775862,0.75,1.0969003483296547e-13,0.0,0.0,0.0,1.0,21.72,0.0,0.0,11.690174449999997,0.0,0.0,0.0,0.0,0.0,0.0003893615354438089,0.0,0.0,11.690174449999997,0.0,0.0,384.8094949631886,394.838931151653,1.6919798895287386e-13,unvalidated-engineering-priors,fixed independent scenario factor; no N cycle,,,,right_censored,BBCH89_full_ripeness,,,
23,ag_075_044,wheat,2020,2019-10-12,2020-06-10,601375.5459775862,0.75,1.8784973576657649e-13,2.7284841053187847e-12,0.0,0.0,0.04267140235271844,159.19,225.0,0.0,215.18172914081953,204.83631065920784,34.2788381206572,0.0,0.0,0.0,0.11940678306729803,225.0,0.0,454.29687792068455,6147.51418962142,14421.854354722102,394.838931151653,324.6126464479008,4.11226608321158e-13,unvalidated-engineering-priors,fixed independent scenario factor; no N cycle,2020-04-17,2020-05-28,2020-05-28,full_ripeness,BBCH89_full_ripeness,2019-10-12,seed_layer_available_water,50.0
23,ag_075_044,fallow,2020,2020-06-11,2020-06-14,601375.5459775862,0.75,2.3092638912203256e-14,0.0,0.0,0.0,1.0,22.19,0.0,0.0,14.289600709661006,0.0,0.0,0.0,0.0,0.0,0.00028491009678208883,0.0,0.0,14.289600709661006,0.0,0.0,324.6126464479008,332.512760828143,9.769962616701378e-15,unvalidated-engineering-priors,fixed independent scenario factor; no N cycle,,,,right_censored,BBCH89_full_ripeness,,,
23,ag_075_044,maize,2020,2020-06-15,2020-10-05,601375.5459775862,0.75,7.0921046813055e-13,4.980904577678302e-12,7.105427357601002e-15,0.0,0.03354275471250856,380.78,60.0,0.0,18.06022732086481,226.79659397772593,70.39127052994439,0.0,0.0,0.0,2.7183523018766533,60.0,0.0,315.24809182853517,9018.153057265174,16714.311765979804,332.512760828143,455.32631669772945,1.707134433814872e-12,unvalidated-engineering-priors,fixed independent scenario factor; no N cycle,2020-08-12,2020-09-23,2020-09-23,physiological_maturity,R6_physiological_maturity,2020-06-16,seed_layer_available_water,50.0
23,ag_075_044,fallow,2020,2020-10-06,2020-10-11,601375.5459775862,0.75,7.815970093361102e-14,0.0,0.0,0.0,1.0,1.23,0.0,0.0,9.419406165464272,0.0,0.0,0.0,0.0,0.0,0.07392902610439003,0.0,0.0,9.419406165464272,0.0,0.0,455.32631669772945,447.0629815061607,6.750155989720952e-14,unvalidated-engineering-priors,fixed independent scenario factor; no N cycle,,,,right_censored,BBCH89_full_ripeness,,,
23,ag_075_044,wheat,2021,2020-10-12,2021-06-10,601375.5459775862,0.75,4.405364961712621e-13,2.1600499167107046e-12,0.0,0.0,0.04267140235271844,177.97,225.0,0.0,211.24200881930892,236.96939677177755,37.533534083504804,0.0,0.0,0.0,3.1011112823565936,225.0,0.0,485.74493967459125,7177.709175705075,16565.57144506164,447.0629815061607,361.1869305492134,-5.493383525845275e-13,unvalidated-engineering-priors,fixed independent scenario factor; no N cycle,2021-04-16,2021-05-26,2021-05-26,full_ripeness,BBCH89_full_ripeness,2020-10-12,seed_layer_available_water,50.0
23,ag_075_044,fallow,2021,2021-06-11,2021-06-14,601375.5459775862,0.75,9.020562075079397e-14,0.0,0.0,0.0,1.0,31.15,0.0,0.0,5.147041971127655,0.0,0.0,0.0,0.0,0.0,0.0017275478616855795,0.0,0.0,5.147041971127655,0.0,0.0,361.1869305492134,387.18816103022425,-1.8995915951336428e-13,unvalidated-engineering-priors,fixed independent scenario factor; no N cycle,,,,right_censored,BBCH89_full_ripeness,,,
23,ag_075_044,maize,2021,2021-06-15,2021-10-05,601375.5459775862,0.75,1.0302869668521453e-12,3.311129148642067e-12,0.0,0.0,0.03354275471250856,840.06,60.0,0.0,17.579396702548838,208.25357528361363,93.25657751970247,0.0,0.0,0.0,236.93553004640464,60.0,0.0,319.0895495058649,8524.614139440268,17258.45988376838,387.18816103022425,731.2230814779559,-1.2417844530432376e-12,unvalidated-engineering-priors,fixed independent scenario factor; no N cycle,2021-08-09,2021-09-23,2021-09-23,physiological_maturity,R6_physiological_maturity,2021-06-15,seed_layer_available_water,50.0
23,ag_075_044,fallow,2021,2021-10-06,2021-10-11,601375.5459775862,0.75,2.531308496145357e-13,0.0,0.0,0.0,1.0,20.35,0.0,0.0,10.546109099999999,0.0,0.0,0.0,0.0,0.0,29.58326192942692,0.0,0.0,10.546109099999999,0.0,0.0,731.2230814779559,711.4437104485295,-4.756195437494171e-13,unvalidated-engineering-priors,fixed independent scenario factor; no N cycle,,,,right_censored,BBCH89_full_ripeness,,,
23,ag_075_044,wheat,2022,2021-10-12,2022-06-10,601375.5459775862,0.75,4.791722574282176e-13,4.739320047519868e-12,0.0,0.0,0.04267140235271844,108.95,225.0,0.0,210.320501385506,290.14613803854604,39.68669123587558,0.0,0.0,0.0,135.39813227773533,225.0,0.0,540.1533306599276,9067.427397991269,20275.375259333567,711.4437104485295,369.84224751086833,-1.7978396549267472e-12,unvalidated-engineering-priors,fixed independent scenario factor; no N cycle,2022-04-18,2022-05-30,2022-05-30,full_ripeness,BBCH89_full_ripeness,2021-10-12,seed_layer_available_water,50.0
23,ag_075_044,fallow,2022,2022-06-11,2022-06-14,601375.5459775862,0.75,9.392486788328824e-14,0.0,0.0,0.0,1.0,0.78,0.0,0.0,2.2761226731516793,0.0,0.0,0.0,0.0,0.0,0.0038444244329022812,0.0,0.0,2.2761226731516793,0.0,0.0,369.84224751086833,368.3422804132836,1.3339329640871256e-13,unvalidated-engineering-priors,fixed independent scenario factor; no N cycle,,,,right_censored,BBCH89_full_ripeness,,,
23,ag_075_044,maize,2022,2022-06-15,2022-10-05,601375.5459775862,0.75,9.00612917575927e-13,3.637978807091713e-12,0.0,0.0,0.03354275471250856,409.42,60.0,0.0,22.229235448253892,245.79585192634366,66.54618605447422,0.0,0.0,0.0,12.677161616500731,60.0,0.0,334.57127342907177,8952.21384935735,16905.35682933319,368.3422804132836,490.5138453677107,4.1877612488860905e-13,unvalidated-engineering-priors,fixed independent scenario factor; no N cycle,2022-08-12,2022-09-25,2022-09-25,physiological_maturity,R6_physiological_maturity,2022-06-16,seed_layer_available_water,50.0
23,ag_075_044,fallow,2022,2022-10-06,2022-10-11,601375.5459775862,0.75,7.815970093361102e-14,0.0,0.0,0.0,1.0,0.32,0.0,0.0,15.995292634094277,0.0,0.0,0.0,0.0,0.0,0.08814097366240625,0.0,0.0,15.995292634094277,0.0,0.0,490.5138453677107,474.750411759954,4.0190073491430667e-14,unvalidated-engineering-priors,fixed independent scenario factor; no N cycle,,,,right_censored,BBCH89_full_ripeness,,,
23,ag_075_044,wheat,2023,2022-10-12,2023-06-10,601375.5459775862,0.75,6.057376822354854e-13,2.5011104298755527e-12,0.0,0.0,0.04267140235271844,251.04999999999998,225.0,0.0,276.2370483010168,199.90244414358398,28.769635759489546,0.0,0.0,0.0,4.049635586075866,225.0,0.0,504.9091282040903,5991.229207167189,13761.946152597815,474.750411759954,441.84164796978695,8.514855487362638e-13,unvalidated-engineering-priors,fixed independent scenario factor; no N cycle,2023-04-15,2023-05-26,2023-05-26,full_ripeness,BBCH89_full_ripeness,2022-10-12,seed_layer_available_water,50.0
23,ag_075_044,fallow,2023,2023-06-11,2023-06-14,601375.5459775862,0.75,9.992007221626409e-14,0.0,0.0,0.0,1.0,2.07,0.0,0.0,5.033047128757666,0.0,0.0,0.0,0.0,0.0,0.03173175664583304,0.0,0.0,5.033047128757666,0.0,0.0,441.84164796978695,438.8468690843835,-6.428191312579656e-14,unvalidated-engineering-priors,fixed independent scenario factor; no N cycle,,,,right_censored,BBCH89_full_ripeness,,,
23,ag_075_044,maize,2023,2023-06-15,2023-10-05,601375.5459775862,0.75,8.872902412804251e-13,3.495870259939693e-12,0.0,0.0,0.03354275471250856,472.86,60.0,0.0,17.889570712077283,246.40588754323772,94.7675021096244,0.0,0.0,0.0,10.027604247622177,60.0,0.0,359.06296036493944,9546.79855518512,19634.16162377322,438.8468690843835,602.6163044718254,-3.49176243474858e-12,unvalidated-engineering-priors,fixed independent scenario factor; no N cycle,2023-08-11,2023-09-22,2023-09-22,physiological_maturity,R6_physiological_maturity,2023-06-16,seed_layer_available_water,50.0
23,ag_075_044,fallow,2023,2023-10-06,2023-10-11,601375.5459775862,0.75,1.7053025658242404e-13,0.0,0.0,0.0,1.0,0.25,0.0,0.0,16.344304199999996,0.0,0.0,0.0,0.0,0.0,1.676980542835893,0.0,0.0,16.344304199999996,0.0,0.0,602.6163044718254,584.8450197289898,-2.569056078982612e-13,unvalidated-engineering-priors,fixed independent scenario factor; no N cycle,,,,right_censored,BBCH89_full_ripeness,,,
23,ag_075_044,wheat,2024,2023-10-12,2024-06-10,601375.5459775862,0.75,8.202327705930657e-13,5.258016244624741e-12,0.0,0.0,0.04267140235271844,160.54,225.0,0.0,242.4688263569792,281.8532301563323,31.48229249494555,0.0,0.0,0.0,39.43051096370544,225.0,0.0,555.8043490082571,8550.862014040851,19092.000324952456,584.8450197289898,375.15015975702835,-1.0457745780456662e-12,unvalidated-engineering-priors,fixed independent scenario factor; no N cycle,2024-04-19,2024-05-29,2024-05-29,full_ripeness,BBCH89_full_ripeness,2023-10-12,seed_layer_available_water,50.0
23,ag_075_044,fallow,2024,2024-06-11,2024-06-14,601375.5459775862,0.75,9.969802761133906e-14,0.0,0.0,0.0,1.0,4.9399999999999995,0.0,0.0,5.239812531011256,0.0,0.0,0.0,0.0,0.0,0.005321257867637653,0.0,0.0,5.239812531011256,0.0,0.0,375.15015975702835,374.84502596814923,2.2393198406689407e-13,unvalidated-engineering-priors,fixed independent scenario factor; no N cycle,,,,right_censored,BBCH89_full_ripeness,,,
23,ag_075_044,maize,2024,2024-06-15,2024-10-05,601375.5459775862,0.75,1.000088900582341e-12,2.7284841053187847e-12,0.0,0.0,0.03354275471250856,531.34,60.0,0.0,20.59111413985455,206.7728570485819,100.60190459317175,0.0,0.0,0.0,51.709452317104095,60.0,0.0,327.9658757816082,8162.974368874116,15989.648853529128,374.84502596814923,586.5096978694371,-1.7563728249569976e-13,unvalidated-engineering-priors,fixed independent scenario factor; no N cycle,2024-08-09,2024-09-19,2024-09-19,physiological_maturity,R6_physiological_maturity,2024-06-16,seed_layer_available_water,50.0
23,ag_075_044,fallow,2024,2024-10-06,2024-10-11,601375.5459775862,0.75,1.1590728377086634e-13,0.0,0.0,0.0,1.0,2.91,0.0,0.0,16.710887,0.0,0.0,0.0,0.0,0.0,1.1973723632138353,0.0,0.0,16.710887,0.0,0.0,586.5096978694371,571.5114385062232,1.127986593019159e-13,unvalidated-engineering-priors,fixed independent scenario factor; no N cycle,,,,right_censored,BBCH89_full_ripeness,,,
23,ag_075_044,wheat,2025,2024-10-12,2025-06-10,601375.5459775862,0.75,4.698463840213662e-13,4.064304448547773e-12,0.0,0.0,0.04267140235271844,184.34,225.0,0.0,239.12285363415552,314.80708691859235,33.72490376916771,0.0,0.0,0.0,41.74000507658871,225.0,0.0,587.6548443219156,9002.424115260592,20330.27977916768,571.5114385062232,351.45658910771937,-5.294098492925059e-13,unvalidated-engineering-priors,fixed independent scenario factor; no N cycle,2025-04-17,2025-05-27,2025-05-27,full_ripeness,BBCH89_full_ripeness,2024-10-12,seed_layer_available_water,50.0
23,ag_075_044,fallow,2025,2025-06-11,2025-06-14,601375.5459775862,0.75,8.049116928532385e-14,0.0,0.0,0.0,1.0,1.4700000000000002,0.0,0.0,1.826261612140391,0.0,0.0,0.0,0.0,0.0,0.0021708530878801558,0.0,0.0,1.826261612140391,0.0,0.0,351.45658910771937,351.0981566424911,-2.3425705819590803e-14,unvalidated-engineering-priors,fixed independent scenario factor; no N cycle,,,,right_censored,BBCH89_full_ripeness,,,
23,ag_075_044,maize,2025,2025-06-15,2025-10-05,601375.5459775862,0.75,6.785683126508957e-13,4.760636329592671e-12,0.0,0.0,0.03354275471250856,629.51,60.0,0.0,18.24991175937263,211.96489073732164,96.06547136152446,0.0,0.0,0.0,9.283323870468587,60.0,0.0,326.2802738582187,8514.582538965748,17501.63882291886,351.0981566424911,705.0445589138021,1.6817658377021871e-12,unvalidated-engineering-priors,fixed independent scenario factor; no N cycle,2025-08-10,2025-09-24,2025-09-24,physiological_maturity,R6_physiological_maturity,2025-06-16,seed_layer_available_water,50.0
23,ag_075_044,fallow,1996,1996-01-01,1996-10-11,601375.5459775862,1.0,2.2537527399890678e-13,0.0,0.0,0.0,1.0,754.98,0.0,0.0,552.3186758139509,0.0,0.0,0.0,0.0,0.0,82.18796312053631,0.0,0.0,552.3186758139509,0.0,0.0,486.589374113015,607.0627351785278,7.505107646466058e-14,unvalidated-engineering-priors,fixed independent scenario factor; no N cycle,,,,right_censored,BBCH89_full_ripeness,,,
23,ag_075_044,wheat,1997,1996-10-12,1997-06-10,601375.5459775862,1.0,9.134915046615788e-13,7.062794793455396e-12,0.0,0.0,0.04267140235271844,202.71,300.0,0.0,255.70057171503393,241.37880755844012,36.13797247100474,0.0,0.0,0.0,78.86675379574069,300.0,0.0,533.2173517444787,8646.913332196864,19086.739009381738,607.0627351785278,497.6886296383086,-3.3489877537817847e-13,unvalidated-engineering-priors,fixed independent scenario factor; no N cycle,1997-04-27,1997-06-03,1997-06-03,full_ripeness,BBCH89_full_ripeness,1996-10-12,seed_layer_available_water,50.0
23,ag_075_044,fallow,1997,1997-06-11,1997-06-14,601375.5459775862,1.0,1.822986206434507e-13,0.0,0.0,0.0,1.0,2.9899999999999998,0.0,0.0,5.469218820845822,0.0,0.0,0.0,0.0,0.0,0.35556427459241,0.0,0.0,5.469218820845822,0.0,0.0,497.6886296383086,494.8538465428704,7.771561172376096e-15,unvalidated-engineering-priors,fixed independent scenario factor; no N cycle,,,,right_censored,BBCH89_full_ripeness,,,
23,ag_075_044,maize,1997,1997-06-15,1997-10-05,601375.5459775862,1.0,9.485745522397337e-13,3.865352482534945e-12,0.0,0.0,0.03354275471250856,224.66,80.0,0.0,19.72492534136477,312.21924959603064,70.26080498496779,0.0,0.0,0.0,9.701160519398133,80.0,0.0,402.2049799223632,11473.222449062952,21500.234919611263,494.8538465428704,387.6077061011067,2.3695490014574716e-12,unvalidated-engineering-priors,fixed independent scenario factor; no N cycle,1997-08-11,1997-09-29,1997-09-29,physiological_maturity,R6_physiological_maturity,1997-06-16,seed_layer_available_water,50.0
23,ag_075_044,fallow,1997,1997-10-06,1997-10-11,601375.5459775862,1.0,7.638334409421077e-14,0.0,0.0,0.0,1.0,0.0,0.0,0.0,13.016170256419109,0.0,0.0,0.0,0.0,0.0,0.004515379103937516,0.0,0.0,13.016170256419109,0.0,0.0,387.6077061011067,374.5870204655837,-2.220446049250313e-14,unvalidated-engineering-priors,fixed independent scenario factor; no N cycle,,,,right_censored,BBCH89_full_ripeness,,,
23,ag_075_044,wheat,1998,1997-10-12,1998-06-10,601375.5459775862,1.0,1.1683987111155147e-12,3.495870259939693e-12,0.0,0.0,0.04267140235271844,393.03,300.0,0.0,261.7347467728341,166.72521663741313,64.48154367857292,0.0,0.0,0.0,9.409910771769733,300.0,0.0,492.9415070888201,6704.269411117002,15753.267314383445,374.5870204655837,565.2656026049928,1.0592637877948619e-12,unvalidated-engineering-priors,fixed independent scenario factor; no N cycle,1998-04-26,1998-06-03,1998-06-03,full_ripeness,BBCH89_full_ripeness,1997-10-13,seed_layer_available_water,50.0
23,ag_075_044,fallow,1998,1998-06-11,1998-06-14,601375.5459775862,1.0,1.412203687323199e-13,0.0,0.0,0.0,1.0,39.29,0.0,0.0,13.395240891797012,0.0,0.0,0.0,0.0,0.0,1.662251092048749,0.0,0.0,13.395240891797012,0.0,0.0,565.2656026049928,589.498110621147,-3.241851231905457e-14,unvalidated-engineering-priors,fixed independent scenario factor; no N cycle,,,,right_censored,BBCH89_full_ripeness,,,
23,ag_075_044,maize,1998,1998-06-15,1998-10-05,601375.5459775862,1.0,1.1617373729677638e-12,4.746425474877469e-12,0.0,0.0,0.03354275471250856,598.98,80.0,0.0,18.590382786291325,211.22857234051972,112.39911531969412,0.0,0.0,0.0,356.0332790134096,80.0,0.0,342.2180704465052,9124.967242070063,17761.473013945455,589.498110621147,570.2267611612275,4.728550884181004e-12,unvalidated-engineering-priors,fixed independent scenario factor; no N cycle,1998-08-09,1998-09-20,1998-09-20,physiological_maturity,R6_physiological_maturity,1998-06-15,seed_layer_available_water,50.0
23,ag_075_044,fallow,1998,1998-10-06,1998-10-11,601375.5459775862,1.0,2.3314683517128287e-13,0.0,0.0,0.0,1.0,0.56,0.0,0.0,14.18415121616878,0.0,0.0,0.0,0.0,0.0,1.985330782245533,0.0,0.0,14.18415121616878,0.0,0.0,570.2267611612275,554.6172791628132,-6.128431095930864e-14,unvalidated-engineering-priors,fixed independent scenario factor; no N cycle,,,,right_censored,BBCH89_full_ripeness,,,
23,ag_075_044,wheat,1999,1998-10-12,1999-06-10,601375.5459775862,1.0,9.07718344933528e-13,3.126388037344441e-12,0.0,0.0,0.04267140235271844,210.58,300.0,0.0,231.7357014067933,231.54412654821152,45.237122196154964,0.0,0.0,0.0,37.437147959366555,300.0,0.0,508.5169501511598,7572.884184145808,17645.92943945134,554.6172791628132,519.2431810522855,1.3563594691845537e-12,unvalidated-engineering-priors,fixed independent scenario factor; no N cycle,1999-04-21,1999-05-28,1999-05-28,full_ripeness,BBCH89_full_ripeness,1998-10-12,seed_layer_available_water,50.0
23,ag_075_044,fallow,1999,1999-06-11,1999-06-14,601375.5459775862,1.0,2.0294876890147862e-13,0.0,0.0,0.0,1.0,1.57,0.0,0.0,5.241114316218745,0.0,0.0,0.0,0.0,0.0,0.5690345787909697,0.0,0.0,5.241114316218745,0.0,0.0,519.2431810522855,515.0030321572759,-1.0369483049998962e-13,unvalidated-engineering-priors,fixed independent scenario factor; no N cycle,,,,right_censored,BBCH89_full_ripeness,,,
23,ag_075_044,maize,1999,1999-06-15,1999-10-05,601375.5459775862,1.0,9.778844400898379e-13,4.035882739117369e-12,0.0,0.0,0.03354275471250856,475.67,80.0,0.0,18.388068480385137,245.61186991087072,88.30781139133688,0.0,0.0,0.0,116.85966359921616,80.0,0.0,352.30774978259274,10079.43397439555,19770.938324369825,515.0030321572759,601.5056187754681,-1.0491052471195417e-12,unvalidated-engineering-priors,fixed independent scenario factor; no N cycle,1999-08-12,1999-09-26,1999-09-26,physiological_maturity,R6_physiological_maturity,1999-06-16,seed_layer_available_water,50.0
23,ag_075_044,fallow,1999,1999-10-06,1999-10-11,601375.5459775862,1.0,2.2648549702353193e-13,0.0,0.0,0.0,1.0,6.74,0.0,0.0,14.299601500000001,0.0,0.0,0.0,0.0,0.0,1.0938872552086223,0.0,0.0,14.299601500000001,0.0,0.0,601.5056187754681,592.8521300202589,5.724309914967307e-13,unvalidated-engineering-priors,fixed independent scenario factor; no N cycle,,,,right_censored,BBCH89_full_ripeness,,,
23,ag_075_044,wheat,2000,1999-10-12,2000-06-10,601375.5459775862,1.0,5.782041512247815e-13,4.519051799434237e-12,0.0,0.0,0.04267140235271844,156.28,300.0,0.0,239.310255994939,307.4632647405073,40.31538881436742,0.0,0.0,0.0,54.91590825626703,300.0,0.0,587.0889095498138,9500.473301929873,21495.469919158226,592.8521300202589,407.12731221417937,-1.3062884107739592e-12,unvalidated-engineering-priors,fixed independent scenario factor; no N cycle,2000-04-23,2000-05-31,2000-05-31,full_ripeness,BBCH89_full_ripeness,1999-10-12,seed_layer_available_water,50.0
23,ag_075_044,fallow,2000,2000-06-11,2000-06-14,601375.5459775862,1.0,6.061817714453355e-14,0.0,0.0,0.0,1.0,6.2700000000000005,0.0,0.0,8.069388473199464,0.0,0.0,0.0,0.0,0.0,0.007766402652231431,0.0,0.0,8.069388473199464,0.0,0.0,407.12731221417937,405.3201573383276,8.504308368628699e-14,unvalidated-engineering-priors,fixed independent scenario factor; no N cycle,,,,right_censored,BBCH89_full_ripeness,,,
23,ag_075_044,maize,2000,2000-06-15,2000-10-05,601375.5459775862,1.0,1.1257661469699087e-12,2.1316282072803006e-12,0.0,0.0,0.03354275471250856,746.61,80.0,0.0,20.751064871968392,158.8163237017598,84.76442285952186,0.0,0.0,0.0,309.21069101438883,80.0,0.0,264.33181143325004,7327.158845123638,14687.763856093581,405.3201573383276,658.3876548906879,7.924771949774367e-13,unvalidated-engineering-priors,fixed independent scenario factor; no N cycle,2000-08-10,2000-09-23,2000-09-23,physiological_maturity,R6_physiological_maturity,2000-06-16,seed_layer_available_water,50.0
23,ag_075_044,fallow,2000,2000-10-06,2000-10-11,601375.5459775862,1.0,1.7763568394002505e-13,0.0,0.0,0.0,1.0,40.85,0.0,0.0,12.280764199999998,0.0,0.0,0.0,0.0,0.0,7.4683121671844805,0.0,0.0,12.280764199999998,0.0,0.0,658.3876548906879,679.4885785235036,-1.7186252421197423e-13,unvalidated-engineering-priors,fixed independent scenario factor; no N cycle,,,,right_censored,BBCH89_full_ripeness,,,
23,ag_075_044,wheat,2001,2000-10-12,2001-06-10,601375.5459775862,1.0,8.921752225887758e-13,4.348521542851813e-12,0.0,0.0,0.04267140235271844,151.93,300.0,0.0,273.6017649719313,273.47053426044204,20.795567220758187,0.0,0.0,0.0,138.97200724569066,300.0,0.0,567.8678664531316,8653.10239561094,18941.601731595452,679.4885785235036,424.5787048246781,3.3719693703915254e-12,unvalidated-engineering-priors,fixed independent scenario factor; no N cycle,2001-04-25,2001-06-04,2001-06-04,full_ripeness,BBCH89_full_ripeness,2000-10-12,seed_layer_available_water,50.0
23,ag_075_044,fallow,2001,2001-06-11,2001-06-14,601375.5459775862,1.0,5.184741524999481e-14,0.0,0.0,0.0,1.0,0.67,0.0,0.0,2.7344365033580993,0.0,0.0,0.0,0.0,0.0,0.024850638633581904,0.0,0.0,2.7344365033580993,0.0,0.0,424.5787048246781,422.48941768268634,6.578071420904053e-14,unvalidated-engineering-priors,fixed independent scenario factor; no N cycle,,,,right_censored,BBCH89_full_ripeness,,,
23,ag_075_044,maize,2001,2001-06-15,2001-10-05,601375.5459775862,1.0,8.562039965909207e-13,3.979039320256561e-12,0.0,0.0,0.03354275471250856,452.56,80.0,0.0,16.750160635273183,253.8367659857137,85.02394314872329,0.0,0.0,0.0,107.88792898860328,80.0,0.0,355.6108697697102,9920.297693663779,19691.305324734505,422.48941768268634,491.5506189243758,-2.886357819420482e-12,unvalidated-engineering-priors,fixed independent scenario factor; no N cycle,2001-08-11,2001-09-25,2001-09-25,physiological_maturity,R6_physiological_maturity,2001-06-16,seed_layer_available_water,50.0
23,ag_075_044,fallow,2001,2001-10-06,2001-10-11,601375.5459775862,1.0,1.709743457922741e-13,0.0,0.0,0.0,1.0,3.56,0.0,0.0,12.747012524534124,0.0,0.0,0.0,0.0,0.0,0.3855112765414953,0.0,0.0,12.747012524534124,0.0,0.0,491.5506189243758,481.97809512330014,2.6867397195928788e-14,unvalidated-engineering-priors,fixed independent scenario factor; no N cycle,,,,right_censored,BBCH89_full_ripeness,,,
23,ag_075_044,wheat,2002,2001-10-12,2002-06-10,601375.5459775862,1.0,4.75175454539567e-13,3.353761712787673e-12,0.0,0.0,0.04267140235271844,274.8,300.0,0.0,247.82461746339604,215.55684025953857,48.130093477183244,0.0,0.0,0.0,12.694062862267353,300.0,0.0,511.5115512001179,7149.192055885689,16920.51347375359,481.97809512330014,532.5724810609156,-6.953881914739668e-13,unvalidated-engineering-priors,fixed independent scenario factor; no N cycle,2002-04-15,2002-05-28,2002-05-28,full_ripeness,BBCH89_full_ripeness,2001-10-12,seed_layer_available_water,50.0
23,ag_075_044,fallow,2002,2002-06-11,2002-06-14,601375.5459775862,1.0,1.1368683772161603e-13,0.0,0.0,0.0,1.0,1.25,0.0,0.0,19.500345719798077,0.0,0.0,0.0,0.0,0.0,0.32390218528993187,0.0,0.0,19.500345719798077,0.0,0.0,532.5724810609156,513.9982331558278,-2.495781359357352e-13,unvalidated-engineering-priors,fixed independent scenario factor; no N cycle,,,,right_censored,BBCH89_full_ripeness,,,
23,ag_075_044,maize,2002,2002-06-15,2002-10-05,601375.5459775862,1.0,1.0276224315930449e-12,4.405364961712621e-12,0.0,0.0,0.03354275471250856,283.73,80.0,0.0,18.70203375785685,264.6671127454901,91.54814386112781,0.0,0.0,0.0,29.839860550435745,80.0,0.0,374.91729036447475,10488.379368451948,19988.755979775735,513.9982331558278,472.97108224091653,8.273381979506667e-13,unvalidated-engineering-priors,fixed independent scenario factor; no N cycle,2002-08-11,2002-09-27,2002-09-27,physiological_maturity,R6_physiological_maturity,2002-06-15,seed_layer_available_water,50.0
23,ag_075_044,fallow,2002,2002-10-06,2002-10-11,601375.5459775862,1.0,8.881784197001252e-14,0.0,0.0,0.0,1.0,0.0,0.0,0.0,14.412605625568059,0.0,0.0,0.0,0.0,0.0,0.11298721369877432,0.0,0.0,14.412605625568059,0.0,0.0,472.97108224091653,458.44548940164975,-5.46229728115577e-14,unvalidated-engineering-priors,fixed independent scenario factor; no N cycle,,,,right_censored,BBCH89_full_ripeness,,,
23,ag_075_044,wheat,2003,2002-10-12,2003-06-10,601375.5459775862,1.0,8.331113576787175e-13,3.353761712787673e-12,0.0,0.0,0.04267140235271844,280.31,300.0,0.0,259.5621221787954,197.43324637658404,43.135581752690825,0.0,0.0,0.0,10.792722108112667,300.0,0.0,500.1309503080703,7353.943920929307,16407.879778381808,458.44548940164975,527.8318169854617,5.102029909664907e-12,unvalidated-engineering-priors,fixed independent scenario factor; no N cycle,2003-04-29,2003-06-06,2003-06-06,full_ripeness,BBCH89_full_ripeness,2002-10-12,seed_layer_available_water,50.0
23,ag_075_044,fallow,2003,2003-06-11,2003-06-14,601375.5459775862,1.0,1.2434497875801753e-13,0.0,0.0,0.0,1.0,0.44,0.0,0.0,11.193805905026494,0.0,0.0,0.0,0.0,0.0,0.6024100921296273,0.0,0.0,11.193805905026494,0.0,0.0,527.8318169854617,516.4756009883056,2.042810365310288e-14,unvalidated-engineering-priors,fixed independent scenario factor; no N cycle,,,,right_censored,BBCH89_full_ripeness,,,
23,ag_075_044,maize,2003,2003-06-15,2003-10-05,601375.5459775862,1.0,1.184830011879967e-12,2.1103119252074976e-12,0.0,0.0,0.03354275471250856,647.95,80.0,0.0,19.120005086757768,122.68558211177967,101.07653052663778,0.0,0.0,0.0,313.1531272550745,80.0,0.0,242.88211772517522,7458.82491830704,14191.47673444006,516.4756009883056,688.3903560080553,6.363243265639085e-13,unvalidated-engineering-priors,fixed independent scenario factor; no N cycle,2003-08-12,2003-10-02,2003-10-02,physiological_maturity,R6_physiological_maturity,2003-06-16,seed_layer_available_water,50.0
23,ag_075_044,fallow,2003,2003-10-06,2003-10-11,601375.5459775862,1.0,1.4210854715202004e-13,0.0,0.0,0.0,1.0,75.55,0.0,0.0,11.587539099999997,0.0,0.0,0.0,0.0,0.0,11.601075519248383,0.0,0.0,11.587539099999997,0.0,0.0,688.3903560080553,740.7517413888071,-1.9584334154387761e-13,unvalidated-engineering-priors,fixed independent scenario factor; no N cycle,,,,right_censored,BBCH89_full_ripeness,,,
23,ag_075_044,wheat,2004,2003-10-12,2004-06-10,601375.5459775862,1.0,9.241496456979803e-13,4.362732397567015e-12,0.0,0.0,0.04267140235271844,183.91,300.0,0.0,275.3563582593298,261.8888554341381,41.785889933932054,0.0,0.0,0.0,183.05977023050912,300.0,0.0,579.0311036274,8925.863734986755,20199.33497071782,740.7517413888071,462.57086753089493,3.034683615510403e-12,unvalidated-engineering-priors,fixed independent scenario factor; no N cycle,2004-04-19,2004-05-27,2004-05-27,full_ripeness,BBCH89_full_ripeness,2003-10-12,seed_layer_available_water,50.0
23,ag_075_044,fallow,2004,2004-06-11,2004-06-14,601375.5459775862,1.0,1.3855583347321954e-13,0.0,0.0,0.0,1.0,8.89,0.0,0.0,4.412877014072283,0.0,0.0,0.0,0.0,0.0,0.07992595308324263,0.0,0.0,4.412877014072283,0.0,0.0,462.57086753089493,466.96806456373946,-5.706546346573305e-14,unvalidated-engineering-priors,fixed independent scenario factor; no N cycle,,,,right_censored,BBCH89_full_ripeness,,,
23,ag_075_044,maize,2004,2004-06-15,2004-10-05,601375.5459775862,1.0,1.1368683772161603e-12,3.808509063674137e-12,0.0,0.0,0.03354275471250856,611.76,80.0,0.0,16.459915586041948,197.38644342145875,111.82311767223807,0.0,0.0,0.0,215.5370174344381,80.0,0.0,325.66947667973875,10069.03330179714,18706.75785552778,466.96806456373946,617.5215704495604,2.2172264024789e-12,unvalidated-engineering-priors,fixed independent scenario factor; no N cycle,2004-08-11,2004-09-28,2004-09-28,physiological_maturity,R6_physiological_maturity,2004-06-15,seed_layer_available_water,50.0
23,ag_075_044,fallow,2004,2004-10-06,2004-10-11,601375.5459775862,1.0,1.2745360322696797e-13,0.0,0.0,0.0,1.0,0.06,0.0,0.0,18.5110073,0.0,0.0,0.0,0.0,0.0,2.6693244079613727,0.0,0.0,18.5110073,0.0,0.0,617.5215704495604,596.401238741599,6.750155989720952e-14,unvalidated-engineering-priors,fixed independent scenario factor; no N cycle,,,,right_censored,BBCH89_full_ripeness,,,
23,ag_075_044,wheat,2005,2004-10-12,2005-06-10,601375.5459775862,1.0,6.217248937900877e-13,4.206412995699793e-12,0.0,0.0,0.04267140235271844,193.4,300.0,0.0,233.38248615031844,287.5960755954513,40.77759466544273,0.0,0.0,0.0,55.16237034191414,300.0,0.0,561.7561564112125,9398.897141463742,21238.549699651463,596.401238741599,472.8827119884739,-1.5554224574998443e-12,unvalidated-engineering-priors,fixed independent scenario factor; no N cycle,2005-04-29,2005-06-07,2005-06-07,full_ripeness,BBCH89_full_ripeness,2004-10-12,seed_layer_available_water,50.0
23,ag_075_044,fallow,2005,2005-06-11,2005-06-14,601375.5459775862,1.0,9.636735853746359e-14,0.0,0.0,0.0,1.0,0.16,0.0,0.0,19.493711762256375,0.0,0.0,0.0,0.0,0.0,0.028743619977636234,0.0,0.0,19.493711762256375,0.0,0.0,472.8827119884739,453.52025660623997,-9.325873406851315e-14,unvalidated-engineering-priors,fixed independent scenario factor; no N cycle,,,,right_censored,BBCH89_full_ripeness,,,
23,ag_075_044,maize,2005,2005-06-15,2005-10-05,601375.5459775862,1.0,1.0191847366058937e-12,2.9558577807620168e-12,0.0,0.0,0.03354275471250856,701.95,80.0,0.0,20.204401983281134,164.26530917283708,102.23549327031587,0.0,0.0,0.0,217.57099113538737,80.0,0.0,286.7052044264341,8347.243956189863,16346.58582658666,453.52025660623997,731.1940610444212,-2.7415292258581303e-12,unvalidated-engineering-priors,fixed independent scenario factor; no N cycle,2005-08-10,2005-09-28,2005-09-28,physiological_maturity,R6_physiological_maturity,2005-06-16,seed_layer_available_water,50.0
23,ag_075_044,fallow,2005,2005-10-06,2005-10-11,601375.5459775862,1.0,2.184918912462308e-13,0.0,0.0,0.0,1.0,5.15,0.0,0.0,17.5653828,0.0,0.0,0.0,0.0,0.0,30.448639258004157,0.0,0.0,17.5653828,0.0,0.0,731.1940610444212,688.3300389864172,-1.2789769243681803e-13,unvalidated-engineering-priors,fixed independent scenario factor; no N cycle,,,,right_censored,BBCH89_full_ripeness,,,
23,ag_075_044,wheat,2006,2005-10-12,2006-06-10,601375.5459775862,1.0,8.5087492607272e-13,4.490630090003833e-12,0.0,0.0,0.04267140235271844,149.82,300.0,0.0,222.56679683801337,284.7436709362456,46.32574184577788,0.0,0.0,0.0,126.57083146208544,300.0,0.0,553.6362096200369,9335.375229132007,21505.041968222766,688.3300389864172,457.94299790429505,-1.3039569424222464e-13,unvalidated-engineering-priors,fixed independent scenario factor; no N cycle,2006-04-25,2006-06-03,2006-06-03,full_ripeness,BBCH89_full_ripeness,2005-10-12,seed_layer_available_water,50.0
23,ag_075_044,fallow,2006,2006-06-11,2006-06-14,601375.5459775862,1.0,5.617728504603292e-14,0.0,0.0,0.0,1.0,24.130000000000003,0.0,0.0,13.23110566805509,0.0,0.0,0.0,0.0,0.0,0.07495001159175778,0.0,0.0,13.23110566805509,0.0,0.0,457.94299790429505,468.76694222464823,-2.5646151868841116e-14,unvalidated-engineering-priors,fixed independent scenario factor; no N cycle,,,,right_censored,BBCH89_full_ripeness,,,
23,ag_075_044,maize,2006,2006-06-15,2006-10-05,601375.5459775862,1.0,9.188205751797796e-13,2.8990143619012088e-12,0.0,0.0,0.03354275471250856,357.46999999999997,80.0,0.0,20.56918726477307,210.9834147261533,77.0053160797992,0.0,0.0,0.0,33.848958244020054,80.0,0.0,308.5579180707256,8806.82493526429,16877.335949706972,468.76694222464823,563.8300659099061,-3.5530467457078885e-12,unvalidated-engineering-priors,fixed independent scenario factor; no N cycle,2006-08-09,2006-09-24,2006-09-24,physiological_maturity,R6_physiological_maturity,2006-06-15,seed_layer_available_water,50.0
23,ag_075_044,fallow,2006,2006-10-06,2006-10-11,601375.5459775862,1.0,1.723066134218243e-13,0.0,0.0,0.0,1.0,0.0,0.0,0.0,19.3676342731623,0.0,0.0,0.0,0.0,0.0,1.0445043653899897,0.0,0.0,19.3676342731623,0.0,0.0,563.8300659099061,543.4179272713542,-3.517186542012496e-13,unvalidated-engineering-priors,fixed independent scenario factor; no N cycle,,,,right_censored,BBCH89_full_ripeness,,,
23,ag_075_044,wheat,2007,2006-10-12,2007-06-10,601375.5459775862,1.0,7.509548538564559e-13,4.945377440890297e-12,0.0,0.0,0.04267140235271844,216.17,300.0,0.0,244.1206141413051,312.26508045795896,35.37882693466252,0.0,0.0,0.0,28.02070570780517,300.0,0.0,591.7645215339265,10362.417333135685,23031.35593058357,543.4179272713542,439.80270002962123,1.1936007737745058e-12,unvalidated-engineering-priors,fixed independent scenario factor; no N cycle,2007-04-22,2007-06-01,2007-06-01,full_ripeness,BBCH89_full_ripeness,2006-10-12,seed_layer_available_water,50.0
23,ag_075_044,fallow,2007,2007-06-11,2007-06-14,601375.5459775862,1.0,4.18554080283684e-14,0.0,0.0,0.0,1.0,1.29,0.0,0.0,4.5725599716052825,0.0,0.0,0.0,0.0,0.0,0.027556626851907084,0.0,0.0,4.5725599716052825,0.0,0.0,439.80270002962123,436.49258343116406,-1.8540724511240114e-14,unvalidated-engineering-priors,fixed independent scenario factor; no N cycle,,,,right_censored,BBCH89_full_ripeness,,,
23,ag_075_044,maize,2007,2007-06-15,2007-10-05,601375.5459775862,1.0,1.2230216839270724e-12,3.694822225952521e-12,0.0,0.0,0.03354275471250856,480.89,80.0,0.0,17.517181161041268,199.84580333295057,88.48705120759703,0.0,0.0,0.0,115.61639963690746,80.0,0.0,305.85003570158887,9194.144121791582,17527.549168735677,436.49258343116406,575.9161480926647,3.056221942188131e-12,unvalidated-engineering-priors,fixed independent scenario factor; no N cycle,2007-08-12,2007-09-26,2007-09-26,physiological_maturity,R6_physiological_maturity,2007-06-16,seed_layer_available_water,50.0
23,ag_075_044,fallow,2007,2007-10-06,2007-10-11,601375.5459775862,1.0,1.9273471707492718e-13,0.0,0.0,0.0,1.0,1.84,0.0,0.0,15.370100158314806,0.0,0.0,0.0,0.0,0.0,1.6530737715535282,0.0,0.0,15.370100158314806,0.0,0.0,575.9161480926647,560.7329741627965,-1.4499512701604544e-13,unvalidated-engineering-priors,fixed independent scenario factor; no N cycle,,,,right_censored,BBCH89_full_ripeness,,,
23,ag_075_044,wheat,2008,2007-10-12,2008-06-10,601375.5459775862,1.0,7.114309141798003e-13,4.575895218295045e-12,0.0,0.0,0.04267140235271844,222.59,300.0,0.0,230.69464814706396,251.61287885735754,49.00088801199195,0.0,0.0,0.0,38.792205856893055,300.0,0.0,531.3084150164135,8851.192424628716,19705.645876567844,560.7329741627965,513.2223532894952,-5.234479516502688e-12,unvalidated-engineering-priors,fixed independent scenario factor; no N cycle,2008-04-24,2008-06-02,2008-06-02,full_ripeness,BBCH89_full_ripeness,2007-10-12,seed_layer_available_water,50.0
23,ag_075_044,fallow,2008,2008-06-11,2008-06-14,601375.5459775862,1.0,1.176836406102666e-13,0.0,0.0,0.0,1.0,2.49,0.0,0.0,6.988412403443489,0.0,0.0,0.0,0.0,0.0,0.4534736270246169,0.0,0.0,6.988412403443489,0.0,0.0,513.2223532894952,508.27046725902716,-3.1530333899354446e-14,unvalidated-engineering-priors,fixed independent scenario factor; no N cycle,,,,right_censored,BBCH89_full_ripeness,,,
23,ag_075_044,maize,2008,2008-06-15,2008-10-05,601375.5459775862,1.0,1.2310152897043736e-12,3.808509063674137e-12,0.0,0.0,0.03354275471250856,406.68,80.0,0.0,18.58488826834118,193.75031423335824,91.76225294529979,0.0,0.0,0.0,103.95445153845482,80.0,0.0,304.0974554469992,9022.88686348576,16971.188056614246,508.27046725902716,586.8985602735759,-2.738476112540411e-12,unvalidated-engineering-priors,fixed independent scenario factor; no N cycle,2008-08-11,2008-09-24,2008-09-24,physiological_maturity,R6_physiological_maturity,2008-06-16,seed_layer_available_water,50.0
23,ag_075_044,fallow,2008,2008-10-06,2008-10-11,601375.5459775862,1.0,1.851852005074761e-13,0.0,0.0,0.0,1.0,1.07,0.0,0.0,16.588211018300093,0.0,0.0,0.0,0.0,0.0,1.5986812859441244,0.0,0.0,16.588211018300093,0.0,0.0,586.8985602735759,569.7816679693317,-4.1744385725905886e-14,unvalidated-engineering-priors,fixed independent scenario factor; no N cycle,,,,right_censored,BBCH89_full_ripeness,,,
23,ag_075_044,wheat,2009,2008-10-12,2009-06-10,601375.5459775862,1.0,5.133671265866724e-13,5.002220859751105e-12,0.0,0.0,0.04267140235271844,273.08,300.0,0.0,253.45002613589895,252.45084329982942,34.454955416689714,0.0,0.0,0.0,36.96805710206565,300.0,0.0,540.3558248524181,7896.314922753542,18216.826724745868,569.7816679693317,565.5377860148501,-2.1397883465112955e-12,unvalidated-engineering-priors,fixed independent scenario factor; no N cycle,2009-04-22,2009-05-29,2009-05-29,full_ripeness,BBCH89_full_ripeness,2008-10-12,seed_layer_available_water,50.0
23,ag_075_044,fallow,2009,2009-06-11,2009-06-14,601375.5459775862,1.0,6.128431095930864e-14,0.0,0.0,0.0,1.0,6.72,0.0,0.0,24.38504684440976,0.0,0.0,0.0,0.0,0.0,0.3103169506225666,0.0,0.0,24.38504684440976,0.0,0.0,565.5377860148501,547.5624222198176,2.078337502098293e-13,unvalidated-engineering-priors,fixed independent scenario factor; no N cycle,,,,right_censored,BBCH89_full_ripeness,,,
23,ag_075_044,maize,2009,2009-06-15,2009-10-05,601375.5459775862,1.0,9.561240688071848e-13,6.87805368215777e-12,0.0,0.0,0.03354275471250856,380.83,80.0,0.0,16.03109575268903,230.95390304721698,100.58237223265475,0.0,0.0,0.0,67.53675385996154,80.0,0.0,347.56737103256074,9557.767304825027,19707.914924908713,547.5624222198176,593.2882973272962,-9.087175456556906e-13,unvalidated-engineering-priors,fixed independent scenario factor; no N cycle,2009-08-10,2009-09-29,2009-09-29,physiological_maturity,R6_physiological_maturity,2009-06-15,seed_layer_available_water,50.0
23,ag_075_044,fallow,2009,2009-10-06,2009-10-11,601375.5459775862,1.0,1.6342482922482304e-13,0.0,0.0,0.0,1.0,2.47,0.0,0.0,15.465050399999997,0.0,0.0,0.0,0.0,0.0,2.11701578682107,0.0,0.0,15.465050399999997,0.0,0.0,593.2882973272962,578.1762311404752,-1.4166445794216997e-13,unvalidated-engineering-priors,fixed independent scenario factor; no N cycle,,,,right_censored,BBCH89_full_ripeness,,,
23,ag_075_044,wheat,2010,2009-10-12,2010-06-10,601375.5459775862,1.0,7.389644451905042e-13,3.694822225952521e-12,0.0,0.0,0.04267140235271844,170.49,300.0,0.0,235.64365162285267,278.74794672732105,38.0139378312463,0.0,0.0,0.0,45.88357971035271,300.0,0.0,552.4055361814201,8772.480451259922,20011.958497752174,578.1762311404752,450.37711524870036,2.139732835360064e-12,unvalidated-engineering-priors,fixed independent scenario factor; no N cycle,2010-05-04,2010-06-10,2010-06-10,full_ripeness,BBCH89_full_ripeness,2009-10-12,seed_layer_available_water,50.0
23,ag_075_044,fallow,2010,2010-06-11,2010-06-14,601375.5459775862,1.0,5.861977570020827e-14,0.0,0.0,0.0,1.0,0.0,0.0,0.0,9.194424964453713,0.0,0.0,0.0,0.0,0.0,0.031309204487450684,0.0,0.0,9.194424964453713,0.0,0.0,450.37711524870036,441.1513810797592,2.2870594307278225e-14,unvalidated-engineering-priors,fixed independent scenario factor; no N cycle,,,,right_censored,BBCH89_full_ripeness,,,
23,ag_075_044,maize,2010,2010-06-15,2010-10-05,601375.5459775862,1.0,1.2363443602225743e-12,4.149569576838985e-12,0.0,0.0,0.03354275471250856,551.36,80.0,0.0,19.79587707085928,211.38211678111645,97.94842458767282,0.0,0.0,0.0,123.48465663152224,80.0,0.0,329.12641843964855,8586.536450832413,17557.309046372866,441.1513810797592,619.9003060085892,-7.76823050330222e-13,unvalidated-engineering-priors,fixed independent scenario factor; no N cycle,2010-08-10,2010-09-26,2010-09-26,physiological_maturity,R6_physiological_maturity,2010-06-16,seed_layer_available_water,50.0
23,ag_075_044,fallow,2010,2010-10-06,2010-10-11,601375.5459775862,1.0,9.681144774731365e-14,0.0,0.0,0.0,1.0,0.18,0.0,0.0,19.567788388656002,0.0,0.0,0.0,0.0,0.0,5.1813759629156255,0.0,0.0,19.567788388656002,0.0,0.0,619.9003060085892,595.3311416570176,-8.43769498715119e-14,unvalidated-engineering-priors,fixed independent scenario factor; no N cycle,,,,right_censored,BBCH89_full_ripeness,,,
23,ag_075_044,wheat,2011,2010-10-12,2011-06-10,601375.5459775862,1.0,5.151434834260726e-13,5.7838178690872155e-12,0.0,0.0,0.04267140235271844,108.71,300.0,0.0,197.66509535849568,307.902887811254,23.797323192100556,0.0,0.0,0.0,52.1970799037055,300.0,0.0,529.3653063618502,8459.770893296958,19473.81919782955,595.3311416570176,422.4787553914605,1.3907763829479336e-12,unvalidated-engineering-priors,fixed independent scenario factor; no N cycle,2011-04-25,2011-06-02,2011-06-02,full_ripeness,BBCH89_full_ripeness,2010-10-12,seed_layer_available_water,50.0
23,ag_075_044,fallow,2011,2011-06-11,2011-06-14,601375.5459775862,1.0,5.700995231450179e-14,0.0,0.0,0.0,1.0,1.57,0.0,0.0,3.809722522121946,0.0,0.0,0.0,0.0,0.0,0.015126504043974268,0.0,0.0,3.809722522121946,0.0,0.0,422.4787553914605,420.2239063652946,-6.300515664747763e-14,unvalidated-engineering-priors,fixed independent scenario factor; no N cycle,,,,right_censored,BBCH89_full_ripeness,,,
23,ag_075_044,maize,2011,2011-06-15,2011-10-05,601375.5459775862,1.0,9.396927680427325e-13,5.5138116294983774e-12,0.0,0.0,0.03354275471250856,494.21,80.0,0.0,19.14685003127428,197.87875536029566,85.6528990603892,0.0,0.0,0.0,31.380685445144902,80.0,0.0,302.67850445195916,9188.182081089828,17238.230670019213,420.2239063652946,660.3747164681879,2.6733060209949144e-12,unvalidated-engineering-priors,fixed independent scenario factor; no N cycle,2011-08-11,2011-10-04,2011-10-04,physiological_maturity,R6_physiological_maturity,2011-06-16,seed_layer_available_water,50.0
23,ag_075_044,fallow,2011,2011-10-06,2011-10-11,601375.5459775862,1.0,1.6431300764452317e-13,0.0,0.0,0.0,1.0,11.709999999999999,0.0,0.0,16.6122346,0.0,0.0,0.0,0.0,0.0,8.414381015067436,0.0,0.0,16.6122346,0.0,0.0,660.3747164681879,647.0581008531202,2.544631172440859e-13,unvalidated-engineering-priors,fixed independent scenario factor; no N cycle,,,,right_censored,BBCH89_full_ripeness,,,
23,ag_075_044,wheat,2012,2011-10-12,2012-06-10,601375.5459775862,1.0,8.251177519014163e-13,4.945377440890297e-12,0.0,0.0,0.04267140235271844,190.03,300.0,0.0,271.41572982336976,252.37042987168056,27.643220572240057,0.0,0.0,0.0,114.69251374661555,300.0,0.0,551.4293802672903,8515.026037732701,19124.559800933326,647.0581008531202,470.9662068392168,-2.484568106808638e-12,unvalidated-engineering-priors,fixed independent scenario factor; no N cycle,2012-04-28,2012-06-04,2012-06-04,full_ripeness,BBCH89_full_ripeness,2011-10-12,seed_layer_available_water,50.0
23,ag_075_044,fallow,2012,2012-06-11,2012-06-14,601375.5459775862,1.0,1.13464793116691e-13,0.0,0.0,0.0,1.0,0.0,0.0,0.0,4.006495154904786,0.0,0.0,0.0,0.0,0.0,0.133912858044541,0.0,0.0,4.006495154904786,0.0,0.0,470.9662068392168,466.82579882626743,3.808064974464287e-14,unvalidated-engineering-priors,fixed independent scenario factor; no N cycle,,,,right_censored,BBCH89_full_ripeness,,,
23,ag_075_044,maize,2012,2012-06-15,2012-10-05,601375.5459775862,1.0,1.1328715743275097e-12,4.007461029686965e-12,0.0,0.0,0.03354275471250856,418.76,80.0,0.0,22.033855631029994,205.1233592864092,74.85938424929941,0.0,0.0,0.0,90.35293990246757,80.0,0.0,302.0165991667386,8817.373603524144,16546.25420114159,466.82579882626743,573.2162597570616,-3.3845148905697897e-13,unvalidated-engineering-priors,fixed independent scenario factor; no N cycle,2012-08-10,2012-09-26,2012-09-26,physiological_maturity,R6_physiological_maturity,2012-06-16,seed_layer_available_water,50.0
23,ag_075_044,fallow,2012,2012-10-06,2012-10-11,601375.5459775862,1.0,1.5365486660812167e-13,0.0,0.0,0.0,1.0,0.01,0.0,0.0,18.22242833371587,0.0,0.0,0.0,0.0,0.0,1.6350446727006127,0.0,0.0,18.22242833371587,0.0,0.0,573.2162597570616,553.3687867506446,4.924949337237194e-13,unvalidated-engineering-priors,fixed independent scenario factor; no N cycle,,,,right_censored,BBCH89_full_ripeness,,,
23,ag_075_044,wheat,2013,2012-10-12,2013-06-10,601375.5459775862,1.0,4.840572387365683e-13,4.078515303262975e-12,0.0,0.0,0.04267140235271844,192.56,300.0,0.0,239.3160970772858,270.53636684553265,37.09698866580006,0.0,0.0,0.0,31.20983414049169,300.0,0.0,546.9494525886186,8162.897964748055,18748.914444257563,553.3687867506446,467.76950002153467,-2.740585536287199e-13,unvalidated-engineering-priors,fixed independent scenario factor; no N cycle,2013-04-29,2013-06-08,2013-06-08,full_ripeness,BBCH89_full_ripeness,2012-10-12,seed_layer_available_water,50.0
23,ag_075_044,fallow,2013,2013-06-11,2013-06-14,601375.5459775862,1.0,1.199040866595169e-13,0.0,0.0,0.0,1.0,0.0,0.0,0.0,11.467353746101583,0.0,0.0,0.0,0.0,0.0,0.03263966724581744,0.0,0.0,11.467353746101583,0.0,0.0,467.76950002153467,456.26950660818727,-3.3306690738754696e-15,unvalidated-engineering-priors,fixed independent scenario factor; no N cycle,,,,right_censored,BBCH89_full_ripeness,,,
23,ag_075_044,maize,2013,2013-06-15,2013-10-05,601375.5459775862,1.0,1.021405182655144e-12,5.343281372915953e-12,0.0,0.0,0.03354275471250856,252.91,80.0,0.0,21.75477494727394,298.78644053128045,53.91340092077719,0.0,0.0,0.0,22.939311862586095,80.0,0.0,374.4546163993316,9086.277448115568,17929.405130132436,456.26950660818727,391.7855783462706,-1.0085265955694922e-12,unvalidated-engineering-priors,fixed independent scenario factor; no N cycle,2013-08-10,2013-09-21,2013-09-21,physiological_maturity,R6_physiological_maturity,2013-06-16,seed_layer_available_water,50.0
23,ag_075_044,fallow,2013,2013-10-06,2013-10-11,601375.5459775862,1.0,1.389999226830696e-13,0.0,0.0,0.0,1.0,0.0,0.0,0.0,6.659413252638549,0.0,0.0,0.0,0.0,0.0,0.039824526492629776,0.0,0.0,6.659413252638549,0.0,0.0,391.7855783462706,385.08634056713936,5.96189764223709e-14,unvalidated-engineering-priors,fixed independent scenario factor; no N cycle,,,,right_censored,BBCH89_full_ripeness,,,
23,ag_075_044,wheat,2014,2013-10-12,2014-06-10,601375.5459775862,1.0,2.993161274389422e-13,2.1884716261411086e-12,0.0,0.0,0.04267140235271844,163.85,300.0,0.0,250.7690629609446,169.55162146482826,25.69563302750914,0.0,0.0,0.0,1.12461044064762,300.0,0.0,446.016317453282,5572.554080512258,12621.367527763314,385.08634056713936,401.79541267321105,-1.3004042287434459e-12,unvalidated-engineering-priors,fixed independent scenario factor; no N cycle,2014-04-17,2014-05-27,2014-05-27,full_ripeness,BBCH89_full_ripeness,2013-10-13,seed_layer_available_water,50.0
23,ag_075_044,fallow,2014,2014-06-11,2014-06-14,601375.5459775862,1.0,1.0169642905566434e-13,0.0,0.0,0.0,1.0,0.53,0.0,0.0,2.5232493172058406,0.0,0.0,0.0,0.0,0.0,0.006873975615057003,0.0,0.0,2.5232493172058406,0.0,0.0,401.79541267321105,399.7952893803902,-6.666889262874065e-14,unvalidated-engineering-priors,fixed independent scenario factor; no N cycle,,,,right_censored,BBCH89_full_ripeness,,,
23,ag_075_044,maize,2014,2014-06-15,2014-10-05,601375.5459775862,1.0,5.542233338928781e-13,4.519051799434237e-12,0.0,0.0,0.03354275471250856,365.33,80.0,0.0,17.375153003321053,224.77984861105085,86.03794828141025,0.0,0.0,0.0,0.616903946704972,80.0,0.0,328.19294989578214,8997.211243017831,18481.992139706665,399.7952893803902,516.3154355379061,-2.9872770923589087e-12,unvalidated-engineering-priors,fixed independent scenario factor; no N cycle,2014-08-12,2014-09-28,2014-09-28,physiological_maturity,R6_physiological_maturity,2014-06-16,seed_layer_available_water,50.0
23,ag_075_044,fallow,2014,2014-10-06,2014-10-11,601375.5459775862,1.0,9.14823772291129e-14,0.0,0.0,0.0,1.0,0.03,0.0,0.0,18.353257413147265,0.0,0.0,0.0,0.0,0.0,0.06444978562920932,0.0,0.0,18.353257413147265,0.0,0.0,516.3154355379061,497.92772833912977,-1.7674750552032492e-13,unvalidated-engineering-priors,fixed independent scenario factor; no N cycle,,,,right_censored,BBCH89_full_ripeness,,,
23,ag_075_044,wheat,2015,2014-10-12,2015-06-10,601375.5459775862,1.0,6.09734485124136e-13,3.524291969370097e-12,0.0,0.0,0.04267140235271844,182.41,300.0,0.0,235.64619603394922,210.12298136313464,49.956351290653664,0.0,0.0,0.0,9.688707709953583,300.0,0.0,495.72552868773755,7215.916303896754,16139.270163531706,497.92772833912977,474.9234919414381,5.541123115904156e-13,unvalidated-engineering-priors,fixed independent scenario factor; no N cycle,2015-04-23,2015-05-29,2015-05-29,full_ripeness,BBCH89_full_ripeness,2014-10-12,seed_layer_available_water,50.0
23,ag_075_044,fallow,2015,2015-06-11,2015-06-14,601375.5459775862,1.0,1.0469403122215226e-13,0.0,0.0,0.0,1.0,0.0,0.0,0.0,3.3768860698514915,0.0,0.0,0.0,0.0,0.0,0.17485848306899876,0.0,0.0,3.3768860698514915,0.0,0.0,474.9234919414381,471.3717473885177,-7.960299086562372e-14,unvalidated-engineering-priors,fixed independent scenario factor; no N cycle,,,,right_censored,BBCH89_full_ripeness,,,
23,ag_075_044,maize,2015,2015-06-15,2015-10-05,601375.5459775862,1.0,9.188205751797796e-13,3.637978807091713e-12,0.0,0.0,0.03354275471250856,348.90000000000003,80.0,0.0,19.103140791676683,219.67252839891032,77.65893586772556,0.0,0.0,0.0,36.608845161570336,80.0,0.0,316.43460505831257,9426.96650428547,17718.51571281659,471.3717473885177,547.2282971686361,-1.295685780888789e-12,unvalidated-engineering-priors,fixed independent scenario factor; no N cycle,2015-08-12,2015-09-27,2015-09-27,physiological_maturity,R6_physiological_maturity,2015-06-16,seed_layer_available_water,50.0
23,ag_075_044,fallow,2015,2015-10-06,2015-10-11,601375.5459775862,1.0,1.6919798895287386e-13,0.0,0.0,0.0,1.0,12.94,0.0,0.0,18.342734900537753,0.0,0.0,0.0,0.0,0.0,0.9297490602856444,0.0,0.0,18.342734900537753,0.0,0.0,547.2282971686361,540.8958132078131,-4.289901767151605e-13,unvalidated-engineering-priors,fixed independent scenario factor; no N cycle,,,,right_censored,BBCH89_full_ripeness,,,
23,ag_075_044,wheat,2016,2015-10-12,2016-06-10,601375.5459775862,1.0,6.776801342311956e-13,4.177991286269389e-12,0.0,0.0,0.04267140235271844,248.93,300.0,0.0,289.58697840713006,247.95469970754982,33.47459746347205,0.0,0.0,0.0,30.598945226371534,300.0,0.0,571.0162755781519,7776.727500501304,17949.843564727013,540.8958132078131,488.21059240328776,1.9507728765688626e-12,unvalidated-engineering-priors,fixed independent scenario factor; no N cycle,2016-04-21,2016-05-29,2016-05-29,full_ripeness,BBCH89_full_ripeness,2015-10-12,seed_layer_available_water,50.0
23,ag_075_044,fallow,2016,2016-06-11,2016-06-14,601375.5459775862,1.0,4.973799150320701e-14,0.0,0.0,0.0,1.0,10.25,0.0,0.0,16.764064025952685,0.0,0.0,0.0,0.0,0.0,0.050012484673015944,0.0,0.0,16.764064025952685,0.0,0.0,488.21059240328776,481.64651589266197,9.370282327836321e-14,unvalidated-engineering-priors,fixed independent scenario factor; no N cycle,,,,right_censored,BBCH89_full_ripeness,,,
23,ag_075_044,maize,2016,2016-06-15,2016-10-05,601375.5459775862,1.0,1.1048939541069558e-12,2.0463630789890885e-12,0.0,0.0,0.03354275471250856,413.79,80.0,0.0,21.16376812382609,225.6069411714992,83.75372207104698,0.0,0.0,0.0,75.37495046193327,80.0,0.0,330.52443136637226,8889.53271824817,16891.856467889476,481.64651589266197,569.5371340643569,-4.531930386519889e-13,unvalidated-engineering-priors,fixed independent scenario factor; no N cycle,2016-08-09,2016-09-21,2016-09-21,physiological_maturity,R6_physiological_maturity,2016-06-15,seed_layer_available_water,50.0
23,ag_075_044,fallow,2016,2016-10-06,2016-10-11,601375.5459775862,1.0,1.5010215292932116e-13,0.0,0.0,0.0,1.0,1.41,0.0,0.0,15.042040631886278,0.0,0.0,0.0,0.0,0.0,1.11533463411156,0.0,0.0,15.042040631886278,0.0,0.0,569.5371340643569,554.7897587983588,2.9176661087149114e-13,unvalidated-engineering-priors,fixed independent scenario factor; no N cycle,,,,right_censored,BBCH89_full_ripeness,,,
23,ag_075_044,wheat,2017,2016-10-12,2017-06-10,601375.5459775862,1.0,7.269740365245525e-13,3.353761712787673e-12,0.0,0.0,0.04267140235271844,244.75,300.0,0.0,292.2717474759944,235.43463159765065,38.86516366207518,0.0,0.0,0.0,52.76977927145305,300.0,0.0,566.5715427357202,7904.0129238307345,17598.469068744093,554.7897587983588,480.19843679118276,2.73137068518281e-12,unvalidated-engineering-priors,fixed independent scenario factor; no N cycle,2017-04-19,2017-05-29,2017-05-29,full_ripeness,BBCH89_full_ripeness,2016-10-12,seed_layer_available_water,50.0
23,ag_075_044,fallow,2017,2017-06-11,2017-06-14,601375.5459775862,1.0,6.306066779870889e-14,0.0,0.0,0.0,1.0,1.92,0.0,0.0,6.543847780971606,0.0,0.0,0.0,0.0,0.0,0.14525099062450134,0.0,0.0,6.543847780971606,0.0,0.0,480.19843679118276,475.42933801958657,8.326672684688674e-14,unvalidated-engineering-priors,fixed independent scenario factor; no N cycle,,,,right_censored,BBCH89_full_ripeness,,,
23,ag_075_044,maize,2017,2017-06-15,2017-10-05,601375.5459775862,1.0,9.592326932761353e-13,4.234834705130197e-12,0.0,0.0,0.03354275471250856,444.59000000000003,80.0,0.0,17.748045137239654,217.15138391874578,103.35133823990128,0.0,0.0,0.0,40.9525773179908,80.0,0.0,338.2507672958867,8786.694445803925,18434.199664116182,475.42933801958657,620.8159934057126,-3.5160763189878708e-12,unvalidated-engineering-priors,fixed independent scenario factor; no N cycle,2017-08-11,2017-09-24,2017-09-24,physiological_maturity,R6_physiological_maturity,2017-06-16,seed_layer_available_water,50.0
23,ag_075_044,fallow,2017,2017-10-06,2017-10-11,601375.5459775862,1.0,2.4158453015843406e-13,0.0,0.0,0.0,1.0,14.01,0.0,0.0,8.516992299999998,0.0,0.0,0.0,0.0,0.0,2.385136381188785,0.0,0.0,8.516992299999998,0.0,0.0,620.8159934057126,623.923864724524,-2.5934809855243657e-13,unvalidated-engineering-priors,fixed independent scenario factor; no N cycle,,,,right_censored,BBCH89_full_ripeness,,,
23,ag_075_044,wheat,2018,2017-10-12,2018-06-10,601375.5459775862,1.0,3.703704010149522e-13,3.083755473198835e-12,0.0,0.0,0.04267140235271844,244.27,300.0,0.0,251.05673350745494,254.29344814954737,50.049243134538486,0.0,0.0,0.0,78.36612717831161,300.0,0.0,555.3994247915408,7641.775247552513,17919.60057252695,623.923864724524,534.4283127546692,2.457256620402859e-12,unvalidated-engineering-priors,fixed independent scenario factor; no N cycle,2018-04-19,2018-05-27,2018-05-27,full_ripeness,BBCH89_full_ripeness,2017-10-12,seed_layer_available_water,50.0
23,ag_075_044,fallow,2018,2018-06-11,2018-06-14,601375.5459775862,1.0,1.5365486660812167e-13,0.0,0.0,0.0,1.0,3.96,0.0,0.0,12.451835996997989,0.0,0.0,0.0,0.0,0.0,0.6478763252592075,0.0,0.0,12.451835996997989,0.0,0.0,534.4283127546692,525.288600432412,-8.881784197001252e-16,unvalidated-engineering-priors,fixed independent scenario factor; no N cycle,,,,right_censored,BBCH89_full_ripeness,,,
23,ag_075_044,maize,2018,2018-06-15,2018-10-05,601375.5459775862,1.0,7.567280135845067e-13,2.8705926524708048e-12,0.0,0.0,0.03354275471250856,453.75,80.0,0.0,19.177047309540704,246.53429977784,79.01368782643783,0.0,0.0,0.0,112.28584941992156,80.0,0.0,344.72503491381855,8170.469111427024,16593.40556219019,525.288600432412,602.0277160986744,-2.564726209186574e-12,unvalidated-engineering-priors,fixed independent scenario factor; no N cycle,2018-08-10,2018-09-22,2018-09-22,physiological_maturity,R6_physiological_maturity,2018-06-16,seed_layer_available_water,50.0
23,ag_075_044,fallow,2018,2018-10-06,2018-10-11,601375.5459775862,1.0,1.0791367799356522e-13,0.0,0.0,0.0,1.0,0.18,0.0,0.0,20.316306966035956,0.0,0.0,0.0,0.0,0.0,2.66318864945196,0.0,0.0,20.316306966035956,0.0,0.0,602.0277160986744,579.2282204831863,2.091660178393795e-13,unvalidated-engineering-priors,fixed independent scenario factor; no N cycle,,,,right_censored,BBCH89_full_ripeness,,,
23,ag_075_044,wheat,2019,2018-10-12,2019-06-10,601375.5459775862,1.0,5.453415496958769e-13,3.495870259939693e-12,0.0,0.0,0.04267140235271844,110.49,300.0,0.0,228.29200738262034,268.3494279771712,31.02524843077007,0.0,0.0,0.0,43.486432047599386,300.0,0.0,527.6666837905616,8519.47388748353,18660.80995696943,579.2282204831863,418.5651046450265,-1.220357148667972e-12,unvalidated-engineering-priors,fixed independent scenario factor; no N cycle,2019-04-21,2019-05-31,2019-05-31,full_ripeness,BBCH89_full_ripeness,2018-10-12,seed_layer_available_water,50.0
23,ag_075_044,fallow,2019,2019-06-11,2019-06-14,601375.5459775862,1.0,1.509903313490213e-13,0.0,0.0,0.0,1.0,0.01,0.0,0.0,3.5036810986717732,0.0,0.0,0.0,0.0,0.0,0.015981368998350065,0.0,0.0,3.5036810986717732,0.0,0.0,418.5651046450265,415.0554421773565,-1.1179945857975326e-13,unvalidated-engineering-priors,fixed independent scenario factor; no N cycle,,,,right_censored,BBCH89_full_ripeness,,,
23,ag_075_044,maize,2019,2019-06-15,2019-10-05,601375.5459775862,1.0,5.013767179207207e-13,3.751665644813329e-12,0.0,0.0,0.03354275471250856,260.46,80.0,0.0,20.386834534747425,247.5829535731553,79.70865995821516,0.0,0.0,0.0,0.5662227877235175,80.0,0.0,347.6784480661179,8925.912626003028,18167.292875683,415.0554421773565,407.2707713235164,-1.2847500840962311e-12,unvalidated-engineering-priors,fixed independent scenario factor; no N cycle,2019-08-11,2019-09-24,2019-09-24,physiological_maturity,R6_physiological_maturity,2019-06-16,seed_layer_available_water,50.0
23,ag_075_044,fallow,2019,2019-10-06,2019-10-11,601375.5459775862,1.0,1.7896795156957523e-13,0.0,0.0,0.0,1.0,21.72,0.0,0.0,11.690174449999997,0.0,0.0,0.0,0.0,0.0,0.0015944932853763408,0.0,0.0,11.690174449999997,0.0,0.0,407.2707713235164,417.29900238023123,-2.2026824808563106e-13,unvalidated-engineering-priors,fixed independent scenario factor; no N cycle,,,,right_censored,BBCH89_full_ripeness,,,
23,ag_075_044,wheat,2020,2019-10-12,2020-06-10,601375.5459775862,1.0,2.8421709430404007e-13,2.4016344468691386e-12,0.0,0.0,0.04267140235271844,159.19,300.0,0.0,230.13209486603253,225.04271709320923,36.96660002159292,0.0,0.0,0.0,0.5847795795827856,300.0,0.0,492.1414119808347,6788.672493379871,15935.747127079645,417.29900238023123,383.7628108198135,2.644551244657123e-13,unvalidated-engineering-priors,fixed independent scenario factor; no N cycle,2020-04-17,2020-05-28,2020-05-28,full_ripeness,BBCH89_full_ripeness,2019-10-12,seed_layer_available_water,50.0
23,ag_075_044,fallow,2020,2020-06-11,2020-06-14,601375.5459775862,1.0,6.217248937900877e-14,0.0,0.0,0.0,1.0,22.19,0.0,0.0,14.893621308301988,0.0,0.0,0.0,0.0,0.0,0.0030464914766637104,0.0,0.0,14.893621308301988,0.0,0.0,383.7628108198135,391.05614302003494,-6.572520305780927e-14,unvalidated-engineering-priors,fixed independent scenario factor; no N cycle,,,,right_censored,BBCH89_full_ripeness,,,
23,ag_075_044,maize,2020,2020-06-15,2020-10-05,601375.5459775862,1.0,1.127098414599459e-12,2.8421709430404007e-12,0.0,0.0,0.03354275471250856,380.78,80.0,0.0,17.993021407844388,228.32288362248306,70.55116177115988,0.0,0.0,0.0,25.115695509813968,80.0,0.0,316.86706680148734,9053.406636306872,16767.209144088993,391.05614302003494,509.8533807087367,-3.0800362260663405e-12,unvalidated-engineering-priors,fixed independent scenario factor; no N cycle,2020-08-12,2020-09-23,2020-09-23,physiological_maturity,R6_physiological_maturity,2020-06-16,seed_layer_available_water,50.0
23,ag_075_044,fallow,2020,2020-10-06,2020-10-11,601375.5459775862,1.0,1.8696155734687636e-13,0.0,0.0,0.0,1.0,1.23,0.0,0.0,10.296354104468183,0.0,0.0,0.0,0.0,0.0,0.5091837324080349,0.0,0.0,10.296354104468183,0.0,0.0,509.8533807087367,500.2778428718605,-9.658940314238862e-15,unvalidated-engineering-priors,fixed independent scenario factor; no N cycle,,,,right_censored,BBCH89_full_ripeness,,,
23,ag_075_044,wheat,2021,2020-10-12,2021-06-10,601375.5459775862,1.0,5.750955267558311e-13,3.197442310920451e-12,0.0,0.0,0.04267140235271844,177.97,300.0,0.0,225.52734094743684,258.7472116261677,40.62094531859916,0.0,0.0,0.0,16.117795128403728,300.0,0.0,524.8954978922037,7936.103859512419,18214.261812906476,500.2778428718605,437.2345498512537,-5.963562976774028e-13,unvalidated-engineering-priors,fixed independent scenario factor; no N cycle,2021-04-16,2021-05-26,2021-05-26,full_ripeness,BBCH89_full_ripeness,2020-10-12,seed_layer_available_water,50.0
23,ag_075_044,fallow,2021,2021-06-11,2021-06-14,601375.5459775862,1.0,8.870681966755001e-14,0.0,0.0,0.0,1.0,31.15,0.0,0.0,5.7225313081921305,0.0,0.0,0.0,0.0,0.0,0.039746796028579924,0.0,0.0,5.7225313081921305,0.0,0.0,437.2345498512537,462.622271747033,-3.885780586188048e-15,unvalidated-engineering-priors,fixed independent scenario factor; no N cycle,,,,right_censored,BBCH89_full_ripeness,,,
23,ag_075_044,maize,2021,2021-06-15,2021-10-05,601375.5459775862,1.0,8.704148513061227e-13,5.314859663485549e-12,0.0,0.0,0.03354275471250856,840.06,80.0,0.0,17.475221286544127,210.36891501186577,93.67355721565843,0.0,0.0,0.0,329.9844663570662,80.0,0.0,321.5176935140683,8556.847335018012,17338.086764258842,462.622271747033,731.1801118758956,2.8634872251132037e-12,unvalidated-engineering-priors,fixed independent scenario factor; no N cycle,2021-08-09,2021-09-23,2021-09-23,physiological_maturity,R6_physiological_maturity,2021-06-15,seed_layer_available_water,50.0
23,ag_075_044,fallow,2021,2021-10-06,2021-10-11,601375.5459775862,1.0,1.5409895581797173e-13,0.0,0.0,0.0,1.0,20.35,0.0,0.0,10.546109099999999,0.0,0.0,0.0,0.0,0.0,29.56698247478015,0.0,0.0,10.546109099999999,0.0,0.0,731.1801118758956,711.4170203011154,6.972200594645983e-14,unvalidated-engineering-priors,fixed independent scenario factor; no N cycle,,,,right_censored,BBCH89_full_ripeness,,,
23,ag_075_044,wheat,2022,2021-10-12,2022-06-10,601375.5459775862,1.0,9.521272659185342e-13,4.092726157978177e-12,0.0,0.0,0.04267140235271844,108.95,300.0,0.0,223.31995570534923,290.49348348067906,39.715203869349736,0.0,0.0,0.0,149.1585128045187,300.0,0.0,553.528643055378,9081.49076477069,20305.845498218994,711.4170203011154,417.67986444121686,1.8234858067955884e-12,unvalidated-engineering-priors,fixed independent scenario factor; no N cycle,2022-04-18,2022-05-30,2022-05-30,full_ripeness,BBCH89_full_ripeness,2021-10-12,seed_layer_available_water,50.0
23,ag_075_044,fallow,2022,2022-06-11,2022-06-14,601375.5459775862,1.0,1.3600232051658168e-13,0.0,0.0,0.0,1.0,0.78,0.0,0.0,3.0368355973919674,0.0,0.0,0.0,0.0,0.0,0.01663954708296218,0.0,0.0,3.0368355973919674,0.0,0.0,417.67986444121686,415.4063892967419,2.8255175976710234e-14,unvalidated-engineering-priors,fixed independent scenario factor; no N cycle,,,,right_censored,BBCH89_full_ripeness,,,
23,ag_075_044,maize,2022,2022-06-15,2022-10-05,601375.5459775862,1.0,9.605649609056854e-13,3.637978807091713e-12,0.0,0.0,0.03354275471250856,409.42,80.0,0.0,22.241012910930262,245.79585192634366,66.54618605447422,0.0,0.0,0.0,51.052782823950565,80.0,0.0,334.58305089174814,8952.21384935735,16905.35682933319,415.4063892967419,519.1905555810423,8.929523787060134e-13,unvalidated-engineering-priors,fixed independent scenario factor; no N cycle,2022-08-12,2022-09-25,2022-09-25,physiological_maturity,R6_physiological_maturity,2022-06-16,seed_layer_available_water,50.0
23,ag_075_044,fallow,2022,2022-10-06,2022-10-11,601375.5459775862,1.0,5.639932965095795e-14,0.0,0.0,0.0,1.0,0.32,0.0,0.0,16.145537451794162,0.0,0.0,0.0,0.0,0.0,0.22911054359973596,0.0,0.0,16.145537451794162,0.0,0.0,519.1905555810423,503.1359075856483,1.2145839889399213e-13,unvalidated-engineering-priors,fixed independent scenario factor; no N cycle,,,,right_censored,BBCH89_full_ripeness,,,
23,ag_075_044,wheat,2023,2022-10-12,2023-06-10,601375.5459775862,1.0,7.72715225139109e-13,2.5366375666635577e-12,0.0,0.0,0.04267140235271844,251.04999999999998,300.0,0.0,280.63359086224244,219.1934537432641,30.655794189085285,0.0,0.0,0.0,13.341479498984958,300.0,0.0,530.4828387945918,6695.096910025009,15146.333464063926,503.1359075856483,510.36158929207,1.5025758415276869e-12,unvalidated-engineering-priors,fixed independent scenario factor; no N cycle,2023-04-15,2023-05-26,2023-05-26,full_ripeness,BBCH89_full_ripeness,2022-10-12,seed_layer_available_water,50.0
23,ag_075_044,fallow,2023,2023-06-11,2023-06-14,601375.5459775862,1.0,5.3512749786932545e-14,0.0,0.0,0.0,1.0,2.07,0.0,0.0,5.8271269303445905,0.0,0.0,0.0,0.0,0.0,0.44648968185137317,0.0,0.0,5.8271269303445905,0.0,0.0,510.36158929207,506.157972679874,5.0959236830294685e-14,unvalidated-engineering-priors,fixed independent scenario factor; no N cycle,,,,right_censored,BBCH89_full_ripeness,,,
23,ag_075_044,maize,2023,2023-06-15,2023-10-05,601375.5459775862,1.0,1.1119993814645568e-12,4.177991286269389e-12,0.0,0.0,0.03354275471250856,472.86,80.0,0.0,17.885043425115622,246.84896625609022,94.81965541333606,0.0,0.0,0.0,61.662493582398355,80.0,0.0,359.55366509454194,9551.966838397328,19648.124054498683,506.157972679874,637.8018140029315,2.26840768391412e-12,unvalidated-engineering-priors,fixed independent scenario factor; no N cycle,2023-08-11,2023-09-22,2023-09-22,physiological_maturity,R6_physiological_maturity,2023-06-16,seed_layer_available_water,50.0
23,ag_075_044,fallow,2023,2023-10-06,2023-10-11,601375.5459775862,1.0,1.4477308241112041e-13,0.0,0.0,0.0,1.0,0.25,0.0,0.0,16.344304199999996,0.0,0.0,0.0,0.0,0.0,4.736785491136547,0.0,0.0,16.344304199999996,0.0,0.0,637.8018140029315,616.9707243117948,9.636735853746359e-14,unvalidated-engineering-priors,fixed independent scenario factor; no N cycle,,,,right_censored,BBCH89_full_ripeness,,,
23,ag_075_044,wheat,2024,2023-10-12,2024-06-10,601375.5459775862,1.0,1.014299755297543e-12,5.087485988042317e-12,0.0,0.0,0.04267140235271844,160.54,300.0,0.0,263.704770686855,286.51715969681294,31.879494211660184,0.0,0.0,0.0,68.14752668862317,300.0,0.0,582.1014245953281,8737.077057928605,19447.465339211296,616.9707243117948,427.261773027844,-5.618838727627917e-13,unvalidated-engineering-priors,fixed independent scenario factor; no N cycle,2024-04-19,2024-05-29,2024-05-29,full_ripeness,BBCH89_full_ripeness,2023-10-12,seed_layer_available_water,50.0
23,ag_075_044,fallow,2024,2024-06-11,2024-06-14,601375.5459775862,1.0,6.417089082333405e-14,0.0,0.0,0.0,1.0,4.9399999999999995,0.0,0.0,5.806994853595702,0.0,0.0,0.0,0.0,0.0,0.02793324410966084,0.0,0.0,5.806994853595702,0.0,0.0,427.261773027844,426.3668449301386,5.440092820663267e-14,unvalidated-engineering-priors,fixed independent scenario factor; no N cycle,,,,right_censored,BBCH89_full_ripeness,,,
23,ag_075_044,maize,2024,2024-06-15,2024-10-05,601375.5459775862,1.0,8.735234757750732e-13,2.7284841053187847e-12,0.0,0.0,0.03354275471250856,531.34,80.0,0.0,20.601978542849913,206.7728570485819,100.60190459317175,0.0,0.0,0.0,116.35482995158041,80.0,0.0,327.97674018460356,8162.974368874116,15989.648853529128,426.3668449301386,593.3752747939556,-9.46465128492946e-13,unvalidated-engineering-priors,fixed independent scenario factor; no N cycle,2024-08-09,2024-09-19,2024-09-19,physiological_maturity,R6_physiological_maturity,2024-06-16,seed_layer_available_water,50.0
23,ag_075_044,fallow,2024,2024-10-06,2024-10-11,601375.5459775862,1.0,1.4788170688007085e-13,0.0,0.0,0.0,1.0,2.91,0.0,0.0,16.710887,0.0,0.0,0.0,0.0,0.0,1.4687468669834403,0.0,0.0,16.710887,0.0,0.0,593.3752747939556,578.1056409269723,-2.2604140781368187e-13,unvalidated-engineering-priors,fixed independent scenario factor; no N cycle,,,,right_censored,BBCH89_full_ripeness,,,
23,ag_075_044,wheat,2025,2024-10-12,2025-06-10,601375.5459775862,1.0,6.625811010962934e-13,5.4285465012071654e-12,0.0,0.0,0.04267140235271844,184.34,300.0,0.0,255.74159941158453,320.0178928948193,34.04717461158392,0.0,0.0,0.0,54.924744204984336,300.0,0.0,609.8066669179877,9202.980749508859,20749.022224515174,578.1056409269723,397.714229804003,-2.793543174561819e-12,unvalidated-engineering-priors,fixed independent scenario factor; no N cycle,2025-04-17,2025-05-27,2025-05-27,full_ripeness,BBCH89_full_ripeness,2024-10-12,seed_layer_available_water,50.0
23,ag_075_044,fallow,2025,2025-06-11,2025-06-14,601375.5459775862,1.0,3.785860513971784e-14,0.0,0.0,0.0,1.0,1.4700000000000002,0.0,0.0,2.549856653940341,0.0,0.0,0.0,0.0,0.0,0.007089803483711677,0.0,0.0,2.549856653940341,0.0,0.0,397.714229804003,396.627283346579,-4.729550084903167e-14,unvalidated-engineering-priors,fixed independent scenario factor; no N cycle,,,,right_censored,BBCH89_full_ripeness,,,
23,ag_075_044,maize,2025,2025-06-15,2025-10-05,601375.5459775862,1.0,9.618972285352356e-13,4.163780431554187e-12,0.0,0.0,0.03354275471250856,629.51,80.0,0.0,18.22943107965629,213.22998071273489,96.1941080871526,0.0,0.0,0.0,41.86281715808364,80.0,0.0,327.65351987954375,8528.879677905516,17533.84380796001,396.627283346579,736.6209463089548,-3.186895192186512e-12,unvalidated-engineering-priors,fixed independent scenario factor; no N cycle,2025-08-10,2025-09-24,2025-09-24,physiological_maturity,R6_physiological_maturity,2025-06-16,seed_layer_available_water,50.0
