representative_id,source_zone_id,crop,harvest_year,start_date,end_date,represented_area_ha,fraction,maximum_daily_residual_mm,maximum_carbon_residual_kg_ha,maximum_grain_ceiling_excess_kg_ha,storage_continuity_error_mm,root_extraction_fraction_day,precipitation_mm,irrigation_field_mm,capillary_rise_mm,soil_evaporation_mm,transpiration_mm,canopy_evaporation_mm,application_evaporation_mm,runoff_mm,off_field_drift_mm,bottom_drainage_mm,pump_input_mm,conveyance_loss_mm,et_mm,yield_kg_ha,biomass_kg_ha,initial_storage_mm,final_storage_mm,balance_residual_mm,parameter_version,nutrient_process,anthesis_date,maturity_date,season_end_date,season_end_reason,maturity_definition,germination_start_date,germination_water_response,sowing_depth_mm
5,ag_059_049,fallow,1996,1996-01-01,1996-10-11,189593.55287083783,0.0,3.2507330161024584e-13,0.0,0.0,0.0,1.0,753.5600000000001,0.0,0.0,498.35760022062226,0.0,0.0,0.0,0.0,0.0,149.7939503379392,0.0,0.0,498.35760022062226,0.0,0.0,443.9393921932174,549.3478416346567,-7.857048345272233e-13,unvalidated-engineering-priors,fixed independent scenario factor; no N cycle,,,,right_censored,BBCH89_full_ripeness,,,
5,ag_059_049,wheat,1997,1996-10-12,1997-06-10,189593.55287083783,0.0,2.262634524186069e-13,2.3590018827235326e-12,0.0,0.0,0.04267140235271844,112.39,0.0,0.0,123.60748802720767,206.7087509296484,21.504020206127613,0.0,0.0,0.0,36.59484941004577,0.0,0.0,351.8202591629837,5247.67812807724,13140.56193859709,549.3478416346567,273.32273306162983,-2.6162405575291814e-12,unvalidated-engineering-priors,fixed independent scenario factor; no N cycle,1997-04-29,1997-06-04,1997-06-04,full_ripeness,BBCH89_full_ripeness,1996-10-12,seed_layer_available_water,50.0
5,ag_059_049,fallow,1997,1997-06-11,1997-06-14,189593.55287083783,0.0,2.2537527399890678e-14,0.0,0.0,0.0,1.0,2.08,0.0,0.0,2.280069679255724,0.0,0.0,0.0,0.0,0.0,0.0005751689010840872,0.0,0.0,2.280069679255724,0.0,0.0,273.32273306162983,273.12208821347303,-9.492406860545088e-15,unvalidated-engineering-priors,fixed independent scenario factor; no N cycle,,,,right_censored,BBCH89_full_ripeness,,,
5,ag_059_049,maize,1997,1997-06-15,1997-10-05,189593.55287083783,0.0,1.4876988529977098e-13,8.242295734817162e-13,7.105427357601002e-15,0.0,0.03354275471250856,153.07,0.0,0.0,37.731738936311366,59.95931326898573,13.691554523807532,0.0,0.0,0.0,0.01051520013178058,0.0,0.0,111.38260672910464,3031.8928537975526,6036.34490385243,273.12208821347303,314.79896628423694,-3.247679902784739e-13,unvalidated-engineering-priors,fixed independent scenario factor; no N cycle,1997-08-21,,1997-10-05,cut_before_maturity,R6_physiological_maturity,1997-06-26,seed_layer_available_water,50.0
5,ag_059_049,fallow,1997,1997-10-06,1997-10-11,189593.55287083783,0.0,1.192379528447418e-13,0.0,0.0,0.0,1.0,0.0,0.0,0.0,13.92388278055553,0.0,0.0,0.0,0.0,0.0,0.00010839864620863889,0.0,0.0,13.92388278055553,0.0,0.0,314.79896628423694,300.8749751050352,-1.7319479184152442e-14,unvalidated-engineering-priors,fixed independent scenario factor; no N cycle,,,,right_censored,BBCH89_full_ripeness,,,
5,ag_059_049,wheat,1998,1997-10-12,1998-06-10,189593.55287083783,0.0,1.652011860642233e-13,3.197442310920451e-13,0.0,0.0,0.04267140235271844,226.32,0.0,0.0,215.30814410045647,19.895359114864473,8.70288868308011,0.0,0.0,0.0,0.004598349468838381,0.0,0.0,243.90639189840104,624.5309168913118,1397.8196500962022,300.8749751050352,283.28398485716696,-1.6208701048014973e-12,unvalidated-engineering-priors,fixed independent scenario factor; no N cycle,1998-05-03,1998-06-10,1998-06-10,full_ripeness,BBCH89_full_ripeness,1997-11-12,seed_layer_available_water,50.0
5,ag_059_049,fallow,1998,1998-06-11,1998-06-14,189593.55287083783,0.0,5.750955267558311e-14,0.0,0.0,0.0,1.0,3.75,0.0,0.0,4.65981337769059,0.0,0.0,0.0,0.0,0.0,6.94331644015548e-05,0.0,0.0,4.65981337769059,0.0,0.0,283.28398485716696,282.3741020463121,-1.2434497875801753e-13,unvalidated-engineering-priors,fixed independent scenario factor; no N cycle,,,,right_censored,BBCH89_full_ripeness,,,
5,ag_059_049,maize,1998,1998-06-15,1998-10-05,189593.55287083783,0.0,1.2216894162975223e-12,5.172751116333529e-12,0.0,0.0,0.03354275471250856,509.09,0.0,0.0,20.339339049915395,216.34058816941638,71.33833112585263,0.0,0.0,0.0,5.317560304920245,0.0,0.0,308.0182583451844,8942.192379308506,16788.28008018178,282.3741020463121,478.1282833962106,-3.165856465869865e-12,unvalidated-engineering-priors,fixed independent scenario factor; no N cycle,1998-08-13,1998-09-26,1998-09-26,physiological_maturity,R6_physiological_maturity,1998-06-18,seed_layer_available_water,50.0
5,ag_059_049,fallow,1998,1998-10-06,1998-10-11,189593.55287083783,0.0,6.772360450213455e-14,0.0,0.0,0.0,1.0,1.9300000000000002,0.0,0.0,12.112716485654026,0.0,0.0,0.0,0.0,0.0,0.2869180445477705,0.0,0.0,12.112716485654026,0.0,0.0,478.1282833962106,467.6586488660088,4.884981308350689e-15,unvalidated-engineering-priors,fixed independent scenario factor; no N cycle,,,,right_censored,BBCH89_full_ripeness,,,
5,ag_059_049,wheat,1999,1998-10-12,1999-06-10,189593.55287083783,0.0,1.6786572132332367e-13,3.0091484859440243e-12,0.0,0.0,0.04267140235271844,106.32,0.0,0.0,111.27899779607289,148.30903890761675,27.08541667235364,0.0,0.0,0.0,7.098987654553283,0.0,0.0,286.67345337604326,3948.9897753638365,9546.881215236755,467.6586488660088,280.20620783541335,-1.1328715743275097e-12,unvalidated-engineering-priors,fixed independent scenario factor; no N cycle,1999-04-23,1999-05-31,1999-05-31,full_ripeness,BBCH89_full_ripeness,1998-10-12,seed_layer_available_water,50.0
5,ag_059_049,fallow,1999,1999-06-11,1999-06-14,189593.55287083783,0.0,1.4299672557172016e-13,0.0,0.0,0.0,1.0,10.5,0.0,0.0,3.927770944077338,0.0,0.0,0.0,0.0,0.0,0.0010728328618792957,0.0,0.0,3.927770944077338,0.0,0.0,280.20620783541335,286.7773640584742,-4.196643033083092e-14,unvalidated-engineering-priors,fixed independent scenario factor; no N cycle,,,,right_censored,BBCH89_full_ripeness,,,
5,ag_059_049,maize,1999,1999-06-15,1999-10-05,189593.55287083783,0.0,1.4566126083082054e-13,2.8137492336099967e-12,0.0,0.0,0.03354275471250856,268.34,0.0,0.0,23.215852464266984,129.52450863544524,68.26633969455392,0.0,0.0,0.0,0.016230927615957794,0.0,0.0,221.00670079426615,7176.101188346354,15258.59138725427,286.7773640584742,334.0944323365932,-1.084465850453853e-12,unvalidated-engineering-priors,fixed independent scenario factor; no N cycle,1999-08-12,1999-09-26,1999-09-26,physiological_maturity,R6_physiological_maturity,1999-06-15,seed_layer_available_water,50.0
5,ag_059_049,fallow,1999,1999-10-06,1999-10-11,189593.55287083783,0.0,9.325873406851315e-14,0.0,0.0,0.0,1.0,0.21000000000000002,0.0,0.0,15.610406546326251,0.0,0.0,0.0,0.0,0.0,9.130329063037236e-05,0.0,0.0,15.610406546326251,0.0,0.0,334.0944323365932,318.6939344869763,1.6431300764452317e-14,unvalidated-engineering-priors,fixed independent scenario factor; no N cycle,,,,right_censored,BBCH89_full_ripeness,,,
5,ag_059_049,wheat,2000,1999-10-12,2000-06-10,189593.55287083783,0.0,1.326716514427062e-13,4.658495811327157e-13,0.0,0.0,0.04267140235271844,98.02,0.0,0.0,115.40919453358845,43.34040180986582,10.097416908036392,0.0,0.0,0.0,0.004245979017679628,0.0,0.0,168.84701325149067,409.5845069311576,1864.9805237367232,318.6939344869763,247.86267525646815,-2.1592450050178513e-13,unvalidated-engineering-priors,fixed independent scenario factor; no N cycle,2000-04-25,2000-06-03,2000-06-03,full_ripeness,BBCH89_full_ripeness,1999-10-12,seed_layer_available_water,50.0
5,ag_059_049,fallow,2000,2000-06-11,2000-06-14,189593.55287083783,0.0,5.229150445984487e-14,0.0,0.0,0.0,1.0,2.0,0.0,0.0,2.042283814519132,0.0,0.0,0.0,0.0,0.0,5.404437710507918e-05,0.0,0.0,2.042283814519132,0.0,0.0,247.86267525646815,247.82033739757185,6.605826996519681e-14,unvalidated-engineering-priors,fixed independent scenario factor; no N cycle,,,,right_censored,BBCH89_full_ripeness,,,
5,ag_059_049,maize,2000,2000-06-15,2000-10-05,189593.55287083783,0.0,9.041656312547275e-13,2.2453150450019166e-12,0.0,0.0,0.03354275471250856,563.03,0.0,0.0,21.388032071307013,156.43955258058622,57.64795773067455,0.0,0.0,0.0,10.25462024794339,0.0,0.0,235.47554238256777,6742.035026732376,14533.40924694746,247.82033739757185,565.1201747670602,4.4529657738934247e-13,unvalidated-engineering-priors,fixed independent scenario factor; no N cycle,2000-08-17,2000-10-05,2000-10-05,physiological_maturity,R6_physiological_maturity,2000-06-23,seed_layer_available_water,50.0
5,ag_059_049,fallow,2000,2000-10-06,2000-10-11,189593.55287083783,0.0,1.4033219031261979e-13,0.0,0.0,0.0,1.0,83.32,0.0,0.0,14.136945100000002,0.0,0.0,0.0,0.0,0.0,1.2346562908451313,0.0,0.0,14.136945100000002,0.0,0.0,565.1201747670602,633.068573376215,1.0658141036401503e-13,unvalidated-engineering-priors,fixed independent scenario factor; no N cycle,,,,right_censored,BBCH89_full_ripeness,,,
5,ag_059_049,wheat,2001,2000-10-12,2001-06-10,189593.55287083783,0.0,4.2099657093785936e-13,2.2595258997171186e-12,0.0,0.0,0.04267140235271844,111.46000000000001,0.0,0.0,180.96357997200536,211.72770271808434,19.567132366018427,0.0,0.0,0.0,62.375888128145235,0.0,0.0,412.2584150561081,5164.984046687024,12668.333838596813,633.068573376215,269.89427019196233,-6.934799956503923e-13,unvalidated-engineering-priors,fixed independent scenario factor; no N cycle,2001-04-27,2001-06-08,2001-06-08,full_ripeness,BBCH89_full_ripeness,2000-10-12,seed_layer_available_water,50.0
5,ag_059_049,fallow,2001,2001-06-11,2001-06-14,189593.55287083783,0.0,8.489736691430494e-14,0.0,0.0,0.0,1.0,0.22999999999999998,0.0,0.0,0.3220130273881256,0.0,0.0,0.0,0.0,0.0,0.0005153657487343191,0.0,0.0,0.3220130273881256,0.0,0.0,269.89427019196233,269.80174179882545,2.819272593157507e-14,unvalidated-engineering-priors,fixed independent scenario factor; no N cycle,,,,right_censored,BBCH89_full_ripeness,,,
5,ag_059_049,maize,2001,2001-06-15,2001-10-05,189593.55287083783,0.0,5.595524044110789e-13,6.195932655828074e-12,0.0,0.0,0.03354275471250856,413.89,0.0,0.0,17.97093775316099,223.07773563508,67.3432734768912,0.0,0.0,0.0,0.5108023074214636,0.0,0.0,308.3919468651322,10064.89137965771,19343.115383145734,269.80174179882545,374.78899262627004,1.7401774465852782e-12,unvalidated-engineering-priors,fixed independent scenario factor; no N cycle,2001-08-16,2001-10-03,2001-10-03,physiological_maturity,R6_physiological_maturity,2001-06-21,seed_layer_available_water,50.0
5,ag_059_049,fallow,2001,2001-10-06,2001-10-11,189593.55287083783,0.0,1.4854784069484595e-13,0.0,0.0,0.0,1.0,3.73,0.0,0.0,13.498451772125625,0.0,0.0,0.0,0.0,0.0,0.0036867395038505607,0.0,0.0,13.498451772125625,0.0,0.0,374.78899262627004,365.01685411464064,-6.88338275267597e-14,unvalidated-engineering-priors,fixed independent scenario factor; no N cycle,,,,right_censored,BBCH89_full_ripeness,,,
5,ag_059_049,wheat,2002,2001-10-12,2002-06-10,189593.55287083783,0.0,2.3803181647963356e-13,9.734435479913373e-13,0.0,0.0,0.04267140235271844,153.09,0.0,0.0,136.57678306758297,80.98376378007987,16.239731584097488,0.0,0.0,0.0,0.13700401936169182,0.0,0.0,233.80027843176035,1542.7178352181827,4357.417428237937,365.01685411464064,284.1695716635183,3.1166735858789707e-13,unvalidated-engineering-priors,fixed independent scenario factor; no N cycle,2002-04-19,2002-05-29,2002-05-29,full_ripeness,BBCH89_full_ripeness,2001-10-12,seed_layer_available_water,50.0
5,ag_059_049,fallow,2002,2002-06-11,2002-06-14,189593.55287083783,0.0,4.618527782440651e-14,0.0,0.0,0.0,1.0,1.6199999999999999,0.0,0.0,8.816837408618772,0.0,0.0,0.0,0.0,0.0,0.00030808022079907945,0.0,0.0,8.816837408618772,0.0,0.0,284.1695716635183,276.9724261746788,-6.050715484207103e-14,unvalidated-engineering-priors,fixed independent scenario factor; no N cycle,,,,right_censored,BBCH89_full_ripeness,,,
5,ag_059_049,maize,2002,2002-06-15,2002-10-05,189593.55287083783,0.0,1.8207657603852567e-13,3.282707439211663e-12,0.0,0.0,0.03354275471250856,215.73,0.0,0.0,21.785443814620443,133.35139823006335,55.54335751519605,0.0,0.0,0.0,0.005443126285552978,0.0,0.0,210.68019955987984,7883.342200800841,16021.59548981343,276.9724261746788,282.0167834885128,6.127459650784317e-13,unvalidated-engineering-priors,fixed independent scenario factor; no N cycle,2002-08-19,,2002-10-05,cut_before_maturity,R6_physiological_maturity,2002-06-23,seed_layer_available_water,50.0
5,ag_059_049,fallow,2002,2002-10-06,2002-10-11,189593.55287083783,0.0,3.6415315207705135e-14,0.0,0.0,0.0,1.0,0.27,0.0,0.0,10.769142668142266,0.0,0.0,0.0,0.0,0.0,4.268742284564058e-05,0.0,0.0,10.769142668142266,0.0,0.0,282.0167834885128,271.5175981329477,-2.2648549702353193e-14,unvalidated-engineering-priors,fixed independent scenario factor; no N cycle,,,,right_censored,BBCH89_full_ripeness,,,
5,ag_059_049,wheat,2003,2002-10-12,2003-06-10,189593.55287083783,0.0,1.1879386363489175e-13,1.6009416015094757e-13,0.0,0.0,0.04267140235271844,190.25,0.0,0.0,187.08473397724032,11.742851426497664,3.7314655637418084,0.0,0.0,0.0,0.0017146066958471597,0.0,0.0,202.5590509674798,221.53320755088447,667.1399415202327,271.5175981329477,259.2068325587712,8.14001643867357e-13,unvalidated-engineering-priors,fixed independent scenario factor; no N cycle,2003-05-03,2003-06-10,2003-06-10,full_ripeness,BBCH89_full_ripeness,2002-10-19,seed_layer_available_water,50.0
5,ag_059_049,fallow,2003,2003-06-11,2003-06-14,189593.55287083783,0.0,3.219646771412954e-14,0.0,0.0,0.0,1.0,5.52,0.0,0.0,7.020623815010498,0.0,0.0,0.0,0.0,0.0,2.6907011765281944e-05,0.0,0.0,7.020623815010498,0.0,0.0,259.2068325587712,257.70618183674895,8.43769498715119e-15,unvalidated-engineering-priors,fixed independent scenario factor; no N cycle,,,,right_censored,BBCH89_full_ripeness,,,
5,ag_059_049,maize,2003,2003-06-15,2003-10-05,189593.55287083783,0.0,5.804245972740318e-13,2.3163693185779266e-12,0.0,0.0,0.03354275471250856,465.7,0.0,0.0,21.2183815555474,105.94882763568879,77.6202518157165,0.0,0.0,0.0,0.25271917276614314,0.0,0.0,204.78746100695267,7006.497506236808,13108.300998293264,257.70618183674895,518.3660016570294,7.186196082642482e-13,unvalidated-engineering-priors,fixed independent scenario factor; no N cycle,2003-08-17,,2003-10-05,cut_before_maturity,R6_physiological_maturity,2003-06-20,seed_layer_available_water,50.0
5,ag_059_049,fallow,2003,2003-10-06,2003-10-11,189593.55287083783,0.0,2.2737367544323206e-13,0.0,0.0,0.0,1.0,110.94,0.0,0.0,12.742236299999997,0.0,0.0,0.0,0.0,0.0,0.12368583488012776,0.0,0.0,12.742236299999997,0.0,0.0,518.3660016570294,616.4400795221495,-2.2737367544323206e-13,unvalidated-engineering-priors,fixed independent scenario factor; no N cycle,,,,right_censored,BBCH89_full_ripeness,,,
5,ag_059_049,wheat,2004,2003-10-12,2004-06-10,189593.55287083783,0.0,3.028688411177427e-13,3.922195901395753e-12,0.0,0.0,0.04267140235271844,132.82,0.0,0.0,178.39071311869256,201.10668347170295,41.94004455722505,0.0,0.0,0.0,46.09266882874313,0.0,0.0,421.4374411476206,5895.683319527741,13796.903062036063,616.4400795221495,281.7299695457854,3.9995784462121264e-13,unvalidated-engineering-priors,fixed independent scenario factor; no N cycle,2004-04-21,2004-05-29,2004-05-29,full_ripeness,BBCH89_full_ripeness,2003-10-12,seed_layer_available_water,50.0
5,ag_059_049,fallow,2004,2004-06-11,2004-06-14,189593.55287083783,0.0,5.0279225227711777e-14,0.0,0.0,0.0,1.0,0.74,0.0,0.0,0.6886991273389974,0.0,0.0,0.0,0.0,0.0,0.0011162616644011943,0.0,0.0,0.6886991273389974,0.0,0.0,281.7299695457854,281.78015415678203,-8.146261443187086e-15,unvalidated-engineering-priors,fixed independent scenario factor; no N cycle,,,,right_censored,BBCH89_full_ripeness,,,
5,ag_059_049,maize,2004,2004-06-15,2004-10-05,189593.55287083783,0.0,4.707345624410664e-13,2.9842794901924208e-12,0.0,0.0,0.03354275471250856,437.58,0.0,0.0,17.35673365160207,191.29827463080375,101.55924999161746,0.0,0.0,0.0,0.221005861284815,0.0,0.0,310.2142582740233,9684.477359557275,18076.633654991063,281.78015415678203,408.9248900214764,-2.486288952496807e-12,unvalidated-engineering-priors,fixed independent scenario factor; no N cycle,2004-08-12,2004-09-29,2004-09-29,physiological_maturity,R6_physiological_maturity,2004-06-16,seed_layer_available_water,50.0
5,ag_059_049,fallow,2004,2004-10-06,2004-10-11,189593.55287083783,0.0,1.0658141036401503e-13,0.0,0.0,0.0,1.0,0.0,0.0,0.0,17.498523013814662,0.0,0.0,0.0,0.0,0.0,0.004679052444553732,0.0,0.0,17.498523013814662,0.0,0.0,408.9248900214764,391.42168795521724,-3.952393967665557e-14,unvalidated-engineering-priors,fixed independent scenario factor; no N cycle,,,,right_censored,BBCH89_full_ripeness,,,
5,ag_059_049,wheat,2005,2004-10-12,2005-06-10,189593.55287083783,0.0,1.73749903353837e-13,1.1954881529163686e-12,0.0,0.0,0.04267140235271844,142.48,0.0,0.0,140.1811559539754,102.40158858257082,19.561145076467398,0.0,0.0,0.0,0.2587816975029615,0.0,0.0,262.14388961301364,2050.507029089254,5336.002923175132,391.42168795521724,271.49901664470076,-1.0921819004749977e-13,unvalidated-engineering-priors,fixed independent scenario factor; no N cycle,2005-05-01,2005-06-09,2005-06-09,full_ripeness,BBCH89_full_ripeness,2004-10-12,seed_layer_available_water,50.0
5,ag_059_049,fallow,2005,2005-06-11,2005-06-14,189593.55287083783,0.0,6.261657858885883e-14,0.0,0.0,0.0,1.0,4.21,0.0,0.0,4.351301054882973,0.0,0.0,0.0,0.0,0.0,0.0003561646272442781,0.0,0.0,4.351301054882973,0.0,0.0,271.49901664470076,271.35735942519057,-2.3703261575747092e-14,unvalidated-engineering-priors,fixed independent scenario factor; no N cycle,,,,right_censored,BBCH89_full_ripeness,,,
5,ag_059_049,maize,2005,2005-06-15,2005-10-05,189593.55287083783,0.0,5.577760475716786e-13,3.183231456205249e-12,0.0,0.0,0.03354275471250856,471.05,0.0,0.0,17.681176918490983,208.55899534482305,57.8880847523382,0.0,0.0,0.0,0.2580219822241163,0.0,0.0,284.12825701565225,8717.374977696742,17368.730037082827,271.35735942519057,458.0210804273116,2.6371890782250773e-12,unvalidated-engineering-priors,fixed independent scenario factor; no N cycle,2005-08-22,,2005-10-05,cut_before_maturity,R6_physiological_maturity,2005-06-27,seed_layer_available_water,50.0
5,ag_059_049,fallow,2005,2005-10-06,2005-10-11,189593.55287083783,0.0,7.593925488436071e-14,0.0,0.0,0.0,1.0,2.4,0.0,0.0,19.57547263464032,0.0,0.0,0.0,0.0,0.0,0.01120454109960426,0.0,0.0,19.57547263464032,0.0,0.0,458.0210804273116,440.83440325157164,5.551115123125783e-15,unvalidated-engineering-priors,fixed independent scenario factor; no N cycle,,,,right_censored,BBCH89_full_ripeness,,,
5,ag_059_049,wheat,2006,2005-10-12,2006-06-10,189593.55287083783,0.0,2.0738966099997924e-13,1.7115198147621413e-12,0.0,0.0,0.04267140235271844,99.42,0.0,0.0,116.43853345199695,131.9055460294428,20.185381274473965,0.0,0.0,0.0,1.1111171310172263,0.0,0.0,268.5294607559137,2884.643905966883,7133.551556957035,440.83440325157164,270.6138253646417,-9.908740494779522e-13,unvalidated-engineering-priors,fixed independent scenario factor; no N cycle,2006-04-27,2006-06-07,2006-06-07,full_ripeness,BBCH89_full_ripeness,2005-10-12,seed_layer_available_water,50.0
5,ag_059_049,fallow,2006,2006-06-11,2006-06-14,189593.55287083783,0.0,3.6415315207705135e-14,0.0,0.0,0.0,1.0,3.6599999999999997,0.0,0.0,3.2226882607944445,0.0,0.0,0.0,0.0,0.0,0.0003969859575428034,0.0,0.0,3.2226882607944445,0.0,0.0,270.6138253646417,271.05074011788963,6.48925357893404e-14,unvalidated-engineering-priors,fixed independent scenario factor; no N cycle,,,,right_censored,BBCH89_full_ripeness,,,
5,ag_059_049,maize,2006,2006-06-15,2006-10-05,189593.55287083783,0.0,6.896705428971472e-13,2.7853275241795927e-12,0.0,0.0,0.03354275471250856,403.05,0.0,0.0,20.0364937972204,179.39660715802555,68.84689468420426,0.0,0.0,0.0,0.07708890703656877,0.0,0.0,268.2799956394502,8926.415921557948,16668.99008784158,271.05074011788963,405.7436555714017,1.1770862062832066e-12,unvalidated-engineering-priors,fixed independent scenario factor; no N cycle,2006-08-16,2006-10-03,2006-10-03,physiological_maturity,R6_physiological_maturity,2006-06-22,seed_layer_available_water,50.0
5,ag_059_049,fallow,2006,2006-10-06,2006-10-11,189593.55287083783,0.0,5.995204332975845e-14,0.0,0.0,0.0,1.0,0.13,0.0,0.0,14.121422378399428,0.0,0.0,0.0,0.0,0.0,0.0065109225058232615,0.0,0.0,14.121422378399428,0.0,0.0,405.7436555714017,391.7457222704965,-7.749356711883593e-14,unvalidated-engineering-priors,fixed independent scenario factor; no N cycle,,,,right_censored,BBCH89_full_ripeness,,,
5,ag_059_049,wheat,2007,2006-10-12,2007-06-10,189593.55287083783,0.0,2.2470914018413168e-13,1.2532197501968767e-12,0.0,0.0,0.04267140235271844,131.05,0.0,0.0,126.24941012472601,125.46884866512875,11.99373477939738,0.0,0.0,0.0,0.347080644396908,0.0,0.0,263.7119935692522,2240.237428882536,6559.077287206781,391.7457222704965,258.7366480568473,1.8365864384861652e-13,unvalidated-engineering-priors,fixed independent scenario factor; no N cycle,2007-04-28,2007-06-07,2007-06-07,full_ripeness,BBCH89_full_ripeness,2006-10-18,seed_layer_available_water,50.0
5,ag_059_049,fallow,2007,2007-06-11,2007-06-14,189593.55287083783,0.0,4.85722573273506e-14,0.0,0.0,0.0,1.0,2.13,0.0,0.0,2.0614610729682945,0.0,0.0,0.0,0.0,0.0,0.00015381872184878735,0.0,0.0,2.0614610729682945,0.0,0.0,258.7366480568473,258.8050331651571,3.061439990403869e-14,unvalidated-engineering-priors,fixed independent scenario factor; no N cycle,,,,right_censored,BBCH89_full_ripeness,,,
5,ag_059_049,maize,2007,2007-06-15,2007-10-05,189593.55287083783,0.0,2.5357493882438575e-13,2.9558577807620168e-12,0.0,0.0,0.03354275471250856,357.53,0.0,0.0,20.05903954860082,153.9855257510337,64.0615500797917,0.0,0.0,0.0,0.003990623512987581,0.0,0.0,238.1061153794262,8061.713226551443,16263.027186878995,258.8050331651571,378.224927162216,1.928589232758071e-12,unvalidated-engineering-priors,fixed independent scenario factor; no N cycle,2007-08-15,2007-10-01,2007-10-01,physiological_maturity,R6_physiological_maturity,2007-06-20,seed_layer_available_water,50.0
5,ag_059_049,fallow,2007,2007-10-06,2007-10-11,189593.55287083783,0.0,1.0047518372857667e-13,0.0,0.0,0.0,1.0,6.4,0.0,0.0,11.2588991,0.0,0.0,0.0,0.0,0.0,0.0002272865967058719,0.0,0.0,11.2588991,0.0,0.0,378.224927162216,373.36580077561945,-1.773026170326375e-13,unvalidated-engineering-priors,fixed independent scenario factor; no N cycle,,,,right_censored,BBCH89_full_ripeness,,,
5,ag_059_049,wheat,2008,2007-10-12,2008-06-10,189593.55287083783,0.0,1.641464741908294e-13,1.3891110484109959e-12,0.0,0.0,0.04267140235271844,144.46,0.0,0.0,157.63428348219216,81.76291767482253,18.26600675298048,0.0,0.0,0.0,0.030307256387279474,0.0,0.0,257.66320790999515,1852.3057412722555,4681.584727892976,373.36580077561945,260.1322856092385,-1.5266954367376684e-12,unvalidated-engineering-priors,fixed independent scenario factor; no N cycle,2008-04-25,2008-06-04,2008-06-04,full_ripeness,BBCH89_full_ripeness,2007-10-12,seed_layer_available_water,50.0
5,ag_059_049,fallow,2008,2008-06-11,2008-06-14,189593.55287083783,0.0,6.217248937900877e-14,0.0,0.0,0.0,1.0,4.609999999999999,0.0,0.0,4.081667657536855,0.0,0.0,0.0,0.0,0.0,9.368600026652318e-05,0.0,0.0,4.081667657536855,0.0,0.0,260.1322856092385,260.66052426570144,-3.985700658404312e-14,unvalidated-engineering-priors,fixed independent scenario factor; no N cycle,,,,right_censored,BBCH89_full_ripeness,,,
5,ag_059_049,maize,2008,2008-06-15,2008-10-05,189593.55287083783,0.0,1.8451906669270102e-13,2.7284841053187847e-12,7.105427357601002e-15,0.0,0.03354275471250856,399.8,0.0,0.0,21.049918743734636,169.89758908870925,68.52842180673173,0.0,0.0,0.0,0.012717482572988126,0.0,0.0,259.4759296391756,8377.322201851743,15733.755532181585,260.66052426570144,400.9718771439527,1.195155086008981e-13,unvalidated-engineering-priors,fixed independent scenario factor; no N cycle,2008-08-12,2008-09-27,2008-09-27,physiological_maturity,R6_physiological_maturity,2008-06-17,seed_layer_available_water,50.0
5,ag_059_049,fallow,2008,2008-10-06,2008-10-11,189593.55287083783,0.0,8.615330671091215e-14,0.0,0.0,0.0,1.0,0.66,0.0,0.0,15.964347740713023,0.0,0.0,0.0,0.0,0.0,0.0011226585054665435,0.0,0.0,15.964347740713023,0.0,0.0,400.9718771439527,385.6664067447344,-1.5409895581797173e-13,unvalidated-engineering-priors,fixed independent scenario factor; no N cycle,,,,right_censored,BBCH89_full_ripeness,,,
5,ag_059_049,wheat,2009,2008-10-12,2009-06-10,189593.55287083783,0.0,1.7930101847696278e-13,1.2150280781497713e-12,0.0,0.0,0.04267140235271844,126.13,0.0,0.0,131.76606941867806,98.99560960075047,15.156566455890564,0.0,0.0,0.0,0.10889557426528162,0.0,0.0,245.91824547531908,2086.5154563309216,5293.9679489735545,385.6664067447344,265.7692656951504,-3.9267200602211005e-13,unvalidated-engineering-priors,fixed independent scenario factor; no N cycle,2009-04-24,2009-06-01,2009-06-01,full_ripeness,BBCH89_full_ripeness,2008-10-12,seed_layer_available_water,50.0
5,ag_059_049,fallow,2009,2009-06-11,2009-06-14,189593.55287083783,0.0,7.399636459126668e-14,0.0,0.0,0.0,1.0,2.24,0.0,0.0,2.068202886470881,0.0,0.0,0.0,0.0,0.0,0.00013984922158123716,0.0,0.0,2.068202886470881,0.0,0.0,265.7692656951504,265.94092295945785,9.60898027813073e-14,unvalidated-engineering-priors,fixed independent scenario factor; no N cycle,,,,right_censored,BBCH89_full_ripeness,,,
5,ag_059_049,maize,2009,2009-06-15,2009-10-05,189593.55287083783,0.0,1.851852005074761e-13,2.561506562415161e-12,0.0,0.0,0.03354275471250856,328.75,0.0,0.0,26.34580674566534,126.5302481065999,40.63223470086044,0.0,0.0,0.0,0.007617439199734523,0.0,0.0,193.50828955312568,6079.9075673812395,11368.26922973511,265.94092295945785,401.17501596713254,-9.164891068280667e-14,unvalidated-engineering-priors,fixed independent scenario factor; no N cycle,2009-08-13,2009-10-02,2009-10-02,physiological_maturity,R6_physiological_maturity,2009-06-17,seed_layer_available_water,50.0
5,ag_059_049,fallow,2009,2009-10-06,2009-10-11,189593.55287083783,0.0,7.083222897108499e-14,0.0,0.0,0.0,1.0,3.01,0.0,0.0,14.455735212966975,0.0,0.0,0.0,0.0,0.0,0.001417820426920437,0.0,0.0,14.455735212966975,0.0,0.0,401.17501596713254,389.72786293373866,-2.020605904817785e-14,unvalidated-engineering-priors,fixed independent scenario factor; no N cycle,,,,right_censored,BBCH89_full_ripeness,,,
5,ag_059_049,wheat,2010,2009-10-12,2010-06-10,189593.55287083783,0.0,1.745270594710746e-13,9.237055564881302e-13,0.0,0.0,0.04267140235271844,96.35,0.0,0.0,113.6003779803743,91.6455693719926,17.100354079433036,0.0,0.0,0.0,0.15534599754276568,0.0,0.0,222.34630143179993,1490.3937738868906,4499.258792557054,389.72786293373866,263.5762155043969,-9.314771176605063e-13,unvalidated-engineering-priors,fixed independent scenario factor; no N cycle,2010-05-09,,2010-06-10,cut_before_maturity,BBCH89_full_ripeness,2009-10-12,seed_layer_available_water,50.0
5,ag_059_049,fallow,2010,2010-06-11,2010-06-14,189593.55287083783,0.0,8.593126210598712e-14,0.0,0.0,0.0,1.0,0.0,0.0,0.0,0.7659243175098283,0.0,0.0,0.0,0.0,0.0,0.00024944751563933903,0.0,0.0,0.7659243175098283,0.0,0.0,263.5762155043969,262.81004173937134,7.416289804496046e-14,unvalidated-engineering-priors,fixed independent scenario factor; no N cycle,,,,right_censored,BBCH89_full_ripeness,,,
5,ag_059_049,maize,2010,2010-06-15,2010-10-05,189593.55287083783,0.0,6.492584248007915e-13,2.6147972675971687e-12,0.0,0.0,0.03354275471250856,506.24,0.0,0.0,18.705393936257174,159.85049812492065,70.11418213165317,0.0,0.0,0.0,4.637396629555836,0.0,0.0,248.67007419283098,7613.699760704004,15352.224077684888,262.81004173937134,515.7425709169821,2.4047951130423684e-12,unvalidated-engineering-priors,fixed independent scenario factor; no N cycle,2010-08-26,,2010-10-05,cut_before_maturity,R6_physiological_maturity,2010-07-01,seed_layer_available_water,50.0
5,ag_059_049,fallow,2010,2010-10-06,2010-10-11,189593.55287083783,0.0,1.2745360322696797e-13,0.0,0.0,0.0,1.0,0.0,0.0,0.0,18.181242998523864,0.0,0.0,0.0,0.0,0.0,0.5190733215669023,0.0,0.0,18.181242998523864,0.0,0.0,515.7425709169821,497.04225459689144,-8.704148513061227e-14,unvalidated-engineering-priors,fixed independent scenario factor; no N cycle,,,,right_censored,BBCH89_full_ripeness,,,
5,ag_059_049,wheat,2011,2010-10-12,2011-06-10,189593.55287083783,0.0,2.3003821070233244e-13,2.3021584638627246e-12,0.0,0.0,0.04267140235271844,113.21000000000001,0.0,0.0,105.22532910598422,173.42752448409652,16.121285350194093,0.0,0.0,0.0,12.261183872699108,0.0,0.0,294.77413894027484,4179.651212742423,9543.453402334977,497.04225459689144,303.21693178391695,5.560552018835097e-13,unvalidated-engineering-priors,fixed independent scenario factor; no N cycle,2011-04-28,2011-06-05,2011-06-05,full_ripeness,BBCH89_full_ripeness,2010-10-12,seed_layer_available_water,50.0
5,ag_059_049,fallow,2011,2011-06-11,2011-06-14,189593.55287083783,0.0,1.0769163338864018e-13,0.0,0.0,0.0,1.0,1.74,0.0,0.0,2.3883779304718846,0.0,0.0,0.0,0.0,0.0,0.0016427401858678445,0.0,0.0,2.3883779304718846,0.0,0.0,303.21693178391695,302.5669111132591,9.975353876257032e-14,unvalidated-engineering-priors,fixed independent scenario factor; no N cycle,,,,right_censored,BBCH89_full_ripeness,,,
5,ag_059_049,maize,2011,2011-06-15,2011-10-05,189593.55287083783,0.0,4.0456527017340704e-13,3.609557097661309e-12,0.0,0.0,0.03354275471250856,360.26,0.0,0.0,20.111083978065032,156.25252362586892,74.32930422759026,0.0,0.0,0.0,0.03730570043080461,0.0,0.0,250.6929118315242,8369.706706221426,16239.828636581777,302.5669111132591,412.096693581303,1.089767165396438e-12,unvalidated-engineering-priors,fixed independent scenario factor; no N cycle,2011-08-18,,2011-10-05,cut_before_maturity,R6_physiological_maturity,2011-06-23,seed_layer_available_water,50.0
5,ag_059_049,fallow,2011,2011-10-06,2011-10-11,189593.55287083783,0.0,8.43769498715119e-14,0.0,0.0,0.0,1.0,6.3999999999999995,0.0,0.0,15.601605673436834,0.0,0.0,0.0,0.0,0.0,0.0021673742573483272,0.0,0.0,15.601605673436834,0.0,0.0,412.096693581303,402.89292053360884,-4.1300296516055823e-14,unvalidated-engineering-priors,fixed independent scenario factor; no N cycle,,,,right_censored,BBCH89_full_ripeness,,,
5,ag_059_049,wheat,2012,2011-10-12,2012-06-10,189593.55287083783,0.0,1.6786572132332367e-13,1.3145040611561853e-12,0.0,0.0,0.04267140235271844,131.81,0.0,0.0,144.21435684157785,109.60030356407145,16.026536053052645,0.0,0.0,0.0,0.23447046175471262,0.0,0.0,269.8411964587019,2060.187403389062,5903.647195790715,402.89292053360884,264.6272536131526,-4.2596481897305694e-13,unvalidated-engineering-priors,fixed independent scenario factor; no N cycle,2012-05-01,2012-06-08,2012-06-08,full_ripeness,BBCH89_full_ripeness,2011-10-12,seed_layer_available_water,50.0
5,ag_059_049,fallow,2012,2012-06-11,2012-06-14,189593.55287083783,0.0,5.6565863104651726e-14,0.0,0.0,0.0,1.0,0.61,0.0,0.0,0.7271563869823823,0.0,0.0,0.0,0.0,0.0,0.00023488179655635814,0.0,0.0,0.7271563869823823,0.0,0.0,264.6272536131526,264.5098623443736,1.0609568779074152e-13,unvalidated-engineering-priors,fixed independent scenario factor; no N cycle,,,,right_censored,BBCH89_full_ripeness,,,
5,ag_059_049,maize,2012,2012-06-15,2012-10-05,189593.55287083783,0.0,4.4009240696141205e-13,2.6716406864579767e-12,0.0,0.0,0.03354275471250856,376.15,0.0,0.0,17.800379273988334,161.5190786752337,65.12905124743337,0.0,0.0,0.0,0.0317001273552648,0.0,0.0,244.4485091966554,7806.169801131544,15835.130381874116,264.5098623443736,396.1796530203629,3.157543670972984e-14,unvalidated-engineering-priors,fixed independent scenario factor; no N cycle,2012-08-22,,2012-10-05,cut_before_maturity,R6_physiological_maturity,2012-06-27,seed_layer_available_water,50.0
5,ag_059_049,fallow,2012,2012-10-06,2012-10-11,189593.55287083783,0.0,1.1013412404281553e-13,0.0,0.0,0.0,1.0,0.19,0.0,0.0,17.849466460496743,0.0,0.0,0.0,0.0,0.0,0.0013882786929748105,0.0,0.0,17.849466460496743,0.0,0.0,396.1796530203629,378.518798281173,1.4033219031261979e-13,unvalidated-engineering-priors,fixed independent scenario factor; no N cycle,,,,right_censored,BBCH89_full_ripeness,,,
5,ag_059_049,wheat,2013,2012-10-12,2013-06-10,189593.55287083783,0.0,2.362554596402333e-13,7.682743330406083e-13,0.0,0.0,0.04267140235271844,149.39000000000001,0.0,0.0,147.2185150043869,84.38229895445917,15.96274150470369,0.0,0.0,0.0,0.1193152945124717,0.0,0.0,247.56355546354976,1612.2388467478388,4483.911070992217,378.518798281173,280.2259275231123,-1.52224066685136e-12,unvalidated-engineering-priors,fixed independent scenario factor; no N cycle,2013-05-06,,2013-06-10,cut_before_maturity,BBCH89_full_ripeness,2012-10-22,seed_layer_available_water,50.0
5,ag_059_049,fallow,2013,2013-06-11,2013-06-14,189593.55287083783,0.0,6.661338147750939e-14,0.0,0.0,0.0,1.0,0.01,0.0,0.0,10.067895731857114,0.0,0.0,0.0,0.0,0.0,0.00020818526282429298,0.0,0.0,10.067895731857114,0.0,0.0,280.2259275231123,270.16782360599234,4.218847493575595e-14,unvalidated-engineering-priors,fixed independent scenario factor; no N cycle,,,,right_censored,BBCH89_full_ripeness,,,
5,ag_059_049,maize,2013,2013-06-15,2013-10-05,189593.55287083783,0.0,3.645972412869014e-13,4.234834705130197e-12,0.0,0.0,0.03354275471250856,390.58,0.0,0.0,20.4032685977302,221.25714451707682,64.31776200454821,0.0,0.0,0.0,0.1542185486332568,0.0,0.0,305.9781751193552,8764.955771055513,16999.686909867516,270.16782360599234,354.6154299380044,-5.648259637780484e-13,unvalidated-engineering-priors,fixed independent scenario factor; no N cycle,2013-08-14,2013-09-28,2013-09-28,physiological_maturity,R6_physiological_maturity,2013-06-19,seed_layer_available_water,50.0
5,ag_059_049,fallow,2013,2013-10-06,2013-10-11,189593.55287083783,0.0,1.0880185641326534e-13,0.0,0.0,0.0,1.0,0.0,0.0,0.0,14.487572563920358,0.0,0.0,0.0,0.0,0.0,0.0007443322063467986,0.0,0.0,14.487572563920358,0.0,0.0,354.6154299380044,340.1271130418776,1.290079154614432e-13,unvalidated-engineering-priors,fixed independent scenario factor; no N cycle,,,,right_censored,BBCH89_full_ripeness,,,
5,ag_059_049,wheat,2014,2013-10-12,2014-06-10,189593.55287083783,0.0,1.5754064719430971e-13,7.380762667708041e-13,0.0,0.0,0.04267140235271844,134.07999999999998,0.0,0.0,133.96835694673737,65.69988373592368,14.807890991668467,0.0,0.0,0.0,0.030927420686283166,0.0,0.0,214.47613167432954,1474.3225303190957,3761.290951329221,340.1271130418776,259.70005394686217,-3.9920844407959066e-13,unvalidated-engineering-priors,fixed independent scenario factor; no N cycle,2014-04-20,2014-05-31,2014-05-31,full_ripeness,BBCH89_full_ripeness,2013-10-15,seed_layer_available_water,50.0
5,ag_059_049,fallow,2014,2014-06-11,2014-06-14,189593.55287083783,0.0,3.9745984281580604e-14,0.0,0.0,0.0,1.0,4.640000000000001,0.0,0.0,4.4876781635388525,0.0,0.0,0.0,0.0,0.0,0.00011930300617581772,0.0,0.0,4.4876781635388525,0.0,0.0,259.70005394686217,259.8522564803171,1.8540724511240114e-14,unvalidated-engineering-priors,fixed independent scenario factor; no N cycle,,,,right_censored,BBCH89_full_ripeness,,,
5,ag_059_049,maize,2014,2014-06-15,2014-10-05,189593.55287083783,0.0,1.8696155734687636e-13,4.718003765447065e-12,1.4210854715202004e-14,0.0,0.03354275471250856,358.54,0.0,0.0,18.288629736316658,160.19614920820575,73.97625016457035,0.0,0.0,0.0,0.003718734405666604,0.0,0.0,252.46102910909275,8134.074168361948,17200.015087007956,259.8522564803171,365.9275086368198,-1.119462161858209e-12,unvalidated-engineering-priors,fixed independent scenario factor; no N cycle,2014-08-16,2014-10-04,2014-10-04,physiological_maturity,R6_physiological_maturity,2014-06-20,seed_layer_available_water,50.0
5,ag_059_049,fallow,2014,2014-10-06,2014-10-11,189593.55287083783,0.0,1.4210854715202004e-13,0.0,0.0,0.0,1.0,0.0,0.0,0.0,16.42720951097443,0.0,0.0,0.0,0.0,0.0,9.553359072955563e-05,0.0,0.0,16.42720951097443,0.0,0.0,365.9275086368198,349.5002035922548,-1.5409895581797173e-13,unvalidated-engineering-priors,fixed independent scenario factor; no N cycle,,,,right_censored,BBCH89_full_ripeness,,,
5,ag_059_049,wheat,2015,2014-10-12,2015-06-10,189593.55287083783,0.0,1.971756091734278e-13,7.467360063628803e-13,0.0,0.0,0.04267140235271844,119.92,0.0,0.0,130.5810631133269,69.39116352287705,16.15004917055061,0.0,0.0,0.0,0.014333449356873855,0.0,0.0,216.12227580675454,1088.2853591990668,3403.5690495136705,349.5002035922548,253.28359433614287,5.256350910087804e-13,unvalidated-engineering-priors,fixed independent scenario factor; no N cycle,2015-04-26,2015-06-03,2015-06-03,full_ripeness,BBCH89_full_ripeness,2014-10-12,seed_layer_available_water,50.0
5,ag_059_049,fallow,2015,2015-06-11,2015-06-14,189593.55287083783,0.0,5.484501741648273e-14,0.0,0.0,0.0,1.0,0.01,0.0,0.0,0.4956571699825514,0.0,0.0,0.0,0.0,0.0,8.724485181531194e-05,0.0,0.0,0.4956571699825514,0.0,0.0,253.28359433614287,252.79784992130854,-3.760880495917718e-14,unvalidated-engineering-priors,fixed independent scenario factor; no N cycle,,,,right_censored,BBCH89_full_ripeness,,,
5,ag_059_049,maize,2015,2015-06-15,2015-10-05,189593.55287083783,0.0,2.0961010704922955e-13,1.2079226507921703e-12,0.0,0.0,0.03354275471250856,232.73000000000002,0.0,0.0,34.75396755583713,55.42324633430415,22.174538505702493,0.0,0.0,0.0,0.0027819020333610927,0.0,0.0,112.35175239584377,2846.861445205655,5676.734070539445,252.79784992130854,373.17331562343105,3.5211937532420023e-13,unvalidated-engineering-priors,fixed independent scenario factor; no N cycle,2015-08-16,2015-10-02,2015-10-02,physiological_maturity,R6_physiological_maturity,2015-06-20,seed_layer_available_water,50.0
5,ag_059_049,fallow,2015,2015-10-06,2015-10-11,189593.55287083783,0.0,7.749356711883593e-14,0.0,0.0,0.0,1.0,0.75,0.0,0.0,16.491377139009714,0.0,0.0,0.0,0.0,0.0,0.00037835973503499846,0.0,0.0,16.491377139009714,0.0,0.0,373.17331562343105,357.43156012468614,1.603162047558726e-13,unvalidated-engineering-priors,fixed independent scenario factor; no N cycle,,,,right_censored,BBCH89_full_ripeness,,,
5,ag_059_049,wheat,2016,2015-10-12,2016-06-10,189593.55287083783,0.0,2.042810365310288e-13,8.206768598029157e-13,0.0,0.0,0.04267140235271844,171.81,0.0,0.0,160.89602571266568,83.45572670696411,12.086096362829931,0.0,0.0,0.0,0.04679528228723441,0.0,0.0,256.43784878245975,1192.4242498935175,3974.444394084274,357.43156012468614,272.75691605993916,2.170486013142181e-14,unvalidated-engineering-priors,fixed independent scenario factor; no N cycle,2016-04-25,2016-06-01,2016-06-01,full_ripeness,BBCH89_full_ripeness,2015-10-19,seed_layer_available_water,50.0
5,ag_059_049,fallow,2016,2016-06-11,2016-06-14,189593.55287083783,0.0,7.815970093361102e-14,0.0,0.0,0.0,1.0,32.45,0.0,0.0,11.424846044377238,0.0,0.0,0.0,0.0,0.0,0.00012840267585211457,0.0,0.0,11.424846044377238,0.0,0.0,272.75691605993916,293.78194161288616,-9.037215420448774e-14,unvalidated-engineering-priors,fixed independent scenario factor; no N cycle,,,,right_censored,BBCH89_full_ripeness,,,
5,ag_059_049,maize,2016,2016-06-15,2016-10-05,189593.55287083783,0.0,8.557599073810707e-13,3.154809746774845e-12,7.105427357601002e-15,0.0,0.03354275471250856,532.13,0.0,0.0,20.91285798136159,207.3125317126901,83.22467138820596,0.0,0.0,0.0,12.054365350520884,0.0,0.0,311.45006108225766,8884.674901223458,16891.685499605017,293.78194161288616,502.40751518010654,1.0587086762825493e-12,unvalidated-engineering-priors,fixed independent scenario factor; no N cycle,2016-08-10,2016-09-22,2016-09-22,physiological_maturity,R6_physiological_maturity,2016-06-15,seed_layer_available_water,50.0
5,ag_059_049,fallow,2016,2016-10-06,2016-10-11,189593.55287083783,0.0,1.1945999744966684e-13,0.0,0.0,0.0,1.0,6.17,0.0,0.0,16.212507646755842,0.0,0.0,0.0,0.0,0.0,0.5156523554418013,0.0,0.0,16.212507646755842,0.0,0.0,502.40751518010654,491.8493551779088,7.949196856316121e-14,unvalidated-engineering-priors,fixed independent scenario factor; no N cycle,,,,right_censored,BBCH89_full_ripeness,,,
5,ag_059_049,wheat,2017,2016-10-12,2017-06-10,189593.55287083783,0.0,2.0894397323445446e-13,2.113864638886298e-12,0.0,0.0,0.04267140235271844,174.55,0.0,0.0,174.71088863945303,177.937684102727,30.07203169809696,0.0,0.0,0.0,12.146280005967448,0.0,0.0,382.720604440277,4618.421647622604,11170.794909883129,491.8493551779088,271.5324707316654,-1.032396390598933e-12,unvalidated-engineering-priors,fixed independent scenario factor; no N cycle,2017-04-24,2017-06-02,2017-06-02,full_ripeness,BBCH89_full_ripeness,2016-10-12,seed_layer_available_water,50.0
5,ag_059_049,fallow,2017,2017-06-11,2017-06-14,189593.55287083783,0.0,5.684341886080802e-14,0.0,0.0,0.0,1.0,25.59,0.0,0.0,11.70109867184144,0.0,0.0,0.0,0.0,0.0,0.0004948467018180107,0.0,0.0,11.70109867184144,0.0,0.0,271.5324707316654,285.4208772131222,-5.4789506265251475e-14,unvalidated-engineering-priors,fixed independent scenario factor; no N cycle,,,,right_censored,BBCH89_full_ripeness,,,
5,ag_059_049,maize,2017,2017-06-15,2017-10-05,189593.55287083783,0.0,2.1094237467877974e-13,2.7284841053187847e-12,0.0,0.0,0.03354275471250856,288.55,0.0,0.0,24.10177160042595,145.7267699487067,70.48899402218808,0.0,0.0,0.0,0.008490438279301224,0.0,0.0,240.31753557132072,7111.264773126285,14449.037108592642,285.4208772131222,333.64485120352174,4.3137715621810457e-13,unvalidated-engineering-priors,fixed independent scenario factor; no N cycle,2017-08-11,2017-09-24,2017-09-24,physiological_maturity,R6_physiological_maturity,2017-06-15,seed_layer_available_water,50.0
5,ag_059_049,fallow,2017,2017-10-06,2017-10-11,189593.55287083783,0.0,4.884981308350689e-14,0.0,0.0,0.0,1.0,31.95,0.0,0.0,8.63260832,0.0,0.0,0.0,0.0,0.0,9.207004141681365e-05,0.0,0.0,8.63260832,0.0,0.0,333.64485120352174,356.9621508134803,2.4424906541753444e-15,unvalidated-engineering-priors,fixed independent scenario factor; no N cycle,,,,right_censored,BBCH89_full_ripeness,,,
5,ag_059_049,wheat,2018,2017-10-12,2018-06-10,189593.55287083783,0.0,1.6509016376176078e-13,7.673861546209082e-13,0.0,0.0,0.04267140235271844,180.79,0.0,0.0,169.55612009877674,75.383452679422,8.37289558251601,0.0,0.0,0.0,0.008565239686714857,0.0,0.0,253.31246836071477,1449.3196869272097,3813.7716765399537,356.9621508134803,284.4311172130774,1.4296064332341984e-12,unvalidated-engineering-priors,fixed independent scenario factor; no N cycle,2018-04-25,2018-06-02,2018-06-02,full_ripeness,BBCH89_full_ripeness,2017-10-12,seed_layer_available_water,50.0
5,ag_059_049,fallow,2018,2018-06-11,2018-06-14,189593.55287083783,0.0,1.2745360322696797e-13,0.0,0.0,0.0,1.0,0.2,0.0,0.0,7.611367460041729,0.0,0.0,0.0,0.0,0.0,9.742392357478796e-05,0.0,0.0,7.611367460041729,0.0,0.0,284.4311172130774,277.01965232911226,-1.5165646516379638e-13,unvalidated-engineering-priors,fixed independent scenario factor; no N cycle,,,,right_censored,BBCH89_full_ripeness,,,
5,ag_059_049,maize,2018,2018-06-15,2018-10-05,189593.55287083783,0.0,2.042810365310288e-13,2.3590018827235326e-12,0.0,0.0,0.03354275471250856,331.67,0.0,0.0,24.28858130552918,139.10728593889908,57.7042895591956,0.0,0.0,0.0,0.00683747782824614,0.0,0.0,221.10015680362386,6570.57163438529,12414.470445622472,277.01965232911226,387.5826580476605,-3.710087792541117e-13,unvalidated-engineering-priors,fixed independent scenario factor; no N cycle,2018-08-12,2018-09-26,2018-09-26,physiological_maturity,R6_physiological_maturity,2018-06-18,seed_layer_available_water,50.0
5,ag_059_049,fallow,2018,2018-10-06,2018-10-11,189593.55287083783,0.0,9.237055564881302e-14,0.0,0.0,0.0,1.0,0.38,0.0,0.0,16.219414526773175,0.0,0.0,0.0,0.0,0.0,0.0006118464752789754,0.0,0.0,16.219414526773175,0.0,0.0,387.5826580476605,371.74263167441234,-2.7400304247748863e-13,unvalidated-engineering-priors,fixed independent scenario factor; no N cycle,,,,right_censored,BBCH89_full_ripeness,,,
5,ag_059_049,wheat,2019,2018-10-12,2019-06-10,189593.55287083783,0.0,1.9395596240201485e-13,1.1226575225009583e-12,0.0,0.0,0.04267140235271844,110.45,0.0,0.0,115.22115418163558,86.98588789352873,15.94355233521106,0.0,0.0,0.0,0.06448827011483663,0.0,0.0,218.15059441037536,1511.4325923125107,4650.644199505021,371.74263167441234,263.97754899392214,-1.3655743202889425e-14,unvalidated-engineering-priors,fixed independent scenario factor; no N cycle,2019-04-25,2019-06-06,2019-06-06,full_ripeness,BBCH89_full_ripeness,2018-10-12,seed_layer_available_water,50.0
5,ag_059_049,fallow,2019,2019-06-11,2019-06-14,189593.55287083783,0.0,6.600275881396556e-14,0.0,0.0,0.0,1.0,0.12,0.0,0.0,1.795438513377874,0.0,0.0,0.0,0.0,0.0,0.00016261729987889344,0.0,0.0,1.795438513377874,0.0,0.0,263.97754899392214,262.30194786324427,1.2317924458216112e-13,unvalidated-engineering-priors,fixed independent scenario factor; no N cycle,,,,right_censored,BBCH89_full_ripeness,,,
5,ag_059_049,maize,2019,2019-06-15,2019-10-05,189593.55287083783,0.0,2.0872192862952943e-13,1.7905676941154525e-12,0.0,0.0,0.03354275471250856,288.04,0.0,0.0,21.306184405890377,133.1963097570177,39.89670989505931,0.0,0.0,0.0,0.00797899426678164,0.0,0.0,194.39920405796738,5085.524865383903,12273.447706217547,262.30194786324427,355.93476481101004,7.058242879054433e-14,unvalidated-engineering-priors,fixed independent scenario factor; no N cycle,2019-09-02,,2019-10-05,cut_before_maturity,R6_physiological_maturity,2019-07-07,seed_layer_available_water,50.0
5,ag_059_049,fallow,2019,2019-10-06,2019-10-11,189593.55287083783,0.0,9.237055564881302e-14,0.0,0.0,0.0,1.0,14.680000000000001,0.0,0.0,13.4540984,0.0,0.0,0.0,0.0,0.0,0.00027638680987632496,0.0,0.0,13.4540984,0.0,0.0,355.93476481101004,357.1603900242001,3.885780586188048e-14,unvalidated-engineering-priors,fixed independent scenario factor; no N cycle,,,,right_censored,BBCH89_full_ripeness,,,
5,ag_059_049,wheat,2020,2019-10-12,2020-06-10,189593.55287083783,0.0,1.63202784619898e-13,9.698908343125368e-13,0.0,0.0,0.04267140235271844,129.73,0.0,0.0,139.59887710821587,78.21236615794164,15.867965551548679,0.0,0.0,0.0,0.019380861808822956,0.0,0.0,233.6792088177062,1320.4225922153785,3939.6469325391536,357.1603900242001,253.19180034468437,7.358280651459381e-13,unvalidated-engineering-priors,fixed independent scenario factor; no N cycle,2020-04-24,2020-06-02,2020-06-02,full_ripeness,BBCH89_full_ripeness,2019-10-12,seed_layer_available_water,50.0
5,ag_059_049,fallow,2020,2020-06-11,2020-06-14,189593.55287083783,0.0,7.960299086562372e-14,0.0,0.0,0.0,1.0,0.62,0.0,0.0,0.8634030374556612,0.0,0.0,0.0,0.0,0.0,7.048239810837567e-05,0.0,0.0,0.8634030374556612,0.0,0.0,253.19180034468437,252.9483268248307,-1.0377809722683651e-13,unvalidated-engineering-priors,fixed independent scenario factor; no N cycle,,,,right_censored,BBCH89_full_ripeness,,,
5,ag_059_049,maize,2020,2020-06-15,2020-10-05,189593.55287083783,0.0,5.735412145213559e-13,2.4442670110147446e-12,0.0,0.0,0.03354275471250856,360.82,0.0,0.0,24.67097591836155,137.32484035164057,50.6117789351657,0.0,0.0,0.0,0.06106454888797556,0.0,0.0,212.60759520516783,5754.232873818696,12144.315687753726,252.9483268248307,401.09966707077456,3.5079404658855395e-13,unvalidated-engineering-priors,fixed independent scenario factor; no N cycle,2020-08-13,2020-09-27,2020-09-27,physiological_maturity,R6_physiological_maturity,2020-06-18,seed_layer_available_water,50.0
5,ag_059_049,fallow,2020,2020-10-06,2020-10-11,189593.55287083783,0.0,1.0502709812953981e-13,0.0,0.0,0.0,1.0,1.78,0.0,0.0,13.49560175230443,0.0,0.0,0.0,0.0,0.0,0.004370518990659362,0.0,0.0,13.49560175230443,0.0,0.0,401.09966707077456,389.37969479947935,1.163513729807164e-13,unvalidated-engineering-priors,fixed independent scenario factor; no N cycle,,,,right_censored,BBCH89_full_ripeness,,,
5,ag_059_049,wheat,2021,2020-10-12,2021-06-10,189593.55287083783,0.0,1.503241975342462e-13,1.319833131674386e-12,0.0,0.0,0.04267140235271844,127.95,0.0,0.0,125.51114804901673,108.96709257859987,21.95363485499525,0.0,0.0,0.0,0.22970993961415112,0.0,0.0,256.4318754826119,2053.569524699066,5985.572795184195,389.37969479947935,260.66810937725296,3.8077874187081306e-13,unvalidated-engineering-priors,fixed independent scenario factor; no N cycle,2021-04-21,2021-05-30,2021-05-30,full_ripeness,BBCH89_full_ripeness,2020-10-12,seed_layer_available_water,50.0
5,ag_059_049,fallow,2021,2021-06-11,2021-06-14,189593.55287083783,0.0,7.283063041541027e-14,0.0,0.0,0.0,1.0,12.2,0.0,0.0,5.966031653803009,0.0,0.0,0.0,0.0,0.0,0.0001676660771972332,0.0,0.0,5.966031653803009,0.0,0.0,260.66810937725296,266.90191005737285,-9.14823772291129e-14,unvalidated-engineering-priors,fixed independent scenario factor; no N cycle,,,,right_censored,BBCH89_full_ripeness,,,
5,ag_059_049,maize,2021,2021-06-15,2021-10-05,189593.55287083783,0.0,7.753797603982093e-13,1.8189894035458565e-12,0.0,0.0,0.03354275471250856,671.15,0.0,0.0,26.70519505476192,107.3897313507397,62.55960258125064,0.0,0.0,0.0,25.880125470605165,0.0,0.0,196.65452898675224,5683.377313941216,10910.262893082905,266.90191005737285,715.5172556000159,-4.728994973390854e-13,unvalidated-engineering-priors,fixed independent scenario factor; no N cycle,2021-08-10,2021-09-23,2021-09-23,physiological_maturity,R6_physiological_maturity,2021-06-15,seed_layer_available_water,50.0
5,ag_059_049,fallow,2021,2021-10-06,2021-10-11,189593.55287083783,0.0,1.8207657603852567e-13,0.0,0.0,0.0,1.0,28.42,0.0,0.0,11.599126830000003,0.0,0.0,0.0,0.0,0.0,32.46562968665462,0.0,0.0,11.599126830000003,0.0,0.0,715.5172556000159,699.8724990833614,-1.0302869668521453e-13,unvalidated-engineering-priors,fixed independent scenario factor; no N cycle,,,,right_censored,BBCH89_full_ripeness,,,
5,ag_059_049,wheat,2022,2021-10-12,2022-06-10,189593.55287083783,0.0,2.3714363805993344e-13,2.8137492336099967e-12,0.0,0.0,0.04267140235271844,98.71,0.0,0.0,157.2892552060177,226.31778192973863,22.4387945581158,0.0,0.0,0.0,121.68186125681753,0.0,0.0,406.0458316938721,5267.935871036956,12995.33060638655,699.8724990833614,270.8548061326712,5.766498389903063e-13,unvalidated-engineering-priors,fixed independent scenario factor; no N cycle,2022-04-22,2022-06-05,2022-06-05,full_ripeness,BBCH89_full_ripeness,2021-10-12,seed_layer_available_water,50.0
5,ag_059_049,fallow,2022,2022-06-11,2022-06-14,189593.55287083783,0.0,6.850076061937216e-14,0.0,0.0,0.0,1.0,2.14,0.0,0.0,3.4084745711919235,0.0,0.0,0.0,0.0,0.0,0.00046411153060232175,0.0,0.0,3.4084745711919235,0.0,0.0,270.8548061326712,269.5858674499485,1.2290168882600483e-13,unvalidated-engineering-priors,fixed independent scenario factor; no N cycle,,,,right_censored,BBCH89_full_ripeness,,,
5,ag_059_049,maize,2022,2022-06-15,2022-10-05,189593.55287083783,0.0,6.479261571712414e-13,2.7853275241795927e-12,0.0,0.0,0.03354275471250856,510.83,0.0,0.0,19.723993078842977,218.23273364561985,46.874773340733505,0.0,0.0,0.0,0.9623144525161342,0.0,0.0,284.83150006519634,8200.046059797447,16325.747930397849,269.5858674499485,494.6220529322367,-6.530921636827003e-13,unvalidated-engineering-priors,fixed independent scenario factor; no N cycle,2022-08-18,2022-10-05,2022-10-05,physiological_maturity,R6_physiological_maturity,2022-06-23,seed_layer_available_water,50.0
5,ag_059_049,fallow,2022,2022-10-06,2022-10-11,189593.55287083783,0.0,1.2922996006636822e-13,0.0,0.0,0.0,1.0,0.03,0.0,0.0,18.987706799999994,0.0,0.0,0.0,0.0,0.0,0.025062573762405414,0.0,0.0,18.987706799999994,0.0,0.0,494.6220529322367,475.63928355847446,-1.3322676295501878e-13,unvalidated-engineering-priors,fixed independent scenario factor; no N cycle,,,,right_censored,BBCH89_full_ripeness,,,
5,ag_059_049,wheat,2023,2022-10-12,2023-06-10,189593.55287083783,0.0,1.4765966227514582e-13,2.2168933355715126e-12,0.0,0.0,0.04267140235271844,152.5,0.0,0.0,154.51153411636264,163.30096667160754,22.994482187253528,0.0,0.0,0.0,2.8835914145975647,0.0,0.0,340.8069829752237,4022.5920785708995,9843.63460959438,475.63928355847446,284.4487091686531,7.577272143066693e-14,unvalidated-engineering-priors,fixed independent scenario factor; no N cycle,2023-04-19,2023-05-30,2023-05-30,full_ripeness,BBCH89_full_ripeness,2022-10-12,seed_layer_available_water,50.0
5,ag_059_049,fallow,2023,2023-06-11,2023-06-14,189593.55287083783,0.0,4.263256414560601e-14,0.0,0.0,0.0,1.0,0.76,0.0,0.0,1.5193030317468326,0.0,0.0,0.0,0.0,0.0,0.0007525442091824181,0.0,0.0,1.5193030317468326,0.0,0.0,284.4487091686531,283.688653592697,1.1535217225855376e-13,unvalidated-engineering-priors,fixed independent scenario factor; no N cycle,,,,right_censored,BBCH89_full_ripeness,,,
5,ag_059_049,maize,2023,2023-06-15,2023-10-05,189593.55287083783,0.0,5.164757510556228e-13,2.1316282072803006e-12,0.0,0.0,0.03354275471250856,408.24,0.0,0.0,23.900576665962532,173.46194881494935,63.24469791579606,0.0,0.0,0.0,0.0345401326540666,0.0,0.0,260.607223396708,8027.971462577067,15856.498334216782,283.688653592697,431.28689006333667,-1.6954215809050766e-12,unvalidated-engineering-priors,fixed independent scenario factor; no N cycle,2023-08-15,2023-09-29,2023-09-29,physiological_maturity,R6_physiological_maturity,2023-06-20,seed_layer_available_water,50.0
5,ag_059_049,fallow,2023,2023-10-06,2023-10-11,189593.55287083783,0.0,1.2390088954816747e-13,0.0,0.0,0.0,1.0,0.14,0.0,0.0,15.330101964721655,0.0,0.0,0.0,0.0,0.0,0.005083700752918411,0.0,0.0,15.330101964721655,0.0,0.0,431.28689006333667,416.0917043978623,-2.1804780203638074e-13,unvalidated-engineering-priors,fixed independent scenario factor; no N cycle,,,,right_censored,BBCH89_full_ripeness,,,
5,ag_059_049,wheat,2024,2023-10-12,2024-06-10,189593.55287083783,0.0,1.5232259897857148e-13,1.1084466677857563e-12,0.0,0.0,0.04267140235271844,89.02,0.0,0.0,105.60037373321177,122.92634001045006,14.704539195664573,0.0,0.0,0.0,0.48002157710992477,0.0,0.0,243.23125293932642,2325.4488876340465,6240.5072409104105,416.0917043978623,261.4004298814263,-3.295558270721699e-13,unvalidated-engineering-priors,fixed independent scenario factor; no N cycle,2024-04-23,2024-06-02,2024-06-02,full_ripeness,BBCH89_full_ripeness,2023-10-12,seed_layer_available_water,50.0
5,ag_059_049,fallow,2024,2024-06-11,2024-06-14,189593.55287083783,0.0,9.961476088449217e-14,0.0,0.0,0.0,1.0,1.2,0.0,0.0,1.1186403848066964,0.0,0.0,0.0,0.0,0.0,0.00026078242809437737,0.0,0.0,1.1186403848066964,0.0,0.0,261.4004298814263,261.48152871419165,-1.3983258995153847e-13,unvalidated-engineering-priors,fixed independent scenario factor; no N cycle,,,,right_censored,BBCH89_full_ripeness,,,
5,ag_059_049,maize,2024,2024-06-15,2024-10-05,189593.55287083783,0.0,3.4772185131259903e-13,2.1600499167107046e-12,0.0,0.0,0.03354275471250856,403.69,0.0,0.0,22.212166219668536,143.9249368917316,61.99800527258544,0.0,0.0,0.0,0.022759088333403073,0.0,0.0,228.13510838398557,6539.175693641357,12678.50079160112,261.48152871419165,437.0136612418724,2.7793045642710013e-13,unvalidated-engineering-priors,fixed independent scenario factor; no N cycle,2024-08-16,2024-09-29,2024-09-29,physiological_maturity,R6_physiological_maturity,2024-06-22,seed_layer_available_water,50.0
5,ag_059_049,fallow,2024,2024-10-06,2024-10-11,189593.55287083783,0.0,9.103828801926284e-14,0.0,0.0,0.0,1.0,0.85,0.0,0.0,16.918938486672154,0.0,0.0,0.0,0.0,0.0,0.0032383737443559676,0.0,0.0,16.918938486672154,0.0,0.0,437.0136612418724,420.9414843814562,-2.90878432451791e-13,unvalidated-engineering-priors,fixed independent scenario factor; no N cycle,,,,right_censored,BBCH89_full_ripeness,,,
5,ag_059_049,wheat,2025,2024-10-12,2025-06-10,189593.55287083783,0.0,1.6231460620019789e-13,1.0258460747536446e-12,0.0,0.0,0.04267140235271844,138.98,0.0,0.0,150.3624029115738,127.65390267997009,15.871464569143813,0.0,0.0,0.0,0.44200761773976743,0.0,0.0,293.8877701606877,2377.6934146115123,6289.169072399405,420.9414843814562,265.591706603029,-3.136380044566067e-13,unvalidated-engineering-priors,fixed independent scenario factor; no N cycle,2025-04-21,2025-05-30,2025-05-30,full_ripeness,BBCH89_full_ripeness,2024-10-12,seed_layer_available_water,50.0
5,ag_059_049,fallow,2025,2025-06-11,2025-06-14,189593.55287083783,0.0,6.414313524771842e-14,0.0,0.0,0.0,1.0,11.32,0.0,0.0,3.545978574413326,0.0,0.0,0.0,0.0,0.0,0.00029288436145113365,0.0,0.0,3.545978574413326,0.0,0.0,265.591706603029,273.36543514425426,-1.6292522886374172e-14,unvalidated-engineering-priors,fixed independent scenario factor; no N cycle,,,,right_censored,BBCH89_full_ripeness,,,
5,ag_059_049,maize,2025,2025-06-15,2025-10-05,189593.55287083783,0.0,1.7408297026122455e-13,2.2737367544323206e-12,0.0,0.0,0.03354275471250856,311.75,0.0,0.0,24.395807309219304,122.10310939890931,74.69175168665146,0.0,0.0,0.0,0.0048615551589817965,0.0,0.0,221.19066839478006,6256.215287739189,13270.205864464846,273.36543514425426,363.9199051943149,3.3872904481313526e-13,unvalidated-engineering-priors,fixed independent scenario factor; no N cycle,2025-08-09,2025-09-20,2025-09-20,physiological_maturity,R6_physiological_maturity,2025-06-15,seed_layer_available_water,50.0
5,ag_059_049,fallow,1996,1996-01-01,1996-10-11,189593.55287083783,0.25,3.2507330161024584e-13,0.0,0.0,0.0,1.0,753.5600000000001,0.0,0.0,498.35760022062226,0.0,0.0,0.0,0.0,0.0,149.7939503379392,0.0,0.0,498.35760022062226,0.0,0.0,443.9393921932174,549.3478416346567,-7.857048345272233e-13,unvalidated-engineering-priors,fixed independent scenario factor; no N cycle,,,,right_censored,BBCH89_full_ripeness,,,
5,ag_059_049,wheat,1997,1996-10-12,1997-06-10,189593.55287083783,0.25,2.0228263508670352e-13,3.0127011996228248e-12,0.0,0.0,0.04267140235271844,112.39,75.0,0.0,152.7673734759034,240.84177716264173,22.961839534565513,0.0,0.0,0.0,37.099944076649564,75.0,0.0,416.57099017311066,6765.665122827761,16409.03298330697,549.3478416346567,283.0669073848973,-8.746336987996983e-13,unvalidated-engineering-priors,fixed independent scenario factor; no N cycle,1997-04-29,1997-06-04,1997-06-04,full_ripeness,BBCH89_full_ripeness,1996-10-12,seed_layer_available_water,50.0
5,ag_059_049,fallow,1997,1997-06-11,1997-06-14,189593.55287083783,0.25,3.907985046680551e-14,0.0,0.0,0.0,1.0,2.08,0.0,0.0,2.5821054848289013,0.0,0.0,0.0,0.0,0.0,0.0006502817057985227,0.0,0.0,2.5821054848289013,0.0,0.0,283.0669073848973,282.5641516183626,3.3362201889985954e-14,unvalidated-engineering-priors,fixed independent scenario factor; no N cycle,,,,right_censored,BBCH89_full_ripeness,,,
5,ag_059_049,maize,1997,1997-06-15,1997-10-05,189593.55287083783,0.25,1.8629542353210127e-13,1.6910917111090384e-12,0.0,0.0,0.03354275471250856,153.07,20.0,0.0,37.820261358334896,85.21457932960345,26.44377300505375,0.0,0.0,0.0,0.009984927492561396,20.0,0.0,149.4786136929921,4586.046478127911,9844.842342422744,282.5641516183626,306.14555299787764,2.8965718712470334e-13,unvalidated-engineering-priors,fixed independent scenario factor; no N cycle,1997-08-12,1997-09-29,1997-09-29,physiological_maturity,R6_physiological_maturity,1997-06-16,seed_layer_available_water,50.0
5,ag_059_049,fallow,1997,1997-10-06,1997-10-11,189593.55287083783,0.25,5.795364188543317e-14,0.0,0.0,0.0,1.0,0.0,0.0,0.0,13.583474888441046,0.0,0.0,0.0,0.0,0.0,6.925755899128264e-05,0.0,0.0,13.583474888441046,0.0,0.0,306.14555299787764,292.56200885187764,-2.930988785010413e-14,unvalidated-engineering-priors,fixed independent scenario factor; no N cycle,,,,right_censored,BBCH89_full_ripeness,,,
5,ag_059_049,wheat,1998,1997-10-12,1998-06-10,189593.55287083783,0.25,1.6153745008296028e-13,4.405364961712621e-13,0.0,0.0,0.04267140235271844,226.32,75.0,0.0,266.1146591180997,32.63710885960445,13.02315349951689,0.0,0.0,0.0,0.0028366794713982134,75.0,0.0,311.7749214772211,879.0301737115952,2068.1675927663737,292.56200885187764,282.1042506951851,7.72715225139109e-14,unvalidated-engineering-priors,fixed independent scenario factor; no N cycle,1998-04-27,1998-06-04,1998-06-04,full_ripeness,BBCH89_full_ripeness,1997-10-13,seed_layer_available_water,50.0
5,ag_059_049,fallow,1998,1998-06-11,1998-06-14,189593.55287083783,0.25,1.0635936575909e-13,0.0,0.0,0.0,1.0,3.75,0.0,0.0,4.789340290099643,0.0,0.0,0.0,0.0,0.0,4.1282039851035987e-05,0.0,0.0,4.789340290099643,0.0,0.0,282.1042506951851,281.0648691230457,-8.948397578478762e-14,unvalidated-engineering-priors,fixed independent scenario factor; no N cycle,,,,right_censored,BBCH89_full_ripeness,,,
5,ag_059_049,maize,1998,1998-06-15,1998-10-05,189593.55287083783,0.25,9.841016890277388e-13,2.3590018827235326e-12,1.4210854715202004e-14,0.0,0.03354275471250856,509.09,20.0,0.0,21.98732622630328,231.01873369844014,79.4242947185132,0.0,0.0,0.0,4.724834432813983,20.0,0.0,332.43035464325663,9373.39793299863,17820.018558275136,281.0648691230457,472.99968004697547,-4.0467629247586956e-13,unvalidated-engineering-priors,fixed independent scenario factor; no N cycle,1998-08-11,1998-09-24,1998-09-24,physiological_maturity,R6_physiological_maturity,1998-06-16,seed_layer_available_water,50.0
5,ag_059_049,fallow,1998,1998-10-06,1998-10-11,189593.55287083783,0.25,1.432187701766452e-13,0.0,0.0,0.0,1.0,1.9300000000000002,0.0,0.0,11.996803457426129,0.0,0.0,0.0,0.0,0.0,0.2436517272978161,0.0,0.0,11.996803457426129,0.0,0.0,472.99968004697547,462.68922486225165,-1.2279066652354231e-13,unvalidated-engineering-priors,fixed independent scenario factor; no N cycle,,,,right_censored,BBCH89_full_ripeness,,,
5,ag_059_049,wheat,1999,1998-10-12,1999-06-10,189593.55287083783,0.25,1.9184653865522705e-13,1.8758328224066645e-12,0.0,0.0,0.04267140235271844,106.32,75.0,0.0,161.49338524538192,162.51855579241592,29.106100853165483,0.0,0.0,0.0,6.294898109831272,75.0,0.0,353.11804189096335,4517.968579930037,10794.321707327115,462.68922486225165,284.5962848614588,-1.7548740238737537e-12,unvalidated-engineering-priors,fixed independent scenario factor; no N cycle,1999-04-23,1999-05-31,1999-05-31,full_ripeness,BBCH89_full_ripeness,1998-10-12,seed_layer_available_water,50.0
5,ag_059_049,fallow,1999,1999-06-11,1999-06-14,189593.55287083783,0.25,5.1514348342607263e-14,0.0,0.0,0.0,1.0,10.5,0.0,0.0,4.176029660371675,0.0,0.0,0.0,0.0,0.0,0.0010738185087304471,0.0,0.0,4.176029660371675,0.0,0.0,284.5962848614588,290.9191813825783,9.02333763264096e-14,unvalidated-engineering-priors,fixed independent scenario factor; no N cycle,,,,right_censored,BBCH89_full_ripeness,,,
5,ag_059_049,maize,1999,1999-06-15,1999-10-05,189593.55287083783,0.25,2.2581936320875684e-13,3.922195901395753e-12,0.0,0.0,0.03354275471250856,268.34,20.0,0.0,21.272110479573005,150.8447070024575,73.30463233186596,0.0,0.0,0.0,0.016291643657841217,20.0,0.0,245.42144981389646,7841.717394391193,16590.73471318267,290.9191813825783,333.8214399250242,-2.1194157540094238e-13,unvalidated-engineering-priors,fixed independent scenario factor; no N cycle,1999-08-12,1999-09-26,1999-09-26,physiological_maturity,R6_physiological_maturity,1999-06-15,seed_layer_available_water,50.0
5,ag_059_049,fallow,1999,1999-10-06,1999-10-11,189593.55287083783,0.25,7.37188088351104e-14,0.0,0.0,0.0,1.0,0.21000000000000002,0.0,0.0,15.565271693620524,0.0,0.0,0.0,0.0,0.0,8.600057249500467e-05,0.0,0.0,15.565271693620524,0.0,0.0,333.8214399250242,318.46608223083126,-7.283063041541027e-14,unvalidated-engineering-priors,fixed independent scenario factor; no N cycle,,,,right_censored,BBCH89_full_ripeness,,,
5,ag_059_049,wheat,2000,1999-10-12,2000-06-10,189593.55287083783,0.25,1.8562928971732617e-13,5.231370892033738e-13,0.0,0.0,0.04267140235271844,98.02,75.0,0.0,178.28344903744653,53.60646865978334,12.318380003607345,0.0,0.0,0.0,0.004052898104675027,75.0,0.0,244.20829770083722,583.5206988960393,2455.8088245435133,318.46608223083126,247.27373163188906,3.1441516057384433e-13,unvalidated-engineering-priors,fixed independent scenario factor; no N cycle,2000-04-25,2000-06-03,2000-06-03,full_ripeness,BBCH89_full_ripeness,1999-10-12,seed_layer_available_water,50.0
5,ag_059_049,fallow,2000,2000-06-11,2000-06-14,189593.55287083783,0.25,3.552713678800501e-14,0.0,0.0,0.0,1.0,2.0,0.0,0.0,2.1984292292365595,0.0,0.0,0.0,0.0,0.0,4.311282496068827e-05,0.0,0.0,2.1984292292365595,0.0,0.0,247.27373163188906,247.07525928982753,1.529332216421153e-14,unvalidated-engineering-priors,fixed independent scenario factor; no N cycle,,,,right_censored,BBCH89_full_ripeness,,,
5,ag_059_049,maize,2000,2000-06-15,2000-10-05,189593.55287083783,0.25,7.620570841027074e-13,2.5721647034515627e-12,0.0,0.0,0.03354275471250856,563.03,20.0,0.0,23.072548936169742,182.648177594146,70.5827794968657,0.0,0.0,0.0,5.709013354128435,20.0,0.0,276.30350602718147,7914.688834199854,15814.743091668475,247.07525928982753,548.0927399085151,2.5375257450832578e-12,unvalidated-engineering-priors,fixed independent scenario factor; no N cycle,2000-08-11,2000-09-25,2000-09-25,physiological_maturity,R6_physiological_maturity,2000-06-16,seed_layer_available_water,50.0
5,ag_059_049,fallow,2000,2000-10-06,2000-10-11,189593.55287083783,0.25,9.947598300641403e-14,0.0,0.0,0.0,1.0,83.32,0.0,0.0,14.136945100000002,0.0,0.0,0.0,0.0,0.0,0.6867954569515954,0.0,0.0,14.136945100000002,0.0,0.0,548.0927399085151,616.5889993515636,-1.2523315717771766e-13,unvalidated-engineering-priors,fixed independent scenario factor; no N cycle,,,,right_censored,BBCH89_full_ripeness,,,
5,ag_059_049,wheat,2001,2000-10-12,2001-06-10,189593.55287083783,0.25,2.9620750296999176e-13,2.1600499167107046e-12,0.0,0.0,0.04267140235271844,111.46000000000001,75.0,0.0,216.83693709489097,233.80150645494237,20.157357824273078,0.0,0.0,0.0,59.5613913769646,75.0,0.0,470.7958013741064,5979.971517458381,14427.981275677805,616.5889993515636,272.6918066004926,5.329070518200751e-15,unvalidated-engineering-priors,fixed independent scenario factor; no N cycle,2001-04-27,2001-06-08,2001-06-08,full_ripeness,BBCH89_full_ripeness,2000-10-12,seed_layer_available_water,50.0
5,ag_059_049,fallow,2001,2001-06-11,2001-06-14,189593.55287083783,0.25,9.457712391025552e-14,0.0,0.0,0.0,1.0,0.22999999999999998,0.0,0.0,0.5364270989475195,0.0,0.0,0.0,0.0,0.0,0.0005024484800117556,0.0,0.0,0.5364270989475195,0.0,0.0,272.6918066004926,272.384877053065,8.329448242250237e-14,unvalidated-engineering-priors,fixed independent scenario factor; no N cycle,,,,right_censored,BBCH89_full_ripeness,,,
5,ag_059_049,maize,2001,2001-06-15,2001-10-05,189593.55287083783,0.25,6.488143355909415e-13,4.234834705130197e-12,0.0,0.0,0.03354275471250856,413.89,20.0,0.0,19.045820652406377,230.17571565344053,72.07236409004028,0.0,0.0,0.0,0.5894636078770241,20.0,0.0,321.2939003958872,9855.36458111078,19097.907105249054,272.384877053065,384.39151304929885,1.9114154703459008e-12,unvalidated-engineering-priors,fixed independent scenario factor; no N cycle,2001-08-11,2001-09-26,2001-09-26,physiological_maturity,R6_physiological_maturity,2001-06-16,seed_layer_available_water,50.0
5,ag_059_049,fallow,2001,2001-10-06,2001-10-11,189593.55287083783,0.25,7.72715225139109e-14,0.0,0.0,0.0,1.0,3.73,0.0,0.0,13.834108386988422,0.0,0.0,0.0,0.0,0.0,0.005322995120544661,0.0,0.0,13.834108386988422,0.0,0.0,384.39151304929885,374.2820816671899,-2.9531932455029164e-14,unvalidated-engineering-priors,fixed independent scenario factor; no N cycle,,,,right_censored,BBCH89_full_ripeness,,,
5,ag_059_049,wheat,2002,2001-10-12,2002-06-10,189593.55287083783,0.25,1.5942802633617248e-13,1.2931877790833823e-12,0.0,0.0,0.04267140235271844,153.09,75.0,0.0,192.54406978791576,100.49680420331666,19.114711251986343,0.0,0.0,0.0,0.2011327540402742,75.0,0.0,312.15558524321875,2400.4730511096373,5928.601403928333,374.2820816671899,290.01536366992974,1.1465550731060148e-12,unvalidated-engineering-priors,fixed independent scenario factor; no N cycle,2002-04-19,2002-05-29,2002-05-29,full_ripeness,BBCH89_full_ripeness,2001-10-12,seed_layer_available_water,50.0
5,ag_059_049,fallow,2002,2002-06-11,2002-06-14,189593.55287083783,0.25,5.728750807065808e-14,0.0,0.0,0.0,1.0,1.6199999999999999,0.0,0.0,9.364941623301199,0.0,0.0,0.0,0.0,0.0,0.0002935482819245871,0.0,0.0,9.364941623301199,0.0,0.0,290.01536366992974,282.27012849834665,-3.297362383136715e-14,unvalidated-engineering-priors,fixed independent scenario factor; no N cycle,,,,right_censored,BBCH89_full_ripeness,,,
5,ag_059_049,maize,2002,2002-06-15,2002-10-05,189593.55287083783,0.25,1.8962609260597674e-13,2.5863755581667647e-12,0.0,0.0,0.03354275471250856,215.73,20.0,0.0,23.973052820595953,146.0262186953394,60.682017365787715,0.0,0.0,0.0,0.004841117895749019,20.0,0.0,230.68128888172308,7920.200665026759,16168.81008844315,282.27012849834665,287.3139984987279,-9.703349235223868e-14,unvalidated-engineering-priors,fixed independent scenario factor; no N cycle,2002-08-12,2002-09-29,2002-09-29,physiological_maturity,R6_physiological_maturity,2002-06-16,seed_layer_available_water,50.0
5,ag_059_049,fallow,2002,2002-10-06,2002-10-11,189593.55287083783,0.25,8.593126210598712e-14,0.0,0.0,0.0,1.0,0.27,0.0,0.0,11.323544079953578,0.0,0.0,0.0,0.0,0.0,3.7119620786095755e-05,0.0,0.0,11.323544079953578,0.0,0.0,287.3139984987279,276.2604172991536,-1.0325074129013956e-14,unvalidated-engineering-priors,fixed independent scenario factor; no N cycle,,,,right_censored,BBCH89_full_ripeness,,,
5,ag_059_049,wheat,2003,2002-10-12,2003-06-10,189593.55287083783,0.25,1.1457501614131615e-13,6.044054146059352e-13,0.0,0.0,0.04267140235271844,190.25,75.0,0.0,238.0676217884503,38.55136027729187,10.779225442204513,0.0,0.0,0.0,0.0014798461503173644,75.0,0.0,287.39820750794667,1011.0797855549761,2566.0821484226935,276.2604172991536,254.11072994505687,-3.096828349313796e-13,unvalidated-engineering-priors,fixed independent scenario factor; no N cycle,2003-05-02,2003-06-09,2003-06-09,full_ripeness,BBCH89_full_ripeness,2002-10-13,seed_layer_available_water,50.0
5,ag_059_049,fallow,2003,2003-06-11,2003-06-14,189593.55287083783,0.25,3.6193270602780103e-14,0.0,0.0,0.0,1.0,5.52,0.0,0.0,7.027540947078996,0.0,0.0,0.0,0.0,0.0,2.0362235548372317e-05,0.0,0.0,7.027540947078996,0.0,0.0,254.11072994505687,252.6031686357423,3.7969627442180354e-14,unvalidated-engineering-priors,fixed independent scenario factor; no N cycle,,,,right_censored,BBCH89_full_ripeness,,,
5,ag_059_049,maize,2003,2003-06-15,2003-10-05,189593.55287083783,0.25,5.88418203051333e-13,2.9842794901924208e-12,0.0,0.0,0.03354275471250856,465.7,20.0,0.0,22.36192611958227,111.74065093667804,84.9282059516764,0.0,0.0,0.0,0.2481181442320536,20.0,0.0,219.03078300793672,7110.041213134164,13731.79111855954,252.6031686357423,519.0242674835738,-2.611244553918368e-13,unvalidated-engineering-priors,fixed independent scenario factor; no N cycle,2003-08-12,2003-10-01,2003-10-01,physiological_maturity,R6_physiological_maturity,2003-06-16,seed_layer_available_water,50.0
5,ag_059_049,fallow,2003,2003-10-06,2003-10-11,189593.55287083783,0.25,1.0835776720341528e-13,0.0,0.0,0.0,1.0,110.94,0.0,0.0,12.742236299999997,0.0,0.0,0.0,0.0,0.0,0.12579904663199276,0.0,0.0,12.742236299999997,0.0,0.0,519.0242674835738,617.0962321369419,-1.176836406102666e-13,unvalidated-engineering-priors,fixed independent scenario factor; no N cycle,,,,right_censored,BBCH89_full_ripeness,,,
5,ag_059_049,wheat,2004,2003-10-12,2004-06-10,189593.55287083783,0.25,2.6756374893466273e-13,3.637978807091713e-12,0.0,0.0,0.04267140235271844,132.82,75.0,0.0,211.80884083379362,224.05900616241118,44.864363073270695,0.0,0.0,0.0,56.07273459168726,75.0,0.0,480.7322100694755,6847.804692648348,15924.316601587037,617.0962321369419,288.111287475781,-1.8627321907160876e-12,unvalidated-engineering-priors,fixed independent scenario factor; no N cycle,2004-04-21,2004-05-29,2004-05-29,full_ripeness,BBCH89_full_ripeness,2003-10-12,seed_layer_available_water,50.0
5,ag_059_049,fallow,2004,2004-06-11,2004-06-14,189593.55287083783,0.25,6.189493362285248e-14,0.0,0.0,0.0,1.0,0.74,0.0,0.0,1.185023048139287,0.0,0.0,0.0,0.0,0.0,0.001187167009824836,0.0,0.0,1.185023048139287,0.0,0.0,288.111287475781,287.6650772606318,1.099120794378905e-13,unvalidated-engineering-priors,fixed independent scenario factor; no N cycle,,,,right_censored,BBCH89_full_ripeness,,,
5,ag_059_049,maize,2004,2004-06-15,2004-10-05,189593.55287083783,0.25,7.229772336359019e-13,4.462208380573429e-12,0.0,0.0,0.03354275471250856,437.58,20.0,0.0,16.753774352314878,199.6667751936584,103.72848981485198,0.0,0.0,0.0,0.49150101946299,20.0,0.0,320.14903936082527,9874.5884944683,18536.23498556871,287.6650772606318,424.60453688034636,-2.812472477131678e-12,unvalidated-engineering-priors,fixed independent scenario factor; no N cycle,2004-08-12,2004-09-29,2004-09-29,physiological_maturity,R6_physiological_maturity,2004-06-16,seed_layer_available_water,50.0
5,ag_059_049,fallow,2004,2004-10-06,2004-10-11,189593.55287083783,0.25,5.284661597215745e-14,0.0,0.0,0.0,1.0,0.0,0.0,0.0,17.63900442368962,0.0,0.0,0.0,0.0,0.0,0.011487035921437832,0.0,0.0,17.63900442368962,0.0,0.0,424.60453688034636,406.9540454207352,8.926193117986259e-14,unvalidated-engineering-priors,fixed independent scenario factor; no N cycle,,,,right_censored,BBCH89_full_ripeness,,,
5,ag_059_049,wheat,2005,2004-10-12,2005-06-10,189593.55287083783,0.25,1.7319479184152442e-13,1.6910917111090384e-12,0.0,0.0,0.04267140235271844,142.48,75.0,0.0,194.75902535483235,129.49379435782782,23.34302987520987,0.0,0.0,0.0,0.5688998049654674,75.0,0.0,347.5958495878701,3088.6208940934475,7251.1282210193785,406.9540454207352,276.2692960278991,6.077083281041951e-13,unvalidated-engineering-priors,fixed independent scenario factor; no N cycle,2005-05-01,2005-06-09,2005-06-09,full_ripeness,BBCH89_full_ripeness,2004-10-12,seed_layer_available_water,50.0
5,ag_059_049,fallow,2005,2005-06-11,2005-06-14,189593.55287083783,0.25,4.7351012000262926e-14,0.0,0.0,0.0,1.0,4.21,0.0,0.0,4.464538241360436,0.0,0.0,0.0,0.0,0.0,0.00037024833592065663,0.0,0.0,4.464538241360436,0.0,0.0,276.2692960278991,276.0143875382027,3.425038030968608e-14,unvalidated-engineering-priors,fixed independent scenario factor; no N cycle,,,,right_censored,BBCH89_full_ripeness,,,
5,ag_059_049,maize,2005,2005-06-15,2005-10-05,189593.55287083783,0.25,5.222489107836736e-13,6.224354365258478e-12,0.0,0.0,0.03354275471250856,471.05,20.0,0.0,20.60997269327323,224.10611722515978,69.282021236824,0.0,0.0,0.0,0.13331704638697836,20.0,0.0,313.998111155257,9542.518360432598,18441.14849240057,276.0143875382027,452.932959336559,-2.772226892489016e-13,unvalidated-engineering-priors,fixed independent scenario factor; no N cycle,2005-08-11,2005-09-28,2005-09-28,physiological_maturity,R6_physiological_maturity,2005-06-16,seed_layer_available_water,50.0
5,ag_059_049,fallow,2005,2005-10-06,2005-10-11,189593.55287083783,0.25,5.0182080713057076e-14,0.0,0.0,0.0,1.0,2.4,0.0,0.0,19.604677524231228,0.0,0.0,0.0,0.0,0.0,0.008012681150752743,0.0,0.0,19.604677524231228,0.0,0.0,452.932959336559,435.72026913117696,6.439293542825908e-14,unvalidated-engineering-priors,fixed independent scenario factor; no N cycle,,,,right_censored,BBCH89_full_ripeness,,,
5,ag_059_049,wheat,2006,2005-10-12,2006-06-10,189593.55287083783,0.25,1.66644475996236e-13,1.5063505998114124e-12,0.0,0.0,0.04267140235271844,99.42,75.0,0.0,173.4867123601621,143.82450630090926,21.57689407483114,0.0,0.0,0.0,0.9251429987361868,75.0,0.0,338.8881127359025,3316.7065302555166,8005.835401411912,435.72026913117696,270.3270133965371,1.1671219546371958e-12,unvalidated-engineering-priors,fixed independent scenario factor; no N cycle,2006-04-27,2006-06-07,2006-06-07,full_ripeness,BBCH89_full_ripeness,2005-10-12,seed_layer_available_water,50.0
5,ag_059_049,fallow,2006,2006-06-11,2006-06-14,189593.55287083783,0.25,4.529709940470639e-14,0.0,0.0,0.0,1.0,3.6599999999999997,0.0,0.0,3.3601673416107465,0.0,0.0,0.0,0.0,0.0,0.00031289798272678756,0.0,0.0,3.3601673416107465,0.0,0.0,270.3270133965371,270.6265331569436,2.980948821118545e-14,unvalidated-engineering-priors,fixed independent scenario factor; no N cycle,,,,right_censored,BBCH89_full_ripeness,,,
5,ag_059_049,maize,2006,2006-06-15,2006-10-05,189593.55287083783,0.25,4.050093593832571e-13,4.405364961712621e-12,0.0,0.0,0.03354275471250856,403.05,20.0,0.0,21.45477453383007,186.97788534908932,81.04710056622767,0.0,0.0,0.0,0.06164284297518087,20.0,0.0,289.4797604491471,9011.13842525683,17240.099352598692,270.6265331569436,404.13512986481993,1.4210299603689691e-12,unvalidated-engineering-priors,fixed independent scenario factor; no N cycle,2006-08-11,2006-09-26,2006-09-26,physiological_maturity,R6_physiological_maturity,2006-06-16,seed_layer_available_water,50.0
5,ag_059_049,fallow,2006,2006-10-06,2006-10-11,189593.55287083783,0.25,1.056932319443149e-13,0.0,0.0,0.0,1.0,0.13,0.0,0.0,14.158059828663305,0.0,0.0,0.0,0.0,0.0,0.005679887613347235,0.0,0.0,14.158059828663305,0.0,0.0,404.13512986481993,390.10139014854326,1.9095836023552692e-14,unvalidated-engineering-priors,fixed independent scenario factor; no N cycle,,,,right_censored,BBCH89_full_ripeness,,,
5,ag_059_049,wheat,2007,2006-10-12,2007-06-10,189593.55287083783,0.25,1.794120407794253e-13,1.623590151211829e-12,0.0,0.0,0.04267140235271844,131.05,75.0,0.0,174.83287393192296,149.30640694920737,13.905966465277412,0.0,0.0,0.0,0.310904162656565,75.0,0.0,338.04524734640773,2712.310333226042,8074.221778894624,390.10139014854326,257.7952386394792,-2.0949908474676704e-13,unvalidated-engineering-priors,fixed independent scenario factor; no N cycle,2007-04-27,2007-06-05,2007-06-05,full_ripeness,BBCH89_full_ripeness,2006-10-13,seed_layer_available_water,50.0
5,ag_059_049,fallow,2007,2007-06-11,2007-06-14,189593.55287083783,0.25,8.837375276016246e-14,0.0,0.0,0.0,1.0,2.13,0.0,0.0,2.1402901046510237,0.0,0.0,0.0,0.0,0.0,0.0001201593071798895,0.0,0.0,2.1402901046510237,0.0,0.0,257.7952386394792,257.784828375521,-1.0852430065710905e-14,unvalidated-engineering-priors,fixed independent scenario factor; no N cycle,,,,right_censored,BBCH89_full_ripeness,,,
5,ag_059_049,maize,2007,2007-06-15,2007-10-05,189593.55287083783,0.25,2.3314683517128287e-13,2.5295321393059567e-12,1.4210854715202004e-14,0.0,0.03354275471250856,357.53,20.0,0.0,20.380305581607143,165.1056408671689,69.2050745675919,0.0,0.0,0.0,0.0034989616993781085,20.0,0.0,254.69102101636793,8621.296561501247,17234.048980556276,257.784828375521,380.6203083974531,6.146194664324867e-13,unvalidated-engineering-priors,fixed independent scenario factor; no N cycle,2007-08-11,2007-09-25,2007-09-25,physiological_maturity,R6_physiological_maturity,2007-06-16,seed_layer_available_water,50.0
5,ag_059_049,fallow,2007,2007-10-06,2007-10-11,189593.55287083783,0.25,4.5075054799781356e-14,0.0,0.0,0.0,1.0,6.4,0.0,0.0,11.2588991,0.0,0.0,0.0,0.0,0.0,0.0002489467350445131,0.0,0.0,11.2588991,0.0,0.0,380.6203083974531,375.7611603507181,-8.626432901337466e-14,unvalidated-engineering-priors,fixed independent scenario factor; no N cycle,,,,right_censored,BBCH89_full_ripeness,,,
5,ag_059_049,wheat,2008,2007-10-12,2008-06-10,189593.55287083783,0.25,2.0605739337042905e-13,1.2931877790833823e-12,0.0,0.0,0.04267140235271844,144.46,75.0,0.0,202.13416147741165,103.43858381542194,22.128678836987056,0.0,0.0,0.0,0.03901714572987631,75.0,0.0,327.7014241298206,2695.568176819319,6374.230197563812,375.7611603507181,267.48071907516714,4.55052662218236e-13,unvalidated-engineering-priors,fixed independent scenario factor; no N cycle,2008-04-25,2008-06-04,2008-06-04,full_ripeness,BBCH89_full_ripeness,2007-10-12,seed_layer_available_water,50.0
5,ag_059_049,fallow,2008,2008-06-11,2008-06-14,189593.55287083783,0.25,6.55586696041155e-14,0.0,0.0,0.0,1.0,4.609999999999999,0.0,0.0,4.227829388765606,0.0,0.0,0.0,0.0,0.0,0.00010794345970293207,0.0,0.0,4.227829388765606,0.0,0.0,267.48071907516714,267.8627817429418,1.4654943925052066e-14,unvalidated-engineering-priors,fixed independent scenario factor; no N cycle,,,,right_censored,BBCH89_full_ripeness,,,
5,ag_059_049,maize,2008,2008-06-15,2008-10-05,189593.55287083783,0.25,2.76667577736589e-13,4.177991286269389e-12,0.0,0.0,0.03354275471250856,399.8,20.0,0.0,18.979928532720194,192.63561132321158,78.60761950306976,0.0,0.0,0.0,0.016041836117723352,20.0,0.0,290.22315935900156,9213.02779454189,17713.842548051063,267.8627817429418,397.4235805478225,6.461498003318411e-14,unvalidated-engineering-priors,fixed independent scenario factor; no N cycle,2008-08-11,2008-09-26,2008-09-26,physiological_maturity,R6_physiological_maturity,2008-06-16,seed_layer_available_water,50.0
5,ag_059_049,fallow,2008,2008-10-06,2008-10-11,189593.55287083783,0.25,7.416289804496046e-14,0.0,0.0,0.0,1.0,0.66,0.0,0.0,15.785328253263794,0.0,0.0,0.0,0.0,0.0,0.001042972888212712,0.0,0.0,15.785328253263794,0.0,0.0,397.4235805478225,382.29720932167066,-1.7497114868092467e-13,unvalidated-engineering-priors,fixed independent scenario factor; no N cycle,,,,right_censored,BBCH89_full_ripeness,,,
5,ag_059_049,wheat,2009,2008-10-12,2009-06-10,189593.55287083783,0.25,2.1938006966593093e-13,1.6413537196058314e-12,0.0,0.0,0.04267140235271844,126.13,75.0,0.0,177.12308540869117,114.2975935437564,16.86482473732197,0.0,0.0,0.0,0.0986716978804094,75.0,0.0,308.28550368976954,2677.1298312721005,6601.011364630389,382.29720932167066,275.0430339340205,1.9990953337156725e-13,unvalidated-engineering-priors,fixed independent scenario factor; no N cycle,2009-04-24,2009-06-01,2009-06-01,full_ripeness,BBCH89_full_ripeness,2008-10-12,seed_layer_available_water,50.0
5,ag_059_049,fallow,2009,2009-06-11,2009-06-14,189593.55287083783,0.25,1.0480505352461478e-13,0.0,0.0,0.0,1.0,2.24,0.0,0.0,2.243617425370013,0.0,0.0,0.0,0.0,0.0,0.00017424279640121707,0.0,0.0,2.243617425370013,0.0,0.0,275.0430339340205,275.0392422658542,-1.2773115898312426e-13,unvalidated-engineering-priors,fixed independent scenario factor; no N cycle,,,,right_censored,BBCH89_full_ripeness,,,
5,ag_059_049,maize,2009,2009-06-15,2009-10-05,189593.55287083783,0.25,1.7608137170554983e-13,2.1032064978498966e-12,0.0,0.0,0.03354275471250856,328.75,20.0,0.0,23.71864607479768,165.7763459008898,57.281107938876474,0.0,0.0,0.0,0.004603808995128551,20.0,0.0,246.77609991456393,7916.053129293166,15803.92755380311,275.0392422658542,377.00853854229604,-8.778533455711113e-13,unvalidated-engineering-priors,fixed independent scenario factor; no N cycle,2009-08-12,2009-10-01,2009-10-01,physiological_maturity,R6_physiological_maturity,2009-06-16,seed_layer_available_water,50.0
5,ag_059_049,fallow,2009,2009-10-06,2009-10-11,189593.55287083783,0.25,1.1102230246251565e-13,0.0,0.0,0.0,1.0,3.01,0.0,0.0,14.082636278863584,0.0,0.0,0.0,0.0,0.0,0.0003985811076722122,0.0,0.0,14.082636278863584,0.0,0.0,377.00853854229604,365.9355036823249,-1.247890679678676e-13,unvalidated-engineering-priors,fixed independent scenario factor; no N cycle,,,,right_censored,BBCH89_full_ripeness,,,
5,ag_059_049,wheat,2010,2009-10-12,2010-06-10,189593.55287083783,0.25,1.3744561044859438e-13,1.1652900866465643e-12,0.0,0.0,0.04267140235271844,96.35,75.0,0.0,171.75732278038103,88.13419346795038,17.580674876393545,0.0,0.0,0.0,0.047959431143898286,75.0,0.0,277.47219112472493,1261.1992049056053,4270.695386250679,365.9355036823249,259.7653531264567,-6.541156505335266e-13,unvalidated-engineering-priors,fixed independent scenario factor; no N cycle,2010-05-09,,2010-06-10,cut_before_maturity,BBCH89_full_ripeness,2009-10-12,seed_layer_available_water,50.0
5,ag_059_049,fallow,2010,2010-06-11,2010-06-14,189593.55287083783,0.25,6.167288901792745e-14,0.0,0.0,0.0,1.0,0.0,0.0,0.0,1.0239087238768365,0.0,0.0,0.0,0.0,0.0,0.00013486477008944642,0.0,0.0,1.0239087238768365,0.0,0.0,259.7653531264567,258.74130953780985,-6.42264019745653e-14,unvalidated-engineering-priors,fixed independent scenario factor; no N cycle,,,,right_censored,BBCH89_full_ripeness,,,
5,ag_059_049,maize,2010,2010-06-15,2010-10-05,189593.55287083783,0.25,7.043254868221993e-13,2.2168933355715126e-12,0.0,0.0,0.03354275471250856,506.24,20.0,0.0,24.202527291090544,157.68385174745328,71.42911339662277,0.0,0.0,0.0,4.132006983029048,20.0,0.0,253.31549243516662,7592.687900881871,14414.409399918824,258.74130953780985,527.5338101196147,-5.112021916886533e-13,unvalidated-engineering-priors,fixed independent scenario factor; no N cycle,2010-08-11,2010-09-27,2010-09-27,physiological_maturity,R6_physiological_maturity,2010-06-16,seed_layer_available_water,50.0
5,ag_059_049,fallow,2010,2010-10-06,2010-10-11,189593.55287083783,0.25,9.947598300641403e-14,0.0,0.0,0.0,1.0,0.0,0.0,0.0,18.89619828586965,0.0,0.0,0.0,0.0,0.0,0.6499594084929905,0.0,0.0,18.89619828586965,0.0,0.0,527.5338101196147,507.987652425252,6.483702463810914e-14,unvalidated-engineering-priors,fixed independent scenario factor; no N cycle,,,,right_censored,BBCH89_full_ripeness,,,
5,ag_059_049,wheat,2011,2010-10-12,2011-06-10,189593.55287083783,0.25,1.7719159473017498e-13,2.2524204723595176e-12,0.0,0.0,0.04267140235271844,113.21000000000001,75.0,0.0,156.4594482346971,192.1954552335231,17.66901888242094,0.0,0.0,0.0,15.007525617516924,75.0,0.0,366.3239223506411,4774.672971463767,10728.619343415277,507.987652425252,314.8662044570937,2.435274204515281e-13,unvalidated-engineering-priors,fixed independent scenario factor; no N cycle,2011-04-28,2011-06-05,2011-06-05,full_ripeness,BBCH89_full_ripeness,2010-10-12,seed_layer_available_water,50.0
5,ag_059_049,fallow,2011,2011-06-11,2011-06-14,189593.55287083783,0.25,3.3861802251067274e-14,0.0,0.0,0.0,1.0,1.74,0.0,0.0,2.6035224509505865,0.0,0.0,0.0,0.0,0.0,0.001583372122441178,0.0,0.0,2.6035224509505865,0.0,0.0,314.8662044570937,314.00109863402076,-7.610578833805448e-14,unvalidated-engineering-priors,fixed independent scenario factor; no N cycle,,,,right_censored,BBCH89_full_ripeness,,,
5,ag_059_049,maize,2011,2011-06-15,2011-10-05,189593.55287083783,0.25,3.8058445284150366e-13,3.296918293926865e-12,0.0,0.0,0.03354275471250856,360.26,20.0,0.0,20.44003621284856,177.73011398545293,81.81579655229184,0.0,0.0,0.0,0.03392933996372641,20.0,0.0,279.98594675059337,9397.793449017134,17679.93924112431,314.00109863402076,414.2412225434649,-1.2174705688039467e-12,unvalidated-engineering-priors,fixed independent scenario factor; no N cycle,2011-08-11,2011-10-03,2011-10-03,physiological_maturity,R6_physiological_maturity,2011-06-16,seed_layer_available_water,50.0
5,ag_059_049,fallow,2011,2011-10-06,2011-10-11,189593.55287083783,0.25,4.263256414560601e-14,0.0,0.0,0.0,1.0,6.3999999999999995,0.0,0.0,15.640806615030776,0.0,0.0,0.0,0.0,0.0,0.002341063473656442,0.0,0.0,15.640806615030776,0.0,0.0,414.2412225434649,404.9980748649605,9.325873406851315e-15,unvalidated-engineering-priors,fixed independent scenario factor; no N cycle,,,,right_censored,BBCH89_full_ripeness,,,
5,ag_059_049,wheat,2012,2011-10-12,2012-06-10,189593.55287083783,0.25,3.1796787425264483e-13,1.3216094885137863e-12,0.0,0.0,0.04267140235271844,131.81,75.0,0.0,195.938130849015,133.27736676298707,18.169786721792264,0.0,0.0,0.0,0.2757360312390908,75.0,0.0,347.38528433379435,2868.470872376879,7712.475769309999,404.9980748649605,264.14705449992704,1.0297318553398327e-14,unvalidated-engineering-priors,fixed independent scenario factor; no N cycle,2012-05-01,2012-06-08,2012-06-08,full_ripeness,BBCH89_full_ripeness,2011-10-12,seed_layer_available_water,50.0
5,ag_059_049,fallow,2012,2012-06-11,2012-06-14,189593.55287083783,0.25,1.0091927293842673e-13,0.0,0.0,0.0,1.0,0.61,0.0,0.0,0.8651141654857867,0.0,0.0,0.0,0.0,0.0,0.0001965605900399443,0.0,0.0,0.8651141654857867,0.0,0.0,264.14705449992704,263.8917437738512,7.105427357601002e-15,unvalidated-engineering-priors,fixed independent scenario factor; no N cycle,,,,right_censored,BBCH89_full_ripeness,,,
5,ag_059_049,maize,2012,2012-06-15,2012-10-05,189593.55287083783,0.25,5.302425165609748e-13,2.8705926524708048e-12,0.0,0.0,0.03354275471250856,376.15,20.0,0.0,23.9910660485125,158.79850512145194,65.02160946609288,0.0,0.0,0.0,0.03325008857809592,20.0,0.0,247.81118063605732,7327.804005319271,14363.680392004684,263.8917437738512,412.19731304921544,3.503863865716994e-13,unvalidated-engineering-priors,fixed independent scenario factor; no N cycle,2012-08-11,2012-09-28,2012-09-28,physiological_maturity,R6_physiological_maturity,2012-06-16,seed_layer_available_water,50.0
5,ag_059_049,fallow,2012,2012-10-06,2012-10-11,189593.55287083783,0.25,9.459100169806334e-14,0.0,0.0,0.0,1.0,0.19,0.0,0.0,18.73915551634485,0.0,0.0,0.0,0.0,0.0,0.0023493350599475757,0.0,0.0,18.73915551634485,0.0,0.0,412.19731304921544,393.64580819781054,9.992007221626409e-14,unvalidated-engineering-priors,fixed independent scenario factor; no N cycle,,,,right_censored,BBCH89_full_ripeness,,,
5,ag_059_049,wheat,2013,2012-10-12,2013-06-10,189593.55287083783,0.25,1.9317880628477724e-13,1.0231815394945443e-12,0.0,0.0,0.04267140235271844,149.39000000000001,75.0,0.0,199.10604780064125,114.99485686956199,20.916661170105645,0.0,0.0,0.0,0.2207013610788276,75.0,0.0,335.01756584030886,2250.0813042266723,6130.2185049733,393.64580819781054,282.7975409964217,1.1842749003676545e-12,unvalidated-engineering-priors,fixed independent scenario factor; no N cycle,2013-05-04,,2013-06-10,cut_before_maturity,BBCH89_full_ripeness,2012-10-12,seed_layer_available_water,50.0
5,ag_059_049,fallow,2013,2013-06-11,2013-06-14,189593.55287083783,0.25,7.793765632868599e-14,0.0,0.0,0.0,1.0,0.01,0.0,0.0,10.286276776473763,0.0,0.0,0.0,0.0,0.0,0.0002315943757143161,0.0,0.0,10.286276776473763,0.0,0.0,282.7975409964217,272.52103262557216,3.574918139293004e-14,unvalidated-engineering-priors,fixed independent scenario factor; no N cycle,,,,right_censored,BBCH89_full_ripeness,,,
5,ag_059_049,maize,2013,2013-06-15,2013-10-05,189593.55287083783,0.25,5.46229728115577e-13,4.021671884402167e-12,0.0,0.0,0.03354275471250856,390.58,20.0,0.0,20.80460745349095,233.4089401709565,69.6934640417519,0.0,0.0,0.0,0.21533582337624177,20.0,0.0,323.90701166619937,8887.356347970279,17254.0659756366,272.52103262557216,358.97868513599633,2.522981823460668e-13,unvalidated-engineering-priors,fixed independent scenario factor; no N cycle,2013-08-11,2013-09-24,2013-09-24,physiological_maturity,R6_physiological_maturity,2013-06-16,seed_layer_available_water,50.0
5,ag_059_049,fallow,2013,2013-10-06,2013-10-11,189593.55287083783,0.25,8.681944052568724e-14,0.0,0.0,0.0,1.0,0.0,0.0,0.0,14.58415819744212,0.0,0.0,0.0,0.0,0.0,0.0009494572825226848,0.0,0.0,14.58415819744212,0.0,0.0,358.97868513599633,344.39357748127173,-4.773959005888173e-14,unvalidated-engineering-priors,fixed independent scenario factor; no N cycle,,,,right_censored,BBCH89_full_ripeness,,,
5,ag_059_049,wheat,2014,2013-10-12,2014-06-10,189593.55287083783,0.25,1.794120407794253e-13,1.3358203432289883e-12,0.0,0.0,0.04267140235271844,134.07999999999998,75.0,0.0,181.84618291592537,90.00654169132845,17.65193866474751,0.0,0.0,0.0,0.038837113683954184,75.0,0.0,289.5046632720013,2417.104462430191,5734.923559893759,344.39357748127173,263.9300770955858,6.569467192463208e-13,unvalidated-engineering-priors,fixed independent scenario factor; no N cycle,2014-04-19,2014-05-30,2014-05-30,full_ripeness,BBCH89_full_ripeness,2013-10-13,seed_layer_available_water,50.0
5,ag_059_049,fallow,2014,2014-06-11,2014-06-14,189593.55287083783,0.25,7.771561172376096e-14,0.0,0.0,0.0,1.0,4.640000000000001,0.0,0.0,4.565715403753733,0.0,0.0,0.0,0.0,0.0,9.575536847773768e-05,0.0,0.0,4.565715403753733,0.0,0.0,263.9300770955858,264.00426593646364,-7.677192215282957e-14,unvalidated-engineering-priors,fixed independent scenario factor; no N cycle,,,,right_censored,BBCH89_full_ripeness,,,
5,ag_059_049,maize,2014,2014-06-15,2014-10-05,189593.55287083783,0.25,3.566036355096003e-13,3.808509063674137e-12,0.0,0.0,0.03354275471250856,358.54,20.0,0.0,17.96992891563101,177.10208508995478,77.59794893379119,0.0,0.0,0.0,0.005523509250037948,20.0,0.0,272.669962939377,8382.91819035105,17763.117663967692,264.00426593646364,369.8687794878362,4.126976538287863e-13,unvalidated-engineering-priors,fixed independent scenario factor; no N cycle,2014-08-12,2014-09-28,2014-09-28,physiological_maturity,R6_physiological_maturity,2014-06-16,seed_layer_available_water,50.0
5,ag_059_049,fallow,2014,2014-10-06,2014-10-11,189593.55287083783,0.25,1.3344880755994382e-13,0.0,0.0,0.0,1.0,0.0,0.0,0.0,16.52421932001863,0.0,0.0,0.0,0.0,0.0,0.0001227004697265558,0.0,0.0,16.52421932001863,0.0,0.0,369.8687794878362,353.3444374673478,4.8405723873656825e-14,unvalidated-engineering-priors,fixed independent scenario factor; no N cycle,,,,right_censored,BBCH89_full_ripeness,,,
5,ag_059_049,wheat,2015,2014-10-12,2015-06-10,189593.55287083783,0.25,1.5265566588595902e-13,1.0942358130705543e-12,0.0,0.0,0.04267140235271844,119.92,75.0,0.0,180.59016084768191,93.9705466331713,20.896196078726415,0.0,0.0,0.0,0.01824381355222117,75.0,0.0,295.45690355957964,1966.5368375133241,5123.945760143354,353.3444374673478,252.78929009421594,1.4432899320127035e-14,unvalidated-engineering-priors,fixed independent scenario factor; no N cycle,2015-04-26,2015-06-03,2015-06-03,full_ripeness,BBCH89_full_ripeness,2014-10-12,seed_layer_available_water,50.0
5,ag_059_049,fallow,2015,2015-06-11,2015-06-14,189593.55287083783,0.25,3.7692071686024065e-14,0.0,0.0,0.0,1.0,0.01,0.0,0.0,0.7444938334413134,0.0,0.0,0.0,0.0,0.0,5.750270981924802e-05,0.0,0.0,0.7444938334413134,0.0,0.0,252.78929009421594,252.0547387580648,2.3842039453825237e-14,unvalidated-engineering-priors,fixed independent scenario factor; no N cycle,,,,right_censored,BBCH89_full_ripeness,,,
5,ag_059_049,maize,2015,2015-06-15,2015-10-05,189593.55287083783,0.25,1.7053025658242404e-13,1.9895196601282805e-12,0.0,0.0,0.03354275471250856,232.73000000000002,20.0,0.0,30.886917277882983,94.67671272702245,49.00348327744393,0.0,0.0,0.0,0.0011891177894729913,20.0,0.0,174.56711328234934,5596.299429432135,10991.795420420258,252.0547387580648,330.2164363579261,-1.446620601086579e-13,unvalidated-engineering-priors,fixed independent scenario factor; no N cycle,2015-08-12,2015-09-27,2015-09-27,physiological_maturity,R6_physiological_maturity,2015-06-16,seed_layer_available_water,50.0
5,ag_059_049,fallow,2015,2015-10-06,2015-10-11,189593.55287083783,0.25,8.837375276016246e-14,0.0,0.0,0.0,1.0,0.75,0.0,0.0,14.534385302257608,0.0,0.0,0.0,0.0,0.0,3.9350747389306965e-05,0.0,0.0,14.534385302257608,0.0,0.0,330.2164363579261,316.4320117049211,3.597122599785507e-14,unvalidated-engineering-priors,fixed independent scenario factor; no N cycle,,,,right_censored,BBCH89_full_ripeness,,,
5,ag_059_049,wheat,2016,2015-10-12,2016-06-10,189593.55287083783,0.25,1.7275070263167436e-13,6.536993168992922e-13,0.0,0.0,0.04267140235271844,171.81,75.0,0.0,216.26902092651966,70.43172801845921,11.722467636898495,0.0,0.0,0.0,0.004475200874496841,75.0,0.0,298.4232165818774,789.6508844059738,3172.108431448404,316.4320117049211,264.8143199221694,-1.6839307726002062e-13,unvalidated-engineering-priors,fixed independent scenario factor; no N cycle,2016-04-24,2016-05-31,2016-05-31,full_ripeness,BBCH89_full_ripeness,2015-10-13,seed_layer_available_water,50.0
5,ag_059_049,fallow,2016,2016-06-11,2016-06-14,189593.55287083783,0.25,7.238654120556021e-14,0.0,0.0,0.0,1.0,32.45,0.0,0.0,11.587730141049922,0.0,0.0,0.0,0.0,0.0,4.549740090641196e-05,0.0,0.0,11.587730141049922,0.0,0.0,264.8143199221694,285.67654428371867,-1.234568003383174e-13,unvalidated-engineering-priors,fixed independent scenario factor; no N cycle,,,,right_censored,BBCH89_full_ripeness,,,
5,ag_059_049,maize,2016,2016-06-15,2016-10-05,189593.55287083783,0.25,9.556799795973347e-13,2.1884716261411086e-12,0.0,0.0,0.03354275471250856,532.13,20.0,0.0,20.514715959175494,211.48371983798233,84.48574632560037,0.0,0.0,0.0,15.120658586117619,20.0,0.0,316.4841821227582,9077.801883939526,17146.260894741776,285.67654428371867,506.2017035748409,1.917022096620258e-12,unvalidated-engineering-priors,fixed independent scenario factor; no N cycle,2016-08-10,2016-09-22,2016-09-22,physiological_maturity,R6_physiological_maturity,2016-06-15,seed_layer_available_water,50.0
5,ag_059_049,fallow,2016,2016-10-06,2016-10-11,189593.55287083783,0.25,7.416289804496046e-14,0.0,0.0,0.0,1.0,6.17,0.0,0.0,16.231637498807014,0.0,0.0,0.0,0.0,0.0,0.5956720515881099,0.0,0.0,16.231637498807014,0.0,0.0,506.2017035748409,495.54439402444575,2.9753977059954195e-14,unvalidated-engineering-priors,fixed independent scenario factor; no N cycle,,,,right_censored,BBCH89_full_ripeness,,,
5,ag_059_049,wheat,2017,2016-10-12,2017-06-10,189593.55287083783,0.25,1.900701818158268e-13,3.410605131648481e-12,0.0,0.0,0.04267140235271844,174.55,75.0,0.0,212.44118677991455,210.91916865466047,32.59196515292315,0.0,0.0,0.0,13.728738638216122,75.0,0.0,455.95232058749815,5988.315915524984,14080.127129220722,495.54439402444575,275.4133347987307,7.486788966559743e-13,unvalidated-engineering-priors,fixed independent scenario factor; no N cycle,2017-04-24,2017-06-02,2017-06-02,full_ripeness,BBCH89_full_ripeness,2016-10-12,seed_layer_available_water,50.0
5,ag_059_049,fallow,2017,2017-06-11,2017-06-14,189593.55287083783,0.25,6.572520305780927e-14,0.0,0.0,0.0,1.0,25.59,0.0,0.0,11.86564008438053,0.0,0.0,0.0,0.0,0.0,0.00047223755666421833,0.0,0.0,11.86564008438053,0.0,0.0,275.4133347987307,289.1372224767936,-1.0219602941674566e-13,unvalidated-engineering-priors,fixed independent scenario factor; no N cycle,,,,right_censored,BBCH89_full_ripeness,,,
5,ag_059_049,maize,2017,2017-06-15,2017-10-05,189593.55287083783,0.25,2.5768276401549883e-13,3.268496584496461e-12,0.0,0.0,0.03354275471250856,288.55,20.0,0.0,22.913887093673882,166.39124242624945,79.06641128622691,0.0,0.0,0.0,0.008231600867425108,20.0,0.0,268.3715408061503,7821.516649941464,16204.54269624281,289.1372224767936,329.3074500697747,1.2616574451840279e-12,unvalidated-engineering-priors,fixed independent scenario factor; no N cycle,2017-08-11,2017-09-24,2017-09-24,physiological_maturity,R6_physiological_maturity,2017-06-15,seed_layer_available_water,50.0
5,ag_059_049,fallow,2017,2017-10-06,2017-10-11,189593.55287083783,0.25,8.970602038971265e-14,0.0,0.0,0.0,1.0,31.95,0.0,0.0,8.63260832,0.0,0.0,0.0,0.0,0.0,8.895685125465004e-05,0.0,0.0,8.63260832,0.0,0.0,329.3074500697747,352.6247527929233,1.4654943925052066e-13,unvalidated-engineering-priors,fixed independent scenario factor; no N cycle,,,,right_censored,BBCH89_full_ripeness,,,
5,ag_059_049,wheat,2018,2017-10-12,2018-06-10,189593.55287083783,0.25,1.705857677336553e-13,1.4068746168049984e-12,0.0,0.0,0.04267140235271844,180.79,75.0,0.0,216.94847282582853,93.12395737023175,10.12144241224577,0.0,0.0,0.0,0.010130463786968575,75.0,0.0,320.19387260830604,1991.3980033158737,5022.380280579338,352.6247527929233,288.2107497208317,-1.4468704012671196e-12,unvalidated-engineering-priors,fixed independent scenario factor; no N cycle,2018-04-25,2018-06-02,2018-06-02,full_ripeness,BBCH89_full_ripeness,2017-10-12,seed_layer_available_water,50.0
5,ag_059_049,fallow,2018,2018-06-11,2018-06-14,189593.55287083783,0.25,9.14823772291129e-14,0.0,0.0,0.0,1.0,0.2,0.0,0.0,7.782537064903405,0.0,0.0,0.0,0.0,0.0,9.813566320310567e-05,0.0,0.0,7.782537064903405,0.0,0.0,288.2107497208317,280.62811452026506,3.4861002973229915e-14,unvalidated-engineering-priors,fixed independent scenario factor; no N cycle,,,,right_censored,BBCH89_full_ripeness,,,
5,ag_059_049,maize,2018,2018-06-15,2018-10-05,189593.55287083783,0.25,1.7408297026122455e-13,2.2453150450019166e-12,0.0,0.0,0.03354275471250856,331.67,20.0,0.0,24.63737987612026,157.31715711603422,67.14771035404556,0.0,0.0,0.0,0.006480199599085196,20.0,0.0,249.10224734620004,6961.535530519613,13734.560358962639,280.62811452026506,383.1893869744673,-1.391275983309015e-12,unvalidated-engineering-priors,fixed independent scenario factor; no N cycle,2018-08-10,2018-09-22,2018-09-22,physiological_maturity,R6_physiological_maturity,2018-06-16,seed_layer_available_water,50.0
5,ag_059_049,fallow,2018,2018-10-06,2018-10-11,189593.55287083783,0.25,9.836575998178887e-14,0.0,0.0,0.0,1.0,0.38,0.0,0.0,16.062092490625027,0.0,0.0,0.0,0.0,0.0,0.0005031817910525203,0.0,0.0,16.062092490625027,0.0,0.0,383.1893869744673,367.5067913020512,5.329070518200751e-15,unvalidated-engineering-priors,fixed independent scenario factor; no N cycle,,,,right_censored,BBCH89_full_ripeness,,,
5,ag_059_049,wheat,2019,2018-10-12,2019-06-10,189593.55287083783,0.25,1.4299672557172016e-13,9.272582701669307e-13,0.0,0.0,0.04267140235271844,110.45,75.0,0.0,170.5740980906187,104.13379245856902,18.085377360897485,0.0,0.0,0.0,0.05284136750384297,75.0,0.0,292.7932679100852,2229.595996009968,6019.262701735479,367.5067913020512,260.1106820244631,-8.974487819557453e-13,unvalidated-engineering-priors,fixed independent scenario factor; no N cycle,2019-04-25,2019-06-06,2019-06-06,full_ripeness,BBCH89_full_ripeness,2018-10-12,seed_layer_available_water,50.0
5,ag_059_049,fallow,2019,2019-06-11,2019-06-14,189593.55287083783,0.25,3.8469227803261674e-14,0.0,0.0,0.0,1.0,0.12,0.0,0.0,1.8975094583469443,0.0,0.0,0.0,0.0,0.0,8.543742857457652e-05,0.0,0.0,1.8975094583469443,0.0,0.0,260.1106820244631,258.3330871286875,4.546363285840016e-14,unvalidated-engineering-priors,fixed independent scenario factor; no N cycle,,,,right_censored,BBCH89_full_ripeness,,,
5,ag_059_049,maize,2019,2019-06-15,2019-10-05,189593.55287083783,0.25,1.7119639039719914e-13,1.8189894035458565e-12,0.0,0.0,0.03354275471250856,288.04,20.0,0.0,31.652918018178962,103.29458693008367,45.91275765438674,0.0,0.0,0.0,0.005864062073203176,20.0,0.0,180.86026260264936,5257.39871767353,10075.785922943744,258.3330871286875,385.506960463965,-6.722400414105323e-14,unvalidated-engineering-priors,fixed independent scenario factor; no N cycle,2019-08-12,2019-09-26,2019-09-26,physiological_maturity,R6_physiological_maturity,2019-06-16,seed_layer_available_water,50.0
5,ag_059_049,fallow,2019,2019-10-06,2019-10-11,189593.55287083783,0.25,1.092459456231154e-13,0.0,0.0,0.0,1.0,14.680000000000001,0.0,0.0,13.4540984,0.0,0.0,0.0,0.0,0.0,0.0007125992774535601,0.0,0.0,13.4540984,0.0,0.0,385.506960463965,386.73214946468795,-3.879119248040297e-13,unvalidated-engineering-priors,fixed independent scenario factor; no N cycle,,,,right_censored,BBCH89_full_ripeness,,,
5,ag_059_049,wheat,2020,2019-10-12,2020-06-10,189593.55287083783,0.25,1.7785772854495008e-13,1.1368683772161603e-12,0.0,0.0,0.04267140235271844,129.73,75.0,0.0,187.0237512494773,123.10277157562872,22.8203280842895,0.0,0.0,0.0,0.0789426066882129,75.0,0.0,332.94685090939555,2788.0654521601664,7050.815820810052,386.73214946468795,258.43635594860314,1.0715317522169698e-12,unvalidated-engineering-priors,fixed independent scenario factor; no N cycle,2020-04-24,2020-06-02,2020-06-02,full_ripeness,BBCH89_full_ripeness,2019-10-12,seed_layer_available_water,50.0
5,ag_059_049,fallow,2020,2020-06-11,2020-06-14,189593.55287083783,0.25,6.245004513516506e-14,0.0,0.0,0.0,1.0,0.62,0.0,0.0,0.9737026095293031,0.0,0.0,0.0,0.0,0.0,8.537579172312207e-05,0.0,0.0,0.9737026095293031,0.0,0.0,258.43635594860314,258.0825679632821,2.2093438190040615e-14,unvalidated-engineering-priors,fixed independent scenario factor; no N cycle,,,,right_censored,BBCH89_full_ripeness,,,
5,ag_059_049,maize,2020,2020-06-15,2020-10-05,189593.55287083783,0.25,4.867217739956686e-13,2.9842794901924208e-12,0.0,0.0,0.03354275471250856,360.82,20.0,0.0,21.96280251995939,167.80764113800532,63.18398154622756,0.0,0.0,0.0,0.04775100730502651,20.0,0.0,252.9544252041923,7862.879770455642,14814.034084516219,258.0825679632821,385.9003917517836,1.1635692409583953e-12,unvalidated-engineering-priors,fixed independent scenario factor; no N cycle,2020-08-12,2020-09-25,2020-09-25,physiological_maturity,R6_physiological_maturity,2020-06-16,seed_layer_available_water,50.0
5,ag_059_049,fallow,2020,2020-10-06,2020-10-11,189593.55287083783,0.25,7.283063041541027e-14,0.0,0.0,0.0,1.0,1.78,0.0,0.0,12.991144728076424,0.0,0.0,0.0,0.0,0.0,0.002310480960577638,0.0,0.0,12.991144728076424,0.0,0.0,385.9003917517836,374.6869365427467,-9.348077867343818e-14,unvalidated-engineering-priors,fixed independent scenario factor; no N cycle,,,,right_censored,BBCH89_full_ripeness,,,
5,ag_059_049,wheat,2021,2020-10-12,2021-06-10,189593.55287083783,0.25,1.765254609153999e-13,1.4210854715202004e-12,0.0,0.0,0.04267140235271844,127.95,75.0,0.0,179.16033964824004,116.50884252478338,23.079834558653754,0.0,0.0,0.0,0.12197640697241782,75.0,0.0,318.74901673167716,2189.0396606007052,6545.02484778078,374.6869365427467,258.7659434040976,-4.724276525536197e-13,unvalidated-engineering-priors,fixed independent scenario factor; no N cycle,2021-04-21,2021-05-30,2021-05-30,full_ripeness,BBCH89_full_ripeness,2020-10-12,seed_layer_available_water,50.0
5,ag_059_049,fallow,2021,2021-06-11,2021-06-14,189593.55287083783,0.25,8.570921750106208e-14,0.0,0.0,0.0,1.0,12.2,0.0,0.0,6.021090070963207,0.0,0.0,0.0,0.0,0.0,0.00011521009189738387,0.0,0.0,6.021090070963207,0.0,0.0,258.7659434040976,264.94473812304255,-7.638334409421077e-14,unvalidated-engineering-priors,fixed independent scenario factor; no N cycle,,,,right_censored,BBCH89_full_ripeness,,,
5,ag_059_049,maize,2021,2021-06-15,2021-10-05,189593.55287083783,0.25,8.22453216642316e-13,3.353761712787673e-12,0.0,0.0,0.03354275471250856,671.15,20.0,0.0,21.999713792356374,138.2379864506514,86.51400807140048,0.0,0.0,0.0,12.190746531125757,20.0,0.0,246.75170831440826,7450.523375673226,14706.168071051707,264.94473812304255,697.152283277509,-4.750644322371045e-13,unvalidated-engineering-priors,fixed independent scenario factor; no N cycle,2021-08-10,2021-09-23,2021-09-23,physiological_maturity,R6_physiological_maturity,2021-06-15,seed_layer_available_water,50.0
5,ag_059_049,fallow,2021,2021-10-06,2021-10-11,189593.55287083783,0.25,1.9451107391432743e-13,0.0,0.0,0.0,1.0,28.42,0.0,0.0,11.599126830000003,0.0,0.0,0.0,0.0,0.0,21.763331271353486,0.0,0.0,11.599126830000003,0.0,0.0,697.152283277509,692.2098251761552,3.632649736573512e-13,unvalidated-engineering-priors,fixed independent scenario factor; no N cycle,,,,right_censored,BBCH89_full_ripeness,,,
5,ag_059_049,wheat,2022,2021-10-12,2022-06-10,189593.55287083783,0.25,4.0389913635863195e-13,3.0375701953744283e-12,0.0,0.0,0.04267140235271844,98.71,75.0,0.0,182.94945027251154,257.84246541809136,23.571195116051644,0.0,0.0,0.0,122.92180572842871,75.0,0.0,464.36311080665456,6535.888217256962,15581.768836138726,692.2098251761552,278.63490864107064,1.2654877146189847e-12,unvalidated-engineering-priors,fixed independent scenario factor; no N cycle,2022-04-22,2022-06-05,2022-06-05,full_ripeness,BBCH89_full_ripeness,2021-10-12,seed_layer_available_water,50.0
5,ag_059_049,fallow,2022,2022-06-11,2022-06-14,189593.55287083783,0.25,5.4289905904170155e-14,0.0,0.0,0.0,1.0,2.14,0.0,0.0,3.43120128047778,0.0,0.0,0.0,0.0,0.0,0.0005142535374327545,0.0,0.0,3.43120128047778,0.0,0.0,278.63490864107064,277.34319310705536,6.905587213168474e-14,unvalidated-engineering-priors,fixed independent scenario factor; no N cycle,,,,right_censored,BBCH89_full_ripeness,,,
5,ag_059_049,maize,2022,2022-06-15,2022-10-05,189593.55287083783,0.25,6.643574579356937e-13,2.5579538487363607e-12,0.0,0.0,0.03354275471250856,510.83,20.0,0.0,20.421919115453033,240.94770304751438,61.151183764886554,0.0,0.0,0.0,0.7033584582378679,20.0,0.0,322.520805927854,9449.096449887285,17522.1933416134,277.34319310705536,484.9490287209653,-1.802114013571554e-12,unvalidated-engineering-priors,fixed independent scenario factor; no N cycle,2022-08-12,2022-09-26,2022-09-26,physiological_maturity,R6_physiological_maturity,2022-06-16,seed_layer_available_water,50.0
5,ag_059_049,fallow,2022,2022-10-06,2022-10-11,189593.55287083783,0.25,6.794564910705958e-14,0.0,0.0,0.0,1.0,0.03,0.0,0.0,18.98669465273688,0.0,0.0,0.0,0.0,0.0,0.015748403503479988,0.0,0.0,18.98669465273688,0.0,0.0,484.9490287209653,465.97658566472495,5.10702591327572e-15,unvalidated-engineering-priors,fixed independent scenario factor; no N cycle,,,,right_censored,BBCH89_full_ripeness,,,
5,ag_059_049,wheat,2023,2022-10-12,2023-06-10,189593.55287083783,0.25,1.8474111129762605e-13,2.1032064978498966e-12,0.0,0.0,0.04267140235271844,152.5,75.0,0.0,198.9827743397085,178.59295242659235,24.445078498849018,0.0,0.0,0.0,2.1995095939134206,75.0,0.0,402.0208052651499,4700.593394105433,11295.639937127424,465.97658566472495,289.25627080566176,-8.110179194886769e-14,unvalidated-engineering-priors,fixed independent scenario factor; no N cycle,2023-04-19,2023-05-30,2023-05-30,full_ripeness,BBCH89_full_ripeness,2022-10-12,seed_layer_available_water,50.0
5,ag_059_049,fallow,2023,2023-06-11,2023-06-14,189593.55287083783,0.25,3.5083047578154947e-14,0.0,0.0,0.0,1.0,0.76,0.0,0.0,1.6844916612758627,0.0,0.0,0.0,0.0,0.0,0.0006742684133214662,0.0,0.0,1.6844916612758627,0.0,0.0,289.25627080566176,288.3311048759726,-1.2545520178264269e-14,unvalidated-engineering-priors,fixed independent scenario factor; no N cycle,,,,right_censored,BBCH89_full_ripeness,,,
5,ag_059_049,maize,2023,2023-06-15,2023-10-05,189593.55287083783,0.25,5.799805080641818e-13,2.8137492336099967e-12,0.0,0.0,0.03354275471250856,408.24,20.0,0.0,23.93745756722556,189.46885344034055,69.9104155813049,0.0,0.0,0.0,0.0348231961356206,20.0,0.0,283.316726588871,8517.718609056223,17089.112697748016,288.3311048759726,433.2195550909661,-1.333377852574813e-13,unvalidated-engineering-priors,fixed independent scenario factor; no N cycle,2023-08-12,2023-09-24,2023-09-24,physiological_maturity,R6_physiological_maturity,2023-06-16,seed_layer_available_water,50.0
5,ag_059_049,fallow,2023,2023-10-06,2023-10-11,189593.55287083783,0.25,8.304468224196171e-14,0.0,0.0,0.0,1.0,0.14,0.0,0.0,15.363453976494942,0.0,0.0,0.0,0.0,0.0,0.005579001012438001,0.0,0.0,15.363453976494942,0.0,0.0,433.2195550909661,417.99052211345884,-1.341149413747189e-13,unvalidated-engineering-priors,fixed independent scenario factor; no N cycle,,,,right_censored,BBCH89_full_ripeness,,,
5,ag_059_049,wheat,2024,2023-10-12,2024-06-10,189593.55287083783,0.25,1.5720758028692217e-13,1.9042545318370685e-12,0.0,0.0,0.04267140235271844,89.02,75.0,0.0,160.79797899615252,141.91982703396113,16.212749896747155,0.0,0.0,0.0,0.540287851964933,75.0,0.0,318.9305559268608,2757.3990936278196,7484.851523774908,417.99052211345884,262.5396783346332,-1.2601031329495527e-13,unvalidated-engineering-priors,fixed independent scenario factor; no N cycle,2024-04-23,2024-06-02,2024-06-02,full_ripeness,BBCH89_full_ripeness,2023-10-12,seed_layer_available_water,50.0
5,ag_059_049,fallow,2024,2024-06-11,2024-06-14,189593.55287083783,0.25,7.038813976123492e-14,0.0,0.0,0.0,1.0,1.2,0.0,0.0,1.3169051830362668,0.0,0.0,0.0,0.0,0.0,0.00022502464502196435,0.0,0.0,1.3169051830362668,0.0,0.0,262.5396783346332,262.42254812695194,-1.7957857423311907e-14,unvalidated-engineering-priors,fixed independent scenario factor; no N cycle,,,,right_censored,BBCH89_full_ripeness,,,
5,ag_059_049,maize,2024,2024-06-15,2024-10-05,189593.55287083783,0.25,4.884981308350689e-13,3.495870259939693e-12,0.0,0.0,0.03354275471250856,403.69,20.0,0.0,25.23873327426669,158.57967829728904,72.8447207592204,0.0,0.0,0.0,0.014574345227106439,20.0,0.0,256.66313233077614,7231.292675654387,13907.714361479048,262.42254812695194,429.4348414509481,5.739853037312059e-13,unvalidated-engineering-priors,fixed independent scenario factor; no N cycle,2024-08-10,2024-09-22,2024-09-22,physiological_maturity,R6_physiological_maturity,2024-06-16,seed_layer_available_water,50.0
5,ag_059_049,fallow,2024,2024-10-06,2024-10-11,189593.55287083783,0.25,5.1958437552457326e-14,0.0,0.0,0.0,1.0,0.85,0.0,0.0,16.88213898356843,0.0,0.0,0.0,0.0,0.0,0.0020517228876500778,0.0,0.0,16.88213898356843,0.0,0.0,429.4348414509481,413.40065074449205,-2.4424906541753444e-14,unvalidated-engineering-priors,fixed independent scenario factor; no N cycle,,,,right_censored,BBCH89_full_ripeness,,,
5,ag_059_049,wheat,2025,2024-10-12,2025-06-10,189593.55287083783,0.25,1.4077627952246985e-13,1.5631940186722204e-12,0.0,0.0,0.04267140235271844,138.98,75.0,0.0,205.4271723525776,139.0979421610876,16.772376554721944,0.0,0.0,0.0,0.3454203188642072,75.0,0.0,361.29749106838716,2839.1686865176252,7064.417833732335,413.40065074449205,265.73773935724023,4.59243754136196e-13,unvalidated-engineering-priors,fixed independent scenario factor; no N cycle,2025-04-21,2025-05-30,2025-05-30,full_ripeness,BBCH89_full_ripeness,2024-10-12,seed_layer_available_water,50.0
5,ag_059_049,fallow,2025,2025-06-11,2025-06-14,189593.55287083783,0.25,8.171241461241152e-14,0.0,0.0,0.0,1.0,11.32,0.0,0.0,3.800905225538361,0.0,0.0,0.0,0.0,0.0,0.00018776535648582665,0.0,0.0,3.800905225538361,0.0,0.0,265.73773935724023,273.25664636634536,1.9290125052862095e-14,unvalidated-engineering-priors,fixed independent scenario factor; no N cycle,,,,right_censored,BBCH89_full_ripeness,,,
5,ag_059_049,maize,2025,2025-06-15,2025-10-05,189593.55287083783,0.25,1.603162047558726e-13,2.5011104298755527e-12,0.0,0.0,0.03354275471250856,311.75,20.0,0.0,22.386131318655654,140.25573594384085,85.55857299429671,0.0,0.0,0.0,0.003319796487118157,20.0,0.0,248.20044025679323,6953.53060373782,15212.742035811538,273.25664636634536,356.80288631306564,-6.169509347841995e-13,unvalidated-engineering-priors,fixed independent scenario factor; no N cycle,2025-08-09,2025-09-20,2025-09-20,physiological_maturity,R6_physiological_maturity,2025-06-15,seed_layer_available_water,50.0
5,ag_059_049,fallow,1996,1996-01-01,1996-10-11,189593.55287083783,0.5,3.2507330161024584e-13,0.0,0.0,0.0,1.0,753.5600000000001,0.0,0.0,498.35760022062226,0.0,0.0,0.0,0.0,0.0,149.7939503379392,0.0,0.0,498.35760022062226,0.0,0.0,443.9393921932174,549.3478416346567,-7.857048345272233e-13,unvalidated-engineering-priors,fixed independent scenario factor; no N cycle,,,,right_censored,BBCH89_full_ripeness,,,
5,ag_059_049,wheat,1997,1996-10-12,1997-06-10,189593.55287083783,0.5,4.205524817280093e-13,3.808509063674137e-12,0.0,0.0,0.04267140235271844,112.39,150.0,0.0,168.74181922295082,272.9089793707397,23.742626427265407,0.0,0.0,0.0,38.583837310291955,150.0,0.0,465.39342502095593,8808.6670931413,19724.03735089939,549.3478416346567,307.760579303408,7.933653733971369e-13,unvalidated-engineering-priors,fixed independent scenario factor; no N cycle,1997-04-29,1997-06-04,1997-06-04,full_ripeness,BBCH89_full_ripeness,1996-10-12,seed_layer_available_water,50.0
5,ag_059_049,fallow,1997,1997-06-11,1997-06-14,189593.55287083783,0.5,3.68594044175552e-14,0.0,0.0,0.0,1.0,2.08,0.0,0.0,3.0965533990811904,0.0,0.0,0.0,0.0,0.0,0.0011963750990723046,0.0,0.0,3.0965533990811904,0.0,0.0,307.760579303408,306.7428295292278,-3.1308289294429414e-14,unvalidated-engineering-priors,fixed independent scenario factor; no N cycle,,,,right_censored,BBCH89_full_ripeness,,,
5,ag_059_049,maize,1997,1997-06-15,1997-10-05,189593.55287083783,0.5,1.6342482922482304e-13,2.1103119252074976e-12,0.0,0.0,0.03354275471250856,153.07,40.0,0.0,30.55367185463617,130.14493919987592,38.111989682515095,0.0,0.0,0.0,0.017634380585975277,40.0,0.0,198.8106007370272,6647.211806556491,14367.713060513368,306.7428295292278,300.9845944116142,4.226619054747971e-13,unvalidated-engineering-priors,fixed independent scenario factor; no N cycle,1997-08-12,1997-09-29,1997-09-29,physiological_maturity,R6_physiological_maturity,1997-06-16,seed_layer_available_water,50.0
5,ag_059_049,fallow,1997,1997-10-06,1997-10-11,189593.55287083783,0.5,8.348877145181177e-14,0.0,0.0,0.0,1.0,0.0,0.0,0.0,12.988733796367972,0.0,0.0,0.0,0.0,0.0,7.05969065150941e-05,0.0,0.0,12.988733796367972,0.0,0.0,300.9845944116142,287.9957900183396,7.638334409421077e-14,unvalidated-engineering-priors,fixed independent scenario factor; no N cycle,,,,right_censored,BBCH89_full_ripeness,,,
5,ag_059_049,wheat,1998,1997-10-12,1998-06-10,189593.55287083783,0.5,2.0605739337042905e-13,9.094947017729282e-13,0.0,0.0,0.04267140235271844,226.32,150.0,0.0,275.973099429178,69.52557315116486,27.74871558514377,0.0,0.0,0.0,0.0027485731259537308,150.0,0.0,373.2473881654866,2406.646289791382,5399.433201915164,287.9957900183396,291.065653279727,9.492406860545088e-14,unvalidated-engineering-priors,fixed independent scenario factor; no N cycle,1998-04-27,1998-06-04,1998-06-04,full_ripeness,BBCH89_full_ripeness,1997-10-13,seed_layer_available_water,50.0
5,ag_059_049,fallow,1998,1998-06-11,1998-06-14,189593.55287083783,0.5,5.417888360170764e-14,0.0,0.0,0.0,1.0,3.75,0.0,0.0,5.015202453754087,0.0,0.0,0.0,0.0,0.0,3.127212055863221e-05,0.0,0.0,5.015202453754087,0.0,0.0,291.065653279727,289.8004195538523,3.4861002973229915e-14,unvalidated-engineering-priors,fixed independent scenario factor; no N cycle,,,,right_censored,BBCH89_full_ripeness,,,
5,ag_059_049,maize,1998,1998-06-15,1998-10-05,189593.55287083783,0.5,9.903189379656396e-13,3.694822225952521e-12,0.0,0.0,0.03354275471250856,509.09,40.0,0.0,21.72050037545741,238.2155936287608,80.77783740901276,0.0,0.0,0.0,9.505994661152725,40.0,0.0,340.71393141323097,9528.782966692543,18157.20272359986,289.8004195538523,488.6704934794674,1.2161383011743965e-12,unvalidated-engineering-priors,fixed independent scenario factor; no N cycle,1998-08-11,1998-09-24,1998-09-24,physiological_maturity,R6_physiological_maturity,1998-06-16,seed_layer_available_water,50.0
5,ag_059_049,fallow,1998,1998-10-06,1998-10-11,189593.55287083783,0.5,1.1968204205459188e-13,0.0,0.0,0.0,1.0,1.9300000000000002,0.0,0.0,12.187054751827652,0.0,0.0,0.0,0.0,0.0,0.4422835337855667,0.0,0.0,12.187054751827652,0.0,0.0,488.6704934794674,477.97115519385403,1.3233858453531866e-13,unvalidated-engineering-priors,fixed independent scenario factor; no N cycle,,,,right_censored,BBCH89_full_ripeness,,,
5,ag_059_049,wheat,1999,1998-10-12,1999-06-10,189593.55287083783,0.5,1.6786572132332367e-13,2.4442670110147446e-12,0.0,0.0,0.04267140235271844,106.32,150.0,0.0,182.09892412295395,200.10232082906768,34.08793298192473,0.0,0.0,0.0,9.956166627435381,150.0,0.0,416.28917793394635,6070.037503046335,13935.29506317368,477.97115519385403,308.045810632471,1.3131162823754039e-12,unvalidated-engineering-priors,fixed independent scenario factor; no N cycle,1999-04-23,1999-05-31,1999-05-31,full_ripeness,BBCH89_full_ripeness,1998-10-12,seed_layer_available_water,50.0
5,ag_059_049,fallow,1999,1999-06-11,1999-06-14,189593.55287083783,0.5,2.8976820942716586e-14,0.0,0.0,0.0,1.0,10.5,0.0,0.0,4.811400049590529,0.0,0.0,0.0,0.0,0.0,0.0018660858496199037,0.0,0.0,4.811400049590529,0.0,0.0,308.045810632471,313.7325444970308,3.8691272408186705e-14,unvalidated-engineering-priors,fixed independent scenario factor; no N cycle,,,,right_censored,BBCH89_full_ripeness,,,
5,ag_059_049,maize,1999,1999-06-15,1999-10-05,189593.55287083783,0.5,4.0523140398818214e-13,3.950617610826157e-12,0.0,0.0,0.03354275471250856,268.34,40.0,0.0,19.363267011379488,185.37565531227818,78.36857256012334,0.0,0.0,0.0,0.030524706694477346,40.0,0.0,283.10749488378104,8736.037328493823,18156.878589234348,313.7325444970308,338.93452490655477,5.297984273511247e-13,unvalidated-engineering-priors,fixed independent scenario factor; no N cycle,1999-08-12,1999-09-26,1999-09-26,physiological_maturity,R6_physiological_maturity,1999-06-15,seed_layer_available_water,50.0
5,ag_059_049,fallow,1999,1999-10-06,1999-10-11,189593.55287083783,0.5,7.238654120556021e-14,0.0,0.0,0.0,1.0,0.21000000000000002,0.0,0.0,15.56961947786554,0.0,0.0,0.0,0.0,0.0,0.00011823677057555556,0.0,0.0,15.56961947786554,0.0,0.0,338.93452490655477,323.5747871919187,-3.419486915845482e-14,unvalidated-engineering-priors,fixed independent scenario factor; no N cycle,,,,right_censored,BBCH89_full_ripeness,,,
5,ag_059_049,wheat,2000,1999-10-12,2000-06-10,189593.55287083783,0.5,1.729727472365994e-13,1.1439738045737613e-12,0.0,0.0,0.04267140235271844,98.02,150.0,0.0,202.13833151784476,98.44867633752749,18.91848283688213,0.0,0.0,0.0,0.006490326327193375,150.0,0.0,319.5054906922544,1824.458431274947,5175.652725301607,323.5747871919187,252.08280617333648,6.19004847379756e-13,unvalidated-engineering-priors,fixed independent scenario factor; no N cycle,2000-04-25,2000-06-03,2000-06-03,full_ripeness,BBCH89_full_ripeness,1999-10-12,seed_layer_available_water,50.0
5,ag_059_049,fallow,2000,2000-06-11,2000-06-14,189593.55287083783,0.5,4.29101199017623e-14,0.0,0.0,0.0,1.0,2.0,0.0,0.0,2.416008085979125,0.0,0.0,0.0,0.0,0.0,4.276161488149629e-05,0.0,0.0,2.416008085979125,0.0,0.0,252.08280617333648,251.66675532574249,-1.2989609388114332e-14,unvalidated-engineering-priors,fixed independent scenario factor; no N cycle,,,,right_censored,BBCH89_full_ripeness,,,
5,ag_059_049,maize,2000,2000-06-15,2000-10-05,189593.55287083783,0.5,6.146194664324867e-13,3.183231456205249e-12,1.4210854715202004e-14,0.0,0.03354275471250856,563.03,40.0,0.0,19.34315375463632,213.40929385740262,82.88019307336752,0.0,0.0,0.0,5.453469101942616,40.0,0.0,315.63264068540644,9787.151982671514,18345.14957182048,251.66675532574249,533.6106455383874,5.97732974227938e-12,unvalidated-engineering-priors,fixed independent scenario factor; no N cycle,2000-08-11,2000-09-25,2000-09-25,physiological_maturity,R6_physiological_maturity,2000-06-16,seed_layer_available_water,50.0
5,ag_059_049,fallow,2000,2000-10-06,2000-10-11,189593.55287083783,0.5,8.482103908136196e-14,0.0,0.0,0.0,1.0,83.32,0.0,0.0,14.136945100000002,0.0,0.0,0.0,0.0,0.0,0.4403085680379769,0.0,0.0,14.136945100000002,0.0,0.0,533.6106455383874,602.3533918703495,-2.708944180085382e-14,unvalidated-engineering-priors,fixed independent scenario factor; no N cycle,,,,right_censored,BBCH89_full_ripeness,,,
5,ag_059_049,wheat,2001,2000-10-12,2001-06-10,189593.55287083783,0.5,4.241051954068098e-13,4.035882739117369e-12,0.0,0.0,0.04267140235271844,111.46000000000001,150.0,0.0,226.0794916004639,270.32122069512434,20.778399350192046,0.0,0.0,0.0,59.59803753040749,150.0,0.0,517.1791116457803,7595.636864192681,17515.755077572598,602.3533918703495,287.0362426941617,-2.9698465908722937e-15,unvalidated-engineering-priors,fixed independent scenario factor; no N cycle,2001-04-27,2001-06-08,2001-06-08,full_ripeness,BBCH89_full_ripeness,2000-10-12,seed_layer_available_water,50.0
5,ag_059_049,fallow,2001,2001-06-11,2001-06-14,189593.55287083783,0.5,1.0572098751993053e-13,0.0,0.0,0.0,1.0,0.22999999999999998,0.0,0.0,0.8378778373859763,0.0,0.0,0.0,0.0,0.0,0.0007604779984146429,0.0,0.0,0.8378778373859763,0.0,0.0,287.0362426941617,286.42760437877706,2.1907475833415901e-13,unvalidated-engineering-priors,fixed independent scenario factor; no N cycle,,,,right_censored,BBCH89_full_ripeness,,,
5,ag_059_049,maize,2001,2001-06-15,2001-10-05,189593.55287083783,0.5,5.853095785823825e-13,3.780087354243733e-12,0.0,0.0,0.03354275471250856,413.89,40.0,0.0,18.004161604697288,245.2978193645888,74.8299671994145,0.0,0.0,0.0,1.5004156059371434,40.0,0.0,338.1319481687006,10188.684318008536,19870.114196596336,286.42760437877706,400.6852406041427,-3.362587985833443e-12,unvalidated-engineering-priors,fixed independent scenario factor; no N cycle,2001-08-11,2001-09-26,2001-09-26,physiological_maturity,R6_physiological_maturity,2001-06-16,seed_layer_available_water,50.0
5,ag_059_049,fallow,2001,2001-10-06,2001-10-11,189593.55287083783,0.5,7.105427357601002e-14,0.0,0.0,0.0,1.0,3.73,0.0,0.0,13.843631485056568,0.0,0.0,0.0,0.0,0.0,0.014439105505810228,0.0,0.0,13.843631485056568,0.0,0.0,400.6852406041427,390.5571700135802,8.104628079763643e-14,unvalidated-engineering-priors,fixed independent scenario factor; no N cycle,,,,right_censored,BBCH89_full_ripeness,,,
5,ag_059_049,wheat,2002,2001-10-12,2002-06-10,189593.55287083783,0.5,1.5276668818842154e-13,1.9184653865522705e-12,0.0,0.0,0.04267140235271844,153.09,150.0,0.0,212.37453271467467,143.39226615076987,25.835212621143643,0.0,0.0,0.0,0.5196302967025451,150.0,0.0,381.6020114865882,4036.6999774419614,9613.195562857272,390.5571700135802,311.5255282302891,3.815003868368194e-13,unvalidated-engineering-priors,fixed independent scenario factor; no N cycle,2002-04-19,2002-05-29,2002-05-29,full_ripeness,BBCH89_full_ripeness,2001-10-12,seed_layer_available_water,50.0
5,ag_059_049,fallow,2002,2002-06-11,2002-06-14,189593.55287083783,0.5,1.0125233984581428e-13,0.0,0.0,0.0,1.0,1.6199999999999999,0.0,0.0,9.981610248291888,0.0,0.0,0.0,0.0,0.0,0.0004808017210192909,0.0,0.0,9.981610248291888,0.0,0.0,311.5255282302891,303.1634371802763,-5.717648576819556e-14,unvalidated-engineering-priors,fixed independent scenario factor; no N cycle,,,,right_censored,BBCH89_full_ripeness,,,
5,ag_059_049,maize,2002,2002-06-15,2002-10-05,189593.55287083783,0.5,3.1796787425264483e-13,4.959588295605499e-12,0.0,0.0,0.03354275471250856,215.73,40.0,0.0,21.518973213717576,180.02313462035963,65.49071595542098,0.0,0.0,0.0,0.008297592983635235,40.0,0.0,267.0328237894982,8895.003540560201,17944.30038656255,303.1634371802763,291.8523157977933,1.1269873922969964e-12,unvalidated-engineering-priors,fixed independent scenario factor; no N cycle,2002-08-12,2002-09-29,2002-09-29,physiological_maturity,R6_physiological_maturity,2002-06-16,seed_layer_available_water,50.0
5,ag_059_049,fallow,2002,2002-10-06,2002-10-11,189593.55287083783,0.5,3.907985046680551e-14,0.0,0.0,0.0,1.0,0.27,0.0,0.0,11.34504050917345,0.0,0.0,0.0,0.0,0.0,4.816248693161443e-05,0.0,0.0,11.34504050917345,0.0,0.0,291.8523157977933,280.7772271261329,2.8754776337791554e-14,unvalidated-engineering-priors,fixed independent scenario factor; no N cycle,,,,right_censored,BBCH89_full_ripeness,,,
5,ag_059_049,wheat,2003,2002-10-12,2003-06-10,189593.55287083783,0.5,9.886536034287019e-14,1.2079226507921703e-12,0.0,0.0,0.04267140235271844,190.25,150.0,0.0,246.8014764385553,91.46250145158771,22.140371609313295,0.0,0.0,0.0,0.0018814472574151567,150.0,0.0,360.4043494994563,2870.6069045779495,6732.831444382424,280.7772271261329,260.62099617941925,-6.504519145522636e-14,unvalidated-engineering-priors,fixed independent scenario factor; no N cycle,2003-05-02,2003-06-09,2003-06-09,full_ripeness,BBCH89_full_ripeness,2002-10-13,seed_layer_available_water,50.0
5,ag_059_049,fallow,2003,2003-06-11,2003-06-14,189593.55287083783,0.5,2.930988785010413e-14,0.0,0.0,0.0,1.0,5.52,0.0,0.0,7.1678252826650795,0.0,0.0,0.0,0.0,0.0,1.905811353979721e-05,0.0,0.0,7.1678252826650795,0.0,0.0,260.62099617941925,258.9731518386406,2.731148640577885e-14,unvalidated-engineering-priors,fixed independent scenario factor; no N cycle,,,,right_censored,BBCH89_full_ripeness,,,
5,ag_059_049,maize,2003,2003-06-15,2003-10-05,189593.55287083783,0.5,6.012967901369848e-13,2.5579538487363607e-12,0.0,0.0,0.03354275471250856,465.7,40.0,0.0,19.590045528362694,132.9146298471876,96.13537492463688,0.0,0.0,0.0,0.2586236640373283,40.0,0.0,248.64005030018717,8029.211621104354,15649.932019337895,258.9731518386406,515.7744778744147,1.3685719224554305e-12,unvalidated-engineering-priors,fixed independent scenario factor; no N cycle,2003-08-12,2003-10-01,2003-10-01,physiological_maturity,R6_physiological_maturity,2003-06-16,seed_layer_available_water,50.0
5,ag_059_049,fallow,2003,2003-10-06,2003-10-11,189593.55287083783,0.5,1.5898393712632242e-13,0.0,0.0,0.0,1.0,110.94,0.0,0.0,12.742236299999997,0.0,0.0,0.0,0.0,0.0,0.11431519753288746,0.0,0.0,12.742236299999997,0.0,0.0,515.7744778744147,613.857926376882,-1.5409895581797173e-13,unvalidated-engineering-priors,fixed independent scenario factor; no N cycle,,,,right_censored,BBCH89_full_ripeness,,,
5,ag_059_049,wheat,2004,2003-10-12,2004-06-10,189593.55287083783,0.5,3.0309088572266774e-13,3.0411229090532288e-12,0.0,0.0,0.04267140235271844,132.82,150.0,0.0,221.32700063233165,249.34325819453989,47.45638901881586,0.0,0.0,0.0,64.656945398836,150.0,0.0,518.1266478456874,8086.72768281704,18327.576055756705,613.857926376882,313.89433313235816,4.545253062815391e-13,unvalidated-engineering-priors,fixed independent scenario factor; no N cycle,2004-04-21,2004-05-29,2004-05-29,full_ripeness,BBCH89_full_ripeness,2003-10-12,seed_layer_available_water,50.0
5,ag_059_049,fallow,2004,2004-06-11,2004-06-14,189593.55287083783,0.5,8.715250743307479e-14,0.0,0.0,0.0,1.0,0.74,0.0,0.0,1.7355740192293094,0.0,0.0,0.0,0.0,0.0,0.002734434590522636,0.0,0.0,1.7355740192293094,0.0,0.0,313.89433313235816,312.8960246785383,1.3378187446733136e-14,unvalidated-engineering-priors,fixed independent scenario factor; no N cycle,,,,right_censored,BBCH89_full_ripeness,,,
5,ag_059_049,maize,2004,2004-06-15,2004-10-05,189593.55287083783,0.5,4.369837824924616e-13,5.4569682106375694e-12,0.0,0.0,0.03354275471250856,437.58,40.0,0.0,16.414774269161132,206.59507109157923,104.88876281218425,0.0,0.0,0.0,2.3644735825254046,40.0,0.0,327.8986081729246,9996.597505824097,18824.219462726265,312.8960246785383,460.2129429230886,-2.606248550307555e-13,unvalidated-engineering-priors,fixed independent scenario factor; no N cycle,2004-08-12,2004-09-29,2004-09-29,physiological_maturity,R6_physiological_maturity,2004-06-16,seed_layer_available_water,50.0
5,ag_059_049,fallow,2004,2004-10-06,2004-10-11,189593.55287083783,0.5,1.0702549957386509e-13,0.0,0.0,0.0,1.0,0.0,0.0,0.0,18.03333160515465,0.0,0.0,0.0,0.0,0.0,0.06419256986073793,0.0,0.0,18.03333160515465,0.0,0.0,460.2129429230886,442.1154187480733,-1.1013412404281553e-13,unvalidated-engineering-priors,fixed independent scenario factor; no N cycle,,,,right_censored,BBCH89_full_ripeness,,,
5,ag_059_049,wheat,2005,2004-10-12,2005-06-10,189593.55287083783,0.5,1.7896795156957523e-13,3.296918293926865e-12,0.0,0.0,0.04267140235271844,142.48,150.0,0.0,205.45202664640215,201.87077619927763,33.10778408317149,0.0,0.0,0.0,2.596846887140456,150.0,0.0,440.43058692885126,5719.473465559412,12664.26419757732,442.1154187480733,291.56798493208123,3.5041414214731503e-13,unvalidated-engineering-priors,fixed independent scenario factor; no N cycle,2005-05-01,2005-06-09,2005-06-09,full_ripeness,BBCH89_full_ripeness,2004-10-12,seed_layer_available_water,50.0
5,ag_059_049,fallow,2005,2005-06-11,2005-06-14,189593.55287083783,0.5,2.020605904817785e-14,0.0,0.0,0.0,1.0,4.21,0.0,0.0,4.877726596594208,0.0,0.0,0.0,0.0,0.0,0.0005084982511101138,0.0,0.0,4.877726596594208,0.0,0.0,291.56798493208123,290.8997498372359,1.1046719095020308e-14,unvalidated-engineering-priors,fixed independent scenario factor; no N cycle,,,,right_censored,BBCH89_full_ripeness,,,
5,ag_059_049,maize,2005,2005-06-15,2005-10-05,189593.55287083783,0.5,6.165068455743494e-13,4.220623850414995e-12,0.0,0.0,0.03354275471250856,471.05,40.0,0.0,20.7646895298339,239.0001412256661,71.77007332815074,0.0,0.0,0.0,0.41827473393882053,40.0,0.0,331.53490408365076,9983.67913404079,19137.83642886533,290.8997498372359,469.99657101964647,-1.3322676295501878e-13,unvalidated-engineering-priors,fixed independent scenario factor; no N cycle,2005-08-11,2005-09-28,2005-09-28,physiological_maturity,R6_physiological_maturity,2005-06-16,seed_layer_available_water,50.0
5,ag_059_049,fallow,2005,2005-10-06,2005-10-11,189593.55287083783,0.5,3.9745984281580604e-14,0.0,0.0,0.0,1.0,2.4,0.0,0.0,19.721011570291665,0.0,0.0,0.0,0.0,0.0,0.019355189797934366,0.0,0.0,19.721011570291665,0.0,0.0,469.99657101964647,452.6562042595569,-2.1094237467877974e-14,unvalidated-engineering-priors,fixed independent scenario factor; no N cycle,,,,right_censored,BBCH89_full_ripeness,,,
5,ag_059_049,wheat,2006,2005-10-12,2006-06-10,189593.55287083783,0.5,1.6830981053317373e-13,2.2168933355715126e-12,0.0,0.0,0.04267140235271844,99.42,150.0,0.0,188.6890990699376,204.38340315905063,27.801317052328848,0.0,0.0,0.0,2.092553682724908,150.0,0.0,420.8738192813171,5729.363059421529,12801.15440895909,452.6562042595569,279.1098312955161,-1.164790486285483e-12,unvalidated-engineering-priors,fixed independent scenario factor; no N cycle,2006-04-27,2006-06-07,2006-06-07,full_ripeness,BBCH89_full_ripeness,2005-10-12,seed_layer_available_water,50.0
5,ag_059_049,fallow,2006,2006-06-11,2006-06-14,189593.55287083783,0.5,8.659739592076221e-14,0.0,0.0,0.0,1.0,3.6599999999999997,0.0,0.0,3.6712285352020277,0.0,0.0,0.0,0.0,0.0,0.00029783392783467086,0.0,0.0,3.6712285352020277,0.0,0.0,279.1098312955161,279.0983049263863,-6.589173651150304e-14,unvalidated-engineering-priors,fixed independent scenario factor; no N cycle,,,,right_censored,BBCH89_full_ripeness,,,
5,ag_059_049,maize,2006,2006-06-15,2006-10-05,189593.55287083783,0.5,6.150635556423367e-13,3.382183422218077e-12,0.0,0.0,0.03354275471250856,403.05,40.0,0.0,20.619727540119463,201.91247839297378,84.0863414695359,0.0,0.0,0.0,0.11936479936312411,40.0,0.0,306.61854740262913,9395.839093744113,18033.771233679123,279.0983049263863,415.4103927243944,-3.7941871866564725e-13,unvalidated-engineering-priors,fixed independent scenario factor; no N cycle,2006-08-11,2006-09-26,2006-09-26,physiological_maturity,R6_physiological_maturity,2006-06-16,seed_layer_available_water,50.0
5,ag_059_049,fallow,2006,2006-10-06,2006-10-11,189593.55287083783,0.5,1.0125233984581428e-13,0.0,0.0,0.0,1.0,0.13,0.0,0.0,14.283425432400147,0.0,0.0,0.0,0.0,0.0,0.010838556730066468,0.0,0.0,14.283425432400147,0.0,0.0,415.4103927243944,401.246128735264,1.907363156306019e-13,unvalidated-engineering-priors,fixed independent scenario factor; no N cycle,,,,right_censored,BBCH89_full_ripeness,,,
5,ag_059_049,wheat,2007,2006-10-12,2007-06-10,189593.55287083783,0.5,1.8385293287792592e-13,2.7995383788947947e-12,0.0,0.0,0.04267140235271844,131.05,150.0,0.0,191.1532724647972,208.38345824037765,17.16682187518486,0.0,0.0,0.0,0.5658296005790835,150.0,0.0,416.7035525803597,4718.475044131184,12448.931492753873,401.246128735264,265.0267465543242,1.0341727474383333e-12,unvalidated-engineering-priors,fixed independent scenario factor; no N cycle,2007-04-27,2007-06-05,2007-06-05,full_ripeness,BBCH89_full_ripeness,2006-10-13,seed_layer_available_water,50.0
5,ag_059_049,fallow,2007,2007-06-11,2007-06-14,189593.55287083783,0.5,7.238654120556021e-14,0.0,0.0,0.0,1.0,2.13,0.0,0.0,2.3783523661308497,0.0,0.0,0.0,0.0,0.0,0.00012023856513196956,0.0,0.0,2.3783523661308497,0.0,0.0,265.0267465543242,264.77827394962827,-7.6216810640517e-14,unvalidated-engineering-priors,fixed independent scenario factor; no N cycle,,,,right_censored,BBCH89_full_ripeness,,,
5,ag_059_049,maize,2007,2007-06-15,2007-10-05,189593.55287083783,0.5,2.327027459614328e-13,3.637978807091713e-12,0.0,0.0,0.03354275471250856,357.53,40.0,0.0,18.7200458879113,185.9887865509329,73.45358516745766,0.0,0.0,0.0,0.004862797467514387,40.0,0.0,278.16241760630186,9225.361139746594,18465.170453892373,264.77827394962827,384.1409935458587,2.0294876890147862e-13,unvalidated-engineering-priors,fixed independent scenario factor; no N cycle,2007-08-11,2007-09-25,2007-09-25,physiological_maturity,R6_physiological_maturity,2007-06-16,seed_layer_available_water,50.0
5,ag_059_049,fallow,2007,2007-10-06,2007-10-11,189593.55287083783,0.5,6.17284001691587e-14,0.0,0.0,0.0,1.0,6.4,0.0,0.0,11.2588991,0.0,0.0,0.0,0.0,0.0,0.0003516729840439016,0.0,0.0,11.2588991,0.0,0.0,384.1409935458587,379.2817427728747,-3.1308289294429414e-14,unvalidated-engineering-priors,fixed independent scenario factor; no N cycle,,,,right_censored,BBCH89_full_ripeness,,,
5,ag_059_049,wheat,2008,2007-10-12,2008-06-10,189593.55287083783,0.5,1.900701818158268e-13,1.9966250874858815e-12,0.0,0.0,0.04267140235271844,144.46,150.0,0.0,212.47106022238845,148.7260708006292,29.68188253834535,0.0,0.0,0.0,0.07071312632542434,150.0,0.0,390.879013561363,4353.066693860581,10099.898511297251,379.2817427728747,282.7920160851866,-3.656519531602953e-13,unvalidated-engineering-priors,fixed independent scenario factor; no N cycle,2008-04-25,2008-06-04,2008-06-04,full_ripeness,BBCH89_full_ripeness,2007-10-12,seed_layer_available_water,50.0
5,ag_059_049,fallow,2008,2008-06-11,2008-06-14,189593.55287083783,0.5,7.427392034742297e-14,0.0,0.0,0.0,1.0,4.609999999999999,0.0,0.0,4.433143560563809,0.0,0.0,0.0,0.0,0.0,0.00016305373558476012,0.0,0.0,4.433143560563809,0.0,0.0,282.7920160851866,282.96870947088723,-1.0436096431476471e-14,unvalidated-engineering-priors,fixed independent scenario factor; no N cycle,,,,right_censored,BBCH89_full_ripeness,,,
5,ag_059_049,maize,2008,2008-06-15,2008-10-05,189593.55287083783,0.5,6.306066779870889e-13,3.836930773104541e-12,0.0,0.0,0.03354275471250856,399.8,40.0,0.0,18.177910116201485,212.36023161244762,80.68308064257307,0.0,0.0,0.0,0.057191055336973814,40.0,0.0,311.22122237122215,9645.167776912533,18437.384670041465,282.96870947088723,411.49029604432695,1.1342593531082912e-12,unvalidated-engineering-priors,fixed independent scenario factor; no N cycle,2008-08-11,2008-09-26,2008-09-26,physiological_maturity,R6_physiological_maturity,2008-06-16,seed_layer_available_water,50.0
5,ag_059_049,fallow,2008,2008-10-06,2008-10-11,189593.55287083783,0.5,8.837375276016246e-14,0.0,0.0,0.0,1.0,0.66,0.0,0.0,15.868409370933438,0.0,0.0,0.0,0.0,0.0,0.002557937950703385,0.0,0.0,15.868409370933438,0.0,0.0,411.49029604432695,396.27932873544273,7.860379014346108e-14,unvalidated-engineering-priors,fixed independent scenario factor; no N cycle,,,,right_censored,BBCH89_full_ripeness,,,
5,ag_059_049,wheat,2009,2008-10-12,2009-06-10,189593.55287083783,0.5,1.6076029396572267e-13,2.5295321393059567e-12,0.0,0.0,0.04267140235271844,126.13,150.0,0.0,196.20276972196197,160.8527183355079,21.720083281338344,0.0,0.0,0.0,0.23134306344599173,150.0,0.0,378.7755713388082,4443.590928310249,10269.7435734534,396.27932873544273,293.4024143331898,-1.2878864641407972e-12,unvalidated-engineering-priors,fixed independent scenario factor; no N cycle,2009-04-24,2009-06-01,2009-06-01,full_ripeness,BBCH89_full_ripeness,2008-10-12,seed_layer_available_water,50.0
5,ag_059_049,fallow,2009,2009-06-11,2009-06-14,189593.55287083783,0.5,4.496403249731884e-14,0.0,0.0,0.0,1.0,2.24,0.0,0.0,2.5096398569786698,0.0,0.0,0.0,0.0,0.0,0.0002339835673592364,0.0,0.0,2.5096398569786698,0.0,0.0,293.4024143331898,293.1325404926438,1.1435297153639112e-14,unvalidated-engineering-priors,fixed independent scenario factor; no N cycle,,,,right_censored,BBCH89_full_ripeness,,,
5,ag_059_049,maize,2009,2009-06-15,2009-10-05,189593.55287083783,0.5,2.7355895326763857e-13,4.007461029686965e-12,0.0,0.0,0.03354275471250856,328.75,40.0,0.0,21.901634088555614,199.0982660525208,64.91182893723297,0.0,0.0,0.0,0.006621799577586764,40.0,0.0,285.9117290783094,8913.344604729373,18185.85393851181,293.1325404926438,375.96418961475706,-2.4658053376924727e-13,unvalidated-engineering-priors,fixed independent scenario factor; no N cycle,2009-08-12,2009-10-01,2009-10-01,physiological_maturity,R6_physiological_maturity,2009-06-16,seed_layer_available_water,50.0
5,ag_059_049,fallow,2009,2009-10-06,2009-10-11,189593.55287083783,0.5,7.860379014346108e-14,0.0,0.0,0.0,1.0,3.01,0.0,0.0,13.978238311500405,0.0,0.0,0.0,0.0,0.0,0.000435246034601136,0.0,0.0,13.978238311500405,0.0,0.0,375.96418961475706,364.9955160572222,-1.2168044349891716e-13,unvalidated-engineering-priors,fixed independent scenario factor; no N cycle,,,,right_censored,BBCH89_full_ripeness,,,
5,ag_059_049,wheat,2010,2009-10-12,2010-06-10,189593.55287083783,0.5,1.580957587066223e-13,1.4708234630234074e-12,0.0,0.0,0.04267140235271844,96.35,150.0,0.0,190.3677870670139,135.30112939466096,24.405292608000288,0.0,0.0,0.0,0.05463754517624007,150.0,0.0,350.07420906967513,2587.841517385554,7500.5207062784775,364.9955160572222,261.2166694423707,1.3308798507694064e-13,unvalidated-engineering-priors,fixed independent scenario factor; no N cycle,2010-05-09,,2010-06-10,cut_before_maturity,BBCH89_full_ripeness,2009-10-12,seed_layer_available_water,50.0
5,ag_059_049,fallow,2010,2010-06-11,2010-06-14,189593.55287083783,0.5,3.7470027081099033e-14,0.0,0.0,0.0,1.0,0.0,0.0,0.0,1.5264209498061236,0.0,0.0,0.0,0.0,0.0,8.072249037663968e-05,0.0,0.0,1.5264209498061236,0.0,0.0,261.2166694423707,259.69016777007425,-6.694644838489694e-14,unvalidated-engineering-priors,fixed independent scenario factor; no N cycle,,,,right_censored,BBCH89_full_ripeness,,,
5,ag_059_049,maize,2010,2010-06-15,2010-10-05,189593.55287083783,0.5,5.435651928564766e-13,4.064304448547773e-12,0.0,0.0,0.03354275471250856,506.24,40.0,0.0,21.364554860004482,188.39364687098933,81.91721011458219,0.0,0.0,0.0,2.918339547883031,40.0,0.0,291.675411845576,8660.198829171448,16919.609991215126,259.69016777007425,511.336416376614,1.2105316749000394e-12,unvalidated-engineering-priors,fixed independent scenario factor; no N cycle,2010-08-11,2010-09-27,2010-09-27,physiological_maturity,R6_physiological_maturity,2010-06-16,seed_layer_available_water,50.0
5,ag_059_049,fallow,2010,2010-10-06,2010-10-11,189593.55287083783,0.5,8.881784197001252e-14,0.0,0.0,0.0,1.0,0.0,0.0,0.0,18.365359941332304,0.0,0.0,0.0,0.0,0.0,0.3999870483464929,0.0,0.0,18.365359941332304,0.0,0.0,511.336416376614,492.5710693869353,-6.306066779870889e-14,unvalidated-engineering-priors,fixed independent scenario factor; no N cycle,,,,right_censored,BBCH89_full_ripeness,,,
5,ag_059_049,wheat,2011,2010-10-12,2011-06-10,189593.55287083783,0.5,2.1538326677728037e-13,2.5011104298755527e-12,0.0,0.0,0.04267140235271844,113.21000000000001,150.0,0.0,175.5332404250456,222.58459214264016,20.26314434180601,0.0,0.0,0.0,11.159293263484848,150.0,0.0,418.3809769094918,5918.000409858919,13191.31965246949,492.5710693869353,326.2407992139588,-1.2861933740282439e-13,unvalidated-engineering-priors,fixed independent scenario factor; no N cycle,2011-04-28,2011-06-05,2011-06-05,full_ripeness,BBCH89_full_ripeness,2010-10-12,seed_layer_available_water,50.0
5,ag_059_049,fallow,2011,2011-06-11,2011-06-14,189593.55287083783,0.5,7.283063041541027e-14,0.0,0.0,0.0,1.0,1.74,0.0,0.0,2.878152495394287,0.0,0.0,0.0,0.0,0.0,0.0013365309081375682,0.0,0.0,2.878152495394287,0.0,0.0,326.2407992139588,325.1013101876564,-3.9190872769268026e-14,unvalidated-engineering-priors,fixed independent scenario factor; no N cycle,,,,right_censored,BBCH89_full_ripeness,,,
5,ag_059_049,maize,2011,2011-06-15,2011-10-05,189593.55287083783,0.5,4.707345624410664e-13,5.144329406903125e-12,0.0,0.0,0.03354275471250856,360.26,40.0,0.0,19.36766235669874,198.75780206316844,85.10940222315939,0.0,0.0,0.0,0.042259267208432844,40.0,0.0,303.2348666430266,9912.453508293975,18673.325022797646,325.1013101876564,422.084184277419,2.358224726606295e-12,unvalidated-engineering-priors,fixed independent scenario factor; no N cycle,2011-08-11,2011-10-03,2011-10-03,physiological_maturity,R6_physiological_maturity,2011-06-16,seed_layer_available_water,50.0
5,ag_059_049,fallow,2011,2011-10-06,2011-10-11,189593.55287083783,0.5,8.215650382226158e-14,0.0,0.0,0.0,1.0,6.3999999999999995,0.0,0.0,15.669746200969035,0.0,0.0,0.0,0.0,0.0,0.00378759757054807,0.0,0.0,15.669746200969035,0.0,0.0,422.084184277419,412.81065047887944,-9.103828801926284e-15,unvalidated-engineering-priors,fixed independent scenario factor; no N cycle,,,,right_censored,BBCH89_full_ripeness,,,
5,ag_059_049,wheat,2012,2011-10-12,2012-06-10,189593.55287083783,0.5,2.34035013590983e-13,3.524291969370097e-12,0.0,0.0,0.04267140235271844,131.81,150.0,0.0,207.50345100678518,195.50427949077832,22.16347457745719,0.0,0.0,0.0,0.5034306224851465,150.0,0.0,425.1712050750207,5215.432920231901,12756.92289965136,412.81065047887944,268.9460147813747,-1.0821898932533713e-12,unvalidated-engineering-priors,fixed independent scenario factor; no N cycle,2012-05-01,2012-06-08,2012-06-08,full_ripeness,BBCH89_full_ripeness,2011-10-12,seed_layer_available_water,50.0
5,ag_059_049,fallow,2012,2012-06-11,2012-06-14,189593.55287083783,0.5,1.0402789740737717e-13,0.0,0.0,0.0,1.0,0.61,0.0,0.0,1.268241806558203,0.0,0.0,0.0,0.0,0.0,0.00014093310954971114,0.0,0.0,1.268241806558203,0.0,0.0,268.9460147813747,268.2876320417071,-1.94094740280093e-13,unvalidated-engineering-priors,fixed independent scenario factor; no N cycle,,,,right_censored,BBCH89_full_ripeness,,,
5,ag_059_049,maize,2012,2012-06-15,2012-10-05,189593.55287083783,0.5,5.200284647344233e-13,3.0127011996228248e-12,7.105427357601002e-15,0.0,0.03354275471250856,376.15,40.0,0.0,22.548200110068123,182.19080531046538,72.68873881229153,0.0,0.0,0.0,0.03772795109652651,40.0,0.0,277.42774423282503,8594.136840958501,16177.776360495463,268.2876320417071,406.972159857784,1.5848988788036422e-12,unvalidated-engineering-priors,fixed independent scenario factor; no N cycle,2012-08-11,2012-09-28,2012-09-28,physiological_maturity,R6_physiological_maturity,2012-06-16,seed_layer_available_water,50.0
5,ag_059_049,fallow,2012,2012-10-06,2012-10-11,189593.55287083783,0.5,1.1235457009206584e-13,0.0,0.0,0.0,1.0,0.19,0.0,0.0,18.394240167749533,0.0,0.0,0.0,0.0,0.0,0.002065166293446695,0.0,0.0,18.394240167749533,0.0,0.0,406.972159857784,388.76585452374115,-1.4166445794216997e-13,unvalidated-engineering-priors,fixed independent scenario factor; no N cycle,,,,right_censored,BBCH89_full_ripeness,,,
5,ag_059_049,wheat,2013,2012-10-12,2013-06-10,189593.55287083783,0.5,1.8207657603852567e-13,2.2311041902867146e-12,0.0,0.0,0.04267140235271844,149.39000000000001,150.0,0.0,215.31944676567713,160.5036822973112,27.281029099695594,0.0,0.0,0.0,0.19814215216819264,150.0,0.0,403.1041581626839,3955.6970154045403,9673.209384076446,388.76585452374115,284.85355420888953,-5.054012763849869e-13,unvalidated-engineering-priors,fixed independent scenario factor; no N cycle,2013-05-04,,2013-06-10,cut_before_maturity,BBCH89_full_ripeness,2012-10-12,seed_layer_available_water,50.0
5,ag_059_049,fallow,2013,2013-06-11,2013-06-14,189593.55287083783,0.5,3.6415315207705135e-14,0.0,0.0,0.0,1.0,0.01,0.0,0.0,10.841105516157302,0.0,0.0,0.0,0.0,0.0,0.00014221265596888247,0.0,0.0,10.841105516157302,0.0,0.0,284.85355420888953,274.0223064800763,-1.9317880628477724e-14,unvalidated-engineering-priors,fixed independent scenario factor; no N cycle,,,,right_censored,BBCH89_full_ripeness,,,
5,ag_059_049,maize,2013,2013-06-15,2013-10-05,189593.55287083783,0.5,4.813927034774679e-13,4.234834705130197e-12,0.0,0.0,0.03354275471250856,390.58,40.0,0.0,20.485780792250416,242.32861546282172,70.5735046973478,0.0,0.0,0.0,0.48616725997330545,40.0,0.0,333.38790095241995,9039.941124060544,17518.917860785084,274.0223064800763,370.72823826768456,-1.508404512406969e-12,unvalidated-engineering-priors,fixed independent scenario factor; no N cycle,2013-08-11,2013-09-24,2013-09-24,physiological_maturity,R6_physiological_maturity,2013-06-16,seed_layer_available_water,50.0
5,ag_059_049,fallow,2013,2013-10-06,2013-10-11,189593.55287083783,0.5,5.728750807065808e-14,0.0,0.0,0.0,1.0,0.0,0.0,0.0,14.730432797316999,0.0,0.0,0.0,0.0,0.0,0.0020245528410615605,0.0,0.0,14.730432797316999,0.0,0.0,370.72823826768456,355.99578091752653,-3.086420008457935e-14,unvalidated-engineering-priors,fixed independent scenario factor; no N cycle,,,,right_censored,BBCH89_full_ripeness,,,
5,ag_059_049,wheat,2014,2013-10-12,2014-06-10,189593.55287083783,0.5,1.6198153929281034e-13,1.8189894035458565e-12,0.0,0.0,0.04267140235271844,134.07999999999998,150.0,0.0,203.79362659752474,123.71945513009801,23.53618283597826,0.0,0.0,0.0,0.08667805566168876,150.0,0.0,351.049264563601,3602.18480134739,8326.91088357164,355.99578091752653,288.9398382982638,3.444466933899548e-14,unvalidated-engineering-priors,fixed independent scenario factor; no N cycle,2014-04-19,2014-05-30,2014-05-30,full_ripeness,BBCH89_full_ripeness,2013-10-13,seed_layer_available_water,50.0
5,ag_059_049,fallow,2014,2014-06-11,2014-06-14,189593.55287083783,0.5,1.3011813848606835e-13,0.0,0.0,0.0,1.0,4.640000000000001,0.0,0.0,4.680969633797717,0.0,0.0,0.0,0.0,0.0,0.00023848539637292486,0.0,0.0,4.680969633797717,0.0,0.0,288.9398382982638,288.89863017906976,-5.00155472593633e-14,unvalidated-engineering-priors,fixed independent scenario factor; no N cycle,,,,right_censored,BBCH89_full_ripeness,,,
5,ag_059_049,maize,2014,2014-06-15,2014-10-05,189593.55287083783,0.5,5.240252676230739e-13,5.002220859751105e-12,0.0,0.0,0.03354275471250856,358.54,40.0,0.0,17.00245723672326,207.66826099102082,80.34728858337479,0.0,0.0,0.0,0.0482892180686709,40.0,0.0,305.0180068111189,9054.294774059264,18841.370771536964,288.89863017906976,382.37233414988174,4.873601522348281e-13,unvalidated-engineering-priors,fixed independent scenario factor; no N cycle,2014-08-12,2014-09-28,2014-09-28,physiological_maturity,R6_physiological_maturity,2014-06-16,seed_layer_available_water,50.0
5,ag_059_049,fallow,2014,2014-10-06,2014-10-11,189593.55287083783,0.5,7.638334409421077e-14,0.0,0.0,0.0,1.0,0.0,0.0,0.0,16.589066168207808,0.0,0.0,0.0,0.0,0.0,0.0003521484498455303,0.0,0.0,16.589066168207808,0.0,0.0,382.37233414988174,365.7829158332243,-2.2426505097428162e-13,unvalidated-engineering-priors,fixed independent scenario factor; no N cycle,,,,right_censored,BBCH89_full_ripeness,,,
5,ag_059_049,wheat,2015,2014-10-12,2015-06-10,189593.55287083783,0.5,1.4210854715202004e-13,2.2595258997171186e-12,0.0,0.0,0.04267140235271844,119.92,150.0,0.0,194.13744748655995,146.3472031017348,29.129540808801767,0.0,0.0,0.0,0.04663938480289244,150.0,0.0,369.61419139709653,3964.2412814304134,9237.634322320284,365.7829158332243,266.04208505132465,2.3483992528383624e-13,unvalidated-engineering-priors,fixed independent scenario factor; no N cycle,2015-04-26,2015-06-03,2015-06-03,full_ripeness,BBCH89_full_ripeness,2014-10-12,seed_layer_available_water,50.0
5,ag_059_049,fallow,2015,2015-06-11,2015-06-14,189593.55287083783,0.5,3.372302437298913e-14,0.0,0.0,0.0,1.0,0.01,0.0,0.0,0.9953928850857066,0.0,0.0,0.0,0.0,0.0,0.0001062298561443137,0.0,0.0,0.9953928850857066,0.0,0.0,266.04208505132465,265.05658593638276,3.6942671144402084e-14,unvalidated-engineering-priors,fixed independent scenario factor; no N cycle,,,,right_censored,BBCH89_full_ripeness,,,
5,ag_059_049,maize,2015,2015-06-15,2015-10-05,189593.55287083783,0.5,1.603162047558726e-13,2.6432189770275727e-12,0.0,0.0,0.03354275471250856,232.73000000000002,40.0,0.0,25.050815698640942,130.61709483757508,66.94343898342511,0.0,0.0,0.0,0.001983742390042644,40.0,0.0,222.61134951964115,7435.732670413676,14856.582278815915,265.05658593638276,315.1732526743514,1.9551027463649007e-13,unvalidated-engineering-priors,fixed independent scenario factor; no N cycle,2015-08-12,2015-09-27,2015-09-27,physiological_maturity,R6_physiological_maturity,2015-06-16,seed_layer_available_water,50.0
5,ag_059_049,fallow,2015,2015-10-06,2015-10-11,189593.55287083783,0.5,4.6629367034256575e-14,0.0,0.0,0.0,1.0,0.75,0.0,0.0,13.519770298144744,0.0,0.0,0.0,0.0,0.0,3.266360857126873e-05,0.0,0.0,13.519770298144744,0.0,0.0,315.1732526743514,302.40344971259805,1.176836406102666e-14,unvalidated-engineering-priors,fixed independent scenario factor; no N cycle,,,,right_censored,BBCH89_full_ripeness,,,
5,ag_059_049,wheat,2016,2015-10-12,2016-06-10,189593.55287083783,0.5,2.26929586233382e-13,1.0249578963339445e-12,0.0,0.0,0.04267140235271844,171.81,150.0,0.0,243.4360247082956,101.82702132246506,14.993501264630806,0.0,0.0,0.0,0.002556620181638613,150.0,0.0,360.25654729539144,1752.5855522843435,5259.144211953491,302.40344971259805,263.9543457970252,-2.554345623906329e-13,unvalidated-engineering-priors,fixed independent scenario factor; no N cycle,2016-04-24,2016-05-31,2016-05-31,full_ripeness,BBCH89_full_ripeness,2015-10-13,seed_layer_available_water,50.0
5,ag_059_049,fallow,2016,2016-06-11,2016-06-14,189593.55287083783,0.5,5.084821452783217e-14,0.0,0.0,0.0,1.0,32.45,0.0,0.0,11.79182014269588,0.0,0.0,0.0,0.0,0.0,2.866806056008029e-05,0.0,0.0,11.79182014269588,0.0,0.0,263.9543457970252,284.61249698626875,2.0650148258027912e-14,unvalidated-engineering-priors,fixed independent scenario factor; no N cycle,,,,right_censored,BBCH89_full_ripeness,,,
5,ag_059_049,maize,2016,2016-06-15,2016-10-05,189593.55287083783,0.5,9.5723429183181e-13,2.7853275241795927e-12,0.0,0.0,0.03354275471250856,532.13,40.0,0.0,20.32847323309962,213.82171161065114,85.06657039525375,0.0,0.0,0.0,23.084452687822058,40.0,0.0,319.2167552390045,9172.48742012985,17272.167408797977,284.61249698626875,514.4412890594384,3.7412295483818525e-12,unvalidated-engineering-priors,fixed independent scenario factor; no N cycle,2016-08-10,2016-09-22,2016-09-22,physiological_maturity,R6_physiological_maturity,2016-06-15,seed_layer_available_water,50.0
5,ag_059_049,fallow,2016,2016-10-06,2016-10-11,189593.55287083783,0.5,1.389999226830696e-13,0.0,0.0,0.0,1.0,6.17,0.0,0.0,16.30633056326026,0.0,0.0,0.0,0.0,0.0,0.7891959075923047,0.0,0.0,16.30633056326026,0.0,0.0,514.4412890594384,503.51576258858586,-5.329070518200751e-15,unvalidated-engineering-priors,fixed independent scenario factor; no N cycle,,,,right_censored,BBCH89_full_ripeness,,,
5,ag_059_049,wheat,2017,2016-10-12,2017-06-10,189593.55287083783,0.5,1.936228954946273e-13,4.746425474877469e-12,0.0,0.0,0.04267140235271844,174.55,150.0,0.0,227.13699881198932,251.69871387026686,34.83186409117198,0.0,0.0,0.0,18.014358622224528,150.0,0.0,513.6675767734281,8022.043183168791,17914.09239116648,503.51576258858586,296.3838271929332,-1.9317880628477724e-14,unvalidated-engineering-priors,fixed independent scenario factor; no N cycle,2017-04-24,2017-06-02,2017-06-02,full_ripeness,BBCH89_full_ripeness,2016-10-12,seed_layer_available_water,50.0
5,ag_059_049,fallow,2017,2017-06-11,2017-06-14,189593.55287083783,0.5,1.8118839761882555e-13,0.0,0.0,0.0,1.0,25.59,0.0,0.0,12.226854352198254,0.0,0.0,0.0,0.0,0.0,0.0008172663775155521,0.0,0.0,12.226854352198254,0.0,0.0,296.3838271929332,309.74615557435766,-2.1721513476791188e-13,unvalidated-engineering-priors,fixed independent scenario factor; no N cycle,,,,right_censored,BBCH89_full_ripeness,,,
5,ag_059_049,maize,2017,2017-06-15,2017-10-05,189593.55287083783,0.5,2.1804780203638074e-13,4.121147867408581e-12,0.0,0.0,0.03354275471250856,288.55,40.0,0.0,20.524201543802,196.3619609341295,85.27499833836904,0.0,0.0,0.0,0.01526792786917981,40.0,0.0,302.1611608163006,8555.397655130617,17747.051862271943,309.74615557435766,336.1197268301887,-8.01136934569513e-13,unvalidated-engineering-priors,fixed independent scenario factor; no N cycle,2017-08-11,2017-09-24,2017-09-24,physiological_maturity,R6_physiological_maturity,2017-06-15,seed_layer_available_water,50.0
5,ag_059_049,fallow,2017,2017-10-06,2017-10-11,189593.55287083783,0.5,1.0480505352461478e-13,0.0,0.0,0.0,1.0,31.95,0.0,0.0,8.63260832,0.0,0.0,0.0,0.0,0.0,0.00016062967718443954,0.0,0.0,8.63260832,0.0,0.0,336.1197268301887,359.4369578805114,1.41886502547095e-13,unvalidated-engineering-priors,fixed independent scenario factor; no N cycle,,,,right_censored,BBCH89_full_ripeness,,,
5,ag_059_049,wheat,2018,2017-10-12,2018-06-10,189593.55287083783,0.5,1.8829382497642655e-13,1.5205614545266144e-12,0.0,0.0,0.04267140235271844,180.79,150.0,0.0,234.31836961558326,139.8948145538234,14.771943396777868,0.0,0.0,0.0,0.027378550584920804,150.0,0.0,388.98512756618453,3418.0478623775207,8314.042524168854,359.4369578805114,301.21445176374124,6.929179452441758e-13,unvalidated-engineering-priors,fixed independent scenario factor; no N cycle,2018-04-25,2018-06-02,2018-06-02,full_ripeness,BBCH89_full_ripeness,2017-10-12,seed_layer_available_water,50.0
5,ag_059_049,fallow,2018,2018-06-11,2018-06-14,189593.55287083783,0.5,9.325873406851315e-14,0.0,0.0,0.0,1.0,0.2,0.0,0.0,8.365269846706768,0.0,0.0,0.0,0.0,0.0,0.0001347860477121249,0.0,0.0,8.365269846706768,0.0,0.0,301.21445176374124,293.0490471309868,-6.394884621840902e-14,unvalidated-engineering-priors,fixed independent scenario factor; no N cycle,,,,right_censored,BBCH89_full_ripeness,,,
5,ag_059_049,maize,2018,2018-06-15,2018-10-05,189593.55287083783,0.5,4.036770917537069e-13,2.5153212845907547e-12,0.0,0.0,0.03354275471250856,331.67,40.0,0.0,22.13420815543403,185.28779208019378,73.88995505048105,0.0,0.0,0.0,0.010258758225951244,40.0,0.0,281.31195528610886,7705.030233292851,15288.766843638556,293.0490471309868,383.39683308665303,-1.0111356196773613e-12,unvalidated-engineering-priors,fixed independent scenario factor; no N cycle,2018-08-10,2018-09-22,2018-09-22,physiological_maturity,R6_physiological_maturity,2018-06-16,seed_layer_available_water,50.0
5,ag_059_049,fallow,2018,2018-10-06,2018-10-11,189593.55287083783,0.5,1.5631940186722204e-13,0.0,0.0,0.0,1.0,0.38,0.0,0.0,15.93602885567351,0.0,0.0,0.0,0.0,0.0,0.0005936747531549456,0.0,0.0,15.93602885567351,0.0,0.0,383.39683308665303,367.84021055622645,-8.415490526658687e-14,unvalidated-engineering-priors,fixed independent scenario factor; no N cycle,,,,right_censored,BBCH89_full_ripeness,,,
5,ag_059_049,wheat,2019,2018-10-12,2019-06-10,189593.55287083783,0.5,2.333688797762079e-13,1.900701818158268e-12,0.0,0.0,0.04267140235271844,110.45,150.0,0.0,189.80131392082362,148.65347249168843,23.282226183415627,0.0,0.0,0.0,0.06345886072078939,150.0,0.0,361.7370125959277,3870.5051828894457,9473.522659919767,367.84021055622645,266.4897390995785,-5.259681579161679e-13,unvalidated-engineering-priors,fixed independent scenario factor; no N cycle,2019-04-25,2019-06-06,2019-06-06,full_ripeness,BBCH89_full_ripeness,2018-10-12,seed_layer_available_water,50.0
5,ag_059_049,fallow,2019,2019-06-11,2019-06-14,189593.55287083783,0.5,1.166289287368727e-13,0.0,0.0,0.0,1.0,0.12,0.0,0.0,2.093974978906778,0.0,0.0,0.0,0.0,0.0,9.75320213213394e-05,0.0,0.0,2.093974978906778,0.0,0.0,266.4897390995785,264.5156665886504,2.475797344914099e-14,unvalidated-engineering-priors,fixed independent scenario factor; no N cycle,,,,right_censored,BBCH89_full_ripeness,,,
5,ag_059_049,maize,2019,2019-06-15,2019-10-05,189593.55287083783,0.5,2.4558133304708463e-13,2.1316282072803006e-12,0.0,0.0,0.03354275471250856,288.04,40.0,0.0,26.91993062753344,135.9663485675077,66.04926281942787,0.0,0.0,0.0,0.003921801639562878,40.0,0.0,228.93554201446904,7028.78337928653,14076.4832843364,264.5156665886504,363.6162027725415,3.0625502134284943e-13,unvalidated-engineering-priors,fixed independent scenario factor; no N cycle,2019-08-12,2019-09-26,2019-09-26,physiological_maturity,R6_physiological_maturity,2019-06-16,seed_layer_available_water,50.0
5,ag_059_049,fallow,2019,2019-10-06,2019-10-11,189593.55287083783,0.5,1.376676550535194e-13,0.0,0.0,0.0,1.0,14.680000000000001,0.0,0.0,13.4540984,0.0,0.0,0.0,0.0,0.0,0.0002455416089285874,0.0,0.0,13.4540984,0.0,0.0,363.6162027725415,364.8418588309328,-2.0805579481475434e-13,unvalidated-engineering-priors,fixed independent scenario factor; no N cycle,,,,right_censored,BBCH89_full_ripeness,,,
5,ag_059_049,wheat,2020,2019-10-12,2020-06-10,189593.55287083783,0.5,1.6964207816272392e-13,2.2524204723595176e-12,0.0,0.0,0.04267140235271844,129.73,150.0,0.0,201.59925718829197,150.36097084784677,25.855373700407085,0.0,0.0,0.0,0.0360387828045388,150.0,0.0,377.81560173654583,4055.6911157186732,9388.771936835605,364.8418588309328,266.7202183115809,1.552757922240744e-12,unvalidated-engineering-priors,fixed independent scenario factor; no N cycle,2020-04-24,2020-06-02,2020-06-02,full_ripeness,BBCH89_full_ripeness,2019-10-12,seed_layer_available_water,50.0
5,ag_059_049,fallow,2020,2020-06-11,2020-06-14,189593.55287083783,0.5,6.838973831690964e-14,0.0,0.0,0.0,1.0,0.62,0.0,0.0,1.0798650705276338,0.0,0.0,0.0,0.0,0.0,9.299495129000792e-05,0.0,0.0,1.0798650705276338,0.0,0.0,266.7202183115809,266.26026024610195,5.495603971894525e-15,unvalidated-engineering-priors,fixed independent scenario factor; no N cycle,,,,right_censored,BBCH89_full_ripeness,,,
5,ag_059_049,maize,2020,2020-06-15,2020-10-05,189593.55287083783,0.5,5.289102489314246e-13,2.3305801732931286e-12,0.0,0.0,0.03354275471250856,360.82,40.0,0.0,20.00690821932579,190.2245037727688,68.051687153188,0.0,0.0,0.0,0.08146511603647556,40.0,0.0,278.2830991452826,8643.25273812883,16129.678843663862,266.26026024610195,388.7156959847834,-5.255795798575491e-13,unvalidated-engineering-priors,fixed independent scenario factor; no N cycle,2020-08-12,2020-09-25,2020-09-25,physiological_maturity,R6_physiological_maturity,2020-06-16,seed_layer_available_water,50.0
5,ag_059_049,fallow,2020,2020-10-06,2020-10-11,189593.55287083783,0.5,9.015010959956271e-14,0.0,0.0,0.0,1.0,1.78,0.0,0.0,12.812983629732505,0.0,0.0,0.0,0.0,0.0,0.003235769219515605,0.0,0.0,12.812983629732505,0.0,0.0,388.7156959847834,377.67947658583137,6.661338147750939e-15,unvalidated-engineering-priors,fixed independent scenario factor; no N cycle,,,,right_censored,BBCH89_full_ripeness,,,
5,ag_059_049,wheat,2021,2020-10-12,2021-06-10,189593.55287083783,0.5,2.5579538487363607e-13,2.4726887204451486e-12,0.0,0.0,0.04267140235271844,127.95,150.0,0.0,195.9153611167005,166.69971405814837,27.196555354190227,0.0,0.0,0.0,0.17044556524260718,150.0,0.0,389.81163052903906,4223.121586001512,10492.97916419628,377.67947658583137,265.6474004915512,-1.5293877275723844e-12,unvalidated-engineering-priors,fixed independent scenario factor; no N cycle,2021-04-21,2021-05-30,2021-05-30,full_ripeness,BBCH89_full_ripeness,2020-10-12,seed_layer_available_water,50.0
5,ag_059_049,fallow,2021,2021-06-11,2021-06-14,189593.55287083783,0.5,8.493206138382448e-14,0.0,0.0,0.0,1.0,12.2,0.0,0.0,6.12533314694521,0.0,0.0,0.0,0.0,0.0,0.00010333953909161946,0.0,0.0,6.12533314694521,0.0,0.0,265.6474004915512,271.7219640050668,8.471001677889944e-14,unvalidated-engineering-priors,fixed independent scenario factor; no N cycle,,,,right_censored,BBCH89_full_ripeness,,,
5,ag_059_049,maize,2021,2021-06-15,2021-10-05,189593.55287083783,0.5,7.620570841027074e-13,4.320099833421409e-12,0.0,0.0,0.03354275471250856,671.15,40.0,0.0,19.570699261781144,159.19250127062395,96.98954418513232,0.0,0.0,0.0,11.753214588979159,40.0,0.0,275.7527447175374,8232.232488806478,16471.402605054325,271.7219640050668,695.36600469855,2.339239912885205e-13,unvalidated-engineering-priors,fixed independent scenario factor; no N cycle,2021-08-10,2021-09-23,2021-09-23,physiological_maturity,R6_physiological_maturity,2021-06-15,seed_layer_available_water,50.0
5,ag_059_049,fallow,2021,2021-10-06,2021-10-11,189593.55287083783,0.5,1.0302869668521453e-13,0.0,0.0,0.0,1.0,28.42,0.0,0.0,11.599126830000003,0.0,0.0,0.0,0.0,0.0,20.90145977011585,0.0,0.0,11.599126830000003,0.0,0.0,695.36600469855,691.2854180984341,5.595524044110789e-14,unvalidated-engineering-priors,fixed independent scenario factor; no N cycle,,,,right_censored,BBCH89_full_ripeness,,,
5,ag_059_049,wheat,2022,2021-10-12,2022-06-10,189593.55287083783,0.5,3.2240876635114546e-13,3.581135388230905e-12,0.0,0.0,0.04267140235271844,98.71,150.0,0.0,192.78004610283367,293.4320335080851,24.301586203987785,0.0,0.0,0.0,133.40974310563388,150.0,0.0,510.5136658149066,8444.247848278605,18621.732436150087,691.2854180984341,296.07200917789334,3.360645095540349e-13,unvalidated-engineering-priors,fixed independent scenario factor; no N cycle,2022-04-22,2022-06-05,2022-06-05,full_ripeness,BBCH89_full_ripeness,2021-10-12,seed_layer_available_water,50.0
5,ag_059_049,fallow,2022,2022-06-11,2022-06-14,189593.55287083783,0.5,1.1002310174035301e-13,0.0,0.0,0.0,1.0,2.14,0.0,0.0,3.4924333191954635,0.0,0.0,0.0,0.0,0.0,0.0007385376412937908,0.0,0.0,3.4924333191954635,0.0,0.0,296.07200917789334,294.71883732105647,1.0869083411080283e-13,unvalidated-engineering-priors,fixed independent scenario factor; no N cycle,,,,right_censored,BBCH89_full_ripeness,,,
5,ag_059_049,maize,2022,2022-06-15,2022-10-05,189593.55287083783,0.5,6.783462680459706e-13,2.8421709430404007e-12,0.0,0.0,0.03354275471250856,510.83,40.0,0.0,20.660553683346926,244.01702323725945,61.77404616801587,0.0,0.0,0.0,2.8207972104779984,40.0,0.0,326.4516230886223,9569.596469327505,17677.953858908,294.71883732105647,516.2764170219583,-2.097100271214458e-12,unvalidated-engineering-priors,fixed independent scenario factor; no N cycle,2022-08-12,2022-09-26,2022-09-26,physiological_maturity,R6_physiological_maturity,2022-06-16,seed_layer_available_water,50.0
5,ag_059_049,fallow,2022,2022-10-06,2022-10-11,189593.55287083783,0.5,9.681144774731365e-14,0.0,0.0,0.0,1.0,0.03,0.0,0.0,18.987706799999994,0.0,0.0,0.0,0.0,0.0,0.06813157786715843,0.0,0.0,18.987706799999994,0.0,0.0,516.2764170219583,497.25057864409104,1.199040866595169e-13,unvalidated-engineering-priors,fixed independent scenario factor; no N cycle,,,,right_censored,BBCH89_full_ripeness,,,
5,ag_059_049,wheat,2023,2022-10-12,2023-06-10,189593.55287083783,0.5,2.5579538487363607e-13,2.8990143619012088e-12,0.0,0.0,0.04267140235271844,152.5,150.0,0.0,217.03415722558836,218.12835710719466,28.397570444877886,0.0,0.0,0.0,7.1694205887647575,150.0,0.0,463.5600847776609,6311.206349327722,14441.084479020647,497.25057864409104,329.02107327766544,-6.600275881396556e-14,unvalidated-engineering-priors,fixed independent scenario factor; no N cycle,2023-04-19,2023-05-30,2023-05-30,full_ripeness,BBCH89_full_ripeness,2022-10-12,seed_layer_available_water,50.0
5,ag_059_049,fallow,2023,2023-06-11,2023-06-14,189593.55287083783,0.5,4.8405723873656825e-14,0.0,0.0,0.0,1.0,0.76,0.0,0.0,2.365366111368953,0.0,0.0,0.0,0.0,0.0,0.0019275965601722941,0.0,0.0,2.365366111368953,0.0,0.0,329.02107327766544,327.4137795697364,-7.971401316808624e-14,unvalidated-engineering-priors,fixed independent scenario factor; no N cycle,,,,right_censored,BBCH89_full_ripeness,,,
5,ag_059_049,maize,2023,2023-06-15,2023-10-05,189593.55287083783,0.5,4.720668300706166e-13,4.689582056016661e-12,0.0,0.0,0.03354275471250856,408.24,40.0,0.0,20.322157129748415,234.67168893748791,78.43445530853728,0.0,0.0,0.0,0.1052821632123318,40.0,0.0,333.42830137577363,9635.683258835415,19532.47894411937,327.4137795697364,442.12019603074657,3.870348486145758e-12,unvalidated-engineering-priors,fixed independent scenario factor; no N cycle,2023-08-12,2023-09-24,2023-09-24,physiological_maturity,R6_physiological_maturity,2023-06-16,seed_layer_available_water,50.0
5,ag_059_049,fallow,2023,2023-10-06,2023-10-11,189593.55287083783,0.5,1.176836406102666e-13,0.0,0.0,0.0,1.0,0.14,0.0,0.0,15.353254988750834,0.0,0.0,0.0,0.0,0.0,0.009808998706731983,0.0,0.0,15.353254988750834,0.0,0.0,442.12019603074657,426.897132043289,1.354472090042691e-14,unvalidated-engineering-priors,fixed independent scenario factor; no N cycle,,,,right_censored,BBCH89_full_ripeness,,,
5,ag_059_049,wheat,2024,2023-10-12,2024-06-10,189593.55287083783,0.5,1.9451107391432743e-13,2.5153212845907547e-12,0.0,0.0,0.04267140235271844,89.02,150.0,0.0,184.4823654678652,193.6804066043803,18.823865655587923,0.0,0.0,0.0,0.9340678867330251,150.0,0.0,396.9866377278334,4772.2366004035675,11440.648034210095,426.897132043289,267.99642642872345,-8.989475830389893e-13,unvalidated-engineering-priors,fixed independent scenario factor; no N cycle,2024-04-23,2024-06-02,2024-06-02,full_ripeness,BBCH89_full_ripeness,2023-10-12,seed_layer_available_water,50.0
5,ag_059_049,fallow,2024,2024-06-11,2024-06-14,189593.55287083783,0.5,5.5316862201948425e-14,0.0,0.0,0.0,1.0,1.2,0.0,0.0,1.5874793078874245,0.0,0.0,0.0,0.0,0.0,0.00019066788388574828,0.0,0.0,1.5874793078874245,0.0,0.0,267.99642642872345,267.6087564529522,-6.453171330633722e-14,unvalidated-engineering-priors,fixed independent scenario factor; no N cycle,,,,right_censored,BBCH89_full_ripeness,,,
5,ag_059_049,maize,2024,2024-06-15,2024-10-05,189593.55287083783,0.5,1.9317880628477724e-13,2.9842794901924208e-12,0.0,0.0,0.03354275471250856,403.69,40.0,0.0,22.101456276957343,186.32326210868544,86.51087594635331,0.0,0.0,0.0,0.011148168169181637,40.0,0.0,294.93559433199607,8349.123262134373,16523.028475860156,267.6087564529522,416.35201395278676,1.6819878823071122e-13,unvalidated-engineering-priors,fixed independent scenario factor; no N cycle,2024-08-10,2024-09-22,2024-09-22,physiological_maturity,R6_physiological_maturity,2024-06-16,seed_layer_available_water,50.0
5,ag_059_049,fallow,2024,2024-10-06,2024-10-11,189593.55287083783,0.5,4.04121180963557e-14,0.0,0.0,0.0,1.0,0.85,0.0,0.0,16.72353044717476,0.0,0.0,0.0,0.0,0.0,0.0011020582413652782,0.0,0.0,16.72353044717476,0.0,0.0,416.35201395278676,400.47738144737076,-1.234568003383174e-13,unvalidated-engineering-priors,fixed independent scenario factor; no N cycle,,,,right_censored,BBCH89_full_ripeness,,,
5,ag_059_049,wheat,2025,2024-10-12,2025-06-10,189593.55287083783,0.5,1.7030821197749901e-13,3.751665644813329e-12,0.0,0.0,0.04267140235271844,138.98,150.0,0.0,225.03007338889427,169.55312745837887,19.691066314403844,0.0,0.0,0.0,0.26547751831287764,150.0,0.0,414.27426716167696,3985.8835586153855,9288.556054942981,400.47738144737076,274.9176367673816,-7.169542737273105e-13,unvalidated-engineering-priors,fixed independent scenario factor; no N cycle,2025-04-21,2025-05-30,2025-05-30,full_ripeness,BBCH89_full_ripeness,2024-10-12,seed_layer_available_water,50.0
5,ag_059_049,fallow,2025,2025-06-11,2025-06-14,189593.55287083783,0.5,3.907985046680551e-14,0.0,0.0,0.0,1.0,11.32,0.0,0.0,4.01791959424867,0.0,0.0,0.0,0.0,0.0,0.00019284362311245348,0.0,0.0,4.01791959424867,0.0,0.0,274.9176367673816,282.2195243295098,4.463096558993129e-14,unvalidated-engineering-priors,fixed independent scenario factor; no N cycle,,,,right_censored,BBCH89_full_ripeness,,,
5,ag_059_049,maize,2025,2025-06-15,2025-10-05,189593.55287083783,0.5,2.9665159217984183e-13,2.7853275241795927e-12,0.0,0.0,0.03354275471250856,311.75,40.0,0.0,20.847681293317674,162.0805988167617,90.24181802254036,0.0,0.0,0.0,0.004450477581506129,40.0,0.0,273.1700981326197,7461.284435578227,16246.225047358415,282.2195243295098,360.7949757193084,1.5987211554602254e-13,unvalidated-engineering-priors,fixed independent scenario factor; no N cycle,2025-08-09,2025-09-20,2025-09-20,physiological_maturity,R6_physiological_maturity,2025-06-15,seed_layer_available_water,50.0
5,ag_059_049,fallow,1996,1996-01-01,1996-10-11,189593.55287083783,0.75,3.2507330161024584e-13,0.0,0.0,0.0,1.0,753.5600000000001,0.0,0.0,498.35760022062226,0.0,0.0,0.0,0.0,0.0,149.7939503379392,0.0,0.0,498.35760022062226,0.0,0.0,443.9393921932174,549.3478416346567,-7.857048345272233e-13,unvalidated-engineering-priors,fixed independent scenario factor; no N cycle,,,,right_censored,BBCH89_full_ripeness,,,
5,ag_059_049,wheat,1997,1996-10-12,1997-06-10,189593.55287083783,0.75,4.725109192804666e-13,4.718003765447065e-12,0.0,0.0,0.04267140235271844,112.39,225.0,0.0,185.95194364975734,276.3388226798604,23.92493493703587,0.0,0.0,0.0,41.56405360471079,225.0,0.0,486.21570126665364,8923.949470400781,20031.621833791087,549.3478416346567,358.9580867632937,-1.4505618928239983e-12,unvalidated-engineering-priors,fixed independent scenario factor; no N cycle,1997-04-29,1997-06-04,1997-06-04,full_ripeness,BBCH89_full_ripeness,1996-10-12,seed_layer_available_water,50.0
5,ag_059_049,fallow,1997,1997-06-11,1997-06-14,189593.55287083783,0.75,7.37188088351104e-14,0.0,0.0,0.0,1.0,2.08,0.0,0.0,3.8952016578696433,0.0,0.0,0.0,0.0,0.0,0.003780680508816275,0.0,0.0,3.8952016578696433,0.0,0.0,358.9580867632937,357.13910442491505,1.865174681370263e-13,unvalidated-engineering-priors,fixed independent scenario factor; no N cycle,,,,right_censored,BBCH89_full_ripeness,,,
5,ag_059_049,maize,1997,1997-06-15,1997-10-05,189593.55287083783,0.75,3.3439917501709715e-13,3.865352482534945e-12,0.0,0.0,0.03354275471250856,153.07,60.0,0.0,23.849047186878263,197.02746872206322,46.986724606083534,0.0,0.0,0.0,0.06050784547817969,60.0,0.0,267.86324051502504,8815.741855441378,18554.328899025564,357.13910442491505,302.2853560644121,-2.4791280139879746e-13,unvalidated-engineering-priors,fixed independent scenario factor; no N cycle,1997-08-12,1997-09-29,1997-09-29,physiological_maturity,R6_physiological_maturity,1997-06-16,seed_layer_available_water,50.0
5,ag_059_049,fallow,1997,1997-10-06,1997-10-11,189593.55287083783,0.75,6.128431095930864e-14,0.0,0.0,0.0,1.0,0.0,0.0,0.0,12.51424077855982,0.0,0.0,0.0,0.0,0.0,0.00010139765119329778,0.0,0.0,12.51424077855982,0.0,0.0,302.2853560644121,289.7710138882011,3.552713678800501e-15,unvalidated-engineering-priors,fixed independent scenario factor; no N cycle,,,,right_censored,BBCH89_full_ripeness,,,
5,ag_059_049,wheat,1998,1997-10-12,1998-06-10,189593.55287083783,0.75,1.6786572132332367e-13,2.3732127374387346e-12,0.0,0.0,0.04267140235271844,226.32,225.0,0.0,271.5137401105897,110.75819586614394,40.35509986731389,0.0,0.0,0.0,0.003997149447852731,225.0,0.0,422.6270358440475,4095.4148324110156,9194.92767425146,289.7710138882011,318.4599808947056,1.1132761379428757e-13,unvalidated-engineering-priors,fixed independent scenario factor; no N cycle,1998-04-27,1998-06-04,1998-06-04,full_ripeness,BBCH89_full_ripeness,1997-10-13,seed_layer_available_water,50.0
5,ag_059_049,fallow,1998,1998-06-11,1998-06-14,189593.55287083783,0.75,5.573319583618286e-14,0.0,0.0,0.0,1.0,3.75,0.0,0.0,5.474531448387701,0.0,0.0,0.0,0.0,0.0,5.2830121669846616e-05,0.0,0.0,5.474531448387701,0.0,0.0,318.4599808947056,316.7353966161962,1.1546319456101628e-14,unvalidated-engineering-priors,fixed independent scenario factor; no N cycle,,,,right_censored,BBCH89_full_ripeness,,,
5,ag_059_049,maize,1998,1998-06-15,1998-10-05,189593.55287083783,0.75,8.473222123939195e-13,4.348521542851813e-12,0.0,0.0,0.03354275471250856,509.09,60.0,0.0,21.538831484240173,242.53903198667118,81.17600318456293,0.0,0.0,0.0,28.549258947136934,60.0,0.0,345.25386665547427,9601.91387073368,18307.414729460244,316.7353966161962,512.022271013584,9.559020242022598e-13,unvalidated-engineering-priors,fixed independent scenario factor; no N cycle,1998-08-11,1998-09-24,1998-09-24,physiological_maturity,R6_physiological_maturity,1998-06-16,seed_layer_available_water,50.0
5,ag_059_049,fallow,1998,1998-10-06,1998-10-11,189593.55287083783,0.75,2.660094367001875e-13,0.0,0.0,0.0,1.0,1.9300000000000002,0.0,0.0,12.540300849013144,0.0,0.0,0.0,0.0,0.0,0.9694570353953791,0.0,0.0,12.540300849013144,0.0,0.0,512.022271013584,500.4425131291746,9.230394226733551e-13,unvalidated-engineering-priors,fixed independent scenario factor; no N cycle,,,,right_censored,BBCH89_full_ripeness,,,
5,ag_059_049,wheat,1999,1998-10-12,1999-06-10,189593.55287083783,0.75,2.162714451969805e-13,3.808509063674137e-12,0.0,0.0,0.04267140235271844,106.32,225.0,0.0,194.25426133992997,228.7598068582269,37.830965462816025,0.0,0.0,0.0,17.885418748712148,225.0,0.0,460.8450336609729,7110.14061557849,16151.983588270588,500.4425131291746,353.03206071948813,1.4174772466901686e-12,unvalidated-engineering-priors,fixed independent scenario factor; no N cycle,1999-04-23,1999-05-31,1999-05-31,full_ripeness,BBCH89_full_ripeness,1998-10-12,seed_layer_available_water,50.0
5,ag_059_049,fallow,1999,1999-06-11,1999-06-14,189593.55287083783,0.75,7.66053886991358e-14,0.0,0.0,0.0,1.0,10.5,0.0,0.0,5.54084779881622,0.0,0.0,0.0,0.0,0.0,0.00457852986007125,0.0,0.0,5.54084779881622,0.0,0.0,353.03206071948813,357.9866343908119,-6.23945339839338e-14,unvalidated-engineering-priors,fixed independent scenario factor; no N cycle,,,,right_censored,BBCH89_full_ripeness,,,
5,ag_059_049,maize,1999,1999-06-15,1999-10-05,189593.55287083783,0.75,4.4875214655348827e-13,5.002220859751105e-12,0.0,0.0,0.03354275471250856,268.34,60.0,0.0,18.04617775073467,229.56996718601508,82.02558564554057,0.0,0.0,0.0,0.23369065999008873,60.0,0.0,329.64173058229034,9675.974399425895,19547.970946539666,357.9866343908119,356.45121314853264,-1.1647349751342517e-12,unvalidated-engineering-priors,fixed independent scenario factor; no N cycle,1999-08-12,1999-09-26,1999-09-26,physiological_maturity,R6_physiological_maturity,1999-06-15,seed_layer_available_water,50.0
5,ag_059_049,fallow,1999,1999-10-06,1999-10-11,189593.55287083783,0.75,1.1235457009206584e-13,0.0,0.0,0.0,1.0,0.21000000000000002,0.0,0.0,15.650469908751969,0.0,0.0,0.0,0.0,0.0,0.0004671822632064454,0.0,0.0,15.650469908751969,0.0,0.0,356.45121314853264,341.01027605751744,2.55351295663786e-14,unvalidated-engineering-priors,fixed independent scenario factor; no N cycle,,,,right_censored,BBCH89_full_ripeness,,,
5,ag_059_049,wheat,2000,1999-10-12,2000-06-10,189593.55287083783,0.75,1.6475709685437323e-13,2.154720846192504e-12,0.0,0.0,0.04267140235271844,98.02,225.0,0.0,210.48697846350814,157.55039594556084,25.28535757181594,0.0,0.0,0.0,0.03084534412711551,225.0,0.0,393.3227319808849,3952.2376247601896,9403.311966986861,341.01027605751744,270.67669873250594,-5.083433674002436e-13,unvalidated-engineering-priors,fixed independent scenario factor; no N cycle,2000-04-25,2000-06-03,2000-06-03,full_ripeness,BBCH89_full_ripeness,1999-10-12,seed_layer_available_water,50.0
5,ag_059_049,fallow,2000,2000-06-11,2000-06-14,189593.55287083783,0.75,5.1514348342607263e-14,0.0,0.0,0.0,1.0,2.0,0.0,0.0,2.6860657674956934,0.0,0.0,0.0,0.0,0.0,9.493071347624243e-05,0.0,0.0,2.6860657674956934,0.0,0.0,270.67669873250594,269.9905380342968,-5.329070518200751e-15,unvalidated-engineering-priors,fixed independent scenario factor; no N cycle,,,,right_censored,BBCH89_full_ripeness,,,
5,ag_059_049,maize,2000,2000-06-15,2000-10-05,189593.55287083783,0.75,8.020251129892131e-13,3.240074875066057e-12,0.0,0.0,0.03354275471250856,563.03,60.0,0.0,18.869087196811442,218.33126645963412,84.42429726164181,0.0,0.0,0.0,15.33625039026184,60.0,0.0,321.62465091808735,10049.002531098053,18669.467127864482,269.9905380342968,556.059636725945,2.576938662457451e-12,unvalidated-engineering-priors,fixed independent scenario factor; no N cycle,2000-08-11,2000-09-25,2000-09-25,physiological_maturity,R6_physiological_maturity,2000-06-16,seed_layer_available_water,50.0
5,ag_059_049,fallow,2000,2000-10-06,2000-10-11,189593.55287083783,0.75,1.580957587066223e-13,0.0,0.0,0.0,1.0,83.32,0.0,0.0,14.136945100000002,0.0,0.0,0.0,0.0,0.0,0.9777048041598804,0.0,0.0,14.136945100000002,0.0,0.0,556.059636725945,624.2649868217852,-1.1324274851176597e-13,unvalidated-engineering-priors,fixed independent scenario factor; no N cycle,,,,right_censored,BBCH89_full_ripeness,,,
5,ag_059_049,wheat,2001,2000-10-12,2001-06-10,189593.55287083783,0.75,4.574118861455645e-13,4.433786671143025e-12,0.0,0.0,0.04267140235271844,111.46000000000001,225.0,0.0,239.13889030066306,289.9475223370756,21.012316511648997,0.0,0.0,0.0,90.05811234034623,225.0,0.0,550.0987291493876,8667.960227386962,19256.814252808676,624.2649868217852,320.56814533205187,-5.598854713184664e-13,unvalidated-engineering-priors,fixed independent scenario factor; no N cycle,2001-04-27,2001-06-08,2001-06-08,full_ripeness,BBCH89_full_ripeness,2000-10-12,seed_layer_available_water,50.0
5,ag_059_049,fallow,2001,2001-06-11,2001-06-14,189593.55287083783,0.75,6.36435348866371e-14,0.0,0.0,0.0,1.0,0.22999999999999998,0.0,0.0,1.3077472105534933,0.0,0.0,0.0,0.0,0.0,0.001851057239307761,0.0,0.0,1.3077472105534933,0.0,0.0,320.56814533205187,319.4885470642592,-1.2509437929963951e-13,unvalidated-engineering-priors,fixed independent scenario factor; no N cycle,,,,right_censored,BBCH89_full_ripeness,,,
5,ag_059_049,maize,2001,2001-06-15,2001-10-05,189593.55287083783,0.75,1.0107470416187425e-12,4.405364961712621e-12,0.0,0.0,0.03354275471250856,413.89,60.0,0.0,17.33834461571999,257.6817741146287,76.59367379751956,0.0,0.0,0.0,6.976404194628724,60.0,0.0,351.6137925278682,10405.971078404868,20389.81282432661,319.4885470642592,434.78835034176325,-1.0034750808074477e-12,unvalidated-engineering-priors,fixed independent scenario factor; no N cycle,2001-08-11,2001-09-26,2001-09-26,physiological_maturity,R6_physiological_maturity,2001-06-16,seed_layer_available_water,50.0
5,ag_059_049,fallow,2001,2001-10-06,2001-10-11,189593.55287083783,0.75,9.814371537686384e-14,0.0,0.0,0.0,1.0,3.73,0.0,0.0,14.099414854060722,0.0,0.0,0.0,0.0,0.0,0.07503388187810765,0.0,0.0,14.099414854060722,0.0,0.0,434.78835034176325,424.3439016058245,-8.08242361927114e-14,unvalidated-engineering-priors,fixed independent scenario factor; no N cycle,,,,right_censored,BBCH89_full_ripeness,,,
5,ag_059_049,wheat,2002,2001-10-12,2002-06-10,189593.55287083783,0.75,2.6290081223123707e-13,2.0889956431346945e-12,0.0,0.0,0.04267140235271844,153.09,225.0,0.0,216.60864761219554,189.59284430089897,32.58554289283188,0.0,0.0,0.0,2.496826079029415,225.0,0.0,438.7870348059264,5703.062619758318,13439.983217001638,424.3439016058245,361.1500407208687,3.397282455352979e-14,unvalidated-engineering-priors,fixed independent scenario factor; no N cycle,2002-04-19,2002-05-29,2002-05-29,full_ripeness,BBCH89_full_ripeness,2001-10-12,seed_layer_available_water,50.0
5,ag_059_049,fallow,2002,2002-06-11,2002-06-14,189593.55287083783,0.75,9.681144774731365e-14,0.0,0.0,0.0,1.0,1.6199999999999999,0.0,0.0,10.850260219650936,0.0,0.0,0.0,0.0,0.0,0.001532555860509195,0.0,0.0,10.850260219650936,0.0,0.0,361.1500407208687,351.91824794535717,6.294964549624638e-14,unvalidated-engineering-priors,fixed independent scenario factor; no N cycle,,,,right_censored,BBCH89_full_ripeness,,,
5,ag_059_049,maize,2002,2002-06-15,2002-10-05,189593.55287083783,0.75,4.516387264175137e-13,4.831690603168681e-12,0.0,0.0,0.03354275471250856,215.73,60.0,0.0,19.76257732407521,230.8912657552282,68.35062077722962,0.0,0.0,0.0,0.07710364871322098,60.0,0.0,319.00446385653305,9992.560452816171,19631.338272103814,351.91824794535717,308.56668044011013,7.897016374158738e-13,unvalidated-engineering-priors,fixed independent scenario factor; no N cycle,2002-08-12,2002-09-29,2002-09-29,physiological_maturity,R6_physiological_maturity,2002-06-16,seed_layer_available_water,50.0
5,ag_059_049,fallow,2002,2002-10-06,2002-10-11,189593.55287083783,0.75,1.3744561044859438e-13,0.0,0.0,0.0,1.0,0.27,0.0,0.0,11.634926887690872,0.0,0.0,0.0,0.0,0.0,0.0001665611814380662,0.0,0.0,11.634926887690872,0.0,0.0,308.56668044011013,297.20158699123806,-2.3714363805993344e-13,unvalidated-engineering-priors,fixed independent scenario factor; no N cycle,,,,right_censored,BBCH89_full_ripeness,,,
5,ag_059_049,wheat,2003,2002-10-12,2003-06-10,189593.55287083783,0.75,2.4513724383723456e-13,2.5863755581667647e-12,0.0,0.0,0.04267140235271844,190.25,225.0,0.0,244.6475313426802,148.37226282132497,30.30642964248558,0.0,0.0,0.0,0.006592695252530815,225.0,0.0,423.32622380649076,5136.928304742312,11585.918901755442,297.20158699123806,289.118770489495,-1.930400284066991e-13,unvalidated-engineering-priors,fixed independent scenario factor; no N cycle,2003-05-02,2003-06-09,2003-06-09,full_ripeness,BBCH89_full_ripeness,2002-10-13,seed_layer_available_water,50.0
5,ag_059_049,fallow,2003,2003-06-11,2003-06-14,189593.55287083783,0.75,3.086420008457935e-14,0.0,0.0,0.0,1.0,5.52,0.0,0.0,7.613066611938931,0.0,0.0,0.0,0.0,0.0,3.8451308076555174e-05,0.0,0.0,7.613066611938931,0.0,0.0,289.118770489495,287.02566542624794,2.90878432451791e-14,unvalidated-engineering-priors,fixed independent scenario factor; no N cycle,,,,right_censored,BBCH89_full_ripeness,,,
5,ag_059_049,maize,2003,2003-06-15,2003-10-05,189593.55287083783,0.75,5.466738173254271e-13,3.609557097661309e-12,0.0,0.0,0.03354275471250856,465.7,60.0,0.0,18.27284273167979,153.66128761788357,101.43456956432138,0.0,0.0,0.0,0.7838401482705017,60.0,0.0,273.3686999138847,8576.556364443182,16789.71491221738,287.02566542624794,538.5731253640907,1.961653062210189e-12,unvalidated-engineering-priors,fixed independent scenario factor; no N cycle,2003-08-12,2003-10-01,2003-10-01,physiological_maturity,R6_physiological_maturity,2003-06-16,seed_layer_available_water,50.0
5,ag_059_049,fallow,2003,2003-10-06,2003-10-11,189593.55287083783,0.75,6.483702463810914e-14,0.0,0.0,0.0,1.0,110.94,0.0,0.0,12.742236299999997,0.0,0.0,0.0,0.0,0.0,0.28965621690026017,0.0,0.0,12.742236299999997,0.0,0.0,538.5731253640907,636.4812328471903,1.6564527527407336e-13,unvalidated-engineering-priors,fixed independent scenario factor; no N cycle,,,,right_censored,BBCH89_full_ripeness,,,
5,ag_059_049,wheat,2004,2003-10-12,2004-06-10,189593.55287083783,0.75,3.645972412869014e-13,3.353761712787673e-12,0.0,0.0,0.04267140235271844,132.82,225.0,0.0,232.111406350279,260.1742406185755,48.553656842776384,0.0,0.0,0.0,96.35261565151315,225.0,0.0,540.8393038116309,8566.190957214292,19338.928985727413,636.4812328471903,357.1093133840469,-5.85420600884845e-13,unvalidated-engineering-priors,fixed independent scenario factor; no N cycle,2004-04-21,2004-05-29,2004-05-29,full_ripeness,BBCH89_full_ripeness,2003-10-12,seed_layer_available_water,50.0
5,ag_059_049,fallow,2004,2004-06-11,2004-06-14,189593.55287083783,0.75,9.46465128492946e-14,0.0,0.0,0.0,1.0,0.74,0.0,0.0,2.391375157821173,0.0,0.0,0.0,0.0,0.0,0.006723110380685882,0.0,0.0,2.391375157821173,0.0,0.0,357.1093133840469,355.451215115845,5.2013948703688584e-14,unvalidated-engineering-priors,fixed independent scenario factor; no N cycle,,,,right_censored,BBCH89_full_ripeness,,,
5,ag_059_049,maize,2004,2004-06-15,2004-10-05,189593.55287083783,0.75,1.162625551387464e-12,5.5422333389287814e-12,0.0,0.0,0.03354275471250856,437.58,60.0,0.0,16.358947367922664,208.15891926920708,105.0788320065452,0.0,0.0,0.0,16.455423462588275,60.0,0.0,329.5966986436749,10019.531144455645,18877.23331111868,355.451215115845,506.9790930095857,-3.922917546361759e-12,unvalidated-engineering-priors,fixed independent scenario factor; no N cycle,2004-08-12,2004-09-29,2004-09-29,physiological_maturity,R6_physiological_maturity,2004-06-16,seed_layer_available_water,50.0
5,ag_059_049,fallow,2004,2004-10-06,2004-10-11,189593.55287083783,0.75,9.903189379656396e-14,0.0,0.0,0.0,1.0,0.0,0.0,0.0,18.62495551599232,0.0,0.0,0.0,0.0,0.0,0.3998094663766375,0.0,0.0,18.62495551599232,0.0,0.0,506.9790930095857,487.9543280272168,-1.9984014443252818e-14,unvalidated-engineering-priors,fixed independent scenario factor; no N cycle,,,,right_censored,BBCH89_full_ripeness,,,
5,ag_059_049,wheat,2005,2004-10-12,2005-06-10,189593.55287083783,0.75,3.694822225952521e-13,4.064304448547773e-12,0.0,0.0,0.04267140235271844,142.48,225.0,0.0,204.96127626127017,269.56861758971,38.95834552139158,0.0,0.0,0.0,11.764818168086132,225.0,0.0,513.4882393723718,8283.824596508297,18342.627393975283,487.9543280272168,330.1812704867596,-7.359668430240163e-13,unvalidated-engineering-priors,fixed independent scenario factor; no N cycle,2005-05-01,2005-06-09,2005-06-09,full_ripeness,BBCH89_full_ripeness,2004-10-12,seed_layer_available_water,50.0
5,ag_059_049,fallow,2005,2005-06-11,2005-06-14,189593.55287083783,0.75,7.527312106958561e-14,0.0,0.0,0.0,1.0,4.21,0.0,0.0,5.8547007981213,0.0,0.0,0.0,0.0,0.0,0.0013406418117853699,0.0,0.0,5.8547007981213,0.0,0.0,330.1812704867596,328.5352290468264,1.5720758028692217e-13,unvalidated-engineering-priors,fixed independent scenario factor; no N cycle,,,,right_censored,BBCH89_full_ripeness,,,
5,ag_059_049,maize,2005,2005-06-15,2005-10-05,189593.55287083783,0.75,4.902744876744691e-13,3.979039320256561e-12,0.0,0.0,0.03354275471250856,471.05,60.0,0.0,20.613403838016968,243.22825306480578,72.2192853464862,0.0,0.0,0.0,3.7988133168629616,60.0,0.0,336.06094224930894,10076.872123948564,19287.425356933843,328.5352290468264,519.7254734806556,-1.1651790643441018e-12,unvalidated-engineering-priors,fixed independent scenario factor; no N cycle,2005-08-11,2005-09-28,2005-09-28,physiological_maturity,R6_physiological_maturity,2005-06-16,seed_layer_available_water,50.0
5,ag_059_049,fallow,2005,2005-10-06,2005-10-11,189593.55287083783,0.75,1.5365486660812167e-13,0.0,0.0,0.0,1.0,2.4,0.0,0.0,20.05861515453073,0.0,0.0,0.0,0.0,0.0,0.17310560126896846,0.0,0.0,20.05861515453073,0.0,0.0,519.7254734806556,501.89375272485603,-9.192646643896296e-14,unvalidated-engineering-priors,fixed independent scenario factor; no N cycle,,,,right_censored,BBCH89_full_ripeness,,,
5,ag_059_049,wheat,2006,2005-10-12,2006-06-10,189593.55287083783,0.75,2.2737367544323206e-13,4.504840944719035e-12,0.0,0.0,0.04267140235271844,99.42,225.0,0.0,190.98144542564177,269.7957993585636,33.26900855906148,0.0,0.0,0.0,11.877427521909466,225.0,0.0,494.04625334326687,8137.940377309975,18128.865377790113,501.89375272485603,320.3900718596806,-8.688050279204163e-13,unvalidated-engineering-priors,fixed independent scenario factor; no N cycle,2006-04-27,2006-06-07,2006-06-07,full_ripeness,BBCH89_full_ripeness,2005-10-12,seed_layer_available_water,50.0
5,ag_059_049,fallow,2006,2006-06-11,2006-06-14,189593.55287083783,0.75,6.17284001691587e-14,0.0,0.0,0.0,1.0,3.6599999999999997,0.0,0.0,4.339738880100864,0.0,0.0,0.0,0.0,0.0,0.0010425328473245854,0.0,0.0,4.339738880100864,0.0,0.0,320.3900718596806,319.7092904467323,6.017408793468348e-14,unvalidated-engineering-priors,fixed independent scenario factor; no N cycle,,,,right_censored,BBCH89_full_ripeness,,,
5,ag_059_049,maize,2006,2006-06-15,2006-10-05,189593.55287083783,0.75,7.7982065249671e-13,3.410605131648481e-12,0.0,0.0,0.03354275471250856,403.05,60.0,0.0,19.8203237358894,224.09449066794127,85.68975294516515,0.0,0.0,0.0,0.752272707260901,60.0,0.0,329.60456734899583,9816.111807989011,18795.812480282155,319.7092904467323,452.4024503904779,-2.282229960570703e-12,unvalidated-engineering-priors,fixed independent scenario factor; no N cycle,2006-08-11,2006-09-26,2006-09-26,physiological_maturity,R6_physiological_maturity,2006-06-16,seed_layer_available_water,50.0
5,ag_059_049,fallow,2006,2006-10-06,2006-10-11,189593.55287083783,0.75,8.837375276016246e-14,0.0,0.0,0.0,1.0,0.13,0.0,0.0,14.800811325779128,0.0,0.0,0.0,0.0,0.0,0.06596703785247794,0.0,0.0,14.800811325779128,0.0,0.0,452.4024503904779,437.66567202684627,2.375877272697835e-14,unvalidated-engineering-priors,fixed independent scenario factor; no N cycle,,,,right_censored,BBCH89_full_ripeness,,,
5,ag_059_049,wheat,2007,2006-10-12,2007-06-10,189593.55287083783,0.75,2.5934809855243657e-13,3.410605131648481e-12,0.0,0.0,0.04267140235271844,131.05,225.0,0.0,190.52969845546798,288.3890045556215,20.933515130814047,0.0,0.0,0.0,2.9042180915986684,225.0,0.0,499.8522181419035,8463.07178828522,19322.305195548863,437.66567202684627,290.9592357933446,-5.000999614424018e-13,unvalidated-engineering-priors,fixed independent scenario factor; no N cycle,2007-04-27,2007-06-05,2007-06-05,full_ripeness,BBCH89_full_ripeness,2006-10-13,seed_layer_available_water,50.0
5,ag_059_049,fallow,2007,2007-06-11,2007-06-14,189593.55287083783,0.75,4.3076653355456074e-14,0.0,0.0,0.0,1.0,2.13,0.0,0.0,2.7251854471892805,0.0,0.0,0.0,0.0,0.0,0.00035907588532916505,0.0,0.0,2.7251854471892805,0.0,0.0,290.9592357933446,290.36369127027007,-8.693046282814976e-14,unvalidated-engineering-priors,fixed independent scenario factor; no N cycle,,,,right_censored,BBCH89_full_ripeness,,,
5,ag_059_049,maize,2007,2007-06-15,2007-10-05,189593.55287083783,0.75,3.965716643961059e-13,4.405364961712621e-12,0.0,0.0,0.03354275471250856,357.53,60.0,0.0,17.68061255555212,215.32705538376823,76.0442641224696,0.0,0.0,0.0,0.02077583777532691,60.0,0.0,309.05193206178996,9826.431323881428,19505.666815987384,290.36369127027007,398.82098337070346,1.3232193118994928e-12,unvalidated-engineering-priors,fixed independent scenario factor; no N cycle,2007-08-11,2007-09-25,2007-09-25,physiological_maturity,R6_physiological_maturity,2007-06-16,seed_layer_available_water,50.0
5,ag_059_049,fallow,2007,2007-10-06,2007-10-11,189593.55287083783,0.75,5.5067062021407764e-14,0.0,0.0,0.0,1.0,6.4,0.0,0.0,11.2588991,0.0,0.0,0.0,0.0,0.0,0.0009771250488715892,0.0,0.0,11.2588991,0.0,0.0,398.82098337070346,393.96110714565464,-4.929390229335695e-14,unvalidated-engineering-priors,fixed independent scenario factor; no N cycle,,,,right_censored,BBCH89_full_ripeness,,,
5,ag_059_049,wheat,2008,2007-10-12,2008-06-10,189593.55287083783,0.75,2.0627943797535409e-13,2.5579538487363607e-12,0.0,0.0,0.04267140235271844,144.46,225.0,0.0,211.97727082531128,195.9555172845414,36.22394694403332,0.0,0.0,0.0,0.24790435944669695,225.0,0.0,444.156735053886,5828.823759755341,14160.564590397673,393.96110714565464,319.01646773232017,1.7720824807554436e-12,unvalidated-engineering-priors,fixed independent scenario factor; no N cycle,2008-04-25,2008-06-04,2008-06-04,full_ripeness,BBCH89_full_ripeness,2007-10-12,seed_layer_available_water,50.0
5,ag_059_049,fallow,2008,2008-06-11,2008-06-14,189593.55287083783,0.75,4.551914400963142e-14,0.0,0.0,0.0,1.0,4.609999999999999,0.0,0.0,4.909055466443896,0.0,0.0,0.0,0.0,0.0,0.00029622029827666425,0.0,0.0,4.909055466443896,0.0,0.0,319.01646773232017,318.71711604557794,5.395683899678261e-14,unvalidated-engineering-priors,fixed independent scenario factor; no N cycle,,,,right_censored,BBCH89_full_ripeness,,,
5,ag_059_049,maize,2008,2008-06-15,2008-10-05,189593.55287083783,0.75,5.488942633746774e-13,3.637978807091713e-12,0.0,0.0,0.03354275471250856,399.8,60.0,0.0,17.786674857606545,227.884481493947,81.57031787725955,0.0,0.0,0.0,0.5818042413151419,60.0,0.0,327.2414742288131,9922.311637036131,18865.512903611772,318.71711604557794,450.6938375754475,2.2024604362513855e-12,unvalidated-engineering-priors,fixed independent scenario factor; no N cycle,2008-08-11,2008-09-26,2008-09-26,physiological_maturity,R6_physiological_maturity,2008-06-16,seed_layer_available_water,50.0
5,ag_059_049,fallow,2008,2008-10-06,2008-10-11,189593.55287083783,0.75,8.393286066166183e-14,0.0,0.0,0.0,1.0,0.66,0.0,0.0,16.186239303305605,0.0,0.0,0.0,0.0,0.0,0.021247483605656658,0.0,0.0,16.186239303305605,0.0,0.0,450.6938375754475,435.1463507885364,-1.389999226830696e-13,unvalidated-engineering-priors,fixed independent scenario factor; no N cycle,,,,right_censored,BBCH89_full_ripeness,,,
5,ag_059_049,wheat,2009,2008-10-12,2009-06-10,189593.55287083783,0.75,1.9451107391432743e-13,2.9842794901924208e-12,0.0,0.0,0.04267140235271844,126.13,225.0,0.0,205.81979278662263,214.33036789463284,27.131146789921594,0.0,0.0,0.0,1.633408174762714,225.0,0.0,447.28130747117706,6214.980299809874,14296.60020599571,435.1463507885364,337.3616351425971,-4.89164264649844e-13,unvalidated-engineering-priors,fixed independent scenario factor; no N cycle,2009-04-24,2009-06-01,2009-06-01,full_ripeness,BBCH89_full_ripeness,2008-10-12,seed_layer_available_water,50.0
5,ag_059_049,fallow,2009,2009-06-11,2009-06-14,189593.55287083783,0.75,4.2521541843143495e-14,0.0,0.0,0.0,1.0,2.24,0.0,0.0,3.158511345705014,0.0,0.0,0.0,0.0,0.0,0.0008274712743639911,0.0,0.0,3.158511345705014,0.0,0.0,337.3616351425971,336.4422963256178,-8.64863736182997e-14,unvalidated-engineering-priors,fixed independent scenario factor; no N cycle,,,,right_censored,BBCH89_full_ripeness,,,
5,ag_059_049,maize,2009,2009-06-15,2009-10-05,189593.55287083783,0.75,5.240252676230739e-13,4.774847184307873e-12,0.0,0.0,0.03354275471250856,328.75,60.0,0.0,20.28654283922524,243.75427930631895,69.29020769037975,0.0,0.0,0.0,0.04135294239034976,60.0,0.0,333.3310298359239,9870.08271697919,20061.43327236437,336.4422963256178,391.8199135473033,2.1027624086400465e-13,unvalidated-engineering-priors,fixed independent scenario factor; no N cycle,2009-08-12,2009-10-01,2009-10-01,physiological_maturity,R6_physiological_maturity,2009-06-16,seed_layer_available_water,50.0
5,ag_059_049,fallow,2009,2009-10-06,2009-10-11,189593.55287083783,0.75,9.814371537686384e-14,0.0,0.0,0.0,1.0,3.01,0.0,0.0,14.09983563140772,0.0,0.0,0.0,0.0,0.0,0.0013084944910366728,0.0,0.0,14.09983563140772,0.0,0.0,391.8199135473033,380.7287694214048,-2.615685446016869e-13,unvalidated-engineering-priors,fixed independent scenario factor; no N cycle,,,,right_censored,BBCH89_full_ripeness,,,
5,ag_059_049,wheat,2010,2009-10-12,2010-06-10,189593.55287083783,0.75,1.9895196601282805e-13,2.2382096176443156e-12,0.0,0.0,0.04267140235271844,96.35,225.0,0.0,188.96749233059032,201.0452771329174,30.709077748060725,0.0,0.0,0.0,0.17988198022953028,225.0,0.0,420.72184721156844,5157.380681420408,12895.41758060973,380.7287694214048,281.17704022960714,-2.8296809340133677e-13,unvalidated-engineering-priors,fixed independent scenario factor; no N cycle,2010-05-09,,2010-06-10,cut_before_maturity,BBCH89_full_ripeness,2009-10-12,seed_layer_available_water,50.0
5,ag_059_049,fallow,2010,2010-06-11,2010-06-14,189593.55287083783,0.75,1.312283615106935e-13,0.0,0.0,0.0,1.0,0.0,0.0,0.0,2.297991667899943,0.0,0.0,0.0,0.0,0.0,0.00019225647490444403,0.0,0.0,2.297991667899943,0.0,0.0,281.17704022960714,278.8788563052322,9.137135492665038e-14,unvalidated-engineering-priors,fixed independent scenario factor; no N cycle,,,,right_censored,BBCH89_full_ripeness,,,
5,ag_059_049,maize,2010,2010-06-15,2010-10-05,189593.55287083783,0.75,6.852296507986466e-13,3.694822225952521e-12,0.0,0.0,0.03354275471250856,506.24,60.0,0.0,20.04945962840918,208.38002445784608,85.62442999297258,0.0,0.0,0.0,5.821534516284233,60.0,0.0,314.05391407922787,9102.545743130006,17953.79488825921,278.8788563052322,525.2434077097196,5.526135105071717e-13,unvalidated-engineering-priors,fixed independent scenario factor; no N cycle,2010-08-11,2010-09-27,2010-09-27,physiological_maturity,R6_physiological_maturity,2010-06-16,seed_layer_available_water,50.0
5,ag_059_049,fallow,2010,2010-10-06,2010-10-11,189593.55287083783,0.75,1.2079226507921703e-13,0.0,0.0,0.0,1.0,0.0,0.0,0.0,18.483179548452092,0.0,0.0,0.0,0.0,0.0,0.6855911629300777,0.0,0.0,18.483179548452092,0.0,0.0,525.2434077097196,506.07463699833755,-1.4654943925052066e-13,unvalidated-engineering-priors,fixed independent scenario factor; no N cycle,,,,right_censored,BBCH89_full_ripeness,,,
5,ag_059_049,wheat,2011,2010-10-12,2011-06-10,189593.55287083783,0.75,5.346834086594754e-13,3.240074875066057e-12,0.0,0.0,0.04267140235271844,113.21000000000001,225.0,0.0,184.14444391230592,262.9766587105285,22.855200863214073,0.0,0.0,0.0,17.087958748475398,225.0,0.0,469.9763034860485,7300.948301571101,16228.29471938022,506.07463699833755,357.2203747638142,-5.438427486126329e-13,unvalidated-engineering-priors,fixed independent scenario factor; no N cycle,2011-04-28,2011-06-05,2011-06-05,full_ripeness,BBCH89_full_ripeness,2010-10-12,seed_layer_available_water,50.0
5,ag_059_049,fallow,2011,2011-06-11,2011-06-14,189593.55287083783,0.75,5.1958437552457326e-14,0.0,0.0,0.0,1.0,1.74,0.0,0.0,3.4775225700495405,0.0,0.0,0.0,0.0,0.0,0.002323023513895715,0.0,0.0,3.4775225700495405,0.0,0.0,357.2203747638142,355.4805291702508,-2.020605904817785e-14,unvalidated-engineering-priors,fixed independent scenario factor; no N cycle,,,,right_censored,BBCH89_full_ripeness,,,
5,ag_059_049,maize,2011,2011-06-15,2011-10-05,189593.55287083783,0.75,8.22897305852166e-13,5.286437954055145e-12,0.0,0.0,0.03354275471250856,360.26,60.0,0.0,18.72861621918287,218.84310191492972,86.9092799570067,0.0,0.0,0.0,0.205560047748859,60.0,0.0,324.48099809111926,10328.095239312193,19381.315042307433,355.4805291702508,451.05397103138415,-1.5001333508735115e-12,unvalidated-engineering-priors,fixed independent scenario factor; no N cycle,2011-08-11,2011-10-03,2011-10-03,physiological_maturity,R6_physiological_maturity,2011-06-16,seed_layer_available_water,50.0
5,ag_059_049,fallow,2011,2011-10-06,2011-10-11,189593.55287083783,0.75,1.3011813848606835e-13,0.0,0.0,0.0,1.0,6.3999999999999995,0.0,0.0,15.801626393889553,0.0,0.0,0.0,0.0,0.0,0.017756642099785586,0.0,0.0,15.801626393889553,0.0,0.0,451.05397103138415,441.6345879953952,-3.659295089164516e-13,unvalidated-engineering-priors,fixed independent scenario factor; no N cycle,,,,right_censored,BBCH89_full_ripeness,,,
5,ag_059_049,wheat,2012,2011-10-12,2012-06-10,189593.55287083783,0.75,3.703704010149522e-13,2.8279600883251987e-12,0.0,0.0,0.04267140235271844,131.81,225.0,0.0,214.2729078279104,246.95227650152916,24.8373064371788,0.0,0.0,0.0,2.288019633140697,225.0,0.0,486.06249076661834,7298.3384667923465,17142.90343859618,441.6345879953952,310.0940775956347,1.4139245330113681e-12,unvalidated-engineering-priors,fixed independent scenario factor; no N cycle,2012-05-01,2012-06-08,2012-06-08,full_ripeness,BBCH89_full_ripeness,2011-10-12,seed_layer_available_water,50.0
5,ag_059_049,fallow,2012,2012-06-11,2012-06-14,189593.55287083783,0.75,8.421041641781812e-14,0.0,0.0,0.0,1.0,0.61,0.0,0.0,2.0098528077213524,0.0,0.0,0.0,0.0,0.0,0.0006181947806852964,0.0,0.0,2.0098528077213524,0.0,0.0,310.0940775956347,308.6936065931328,-1.4943601911454607e-13,unvalidated-engineering-priors,fixed independent scenario factor; no N cycle,,,,right_censored,BBCH89_full_ripeness,,,
5,ag_059_049,maize,2012,2012-06-15,2012-10-05,189593.55287083783,0.75,4.747313653297169e-13,4.718003765447065e-12,0.0,0.0,0.03354275471250856,376.15,60.0,0.0,21.414304511819555,205.12912154667725,75.8252004315178,0.0,0.0,0.0,0.3182960759124417,60.0,0.0,302.3686264900146,9127.398778855228,17128.187503184112,308.6936065931328,442.156684027205,7.229217224846707e-13,unvalidated-engineering-priors,fixed independent scenario factor; no N cycle,2012-08-11,2012-09-28,2012-09-28,physiological_maturity,R6_physiological_maturity,2012-06-16,seed_layer_available_water,50.0
5,ag_059_049,fallow,2012,2012-10-06,2012-10-11,189593.55287083783,0.75,9.325873406851315e-14,0.0,0.0,0.0,1.0,0.19,0.0,0.0,18.708825997977854,0.0,0.0,0.0,0.0,0.0,0.0156397683394129,0.0,0.0,18.708825997977854,0.0,0.0,442.156684027205,423.6222182608876,1.2745360322696797e-13,unvalidated-engineering-priors,fixed independent scenario factor; no N cycle,,,,right_censored,BBCH89_full_ripeness,,,
5,ag_059_049,wheat,2013,2012-10-12,2013-06-10,189593.55287083783,0.75,2.318145675417327e-13,2.9842794901924208e-12,0.0,0.0,0.04267140235271844,149.39000000000001,225.0,0.0,212.85200822720225,233.46958043977844,34.637906221608425,0.0,0.0,0.0,1.2419834151075673,225.0,0.0,480.9594948885891,6906.718535280584,16168.737480192536,423.6222182608876,315.8107399571889,2.0564661085131775e-12,unvalidated-engineering-priors,fixed independent scenario factor; no N cycle,2013-05-04,,2013-06-10,cut_before_maturity,BBCH89_full_ripeness,2012-10-12,seed_layer_available_water,50.0
5,ag_059_049,fallow,2013,2013-06-11,2013-06-14,189593.55287083783,0.75,1.0791367799356522e-13,0.0,0.0,0.0,1.0,0.01,0.0,0.0,12.127241442418606,0.0,0.0,0.0,0.0,0.0,0.0005137532613906503,0.0,0.0,12.127241442418606,0.0,0.0,315.8107399571889,303.6929847615089,-7.327471962526033e-15,unvalidated-engineering-priors,fixed independent scenario factor; no N cycle,,,,right_censored,BBCH89_full_ripeness,,,
5,ag_059_049,maize,2013,2013-06-15,2013-10-05,189593.55287083783,0.75,5.915268275202834e-13,3.979039320256561e-12,0.0,0.0,0.03354275471250856,390.58,60.0,0.0,20.277359384560192,247.07401318140137,71.15140699419136,0.0,0.0,0.0,3.2226637153738253,60.0,0.0,338.50277956015293,9128.527472252437,17677.2948111101,303.6929847615089,412.5475414859794,2.7294833060409474e-12,unvalidated-engineering-priors,fixed independent scenario factor; no N cycle,2013-08-11,2013-09-24,2013-09-24,physiological_maturity,R6_physiological_maturity,2013-06-16,seed_layer_available_water,50.0
5,ag_059_049,fallow,2013,2013-10-06,2013-10-11,189593.55287083783,0.75,9.370282327836321e-14,0.0,0.0,0.0,1.0,0.0,0.0,0.0,15.27557900332057,0.0,0.0,0.0,0.0,0.0,0.020827551277782866,0.0,0.0,15.27557900332057,0.0,0.0,412.5475414859794,397.2511349313811,-3.108624468950438e-14,unvalidated-engineering-priors,fixed independent scenario factor; no N cycle,,,,right_censored,BBCH89_full_ripeness,,,
5,ag_059_049,wheat,2014,2013-10-12,2014-06-10,189593.55287083783,0.75,1.6475709685437323e-13,2.5153212845907547e-12,0.0,0.0,0.04267140235271844,134.07999999999998,225.0,0.0,212.0190398037245,177.17326603820152,31.72952927837579,0.0,0.0,0.0,0.8429572916381024,225.0,0.0,420.9218351203018,5498.030116055331,12478.172362165538,397.2511349313811,334.5663425194405,6.81538159241768e-13,unvalidated-engineering-priors,fixed independent scenario factor; no N cycle,2014-04-19,2014-05-30,2014-05-30,full_ripeness,BBCH89_full_ripeness,2013-10-13,seed_layer_available_water,50.0
5,ag_059_049,fallow,2014,2014-06-11,2014-06-14,189593.55287083783,0.75,4.75175454539567e-14,0.0,0.0,0.0,1.0,4.640000000000001,0.0,0.0,5.005122753363102,0.0,0.0,0.0,0.0,0.0,0.0007699791550426294,0.0,0.0,5.005122753363102,0.0,0.0,334.5663425194405,334.2004497869224,4.107825191113079e-15,unvalidated-engineering-priors,fixed independent scenario factor; no N cycle,,,,right_censored,BBCH89_full_ripeness,,,
5,ag_059_049,maize,2014,2014-06-15,2014-10-05,189593.55287083783,0.75,5.790923296444817e-13,2.8705926524708048e-12,0.0,0.0,0.03354275471250856,358.54,60.0,0.0,16.267207623898287,243.9898189539305,82.36819103908671,0.0,0.0,0.0,0.8352576268197077,60.0,0.0,342.6252176169155,9661.229482759298,19794.00030220786,334.2004497869224,409.27997454318773,-5.56027446307894e-13,unvalidated-engineering-priors,fixed independent scenario factor; no N cycle,2014-08-12,2014-09-28,2014-09-28,physiological_maturity,R6_physiological_maturity,2014-06-16,seed_layer_available_water,50.0
5,ag_059_049,fallow,2014,2014-10-06,2014-10-11,189593.55287083783,0.75,1.0746958878371515e-13,0.0,0.0,0.0,1.0,0.0,0.0,0.0,16.842841892867025,0.0,0.0,0.0,0.0,0.0,0.002218156410084456,0.0,0.0,16.842841892867025,0.0,0.0,409.27997454318773,392.4349144939107,-7.105427357601002e-14,unvalidated-engineering-priors,fixed independent scenario factor; no N cycle,,,,right_censored,BBCH89_full_ripeness,,,
5,ag_059_049,wheat,2015,2014-10-12,2015-06-10,189593.55287083783,0.75,1.770250612764812e-13,2.5437429940211587e-12,0.0,0.0,0.04267140235271844,119.92,225.0,0.0,204.27078957197085,200.6304650046261,34.2023821748321,0.0,0.0,0.0,0.2680722683699551,225.0,0.0,439.10363675142906,6172.520817945613,13708.931458265277,392.4349144939107,297.9832054741113,3.8688496850625143e-13,unvalidated-engineering-priors,fixed independent scenario factor; no N cycle,2015-04-26,2015-06-03,2015-06-03,full_ripeness,BBCH89_full_ripeness,2014-10-12,seed_layer_available_water,50.0
5,ag_059_049,fallow,2015,2015-06-11,2015-06-14,189593.55287083783,0.75,7.116529587847253e-14,0.0,0.0,0.0,1.0,0.01,0.0,0.0,1.4637337497022365,0.0,0.0,0.0,0.0,0.0,0.000272201271597971,0.0,0.0,1.4637337497022365,0.0,0.0,297.9832054741113,296.5291995231375,-4.013456234019941e-14,unvalidated-engineering-priors,fixed independent scenario factor; no N cycle,,,,right_censored,BBCH89_full_ripeness,,,
5,ag_059_049,maize,2015,2015-06-15,2015-10-05,189593.55287083783,0.75,2.3148150063434514e-13,3.666400516522117e-12,0.0,0.0,0.03354275471250856,232.73000000000002,60.0,0.0,21.105457317012718,172.4738283816616,77.80951492647868,0.0,0.0,0.0,0.00504946965299457,60.0,0.0,271.388800625153,8857.250049065844,17642.678382420272,296.5291995231375,317.8653494283316,-1.34781075189494e-13,unvalidated-engineering-priors,fixed independent scenario factor; no N cycle,2015-08-12,2015-09-27,2015-09-27,physiological_maturity,R6_physiological_maturity,2015-06-16,seed_layer_available_water,50.0
5,ag_059_049,fallow,2015,2015-10-06,2015-10-11,189593.55287083783,0.75,8.615330671091215e-14,0.0,0.0,0.0,1.0,0.75,0.0,0.0,13.325416482662648,0.0,0.0,0.0,0.0,0.0,5.209920220278791e-05,0.0,0.0,13.325416482662648,0.0,0.0,317.8653494283316,305.2898808464668,-3.9968028886505635e-14,unvalidated-engineering-priors,fixed independent scenario factor; no N cycle,,,,right_censored,BBCH89_full_ripeness,,,
5,ag_059_049,wheat,2016,2015-10-12,2016-06-10,189593.55287083783,0.75,2.1227464230832993e-13,2.2737367544323206e-12,0.0,0.0,0.04267140235271844,171.81,225.0,0.0,255.8313089171425,151.68916243403734,18.69166264972748,0.0,0.0,0.0,0.004711026514190092,225.0,0.0,426.2121340009073,3747.433510015028,9036.125450512332,305.2898808464668,275.8830358190454,-1.0288991880713638e-13,unvalidated-engineering-priors,fixed independent scenario factor; no N cycle,2016-04-24,2016-05-31,2016-05-31,full_ripeness,BBCH89_full_ripeness,2015-10-13,seed_layer_available_water,50.0
5,ag_059_049,fallow,2016,2016-06-11,2016-06-14,189593.55287083783,0.75,4.973799150320701e-14,0.0,0.0,0.0,1.0,32.45,0.0,0.0,12.024323509405491,0.0,0.0,0.0,0.0,0.0,3.2982868847090605e-05,0.0,0.0,12.024323509405491,0.0,0.0,275.8830358190454,296.3086793267711,-1.7985612998927536e-14,unvalidated-engineering-priors,fixed independent scenario factor; no N cycle,,,,right_censored,BBCH89_full_ripeness,,,
5,ag_059_049,maize,2016,2016-06-15,2016-10-05,189593.55287083783,0.75,1.0187406473960436e-12,2.3305801732931286e-12,0.0,0.0,0.03354275471250856,532.13,60.0,0.0,20.236130766259496,215.10898601040245,85.35578846057832,0.0,0.0,0.0,42.93323410891237,60.0,0.0,320.70090523724025,9220.003429634658,17335.013703618828,296.3086793267711,524.8045399806209,-2.4981128277090647e-12,unvalidated-engineering-priors,fixed independent scenario factor; no N cycle,2016-08-10,2016-09-22,2016-09-22,physiological_maturity,R6_physiological_maturity,2016-06-15,seed_layer_available_water,50.0
5,ag_059_049,fallow,2016,2016-10-06,2016-10-11,189593.55287083783,0.75,1.7630341631047486e-13,0.0,0.0,0.0,1.0,6.17,0.0,0.0,16.4134635621551,0.0,0.0,0.0,0.0,0.0,1.0998811432231312,0.0,0.0,16.4134635621551,0.0,0.0,524.8045399806209,513.4611952752431,-4.027889133340068e-13,unvalidated-engineering-priors,fixed independent scenario factor; no N cycle,,,,right_censored,BBCH89_full_ripeness,,,
5,ag_059_049,wheat,2017,2016-10-12,2017-06-10,189593.55287083783,0.75,7.833733661755105e-13,4.035882739117369e-12,0.0,0.0,0.04267140235271844,174.55,225.0,0.0,244.8703527228354,257.27003846700785,35.50013695079936,0.0,0.0,0.0,25.676171153072286,225.0,0.0,537.6405281406427,8279.096945262723,18380.824651062074,513.4611952752431,349.69449598152846,-3.109179580462751e-13,unvalidated-engineering-priors,fixed independent scenario factor; no N cycle,2017-04-24,2017-06-02,2017-06-02,full_ripeness,BBCH89_full_ripeness,2016-10-12,seed_layer_available_water,50.0
5,ag_059_049,fallow,2017,2017-06-11,2017-06-14,189593.55287083783,0.75,1.1191048088221578e-13,0.0,0.0,0.0,1.0,25.59,0.0,0.0,12.697311165536652,0.0,0.0,0.0,0.0,0.0,0.003151666622631436,0.0,0.0,12.697311165536652,0.0,0.0,349.69449598152846,362.5840331493691,1.0047518372857667e-13,unvalidated-engineering-priors,fixed independent scenario factor; no N cycle,,,,right_censored,BBCH89_full_ripeness,,,
5,ag_059_049,maize,2017,2017-06-15,2017-10-05,189593.55287083783,0.75,4.001243780749064e-13,3.637978807091713e-12,3.552713678800501e-15,0.0,0.03354275471250856,288.55,60.0,0.0,18.811692587648288,240.46166792618297,89.42267135335008,0.0,0.0,0.0,0.13747202891456498,60.0,0.0,348.6960318671813,9338.91203253445,19107.793963727687,362.5840331493691,362.30052925327215,1.0453859999870474e-12,unvalidated-engineering-priors,fixed independent scenario factor; no N cycle,2017-08-11,2017-09-24,2017-09-24,physiological_maturity,R6_physiological_maturity,2017-06-15,seed_layer_available_water,50.0
5,ag_059_049,fallow,2017,2017-10-06,2017-10-11,189593.55287083783,0.75,9.414691248821327e-14,0.0,0.0,0.0,1.0,31.95,0.0,0.0,8.63260832,0.0,0.0,0.0,0.0,0.0,0.0009294635543080789,0.0,0.0,8.63260832,0.0,0.0,362.30052925327215,385.61699146971773,1.056932319443149e-13,unvalidated-engineering-priors,fixed independent scenario factor; no N cycle,,,,right_censored,BBCH89_full_ripeness,,,
5,ag_059_049,wheat,2018,2017-10-12,2018-06-10,189593.55287083783,0.75,1.8474111129762605e-13,2.0534685063466895e-12,0.0,0.0,0.04267140235271844,180.79,225.0,0.0,241.71917469746043,182.74160692768484,19.01126871330012,0.0,0.0,0.0,0.20486102604712095,225.0,0.0,443.4720503384454,4686.150263154695,11190.328563136418,385.61699146971773,347.7300801052249,3.285982597134307e-13,unvalidated-engineering-priors,fixed independent scenario factor; no N cycle,2018-04-25,2018-06-02,2018-06-02,full_ripeness,BBCH89_full_ripeness,2017-10-12,seed_layer_available_water,50.0
5,ag_059_049,fallow,2018,2018-06-11,2018-06-14,189593.55287083783,0.75,1.1968204205459188e-13,0.0,0.0,0.0,1.0,0.2,0.0,0.0,9.310861856393634,0.0,0.0,0.0,0.0,0.0,0.0004839249015415524,0.0,0.0,9.310861856393634,0.0,0.0,347.7300801052249,338.61873432392963,8.038014698286133e-14,unvalidated-engineering-priors,fixed independent scenario factor; no N cycle,,,,right_censored,BBCH89_full_ripeness,,,
5,ag_059_049,maize,2018,2018-06-15,2018-10-05,189593.55287083783,0.75,4.098943406916078e-13,2.3874235921539366e-12,0.0,0.0,0.03354275471250856,331.67,60.0,0.0,20.522419693901647,226.6597031781915,76.95902943845579,0.0,0.0,0.0,0.0740378670934131,60.0,0.0,324.14115231054893,8425.946706423809,16505.009572352334,338.61873432392963,406.0735441462851,2.1970758545819535e-12,unvalidated-engineering-priors,fixed independent scenario factor; no N cycle,2018-08-10,2018-09-22,2018-09-22,physiological_maturity,R6_physiological_maturity,2018-06-16,seed_layer_available_water,50.0
5,ag_059_049,fallow,2018,2018-10-06,2018-10-11,189593.55287083783,0.75,9.85878045867139e-14,0.0,0.0,0.0,1.0,0.38,0.0,0.0,16.210616180143507,0.0,0.0,0.0,0.0,0.0,0.0026043615159533407,0.0,0.0,16.210616180143507,0.0,0.0,406.0735441462851,390.2403236046257,-7.527312106958561e-14,unvalidated-engineering-priors,fixed independent scenario factor; no N cycle,,,,right_censored,BBCH89_full_ripeness,,,
5,ag_059_049,wheat,2019,2018-10-12,2019-06-10,189593.55287083783,0.75,2.646771690706373e-13,2.9558577807620168e-12,0.0,0.0,0.04267140235271844,110.45,225.0,0.0,200.01512204488643,198.98711637232591,27.904561916757626,0.0,0.0,0.0,0.27629626355350606,225.0,0.0,426.90680033396995,5604.102098836089,13471.558623647383,390.2403236046257,298.50722700710276,-5.175582185046324e-13,unvalidated-engineering-priors,fixed independent scenario factor; no N cycle,2019-04-25,2019-06-06,2019-06-06,full_ripeness,BBCH89_full_ripeness,2018-10-12,seed_layer_available_water,50.0
5,ag_059_049,fallow,2019,2019-06-11,2019-06-14,189593.55287083783,0.75,4.6407322429331543e-14,0.0,0.0,0.0,1.0,0.12,0.0,0.0,2.4907840927878984,0.0,0.0,0.0,0.0,0.0,0.0002460379747353183,0.0,0.0,2.4907840927878984,0.0,0.0,298.50722700710276,296.1361968763402,-7.099876242477876e-14,unvalidated-engineering-priors,fixed independent scenario factor; no N cycle,,,,right_censored,BBCH89_full_ripeness,,,
5,ag_059_049,maize,2019,2019-06-15,2019-10-05,189593.55287083783,0.75,2.2470914018413168e-13,3.154809746774845e-12,0.0,0.0,0.03354275471250856,288.04,60.0,0.0,22.43367950746206,183.20757122088926,80.4532507495881,0.0,0.0,0.0,0.008674878558471264,60.0,0.0,286.0945014779394,8689.096673400512,17504.197104659885,296.1361968763402,358.07302051984266,-3.406719351062293e-13,unvalidated-engineering-priors,fixed independent scenario factor; no N cycle,2019-08-12,2019-09-26,2019-09-26,physiological_maturity,R6_physiological_maturity,2019-06-16,seed_layer_available_water,50.0
5,ag_059_049,fallow,2019,2019-10-06,2019-10-11,189593.55287083783,0.75,1.0125233984581428e-13,0.0,0.0,0.0,1.0,14.680000000000001,0.0,0.0,13.4540984,0.0,0.0,0.0,0.0,0.0,0.0002636151684038874,0.0,0.0,13.4540984,0.0,0.0,358.07302051984266,359.2986585046744,-1.3944401189291966e-13,unvalidated-engineering-priors,fixed independent scenario factor; no N cycle,,,,right_censored,BBCH89_full_ripeness,,,
5,ag_059_049,wheat,2020,2019-10-12,2020-06-10,189593.55287083783,0.75,2.0605739337042905e-13,3.154809746774845e-12,0.0,0.0,0.04267140235271844,129.73,225.0,0.0,208.31582132461983,189.05290835595395,29.758629968846343,0.0,0.0,0.0,0.0482535538691808,225.0,0.0,427.1273596494201,5741.60578968857,12733.591685322057,359.2986585046744,286.85304530138495,1.350586309456503e-13,unvalidated-engineering-priors,fixed independent scenario factor; no N cycle,2020-04-24,2020-06-02,2020-06-02,full_ripeness,BBCH89_full_ripeness,2019-10-12,seed_layer_available_water,50.0
5,ag_059_049,fallow,2020,2020-06-11,2020-06-14,189593.55287083783,0.75,3.702593787124897e-14,0.0,0.0,0.0,1.0,0.62,0.0,0.0,1.3583733231053408,0.0,0.0,0.0,0.0,0.0,9.862550967887094e-05,0.0,0.0,1.3583733231053408,0.0,0.0,286.85304530138495,286.1145733527699,9.242606680004428e-15,unvalidated-engineering-priors,fixed independent scenario factor; no N cycle,,,,right_censored,BBCH89_full_ripeness,,,
5,ag_059_049,maize,2020,2020-06-15,2020-10-05,189593.55287083783,0.75,6.465938895416912e-13,2.3874235921539366e-12,0.0,0.0,0.03354275471250856,360.82,60.0,0.0,19.001088003228364,208.23156710092397,70.49016689211217,0.0,0.0,0.0,0.27610419070568765,60.0,0.0,297.7228219962645,9099.838667850612,16899.496268088384,286.1145733527699,408.9356471657949,4.848788037747909e-12,unvalidated-engineering-priors,fixed independent scenario factor; no N cycle,2020-08-12,2020-09-25,2020-09-25,physiological_maturity,R6_physiological_maturity,2020-06-16,seed_layer_available_water,50.0
5,ag_059_049,fallow,2020,2020-10-06,2020-10-11,189593.55287083783,0.75,1.2567724638756772e-13,0.0,0.0,0.0,1.0,1.78,0.0,0.0,12.926784947775722,0.0,0.0,0.0,0.0,0.0,0.010863378084737684,0.0,0.0,12.926784947775722,0.0,0.0,408.9356471657949,397.7779988399347,-2.808864252301646e-13,unvalidated-engineering-priors,fixed independent scenario factor; no N cycle,,,,right_censored,BBCH89_full_ripeness,,,
5,ag_059_049,wheat,2021,2020-10-12,2021-06-10,189593.55287083783,0.75,2.0672352718520415e-13,2.5579538487363607e-12,0.0,0.0,0.04267140235271844,127.95,225.0,0.0,202.72062770267925,221.84456285606942,31.047341240409935,0.0,0.0,0.0,0.5889879967562578,225.0,0.0,455.6125317991586,6663.137202552007,15157.055245965072,397.7779988399347,294.5264790440192,6.577793865147896e-13,unvalidated-engineering-priors,fixed independent scenario factor; no N cycle,2021-04-21,2021-05-30,2021-05-30,full_ripeness,BBCH89_full_ripeness,2020-10-12,seed_layer_available_water,50.0
5,ag_059_049,fallow,2021,2021-06-11,2021-06-14,189593.55287083783,0.75,1.2079226507921703e-13,0.0,0.0,0.0,1.0,12.2,0.0,0.0,6.312349352441436,0.0,0.0,0.0,0.0,0.0,0.00027019775812414063,0.0,0.0,6.312349352441436,0.0,0.0,294.5264790440192,300.4138594938197,-6.394884621840902e-14,unvalidated-engineering-priors,fixed independent scenario factor; no N cycle,,,,right_censored,BBCH89_full_ripeness,,,
5,ag_059_049,maize,2021,2021-06-15,2021-10-05,189593.55287083783,0.75,6.945555242054979e-13,3.495870259939693e-12,0.0,0.0,0.03354275471250856,671.15,60.0,0.0,18.177099041069624,181.91349632455774,102.2742217134478,0.0,0.0,0.0,21.045809114782298,60.0,0.0,302.3648170790752,8770.151023042114,17569.66745849316,300.4138594938197,708.1532332999614,8.839595722065496e-13,unvalidated-engineering-priors,fixed independent scenario factor; no N cycle,2021-08-10,2021-09-23,2021-09-23,physiological_maturity,R6_physiological_maturity,2021-06-15,seed_layer_available_water,50.0
5,ag_059_049,fallow,2021,2021-10-06,2021-10-11,189593.55287083783,0.75,1.305622276959184e-13,0.0,0.0,0.0,1.0,28.42,0.0,0.0,11.599126830000003,0.0,0.0,0.0,0.0,0.0,27.955904385735227,0.0,0.0,11.599126830000003,0.0,0.0,708.1532332999614,697.0182020842262,-1.0302869668521453e-13,unvalidated-engineering-priors,fixed independent scenario factor; no N cycle,,,,right_censored,BBCH89_full_ripeness,,,
5,ag_059_049,wheat,2022,2021-10-12,2022-06-10,189593.55287083783,0.75,5.897504706808832e-13,4.973799150320701e-12,0.0,0.0,0.04267140235271844,98.71,225.0,0.0,202.22497257761907,308.42514702904083,24.606965846568013,0.0,0.0,0.0,152.22938187404125,225.0,0.0,535.2570854532279,9143.98060841311,19854.024588564433,697.0182020842262,333.2417347569562,8.748557434046234e-13,unvalidated-engineering-priors,fixed independent scenario factor; no N cycle,2022-04-22,2022-06-05,2022-06-05,full_ripeness,BBCH89_full_ripeness,2021-10-12,seed_layer_available_water,50.0
5,ag_059_049,fallow,2022,2022-06-11,2022-06-14,189593.55287083783,0.75,4.3298697960381105e-14,0.0,0.0,0.0,1.0,2.14,0.0,0.0,3.6847764025269316,0.0,0.0,0.0,0.0,0.0,0.0017387875593207985,0.0,0.0,3.6847764025269316,0.0,0.0,333.2417347569562,331.6952195668699,1.5654144647214707e-14,unvalidated-engineering-priors,fixed independent scenario factor; no N cycle,,,,right_censored,BBCH89_full_ripeness,,,
5,ag_059_049,maize,2022,2022-06-15,2022-10-05,189593.55287083783,0.75,9.707790127322369e-13,3.183231456205249e-12,0.0,0.0,0.03354275471250856,510.83,60.0,0.0,20.667450087757526,244.22839671901718,61.78908459947039,0.0,0.0,0.0,16.979119262507353,60.0,0.0,326.6849314062451,9574.788988426615,17685.11845981455,331.6952195668699,558.8611688981173,1.8141044222375058e-13,unvalidated-engineering-priors,fixed independent scenario factor; no N cycle,2022-08-12,2022-09-26,2022-09-26,physiological_maturity,R6_physiological_maturity,2022-06-16,seed_layer_available_water,50.0
5,ag_059_049,fallow,2022,2022-10-06,2022-10-11,189593.55287083783,0.75,1.4210854715202004e-13,0.0,0.0,0.0,1.0,0.03,0.0,0.0,18.987706799999994,0.0,0.0,0.0,0.0,0.0,0.3747286717879594,0.0,0.0,18.987706799999994,0.0,0.0,558.8611688981173,539.5287334263292,1.7630341631047486e-13,unvalidated-engineering-priors,fixed independent scenario factor; no N cycle,,,,right_censored,BBCH89_full_ripeness,,,
5,ag_059_049,wheat,2023,2022-10-12,2023-06-10,189593.55287083783,0.75,5.924150059399835e-13,2.8705926524708048e-12,0.0,0.0,0.04267140235271844,152.5,225.0,0.0,229.46613989798365,242.33365513631932,30.572328022805966,0.0,0.0,0.0,24.28069362162168,225.0,0.0,502.3721230571089,7230.963142757961,16248.378588765916,539.5287334263292,390.37591674760046,-1.91402449445377e-12,unvalidated-engineering-priors,fixed independent scenario factor; no N cycle,2023-04-19,2023-05-30,2023-05-30,full_ripeness,BBCH89_full_ripeness,2022-10-12,seed_layer_available_water,50.0
5,ag_059_049,fallow,2023,2023-06-11,2023-06-14,189593.55287083783,0.75,7.366329768387914e-14,0.0,0.0,0.0,1.0,0.76,0.0,0.0,3.3403033324969496,0.0,0.0,0.0,0.0,0.0,0.009672445972247916,0.0,0.0,3.3403033324969496,0.0,0.0,390.37591674760046,387.78594096913133,-7.30526750203353e-14,unvalidated-engineering-priors,fixed independent scenario factor; no N cycle,,,,right_censored,BBCH89_full_ripeness,,,
5,ag_059_049,maize,2023,2023-06-15,2023-10-05,189593.55287083783,0.75,7.340794638821535e-13,4.092726157978177e-12,0.0,0.0,0.03354275471250856,408.24,60.0,0.0,19.010771655906517,268.53675845105096,81.45217844988261,0.0,0.0,0.0,1.1274514340169965,60.0,0.0,368.99970855684006,10124.961556390874,20674.871282020304,387.78594096913133,485.89878097827284,1.45417011765403e-12,unvalidated-engineering-priors,fixed independent scenario factor; no N cycle,2023-08-12,2023-09-24,2023-09-24,physiological_maturity,R6_physiological_maturity,2023-06-16,seed_layer_available_water,50.0
5,ag_059_049,fallow,2023,2023-10-06,2023-10-11,189593.55287083783,0.75,9.947598300641403e-14,0.0,0.0,0.0,1.0,0.14,0.0,0.0,15.706650396572584,0.0,0.0,0.0,0.0,0.0,0.07996237025626779,0.0,0.0,15.706650396572584,0.0,0.0,485.89878097827284,470.2521682114441,-1.0125233984581428e-13,unvalidated-engineering-priors,fixed independent scenario factor; no N cycle,,,,right_censored,BBCH89_full_ripeness,,,
5,ag_059_049,wheat,2024,2023-10-12,2024-06-10,189593.55287083783,0.75,3.836930773104541e-13,3.950617610826157e-12,0.0,0.0,0.04267140235271844,89.02,225.0,0.0,198.47343380052322,259.35040172006603,21.552002205924648,0.0,0.0,0.0,5.697370839180911,225.0,0.0,479.37583772651396,7165.367425451603,16863.916191342578,470.2521682114441,299.19895964574914,9.992007221626409e-14,unvalidated-engineering-priors,fixed independent scenario factor; no N cycle,2024-04-23,2024-06-02,2024-06-02,full_ripeness,BBCH89_full_ripeness,2023-10-12,seed_layer_available_water,50.0
5,ag_059_049,fallow,2024,2024-06-11,2024-06-14,189593.55287083783,0.75,6.045164369083977e-14,0.0,0.0,0.0,1.0,1.2,0.0,0.0,2.044334184188974,0.0,0.0,0.0,0.0,0.0,0.0005906540990295366,0.0,0.0,2.044334184188974,0.0,0.0,299.19895964574914,298.35403480746123,-9.447997939560082e-14,unvalidated-engineering-priors,fixed independent scenario factor; no N cycle,,,,right_censored,BBCH89_full_ripeness,,,
5,ag_059_049,maize,2024,2024-06-15,2024-10-05,189593.55287083783,0.75,4.547473508864641e-13,4.376943252282217e-12,0.0,0.0,0.03354275471250856,403.69,60.0,0.0,21.11941806250809,215.96244738781942,90.11950818113306,0.0,0.0,0.0,0.05146985723438624,60.0,0.0,327.20137363146057,8912.367866013965,17542.396342159118,298.35403480746123,434.791191318765,1.236899471734887e-12,unvalidated-engineering-priors,fixed independent scenario factor; no N cycle,2024-08-10,2024-09-22,2024-09-22,physiological_maturity,R6_physiological_maturity,2024-06-16,seed_layer_available_water,50.0
5,ag_059_049,fallow,2024,2024-10-06,2024-10-11,189593.55287083783,0.75,9.237055564881302e-14,0.0,0.0,0.0,1.0,0.85,0.0,0.0,16.81271136450837,0.0,0.0,0.0,0.0,0.0,0.003525200044869115,0.0,0.0,16.81271136450837,0.0,0.0,434.791191318765,418.82495475421166,1.1723955140041653e-13,unvalidated-engineering-priors,fixed independent scenario factor; no N cycle,,,,right_censored,BBCH89_full_ripeness,,,
5,ag_059_049,wheat,2025,2024-10-12,2025-06-10,189593.55287083783,0.75,1.9895196601282805e-13,2.7284841053187847e-12,0.0,0.0,0.04267140235271844,138.98,225.0,0.0,228.92950563176592,229.41890926466783,24.41415851578176,0.0,0.0,0.0,0.9586787274100438,225.0,0.0,482.76257341221554,5929.238406170355,13917.830152099023,418.82495475421166,299.08370261458435,1.7380819006262982e-12,unvalidated-engineering-priors,fixed independent scenario factor; no N cycle,2025-04-21,2025-05-30,2025-05-30,full_ripeness,BBCH89_full_ripeness,2024-10-12,seed_layer_available_water,50.0
5,ag_059_049,fallow,2025,2025-06-11,2025-06-14,189593.55287083783,0.75,1.3145040611561853e-13,0.0,0.0,0.0,1.0,11.32,0.0,0.0,4.314606728260908,0.0,0.0,0.0,0.0,0.0,0.00033568216376372265,0.0,0.0,4.314606728260908,0.0,0.0,299.08370261458435,306.08876020415954,1.4099832412739488e-13,unvalidated-engineering-priors,fixed independent scenario factor; no N cycle,,,,right_censored,BBCH89_full_ripeness,,,
5,ag_059_049,maize,2025,2025-06-15,2025-10-05,189593.55287083783,0.75,4.18332035678759e-13,3.936406756110955e-12,0.0,0.0,0.03354275471250856,311.75,60.0,0.0,19.870718526932176,189.87991265658678,93.39209797783057,0.0,0.0,0.0,0.023135133977420032,60.0,0.0,303.1427291613495,8000.220289661877,17115.49543574093,306.08876020415954,374.6728959088323,3.1752378504279477e-13,unvalidated-engineering-priors,fixed independent scenario factor; no N cycle,2025-08-09,2025-09-20,2025-09-20,physiological_maturity,R6_physiological_maturity,2025-06-15,seed_layer_available_water,50.0
5,ag_059_049,fallow,1996,1996-01-01,1996-10-11,189593.55287083783,1.0,3.2507330161024584e-13,0.0,0.0,0.0,1.0,753.5600000000001,0.0,0.0,498.35760022062226,0.0,0.0,0.0,0.0,0.0,149.7939503379392,0.0,0.0,498.35760022062226,0.0,0.0,443.9393921932174,549.3478416346567,-7.857048345272233e-13,unvalidated-engineering-priors,fixed independent scenario factor; no N cycle,,,,right_censored,BBCH89_full_ripeness,,,
5,ag_059_049,wheat,1997,1996-10-12,1997-06-10,189593.55287083783,1.0,6.004086117172847e-13,4.177991286269389e-12,0.0,0.0,0.04267140235271844,112.39,300.0,0.0,200.2579438066448,277.49822068296265,24.032279991356823,0.0,0.0,0.0,46.55701974275505,300.0,0.0,501.7884444809643,8957.938327414213,20126.76106837067,549.3478416346567,413.3923774109388,-1.4990231278488864e-12,unvalidated-engineering-priors,fixed independent scenario factor; no N cycle,1997-04-29,1997-06-04,1997-06-04,full_ripeness,BBCH89_full_ripeness,1996-10-12,seed_layer_available_water,50.0
5,ag_059_049,fallow,1997,1997-06-11,1997-06-14,189593.55287083783,1.0,1.1501910535116622e-13,0.0,0.0,0.0,1.0,2.08,0.0,0.0,4.807702829968806,0.0,0.0,0.0,0.0,0.0,0.024521381402607102,0.0,0.0,4.807702829968806,0.0,0.0,413.3923774109388,410.6401531995672,2.277067423506196e-13,unvalidated-engineering-priors,fixed independent scenario factor; no N cycle,,,,right_censored,BBCH89_full_ripeness,,,
5,ag_059_049,maize,1997,1997-06-15,1997-10-05,189593.55287083783,1.0,4.1744385725905886e-13,4.220623850414995e-12,0.0,0.0,0.03354275471250856,153.07,80.0,0.0,20.90086974222869,258.6678699264624,50.693698244682274,0.0,0.0,0.0,0.6592646311834435,80.0,0.0,330.2624379133734,10230.660310938854,20927.548300300412,410.6401531995672,312.7884506550105,-1.1302070390684094e-13,unvalidated-engineering-priors,fixed independent scenario factor; no N cycle,1997-08-12,1997-09-29,1997-09-29,physiological_maturity,R6_physiological_maturity,1997-06-16,seed_layer_available_water,50.0
5,ag_059_049,fallow,1997,1997-10-06,1997-10-11,189593.55287083783,1.0,7.016609515630989e-14,0.0,0.0,0.0,1.0,0.0,0.0,0.0,12.259694374286736,0.0,0.0,0.0,0.0,0.0,0.0003216267805549868,0.0,0.0,12.259694374286736,0.0,0.0,312.7884506550105,300.52843465394324,-4.884981308350689e-14,unvalidated-engineering-priors,fixed independent scenario factor; no N cycle,,,,right_censored,BBCH89_full_ripeness,,,
5,ag_059_049,wheat,1998,1997-10-12,1998-06-10,189593.55287083783,1.0,1.716404796070492e-13,2.3874235921539366e-12,0.0,0.0,0.04267140235271844,226.32,300.0,0.0,259.6220132854108,145.7606182559878,49.34429399773111,0.0,0.0,0.0,0.016468750108947605,300.0,0.0,454.7269255391297,5486.257048204953,12342.177443421933,300.52843465394324,372.1050403647047,-9.175993298526919e-14,unvalidated-engineering-priors,fixed independent scenario factor; no N cycle,1998-04-27,1998-06-04,1998-06-04,full_ripeness,BBCH89_full_ripeness,1997-10-13,seed_layer_available_water,50.0
5,ag_059_049,fallow,1998,1998-06-11,1998-06-14,189593.55287083783,1.0,4.263256414560601e-14,0.0,0.0,0.0,1.0,3.75,0.0,0.0,6.217902638547104,0.0,0.0,0.0,0.0,0.0,0.0012327177769003192,0.0,0.0,6.217902638547104,0.0,0.0,372.1050403647047,369.6359050083807,-1.532107773982716e-14,unvalidated-engineering-priors,fixed independent scenario factor; no N cycle,,,,right_censored,BBCH89_full_ripeness,,,
5,ag_059_049,maize,1998,1998-06-15,1998-10-05,189593.55287083783,1.0,1.0533796057643485e-12,3.694822225952521e-12,0.0,0.0,0.03354275471250856,509.09,80.0,0.0,21.498389621341957,243.67444272080317,81.27165529821342,0.0,0.0,0.0,86.5730554651799,80.0,0.0,346.44448764035855,9619.93297714466,18344.990805129954,369.6359050083807,525.7083619028388,3.459676989336913e-12,unvalidated-engineering-priors,fixed independent scenario factor; no N cycle,1998-08-11,1998-09-24,1998-09-24,physiological_maturity,R6_physiological_maturity,1998-06-16,seed_layer_available_water,50.0
5,ag_059_049,fallow,1998,1998-10-06,1998-10-11,189593.55287083783,1.0,1.8829382497642655e-13,0.0,0.0,0.0,1.0,1.9300000000000002,0.0,0.0,12.799800090401034,0.0,0.0,0.0,0.0,0.0,1.4555164112154866,0.0,0.0,12.799800090401034,0.0,0.0,525.7083619028388,513.3830454012219,3.1907809727727e-13,unvalidated-engineering-priors,fixed independent scenario factor; no N cycle,,,,right_censored,BBCH89_full_ripeness,,,
5,ag_059_049,wheat,1999,1998-10-12,1999-06-10,189593.55287083783,1.0,5.619948950652542e-13,3.637978807091713e-12,0.0,0.0,0.04267140235271844,106.32,300.0,0.0,208.44021595528343,242.00825295010918,39.294396361906934,0.0,0.0,0.0,25.50966353500302,300.0,0.0,489.7428652672996,7565.881593637639,17084.584716578574,513.3830454012219,404.45051659892044,-1.0961787033636483e-12,unvalidated-engineering-priors,fixed independent scenario factor; no N cycle,1999-04-23,1999-05-31,1999-05-31,full_ripeness,BBCH89_full_ripeness,1998-10-12,seed_layer_available_water,50.0
5,ag_059_049,fallow,1999,1999-06-11,1999-06-14,189593.55287083783,1.0,1.2145839889399213e-13,0.0,0.0,0.0,1.0,10.5,0.0,0.0,6.46832515350676,0.0,0.0,0.0,0.0,0.0,0.01604457347540122,0.0,0.0,6.46832515350676,0.0,0.0,404.45051659892044,408.4661468719382,1.0380585280245214e-13,unvalidated-engineering-priors,fixed independent scenario factor; no N cycle,,,,right_censored,BBCH89_full_ripeness,,,
5,ag_059_049,maize,1999,1999-06-15,1999-10-05,189593.55287083783,1.0,4.518607710224387e-13,5.059064278611913e-12,0.0,0.0,0.03354275471250856,268.34,80.0,0.0,17.46891221736824,260.41300888679984,83.68139806324666,0.0,0.0,0.0,3.307666122726426,80.0,0.0,361.5633191674147,10164.008910143484,20256.482808965546,408.4661468719382,391.9351615817953,1.7433832155688833e-12,unvalidated-engineering-priors,fixed independent scenario factor; no N cycle,1999-08-12,1999-09-26,1999-09-26,physiological_maturity,R6_physiological_maturity,1999-06-15,seed_layer_available_water,50.0
5,ag_059_049,fallow,1999,1999-10-06,1999-10-11,189593.55287083783,1.0,1.2390088954816747e-13,0.0,0.0,0.0,1.0,0.21000000000000002,0.0,0.0,15.849478365621845,0.0,0.0,0.0,0.0,0.0,0.005216150056560711,0.0,0.0,15.849478365621845,0.0,0.0,391.9351615817953,376.2904670661168,1.0347278589506459e-13,unvalidated-engineering-priors,fixed independent scenario factor; no N cycle,,,,right_censored,BBCH89_full_ripeness,,,
5,ag_059_049,wheat,2000,1999-10-12,2000-06-10,189593.55287083783,1.0,1.8340884366807586e-13,2.8990143619012088e-12,0.0,0.0,0.04267140235271844,98.02,300.0,0.0,212.9466002252113,223.5437884257325,30.86414668321193,0.0,0.0,0.0,0.3419930308952465,300.0,0.0,467.35453533415574,6135.799777820703,14507.272378177939,376.2904670661168,306.6139387010652,5.975220318532593e-13,unvalidated-engineering-priors,fixed independent scenario factor; no N cycle,2000-04-25,2000-06-03,2000-06-03,full_ripeness,BBCH89_full_ripeness,1999-10-12,seed_layer_available_water,50.0
5,ag_059_049,fallow,2000,2000-06-11,2000-06-14,189593.55287083783,1.0,1.0236256287043943e-13,0.0,0.0,0.0,1.0,2.0,0.0,0.0,3.2493207704161393,0.0,0.0,0.0,0.0,0.0,0.0002692795362489132,0.0,0.0,3.2493207704161393,0.0,0.0,306.6139387010652,305.3643486511127,8.537615059367454e-14,unvalidated-engineering-priors,fixed independent scenario factor; no N cycle,,,,right_censored,BBCH89_full_ripeness,,,
5,ag_059_049,maize,2000,2000-06-15,2000-10-05,189593.55287083783,1.0,9.476863738200336e-13,4.632738637155853e-12,0.0,0.0,0.03354275471250856,563.03,80.0,0.0,18.869050514963952,218.46969452252932,84.46501015298551,0.0,0.0,0.0,49.4441548815984,80.0,0.0,321.8037551904788,10055.879616547065,18677.99661069607,305.3643486511127,577.1464385790405,-4.943601084050897e-12,unvalidated-engineering-priors,fixed independent scenario factor; no N cycle,2000-08-11,2000-09-25,2000-09-25,physiological_maturity,R6_physiological_maturity,2000-06-16,seed_layer_available_water,50.0
5,ag_059_049,fallow,2000,2000-10-06,2000-10-11,189593.55287083783,1.0,2.3936408410918375e-13,0.0,0.0,0.0,1.0,83.32,0.0,0.0,14.136945100000002,0.0,0.0,0.0,0.0,0.0,1.9451075893452656,0.0,0.0,14.136945100000002,0.0,0.0,577.1464385790405,644.3843858896957,-5.360156762890256e-13,unvalidated-engineering-priors,fixed independent scenario factor; no N cycle,,,,right_censored,BBCH89_full_ripeness,,,
5,ag_059_049,wheat,2001,2000-10-12,2001-06-10,189593.55287083783,1.0,5.613287612504791e-13,3.801403636316536e-12,0.0,0.0,0.04267140235271844,111.46000000000001,300.0,0.0,251.40448196999768,290.70985966764,21.032872065441317,0.0,0.0,0.0,122.56464542858096,300.0,0.0,563.1472137030789,8701.333074640468,19321.17429922586,644.3843858896957,370.13252675803716,-1.3292700273837e-12,unvalidated-engineering-priors,fixed independent scenario factor; no N cycle,2001-04-27,2001-06-08,2001-06-08,full_ripeness,BBCH89_full_ripeness,2000-10-12,seed_layer_available_water,50.0
5,ag_059_049,fallow,2001,2001-06-11,2001-06-14,189593.55287083783,1.0,7.538414337204813e-14,0.0,0.0,0.0,1.0,0.22999999999999998,0.0,0.0,1.9387076509949308,0.0,0.0,0.0,0.0,0.0,0.005677089951218216,0.0,0.0,1.9387076509949308,0.0,0.0,370.13252675803716,368.418142017091,2.375877272697835e-14,unvalidated-engineering-priors,fixed independent scenario factor; no N cycle,,,,right_censored,BBCH89_full_ripeness,,,
5,ag_059_049,maize,2001,2001-06-15,2001-10-05,189593.55287083783,1.0,1.056932319443149e-12,5.5990767577895895e-12,0.0,0.0,0.03354275471250856,413.89,80.0,0.0,17.128550964506463,263.17613805883803,77.18265734341149,0.0,0.0,0.0,35.66061633113142,80.0,0.0,357.48734636675596,10481.665757103707,20577.111644843335,368.418142017091,469.16017931919987,3.7035374766958284e-12,unvalidated-engineering-priors,fixed independent scenario factor; no N cycle,2001-08-11,2001-09-26,2001-09-26,physiological_maturity,R6_physiological_maturity,2001-06-16,seed_layer_available_water,50.0
5,ag_059_049,fallow,2001,2001-10-06,2001-10-11,189593.55287083783,1.0,7.72715225139109e-14,0.0,0.0,0.0,1.0,3.73,0.0,0.0,14.4583726330481,0.0,0.0,0.0,0.0,0.0,0.2788635376562669,0.0,0.0,14.4583726330481,0.0,0.0,469.16017931919987,458.1529431484953,2.0539125955565396e-13,unvalidated-engineering-priors,fixed independent scenario factor; no N cycle,,,,right_censored,BBCH89_full_ripeness,,,
5,ag_059_049,wheat,2002,2001-10-12,2002-06-10,189593.55287083783,1.0,5.586642259913788e-13,3.694822225952521e-12,0.0,0.0,0.04267140235271844,153.09,300.0,0.0,223.07465772187246,217.921071196756,36.04070712245489,0.0,0.0,0.0,8.617395898842355,300.0,0.0,477.03643604108333,6719.782638474834,15678.252454617123,458.1529431484953,425.58911120856976,-1.5382140006181544e-13,unvalidated-engineering-priors,fixed independent scenario factor; no N cycle,2002-04-19,2002-05-29,2002-05-29,full_ripeness,BBCH89_full_ripeness,2001-10-12,seed_layer_available_water,50.0
5,ag_059_049,fallow,2002,2002-06-11,2002-06-14,189593.55287083783,1.0,2.6756374893466273e-14,0.0,0.0,0.0,1.0,1.6199999999999999,0.0,0.0,11.970145607448025,0.0,0.0,0.0,0.0,0.0,0.01843658894419233,0.0,0.0,11.970145607448025,0.0,0.0,425.58911120856976,415.2205290121776,-7.738254481637341e-14,unvalidated-engineering-priors,fixed independent scenario factor; no N cycle,,,,right_censored,BBCH89_full_ripeness,,,
5,ag_059_049,maize,2002,2002-06-15,2002-10-05,189593.55287083783,1.0,4.4497738826976274e-13,5.286437954055145e-12,0.0,0.0,0.03354275471250856,215.73,80.0,0.0,18.753963326795343,279.09877776159607,69.72672015084085,0.0,0.0,0.0,2.2648816792356934,80.0,0.0,367.5794612392323,10875.094059916297,20777.28273002492,415.2205290121776,341.1061860937078,1.884381539696278e-12,unvalidated-engineering-priors,fixed independent scenario factor; no N cycle,2002-08-12,2002-09-29,2002-09-29,physiological_maturity,R6_physiological_maturity,2002-06-16,seed_layer_available_water,50.0
5,ag_059_049,fallow,2002,2002-10-06,2002-10-11,189593.55287083783,1.0,5.950795411990839e-14,0.0,0.0,0.0,1.0,0.27,0.0,0.0,12.11987255979302,0.0,0.0,0.0,0.0,0.0,0.001605847769993569,0.0,0.0,12.11987255979302,0.0,0.0,341.1061860937078,329.2547076861448,-3.552713678800501e-14,unvalidated-engineering-priors,fixed independent scenario factor; no N cycle,,,,right_censored,BBCH89_full_ripeness,,,
5,ag_059_049,wheat,2003,2002-10-12,2003-06-10,189593.55287083783,1.0,2.007283228522283e-13,2.8883562208648073e-12,0.0,0.0,0.04267140235271844,190.25,300.0,0.0,238.94476579475153,186.32888053407186,36.494179589392026,0.0,0.0,0.0,0.07302150862273644,300.0,0.0,461.7678259182154,6653.2232642672125,14641.910781978648,329.2547076861448,357.66386025930586,7.637501742152608e-13,unvalidated-engineering-priors,fixed independent scenario factor; no N cycle,2003-05-02,2003-06-09,2003-06-09,full_ripeness,BBCH89_full_ripeness,2002-10-13,seed_layer_available_water,50.0
5,ag_059_049,fallow,2003,2003-06-11,2003-06-14,189593.55287083783,1.0,5.084821452783217e-14,0.0,0.0,0.0,1.0,5.52,0.0,0.0,8.84161556039545,0.0,0.0,0.0,0.0,0.0,0.0006825103802241843,0.0,0.0,8.84161556039545,0.0,0.0,357.66386025930586,354.3415621885302,-1.9984014443252818e-15,unvalidated-engineering-priors,fixed independent scenario factor; no N cycle,,,,right_censored,BBCH89_full_ripeness,,,
5,ag_059_049,maize,2003,2003-06-15,2003-10-05,189593.55287083783,1.0,7.842615445952106e-13,4.1531222905177856e-12,0.0,0.0,0.03354275471250856,465.7,80.0,0.0,17.781209519094084,167.10628940776925,103.33517754500821,0.0,0.0,0.0,10.348447820607499,80.0,0.0,288.2226764718715,8817.087345018519,17306.11481165976,354.3415621885302,601.4704378960507,4.157785227221211e-13,unvalidated-engineering-priors,fixed independent scenario factor; no N cycle,2003-08-12,2003-10-01,2003-10-01,physiological_maturity,R6_physiological_maturity,2003-06-16,seed_layer_available_water,50.0
5,ag_059_049,fallow,2003,2003-10-06,2003-10-11,189593.55287083783,1.0,9.947598300641403e-14,0.0,0.0,0.0,1.0,110.94,0.0,0.0,12.742236299999997,0.0,0.0,0.0,0.0,0.0,2.5820879121379634,0.0,0.0,12.742236299999997,0.0,0.0,601.4704378960507,697.086113683913,-2.575717417130363e-13,unvalidated-engineering-priors,fixed independent scenario factor; no N cycle,,,,right_censored,BBCH89_full_ripeness,,,
5,ag_059_049,wheat,2004,2003-10-12,2004-06-10,189593.55287083783,1.0,5.515587986337778e-13,4.092726157978177e-12,0.0,0.0,0.04267140235271844,132.82,300.0,0.0,243.2072641704778,263.5082717602847,48.851975285288304,0.0,0.0,0.0,168.60707328278025,300.0,0.0,555.5675112160508,8711.701647178594,19648.86098177332,697.086113683913,405.7315291850848,-2.834510404170487e-12,unvalidated-engineering-priors,fixed independent scenario factor; no N cycle,2004-04-21,2004-05-29,2004-05-29,full_ripeness,BBCH89_full_ripeness,2003-10-12,seed_layer_available_water,50.0
5,ag_059_049,fallow,2004,2004-06-11,2004-06-14,189593.55287083783,1.0,4.285460875053104e-14,0.0,0.0,0.0,1.0,0.74,0.0,0.0,3.24662229129608,0.0,0.0,0.0,0.0,0.0,0.01930156505209676,0.0,0.0,3.24662229129608,0.0,0.0,405.7315291850848,403.2056053287367,-4.785061236134425e-14,unvalidated-engineering-priors,fixed independent scenario factor; no N cycle,,,,right_censored,BBCH89_full_ripeness,,,
5,ag_059_049,maize,2004,2004-06-15,2004-10-05,189593.55287083783,1.0,9.654499422140361e-13,4.433786671143025e-12,0.0,0.0,0.03354275471250856,437.58,80.0,0.0,16.342200461342948,208.70348688293555,105.1379262205349,0.0,0.0,0.0,61.18552206603495,80.0,0.0,330.1836135648134,10026.7062186528,18893.767106176583,403.2056053287367,529.4164696978855,2.795930154064763e-12,unvalidated-engineering-priors,fixed independent scenario factor; no N cycle,2004-08-12,2004-09-29,2004-09-29,physiological_maturity,R6_physiological_maturity,2004-06-16,seed_layer_available_water,50.0
5,ag_059_049,fallow,2004,2004-10-06,2004-10-11,189593.55287083783,1.0,2.078337502098293e-13,0.0,0.0,0.0,1.0,0.0,0.0,0.0,18.967702391226034,0.0,0.0,0.0,0.0,0.0,0.8297615678003952,0.0,0.0,18.967702391226034,0.0,0.0,529.4164696978855,509.61900573885924,-1.3944401189291966e-13,unvalidated-engineering-priors,fixed independent scenario factor; no N cycle,,,,right_censored,BBCH89_full_ripeness,,,
5,ag_059_049,wheat,2005,2004-10-12,2005-06-10,189593.55287083783,1.0,5.622169396701793e-13,3.069544618483633e-12,0.0,0.0,0.04267140235271844,142.48,300.0,0.0,214.50160845750807,292.138050799278,40.4759707840542,0.0,0.0,0.0,22.061127992390727,300.0,0.0,547.1156300408403,9038.41532590319,20130.817663491543,509.61900573885924,382.92224770562643,1.784239422875089e-12,unvalidated-engineering-priors,fixed independent scenario factor; no N cycle,2005-05-01,2005-06-09,2005-06-09,full_ripeness,BBCH89_full_ripeness,2004-10-12,seed_layer_available_water,50.0
5,ag_059_049,fallow,2005,2005-06-11,2005-06-14,189593.55287083783,1.0,1.341149413747189e-13,0.0,0.0,0.0,1.0,4.21,0.0,0.0,7.153039614622895,0.0,0.0,0.0,0.0,0.0,0.005076547258937558,0.0,0.0,7.153039614622895,0.0,0.0,382.92224770562643,379.97413154374476,-1.6120438317557273e-13,unvalidated-engineering-priors,fixed independent scenario factor; no N cycle,,,,right_censored,BBCH89_full_ripeness,,,
5,ag_059_049,maize,2005,2005-06-15,2005-10-05,189593.55287083783,1.0,1.304290009329634e-12,4.462208380573429e-12,0.0,0.0,0.03354275471250856,471.05,80.0,0.0,20.608849681399874,243.59284049672186,72.25310463023969,0.0,0.0,0.0,28.914914541525143,80.0,0.0,336.45479480836144,10086.099044916877,19300.20044298991,379.97413154374476,565.6544221938547,3.525402192394722e-12,unvalidated-engineering-priors,fixed independent scenario factor; no N cycle,2005-08-11,2005-09-28,2005-09-28,physiological_maturity,R6_physiological_maturity,2005-06-16,seed_layer_available_water,50.0
5,ag_059_049,fallow,2005,2005-10-06,2005-10-11,189593.55287083783,1.0,1.8118839761882555e-13,0.0,0.0,0.0,1.0,2.4,0.0,0.0,20.316027790836927,0.0,0.0,0.0,0.0,0.0,0.9412913608763421,0.0,0.0,20.316027790836927,0.0,0.0,565.6544221938547,546.7971030421419,-4.960476474025199e-13,unvalidated-engineering-priors,fixed independent scenario factor; no N cycle,,,,right_censored,BBCH89_full_ripeness,,,
5,ag_059_049,wheat,2006,2005-10-12,2006-06-10,189593.55287083783,1.0,6.803446694902959e-13,4.845901457883883e-12,0.0,0.0,0.04267140235271844,99.42,300.0,0.0,199.2454862223243,294.51305891268044,35.27772256857364,0.0,0.0,0.0,36.419972293580074,300.0,0.0,529.0362677035783,9002.459646081406,20037.324733788526,546.7971030421419,380.7608630449855,-2.0625168239973846e-12,unvalidated-engineering-priors,fixed independent scenario factor; no N cycle,2006-04-27,2006-06-07,2006-06-07,full_ripeness,BBCH89_full_ripeness,2005-10-12,seed_layer_available_water,50.0
5,ag_059_049,fallow,2006,2006-06-11,2006-06-14,189593.55287083783,1.0,5.0182080713057076e-14,0.0,0.0,0.0,1.0,3.6599999999999997,0.0,0.0,5.304241093881611,0.0,0.0,0.0,0.0,0.0,0.004952408964660914,0.0,0.0,5.304241093881611,0.0,0.0,380.7608630449855,379.11166954213917,7.205347429817266e-14,unvalidated-engineering-priors,fixed independent scenario factor; no N cycle,,,,right_censored,BBCH89_full_ripeness,,,
5,ag_059_049,maize,2006,2006-06-15,2006-10-05,189593.55287083783,1.0,9.019451852054772e-13,3.893774191965349e-12,0.0,0.0,0.03354275471250856,403.05,80.0,0.0,19.582775106332846,233.10896541455296,86.10004900648872,0.0,0.0,0.0,9.913812975648021,80.0,0.0,338.7917895273745,9953.96861207946,19051.113393093874,379.11166954213917,513.4560670391193,-2.6227353622232386e-12,unvalidated-engineering-priors,fixed independent scenario factor; no N cycle,2006-08-11,2006-09-26,2006-09-26,physiological_maturity,R6_physiological_maturity,2006-06-16,seed_layer_available_water,50.0
5,ag_059_049,fallow,2006,2006-10-06,2006-10-11,189593.55287083783,1.0,1.4410694859634532e-13,0.0,0.0,0.0,1.0,0.13,0.0,0.0,15.783820801980767,0.0,0.0,0.0,0.0,0.0,0.7041184855806033,0.0,0.0,15.783820801980767,0.0,0.0,513.4560670391193,497.0981277515576,2.653433028854124e-13,unvalidated-engineering-priors,fixed independent scenario factor; no N cycle,,,,right_censored,BBCH89_full_ripeness,,,
5,ag_059_049,wheat,2007,2006-10-12,2007-06-10,189593.55287083783,1.0,6.963318810448982e-13,4.618527782440651e-12,0.0,0.0,0.04267140235271844,131.05,300.0,0.0,201.27559349780208,329.41916148658896,23.35637290287339,0.0,0.0,0.0,18.446983153542124,300.0,0.0,554.0511278872644,10018.848840226916,22549.095707958924,497.0981277515576,355.6500167107504,7.108758026674877e-13,unvalidated-engineering-priors,fixed independent scenario factor; no N cycle,2007-04-26,2007-06-05,2007-06-05,full_ripeness,BBCH89_full_ripeness,2006-10-12,seed_layer_available_water,50.0
5,ag_059_049,fallow,2007,2007-06-11,2007-06-14,189593.55287083783,1.0,1.2922996006636822e-13,0.0,0.0,0.0,1.0,2.13,0.0,0.0,3.731560006377584,0.0,0.0,0.0,0.0,0.0,0.0017487803726508823,0.0,0.0,3.731560006377584,0.0,0.0,355.6500167107504,354.0467079240002,-5.839773109528323e-14,unvalidated-engineering-priors,fixed independent scenario factor; no N cycle,,,,right_censored,BBCH89_full_ripeness,,,
5,ag_059_049,maize,2007,2007-06-15,2007-10-05,189593.55287083783,1.0,4.858335955759685e-13,4.774847184307873e-12,0.0,0.0,0.03354275471250856,357.53,80.0,0.0,16.82830814645594,252.30104328534665,78.06023649784109,0.0,0.0,0.0,0.5560695543037776,80.0,0.0,347.18958792964366,10487.355820238554,20541.446579929478,354.0467079240002,443.83105044005345,-7.104872246088689e-13,unvalidated-engineering-priors,fixed independent scenario factor; no N cycle,2007-08-11,2007-09-25,2007-09-25,physiological_maturity,R6_physiological_maturity,2007-06-16,seed_layer_available_water,50.0
5,ag_059_049,fallow,2007,2007-10-06,2007-10-11,189593.55287083783,1.0,7.016609515630989e-14,0.0,0.0,0.0,1.0,6.4,0.0,0.0,11.2588991,0.0,0.0,0.0,0.0,0.0,0.012972550443929396,0.0,0.0,11.2588991,0.0,0.0,443.83105044005345,438.95917878960944,7.749356711883593e-14,unvalidated-engineering-priors,fixed independent scenario factor; no N cycle,,,,right_censored,BBCH89_full_ripeness,,,
5,ag_059_049,wheat,2008,2007-10-12,2008-06-10,189593.55287083783,1.0,4.489741911584133e-13,2.8137492336099967e-12,0.0,0.0,0.04267140235271844,144.46,300.0,0.0,215.02979919090097,230.21069463250973,40.63474314087723,0.0,0.0,0.0,2.6258119436437832,300.0,0.0,485.8752369642879,7038.553969178798,16864.899823785083,438.95917878960944,394.9181298816768,9.349743201880756e-13,unvalidated-engineering-priors,fixed independent scenario factor; no N cycle,2008-04-25,2008-06-04,2008-06-04,full_ripeness,BBCH89_full_ripeness,2007-10-12,seed_layer_available_water,50.0
5,ag_059_049,fallow,2008,2008-06-11,2008-06-14,189593.55287083783,1.0,1.496580637194711e-13,0.0,0.0,0.0,1.0,4.609999999999999,0.0,0.0,5.8525176861142105,0.0,0.0,0.0,0.0,0.0,0.007833448134038195,0.0,0.0,5.8525176861142105,0.0,0.0,394.9181298816768,393.6677787474286,-4.318767565791859e-14,unvalidated-engineering-priors,fixed independent scenario factor; no N cycle,,,,right_censored,BBCH89_full_ripeness,,,
5,ag_059_049,maize,2008,2008-06-15,2008-10-05,189593.55287083783,1.0,8.659739592076221e-13,4.774847184307873e-12,0.0,0.0,0.03354275471250856,399.8,80.0,0.0,17.73903710760524,229.50043480975322,81.69349481558038,0.0,0.0,0.0,16.648291428945132,80.0,0.0,328.93296673293884,9945.930591767328,18915.41656185731,393.6677787474286,527.886520585546,-1.3810064203312322e-12,unvalidated-engineering-priors,fixed independent scenario factor; no N cycle,2008-08-11,2008-09-26,2008-09-26,physiological_maturity,R6_physiological_maturity,2008-06-16,seed_layer_available_water,50.0
5,ag_059_049,fallow,2008,2008-10-06,2008-10-11,189593.55287083783,1.0,1.461053500406706e-13,0.0,0.0,0.0,1.0,0.66,0.0,0.0,16.77522414788781,0.0,0.0,0.0,0.0,0.0,0.5187035943100237,0.0,0.0,16.77522414788781,0.0,0.0,527.886520585546,511.2525928433483,-1.0613732115416497e-13,unvalidated-engineering-priors,fixed independent scenario factor; no N cycle,,,,right_censored,BBCH89_full_ripeness,,,
5,ag_059_049,wheat,2009,2008-10-12,2009-06-10,189593.55287083783,1.0,5.124789481669723e-13,3.0411229090532288e-12,0.0,0.0,0.04267140235271844,126.13,300.0,0.0,210.6512571360775,262.9285540434418,32.8472361974511,0.0,0.0,0.0,19.326107671269394,300.0,0.0,506.42704737697045,7760.206958565222,17767.08190393597,511.2525928433483,411.6294377951111,-2.6061930391563237e-12,unvalidated-engineering-priors,fixed independent scenario factor; no N cycle,2009-04-24,2009-06-01,2009-06-01,full_ripeness,BBCH89_full_ripeness,2008-10-12,seed_layer_available_water,50.0
5,ag_059_049,fallow,2009,2009-06-11,2009-06-14,189593.55287083783,1.0,7.494005416219807e-14,0.0,0.0,0.0,1.0,2.24,0.0,0.0,4.20365808924382,0.0,0.0,0.0,0.0,0.0,0.02297720676845604,0.0,0.0,4.20365808924382,0.0,0.0,411.6294377951111,409.6428024990987,9.026113190202523e-14,unvalidated-engineering-priors,fixed independent scenario factor; no N cycle,,,,right_censored,BBCH89_full_ripeness,,,
5,ag_059_049,maize,2009,2009-06-15,2009-10-05,189593.55287083783,1.0,7.784883848671598e-13,4.547473508864641e-12,0.0,0.0,0.03354275471250856,328.75,80.0,0.0,19.454086563101853,280.02101518640205,70.82219002706971,0.0,0.0,0.0,1.6647210333965128,80.0,0.0,370.2972917765736,10418.064947077284,21035.10547029837,409.6428024990987,446.43078968913153,-2.9547475577373916e-12,unvalidated-engineering-priors,fixed independent scenario factor; no N cycle,2009-08-12,2009-10-01,2009-10-01,physiological_maturity,R6_physiological_maturity,2009-06-16,seed_layer_available_water,50.0
5,ag_059_049,fallow,2009,2009-10-06,2009-10-11,189593.55287083783,1.0,1.3855583347321954e-13,0.0,0.0,0.0,1.0,3.01,0.0,0.0,14.485998683788889,0.0,0.0,0.0,0.0,0.0,0.025636196286006892,0.0,0.0,14.485998683788889,0.0,0.0,446.43078968913153,434.92915480905657,6.417089082333405e-14,unvalidated-engineering-priors,fixed independent scenario factor; no N cycle,,,,right_censored,BBCH89_full_ripeness,,,
5,ag_059_049,wheat,2010,2009-10-12,2010-06-10,189593.55287083783,1.0,6.181721801112872e-13,4.234834705130197e-12,0.0,0.0,0.04267140235271844,96.35,300.0,0.0,194.1771310113469,259.8931015684244,34.78905037093668,0.0,0.0,0.0,2.654057062881298,300.0,0.0,488.85928295070795,7837.139261096416,18177.213782794344,434.92915480905657,339.7658147954708,-3.4971747719936275e-12,unvalidated-engineering-priors,fixed independent scenario factor; no N cycle,2010-05-09,,2010-06-10,cut_before_maturity,BBCH89_full_ripeness,2009-10-12,seed_layer_available_water,50.0
5,ag_059_049,fallow,2010,2010-06-11,2010-06-14,189593.55287083783,1.0,5.362377208939506e-14,0.0,0.0,0.0,1.0,0.0,0.0,0.0,4.488532660773113,0.0,0.0,0.0,0.0,0.0,0.0010158606057821687,0.0,0.0,4.488532660773113,0.0,0.0,339.7658147954708,335.2762662740919,4.0967229608668276e-14,unvalidated-engineering-priors,fixed independent scenario factor; no N cycle,,,,right_censored,BBCH89_full_ripeness,,,
5,ag_059_049,maize,2010,2010-06-15,2010-10-05,189593.55287083783,1.0,7.123190925995004e-13,5.002220859751105e-12,0.0,0.0,0.03354275471250856,506.24,80.0,0.0,19.336209622339265,225.62814557507696,87.46016724318476,0.0,0.0,0.0,29.045626801593453,80.0,0.0,332.424522440601,9354.379046409429,18568.249702319023,335.2762662740919,560.046117031901,-3.5187963653982024e-12,unvalidated-engineering-priors,fixed independent scenario factor; no N cycle,2010-08-11,2010-09-27,2010-09-27,physiological_maturity,R6_physiological_maturity,2010-06-16,seed_layer_available_water,50.0
5,ag_059_049,fallow,2010,2010-10-06,2010-10-11,189593.55287083783,1.0,1.1901590823981678e-13,0.0,0.0,0.0,1.0,0.0,0.0,0.0,19.059377417362438,0.0,0.0,0.0,0.0,0.0,2.1529585440746333,0.0,0.0,19.059377417362438,0.0,0.0,560.046117031901,538.8337810704642,-2.7755575615628914e-13,unvalidated-engineering-priors,fixed independent scenario factor; no N cycle,,,,right_censored,BBCH89_full_ripeness,,,
5,ag_059_049,wheat,2011,2010-10-12,2011-06-10,189593.55287083783,1.0,5.03597163969971e-13,3.0411229090532288e-12,0.0,0.0,0.04267140235271844,113.21000000000001,300.0,0.0,193.3085813192438,291.12942772070954,24.37020575287453,0.0,0.0,0.0,36.3446763856662,300.0,0.0,508.80821479282787,8279.79034214602,18284.270237751,538.8337810704642,406.8908898919698,3.176348073452573e-13,unvalidated-engineering-priors,fixed independent scenario factor; no N cycle,2011-04-28,2011-06-05,2011-06-05,full_ripeness,BBCH89_full_ripeness,2010-10-12,seed_layer_available_water,50.0
5,ag_059_049,fallow,2011,2011-06-11,2011-06-14,189593.55287083783,1.0,4.374278717023117e-14,0.0,0.0,0.0,1.0,1.74,0.0,0.0,4.302542107502333,0.0,0.0,0.0,0.0,0.0,0.018941882408260547,0.0,0.0,4.302542107502333,0.0,0.0,406.8908898919698,404.3094059020592,-2.731148640577885e-14,unvalidated-engineering-priors,fixed independent scenario factor; no N cycle,,,,right_censored,BBCH89_full_ripeness,,,
5,ag_059_049,maize,2011,2011-06-15,2011-10-05,189593.55287083783,1.0,6.692424392440444e-13,5.4569682106375694e-12,0.0,0.0,0.03354275471250856,360.26,80.0,0.0,18.52807169525332,226.5032887262008,87.52572283699108,0.0,0.0,0.0,3.0546491918170484,80.0,0.0,332.5570832584452,10443.89007172785,19617.81085962337,404.3094059020592,508.95767345179655,4.2510439612897244e-13,unvalidated-engineering-priors,fixed independent scenario factor; no N cycle,2011-08-11,2011-10-03,2011-10-03,physiological_maturity,R6_physiological_maturity,2011-06-16,seed_layer_available_water,50.0
5,ag_059_049,fallow,2011,2011-10-06,2011-10-11,189593.55287083783,1.0,1.8030021919912542e-13,0.0,0.0,0.0,1.0,6.3999999999999995,0.0,0.0,16.010006228547358,0.0,0.0,0.0,0.0,0.0,0.22323403169745556,0.0,0.0,16.010006228547358,0.0,0.0,508.95767345179655,499.12443319155204,-3.04867242562068e-13,unvalidated-engineering-priors,fixed independent scenario factor; no N cycle,,,,right_censored,BBCH89_full_ripeness,,,
5,ag_059_049,wheat,2012,2011-10-12,2012-06-10,189593.55287083783,1.0,6.634692795159935e-13,4.547473508864641e-12,0.0,0.0,0.04267140235271844,131.81,300.0,0.0,227.84754939384445,272.00302535716304,26.47559621673677,0.0,0.0,0.0,16.914981364374672,300.0,0.0,526.3261709677442,8282.875281384779,19173.41344985852,499.12443319155204,387.69328085943283,2.7611246622427643e-13,unvalidated-engineering-priors,fixed independent scenario factor; no N cycle,2012-05-01,2012-06-08,2012-06-08,full_ripeness,BBCH89_full_ripeness,2011-10-12,seed_layer_available_water,50.0
5,ag_059_049,fallow,2012,2012-06-11,2012-06-14,189593.55287083783,1.0,7.51620987671231e-14,0.0,0.0,0.0,1.0,0.61,0.0,0.0,3.4985310513043753,0.0,0.0,0.0,0.0,0.0,0.008174109320388121,0.0,0.0,3.4985310513043753,0.0,0.0,387.69328085943283,384.79657569880794,1.2667644710973036e-13,unvalidated-engineering-priors,fixed independent scenario factor; no N cycle,,,,right_censored,BBCH89_full_ripeness,,,
5,ag_059_049,maize,2012,2012-06-15,2012-10-05,189593.55287083783,1.0,8.828493491819245e-13,3.296918293926865e-12,0.0,0.0,0.03354275471250856,376.15,80.0,0.0,21.15636466496247,211.44985851600012,76.60050630778865,0.0,0.0,0.0,10.024067800119555,80.0,0.0,309.20672948875125,9275.601076761423,17364.399960717645,384.79657569880794,521.7157784099333,3.904931933362832e-12,unvalidated-engineering-priors,fixed independent scenario factor; no N cycle,2012-08-11,2012-09-28,2012-09-28,physiological_maturity,R6_physiological_maturity,2012-06-16,seed_layer_available_water,50.0
5,ag_059_049,fallow,2012,2012-10-06,2012-10-11,189593.55287083783,1.0,1.4477308241112041e-13,0.0,0.0,0.0,1.0,0.19,0.0,0.0,19.69973767463366,0.0,0.0,0.0,0.0,0.0,0.45450084655439243,0.0,0.0,19.69973767463366,0.0,0.0,521.7157784099333,501.7515398887453,-1.0258460747536446e-13,unvalidated-engineering-priors,fixed independent scenario factor; no N cycle,,,,right_censored,BBCH89_full_ripeness,,,
5,ag_059_049,wheat,2013,2012-10-12,2013-06-10,189593.55287083783,1.0,5.666578317686799e-13,3.666400516522117e-12,0.0,0.0,0.04267140235271844,149.39000000000001,300.0,0.0,219.417115744584,273.534899277674,38.799388814207234,0.0,0.0,0.0,17.539477265149003,300.0,0.0,531.7514038364653,8360.474279963219,19420.71034829105,501.7515398887453,401.8506587871326,-1.5872581027309707e-12,unvalidated-engineering-priors,fixed independent scenario factor; no N cycle,2013-05-04,,2013-06-10,cut_before_maturity,BBCH89_full_ripeness,2012-10-12,seed_layer_available_water,50.0
5,ag_059_049,fallow,2013,2013-06-11,2013-06-14,189593.55287083783,1.0,8.881784197001252e-14,0.0,0.0,0.0,1.0,0.01,0.0,0.0,15.036830875323787,0.0,0.0,0.0,0.0,0.0,0.005377321428586938,0.0,0.0,15.036830875323787,0.0,0.0,401.8506587871326,386.8184505903801,1.1857181902996672e-13,unvalidated-engineering-priors,fixed independent scenario factor; no N cycle,,,,right_censored,BBCH89_full_ripeness,,,
5,ag_059_049,maize,2013,2013-06-15,2013-10-05,189593.55287083783,1.0,9.725553695716371e-13,3.836930773104541e-12,0.0,0.0,0.03354275471250856,390.58,80.0,0.0,20.27845463902202,247.21597311659093,71.17420804410702,0.0,0.0,0.0,47.46109251607219,80.0,0.0,338.66863579971994,9131.460955156672,17683.29078669825,386.8184505903801,471.26872227458796,8.992806499463768e-15,unvalidated-engineering-priors,fixed independent scenario factor; no N cycle,2013-08-11,2013-09-24,2013-09-24,physiological_maturity,R6_physiological_maturity,2013-06-16,seed_layer_available_water,50.0
5,ag_059_049,fallow,2013,2013-10-06,2013-10-11,189593.55287083783,1.0,1.2967404927621828e-13,0.0,0.0,0.0,1.0,0.0,0.0,0.0,16.239784161059784,0.0,0.0,0.0,0.0,0.0,0.23438000139827758,0.0,0.0,16.239784161059784,0.0,0.0,471.26872227458796,454.79455811213023,-3.352873534367973e-13,unvalidated-engineering-priors,fixed independent scenario factor; no N cycle,,,,right_censored,BBCH89_full_ripeness,,,
5,ag_059_049,wheat,2014,2013-10-12,2014-06-10,189593.55287083783,1.0,4.920508445138694e-13,3.922195901395753e-12,0.0,0.0,0.04267140235271844,134.07999999999998,300.0,0.0,221.83022202594597,218.0691211767216,36.714197630456674,0.0,0.0,0.0,7.887962819875163,300.0,0.0,476.61354083312426,7052.184950748278,15538.512006442432,454.79455811213023,404.3730544591323,-1.4623857680362562e-12,unvalidated-engineering-priors,fixed independent scenario factor; no N cycle,2014-04-19,2014-05-30,2014-05-30,full_ripeness,BBCH89_full_ripeness,2013-10-13,seed_layer_available_water,50.0
5,ag_059_049,fallow,2014,2014-06-11,2014-06-14,189593.55287083783,1.0,4.618527782440651e-14,0.0,0.0,0.0,1.0,4.640000000000001,0.0,0.0,5.596243140540828,0.0,0.0,0.0,0.0,0.0,0.018862347093323486,0.0,0.0,5.596243140540828,0.0,0.0,404.3730544591323,403.3979489714981,9.992007221626409e-16,unvalidated-engineering-priors,fixed independent scenario factor; no N cycle,,,,right_censored,BBCH89_full_ripeness,,,
5,ag_059_049,maize,2014,2014-06-15,2014-10-05,189593.55287083783,1.0,8.633094239485217e-13,6.409095476556104e-12,0.0,0.0,0.03354275471250856,358.54,80.0,0.0,16.120980236743616,252.3114770391799,82.79137337837223,0.0,0.0,0.0,16.290281658623005,80.0,0.0,351.22383065429574,9786.667995453681,19996.01535464493,403.3979489714981,474.42383665857636,3.013506111315678e-12,unvalidated-engineering-priors,fixed independent scenario factor; no N cycle,2014-08-12,2014-09-28,2014-09-28,physiological_maturity,R6_physiological_maturity,2014-06-16,seed_layer_available_water,50.0
5,ag_059_049,fallow,2014,2014-10-06,2014-10-11,189593.55287083783,1.0,1.3677947663381929e-13,0.0,0.0,0.0,1.0,0.0,0.0,0.0,17.61398615829768,0.0,0.0,0.0,0.0,0.0,0.058921155915426945,0.0,0.0,17.61398615829768,0.0,0.0,474.42383665857636,456.7509293443635,-2.4424906541753444e-13,unvalidated-engineering-priors,fixed independent scenario factor; no N cycle,,,,right_censored,BBCH89_full_ripeness,,,
5,ag_059_049,wheat,2015,2014-10-12,2015-06-10,189593.55287083783,1.0,3.3928415632544784e-13,2.3874235921539366e-12,0.0,0.0,0.04267140235271844,119.92,300.0,0.0,215.40190459128212,235.35487635144966,38.154631706212534,0.0,0.0,0.0,4.815477984759981,300.0,0.0,488.91141264894435,7300.021709932262,15956.184706156426,456.7509293443635,382.9440387106611,-1.9281798380177406e-12,unvalidated-engineering-priors,fixed independent scenario factor; no N cycle,2015-04-26,2015-06-03,2015-06-03,full_ripeness,BBCH89_full_ripeness,2014-10-12,seed_layer_available_water,50.0
5,ag_059_049,fallow,2015,2015-06-11,2015-06-14,189593.55287083783,1.0,1.1157741397482823e-13,0.0,0.0,0.0,1.0,0.01,0.0,0.0,2.687548049254539,0.0,0.0,0.0,0.0,0.0,0.006780068423879515,0.0,0.0,2.687548049254539,0.0,0.0,382.9440387106611,380.2597105929826,1.279532035880493e-13,unvalidated-engineering-priors,fixed independent scenario factor; no N cycle,,,,right_censored,BBCH89_full_ripeness,,,
5,ag_059_049,maize,2015,2015-06-15,2015-10-05,189593.55287083783,1.0,5.631051180898794e-13,3.126388037344441e-12,0.0,0.0,0.03354275471250856,232.73000000000002,80.0,0.0,18.507702418460468,239.55471037321084,83.31110872595954,0.0,0.0,0.0,0.26126022555618605,80.0,0.0,341.3735215176308,10295.537001465642,19941.858962430044,380.2597105929826,351.3549288497972,-1.6580070649752088e-12,unvalidated-engineering-priors,fixed independent scenario factor; no N cycle,2015-08-12,2015-09-27,2015-09-27,physiological_maturity,R6_physiological_maturity,2015-06-16,seed_layer_available_water,50.0
5,ag_059_049,fallow,2015,2015-10-06,2015-10-11,189593.55287083783,1.0,1.5498713423767185e-13,0.0,0.0,0.0,1.0,0.75,0.0,0.0,13.924543114011719,0.0,0.0,0.0,0.0,0.0,0.0005209651288274008,0.0,0.0,13.924543114011719,0.0,0.0,351.3549288497972,338.1798647706569,-2.1893598045608087e-13,unvalidated-engineering-priors,fixed independent scenario factor; no N cycle,,,,right_censored,BBCH89_full_ripeness,,,
5,ag_059_049,wheat,2016,2015-10-12,2016-06-10,189593.55287083783,1.0,2.611244553918368e-13,2.2168933355715126e-12,0.0,0.0,0.04267140235271844,171.81,300.0,0.0,261.8706655925854,213.69834806120014,22.066553186471097,0.0,0.0,0.0,0.058465953247672175,300.0,0.0,497.6355668402566,6176.0129810319095,14075.720985816646,338.1798647706569,312.29583197715425,-1.659866688541456e-12,unvalidated-engineering-priors,fixed independent scenario factor; no N cycle,2016-04-24,2016-05-31,2016-05-31,full_ripeness,BBCH89_full_ripeness,2015-10-13,seed_layer_available_water,50.0
5,ag_059_049,fallow,2016,2016-06-11,2016-06-14,189593.55287083783,1.0,7.682743330406083e-14,0.0,0.0,0.0,1.0,32.45,0.0,0.0,12.504932567766138,0.0,0.0,0.0,0.0,0.0,0.00010299619261934078,0.0,0.0,12.504932567766138,0.0,0.0,312.29583197715425,332.2407964131956,-1.0236256287043943e-13,unvalidated-engineering-priors,fixed independent scenario factor; no N cycle,,,,right_censored,BBCH89_full_ripeness,,,
5,ag_059_049,maize,2016,2016-06-15,2016-10-05,189593.55287083783,1.0,1.0338396805309458e-12,2.3305801732931286e-12,0.0,0.0,0.03354275471250856,532.13,80.0,0.0,20.236130766259496,215.10898601040245,85.35578846057832,0.0,0.0,0.0,91.40748597599932,80.0,0.0,320.70090523724025,9220.003429634658,17335.013703618828,332.2407964131956,532.2624051999593,-3.293032513340677e-12,unvalidated-engineering-priors,fixed independent scenario factor; no N cycle,2016-08-10,2016-09-22,2016-09-22,physiological_maturity,R6_physiological_maturity,2016-06-15,seed_layer_available_water,50.0
5,ag_059_049,fallow,2016,2016-10-06,2016-10-11,189593.55287083783,1.0,1.723066134218243e-13,0.0,0.0,0.0,1.0,6.17,0.0,0.0,16.499941101767572,0.0,0.0,0.0,0.0,0.0,1.3766510103341911,0.0,0.0,16.499941101767572,0.0,0.0,532.2624051999593,520.5558130878577,-1.723066134218243e-13,unvalidated-engineering-priors,fixed independent scenario factor; no N cycle,,,,right_censored,BBCH89_full_ripeness,,,
5,ag_059_049,wheat,2017,2016-10-12,2017-06-10,189593.55287083783,1.0,5.471179065352771e-13,4.774847184307873e-12,0.0,0.0,0.04267140235271844,174.55,300.0,0.0,258.42464864083036,260.0101833677559,35.890442487422796,0.0,0.0,0.0,35.27347058943534,300.0,0.0,554.325274496009,8403.28061980725,18610.01484791726,520.5558130878577,405.50706800241267,6.584732759051803e-13,unvalidated-engineering-priors,fixed independent scenario factor; no N cycle,2017-04-24,2017-06-02,2017-06-02,full_ripeness,BBCH89_full_ripeness,2016-10-12,seed_layer_available_water,50.0
5,ag_059_049,fallow,2017,2017-06-11,2017-06-14,189593.55287083783,1.0,1.1268763699945339e-13,0.0,0.0,0.0,1.0,25.59,0.0,0.0,13.164185498950511,0.0,0.0,0.0,0.0,0.0,0.01825827040055114,0.0,0.0,13.164185498950511,0.0,0.0,405.50706800241267,417.91462423306155,5.762057497804562e-14,unvalidated-engineering-priors,fixed independent scenario factor; no N cycle,,,,right_censored,BBCH89_full_ripeness,,,
5,ag_059_049,maize,2017,2017-06-15,2017-10-05,189593.55287083783,1.0,5.95967719618784e-13,3.524291969370097e-12,0.0,0.0,0.03354275471250856,288.55,80.0,0.0,18.30649235969524,264.5329039963731,90.594197046204,0.0,0.0,0.0,2.494273010918873,80.0,0.0,373.4335934022723,9646.176138728219,19614.08429393744,417.91462423306155,410.5367578198715,-1.1586287484988134e-12,unvalidated-engineering-priors,fixed independent scenario factor; no N cycle,2017-08-11,2017-09-24,2017-09-24,physiological_maturity,R6_physiological_maturity,2017-06-15,seed_layer_available_water,50.0
5,ag_059_049,fallow,2017,2017-10-06,2017-10-11,189593.55287083783,1.0,1.5210055437364645e-13,0.0,0.0,0.0,1.0,31.95,0.0,0.0,8.63260832,0.0,0.0,0.0,0.0,0.0,0.014049916328747756,0.0,0.0,8.63260832,0.0,0.0,410.5367578198715,433.84009958354255,2.2537527399890678e-13,unvalidated-engineering-priors,fixed independent scenario factor; no N cycle,,,,right_censored,BBCH89_full_ripeness,,,
5,ag_059_049,wheat,2018,2017-10-12,2018-06-10,189593.55287083783,1.0,5.377920331284258e-13,2.2168933355715126e-12,0.0,0.0,0.04267140235271844,180.79,300.0,0.0,235.81172827962456,227.83660770951562,23.236577992619964,0.0,0.0,0.0,2.711186607658092,300.0,0.0,486.8849139817601,6082.354763271623,14213.649388730058,433.84009958354255,425.0339989941233,1.0404177519518498e-12,unvalidated-engineering-priors,fixed independent scenario factor; no N cycle,2018-04-25,2018-06-02,2018-06-02,full_ripeness,BBCH89_full_ripeness,2017-10-12,seed_layer_available_water,50.0
5,ag_059_049,fallow,2018,2018-06-11,2018-06-14,189593.55287083783,1.0,5.750955267558311e-14,0.0,0.0,0.0,1.0,0.2,0.0,0.0,10.552008283718344,0.0,0.0,0.0,0.0,0.0,0.0178816202867191,0.0,0.0,10.552008283718344,0.0,0.0,425.0339989941233,414.66410909011836,-1.2789769243681803e-13,unvalidated-engineering-priors,fixed independent scenario factor; no N cycle,,,,right_censored,BBCH89_full_ripeness,,,
5,ag_059_049,maize,2018,2018-06-15,2018-10-05,189593.55287083783,1.0,8.348877145181177e-13,5.9117155615240335e-12,0.0,0.0,0.03354275471250856,331.67,80.0,0.0,19.95390819902739,246.14420837873192,77.9381643526932,0.0,0.0,0.0,3.115186866256956,80.0,0.0,344.0362809304525,8726.285218773512,16997.784142217257,414.66410909011836,479.18264129340406,4.842626299961239e-12,unvalidated-engineering-priors,fixed independent scenario factor; no N cycle,2018-08-10,2018-09-22,2018-09-22,physiological_maturity,R6_physiological_maturity,2018-06-16,seed_layer_available_water,50.0
5,ag_059_049,fallow,2018,2018-10-06,2018-10-11,189593.55287083783,1.0,9.237055564881302e-14,0.0,0.0,0.0,1.0,0.38,0.0,0.0,17.08350437493656,0.0,0.0,0.0,0.0,0.0,0.10175795342026447,0.0,0.0,17.08350437493656,0.0,0.0,479.18264129340406,462.3773789650472,6.439293542825908e-15,unvalidated-engineering-priors,fixed independent scenario factor; no N cycle,,,,right_censored,BBCH89_full_ripeness,,,
5,ag_059_049,wheat,2019,2018-10-12,2019-06-10,189593.55287083783,1.0,5.595524044110789e-13,3.240074875066057e-12,0.0,0.0,0.04267140235271844,110.45,300.0,0.0,205.2676622223684,246.02541550016494,32.290150985014634,0.0,0.0,0.0,6.327436288944362,300.0,0.0,483.58322870754796,7188.02810785663,16766.702626467762,462.3773789650472,382.916713968556,-1.0763612223740893e-12,unvalidated-engineering-priors,fixed independent scenario factor; no N cycle,2019-04-25,2019-06-06,2019-06-06,full_ripeness,BBCH89_full_ripeness,2018-10-12,seed_layer_available_water,50.0
5,ag_059_049,fallow,2019,2019-06-11,2019-06-14,189593.55287083783,1.0,8.171241461241152e-14,0.0,0.0,0.0,1.0,0.12,0.0,0.0,3.6819039166090732,0.0,0.0,0.0,0.0,0.0,0.005901062342647228,0.0,0.0,3.6819039166090732,0.0,0.0,382.916713968556,379.3489089896041,1.488809076022335e-13,unvalidated-engineering-priors,fixed independent scenario factor; no N cycle,,,,right_censored,BBCH89_full_ripeness,,,
5,ag_059_049,maize,2019,2019-06-15,2019-10-05,189593.55287083783,1.0,5.040412531798211e-13,4.888534022029489e-12,0.0,0.0,0.03354275471250856,288.04,80.0,0.0,19.239035299120854,251.89582048823246,87.83052515924349,0.0,0.0,0.0,0.29490580176693426,80.0,0.0,358.96538094659684,10062.54060740133,20037.379543254836,379.3489089896041,388.12862224123967,7.018274850167927e-13,unvalidated-engineering-priors,fixed independent scenario factor; no N cycle,2019-08-12,2019-09-26,2019-09-26,physiological_maturity,R6_physiological_maturity,2019-06-16,seed_layer_available_water,50.0
5,ag_059_049,fallow,2019,2019-10-06,2019-10-11,189593.55287083783,1.0,1.0769163338864018e-13,0.0,0.0,0.0,1.0,14.680000000000001,0.0,0.0,13.4540984,0.0,0.0,0.0,0.0,0.0,0.00224888340198396,0.0,0.0,13.4540984,0.0,0.0,388.12862224123967,389.3522749578377,-3.6193270602780103e-14,unvalidated-engineering-priors,fixed independent scenario factor; no N cycle,,,,right_censored,BBCH89_full_ripeness,,,
5,ag_059_049,wheat,2020,2019-10-12,2020-06-10,189593.55287083783,1.0,3.97015753605956e-13,2.7853275241795927e-12,0.0,0.0,0.04267140235271844,129.73,300.0,0.0,213.7172447120573,232.56284299300498,33.983133379065094,0.0,0.0,0.0,0.39802938007073313,300.0,0.0,480.2632210841274,7209.2912229888225,16333.359877300763,389.3522749578377,338.421024493638,1.6112111644872584e-12,unvalidated-engineering-priors,fixed independent scenario factor; no N cycle,2020-04-24,2020-06-02,2020-06-02,full_ripeness,BBCH89_full_ripeness,2019-10-12,seed_layer_available_water,50.0
5,ag_059_049,fallow,2020,2020-06-11,2020-06-14,189593.55287083783,1.0,9.459100169806334e-14,0.0,0.0,0.0,1.0,0.62,0.0,0.0,2.009674621832222,0.0,0.0,0.0,0.0,0.0,0.0006172657411781489,0.0,0.0,2.009674621832222,0.0,0.0,338.421024493638,337.0307326060647,-8.804068585277491e-14,unvalidated-engineering-priors,fixed independent scenario factor; no N cycle,,,,right_censored,BBCH89_full_ripeness,,,
5,ag_059_049,maize,2020,2020-06-15,2020-10-05,189593.55287083783,1.0,5.53335155473178e-13,2.4442670110147446e-12,0.0,0.0,0.03354275471250856,360.82,80.0,0.0,18.51014269180611,220.45581424526463,71.6981691576726,0.0,0.0,0.0,3.3095362906223085,80.0,0.0,310.6641260947433,9363.933144935607,17325.831304048974,337.0307326060647,463.8770702206978,1.2473910793175946e-12,unvalidated-engineering-priors,fixed independent scenario factor; no N cycle,2020-08-12,2020-09-25,2020-09-25,physiological_maturity,R6_physiological_maturity,2020-06-16,seed_layer_available_water,50.0
5,ag_059_049,fallow,2020,2020-10-06,2020-10-11,189593.55287083783,1.0,7.416289804496046e-14,0.0,0.0,0.0,1.0,1.78,0.0,0.0,13.518865472433758,0.0,0.0,0.0,0.0,0.0,0.13944550200632394,0.0,0.0,13.518865472433758,0.0,0.0,463.8770702206978,451.9987592462577,4.3520742565306136e-14,unvalidated-engineering-priors,fixed independent scenario factor; no N cycle,,,,right_censored,BBCH89_full_ripeness,,,
5,ag_059_049,wheat,2021,2020-10-12,2021-06-10,189593.55287083783,1.0,5.011546733157957e-13,4.177991286269389e-12,0.0,0.0,0.04267140235271844,127.95,300.0,0.0,213.58318732233164,257.82236413723143,34.932704047298756,0.0,0.0,0.0,5.939770958265176,300.0,0.0,506.33825550686186,7886.304168476606,17895.521776792742,451.9987592462577,367.6707327811277,2.9858615580025116e-12,unvalidated-engineering-priors,fixed independent scenario factor; no N cycle,2021-04-21,2021-05-30,2021-05-30,full_ripeness,BBCH89_full_ripeness,2020-10-12,seed_layer_available_water,50.0
5,ag_059_049,fallow,2021,2021-06-11,2021-06-14,189593.55287083783,1.0,4.529709940470639e-14,0.0,0.0,0.0,1.0,12.2,0.0,0.0,7.025399899600311,0.0,0.0,0.0,0.0,0.0,0.002515873193944627,0.0,0.0,7.025399899600311,0.0,0.0,367.6707327811277,372.84281700833344,0.0,unvalidated-engineering-priors,fixed independent scenario factor; no N cycle,,,,right_censored,BBCH89_full_ripeness,,,
5,ag_059_049,maize,2021,2021-06-15,2021-10-05,189593.55287083783,1.0,7.394085344003543e-13,4.014566457044566e-12,0.0,0.0,0.03354275471250856,671.15,80.0,0.0,17.65588577157552,194.628558238743,104.24865603163612,0.0,0.0,0.0,81.39343511514068,80.0,0.0,316.53310004195464,8989.053579743166,18039.080728625646,372.84281700833344,726.0662818512357,2.4401591858236316e-12,unvalidated-engineering-priors,fixed independent scenario factor; no N cycle,2021-08-10,2021-09-23,2021-09-23,physiological_maturity,R6_physiological_maturity,2021-06-15,seed_layer_available_water,50.0
5,ag_059_049,fallow,2021,2021-10-06,2021-10-11,189593.55287083783,1.0,1.900701818158268e-13,0.0,0.0,0.0,1.0,28.42,0.0,0.0,11.599126830000003,0.0,0.0,0.0,0.0,0.0,40.070639324233625,0.0,0.0,11.599126830000003,0.0,0.0,726.0662818512357,702.8165156970019,9.947598300641403e-14,unvalidated-engineering-priors,fixed independent scenario factor; no N cycle,,,,right_censored,BBCH89_full_ripeness,,,
5,ag_059_049,wheat,2022,2021-10-12,2022-06-10,189593.55287083783,1.0,4.920508445138694e-13,5.4569682106375694e-12,0.0,0.0,0.04267140235271844,98.71,300.0,0.0,211.56336200755052,312.428042845749,24.69927473289911,0.0,0.0,0.0,172.3564733887538,300.0,0.0,548.6906795861986,9303.049748662228,20183.614744518618,702.8165156970019,380.47936272205,-4.959366251000574e-13,unvalidated-engineering-priors,fixed independent scenario factor; no N cycle,2022-04-22,2022-06-05,2022-06-05,full_ripeness,BBCH89_full_ripeness,2021-10-12,seed_layer_available_water,50.0
5,ag_059_049,fallow,2022,2022-06-11,2022-06-14,189593.55287083783,1.0,1.4199752484955752e-13,0.0,0.0,0.0,1.0,2.14,0.0,0.0,4.149844424927642,0.0,0.0,0.0,0.0,0.0,0.006116950249287621,0.0,0.0,4.149844424927642,0.0,0.0,380.47936272205,378.4634013468733,-2.431388423929093e-13,unvalidated-engineering-priors,fixed independent scenario factor; no N cycle,,,,right_censored,BBCH89_full_ripeness,,,
5,ag_059_049,maize,2022,2022-06-15,2022-10-05,189593.55287083783,1.0,1.1941558852868184e-12,3.183231456205249e-12,0.0,0.0,0.03354275471250856,510.83,80.0,0.0,20.676563200488058,244.22839671901718,61.78908459947039,0.0,0.0,0.0,62.029508439861004,80.0,0.0,326.69404451897566,9574.788988426615,17685.11845981455,378.4634013468733,580.5698483880379,-1.2922996006636822e-12,unvalidated-engineering-priors,fixed independent scenario factor; no N cycle,2022-08-12,2022-09-26,2022-09-26,physiological_maturity,R6_physiological_maturity,2022-06-16,seed_layer_available_water,50.0
5,ag_059_049,fallow,2022,2022-10-06,2022-10-11,189593.55287083783,1.0,1.887379141862766e-13,0.0,0.0,0.0,1.0,0.03,0.0,0.0,18.987706799999994,0.0,0.0,0.0,0.0,0.0,0.8059441763914348,0.0,0.0,18.987706799999994,0.0,0.0,580.5698483880379,560.8061974116466,-1.1235457009206584e-13,unvalidated-engineering-priors,fixed independent scenario factor; no N cycle,,,,right_censored,BBCH89_full_ripeness,,,
5,ag_059_049,wheat,2023,2022-10-12,2023-06-10,189593.55287083783,1.0,4.4586556668946287e-13,3.481659405224491e-12,0.0,0.0,0.04267140235271844,152.5,300.0,0.0,241.2979852137384,250.0699322042056,31.190169381423257,0.0,0.0,0.0,43.36389892590815,300.0,0.0,522.5580867993673,7511.080322861866,16811.193657178028,560.8061974116466,447.3842116863724,-1.1776135622199035e-12,unvalidated-engineering-priors,fixed independent scenario factor; no N cycle,2023-04-19,2023-05-30,2023-05-30,full_ripeness,BBCH89_full_ripeness,2022-10-12,seed_layer_available_water,50.0
5,ag_059_049,fallow,2023,2023-06-11,2023-06-14,189593.55287083783,1.0,1.412203687323199e-13,0.0,0.0,0.0,1.0,0.76,0.0,0.0,4.109794172433683,0.0,0.0,0.0,0.0,0.0,0.09699742801133077,0.0,0.0,4.109794172433683,0.0,0.0,447.3842116863724,443.9374200859273,1.1013412404281553e-13,unvalidated-engineering-priors,fixed independent scenario factor; no N cycle,,,,right_censored,BBCH89_full_ripeness,,,
5,ag_059_049,maize,2023,2023-06-15,2023-10-05,189593.55287083783,1.0,9.015010959956271e-13,5.286437954055145e-12,0.0,0.0,0.03354275471250856,408.24,80.0,0.0,18.73483909231521,278.38495742505944,82.11003289257842,0.0,0.0,0.0,12.580657070413602,80.0,0.0,379.229829409953,10225.207096902992,20952.246749909624,443.9374200859273,540.3669336055614,-7.519540545786185e-13,unvalidated-engineering-priors,fixed independent scenario factor; no N cycle,2023-08-12,2023-09-24,2023-09-24,physiological_maturity,R6_physiological_maturity,2023-06-16,seed_layer_available_water,50.0
5,ag_059_049,fallow,2023,2023-10-06,2023-10-11,189593.55287083783,1.0,1.163513729807164e-13,0.0,0.0,0.0,1.0,0.14,0.0,0.0,16.13244530982822,0.0,0.0,0.0,0.0,0.0,0.6648318109232056,0.0,0.0,16.13244530982822,0.0,0.0,540.3669336055614,523.70965648481,-6.550315845288424e-14,unvalidated-engineering-priors,fixed independent scenario factor; no N cycle,,,,right_censored,BBCH89_full_ripeness,,,
5,ag_059_049,wheat,2024,2023-10-12,2024-06-10,189593.55287083783,1.0,7.003286839335487e-13,4.149569576838985e-12,0.0,0.0,0.04267140235271844,89.02,300.0,0.0,216.31318832047498,285.1021970212836,23.02180689109804,0.0,0.0,0.0,26.26125665105769,300.0,0.0,524.4371922328567,8130.388269107049,18752.016258246567,523.70965648481,362.0312076008948,9.278688928304746e-13,unvalidated-engineering-priors,fixed independent scenario factor; no N cycle,2024-04-23,2024-06-02,2024-06-02,full_ripeness,BBCH89_full_ripeness,2023-10-12,seed_layer_available_water,50.0
5,ag_059_049,fallow,2024,2024-06-11,2024-06-14,189593.55287083783,1.0,4.829470157119431e-14,0.0,0.0,0.0,1.0,1.2,0.0,0.0,2.902686637528139,0.0,0.0,0.0,0.0,0.0,0.003807453380443362,0.0,0.0,2.902686637528139,0.0,0.0,362.0312076008948,360.32471350998617,3.852473895449293e-14,unvalidated-engineering-priors,fixed independent scenario factor; no N cycle,,,,right_censored,BBCH89_full_ripeness,,,
5,ag_059_049,maize,2024,2024-06-15,2024-10-05,189593.55287083783,1.0,7.709388682997087e-13,4.959588295605499e-12,0.0,0.0,0.03354275471250856,403.69,80.0,0.0,20.48058399850327,237.99964911771318,91.7337017899077,0.0,0.0,0.0,1.2107519859551779,80.0,0.0,350.21393490612417,9273.072407748185,18135.864433133363,360.32471350998617,492.5900266179096,-2.7546853686999384e-12,unvalidated-engineering-priors,fixed independent scenario factor; no N cycle,2024-08-10,2024-09-22,2024-09-22,physiological_maturity,R6_physiological_maturity,2024-06-16,seed_layer_available_water,50.0
5,ag_059_049,fallow,2024,2024-10-06,2024-10-11,189593.55287083783,1.0,9.50350909079134e-14,0.0,0.0,0.0,1.0,0.85,0.0,0.0,17.074371435595566,0.0,0.0,0.0,0.0,0.0,0.06550552427140986,0.0,0.0,17.074371435595566,0.0,0.0,492.5900266179096,476.30014965804276,-1.438849039914203e-13,unvalidated-engineering-priors,fixed independent scenario factor; no N cycle,,,,right_censored,BBCH89_full_ripeness,,,
5,ag_059_049,wheat,2025,2024-10-12,2025-06-10,189593.55287083783,1.0,4.2010839251815923e-13,3.240074875066057e-12,0.0,0.0,0.04267140235271844,138.98,300.0,0.0,235.6673966098999,280.8381544939751,28.113507366337842,0.0,0.0,0.0,9.996810402056804,300.0,0.0,544.6190584702128,7658.499830618245,17487.680592171608,476.30014965804276,360.66428078577525,-2.1085910795193286e-12,unvalidated-engineering-priors,fixed independent scenario factor; no N cycle,2025-04-21,2025-05-30,2025-05-30,full_ripeness,BBCH89_full_ripeness,2024-10-12,seed_layer_available_water,50.0
5,ag_059_049,fallow,2025,2025-06-11,2025-06-14,189593.55287083783,1.0,7.494005416219807e-14,0.0,0.0,0.0,1.0,11.32,0.0,0.0,5.205580644117693,0.0,0.0,0.0,0.0,0.0,0.0023803594127651552,0.0,0.0,5.205580644117693,0.0,0.0,360.66428078577525,366.77631978224485,-6.517009154549669e-14,unvalidated-engineering-priors,fixed independent scenario factor; no N cycle,,,,right_censored,BBCH89_full_ripeness,,,
5,ag_059_049,maize,2025,2025-06-15,2025-10-05,189593.55287083783,1.0,7.291944825738028e-13,4.945377440890297e-12,0.0,0.0,0.03354275471250856,311.75,80.0,0.0,18.869241109625392,229.93639371192947,96.70378792503517,0.0,0.0,0.0,0.7691159441492278,80.0,0.0,345.50942274659,8627.288043517785,18073.276522213266,366.77631978224485,412.24778109150355,2.0530244171368395e-12,unvalidated-engineering-priors,fixed independent scenario factor; no N cycle,2025-08-09,2025-09-20,2025-09-20,physiological_maturity,R6_physiological_maturity,2025-06-15,seed_layer_available_water,50.0
