representative_id,source_zone_id,crop,harvest_year,start_date,end_date,represented_area_ha,fraction,maximum_daily_residual_mm,maximum_carbon_residual_kg_ha,maximum_grain_ceiling_excess_kg_ha,storage_continuity_error_mm,root_extraction_fraction_day,precipitation_mm,irrigation_field_mm,capillary_rise_mm,soil_evaporation_mm,transpiration_mm,canopy_evaporation_mm,application_evaporation_mm,runoff_mm,off_field_drift_mm,bottom_drainage_mm,pump_input_mm,conveyance_loss_mm,et_mm,yield_kg_ha,biomass_kg_ha,initial_storage_mm,final_storage_mm,balance_residual_mm,parameter_version,nutrient_process,anthesis_date,maturity_date,season_end_date,season_end_reason,maturity_definition,germination_start_date,germination_water_response,sowing_depth_mm
17,ag_095_040,fallow,1996,1996-01-01,1996-10-11,364789.7923446728,0.0,2.984279490192421e-13,0.0,0.0,0.0,1.0,974.85,0.0,0.0,707.9558673549423,0.0,0.0,0.0,1.2227744113754788,0.0,157.09980383085534,0.0,0.0,707.9558673549423,0.0,0.0,573.7456994339389,682.3172538367659,-9.54236689665322e-14,unvalidated-engineering-priors,fixed independent scenario factor; no N cycle,,,,right_censored,BBCH89_full_ripeness,,,
17,ag_095_040,wheat,1997,1996-10-12,1997-06-10,364789.7923446728,0.0,9.885425811262394e-13,3.183231456205249e-12,0.0,0.0,0.04267140235271844,522.08,0.0,0.0,282.39126036363234,190.18548754911902,48.42348453563166,0.0,0.0,0.0,141.80161934065976,0.0,0.0,521.000232448383,7469.153865331964,17111.73783083159,682.3172538367659,541.5954020477205,2.5751623056180506e-12,unvalidated-engineering-priors,fixed independent scenario factor; no N cycle,1997-04-20,1997-05-29,1997-05-29,full_ripeness,BBCH89_full_ripeness,1996-10-12,seed_layer_available_water,50.0
17,ag_095_040,fallow,1997,1997-06-11,1997-06-14,364789.7923446728,0.0,1.829647544582258e-13,0.0,0.0,0.0,1.0,0.060000000000000005,0.0,0.0,9.42448578230167,0.0,0.0,0.0,0.0,0.0,0.05101830997498653,0.0,0.0,9.42448578230167,0.0,0.0,541.5954020477205,532.1798979554435,3.9035441545820504e-13,unvalidated-engineering-priors,fixed independent scenario factor; no N cycle,,,,right_censored,BBCH89_full_ripeness,,,
17,ag_095_040,maize,1997,1997-06-15,1997-10-05,364789.7923446728,0.0,8.739675649849232e-13,3.979039320256561e-12,0.0,0.0,0.03354275471250856,370.71,0.0,0.0,18.582156296707975,240.07247034722457,56.59215833078832,0.0,5.590598796648669,0.0,28.02863608812868,0.0,0.0,315.24678497472087,9569.44013266934,18389.783765288365,532.1798979554435,554.0238780959486,-3.2951696926630802e-12,unvalidated-engineering-priors,fixed independent scenario factor; no N cycle,1997-08-18,,1997-10-05,cut_before_maturity,R6_physiological_maturity,1997-06-25,seed_layer_available_water,50.0
17,ag_095_040,fallow,1997,1997-10-06,1997-10-11,364789.7923446728,0.0,1.8696155734687636e-13,0.0,0.0,0.0,1.0,0.21,0.0,0.0,15.48951324283439,0.0,0.0,0.0,0.0,0.0,0.0749311403778732,0.0,0.0,15.48951324283439,0.0,0.0,554.0238780959486,538.6694337127365,-1.3744561044859438e-13,unvalidated-engineering-priors,fixed independent scenario factor; no N cycle,,,,right_censored,BBCH89_full_ripeness,,,
17,ag_095_040,wheat,1998,1997-10-12,1998-06-10,364789.7923446728,0.0,6.661338147750939e-13,1.8758328224066645e-12,0.0,0.0,0.04267140235271844,693.37,0.0,0.0,348.87560077706576,124.69933806333795,53.324998573538004,0.0,3.581807182454222,0.0,17.23418520799899,0.0,0.0,526.8999374139416,5598.540804504576,12633.248889639515,538.6694337127365,684.3235039083462,-4.639011397244985e-12,unvalidated-engineering-priors,fixed independent scenario factor; no N cycle,1998-04-24,1998-06-02,1998-06-02,full_ripeness,BBCH89_full_ripeness,1997-10-26,seed_layer_available_water,50.0
17,ag_095_040,fallow,1998,1998-06-11,1998-06-14,364789.7923446728,0.0,4.3520742565306136e-14,0.0,0.0,0.0,1.0,10.32,0.0,0.0,14.439845962741195,0.0,0.0,0.0,0.0,0.0,3.537095369773041,0.0,0.0,14.439845962741195,0.0,0.0,684.3235039083462,676.666562575832,-5.595524044110789e-14,unvalidated-engineering-priors,fixed independent scenario factor; no N cycle,,,,right_censored,BBCH89_full_ripeness,,,
17,ag_095_040,maize,1998,1998-06-15,1998-10-05,364789.7923446728,0.0,8.65529869997772e-13,2.6716406864579767e-12,0.0,0.0,0.03354275471250856,723.7,0.0,0.0,18.645972951865854,193.81988158576772,98.55771029078626,0.0,33.920820325393485,0.0,407.08606039083946,0.0,0.0,311.0235648284198,8076.214544419825,15327.373116504825,676.666562575832,648.3361170311816,-2.3613333510752454e-12,unvalidated-engineering-priors,fixed independent scenario factor; no N cycle,1998-08-08,1998-09-18,1998-09-18,physiological_maturity,R6_physiological_maturity,1998-06-15,seed_layer_available_water,50.0
17,ag_095_040,fallow,1998,1998-10-06,1998-10-11,364789.7923446728,0.0,2.007283228522283e-13,0.0,0.0,0.0,1.0,0.9199999999999999,0.0,0.0,15.459779478982561,0.0,0.0,0.0,0.0,0.0,1.2514231469593238,0.0,0.0,15.459779478982561,0.0,0.0,648.3361170311816,632.5449144052398,-7.993605777301127e-15,unvalidated-engineering-priors,fixed independent scenario factor; no N cycle,,,,right_censored,BBCH89_full_ripeness,,,
17,ag_095_040,wheat,1999,1998-10-12,1999-06-10,364789.7923446728,0.0,4.2810199829546036e-13,3.126388037344441e-12,0.0,0.0,0.04267140235271844,330.79,0.0,0.0,217.90641905154368,177.8601595866144,56.61430302752513,0.0,0.0,0.0,18.03283487962587,0.0,0.0,452.3808816656832,6729.395096077735,15594.056021744094,632.5449144052398,492.9211978599322,-1.5445422718585178e-12,unvalidated-engineering-priors,fixed independent scenario factor; no N cycle,1999-04-15,1999-05-23,1999-05-23,full_ripeness,BBCH89_full_ripeness,1998-10-12,seed_layer_available_water,50.0
17,ag_095_040,fallow,1999,1999-06-11,1999-06-14,364789.7923446728,0.0,1.1457501614131615e-13,0.0,0.0,0.0,1.0,0.52,0.0,0.0,3.2394295446133903,0.0,0.0,0.0,0.0,0.0,0.014405078071848649,0.0,0.0,3.2394295446133903,0.0,0.0,492.9211978599322,490.1873632372471,-1.446620601086579e-13,unvalidated-engineering-priors,fixed independent scenario factor; no N cycle,,,,right_censored,BBCH89_full_ripeness,,,
17,ag_095_040,maize,1999,1999-06-15,1999-10-05,364789.7923446728,0.0,7.451816941284051e-13,4.035882739117369e-12,0.0,0.0,0.03354275471250856,362.04,0.0,0.0,19.289825893581583,226.99345678644482,72.87289227004315,0.0,0.0,0.0,0.5358448939304358,0.0,0.0,319.15617495006956,8223.131115126938,16697.606440366297,490.1873632372471,532.5353433932444,2.71416222830112e-12,unvalidated-engineering-priors,fixed independent scenario factor; no N cycle,1999-08-11,1999-09-24,1999-09-24,physiological_maturity,R6_physiological_maturity,1999-06-16,seed_layer_available_water,50.0
17,ag_095_040,fallow,1999,1999-10-06,1999-10-11,364789.7923446728,0.0,1.247890679678676e-13,0.0,0.0,0.0,1.0,9.92,0.0,0.0,13.283262900000002,0.0,0.0,0.0,0.0,0.0,0.0015339059702102838,0.0,0.0,13.283262900000002,0.0,0.0,532.5353433932444,529.1705465872742,-4.04121180963557e-14,unvalidated-engineering-priors,fixed independent scenario factor; no N cycle,,,,right_censored,BBCH89_full_ripeness,,,
17,ag_095_040,wheat,2000,1999-10-12,2000-06-10,364789.7923446728,0.0,2.469136006766348e-13,3.0127011996228248e-12,0.0,0.0,0.04267140235271844,425.87,0.0,0.0,250.8456646077405,156.8354534559814,35.11311924374556,0.0,0.0,0.0,1.0320912874206476,0.0,0.0,442.7942373074674,3376.1564416745136,9669.45254749148,529.1705465872742,511.21421799238715,-1.0573208975017678e-12,unvalidated-engineering-priors,fixed independent scenario factor; no N cycle,2000-04-17,2000-05-25,2000-05-25,full_ripeness,BBCH89_full_ripeness,1999-10-12,seed_layer_available_water,50.0
17,ag_095_040,fallow,2000,2000-06-11,2000-06-14,364789.7923446728,0.0,7.194245199571014e-14,0.0,0.0,0.0,1.0,1.18,0.0,0.0,13.603565100962133,0.0,0.0,0.0,0.0,0.0,0.0012204951239570229,0.0,0.0,13.603565100962133,0.0,0.0,511.21421799238715,498.7894323963009,1.3367085216486885e-13,unvalidated-engineering-priors,fixed independent scenario factor; no N cycle,,,,right_censored,BBCH89_full_ripeness,,,
17,ag_095_040,maize,2000,2000-06-15,2000-10-05,364789.7923446728,0.0,1.0698109065288008e-12,1.8758328224066645e-12,0.0,0.0,0.03354275471250856,815.64,0.0,0.0,20.76097621207791,117.39760844491265,83.82549601026247,0.0,0.0,0.0,319.89228949650817,0.0,0.0,221.984080667253,6100.28442871762,11945.76324468508,498.7894323963009,772.5530622325425,-2.7814417435934047e-12,unvalidated-engineering-priors,fixed independent scenario factor; no N cycle,2000-08-11,2000-09-23,2000-09-23,physiological_maturity,R6_physiological_maturity,2000-06-18,seed_layer_available_water,50.0
17,ag_095_040,fallow,2000,2000-10-06,2000-10-11,364789.7923446728,0.0,1.6431300764452317e-13,0.0,0.0,0.0,1.0,24.790000000000003,0.0,0.0,14.7318801,0.0,0.0,0.0,0.0,0.0,20.14080299713399,0.0,0.0,14.7318801,0.0,0.0,772.5530622325425,762.4703791354088,-3.219646771412954e-13,unvalidated-engineering-priors,fixed independent scenario factor; no N cycle,,,,right_censored,BBCH89_full_ripeness,,,
17,ag_095_040,wheat,2001,2000-10-12,2001-06-10,364789.7923446728,0.0,3.956834859764058e-13,3.7410075037769275e-12,0.0,0.0,0.04267140235271844,375.02,0.0,0.0,262.133182433669,203.18206649226673,44.95185860425792,0.0,0.0,0.0,145.6761854044195,0.0,0.0,510.2671075301937,7684.048270265833,17187.464446924856,762.4703791354088,481.5470862007963,-6.018519016492974e-13,unvalidated-engineering-priors,fixed independent scenario factor; no N cycle,2001-04-17,2001-05-27,2001-05-27,full_ripeness,BBCH89_full_ripeness,2000-10-12,seed_layer_available_water,50.0
17,ag_095_040,fallow,2001,2001-06-11,2001-06-14,364789.7923446728,0.0,7.682743330406083e-14,0.0,0.0,0.0,1.0,4.16,0.0,0.0,15.98289641177935,0.0,0.0,0.0,0.0,0.0,0.014604733286787184,0.0,0.0,15.98289641177935,0.0,0.0,481.5470862007963,469.70958505573014,3.9968028886505635e-15,unvalidated-engineering-priors,fixed independent scenario factor; no N cycle,,,,right_censored,BBCH89_full_ripeness,,,
17,ag_095_040,maize,2001,2001-06-15,2001-10-05,364789.7923446728,0.0,5.577760475716786e-13,3.893774191965349e-12,0.0,0.0,0.03354275471250856,324.19,0.0,0.0,18.173462383964633,252.16709593671948,79.87116331571286,0.0,0.0,0.0,0.29322707189568137,0.0,0.0,350.211721636397,9536.511240493586,18942.182302557216,469.70958505573014,443.39463634743726,2.2964963264371363e-13,unvalidated-engineering-priors,fixed independent scenario factor; no N cycle,2001-08-10,2001-09-22,2001-09-22,physiological_maturity,R6_physiological_maturity,2001-06-16,seed_layer_available_water,50.0
17,ag_095_040,fallow,2001,2001-10-06,2001-10-11,364789.7923446728,0.0,8.282263763703668e-14,0.0,0.0,0.0,1.0,3.57,0.0,0.0,12.544980701632758,0.0,0.0,0.0,0.0,0.0,0.0008046939576158015,0.0,0.0,12.544980701632758,0.0,0.0,443.39463634743726,434.418850951847,-1.0902390101819037e-13,unvalidated-engineering-priors,fixed independent scenario factor; no N cycle,,,,right_censored,BBCH89_full_ripeness,,,
17,ag_095_040,wheat,2002,2001-10-12,2002-06-10,364789.7923446728,0.0,2.0272672429655358e-13,1.9326762412674725e-12,0.0,0.0,0.04267140235271844,498.05,0.0,0.0,255.21215369632054,122.99429042298588,60.32062995265656,0.0,0.0,0.0,0.03488559923335299,0.0,0.0,438.52707407196294,4605.401375006921,11498.565494944527,434.418850951847,493.90689128065196,-1.2815304373248182e-12,unvalidated-engineering-priors,fixed independent scenario factor; no N cycle,2002-04-10,2002-05-23,2002-05-23,full_ripeness,BBCH89_full_ripeness,2001-10-15,seed_layer_available_water,50.0
17,ag_095_040,fallow,2002,2002-06-11,2002-06-14,364789.7923446728,0.0,1.3100631690576847e-13,0.0,0.0,0.0,1.0,0.0,0.0,0.0,20.545186265493758,0.0,0.0,0.0,0.0,0.0,0.0007922192811860311,0.0,0.0,20.545186265493758,0.0,0.0,493.90689128065196,473.36091279587725,-2.3714363805993344e-13,unvalidated-engineering-priors,fixed independent scenario factor; no N cycle,,,,right_censored,BBCH89_full_ripeness,,,
17,ag_095_040,maize,2002,2002-06-15,2002-10-05,364789.7923446728,0.0,1.1866063687193673e-12,3.296918293926865e-12,0.0,0.0,0.03354275471250856,506.13,0.0,0.0,17.261079987754826,217.80050264281164,80.73069233287237,0.0,46.89856870814313,0.0,9.247669017217142,0.0,0.0,315.79227496343884,9203.433301559824,17335.46588105813,473.36091279587725,607.5524001070792,-1.0156875340783245e-12,unvalidated-engineering-priors,fixed independent scenario factor; no N cycle,2002-08-12,2002-09-27,2002-09-27,physiological_maturity,R6_physiological_maturity,2002-06-17,seed_layer_available_water,50.0
17,ag_095_040,fallow,2002,2002-10-06,2002-10-11,364789.7923446728,0.0,2.291500322826323e-13,0.0,0.0,0.0,1.0,0.02,0.0,0.0,19.542677340530876,0.0,0.0,0.0,0.0,0.0,0.16331663012008088,0.0,0.0,19.542677340530876,0.0,0.0,607.5524001070792,587.866406136428,1.5498713423767185e-13,unvalidated-engineering-priors,fixed independent scenario factor; no N cycle,,,,right_censored,BBCH89_full_ripeness,,,
17,ag_095_040,wheat,2003,2002-10-12,2003-06-10,364789.7923446728,0.0,9.281464485866309e-13,2.6290081223123707e-12,0.0,0.0,0.04267140235271844,400.0,0.0,0.0,233.2936412279526,169.00121206023977,63.323495404560795,0.0,0.0,0.0,6.846332056671526,0.0,0.0,465.61834869275316,6835.902982985802,15804.274626777453,587.866406136428,515.4017253870016,1.7291723608536813e-12,unvalidated-engineering-priors,fixed independent scenario factor; no N cycle,2003-04-23,2003-05-31,2003-05-31,full_ripeness,BBCH89_full_ripeness,2002-10-12,seed_layer_available_water,50.0
17,ag_095_040,fallow,2003,2003-06-11,2003-06-14,364789.7923446728,0.0,1.680877659282487e-13,0.0,0.0,0.0,1.0,1.95,0.0,0.0,5.971290729438642,0.0,0.0,0.0,0.0,0.0,0.02106691358245101,0.0,0.0,5.971290729438642,0.0,0.0,515.4017253870016,511.3593677439804,1.694200335577989e-13,unvalidated-engineering-priors,fixed independent scenario factor; no N cycle,,,,right_censored,BBCH89_full_ripeness,,,
17,ag_095_040,maize,2003,2003-06-15,2003-10-05,364789.7923446728,0.0,1.1524114995609125e-12,2.296829393344524e-12,0.0,0.0,0.03354275471250856,950.01,0.0,0.0,19.083336248099013,93.01737507813841,82.39290487112217,0.0,27.444096494084768,0.0,468.58777471783014,0.0,0.0,194.49361619735961,5717.000328195978,10771.834082034224,511.3593677439804,770.8438803347058,7.979727989493313e-14,unvalidated-engineering-priors,fixed independent scenario factor; no N cycle,2003-08-19,,2003-10-05,cut_before_maturity,R6_physiological_maturity,2003-06-21,seed_layer_available_water,50.0
17,ag_095_040,fallow,2003,2003-10-06,2003-10-11,364789.7923446728,0.0,2.327027459614328e-13,0.0,0.0,0.0,1.0,47.54,0.0,0.0,12.508080600000001,0.0,0.0,0.0,0.0,0.0,13.09611809827943,0.0,0.0,12.508080600000001,0.0,0.0,770.8438803347058,792.7796816364264,-5.861977570020827e-14,unvalidated-engineering-priors,fixed independent scenario factor; no N cycle,,,,right_censored,BBCH89_full_ripeness,,,
17,ag_095_040,wheat,2004,2003-10-12,2004-06-10,364789.7923446728,0.0,3.863576125695545e-13,4.888534022029489e-12,0.0,0.0,0.04267140235271844,312.71999999999997,0.0,0.0,280.99662327514505,238.07057473853942,50.592851809775716,0.0,0.0,0.0,106.45348589352739,0.0,0.0,569.6600498234602,8541.754561855236,19382.19309371413,792.7796816364264,429.38614591943883,-3.5860203695392556e-14,unvalidated-engineering-priors,fixed independent scenario factor; no N cycle,2004-04-12,2004-05-20,2004-05-20,full_ripeness,BBCH89_full_ripeness,2003-10-12,seed_layer_available_water,50.0
17,ag_095_040,fallow,2004,2004-06-11,2004-06-14,364789.7923446728,0.0,7.860379014346108e-14,0.0,0.0,0.0,1.0,27.29,0.0,0.0,4.688769200986168,0.0,0.0,0.0,0.0,0.0,0.002032765210663239,0.0,0.0,4.688769200986168,0.0,0.0,429.38614591943883,451.9853439532421,-7.749356711883593e-14,unvalidated-engineering-priors,fixed independent scenario factor; no N cycle,,,,right_censored,BBCH89_full_ripeness,,,
17,ag_095_040,maize,2004,2004-06-15,2004-10-05,364789.7923446728,0.0,1.0764722446765518e-12,2.5579538487363607e-12,0.0,0.0,0.03354275471250856,597.41,0.0,0.0,17.680576965857973,186.25963985764918,103.18382288370516,0.0,0.0,0.0,51.42887939555698,0.0,0.0,307.1240397072123,9030.096135572032,17039.317642085778,451.9853439532421,690.84242485047,2.764066753258021e-12,unvalidated-engineering-priors,fixed independent scenario factor; no N cycle,2004-08-10,2004-09-26,2004-09-26,physiological_maturity,R6_physiological_maturity,2004-06-15,seed_layer_available_water,50.0
17,ag_095_040,fallow,2004,2004-10-06,2004-10-11,364789.7923446728,0.0,1.5587531265737198e-13,0.0,0.0,0.0,1.0,0.01,0.0,0.0,18.10133064789257,0.0,0.0,0.0,0.0,0.0,2.5797825640190846,0.0,0.0,18.10133064789257,0.0,0.0,690.84242485047,670.1713116385586,-1.9584334154387761e-13,unvalidated-engineering-priors,fixed independent scenario factor; no N cycle,,,,right_censored,BBCH89_full_ripeness,,,
17,ag_095_040,wheat,2005,2004-10-12,2005-06-10,364789.7923446728,0.0,3.523847880160247e-13,5.5422333389287814e-12,0.0,0.0,0.04267140235271844,302.31,0.0,0.0,192.89560538607967,223.80880640665032,69.50146271636842,0.0,0.0,0.0,31.477654511131547,0.0,0.0,486.2058745090984,8042.1624915208795,18755.1779343531,670.1713116385586,454.797782618327,1.5978329770405253e-12,unvalidated-engineering-priors,fixed independent scenario factor; no N cycle,2005-04-25,2005-06-02,2005-06-02,full_ripeness,BBCH89_full_ripeness,2004-10-12,seed_layer_available_water,50.0
17,ag_095_040,fallow,2005,2005-06-11,2005-06-14,364789.7923446728,0.0,1.2212453270876722e-13,0.0,0.0,0.0,1.0,0.0,0.0,0.0,14.53042070655182,0.0,0.0,0.0,0.0,0.0,0.0032906383345846727,0.0,0.0,14.53042070655182,0.0,0.0,454.797782618327,440.26407127344055,5.240252676230739e-14,unvalidated-engineering-priors,fixed independent scenario factor; no N cycle,,,,right_censored,BBCH89_full_ripeness,,,
17,ag_095_040,maize,2005,2005-06-15,2005-10-05,364789.7923446728,0.0,9.166001291305292e-13,2.6645352591003757e-12,0.0,0.0,0.03354275471250856,986.16,0.0,0.0,16.064809467563556,137.34282947151542,110.69333480827103,0.0,144.49981984738335,0.0,238.48618999992345,0.0,0.0,264.10097374735,7244.009842444387,14524.978571012389,440.26407127344055,779.337087678779,4.751365967337051e-12,unvalidated-engineering-priors,fixed independent scenario factor; no N cycle,2005-08-09,2005-09-25,2005-09-25,physiological_maturity,R6_physiological_maturity,2005-06-16,seed_layer_available_water,50.0
17,ag_095_040,fallow,2005,2005-10-06,2005-10-11,364789.7923446728,0.0,1.8118839761882555e-13,0.0,0.0,0.0,1.0,1.35,0.0,0.0,18.1049977,0.0,0.0,0.0,0.0,0.0,22.378659448136112,0.0,0.0,18.1049977,0.0,0.0,779.337087678779,740.2034305306427,2.007283228522283e-13,unvalidated-engineering-priors,fixed independent scenario factor; no N cycle,,,,right_censored,BBCH89_full_ripeness,,,
17,ag_095_040,wheat,2006,2005-10-12,2006-06-10,364789.7923446728,0.0,2.886579864025407e-13,4.121147867408581e-12,0.0,0.0,0.04267140235271844,266.48,0.0,0.0,214.2510532430224,232.03492069234022,55.46976480549755,0.0,0.0,0.0,66.59595567287661,0.0,0.0,501.7557387408602,8107.740608647094,18781.25813690907,740.2034305306427,438.331736116906,-7.37188088351104e-14,unvalidated-engineering-priors,fixed independent scenario factor; no N cycle,2006-04-18,2006-05-27,2006-05-27,full_ripeness,BBCH89_full_ripeness,2005-10-12,seed_layer_available_water,50.0
17,ag_095_040,fallow,2006,2006-06-11,2006-06-14,364789.7923446728,0.0,1.0036416142611415e-13,0.0,0.0,0.0,1.0,12.34,0.0,0.0,6.447142909411433,0.0,0.0,0.0,0.0,0.0,0.0028899156031693667,0.0,0.0,6.447142909411433,0.0,0.0,438.331736116906,444.2217032918914,-3.1530333899354446e-14,unvalidated-engineering-priors,fixed independent scenario factor; no N cycle,,,,right_censored,BBCH89_full_ripeness,,,
17,ag_095_040,maize,2006,2006-06-15,2006-10-05,364789.7923446728,0.0,1.199040866595169e-12,2.2737367544323206e-12,0.0,0.0,0.03354275471250856,446.37,0.0,0.0,19.511767429296587,161.82236340779687,104.39960560416037,0.0,0.0,0.0,2.1914292050602295,0.0,0.0,285.7337364412538,8030.4834191574255,15536.386275224611,444.2217032918914,602.6665376455791,-1.7289503162487563e-12,unvalidated-engineering-priors,fixed independent scenario factor; no N cycle,2006-08-08,2006-09-22,2006-09-22,physiological_maturity,R6_physiological_maturity,2006-06-15,seed_layer_available_water,50.0
17,ag_095_040,fallow,2006,2006-10-06,2006-10-11,364789.7923446728,0.0,1.1146639167236572e-13,0.0,0.0,0.0,1.0,0.3,0.0,0.0,17.949188675033195,0.0,0.0,0.0,0.0,0.0,0.12008215401345919,0.0,0.0,17.949188675033195,0.0,0.0,602.6665376455791,584.8972668165324,6.483702463810914e-14,unvalidated-engineering-priors,fixed independent scenario factor; no N cycle,,,,right_censored,BBCH89_full_ripeness,,,
17,ag_095_040,wheat,2007,2006-10-12,2007-06-10,364789.7923446728,0.0,4.636291350834654e-13,3.637978807091713e-12,0.0,0.0,0.04267140235271844,299.38,0.0,0.0,209.02440498694267,213.1241710995527,52.32516235281741,0.0,0.0,0.0,4.614259161835677,0.0,0.0,474.4737384393128,7337.699879380242,17962.750302720517,584.8972668165324,405.1892692153836,2.841615831528088e-13,unvalidated-engineering-priors,fixed independent scenario factor; no N cycle,2007-04-15,2007-05-24,2007-05-24,full_ripeness,BBCH89_full_ripeness,2006-10-12,seed_layer_available_water,50.0
17,ag_095_040,fallow,2007,2007-06-11,2007-06-14,364789.7923446728,0.0,7.382983113757291e-14,0.0,0.0,0.0,1.0,0.01,0.0,0.0,2.1494183899565535,0.0,0.0,0.0,0.0,0.0,0.0009249689843607587,0.0,0.0,2.1494183899565535,0.0,0.0,405.1892692153836,403.0489258564427,1.0325074129013956e-14,unvalidated-engineering-priors,fixed independent scenario factor; no N cycle,,,,right_censored,BBCH89_full_ripeness,,,
17,ag_095_040,maize,2007,2007-06-15,2007-10-05,364789.7923446728,0.0,1.1253220577600587e-12,1.9042545318370685e-12,0.0,0.0,0.03354275471250856,798.05,0.0,0.0,19.292063927272608,146.361430082715,85.81404380446651,0.0,59.508966545842156,0.0,206.80813745141361,0.0,0.0,251.46753781445415,7499.115692249177,14002.300663652024,403.0489258564427,683.3142840447333,-5.310960005111554e-13,unvalidated-engineering-priors,fixed independent scenario factor; no N cycle,2007-08-15,2007-09-28,2007-09-28,physiological_maturity,R6_physiological_maturity,2007-06-19,seed_layer_available_water,50.0
17,ag_095_040,fallow,2007,2007-10-06,2007-10-11,364789.7923446728,0.0,1.0302869668521453e-13,0.0,0.0,0.0,1.0,1.3,0.0,0.0,19.251091923508678,0.0,0.0,0.0,0.0,0.0,2.321266296287717,0.0,0.0,19.251091923508678,0.0,0.0,683.3142840447333,663.0419258249369,-7.771561172376096e-15,unvalidated-engineering-priors,fixed independent scenario factor; no N cycle,,,,right_censored,BBCH89_full_ripeness,,,
17,ag_095_040,wheat,2008,2007-10-12,2008-06-10,364789.7923446728,0.0,7.762679388179095e-13,5.6132876125047915e-12,0.0,0.0,0.04267140235271844,360.51,0.0,0.0,215.98782939844415,252.77050492893989,52.74280472889984,0.0,0.0,0.0,28.55257461597061,0.0,0.0,521.5011390562839,9521.431965100017,21100.560711688966,663.0419258249369,473.4982121526831,-6.830092047493963e-13,unvalidated-engineering-priors,fixed independent scenario factor; no N cycle,2008-04-18,2008-05-28,2008-05-28,full_ripeness,BBCH89_full_ripeness,2007-10-12,seed_layer_available_water,50.0
17,ag_095_040,fallow,2008,2008-06-11,2008-06-14,364789.7923446728,0.0,7.471800955727304e-14,0.0,0.0,0.0,1.0,1.3900000000000001,0.0,0.0,4.058794124274616,0.0,0.0,0.0,0.0,0.0,0.0037545665756673658,0.0,0.0,4.058794124274616,0.0,0.0,473.4982121526831,470.82566346183273,7.904787935331115e-14,unvalidated-engineering-priors,fixed independent scenario factor; no N cycle,,,,right_censored,BBCH89_full_ripeness,,,
17,ag_095_040,maize,2008,2008-06-15,2008-10-05,364789.7923446728,0.0,1.1866063687193673e-12,2.0250467969162855e-12,0.0,0.0,0.03354275471250856,643.0600000000001,0.0,0.0,18.5197631057959,154.08603737695873,79.21713402684682,0.0,8.989442240373595,0.0,134.78884967338865,0.0,0.0,251.82293450960145,7626.1153812783405,14476.003489521092,470.82566346183273,718.2844370384703,-1.258437798412615e-12,unvalidated-engineering-priors,fixed independent scenario factor; no N cycle,2008-08-14,2008-10-01,2008-10-01,physiological_maturity,R6_physiological_maturity,2008-06-21,seed_layer_available_water,50.0
17,ag_095_040,fallow,2008,2008-10-06,2008-10-11,364789.7923446728,0.0,8.526512829121202e-14,0.0,0.0,0.0,1.0,0.060000000000000005,0.0,0.0,14.6328244,0.0,0.0,0.0,0.0,0.0,5.748794882158853,0.0,0.0,14.6328244,0.0,0.0,718.2844370384703,697.9628177563113,1.0880185641326534e-13,unvalidated-engineering-priors,fixed independent scenario factor; no N cycle,,,,right_censored,BBCH89_full_ripeness,,,
17,ag_095_040,wheat,2009,2008-10-12,2009-06-10,364789.7923446728,0.0,4.4275694222051243e-13,3.808509063674137e-12,0.0,0.0,0.04267140235271844,315.18,0.0,0.0,240.86247282953616,217.82625136810645,51.64989250093158,0.0,0.0,0.0,44.24330888966465,0.0,0.0,510.3386166985742,7728.677622810401,17824.07030173587,697.9628177563113,458.56089216807305,-5.960232307700153e-13,unvalidated-engineering-priors,fixed independent scenario factor; no N cycle,2009-04-15,2009-05-24,2009-05-24,full_ripeness,BBCH89_full_ripeness,2008-10-12,seed_layer_available_water,50.0
17,ag_095_040,fallow,2009,2009-06-11,2009-06-14,364789.7923446728,0.0,8.171241461241152e-14,0.0,0.0,0.0,1.0,1.01,0.0,0.0,7.50804875551175,0.0,0.0,0.0,0.0,0.0,0.003626038702284248,0.0,0.0,7.50804875551175,0.0,0.0,458.56089216807305,452.05921737385916,-1.3566925360919413e-13,unvalidated-engineering-priors,fixed independent scenario factor; no N cycle,,,,right_censored,BBCH89_full_ripeness,,,
17,ag_095_040,maize,2009,2009-06-15,2009-10-05,364789.7923446728,0.0,5.346834086594754e-13,2.4158453015843406e-12,0.0,0.0,0.03354275471250856,402.06,0.0,0.0,18.006392472183947,178.30359010918426,84.8187574537342,0.0,0.0,0.0,0.171281684613199,0.0,0.0,281.1287400351024,7949.970372877243,15545.274577234552,452.05921737385916,572.8191956541456,-2.0211055051788662e-12,unvalidated-engineering-priors,fixed independent scenario factor; no N cycle,2009-08-13,2009-09-29,2009-09-29,physiological_maturity,R6_physiological_maturity,2009-06-19,seed_layer_available_water,50.0
17,ag_095_040,fallow,2009,2009-10-06,2009-10-11,364789.7923446728,0.0,7.838174553853605e-14,0.0,0.0,0.0,1.0,2.82,0.0,0.0,15.726574816889467,0.0,0.0,0.0,0.0,0.0,0.026147979753834864,0.0,0.0,15.726574816889467,0.0,0.0,572.8191956541456,559.8864728575023,-5.440092820663267e-14,unvalidated-engineering-priors,fixed independent scenario factor; no N cycle,,,,right_censored,BBCH89_full_ripeness,,,
17,ag_095_040,wheat,2010,2009-10-12,2010-06-10,364789.7923446728,0.0,4.076738946423575e-13,2.8990143619012088e-12,0.0,0.0,0.04267140235271844,403.63,0.0,0.0,228.49049113315036,203.53468492941622,64.00056548337129,0.0,0.0,0.0,1.9077985662650678,0.0,0.0,496.0257415459379,7541.800556293308,17621.378182479762,559.8864728575023,465.5829327453014,-1.9735324485736783e-12,unvalidated-engineering-priors,fixed independent scenario factor; no N cycle,2010-04-28,2010-06-05,2010-06-05,full_ripeness,BBCH89_full_ripeness,2009-10-12,seed_layer_available_water,50.0
17,ag_095_040,fallow,2010,2010-06-11,2010-06-14,364789.7923446728,0.0,4.3520742565306136e-14,0.0,0.0,0.0,1.0,0.0,0.0,0.0,16.110939567092583,0.0,0.0,0.0,0.0,0.0,0.0013417268599996545,0.0,0.0,16.110939567092583,0.0,0.0,465.5829327453014,449.4706514513488,2.220446049250313e-14,unvalidated-engineering-priors,fixed independent scenario factor; no N cycle,,,,right_censored,BBCH89_full_ripeness,,,
17,ag_095_040,maize,2010,2010-06-15,2010-10-05,364789.7923446728,0.0,7.998046669399628e-13,1.8189894035458565e-12,0.0,0.0,0.03354275471250856,426.58,0.0,0.0,18.723201737511317,179.43672484625833,88.63372860408116,0.0,0.0,0.0,0.2666884405697182,0.0,0.0,286.7936551878508,7371.916323471235,15044.992726890658,449.4706514513488,588.9903078229257,2.5342505871606136e-12,unvalidated-engineering-priors,fixed independent scenario factor; no N cycle,2010-08-09,2010-09-22,2010-09-22,physiological_maturity,R6_physiological_maturity,2010-06-16,seed_layer_available_water,50.0
17,ag_095_040,fallow,2010,2010-10-06,2010-10-11,364789.7923446728,0.0,1.4432899320127035e-13,0.0,0.0,0.0,1.0,0.39,0.0,0.0,19.73381574541042,0.0,0.0,0.0,0.0,0.0,0.05923451943207717,0.0,0.0,19.73381574541042,0.0,0.0,588.9903078229257,569.5872575580837,-4.769518113789672e-13,unvalidated-engineering-priors,fixed independent scenario factor; no N cycle,,,,right_censored,BBCH89_full_ripeness,,,
17,ag_095_040,wheat,2011,2010-10-12,2011-06-10,364789.7923446728,0.0,2.993161274389422e-13,2.3732127374387346e-12,0.0,0.0,0.04267140235271844,140.95,0.0,0.0,149.5040706306306,154.69846979498564,19.952834562320856,0.0,0.0,0.0,2.6319467331033026,0.0,0.0,324.1553749879371,3275.1249635670265,8592.740723678138,569.5872575580837,383.74993583704304,3.030353745714365e-13,unvalidated-engineering-priors,fixed independent scenario factor; no N cycle,2011-04-19,2011-05-29,2011-05-29,full_ripeness,BBCH89_full_ripeness,2010-10-12,seed_layer_available_water,50.0
17,ag_095_040,fallow,2011,2011-06-11,2011-06-14,364789.7923446728,0.0,9.814371537686384e-14,0.0,0.0,0.0,1.0,5.13,0.0,0.0,2.342549499899663,0.0,0.0,0.0,0.0,0.0,0.0006352856463980006,0.0,0.0,2.342549499899663,0.0,0.0,383.74993583704304,386.536751051497,-1.3378187446733136e-14,unvalidated-engineering-priors,fixed independent scenario factor; no N cycle,,,,right_censored,BBCH89_full_ripeness,,,
17,ag_095_040,maize,2011,2011-06-15,2011-10-05,364789.7923446728,0.0,5.782041512247815e-13,2.2737367544323206e-12,0.0,0.0,0.03354275471250856,424.71,0.0,0.0,18.698833108193625,149.01541508522607,90.50618310404181,0.0,0.0,0.0,0.047094727233950764,0.0,0.0,258.2204312974615,7762.493980989434,15122.64301271817,386.536751051497,552.9792250267998,1.7551238240542943e-12,unvalidated-engineering-priors,fixed independent scenario factor; no N cycle,2011-08-13,2011-10-03,2011-10-03,physiological_maturity,R6_physiological_maturity,2011-06-19,seed_layer_available_water,50.0
17,ag_095_040,fallow,2011,2011-10-06,2011-10-11,364789.7923446728,0.0,1.4521717162097048e-13,0.0,0.0,0.0,1.0,4.08,0.0,0.0,19.86338294169076,0.0,0.0,0.0,0.0,0.0,0.009614753846838265,0.0,0.0,19.86338294169076,0.0,0.0,552.9792250267998,537.186227331262,1.9451107391432743e-13,unvalidated-engineering-priors,fixed independent scenario factor; no N cycle,,,,right_censored,BBCH89_full_ripeness,,,
17,ag_095_040,wheat,2012,2011-10-12,2012-06-10,364789.7923446728,0.0,3.8058445284150366e-13,2.1600499167107046e-12,0.0,0.0,0.04267140235271844,245.16,0.0,0.0,216.89898571721824,151.49889762270973,26.641080739625878,0.0,0.0,0.0,1.001575980982261,0.0,0.0,395.03896407955386,3936.1819730671573,10059.43175076847,537.186227331262,386.3056872707261,-1.9001467066459554e-13,unvalidated-engineering-priors,fixed independent scenario factor; no N cycle,2012-04-23,2012-05-29,2012-05-29,full_ripeness,BBCH89_full_ripeness,2011-10-12,seed_layer_available_water,50.0
17,ag_095_040,fallow,2012,2012-06-11,2012-06-14,364789.7923446728,0.0,8.210099267103033e-14,0.0,0.0,0.0,1.0,0.08,0.0,0.0,1.2717683300375917,0.0,0.0,0.0,0.0,0.0,0.0006353585522945034,0.0,0.0,1.2717683300375917,0.0,0.0,386.3056872707261,385.1132835821364,-1.795230630818878e-13,unvalidated-engineering-priors,fixed independent scenario factor; no N cycle,,,,right_censored,BBCH89_full_ripeness,,,
17,ag_095_040,maize,2012,2012-06-15,2012-10-05,364789.7923446728,0.0,9.774403508799878e-13,3.552713678800501e-12,0.0,0.0,0.03354275471250856,441.63,0.0,0.0,17.998437216324145,193.91038675665556,46.1610349969685,0.0,0.0,0.0,0.28282255966659386,0.0,0.0,258.0698589699482,7931.61832241559,15344.037064413886,385.1132835821364,568.3906020525211,4.944065989942459e-13,unvalidated-engineering-priors,fixed independent scenario factor; no N cycle,2012-08-21,,2012-10-05,cut_before_maturity,R6_physiological_maturity,2012-06-28,seed_layer_available_water,50.0
17,ag_095_040,fallow,2012,2012-10-06,2012-10-11,364789.7923446728,0.0,2.1094237467877974e-13,0.0,0.0,0.0,1.0,0.0,0.0,0.0,17.475429170232047,0.0,0.0,0.0,0.0,0.0,0.048407353572039596,0.0,0.0,17.475429170232047,0.0,0.0,568.3906020525211,550.8667655287173,-3.197442310920451e-13,unvalidated-engineering-priors,fixed independent scenario factor; no N cycle,,,,right_censored,BBCH89_full_ripeness,,,
17,ag_095_040,wheat,2013,2012-10-12,2013-06-10,364789.7923446728,0.0,3.148592497836944e-13,1.9326762412674725e-12,0.0,0.0,0.04267140235271844,275.68,0.0,0.0,222.85744341931044,133.45266114550364,30.13662208087861,0.0,0.0,0.0,2.0109041311746756,0.0,0.0,386.44672664569265,3365.3161793556014,8483.380327376373,550.8667655287173,438.0891347518516,-1.6096568522527832e-12,unvalidated-engineering-priors,fixed independent scenario factor; no N cycle,2013-04-22,2013-05-31,2013-05-31,full_ripeness,BBCH89_full_ripeness,2012-10-16,seed_layer_available_water,50.0
17,ag_095_040,fallow,2013,2013-06-11,2013-06-14,364789.7923446728,0.0,8.282263763703668e-14,0.0,0.0,0.0,1.0,0.0,0.0,0.0,5.420005833605449,0.0,0.0,0.0,0.0,0.0,0.0009022188233685281,0.0,0.0,5.420005833605449,0.0,0.0,438.0891347518516,432.6682266994226,1.9451107391432743e-13,unvalidated-engineering-priors,fixed independent scenario factor; no N cycle,,,,right_censored,BBCH89_full_ripeness,,,
17,ag_095_040,maize,2013,2013-06-15,2013-10-05,364789.7923446728,0.0,2.722266856380884e-13,4.661160346586257e-12,0.0,0.0,0.03354275471250856,361.33,0.0,0.0,21.215873131108495,213.85253538261819,62.43016824731522,0.0,0.0,0.0,0.028914697678806184,0.0,0.0,297.4985767610419,7888.215772048198,16855.45470541007,432.6682266994226,496.47073524070083,1.0253048410291399e-12,unvalidated-engineering-priors,fixed independent scenario factor; no N cycle,2013-08-14,2013-09-29,2013-09-29,physiological_maturity,R6_physiological_maturity,2013-06-20,seed_layer_available_water,50.0
17,ag_095_040,fallow,2013,2013-10-06,2013-10-11,364789.7923446728,0.0,1.1057821325266559e-13,0.0,0.0,0.0,1.0,0.0,0.0,0.0,20.06394565437993,0.0,0.0,0.0,0.0,0.0,0.0005934221630092475,0.0,0.0,20.06394565437993,0.0,0.0,496.47073524070083,476.40619616415785,4.529709940470639e-14,unvalidated-engineering-priors,fixed independent scenario factor; no N cycle,,,,right_censored,BBCH89_full_ripeness,,,
17,ag_095_040,wheat,2014,2013-10-12,2014-06-10,364789.7923446728,0.0,2.0511370379949767e-13,1.4495071809506044e-12,0.0,0.0,0.04267140235271844,250.23,0.0,0.0,234.63424373976883,87.48411335703061,23.8783579212548,0.0,0.0,0.0,0.061313823948222344,0.0,0.0,345.99671501805426,2719.24441201296,6681.818274768686,476.40619616415785,380.5781673221561,-7.281675262760245e-13,unvalidated-engineering-priors,fixed independent scenario factor; no N cycle,2014-04-18,2014-05-28,2014-05-28,full_ripeness,BBCH89_full_ripeness,2013-10-31,seed_layer_available_water,50.0
17,ag_095_040,fallow,2014,2014-06-11,2014-06-14,364789.7923446728,0.0,1.4077627952246985e-13,0.0,0.0,0.0,1.0,3.5100000000000002,0.0,0.0,1.9690073015402585,0.0,0.0,0.0,0.0,0.0,0.00021959847959920821,0.0,0.0,1.9690073015402585,0.0,0.0,380.5781673221561,382.11894042213623,1.3711254354120683e-14,unvalidated-engineering-priors,fixed independent scenario factor; no N cycle,,,,right_censored,BBCH89_full_ripeness,,,
17,ag_095_040,maize,2014,2014-06-15,2014-10-05,364789.7923446728,0.0,9.254819133275305e-13,2.0179413695586845e-12,0.0,0.0,0.03354275471250856,413.08,0.0,0.0,28.040291448225883,70.77520742293241,49.60754091789222,0.0,0.0,0.0,0.18315234926411342,0.0,0.0,148.42303978905053,3884.1938289814066,8332.44081069577,382.11894042213623,646.59274828382,1.5808465647637604e-12,unvalidated-engineering-priors,fixed independent scenario factor; no N cycle,2014-08-12,2014-09-28,2014-09-28,physiological_maturity,R6_physiological_maturity,2014-06-16,seed_layer_available_water,50.0
17,ag_095_040,fallow,2014,2014-10-06,2014-10-11,364789.7923446728,0.0,1.021405182655144e-13,0.0,0.0,0.0,1.0,0.0,0.0,0.0,19.7801378,0.0,0.0,0.0,0.0,0.0,0.26685683167451396,0.0,0.0,19.7801378,0.0,0.0,646.59274828382,626.5457536521455,-4.8405723873656825e-14,unvalidated-engineering-priors,fixed independent scenario factor; no N cycle,,,,right_censored,BBCH89_full_ripeness,,,
17,ag_095_040,wheat,2015,2014-10-12,2015-06-10,364789.7923446728,0.0,9.015010959956271e-13,6.281197784119286e-12,0.0,0.0,0.04267140235271844,392.52,0.0,0.0,260.1051207334579,194.47441747570375,58.55345965692522,0.0,0.0,0.0,19.988042046835574,0.0,0.0,513.1329978660868,7810.674723205427,17701.660077459383,626.5457536521455,485.94471373922005,3.087419209180098e-12,unvalidated-engineering-priors,fixed independent scenario factor; no N cycle,2015-04-18,2015-05-25,2015-05-25,full_ripeness,BBCH89_full_ripeness,2014-10-12,seed_layer_available_water,50.0
17,ag_095_040,fallow,2015,2015-06-11,2015-06-14,364789.7923446728,0.0,5.184741524999481e-14,0.0,0.0,0.0,1.0,0.0,0.0,0.0,3.576817419490108,0.0,0.0,0.0,0.0,0.0,0.01750479021537751,0.0,0.0,3.576817419490108,0.0,0.0,485.94471373922005,482.3503915295145,3.8413716652030416e-14,unvalidated-engineering-priors,fixed independent scenario factor; no N cycle,,,,right_censored,BBCH89_full_ripeness,,,
17,ag_095_040,maize,2015,2015-06-15,2015-10-05,364789.7923446728,0.0,1.2869705301454815e-12,2.1884716261411086e-12,0.0,0.0,0.03354275471250856,438.47,0.0,0.0,19.03941424400236,203.28688877186534,66.71018196378799,0.0,0.0,0.0,20.517307140764057,0.0,0.0,289.03648497965565,8690.761397044833,16241.51252448188,482.3503915295145,611.2665994090914,3.3466007742788406e-12,unvalidated-engineering-priors,fixed independent scenario factor; no N cycle,2015-08-13,2015-09-27,2015-09-27,physiological_maturity,R6_physiological_maturity,2015-06-17,seed_layer_available_water,50.0
17,ag_095_040,fallow,2015,2015-10-06,2015-10-11,364789.7923446728,0.0,1.6608936448392342e-13,0.0,0.0,0.0,1.0,4.79,0.0,0.0,17.762808769508403,0.0,0.0,0.0,0.0,0.0,0.2269013870381701,0.0,0.0,17.762808769508403,0.0,0.0,611.2665994090914,598.0668892525449,-4.39648317751562e-14,unvalidated-engineering-priors,fixed independent scenario factor; no N cycle,,,,right_censored,BBCH89_full_ripeness,,,
17,ag_095_040,wheat,2016,2015-10-12,2016-06-10,364789.7923446728,0.0,4.063416270128073e-13,2.6147972675971687e-12,0.0,0.0,0.04267140235271844,433.62,0.0,0.0,286.5104269907137,185.80479178777182,49.02376454532169,0.0,0.0,0.0,10.300375915928525,0.0,0.0,521.3389833238073,6883.1442911657105,16118.491168896202,598.0668892525449,500.04753001280744,1.7114087924596788e-12,unvalidated-engineering-priors,fixed independent scenario factor; no N cycle,2016-04-14,2016-05-22,2016-05-22,full_ripeness,BBCH89_full_ripeness,2015-10-12,seed_layer_available_water,50.0
17,ag_095_040,fallow,2016,2016-06-11,2016-06-14,364789.7923446728,0.0,1.176836406102666e-13,0.0,0.0,0.0,1.0,2.04,0.0,0.0,13.087110789743235,0.0,0.0,0.0,0.0,0.0,0.0031507987816535303,0.0,0.0,13.087110789743235,0.0,0.0,500.04753001280744,488.9972684242825,7.061018436615996e-14,unvalidated-engineering-priors,fixed independent scenario factor; no N cycle,,,,right_censored,BBCH89_full_ripeness,,,
17,ag_095_040,maize,2016,2016-06-15,2016-10-05,364789.7923446728,0.0,9.907630271754897e-13,3.296918293926865e-12,0.0,0.0,0.03354275471250856,432.84000000000003,0.0,0.0,17.25509176960357,242.48519202123686,72.12098778497088,0.0,20.76838709446269,0.0,3.80005510051647,0.0,0.0,331.8612715758113,9304.196031674937,17638.03305870337,488.9972684242825,565.4075546534968,-4.838657252648204e-12,unvalidated-engineering-priors,fixed independent scenario factor; no N cycle,2016-08-10,2016-09-20,2016-09-20,physiological_maturity,R6_physiological_maturity,2016-06-16,seed_layer_available_water,50.0
17,ag_095_040,fallow,2016,2016-10-06,2016-10-11,364789.7923446728,0.0,1.6431300764452317e-13,0.0,0.0,0.0,1.0,0.49,0.0,0.0,15.461875863437403,0.0,0.0,0.0,0.0,0.0,0.032031091874980155,0.0,0.0,15.461875863437403,0.0,0.0,565.4075546534968,550.4036476981843,1.894040480010517e-13,unvalidated-engineering-priors,fixed independent scenario factor; no N cycle,,,,right_censored,BBCH89_full_ripeness,,,
17,ag_095_040,wheat,2017,2016-10-12,2017-06-10,364789.7923446728,0.0,3.3506530883187224e-13,4.504840944719035e-12,0.0,0.0,0.04267140235271844,494.05,0.0,0.0,281.75514737156175,180.79308222888997,43.02102909389912,0.0,0.0,0.0,10.767826962063378,0.0,0.0,505.5692586943508,6841.878456120315,15510.587524473685,550.4036476981843,528.1165620417695,5.616618281578667e-13,unvalidated-engineering-priors,fixed independent scenario factor; no N cycle,2017-04-14,2017-05-23,2017-05-23,full_ripeness,BBCH89_full_ripeness,2016-10-12,seed_layer_available_water,50.0
17,ag_095_040,fallow,2017,2017-06-11,2017-06-14,364789.7923446728,0.0,1.092459456231154e-13,0.0,0.0,0.0,1.0,0.87,0.0,0.0,18.726142061778734,0.0,0.0,0.0,0.0,0.0,0.006127615333865435,0.0,0.0,18.726142061778734,0.0,0.0,528.1165620417695,510.25429236465686,3.552713678800501e-14,unvalidated-engineering-priors,fixed independent scenario factor; no N cycle,,,,right_censored,BBCH89_full_ripeness,,,
17,ag_095_040,maize,2017,2017-06-15,2017-10-05,364789.7923446728,0.0,8.890665981198254e-13,3.637978807091713e-12,0.0,0.0,0.03354275471250856,565.49,0.0,0.0,16.3709309902664,213.22515619569643,85.9674011383684,0.0,0.0,0.0,3.359905027266841,0.0,0.0,315.5634883243312,8339.673570759753,17268.482256447864,510.25429236465686,756.8208990130605,-1.7176260413975797e-12,unvalidated-engineering-priors,fixed independent scenario factor; no N cycle,2017-08-08,2017-09-21,2017-09-21,physiological_maturity,R6_physiological_maturity,2017-06-15,seed_layer_available_water,50.0
17,ag_095_040,fallow,2017,2017-10-06,2017-10-11,364789.7923446728,0.0,1.6697754290362354e-13,0.0,0.0,0.0,1.0,37.93,0.0,0.0,10.417841499999998,0.0,0.0,0.0,0.0,0.0,8.211221592630661,0.0,0.0,10.417841499999998,0.0,0.0,756.8208990130605,776.1218359204294,4.924949337237194e-13,unvalidated-engineering-priors,fixed independent scenario factor; no N cycle,,,,right_censored,BBCH89_full_ripeness,,,
17,ag_095_040,wheat,2018,2017-10-12,2018-06-10,364789.7923446728,0.0,6.270539643082884e-13,3.439026841078885e-12,0.0,0.0,0.04267140235271844,338.77,0.0,0.0,244.68321717472278,236.64322948614546,59.01654003141556,0.0,0.0,0.0,110.85195957786387,0.0,0.0,540.3429866922838,8244.843576187517,19397.444649669815,776.1218359204294,463.6968896502815,2.2426505097428162e-13,unvalidated-engineering-priors,fixed independent scenario factor; no N cycle,2018-04-15,2018-05-24,2018-05-24,full_ripeness,BBCH89_full_ripeness,2017-10-12,seed_layer_available_water,50.0
17,ag_095_040,fallow,2018,2018-06-11,2018-06-14,364789.7923446728,0.0,6.816769371198461e-14,0.0,0.0,0.0,1.0,0.0,0.0,0.0,3.636759112713151,0.0,0.0,0.0,0.0,0.0,0.005457861576482195,0.0,0.0,3.636759112713151,0.0,0.0,463.6968896502815,460.0546726759918,4.8183679268731794e-14,unvalidated-engineering-priors,fixed independent scenario factor; no N cycle,,,,right_censored,BBCH89_full_ripeness,,,
17,ag_095_040,maize,2018,2018-06-15,2018-10-05,364789.7923446728,0.0,8.464340339742193e-13,2.5295321393059567e-12,0.0,0.0,0.03354275471250856,488.58,0.0,0.0,19.406165621189555,227.94320066122418,60.226461007549574,0.0,22.371954773017954,0.0,7.381189522632577,0.0,0.0,307.57582728996334,7694.564022264281,15425.98657580461,460.0546726759918,611.3057010903765,1.4792889135861742e-12,unvalidated-engineering-priors,fixed independent scenario factor; no N cycle,2018-08-12,2018-09-24,2018-09-24,physiological_maturity,R6_physiological_maturity,2018-06-19,seed_layer_available_water,50.0
17,ag_095_040,fallow,2018,2018-10-06,2018-10-11,364789.7923446728,0.0,1.1191048088221578e-13,0.0,0.0,0.0,1.0,0.04,0.0,0.0,18.011636370935843,0.0,0.0,0.0,0.0,0.0,0.2890670296283283,0.0,0.0,18.011636370935843,0.0,0.0,611.3057010903765,593.0449976898124,-4.4853010194856324e-14,unvalidated-engineering-priors,fixed independent scenario factor; no N cycle,,,,right_censored,BBCH89_full_ripeness,,,
17,ag_095_040,wheat,2019,2018-10-12,2019-06-10,364789.7923446728,0.0,3.326228181776969e-13,2.9274360713316128e-12,0.0,0.0,0.04267140235271844,251.12,0.0,0.0,202.57387291390887,185.2233999159055,41.55244224957665,0.0,0.0,0.0,7.816395424492389,0.0,0.0,429.34971507939105,5754.175572390074,14438.983904150049,593.0449976898124,406.99888718592905,-8.784639682346551e-14,unvalidated-engineering-priors,fixed independent scenario factor; no N cycle,2019-04-17,2019-05-28,2019-05-28,full_ripeness,BBCH89_full_ripeness,2018-10-12,seed_layer_available_water,50.0
17,ag_095_040,fallow,2019,2019-06-11,2019-06-14,364789.7923446728,0.0,7.083222897108499e-14,0.0,0.0,0.0,1.0,0.13999999999999999,0.0,0.0,5.385288506621825,0.0,0.0,0.0,0.0,0.0,0.000821281061936407,0.0,0.0,5.385288506621825,0.0,0.0,406.99888718592905,401.7527773982454,-1.3855583347321954e-13,unvalidated-engineering-priors,fixed independent scenario factor; no N cycle,,,,right_censored,BBCH89_full_ripeness,,,
17,ag_095_040,maize,2019,2019-06-15,2019-10-05,364789.7923446728,0.0,2.5202062658991053e-13,2.0463630789890885e-12,0.0,0.0,0.03354275471250856,226.68,0.0,0.0,22.92849088469479,133.2211879012842,58.72315463976956,0.0,0.0,0.0,0.013733281633177436,0.0,0.0,214.87283342574855,6220.057798162365,13789.331696988,401.7527773982454,413.5462106908629,8.008871343889723e-13,unvalidated-engineering-priors,fixed independent scenario factor; no N cycle,2019-08-12,2019-09-24,2019-09-24,physiological_maturity,R6_physiological_maturity,2019-06-18,seed_layer_available_water,50.0
17,ag_095_040,fallow,2019,2019-10-06,2019-10-11,364789.7923446728,0.0,1.758593271006248e-13,0.0,0.0,0.0,1.0,23.21,0.0,0.0,11.0199039,0.0,0.0,0.0,0.0,0.0,0.00011670998359747019,0.0,0.0,11.0199039,0.0,0.0,413.5462106908629,425.7361900808791,1.8285373215576328e-13,unvalidated-engineering-priors,fixed independent scenario factor; no N cycle,,,,right_censored,BBCH89_full_ripeness,,,
17,ag_095_040,wheat,2020,2019-10-12,2020-06-10,364789.7923446728,0.0,2.3792079417717105e-13,1.0036416142611415e-12,0.0,0.0,0.04267140235271844,218.45,0.0,0.0,200.27685461777426,60.94851621281309,21.104766992347813,0.0,0.0,0.0,0.004629814782220755,0.0,0.0,282.33013782293517,913.308884915261,3793.6474151467937,425.7361900808791,361.85142244316097,7.691625114603085e-13,unvalidated-engineering-priors,fixed independent scenario factor; no N cycle,2020-04-11,2020-05-23,2020-05-23,full_ripeness,BBCH89_full_ripeness,2019-10-12,seed_layer_available_water,50.0
17,ag_095_040,fallow,2020,2020-06-11,2020-06-14,364789.7923446728,0.0,7.016609515630989e-14,0.0,0.0,0.0,1.0,22.19,0.0,0.0,12.824125730060274,0.0,0.0,0.0,0.0,0.0,5.778844988508369e-05,0.0,0.0,12.824125730060274,0.0,0.0,361.85142244316097,371.2172389246508,-2.6645352591003757e-15,unvalidated-engineering-priors,fixed independent scenario factor; no N cycle,,,,right_censored,BBCH89_full_ripeness,,,
17,ag_095_040,maize,2020,2020-06-15,2020-10-05,364789.7923446728,0.0,9.57012247226885e-13,2.3590018827235326e-12,0.0,0.0,0.03354275471250856,710.41,0.0,0.0,18.008257107373417,182.43855652234902,68.70687196730479,0.0,58.95134271192806,0.0,68.7043577351434,0.0,0.0,269.1536855970272,7586.098305011073,14693.37045991707,371.2172389246508,684.8178528805516,4.828915045607118e-13,unvalidated-engineering-priors,fixed independent scenario factor; no N cycle,2020-08-12,2020-09-24,2020-09-24,physiological_maturity,R6_physiological_maturity,2020-06-16,seed_layer_available_water,50.0
17,ag_095_040,fallow,2020,2020-10-06,2020-10-11,364789.7923446728,0.0,1.461053500406706e-13,0.0,0.0,0.0,1.0,1.6,0.0,0.0,12.611518100000001,0.0,0.0,0.0,0.0,0.0,1.38353064976456,0.0,0.0,12.611518100000001,0.0,0.0,684.8178528805516,672.4228041307871,-6.661338147750939e-15,unvalidated-engineering-priors,fixed independent scenario factor; no N cycle,,,,right_censored,BBCH89_full_ripeness,,,
17,ag_095_040,wheat,2021,2020-10-12,2021-06-10,364789.7923446728,0.0,7.7982065249671e-13,2.6147972675971687e-12,0.0,0.0,0.04267140235271844,325.91,0.0,0.0,217.67512744146185,195.72661924045568,61.23238509872109,0.0,0.0,0.0,28.91240283344196,0.0,0.0,474.6341317806386,7443.006067670314,17517.717789369337,672.4228041307871,494.7862695167073,-8.030243137113757e-13,unvalidated-engineering-priors,fixed independent scenario factor; no N cycle,2021-04-12,2021-05-22,2021-05-22,full_ripeness,BBCH89_full_ripeness,2020-10-12,seed_layer_available_water,50.0
17,ag_095_040,fallow,2021,2021-06-11,2021-06-14,364789.7923446728,0.0,1.2434497875801753e-13,0.0,0.0,0.0,1.0,57.46,0.0,0.0,7.987774230704312,0.0,0.0,0.0,0.0,0.0,0.017512418158608923,0.0,0.0,7.987774230704312,0.0,0.0,494.7862695167073,544.2409828678443,7.37188088351104e-14,unvalidated-engineering-priors,fixed independent scenario factor; no N cycle,,,,right_censored,BBCH89_full_ripeness,,,
17,ag_095_040,maize,2021,2021-06-15,2021-10-05,364789.7923446728,0.0,1.0200729150255938e-12,1.6200374375330284e-12,0.0,0.0,0.03354275471250856,643.62,0.0,0.0,17.850330547157245,168.344426597146,83.83998256301614,0.0,2.2560150999025232,0.0,208.98692964491602,0.0,0.0,270.0347397073194,7025.778958183277,13927.456785071445,544.2409828678443,706.5832984157051,1.230682222796986e-12,unvalidated-engineering-priors,fixed independent scenario factor; no N cycle,2021-08-09,2021-09-21,2021-09-21,physiological_maturity,R6_physiological_maturity,2021-06-15,seed_layer_available_water,50.0
17,ag_095_040,fallow,2021,2021-10-06,2021-10-11,364789.7923446728,0.0,1.5343282200319663e-13,0.0,0.0,0.0,1.0,7.78,0.0,0.0,10.3797924,0.0,0.0,0.0,0.0,0.0,3.8600417417396358,0.0,0.0,10.3797924,0.0,0.0,706.5832984157051,700.1234642739655,-6.661338147750939e-16,unvalidated-engineering-priors,fixed independent scenario factor; no N cycle,,,,right_censored,BBCH89_full_ripeness,,,
17,ag_095_040,wheat,2022,2021-10-12,2022-06-10,364789.7923446728,0.0,7.678302438307583e-13,4.32720526077901e-12,0.0,0.0,0.04267140235271844,317.33,0.0,0.0,208.73632210230213,239.1987360824272,55.98975388299405,0.0,0.0,0.0,40.91169351171882,0.0,0.0,503.92481206772334,8510.02417713097,19745.851228668776,700.1234642739655,472.61695869452615,-2.819577904489279e-12,unvalidated-engineering-priors,fixed independent scenario factor; no N cycle,2022-04-10,2022-05-21,2022-05-21,full_ripeness,BBCH89_full_ripeness,2021-10-12,seed_layer_available_water,50.0
17,ag_095_040,fallow,2022,2022-06-11,2022-06-14,364789.7923446728,0.0,1.0391687510491465e-13,0.0,0.0,0.0,1.0,1.1400000000000001,0.0,0.0,3.135789924033262,0.0,0.0,0.0,0.0,0.0,0.005480244009320981,0.0,0.0,3.135789924033262,0.0,0.0,472.61695869452615,470.61568852648367,-1.0169642905566434e-13,unvalidated-engineering-priors,fixed independent scenario factor; no N cycle,,,,right_censored,BBCH89_full_ripeness,,,
17,ag_095_040,maize,2022,2022-06-15,2022-10-05,364789.7923446728,0.0,9.57456336436735e-13,3.637978807091713e-12,0.0,0.0,0.03354275471250856,418.95,0.0,0.0,18.80462702236788,263.99530159928804,56.773601186074,0.0,0.0,0.0,1.4775410006649965,0.0,0.0,339.5735298077299,9202.673439575441,18343.248797778928,470.61568852648367,548.5146177180866,2.1608825839791734e-12,unvalidated-engineering-priors,fixed independent scenario factor; no N cycle,2022-08-18,2022-10-03,2022-10-03,physiological_maturity,R6_physiological_maturity,2022-06-24,seed_layer_available_water,50.0
17,ag_095_040,fallow,2022,2022-10-06,2022-10-11,364789.7923446728,0.0,1.2434497875801753e-13,0.0,0.0,0.0,1.0,15.42,0.0,0.0,14.787462699999997,0.0,0.0,0.0,0.0,0.0,0.004491862757357394,0.0,0.0,14.787462699999997,0.0,0.0,548.5146177180866,549.1426631553293,-4.440892098500626e-14,unvalidated-engineering-priors,fixed independent scenario factor; no N cycle,,,,right_censored,BBCH89_full_ripeness,,,
17,ag_095_040,wheat,2023,2022-10-12,2023-06-10,364789.7923446728,0.0,1.8385293287792592e-13,2.325251102774928e-12,0.0,0.0,0.04267140235271844,321.73,0.0,0.0,261.00916402838834,155.69885065550164,32.65744728372387,0.0,0.0,0.0,0.5415566376882262,0.0,0.0,449.36546196761384,4585.269099663156,10954.417414873267,549.1426631553293,420.96564455002755,-3.514410984450933e-13,unvalidated-engineering-priors,fixed independent scenario factor; no N cycle,2023-04-13,2023-05-24,2023-05-24,full_ripeness,BBCH89_full_ripeness,2022-10-12,seed_layer_available_water,50.0
17,ag_095_040,fallow,2023,2023-06-11,2023-06-14,364789.7923446728,0.0,1.0391687510491465e-13,0.0,0.0,0.0,1.0,5.48,0.0,0.0,8.18362001645938,0.0,0.0,0.0,0.0,0.0,0.00043133209052246743,0.0,0.0,8.18362001645938,0.0,0.0,420.96564455002755,418.2615932014774,2.355893258254582e-13,unvalidated-engineering-priors,fixed independent scenario factor; no N cycle,,,,right_censored,BBCH89_full_ripeness,,,
17,ag_095_040,maize,2023,2023-06-15,2023-10-05,364789.7923446728,0.0,6.021849685566849e-13,3.637978807091713e-12,0.0,0.0,0.03354275471250856,579.49,0.0,0.0,18.122574255593545,201.86855627122256,89.82559587995233,0.0,0.0,0.0,0.8122953353780252,0.0,0.0,309.8167264067684,8380.323776660309,17143.78456204473,418.2615932014774,687.1225714593298,1.1225742557741114e-12,unvalidated-engineering-priors,fixed independent scenario factor; no N cycle,2023-08-10,2023-09-22,2023-09-22,physiological_maturity,R6_physiological_maturity,2023-06-17,seed_layer_available_water,50.0
17,ag_095_040,fallow,2023,2023-10-06,2023-10-11,364789.7923446728,0.0,1.1102230246251565e-13,0.0,0.0,0.0,1.0,3.02,0.0,0.0,14.474356899999998,0.0,0.0,0.0,0.0,0.0,1.0013334101477445,0.0,0.0,14.474356899999998,0.0,0.0,687.1225714593298,674.6668811491822,-1.5565326805244695e-13,unvalidated-engineering-priors,fixed independent scenario factor; no N cycle,,,,right_censored,BBCH89_full_ripeness,,,
17,ag_095_040,wheat,2024,2023-10-12,2024-06-10,364789.7923446728,0.0,7.820410985459603e-13,4.646949491871055e-12,0.0,0.0,0.04267140235271844,280.51,0.0,0.0,210.48423735375073,244.10785472447355,52.35967338804991,0.0,0.0,0.0,25.458127886586382,0.0,0.0,506.9517654662742,8983.077790796211,19931.851062551017,674.6668811491822,422.7669877963219,-2.4674706722294104e-13,unvalidated-engineering-priors,fixed independent scenario factor; no N cycle,2024-04-15,2024-05-25,2024-05-25,full_ripeness,BBCH89_full_ripeness,2023-10-12,seed_layer_available_water,50.0
17,ag_095_040,fallow,2024,2024-06-11,2024-06-14,364789.7923446728,0.0,1.2922996006636822e-13,0.0,0.0,0.0,1.0,0.32,0.0,0.0,1.5233373184049304,0.0,0.0,0.0,0.0,0.0,0.003156117814978014,0.0,0.0,1.5233373184049304,0.0,0.0,422.7669877963219,421.5604943601022,-1.9201307210892082e-13,unvalidated-engineering-priors,fixed independent scenario factor; no N cycle,,,,right_censored,BBCH89_full_ripeness,,,
17,ag_095_040,maize,2024,2024-06-15,2024-10-05,364789.7923446728,0.0,9.894307595459395e-13,2.6716406864579767e-12,0.0,0.0,0.03354275471250856,578.96,0.0,0.0,20.273795314048137,194.0998742599758,92.63999257964231,0.0,0.11966653963793128,0.0,73.02398269397884,0.0,0.0,307.01366215366625,7309.555994417198,14747.709540261161,421.5604943601022,620.3631829728188,4.2543746303636e-13,unvalidated-engineering-priors,fixed independent scenario factor; no N cycle,2024-08-10,2024-09-20,2024-09-20,physiological_maturity,R6_physiological_maturity,2024-06-17,seed_layer_available_water,50.0
17,ag_095_040,fallow,2024,2024-10-06,2024-10-11,364789.7923446728,0.0,9.50350909079134e-14,0.0,0.0,0.0,1.0,2.82,0.0,0.0,15.380994183367234,0.0,0.0,0.0,0.0,0.0,0.4177863777418861,0.0,0.0,15.380994183367234,0.0,0.0,620.3631829728188,607.3844024117099,-2.0050627824730327e-13,unvalidated-engineering-priors,fixed independent scenario factor; no N cycle,,,,right_censored,BBCH89_full_ripeness,,,
17,ag_095_040,wheat,2025,2024-10-12,2025-06-10,364789.7923446728,0.0,5.004885395010206e-13,3.922195901395753e-12,0.0,0.0,0.04267140235271844,297.21,0.0,0.0,231.91409779484988,240.04171690752045,34.32188504983174,0.0,0.0,0.0,9.534886984881055,0.0,0.0,506.27769975220207,5840.565038027642,14842.776638967793,607.3844024117099,388.7818156746277,-9.734435479913373e-13,unvalidated-engineering-priors,fixed independent scenario factor; no N cycle,2025-04-11,2025-05-22,2025-05-22,full_ripeness,BBCH89_full_ripeness,2024-10-12,seed_layer_available_water,50.0
17,ag_095_040,fallow,2025,2025-06-11,2025-06-14,364789.7923446728,0.0,1.3233858453531866e-13,0.0,0.0,0.0,1.0,10.139999999999999,0.0,0.0,4.8592901641531,0.0,0.0,0.0,0.0,0.0,0.0005874652599401954,0.0,0.0,4.8592901641531,0.0,0.0,388.7818156746277,394.0619380452146,3.574918139293004e-14,unvalidated-engineering-priors,fixed independent scenario factor; no N cycle,,,,right_censored,BBCH89_full_ripeness,,,
17,ag_095_040,maize,2025,2025-06-15,2025-10-05,364789.7923446728,0.0,5.841993555577574e-13,3.552713678800501e-12,0.0,0.0,0.03354275471250856,637.58,0.0,0.0,19.646567913261276,130.10626680840176,100.97794071576308,0.0,0.0,0.0,8.190729233214542,0.0,0.0,250.73077543742613,6456.120972449977,14619.184464106005,394.0619380452146,772.7204333745738,2.0189405702808472e-13,unvalidated-engineering-priors,fixed independent scenario factor; no N cycle,2025-08-11,2025-09-24,2025-09-24,physiological_maturity,R6_physiological_maturity,2025-06-15,seed_layer_available_water,50.0
17,ag_095_040,fallow,1996,1996-01-01,1996-10-11,364789.7923446728,0.25,2.984279490192421e-13,0.0,0.0,0.0,1.0,974.85,0.0,0.0,707.9558673549423,0.0,0.0,0.0,1.2227744113754788,0.0,157.09980383085534,0.0,0.0,707.9558673549423,0.0,0.0,573.7456994339389,682.3172538367659,-9.54236689665322e-14,unvalidated-engineering-priors,fixed independent scenario factor; no N cycle,,,,right_censored,BBCH89_full_ripeness,,,
17,ag_095_040,wheat,1997,1996-10-12,1997-06-10,364789.7923446728,0.25,1.078248601515952e-12,3.282707439211663e-12,0.0,0.0,0.04267140235271844,522.08,75.0,0.0,303.4136616758283,190.18548779943603,48.423484602638716,0.0,0.0,0.0,150.579089951629,75.0,0.0,542.022634077903,7469.153874527487,17111.737851200665,682.3172538367659,586.7955298072354,-1.5714096690544466e-12,unvalidated-engineering-priors,fixed independent scenario factor; no N cycle,1997-04-20,1997-05-29,1997-05-29,full_ripeness,BBCH89_full_ripeness,1996-10-12,seed_layer_available_water,50.0
17,ag_095_040,fallow,1997,1997-06-11,1997-06-14,364789.7923446728,0.25,1.2034817586936697e-13,0.0,0.0,0.0,1.0,0.060000000000000005,0.0,0.0,10.538554676026065,0.0,0.0,0.0,0.0,0.0,0.19005697816604428,0.0,0.0,10.538554676026065,0.0,0.0,586.7955298072354,576.1269181530433,-1.7541523789077473e-14,unvalidated-engineering-priors,fixed independent scenario factor; no N cycle,,,,right_censored,BBCH89_full_ripeness,,,
17,ag_095_040,maize,1997,1997-06-15,1997-10-05,364789.7923446728,0.25,1.1572964808692632e-12,4.916955731459893e-12,0.0,0.0,0.03354275471250856,370.71,20.0,0.0,18.866951012552978,269.2691596744207,71.45387518546947,0.0,5.900364297255152,0.0,44.27672932083162,20.0,0.0,359.58998587244315,9956.256844314503,19027.97233838087,576.1269181530433,557.0698386625149,-1.5158985178231887e-12,unvalidated-engineering-priors,fixed independent scenario factor; no N cycle,1997-08-10,1997-09-24,1997-09-24,physiological_maturity,R6_physiological_maturity,1997-06-16,seed_layer_available_water,50.0
17,ag_095_040,fallow,1997,1997-10-06,1997-10-11,364789.7923446728,0.25,1.412203687323199e-13,0.0,0.0,0.0,1.0,0.21,0.0,0.0,15.688767169494017,0.0,0.0,0.0,0.0,0.0,0.07839391857518573,0.0,0.0,15.688767169494017,0.0,0.0,557.0698386625149,541.5126775744455,1.8984813721090177e-13,unvalidated-engineering-priors,fixed independent scenario factor; no N cycle,,,,right_censored,BBCH89_full_ripeness,,,
17,ag_095_040,wheat,1998,1997-10-12,1998-06-10,364789.7923446728,0.25,1.0729195309977513e-12,3.524291969370097e-12,0.0,0.0,0.04267140235271844,693.37,75.0,0.0,314.6772748149084,155.9362649130398,67.49913328319697,0.0,8.376645812157678,0.0,62.490159518236325,75.0,0.0,538.1126730111451,6588.511091721424,15371.905619164763,541.5126775744455,700.9031992328983,8.103351323285324e-12,unvalidated-engineering-priors,fixed independent scenario factor; no N cycle,1998-04-21,1998-05-31,1998-05-31,full_ripeness,BBCH89_full_ripeness,1997-10-13,seed_layer_available_water,50.0
17,ag_095_040,fallow,1998,1998-06-11,1998-06-14,364789.7923446728,0.25,1.2878587085651816e-13,0.0,0.0,0.0,1.0,10.32,0.0,0.0,14.657327705012111,0.0,0.0,0.0,0.0,0.0,6.217183849380999,0.0,0.0,14.657327705012111,0.0,0.0,700.9031992328983,690.3486876785051,7.993605777301127e-15,unvalidated-engineering-priors,fixed independent scenario factor; no N cycle,,,,right_censored,BBCH89_full_ripeness,,,
17,ag_095_040,maize,1998,1998-06-15,1998-10-05,364789.7923446728,0.25,9.743317264110374e-13,2.3874235921539366e-12,0.0,0.0,0.03354275471250856,723.7,20.0,0.0,19.555780363867044,193.84231530892154,98.56468793028007,0.0,39.636262757261086,0.0,434.11458566857914,20.0,0.0,311.96278360306866,8076.701199949428,15328.642088745433,690.3486876785051,648.3350556495957,5.715428130770306e-13,unvalidated-engineering-priors,fixed independent scenario factor; no N cycle,1998-08-08,1998-09-18,1998-09-18,physiological_maturity,R6_physiological_maturity,1998-06-15,seed_layer_available_water,50.0
17,ag_095_040,fallow,1998,1998-10-06,1998-10-11,364789.7923446728,0.25,1.5409895581797173e-13,0.0,0.0,0.0,1.0,0.9199999999999999,0.0,0.0,15.459709998290705,0.0,0.0,0.0,0.0,0.0,1.2514172821800245,0.0,0.0,15.459709998290705,0.0,0.0,648.3350556495957,632.5439283691255,-5.664357871637549e-13,unvalidated-engineering-priors,fixed independent scenario factor; no N cycle,,,,right_censored,BBCH89_full_ripeness,,,
17,ag_095_040,wheat,1999,1998-10-12,1999-06-10,364789.7923446728,0.25,7.167599846980011e-13,3.637978807091713e-12,0.0,0.0,0.04267140235271844,330.79,75.0,0.0,240.44649728930384,181.4729394190388,57.35209715995865,0.0,0.0,0.0,18.634312771678665,75.0,0.0,479.2715338683013,6802.763100672642,15834.133318543049,632.5439283691255,540.4280817291494,-3.862576924973382e-12,unvalidated-engineering-priors,fixed independent scenario factor; no N cycle,1999-04-15,1999-05-23,1999-05-23,full_ripeness,BBCH89_full_ripeness,1998-10-12,seed_layer_available_water,50.0
17,ag_095_040,fallow,1999,1999-06-11,1999-06-14,364789.7923446728,0.25,9.625633623500107e-14,0.0,0.0,0.0,1.0,0.52,0.0,0.0,4.344739851627722,0.0,0.0,0.0,0.0,0.0,0.04556371118266915,0.0,0.0,4.344739851627722,0.0,0.0,540.4280817291494,536.5577781663391,-2.6978419498391304e-14,unvalidated-engineering-priors,fixed independent scenario factor; no N cycle,,,,right_censored,BBCH89_full_ripeness,,,
17,ag_095_040,maize,1999,1999-06-15,1999-10-05,364789.7923446728,0.25,9.232614672782802e-13,2.4726887204451486e-12,0.0,0.0,0.03354275471250856,362.04,20.0,0.0,19.15909802664444,237.55897212736662,73.59649098617747,0.0,0.0,0.0,5.662845304915793,20.0,0.0,330.3145611401885,8370.143675384637,16896.362284327646,536.5577781663391,582.6203717212327,2.0566881531181025e-12,unvalidated-engineering-priors,fixed independent scenario factor; no N cycle,1999-08-11,1999-09-24,1999-09-24,physiological_maturity,R6_physiological_maturity,1999-06-16,seed_layer_available_water,50.0
17,ag_095_040,fallow,1999,1999-10-06,1999-10-11,364789.7923446728,0.25,1.8118839761882555e-13,0.0,0.0,0.0,1.0,9.92,0.0,0.0,13.283262900000002,0.0,0.0,0.0,0.0,0.0,0.018976470806814895,0.0,0.0,13.283262900000002,0.0,0.0,582.6203717212327,579.2381323504256,2.2470914018413168e-13,unvalidated-engineering-priors,fixed independent scenario factor; no N cycle,,,,right_censored,BBCH89_full_ripeness,,,
17,ag_095_040,wheat,2000,1999-10-12,2000-06-10,364789.7923446728,0.25,3.4861002973229915e-13,4.126476937926782e-12,0.0,0.0,0.04267140235271844,425.87,75.0,0.0,281.4633641639673,221.26836297038307,42.373639476718154,0.0,0.0,0.0,8.69587954791021,75.0,0.0,545.1053666110686,6253.55439180713,15348.312412095307,579.2381323504256,526.3068861914478,-9.217626661950362e-13,unvalidated-engineering-priors,fixed independent scenario factor; no N cycle,2000-04-17,2000-05-25,2000-05-25,full_ripeness,BBCH89_full_ripeness,1999-10-12,seed_layer_available_water,50.0
17,ag_095_040,fallow,2000,2000-06-11,2000-06-14,364789.7923446728,0.25,1.5232259897857148e-13,0.0,0.0,0.0,1.0,1.18,0.0,0.0,14.066995493052694,0.0,0.0,0.0,0.0,0.0,0.002563314151266767,0.0,0.0,14.066995493052694,0.0,0.0,526.3068861914478,513.4173273842438,6.483702463810914e-14,unvalidated-engineering-priors,fixed independent scenario factor; no N cycle,,,,right_censored,BBCH89_full_ripeness,,,
17,ag_095_040,maize,2000,2000-06-15,2000-10-05,364789.7923446728,0.25,1.0809131367750524e-12,1.9326762412674725e-12,0.0,0.0,0.03354275471250856,815.64,20.0,0.0,22.166965281954017,117.96573835672402,85.92126598643884,0.0,0.0,0.0,350.2543399455712,20.0,0.0,226.05396962511688,6074.197253063933,11917.07544198741,513.4173273842438,772.7490178135539,1.823652340249282e-12,unvalidated-engineering-priors,fixed independent scenario factor; no N cycle,2000-08-09,2000-09-21,2000-09-21,physiological_maturity,R6_physiological_maturity,2000-06-16,seed_layer_available_water,50.0
17,ag_095_040,fallow,2000,2000-10-06,2000-10-11,364789.7923446728,0.25,2.1405099914773018e-13,0.0,0.0,0.0,1.0,24.790000000000003,0.0,0.0,14.7318801,0.0,0.0,0.0,0.0,0.0,20.235149575866664,0.0,0.0,14.7318801,0.0,0.0,772.7490178135539,762.5719881376878,-5.138112157965224e-13,unvalidated-engineering-priors,fixed independent scenario factor; no N cycle,,,,right_censored,BBCH89_full_ripeness,,,
17,ag_095_040,wheat,2001,2000-10-12,2001-06-10,364789.7923446728,0.25,8.22897305852166e-13,4.860112312599085e-12,0.0,0.0,0.04267140235271844,375.02,75.0,0.0,290.3104174314655,203.18206708009512,44.95185862326371,0.0,0.0,0.0,160.89399927962572,75.0,0.0,538.4443431348243,7684.048316440507,17187.46451852438,762.5719881376878,513.2536457232353,2.4089619188316647e-12,unvalidated-engineering-priors,fixed independent scenario factor; no N cycle,2001-04-17,2001-05-27,2001-05-27,full_ripeness,BBCH89_full_ripeness,2000-10-12,seed_layer_available_water,50.0
17,ag_095_040,fallow,2001,2001-06-11,2001-06-14,364789.7923446728,0.25,1.545430450278218e-13,0.0,0.0,0.0,1.0,4.16,0.0,0.0,16.582248021798144,0.0,0.0,0.0,0.0,0.0,0.027277613372625707,0.0,0.0,16.582248021798144,0.0,0.0,513.2536457232353,500.80412008806474,-1.949551631241775e-13,unvalidated-engineering-priors,fixed independent scenario factor; no N cycle,,,,right_censored,BBCH89_full_ripeness,,,
17,ag_095_040,maize,2001,2001-06-15,2001-10-05,364789.7923446728,0.25,9.068301665138279e-13,3.524291969370097e-12,0.0,0.0,0.03354275471250856,324.19,20.0,0.0,17.42207546888881,275.9595879816874,82.01938153254365,0.0,0.0,0.0,1.0635152887617383,20.0,0.0,375.40104498311985,9947.114339178086,19592.192714764416,500.80412008806474,468.5295598161896,-6.4480087935692154e-12,unvalidated-engineering-priors,fixed independent scenario factor; no N cycle,2001-08-09,2001-09-21,2001-09-21,physiological_maturity,R6_physiological_maturity,2001-06-15,seed_layer_available_water,50.0
17,ag_095_040,fallow,2001,2001-10-06,2001-10-11,364789.7923446728,0.25,1.27675647831893e-13,0.0,0.0,0.0,1.0,3.57,0.0,0.0,12.826536557149286,0.0,0.0,0.0,0.0,0.0,0.0030797723311739816,0.0,0.0,12.826536557149286,0.0,0.0,468.5295598161896,459.26994348670905,7.682743330406083e-14,unvalidated-engineering-priors,fixed independent scenario factor; no N cycle,,,,right_censored,BBCH89_full_ripeness,,,
17,ag_095_040,wheat,2002,2001-10-12,2002-06-10,364789.7923446728,0.25,3.668176873361517e-13,3.154809746774845e-12,0.0,0.0,0.04267140235271844,498.05,75.0,0.0,252.3575743822897,159.01239114510835,69.09578132739037,0.0,0.0,0.0,0.17230980761901954,75.0,0.0,480.46574685478845,6390.432449619495,15547.686581242286,459.26994348670905,551.681886824303,-1.3718470803780747e-12,unvalidated-engineering-priors,fixed independent scenario factor; no N cycle,2002-04-09,2002-05-23,2002-05-23,full_ripeness,BBCH89_full_ripeness,2001-10-13,seed_layer_available_water,50.0
17,ag_095_040,fallow,2002,2002-06-11,2002-06-14,364789.7923446728,0.25,1.021405182655144e-13,0.0,0.0,0.0,1.0,0.0,0.0,0.0,21.38690599990512,0.0,0.0,0.0,0.0,0.0,0.014502344118317752,0.0,0.0,21.38690599990512,0.0,0.0,551.681886824303,530.2804784802794,1.5543122344752192e-13,unvalidated-engineering-priors,fixed independent scenario factor; no N cycle,,,,right_censored,BBCH89_full_ripeness,,,
17,ag_095_040,maize,2002,2002-06-15,2002-10-05,364789.7923446728,0.25,1.0107470416187425e-12,3.353761712787673e-12,0.0,0.0,0.03354275471250856,506.13,20.0,0.0,18.80666216882679,215.16942500857516,80.3012294992024,0.0,53.078964140017625,0.0,48.85684434850579,20.0,0.0,314.27731667660436,9016.485663821155,17004.390113182475,530.2804784802794,640.1973533151549,-3.34349214980989e-12,unvalidated-engineering-priors,fixed independent scenario factor; no N cycle,2002-08-11,2002-09-26,2002-09-26,physiological_maturity,R6_physiological_maturity,2002-06-16,seed_layer_available_water,50.0
17,ag_095_040,fallow,2002,2002-10-06,2002-10-11,364789.7923446728,0.25,1.8074430840897548e-13,0.0,0.0,0.0,1.0,0.02,0.0,0.0,20.126950044741122,0.0,0.0,0.0,0.0,0.0,0.5410063901204007,0.0,0.0,20.126950044741122,0.0,0.0,640.1973533151549,619.5493968802937,-2.531308496145357e-13,unvalidated-engineering-priors,fixed independent scenario factor; no N cycle,,,,right_censored,BBCH89_full_ripeness,,,
17,ag_095_040,wheat,2003,2002-10-12,2003-06-10,364789.7923446728,0.25,1.056044141023449e-12,3.609557097661309e-12,0.0,0.0,0.04267140235271844,400.0,75.0,0.0,260.3432430812489,169.00121242872905,63.3234955341624,0.0,0.0,0.0,18.218567884543525,75.0,0.0,492.66795104414035,6835.902993991967,15804.274658557357,619.5493968802937,583.6628779516102,-3.985700658404312e-13,unvalidated-engineering-priors,fixed independent scenario factor; no N cycle,2003-04-23,2003-05-31,2003-05-31,full_ripeness,BBCH89_full_ripeness,2002-10-12,seed_layer_available_water,50.0
17,ag_095_040,fallow,2003,2003-06-11,2003-06-14,364789.7923446728,0.25,1.1390888232654106e-13,0.0,0.0,0.0,1.0,1.95,0.0,0.0,6.846377896154291,0.0,0.0,0.0,0.0,0.0,0.28818379772193325,0.0,0.0,6.846377896154291,0.0,0.0,583.6628779516102,578.478316257734,-6.150635556423367e-14,unvalidated-engineering-priors,fixed independent scenario factor; no N cycle,,,,right_censored,BBCH89_full_ripeness,,,
17,ag_095_040,maize,2003,2003-06-15,2003-10-05,364789.7923446728,0.25,9.876544027065393e-13,1.8758328224066645e-12,0.0,0.0,0.03354275471250856,950.01,20.0,0.0,19.565144291809638,105.39588275462442,92.02515915704964,0.0,31.68234211279858,0.0,528.5208263683185,20.0,0.0,216.9861862034837,6336.699263609976,11929.606138098861,578.478316257734,771.2989615731374,-4.1318060084449826e-12,unvalidated-engineering-priors,fixed independent scenario factor; no N cycle,2003-08-13,2003-09-30,2003-09-30,physiological_maturity,R6_physiological_maturity,2003-06-16,seed_layer_available_water,50.0
17,ag_095_040,fallow,2003,2003-10-06,2003-10-11,364789.7923446728,0.25,1.247890679678676e-13,0.0,0.0,0.0,1.0,47.54,0.0,0.0,12.508080600000001,0.0,0.0,0.0,0.0,0.0,13.2915334828178,0.0,0.0,12.508080600000001,0.0,0.0,771.2989615731374,793.0393474903193,2.7489122089718876e-13,unvalidated-engineering-priors,fixed independent scenario factor; no N cycle,,,,right_censored,BBCH89_full_ripeness,,,
17,ag_095_040,wheat,2004,2003-10-12,2004-06-10,364789.7923446728,0.25,7.465139617579553e-13,4.575895218295045e-12,0.0,0.0,0.04267140235271844,312.71999999999997,75.0,0.0,301.05243799880435,240.7653470168894,50.669017092718704,0.0,0.0,0.0,119.62697366806505,75.0,0.0,592.4868021084125,8664.951025937036,19680.116465362906,793.0393474903193,468.6455717138459,-4.133804409889308e-12,unvalidated-engineering-priors,fixed independent scenario factor; no N cycle,2004-04-12,2004-05-20,2004-05-20,full_ripeness,BBCH89_full_ripeness,2003-10-12,seed_layer_available_water,50.0
17,ag_095_040,fallow,2004,2004-06-11,2004-06-14,364789.7923446728,0.25,1.1479706074624119e-13,0.0,0.0,0.0,1.0,27.29,0.0,0.0,5.205877662505452,0.0,0.0,0.0,0.0,0.0,0.005961052157603501,0.0,0.0,5.205877662505452,0.0,0.0,468.6455717138459,490.7237329991829,-4.596323321948148e-14,unvalidated-engineering-priors,fixed independent scenario factor; no N cycle,,,,right_censored,BBCH89_full_ripeness,,,
17,ag_095_040,maize,2004,2004-06-15,2004-10-05,364789.7923446728,0.25,1.227462576025573e-12,3.637978807091713e-12,0.0,0.0,0.03354275471250856,597.41,20.0,0.0,16.801722093823916,196.6350618514995,106.98427787911244,0.0,0.0,0.0,96.42961630401754,20.0,0.0,320.42106182443587,9313.249588844596,17697.14878862864,490.7237329991829,691.2830548707317,-2.168321078244162e-12,unvalidated-engineering-priors,fixed independent scenario factor; no N cycle,2004-08-10,2004-09-26,2004-09-26,physiological_maturity,R6_physiological_maturity,2004-06-15,seed_layer_available_water,50.0
17,ag_095_040,fallow,2004,2004-10-06,2004-10-11,364789.7923446728,0.25,1.9051427102567686e-13,0.0,0.0,0.0,1.0,0.01,0.0,0.0,18.089746790822893,0.0,0.0,0.0,0.0,0.0,2.6584868882339916,0.0,0.0,18.089746790822893,0.0,0.0,691.2830548707317,670.544821191675,-2.5135449277513544e-13,unvalidated-engineering-priors,fixed independent scenario factor; no N cycle,,,,right_censored,BBCH89_full_ripeness,,,
17,ag_095_040,wheat,2005,2004-10-12,2005-06-10,364789.7923446728,0.25,3.4283687000424834e-13,3.637978807091713e-12,0.0,0.0,0.04267140235271844,302.31,75.0,0.0,209.39603492428725,239.11559380864082,71.04721911300317,0.0,0.0,0.0,32.83757859263448,75.0,0.0,519.5588478459313,8641.62791786968,20414.152207637126,670.544821191675,495.4583947531076,1.759037360216098e-12,unvalidated-engineering-priors,fixed independent scenario factor; no N cycle,2005-04-25,2005-06-02,2005-06-02,full_ripeness,BBCH89_full_ripeness,2004-10-12,seed_layer_available_water,50.0
17,ag_095_040,fallow,2005,2005-06-11,2005-06-14,364789.7923446728,0.25,7.283063041541027e-14,0.0,0.0,0.0,1.0,0.0,0.0,0.0,15.801731545320283,0.0,0.0,0.0,0.0,0.0,0.006572247694956543,0.0,0.0,15.801731545320283,0.0,0.0,495.4583947531076,479.65009096009226,1.0080825063596421e-13,unvalidated-engineering-priors,fixed independent scenario factor; no N cycle,,,,right_censored,BBCH89_full_ripeness,,,
17,ag_095_040,maize,2005,2005-06-15,2005-10-05,364789.7923446728,0.25,9.965361869035405e-13,2.2737367544323206e-12,0.0,0.0,0.03354275471250856,986.16,20.0,0.0,19.07349153285804,140.12047758986694,112.65457968202544,0.0,155.71663039215798,0.0,279.0021590703459,20.0,0.0,271.84854880475046,7347.854583809221,14780.78557740177,479.65009096009226,779.2427526928357,2.28650431921551e-12,unvalidated-engineering-priors,fixed independent scenario factor; no N cycle,2005-08-09,2005-09-25,2005-09-25,physiological_maturity,R6_physiological_maturity,2005-06-16,seed_layer_available_water,50.0
17,ag_095_040,fallow,2005,2005-10-06,2005-10-11,364789.7923446728,0.25,1.3145040611561853e-13,0.0,0.0,0.0,1.0,1.35,0.0,0.0,18.1049977,0.0,0.0,0.0,0.0,0.0,22.32490798390351,0.0,0.0,18.1049977,0.0,0.0,779.2427526928357,740.1628470089322,-4.440892098500626e-14,unvalidated-engineering-priors,fixed independent scenario factor; no N cycle,,,,right_censored,BBCH89_full_ripeness,,,
17,ag_095_040,wheat,2006,2005-10-12,2006-06-10,364789.7923446728,0.25,4.050093593832571e-13,3.609557097661309e-12,0.0,0.0,0.04267140235271844,266.48,75.0,0.0,230.8388000945814,245.61769245982532,57.29911026764167,0.0,0.0,0.0,69.94646620257505,75.0,0.0,533.7556028220483,8737.053331012134,20180.561938842533,740.1628470089322,477.9407779843095,-7.026601522852616e-13,unvalidated-engineering-priors,fixed independent scenario factor; no N cycle,2006-04-18,2006-05-27,2006-05-27,full_ripeness,BBCH89_full_ripeness,2005-10-12,seed_layer_available_water,50.0
17,ag_095_040,fallow,2006,2006-06-11,2006-06-14,364789.7923446728,0.25,1.0835776720341528e-13,0.0,0.0,0.0,1.0,12.34,0.0,0.0,6.992775802045939,0.0,0.0,0.0,0.0,0.0,0.005533601767752668,0.0,0.0,6.992775802045939,0.0,0.0,477.9407779843095,483.2824685804958,-2.7755575615628914e-15,unvalidated-engineering-priors,fixed independent scenario factor; no N cycle,,,,right_censored,BBCH89_full_ripeness,,,
17,ag_095_040,maize,2006,2006-06-15,2006-10-05,364789.7923446728,0.25,1.2421175199506251e-12,2.2737367544323206e-12,0.0,0.0,0.03354275471250856,446.37,20.0,0.0,20.927535986004514,161.82236340779687,104.39960560416037,0.0,2.440717126672288,0.0,14.171064375484427,20.0,0.0,287.14950499796174,8030.4834191574255,15536.386275224611,483.2824685804958,645.8911820803767,6.518119377574294e-13,unvalidated-engineering-priors,fixed independent scenario factor; no N cycle,2006-08-08,2006-09-22,2006-09-22,physiological_maturity,R6_physiological_maturity,2006-06-15,seed_layer_available_water,50.0
17,ag_095_040,fallow,2006,2006-10-06,2006-10-11,364789.7923446728,0.25,1.9273471707492718e-13,0.0,0.0,0.0,1.0,0.3,0.0,0.0,18.354727381772438,0.0,0.0,0.0,0.0,0.0,0.60205202178863,0.0,0.0,18.354727381772438,0.0,0.0,645.8911820803767,627.234402676816,-3.921307722976053e-13,unvalidated-engineering-priors,fixed independent scenario factor; no N cycle,,,,right_censored,BBCH89_full_ripeness,,,
17,ag_095_040,wheat,2007,2006-10-12,2007-06-10,364789.7923446728,0.25,7.771561172376096e-13,6.469491609095712e-12,0.0,0.0,0.04267140235271844,299.38,75.0,0.0,245.11707956648644,235.73167498588316,54.97021851866249,0.0,0.0,0.0,14.496965008505565,75.0,0.0,535.8189730710321,8928.729454424414,20088.56683555336,627.234402676816,451.29846459727656,1.7606471836018045e-12,unvalidated-engineering-priors,fixed independent scenario factor; no N cycle,2007-04-15,2007-05-24,2007-05-24,full_ripeness,BBCH89_full_ripeness,2006-10-12,seed_layer_available_water,50.0
17,ag_095_040,fallow,2007,2007-06-11,2007-06-14,364789.7923446728,0.25,5.040412531798211e-14,0.0,0.0,0.0,1.0,0.01,0.0,0.0,2.7939768132441296,0.0,0.0,0.0,0.0,0.0,0.004352338068125598,0.0,0.0,2.7939768132441296,0.0,0.0,451.29846459727656,448.51013544596435,-4.374278717023117e-14,unvalidated-engineering-priors,fixed independent scenario factor; no N cycle,,,,right_censored,BBCH89_full_ripeness,,,
17,ag_095_040,maize,2007,2007-06-15,2007-10-05,364789.7923446728,0.25,1.2114753644709708e-12,3.097966327914037e-12,0.0,0.0,0.03354275471250856,798.05,20.0,0.0,19.376029915968946,154.18604002815337,93.16877413938539,0.0,65.00298735585847,0.0,251.0877198508409,20.0,0.0,266.7308440835077,7480.814402521582,14549.330696473724,448.51013544596435,683.7385841557578,-5.718758799844181e-13,unvalidated-engineering-priors,fixed independent scenario factor; no N cycle,2007-08-12,2007-09-25,2007-09-25,physiological_maturity,R6_physiological_maturity,2007-06-16,seed_layer_available_water,50.0
17,ag_095_040,fallow,2007,2007-10-06,2007-10-11,364789.7923446728,0.25,1.6608936448392342e-13,0.0,0.0,0.0,1.0,1.3,0.0,0.0,19.26626920451124,0.0,0.0,0.0,0.0,0.0,2.336839268903727,0.0,0.0,19.26626920451124,0.0,0.0,683.7385841557578,663.4354756823429,-5.750955267558311e-14,unvalidated-engineering-priors,fixed independent scenario factor; no N cycle,,,,right_censored,BBCH89_full_ripeness,,,
17,ag_095_040,wheat,2008,2007-10-12,2008-06-10,364789.7923446728,0.25,6.497025140106416e-13,4.433786671143025e-12,0.0,0.0,0.04267140235271844,360.51,75.0,0.0,234.9816306723361,260.5737368409446,53.45911645246184,0.0,0.0,0.0,31.041072077546684,75.0,0.0,549.0144839657426,9889.939413298911,21988.864167982312,663.4354756823429,518.889919639055,-1.3352652317166758e-12,unvalidated-engineering-priors,fixed independent scenario factor; no N cycle,2008-04-18,2008-05-28,2008-05-28,full_ripeness,BBCH89_full_ripeness,2007-10-12,seed_layer_available_water,50.0
17,ag_095_040,fallow,2008,2008-06-11,2008-06-14,364789.7923446728,0.25,2.4980018054066022e-14,0.0,0.0,0.0,1.0,1.3900000000000001,0.0,0.0,4.831866336729001,0.0,0.0,0.0,0.0,0.0,0.017597325868466636,0.0,0.0,4.831866336729001,0.0,0.0,518.889919639055,515.4304559764576,3.241851231905457e-14,unvalidated-engineering-priors,fixed independent scenario factor; no N cycle,,,,right_censored,BBCH89_full_ripeness,,,
17,ag_095_040,maize,2008,2008-06-15,2008-10-05,364789.7923446728,0.25,1.0507150705052481e-12,1.8189894035458565e-12,0.0,0.0,0.03354275471250856,643.0600000000001,20.0,0.0,17.987837556546715,163.5491582572868,87.61943640616673,0.0,10.080552865664732,0.0,179.6506654652298,20.0,0.0,269.1564322200002,8127.286487713843,15132.283136677308,515.4304559764576,719.6028054255588,3.96971344684971e-12,unvalidated-engineering-priors,fixed independent scenario factor; no N cycle,2008-08-10,2008-09-23,2008-09-23,physiological_maturity,R6_physiological_maturity,2008-06-16,seed_layer_available_water,50.0
17,ag_095_040,fallow,2008,2008-10-06,2008-10-11,364789.7923446728,0.25,1.8829382497642655e-13,0.0,0.0,0.0,1.0,0.060000000000000005,0.0,0.0,14.6328244,0.0,0.0,0.0,0.0,0.0,5.921603751447487,0.0,0.0,14.6328244,0.0,0.0,719.6028054255588,699.1083772741113,6.350475700855895e-14,unvalidated-engineering-priors,fixed independent scenario factor; no N cycle,,,,right_censored,BBCH89_full_ripeness,,,
17,ag_095_040,wheat,2009,2008-10-12,2009-06-10,364789.7923446728,0.25,5.941913627793838e-13,3.581135388230905e-12,0.0,0.0,0.04267140235271844,315.18,75.0,0.0,264.5802986289617,222.1774962913986,52.143526589024404,0.0,0.0,0.0,47.10243731604157,75.0,0.0,538.9013215093847,7923.6111881988,18287.59190163818,699.1083772741113,503.2846184486832,1.7700840793111183e-12,unvalidated-engineering-priors,fixed independent scenario factor; no N cycle,2009-04-15,2009-05-24,2009-05-24,full_ripeness,BBCH89_full_ripeness,2008-10-12,seed_layer_available_water,50.0
17,ag_095_040,fallow,2009,2009-06-11,2009-06-14,364789.7923446728,0.25,5.5289106626332796e-14,0.0,0.0,0.0,1.0,1.01,0.0,0.0,8.421339410658321,0.0,0.0,0.0,0.0,0.0,0.008031409481127415,0.0,0.0,8.421339410658321,0.0,0.0,503.2846184486832,495.8652476285437,2.842170943040401e-14,unvalidated-engineering-priors,fixed independent scenario factor; no N cycle,,,,right_censored,BBCH89_full_ripeness,,,
17,ag_095_040,maize,2009,2009-06-15,2009-10-05,364789.7923446728,0.25,1.0671463712697005e-12,4.838796030526282e-12,0.0,0.0,0.03354275471250856,402.06,20.0,0.0,17.71211421570948,202.67450181397317,93.96882711227484,0.0,0.0,0.0,0.7326359100283102,20.0,0.0,314.3554431419575,8421.056974285653,16835.71291896025,495.8652476285437,602.8371685765603,-2.3954171979312378e-12,unvalidated-engineering-priors,fixed independent scenario factor; no N cycle,2009-08-10,2009-09-26,2009-09-26,physiological_maturity,R6_physiological_maturity,2009-06-16,seed_layer_available_water,50.0
17,ag_095_040,fallow,2009,2009-10-06,2009-10-11,364789.7923446728,0.25,2.1893598045608087e-13,0.0,0.0,0.0,1.0,2.82,0.0,0.0,15.738679999999997,0.0,0.0,0.0,0.0,0.0,0.09788029798030072,0.0,0.0,15.738679999999997,0.0,0.0,602.8371685765603,589.8206082785796,4.332090242087361e-13,unvalidated-engineering-priors,fixed independent scenario factor; no N cycle,,,,right_censored,BBCH89_full_ripeness,,,
17,ag_095_040,wheat,2010,2009-10-12,2010-06-10,364789.7923446728,0.25,5.324629626102251e-13,3.524291969370097e-12,0.0,0.0,0.04267140235271844,403.63,75.0,0.0,246.22059264237805,218.40516543131275,66.03021089254098,0.0,0.0,0.0,5.5373801462816825,75.0,0.0,530.6559689662317,8209.080078128354,19303.15273129635,589.8206082785796,532.2572591660717,-5.524691815139704e-12,unvalidated-engineering-priors,fixed independent scenario factor; no N cycle,2010-04-28,2010-06-05,2010-06-05,full_ripeness,BBCH89_full_ripeness,2009-10-12,seed_layer_available_water,50.0
17,ag_095_040,fallow,2010,2010-06-11,2010-06-14,364789.7923446728,0.25,6.838973831690964e-14,0.0,0.0,0.0,1.0,0.0,0.0,0.0,18.041287872776977,0.0,0.0,0.0,0.0,0.0,0.005688279733329841,0.0,0.0,18.041287872776977,0.0,0.0,532.2572591660717,514.2102830135614,-9.769962616701378e-15,unvalidated-engineering-priors,fixed independent scenario factor; no N cycle,,,,right_censored,BBCH89_full_ripeness,,,
17,ag_095_040,maize,2010,2010-06-15,2010-10-05,364789.7923446728,0.25,9.610090501155355e-13,3.069544618483633e-12,0.0,0.0,0.03354275471250856,426.58,20.0,0.0,18.128390903859053,201.09371716717644,93.66375894272814,0.0,0.0,0.0,3.4225648687116568,20.0,0.0,312.88586701376363,7724.197792602495,15823.330955717276,514.2102830135614,644.4818511310872,-1.1004530620084552e-12,unvalidated-engineering-priors,fixed independent scenario factor; no N cycle,2010-08-08,2010-09-20,2010-09-20,physiological_maturity,R6_physiological_maturity,2010-06-15,seed_layer_available_water,50.0
17,ag_095_040,fallow,2010,2010-10-06,2010-10-11,364789.7923446728,0.25,1.745270594710746e-13,0.0,0.0,0.0,1.0,0.39,0.0,0.0,20.338145094916317,0.0,0.0,0.0,0.0,0.0,0.5466823683880259,0.0,0.0,20.338145094916317,0.0,0.0,644.4818511310872,623.9870236677832,-3.659295089164516e-13,unvalidated-engineering-priors,fixed independent scenario factor; no N cycle,,,,right_censored,BBCH89_full_ripeness,,,
17,ag_095_040,wheat,2011,2010-10-12,2011-06-10,364789.7923446728,0.25,2.76667577736589e-13,3.275602011854062e-12,0.0,0.0,0.04267140235271844,140.95,75.0,0.0,181.5397590702454,226.72577525204065,26.457968958401402,0.0,0.0,0.0,12.480015111045807,75.0,0.0,434.72350328068745,5674.537104833281,13912.578371669337,623.9870236677832,392.73350527605044,-4.653499807716344e-13,unvalidated-engineering-priors,fixed independent scenario factor; no N cycle,2011-04-19,2011-05-29,2011-05-29,full_ripeness,BBCH89_full_ripeness,2010-10-12,seed_layer_available_water,50.0
17,ag_095_040,fallow,2011,2011-06-11,2011-06-14,364789.7923446728,0.25,1.021405182655144e-13,0.0,0.0,0.0,1.0,5.13,0.0,0.0,2.519397051145678,0.0,0.0,0.0,0.0,0.0,0.0005728023258215853,0.0,0.0,2.519397051145678,0.0,0.0,392.73350527605044,395.3435354225791,-1.8590684547348246e-13,unvalidated-engineering-priors,fixed independent scenario factor; no N cycle,,,,right_censored,BBCH89_full_ripeness,,,
17,ag_095_040,maize,2011,2011-06-15,2011-10-05,364789.7923446728,0.25,5.471179065352771e-13,2.6716406864579767e-12,0.0,0.0,0.03354275471250856,424.71,20.0,0.0,19.225724597740026,162.46730411254433,92.8216458301896,0.0,0.0,0.0,0.07677366205705424,20.0,0.0,274.51467454047395,7696.996094429525,15267.828304800321,395.3435354225791,565.4620872200501,-1.9664270212160773e-12,unvalidated-engineering-priors,fixed independent scenario factor; no N cycle,2011-08-11,2011-09-29,2011-09-29,physiological_maturity,R6_physiological_maturity,2011-06-16,seed_layer_available_water,50.0
17,ag_095_040,fallow,2011,2011-10-06,2011-10-11,364789.7923446728,0.25,1.354472090042691e-13,0.0,0.0,0.0,1.0,4.08,0.0,0.0,20.049605827377285,0.0,0.0,0.0,0.0,0.0,0.017151040259534924,0.0,0.0,20.049605827377285,0.0,0.0,565.4620872200501,549.4753303524132,1.0880185641326534e-13,unvalidated-engineering-priors,fixed independent scenario factor; no N cycle,,,,right_censored,BBCH89_full_ripeness,,,
17,ag_095_040,wheat,2012,2011-10-12,2012-06-10,364789.7923446728,0.25,3.086420008457935e-13,3.0411229090532288e-12,0.0,0.0,0.04267140235271844,245.16,75.0,0.0,240.03290577608308,200.3451703694783,29.582425512390884,0.0,0.0,0.0,1.969777162968451,75.0,0.0,469.96050165795225,6575.414854755674,14959.938264415803,549.4753303524132,397.7050515314909,1.562694418311139e-12,unvalidated-engineering-priors,fixed independent scenario factor; no N cycle,2012-04-23,2012-05-29,2012-05-29,full_ripeness,BBCH89_full_ripeness,2011-10-12,seed_layer_available_water,50.0
17,ag_095_040,fallow,2012,2012-06-11,2012-06-14,364789.7923446728,0.25,6.439293542825908e-14,0.0,0.0,0.0,1.0,0.08,0.0,0.0,1.854555323194004,0.0,0.0,0.0,0.0,0.0,0.0006485758057991896,0.0,0.0,1.854555323194004,0.0,0.0,397.7050515314909,395.9298476324912,-1.2539969063141143e-13,unvalidated-engineering-priors,fixed independent scenario factor; no N cycle,,,,right_censored,BBCH89_full_ripeness,,,
17,ag_095_040,maize,2012,2012-06-15,2012-10-05,364789.7923446728,0.25,9.841016890277388e-13,2.3021584638627246e-12,0.0,0.0,0.03354275471250856,441.63,20.0,0.0,22.56980670641876,198.9155853825051,53.29230306803498,0.0,0.0,0.0,0.3544822032960365,20.0,0.0,274.7776951569588,7530.093100099977,14184.659450929648,395.9298476324912,582.4276702722393,-2.993383318994347e-12,unvalidated-engineering-priors,fixed independent scenario factor; no N cycle,2012-08-10,2012-09-23,2012-09-23,physiological_maturity,R6_physiological_maturity,2012-06-16,seed_layer_available_water,50.0
17,ag_095_040,fallow,2012,2012-10-06,2012-10-11,364789.7923446728,0.25,1.9673151996357774e-13,0.0,0.0,0.0,1.0,0.0,0.0,0.0,17.96453804158654,0.0,0.0,0.0,0.0,0.0,0.07734083282612969,0.0,0.0,17.96453804158654,0.0,0.0,582.4276702722393,564.3857913978263,3.1885605267234496e-13,unvalidated-engineering-priors,fixed independent scenario factor; no N cycle,,,,right_censored,BBCH89_full_ripeness,,,
17,ag_095_040,wheat,2013,2012-10-12,2013-06-10,364789.7923446728,0.25,3.1818991885756986e-13,2.2737367544323206e-12,0.0,0.0,0.04267140235271844,275.68,75.0,0.0,255.87813722316338,174.30051144430456,36.90958284559093,0.0,0.0,0.0,3.051507252796622,75.0,0.0,467.0882315130589,4921.400885706432,11770.58202956264,564.3857913978263,444.9260526319711,-2.8466118351389014e-13,unvalidated-engineering-priors,fixed independent scenario factor; no N cycle,2013-04-21,2013-05-30,2013-05-30,full_ripeness,BBCH89_full_ripeness,2012-10-12,seed_layer_available_water,50.0
17,ag_095_040,fallow,2013,2013-06-11,2013-06-14,364789.7923446728,0.25,7.327471962526033e-14,0.0,0.0,0.0,1.0,0.0,0.0,0.0,5.677878112840228,0.0,0.0,0.0,0.0,0.0,0.0008559580657205934,0.0,0.0,5.677878112840228,0.0,0.0,444.9260526319711,439.24731856106524,-7.327471962526033e-14,unvalidated-engineering-priors,fixed independent scenario factor; no N cycle,,,,right_censored,BBCH89_full_ripeness,,,
17,ag_095_040,maize,2013,2013-06-15,2013-10-05,364789.7923446728,0.25,2.948752353404416e-13,4.604316927725449e-12,0.0,0.0,0.03354275471250856,361.33,20.0,0.0,22.60061939653835,226.66166952413874,66.52959330482162,0.0,0.0,0.0,0.03741558309722953,20.0,0.0,315.79188222549874,7908.014083932288,16963.90583752276,439.24731856106524,504.74802075247084,-1.5341616865782726e-12,unvalidated-engineering-priors,fixed independent scenario factor; no N cycle,2013-08-10,2013-09-23,2013-09-23,physiological_maturity,R6_physiological_maturity,2013-06-16,seed_layer_available_water,50.0
17,ag_095_040,fallow,2013,2013-10-06,2013-10-11,364789.7923446728,0.25,8.970602038971265e-14,0.0,0.0,0.0,1.0,0.0,0.0,0.0,20.36606689511979,0.0,0.0,0.0,0.0,0.0,0.000872298019361967,0.0,0.0,20.36606689511979,0.0,0.0,504.74802075247084,484.38108155933173,-4.973799150320701e-14,unvalidated-engineering-priors,fixed independent scenario factor; no N cycle,,,,right_censored,BBCH89_full_ripeness,,,
17,ag_095_040,wheat,2014,2013-10-12,2014-06-10,364789.7923446728,0.25,1.8829382497642655e-13,9.876544027065393e-13,0.0,0.0,0.04267140235271844,250.23,75.0,0.0,261.88588940871983,115.12847060063596,31.167307735028377,0.0,0.0,0.0,0.08543468575426354,75.0,0.0,408.1816677443842,3649.94105558438,8634.641848021685,484.38108155933173,401.3439791291937,-4.593547764386585e-13,unvalidated-engineering-priors,fixed independent scenario factor; no N cycle,2014-04-12,2014-05-22,2014-05-22,full_ripeness,BBCH89_full_ripeness,2013-10-13,seed_layer_available_water,50.0
17,ag_095_040,fallow,2014,2014-06-11,2014-06-14,364789.7923446728,0.25,1.3367085216486885e-13,0.0,0.0,0.0,1.0,3.5100000000000002,0.0,0.0,2.304391042904604,0.0,0.0,0.0,0.0,0.0,0.0004012842760032941,0.0,0.0,2.304391042904604,0.0,0.0,401.3439791291937,402.54918680201314,-3.391731340229853e-14,unvalidated-engineering-priors,fixed independent scenario factor; no N cycle,,,,right_censored,BBCH89_full_ripeness,,,
17,ag_095_040,maize,2014,2014-06-15,2014-10-05,364789.7923446728,0.25,6.31494856406789e-13,2.6716406864579767e-12,0.0,0.0,0.03354275471250856,413.08,20.0,0.0,21.805188416942126,111.13668157921406,73.28794955833449,0.0,0.0,0.0,0.10144283610821066,20.0,0.0,206.22981955449066,5720.609673136614,12690.624854862912,402.54918680201314,629.2979244114148,-5.183076190462543e-13,unvalidated-engineering-priors,fixed independent scenario factor; no N cycle,2014-08-12,2014-09-28,2014-09-28,physiological_maturity,R6_physiological_maturity,2014-06-16,seed_layer_available_water,50.0
17,ag_095_040,fallow,2014,2014-10-06,2014-10-11,364789.7923446728,0.25,1.949551631241775e-13,0.0,0.0,0.0,1.0,0.0,0.0,0.0,19.770986947524356,0.0,0.0,0.0,0.0,0.0,0.1365935509131011,0.0,0.0,19.770986947524356,0.0,0.0,629.2979244114148,609.3903439129772,1.376676550535194e-13,unvalidated-engineering-priors,fixed independent scenario factor; no N cycle,,,,right_censored,BBCH89_full_ripeness,,,
17,ag_095_040,wheat,2015,2014-10-12,2015-06-10,364789.7923446728,0.25,8.166800569142652e-13,4.831690603168681e-12,0.0,0.0,0.04267140235271844,392.52,75.0,0.0,283.07812974425633,194.47441744033765,58.55345964680696,0.0,0.0,0.0,16.063690174080712,75.0,0.0,536.1060068314009,7810.674722015765,17701.660073748535,609.3903439129772,524.7406469074955,7.072120666862247e-14,unvalidated-engineering-priors,fixed independent scenario factor; no N cycle,2015-04-18,2015-05-25,2015-05-25,full_ripeness,BBCH89_full_ripeness,2014-10-12,seed_layer_available_water,50.0
17,ag_095_040,fallow,2015,2015-06-11,2015-06-14,364789.7923446728,0.25,1.3788969965844444e-13,0.0,0.0,0.0,1.0,0.0,0.0,0.0,4.839469264020338,0.0,0.0,0.0,0.0,0.0,0.03141265069154768,0.0,0.0,4.839469264020338,0.0,0.0,524.7406469074955,519.8697649927834,1.8618440122963875e-13,unvalidated-engineering-priors,fixed independent scenario factor; no N cycle,,,,right_censored,BBCH89_full_ripeness,,,
17,ag_095_040,maize,2015,2015-06-15,2015-10-05,364789.7923446728,0.25,1.0231815394945443e-12,3.581135388230905e-12,0.0,0.0,0.03354275471250856,438.47,20.0,0.0,18.725926732563178,207.53150832238327,68.05213607739184,0.0,0.0,0.0,60.03850917997637,20.0,0.0,294.3095711323383,8781.50349081071,16461.043073993555,519.8697649927834,623.9916846804714,-2.6489921367556235e-12,unvalidated-engineering-priors,fixed independent scenario factor; no N cycle,2015-08-12,2015-09-26,2015-09-26,physiological_maturity,R6_physiological_maturity,2015-06-16,seed_layer_available_water,50.0
17,ag_095_040,fallow,2015,2015-10-06,2015-10-11,364789.7923446728,0.25,1.6475709685437323e-13,0.0,0.0,0.0,1.0,4.79,0.0,0.0,17.86067124279173,0.0,0.0,0.0,0.0,0.0,0.35752213882258715,0.0,0.0,17.86067124279173,0.0,0.0,623.9916846804714,610.563491298857,7.327471962526033e-14,unvalidated-engineering-priors,fixed independent scenario factor; no N cycle,,,,right_censored,BBCH89_full_ripeness,,,
17,ag_095_040,wheat,2016,2015-10-12,2016-06-10,364789.7923446728,0.25,4.511946372076636e-13,4.490630090003833e-12,0.0,0.0,0.04267140235271844,433.62,75.0,0.0,323.09054477820877,189.20048816545946,49.34224844878164,0.0,0.0,0.0,15.057871491764594,75.0,0.0,561.6332813924499,7110.882275326336,16499.599080249784,610.563491298857,542.4923384146415,1.039723862561459e-12,unvalidated-engineering-priors,fixed independent scenario factor; no N cycle,2016-04-14,2016-05-22,2016-05-22,full_ripeness,BBCH89_full_ripeness,2015-10-12,seed_layer_available_water,50.0
17,ag_095_040,fallow,2016,2016-06-11,2016-06-14,364789.7923446728,0.25,7.549516567451064e-14,0.0,0.0,0.0,1.0,2.04,0.0,0.0,14.544104133024433,0.0,0.0,0.0,0.0,0.0,0.011336439643729195,0.0,0.0,14.544104133024433,0.0,0.0,542.4923384146415,529.9768978419734,-3.552713678800501e-14,unvalidated-engineering-priors,fixed independent scenario factor; no N cycle,,,,right_censored,BBCH89_full_ripeness,,,
17,ag_095_040,maize,2016,2016-06-15,2016-10-05,364789.7923446728,0.25,1.1306511282782594e-12,3.637978807091713e-12,0.0,0.0,0.03354275471250856,432.84000000000003,20.0,0.0,18.574926593742983,242.51036181901122,72.12395121724873,0.0,29.902349049159213,0.0,18.87128469946111,20.0,0.0,333.2092396300029,9304.61993078849,17638.970312881105,529.9768978419734,600.8340244633483,1.7921220063499277e-12,unvalidated-engineering-priors,fixed independent scenario factor; no N cycle,2016-08-10,2016-09-20,2016-09-20,physiological_maturity,R6_physiological_maturity,2016-06-16,seed_layer_available_water,50.0
17,ag_095_040,fallow,2016,2016-10-06,2016-10-11,364789.7923446728,0.25,1.9761969838327786e-13,0.0,0.0,0.0,1.0,0.49,0.0,0.0,15.58646193576911,0.0,0.0,0.0,0.0,0.0,0.13109476946835652,0.0,0.0,15.58646193576911,0.0,0.0,600.8340244633483,585.606467758111,-1.0458300891968975e-13,unvalidated-engineering-priors,fixed independent scenario factor; no N cycle,,,,right_censored,BBCH89_full_ripeness,,,
17,ag_095_040,wheat,2017,2016-10-12,2017-06-10,364789.7923446728,0.25,9.481304630298837e-13,1.8758328224066645e-12,0.0,0.0,0.04267140235271844,494.05,75.0,0.0,316.1641088659044,180.7930829881595,43.0210291849615,0.0,0.0,0.0,33.248941544057494,75.0,0.0,539.9782210390254,6841.87850559696,15510.58762007737,585.606467758111,581.4293051750226,5.490052856771399e-12,unvalidated-engineering-priors,fixed independent scenario factor; no N cycle,2017-04-14,2017-05-23,2017-05-23,full_ripeness,BBCH89_full_ripeness,2016-10-12,seed_layer_available_water,50.0
17,ag_095_040,fallow,2017,2017-06-11,2017-06-14,364789.7923446728,0.25,1.865174681370263e-13,0.0,0.0,0.0,1.0,0.87,0.0,0.0,18.736082499999995,0.0,0.0,0.0,0.0,0.0,0.021609013673769783,0.0,0.0,18.736082499999995,0.0,0.0,581.4293051750226,563.5416136613487,1.0480505352461478e-13,unvalidated-engineering-priors,fixed independent scenario factor; no N cycle,,,,right_censored,BBCH89_full_ripeness,,,
17,ag_095_040,maize,2017,2017-06-15,2017-10-05,364789.7923446728,0.25,1.1111112030448567e-12,4.320099833421409e-12,0.0,0.0,0.03354275471250856,565.49,20.0,0.0,16.192323281666553,218.94738400191025,86.531234424374,0.0,0.0,0.0,30.14398606353687,20.0,0.0,321.6709417079508,8414.715303520752,17436.59674880273,563.5416136613487,797.2166858898634,-2.331301818259135e-12,unvalidated-engineering-priors,fixed independent scenario factor; no N cycle,2017-08-08,2017-09-21,2017-09-21,physiological_maturity,R6_physiological_maturity,2017-06-15,seed_layer_available_water,50.0
17,ag_095_040,fallow,2017,2017-10-06,2017-10-11,364789.7923446728,0.25,8.704148513061227e-14,0.0,0.0,0.0,1.0,37.93,0.0,0.0,10.417841499999998,0.0,0.0,0.0,0.0,0.0,30.658300253939213,0.0,0.0,10.417841499999998,0.0,0.0,797.2166858898634,794.070544135924,1.234568003383174e-13,unvalidated-engineering-priors,fixed independent scenario factor; no N cycle,,,,right_censored,BBCH89_full_ripeness,,,
17,ag_095_040,wheat,2018,2017-10-12,2018-06-10,364789.7923446728,0.25,6.270539643082884e-13,4.376943252282217e-12,0.0,0.0,0.04267140235271844,338.77,75.0,0.0,260.3485440352388,236.72173099958908,59.025740818882795,0.0,0.0,0.0,143.58036227613127,75.0,0.0,556.0960158537106,8248.82893317308,19406.640656950425,794.070544135924,508.16416600608164,4.662936703425657e-13,unvalidated-engineering-priors,fixed independent scenario factor; no N cycle,2018-04-15,2018-05-24,2018-05-24,full_ripeness,BBCH89_full_ripeness,2017-10-12,seed_layer_available_water,50.0
17,ag_095_040,fallow,2018,2018-06-11,2018-06-14,364789.7923446728,0.25,9.348077867343818e-14,0.0,0.0,0.0,1.0,0.0,0.0,0.0,4.659422416286632,0.0,0.0,0.0,0.0,0.0,0.01281633596762161,0.0,0.0,4.659422416286632,0.0,0.0,508.16416600608164,503.4919272538273,6.261657858885883e-14,unvalidated-engineering-priors,fixed independent scenario factor; no N cycle,,,,right_censored,BBCH89_full_ripeness,,,
17,ag_095_040,maize,2018,2018-06-15,2018-10-05,364789.7923446728,0.25,1.1781686737322161e-12,4.376943252282217e-12,0.0,0.0,0.03354275471250856,488.58,20.0,0.0,18.71823202512366,245.42882621078311,64.91482168071708,0.0,23.876701563833933,0.0,24.71929869695282,20.0,0.0,329.06187991662387,7735.614399439389,16122.237700425747,503.4919272538273,634.4140470764115,5.176137296558636e-12,unvalidated-engineering-priors,fixed independent scenario factor; no N cycle,2018-08-09,2018-09-21,2018-09-21,physiological_maturity,R6_physiological_maturity,2018-06-16,seed_layer_available_water,50.0
17,ag_095_040,fallow,2018,2018-10-06,2018-10-11,364789.7923446728,0.25,1.7852386235972517e-13,0.0,0.0,0.0,1.0,0.04,0.0,0.0,18.45255420677282,0.0,0.0,0.0,0.0,0.0,0.6445699951247281,0.0,0.0,18.45255420677282,0.0,0.0,634.4140470764115,615.3569228745137,3.1441516057384433e-13,unvalidated-engineering-priors,fixed independent scenario factor; no N cycle,,,,right_censored,BBCH89_full_ripeness,,,
17,ag_095_040,wheat,2019,2018-10-12,2019-06-10,364789.7923446728,0.25,3.1108449149996886e-13,3.552713678800501e-12,0.0,0.0,0.04267140235271844,251.12,75.0,0.0,232.96748411172422,223.2060640115318,44.62241380785076,0.0,0.0,0.0,13.798471914503667,75.0,0.0,500.7959619311068,7865.002546647515,18241.132055115562,615.3569228745137,426.8824890289068,-3.5476621640384565e-12,unvalidated-engineering-priors,fixed independent scenario factor; no N cycle,2019-04-17,2019-05-28,2019-05-28,full_ripeness,BBCH89_full_ripeness,2018-10-12,seed_layer_available_water,50.0
17,ag_095_040,fallow,2019,2019-06-11,2019-06-14,364789.7923446728,0.25,1.0658141036401503e-13,0.0,0.0,0.0,1.0,0.13999999999999999,0.0,0.0,6.022639524521889,0.0,0.0,0.0,0.0,0.0,0.0015085180328731553,0.0,0.0,6.022639524521889,0.0,0.0,426.8824890289068,420.99834098635216,-1.4854784069484595e-13,unvalidated-engineering-priors,fixed independent scenario factor; no N cycle,,,,right_censored,BBCH89_full_ripeness,,,
17,ag_095_040,maize,2019,2019-06-15,2019-10-05,364789.7923446728,0.25,3.028688411177427e-13,2.6147972675971687e-12,0.0,0.0,0.03354275471250856,226.68,20.0,0.0,21.282565330494606,165.78120396727115,64.68068190371943,0.0,0.0,0.0,0.024001357859942122,20.0,0.0,251.7444512014852,6974.435917786178,15234.767145551268,420.99834098635216,415.9098884270064,6.183942247162122e-13,unvalidated-engineering-priors,fixed independent scenario factor; no N cycle,2019-08-10,2019-09-21,2019-09-21,physiological_maturity,R6_physiological_maturity,2019-06-16,seed_layer_available_water,50.0
17,ag_095_040,fallow,2019,2019-10-06,2019-10-11,364789.7923446728,0.25,8.08242361927114e-14,0.0,0.0,0.0,1.0,23.21,0.0,0.0,11.0199039,0.0,0.0,0.0,0.0,0.0,0.00013700259571484676,0.0,0.0,11.0199039,0.0,0.0,415.9098884270064,428.0998475244105,2.0083934515469082e-13,unvalidated-engineering-priors,fixed independent scenario factor; no N cycle,,,,right_censored,BBCH89_full_ripeness,,,
17,ag_095_040,wheat,2020,2019-10-12,2020-06-10,364789.7923446728,0.25,1.8784973576657649e-13,1.283417816466681e-12,0.0,0.0,0.04267140235271844,218.45,75.0,0.0,234.30587669580723,96.83821432083082,26.329647387411164,0.0,0.0,0.0,0.005608492146871014,75.0,0.0,357.4737384040492,2223.9373381943456,6466.810353960171,428.0998475244105,364.07050062821446,-2.8227420401094605e-14,unvalidated-engineering-priors,fixed independent scenario factor; no N cycle,2020-04-11,2020-05-23,2020-05-23,full_ripeness,BBCH89_full_ripeness,2019-10-12,seed_layer_available_water,50.0
17,ag_095_040,fallow,2020,2020-06-11,2020-06-14,364789.7923446728,0.25,6.572520305780927e-14,0.0,0.0,0.0,1.0,22.19,0.0,0.0,12.952933826318318,0.0,0.0,0.0,0.0,0.0,5.984016383503505e-05,0.0,0.0,12.952933826318318,0.0,0.0,364.07050062821446,373.30750696173226,5.10702591327572e-14,unvalidated-engineering-priors,fixed independent scenario factor; no N cycle,,,,right_censored,BBCH89_full_ripeness,,,
17,ag_095_040,maize,2020,2020-06-15,2020-10-05,364789.7923446728,0.25,9.112710586123285e-13,2.3590018827235326e-12,0.0,0.0,0.03354275471250856,710.41,20.0,0.0,18.03189515432,182.43855652234902,68.70687196730479,0.0,66.19076643221086,0.0,82.87321403131428,20.0,0.0,269.1773236439738,7586.098305011073,14693.37045991707,373.30750696173226,685.4762028542308,2.5047186547055844e-12,unvalidated-engineering-priors,fixed independent scenario factor; no N cycle,2020-08-12,2020-09-24,2020-09-24,physiological_maturity,R6_physiological_maturity,2020-06-16,seed_layer_available_water,50.0
17,ag_095_040,fallow,2020,2020-10-06,2020-10-11,364789.7923446728,0.25,2.7045032879868813e-13,0.0,0.0,0.0,1.0,1.6,0.0,0.0,12.611518100000001,0.0,0.0,0.0,0.0,0.0,1.4110082421246417,0.0,0.0,12.611518100000001,0.0,0.0,685.4762028542308,673.0536765121061,3.907985046680551e-14,unvalidated-engineering-priors,fixed independent scenario factor; no N cycle,,,,right_censored,BBCH89_full_ripeness,,,
17,ag_095_040,wheat,2021,2020-10-12,2021-06-10,364789.7923446728,0.25,1.0389467064442215e-12,5.059064278611913e-12,0.0,0.0,0.04267140235271844,325.91,75.0,0.0,238.25141951938974,196.42290644836484,61.39747326473425,0.0,0.0,0.0,33.59544007199479,75.0,0.0,496.07179923248884,7468.657230396554,17587.287446298895,673.0536765121061,544.2964372076237,-1.2668754933997661e-12,unvalidated-engineering-priors,fixed independent scenario factor; no N cycle,2021-04-12,2021-05-22,2021-05-22,full_ripeness,BBCH89_full_ripeness,2020-10-12,seed_layer_available_water,50.0
17,ag_095_040,fallow,2021,2021-06-11,2021-06-14,364789.7923446728,0.25,1.8118839761882555e-13,0.0,0.0,0.0,1.0,57.46,0.0,0.0,8.43325319133483,0.0,0.0,0.0,0.0,0.0,0.06943077373976045,0.0,0.0,8.43325319133483,0.0,0.0,544.2964372076237,593.2537532425496,-4.275468867831478e-13,unvalidated-engineering-priors,fixed independent scenario factor; no N cycle,,,,right_censored,BBCH89_full_ripeness,,,
17,ag_095_040,maize,2021,2021-06-15,2021-10-05,364789.7923446728,0.25,1.0462741784067475e-12,1.6200374375330284e-12,0.0,0.0,0.03354275471250856,643.62,20.0,0.0,17.850330547157245,168.344426597146,83.83998256301614,0.0,7.431516305224248,0.0,272.8185663318507,20.0,0.0,270.0347397073194,7025.778958183277,13927.456785071445,593.2537532425496,706.588930898153,2.244315844279754e-12,unvalidated-engineering-priors,fixed independent scenario factor; no N cycle,2021-08-09,2021-09-21,2021-09-21,physiological_maturity,R6_physiological_maturity,2021-06-15,seed_layer_available_water,50.0
17,ag_095_040,fallow,2021,2021-10-06,2021-10-11,364789.7923446728,0.25,8.526512829121202e-14,0.0,0.0,0.0,1.0,7.78,0.0,0.0,10.3797924,0.0,0.0,0.0,0.0,0.0,3.8606512324565117,0.0,0.0,10.3797924,0.0,0.0,706.588930898153,700.1284872656967,-2.0738966099997924e-13,unvalidated-engineering-priors,fixed independent scenario factor; no N cycle,,,,right_censored,BBCH89_full_ripeness,,,
17,ag_095_040,wheat,2022,2021-10-12,2022-06-10,364789.7923446728,0.25,8.832934383917745e-13,4.575895218295045e-12,0.0,0.0,0.04267140235271844,317.33,75.0,0.0,233.98362037989278,240.41507247746898,56.168344993737605,0.0,0.0,0.0,46.07521238789914,75.0,0.0,530.5670378510994,8560.02985981744,19883.004799280323,700.1284872656967,515.816237026694,4.124089958423838e-12,unvalidated-engineering-priors,fixed independent scenario factor; no N cycle,2022-04-10,2022-05-21,2022-05-21,full_ripeness,BBCH89_full_ripeness,2021-10-12,seed_layer_available_water,50.0
17,ag_095_040,fallow,2022,2022-06-11,2022-06-14,364789.7923446728,0.25,1.3178347302300608e-13,0.0,0.0,0.0,1.0,1.1400000000000001,0.0,0.0,3.863183020764376,0.0,0.0,0.0,0.0,0.0,0.025271528392113843,0.0,0.0,3.863183020764376,0.0,0.0,515.816237026694,513.0677824775373,2.007283228522283e-13,unvalidated-engineering-priors,fixed independent scenario factor; no N cycle,,,,right_censored,BBCH89_full_ripeness,,,
17,ag_095_040,maize,2022,2022-06-15,2022-10-05,364789.7923446728,0.25,1.1528555887707626e-12,3.865352482534945e-12,0.0,0.0,0.03354275471250856,418.95,20.0,0.0,21.792690485968016,273.1099049181952,64.9586444728758,0.0,0.0,0.0,5.084382030968102,20.0,0.0,359.861239877039,8977.10892831129,17931.30528853475,513.0677824775373,587.0721605695294,8.669731599297847e-13,unvalidated-engineering-priors,fixed independent scenario factor; no N cycle,2022-08-11,2022-09-24,2022-09-24,physiological_maturity,R6_physiological_maturity,2022-06-16,seed_layer_available_water,50.0
17,ag_095_040,fallow,2022,2022-10-06,2022-10-11,364789.7923446728,0.25,9.525713551283843e-14,0.0,0.0,0.0,1.0,15.42,0.0,0.0,14.787462699999997,0.0,0.0,0.0,0.0,0.0,0.021060598006509043,0.0,0.0,14.787462699999997,0.0,0.0,587.0721605695294,587.6836372715228,8.504308368628699e-14,unvalidated-engineering-priors,fixed independent scenario factor; no N cycle,,,,right_censored,BBCH89_full_ripeness,,,
17,ag_095_040,wheat,2023,2022-10-12,2023-06-10,364789.7923446728,0.25,3.610445276081009e-13,3.069544618483633e-12,0.0,0.0,0.04267140235271844,321.73,75.0,0.0,286.61611575228295,200.1431138833924,38.334046973617816,0.0,0.0,0.0,2.4787801107674414,75.0,0.0,525.0932766092932,6523.85022723783,15189.744106604561,587.6836372715228,456.8415805514613,9.267586698058494e-13,unvalidated-engineering-priors,fixed independent scenario factor; no N cycle,2023-04-13,2023-05-24,2023-05-24,full_ripeness,BBCH89_full_ripeness,2022-10-12,seed_layer_available_water,50.0
17,ag_095_040,fallow,2023,2023-06-11,2023-06-14,364789.7923446728,0.25,1.2012613126444194e-13,0.0,0.0,0.0,1.0,5.48,0.0,0.0,9.000450990073112,0.0,0.0,0.0,0.0,0.0,0.001338101071706209,0.0,0.0,9.000450990073112,0.0,0.0,456.8415805514613,453.31979146031625,2.0627943797535409e-13,unvalidated-engineering-priors,fixed independent scenario factor; no N cycle,,,,right_censored,BBCH89_full_ripeness,,,
17,ag_095_040,maize,2023,2023-06-15,2023-10-05,364789.7923446728,0.25,9.179323967600794e-13,3.922195901395753e-12,0.0,0.0,0.03354275471250856,579.49,20.0,0.0,17.78285866524007,221.63493672491808,92.49456188395197,0.0,0.0,0.0,3.3898873182869185,20.0,0.0,331.91235727411015,8664.664587618383,17655.690855165558,453.31979146031625,717.5075468679171,2.1260215810059435e-12,unvalidated-engineering-priors,fixed independent scenario factor; no N cycle,2023-08-09,2023-09-20,2023-09-20,physiological_maturity,R6_physiological_maturity,2023-06-16,seed_layer_available_water,50.0
17,ag_095_040,fallow,2023,2023-10-06,2023-10-11,364789.7923446728,0.25,2.1760371282653068e-13,0.0,0.0,0.0,1.0,3.02,0.0,0.0,14.474356899999998,0.0,0.0,0.0,0.0,0.0,3.0683200279884613,0.0,0.0,14.474356899999998,0.0,0.0,717.5075468679171,702.9848699399288,-1.6076029396572267e-13,unvalidated-engineering-priors,fixed independent scenario factor; no N cycle,,,,right_censored,BBCH89_full_ripeness,,,
17,ag_095_040,wheat,2024,2023-10-12,2024-06-10,364789.7923446728,0.25,8.735234757750732e-13,4.661160346586257e-12,0.0,0.0,0.04267140235271844,280.51,75.0,0.0,247.0235175108755,248.74571382979164,52.943423433814544,0.0,0.0,0.0,43.57178653404078,75.0,0.0,548.7126547744817,9182.187453444376,20313.31897295125,702.9848699399288,466.2104286314085,-2.1891377599558837e-12,unvalidated-engineering-priors,fixed independent scenario factor; no N cycle,2024-04-15,2024-05-25,2024-05-25,full_ripeness,BBCH89_full_ripeness,2023-10-12,seed_layer_available_water,50.0
17,ag_095_040,fallow,2024,2024-06-11,2024-06-14,364789.7923446728,0.25,6.483702463810914e-14,0.0,0.0,0.0,1.0,0.32,0.0,0.0,2.208634622388113,0.0,0.0,0.0,0.0,0.0,0.008910741252156046,0.0,0.0,2.208634622388113,0.0,0.0,466.2104286314085,464.3128832677681,1.3483658634072526e-13,unvalidated-engineering-priors,fixed independent scenario factor; no N cycle,,,,right_censored,BBCH89_full_ripeness,,,
17,ag_095_040,maize,2024,2024-06-15,2024-10-05,364789.7923446728,0.25,1.0249578963339445e-12,2.4442670110147446e-12,0.0,0.0,0.03354275471250856,578.96,20.0,0.0,21.49194774001773,193.1502203384425,93.47483374879232,0.0,1.2987648656478346,0.0,130.83740186371688,20.0,0.0,308.1170018272525,7329.645917868909,14705.467727487743,464.3128832677681,623.0197147111465,4.273137399479765e-12,unvalidated-engineering-priors,fixed independent scenario factor; no N cycle,2024-08-09,2024-09-19,2024-09-19,physiological_maturity,R6_physiological_maturity,2024-06-16,seed_layer_available_water,50.0
17,ag_095_040,fallow,2024,2024-10-06,2024-10-11,364789.7923446728,0.25,1.7985612998927536e-13,0.0,0.0,0.0,1.0,2.82,0.0,0.0,15.434530590537964,0.0,0.0,0.0,0.0,0.0,0.4447170896334951,0.0,0.0,15.434530590537964,0.0,0.0,623.0197147111465,609.9604670309751,-2.0872192862952943e-14,unvalidated-engineering-priors,fixed independent scenario factor; no N cycle,,,,right_censored,BBCH89_full_ripeness,,,
17,ag_095_040,wheat,2025,2024-10-12,2025-06-10,364789.7923446728,0.25,3.077538224260934e-13,3.865352482534945e-12,0.0,0.0,0.04267140235271844,297.21,75.0,0.0,264.16121603066557,273.51937444944565,36.005657784128424,0.0,0.0,0.0,10.591924477749968,75.0,0.0,573.6862482642397,7671.957157250074,17909.464472994106,609.9604670309751,397.8922942889878,-2.282618538629322e-12,unvalidated-engineering-priors,fixed independent scenario factor; no N cycle,2025-04-11,2025-05-22,2025-05-22,full_ripeness,BBCH89_full_ripeness,2024-10-12,seed_layer_available_water,50.0
17,ag_095_040,fallow,2025,2025-06-11,2025-06-14,364789.7923446728,0.25,8.64863736182997e-14,0.0,0.0,0.0,1.0,10.139999999999999,0.0,0.0,5.200135481234292,0.0,0.0,0.0,0.0,0.0,0.0005970272097221985,0.0,0.0,5.200135481234292,0.0,0.0,397.8922942889878,402.8315617805437,4.6074255521943996e-14,unvalidated-engineering-priors,fixed independent scenario factor; no N cycle,,,,right_censored,BBCH89_full_ripeness,,,
17,ag_095_040,maize,2025,2025-06-15,2025-10-05,364789.7923446728,0.25,3.9612757518625585e-13,2.7853275241795927e-12,0.0,0.0,0.03354275471250856,637.58,20.0,0.0,19.395393217349408,147.40177972717376,106.8600173852222,0.0,0.0,0.0,10.24968210531415,20.0,0.0,273.6571903297454,6888.873769262234,15516.482183392793,402.8315617805437,776.5046893454826,1.6293633109398797e-12,unvalidated-engineering-priors,fixed independent scenario factor; no N cycle,2025-08-11,2025-09-24,2025-09-24,physiological_maturity,R6_physiological_maturity,2025-06-15,seed_layer_available_water,50.0
17,ag_095_040,fallow,1996,1996-01-01,1996-10-11,364789.7923446728,0.5,2.984279490192421e-13,0.0,0.0,0.0,1.0,974.85,0.0,0.0,707.9558673549423,0.0,0.0,0.0,1.2227744113754788,0.0,157.09980383085534,0.0,0.0,707.9558673549423,0.0,0.0,573.7456994339389,682.3172538367659,-9.54236689665322e-14,unvalidated-engineering-priors,fixed independent scenario factor; no N cycle,,,,right_censored,BBCH89_full_ripeness,,,
17,ag_095_040,wheat,1997,1996-10-12,1997-06-10,364789.7923446728,0.5,1.1177725411926076e-12,3.637978807091713e-12,0.0,0.0,0.04267140235271844,522.08,150.0,0.0,314.0453954063169,190.18548799896539,48.42348465724477,0.0,0.0,0.0,172.3799372566108,150.0,0.0,552.654368062527,7469.153881591873,17111.737867120963,682.3172538367659,629.3629485176292,-1.176614361497741e-12,unvalidated-engineering-priors,fixed independent scenario factor; no N cycle,1997-04-20,1997-05-29,1997-05-29,full_ripeness,BBCH89_full_ripeness,1996-10-12,seed_layer_available_water,50.0
17,ag_095_040,fallow,1997,1997-06-11,1997-06-14,364789.7923446728,0.5,7.860379014346108e-14,0.0,0.0,0.0,1.0,0.060000000000000005,0.0,0.0,11.242842574368717,0.0,0.0,0.0,0.0,0.0,0.8646909258508544,0.0,0.0,11.242842574368717,0.0,0.0,629.3629485176292,617.3154150174096,5.728750807065808e-14,unvalidated-engineering-priors,fixed independent scenario factor; no N cycle,,,,right_censored,BBCH89_full_ripeness,,,
17,ag_095_040,maize,1997,1997-06-15,1997-10-05,364789.7923446728,0.5,9.734435479913373e-13,4.916955731459893e-12,0.0,0.0,0.03354275471250856,370.71,40.0,0.0,18.89872520209788,269.2691596744207,71.45387518546947,0.0,8.892790926934783,0.0,98.9509278475297,40.0,0.0,359.621760061988,9956.256844314503,19027.97233838087,617.3154150174096,560.5599361809575,-4.4497738826976274e-13,unvalidated-engineering-priors,fixed independent scenario factor; no N cycle,1997-08-10,1997-09-24,1997-09-24,physiological_maturity,R6_physiological_maturity,1997-06-16,seed_layer_available_water,50.0
17,ag_095_040,fallow,1997,1997-10-06,1997-10-11,364789.7923446728,0.5,1.1324274851176597e-13,0.0,0.0,0.0,1.0,0.21,0.0,0.0,15.77542146293002,0.0,0.0,0.0,0.0,0.0,0.08802253912818071,0.0,0.0,15.77542146293002,0.0,0.0,560.5599361809575,544.9064921788995,-2.0472512574087887e-13,unvalidated-engineering-priors,fixed independent scenario factor; no N cycle,,,,right_censored,BBCH89_full_ripeness,,,
17,ag_095_040,wheat,1998,1997-10-12,1998-06-10,364789.7923446728,0.5,8.704148513061227e-13,2.7284841053187847e-12,0.0,0.0,0.04267140235271844,693.37,150.0,0.0,315.6423489356525,162.7495208615527,70.59442633588114,0.0,10.687371392525307,0.0,126.58022004567705,150.0,0.0,548.9862961330863,6793.925654061819,15982.942799788008,544.9064921788995,702.0226046076066,4.2458814242252174e-12,unvalidated-engineering-priors,fixed independent scenario factor; no N cycle,1998-04-21,1998-05-31,1998-05-31,full_ripeness,BBCH89_full_ripeness,1997-10-13,seed_layer_available_water,50.0
17,ag_095_040,fallow,1998,1998-06-11,1998-06-14,364789.7923446728,0.5,1.4921397450962104e-13,0.0,0.0,0.0,1.0,10.32,0.0,0.0,14.68957603788131,0.0,0.0,0.0,0.0,0.0,6.430669132435084,0.0,0.0,14.68957603788131,0.0,0.0,702.0226046076066,691.2223594372905,-3.0375701953744283e-13,unvalidated-engineering-priors,fixed independent scenario factor; no N cycle,,,,right_censored,BBCH89_full_ripeness,,,
17,ag_095_040,maize,1998,1998-06-15,1998-10-05,364789.7923446728,0.5,1.0746958878371515e-12,2.3874235921539366e-12,0.0,0.0,0.03354275471250856,723.7,40.0,0.0,19.563342409063633,193.84231530892154,98.56468793028007,0.0,43.257547088958006,0.0,451.35994127664094,40.0,0.0,311.97034564826527,8076.701199949428,15328.642088745433,691.2223594372905,648.3345254234275,-1.2028156248788946e-12,unvalidated-engineering-priors,fixed independent scenario factor; no N cycle,1998-08-08,1998-09-18,1998-09-18,physiological_maturity,R6_physiological_maturity,1998-06-15,seed_layer_available_water,50.0
17,ag_095_040,fallow,1998,1998-10-06,1998-10-11,364789.7923446728,0.5,2.5979218776228663e-13,0.0,0.0,0.0,1.0,0.9199999999999999,0.0,0.0,15.459695023070907,0.0,0.0,0.0,0.0,0.0,1.251399010349299,0.0,0.0,15.459695023070907,0.0,0.0,648.3345254234275,632.5434313900071,2.424727085781342e-13,unvalidated-engineering-priors,fixed independent scenario factor; no N cycle,,,,right_censored,BBCH89_full_ripeness,,,
17,ag_095_040,wheat,1999,1998-10-12,1999-06-10,364789.7923446728,0.5,1.169730978745065e-12,3.183231456205249e-12,0.0,0.0,0.04267140235271844,330.79,150.0,0.0,252.2573731675147,186.80281188621038,58.505028036904285,0.0,0.0,0.0,21.918588856674166,150.0,0.0,497.56521309062936,6925.205968636057,16213.937591103593,632.5434313900071,593.8496294427079,-4.279354648417666e-12,unvalidated-engineering-priors,fixed independent scenario factor; no N cycle,1999-04-15,1999-05-23,1999-05-23,full_ripeness,BBCH89_full_ripeness,1998-10-12,seed_layer_available_water,50.0
17,ag_095_040,fallow,1999,1999-06-11,1999-06-14,364789.7923446728,0.5,1.4832579608992091e-13,0.0,0.0,0.0,1.0,0.52,0.0,0.0,5.102178474544888,0.0,0.0,0.0,0.0,0.0,0.3452912623402997,0.0,0.0,5.102178474544888,0.0,0.0,593.8496294427079,588.9221597058228,-1.0103029524088925e-13,unvalidated-engineering-priors,fixed independent scenario factor; no N cycle,,,,right_censored,BBCH89_full_ripeness,,,
17,ag_095_040,maize,1999,1999-06-15,1999-10-05,364789.7923446728,0.5,8.961720254774264e-13,3.097966327914037e-12,0.0,0.0,0.03354275471250856,362.04,40.0,0.0,19.172241000856182,237.563191367716,73.59673949743576,0.0,0.0,0.0,38.37130779727164,40.0,0.0,330.33217186600797,8370.221560742533,16896.443028464586,588.9221597058228,622.2586800425432,-5.984102102729594e-14,unvalidated-engineering-priors,fixed independent scenario factor; no N cycle,1999-08-11,1999-09-24,1999-09-24,physiological_maturity,R6_physiological_maturity,1999-06-16,seed_layer_available_water,50.0
17,ag_095_040,fallow,1999,1999-10-06,1999-10-11,364789.7923446728,0.5,1.438849039914203e-13,0.0,0.0,0.0,1.0,9.92,0.0,0.0,13.283262900000002,0.0,0.0,0.0,0.0,0.0,0.08627978535687039,0.0,0.0,13.283262900000002,0.0,0.0,622.2586800425432,618.8091373571859,4.2787995369053533e-13,unvalidated-engineering-priors,fixed independent scenario factor; no N cycle,,,,right_censored,BBCH89_full_ripeness,,,
17,ag_095_040,wheat,2000,1999-10-12,2000-06-10,364789.7923446728,0.5,3.299582829185965e-13,4.064304448547773e-12,0.0,0.0,0.04267140235271844,425.87,150.0,0.0,287.88696110764874,270.3411919653187,46.59680662761494,0.0,0.23643305637492062,0.0,30.25956424838026,150.0,0.0,604.8249597005824,8900.68110200655,20130.21397164621,618.8091373571859,559.358180351851,-2.720379477239021e-12,unvalidated-engineering-priors,fixed independent scenario factor; no N cycle,2000-04-17,2000-05-25,2000-05-25,full_ripeness,BBCH89_full_ripeness,1999-10-12,seed_layer_available_water,50.0
17,ag_095_040,fallow,2000,2000-06-11,2000-06-14,364789.7923446728,0.5,6.927791673660977e-14,0.0,0.0,0.0,1.0,1.18,0.0,0.0,14.940056037132896,0.0,0.0,0.0,0.0,0.0,0.012316777115300045,0.0,0.0,14.940056037132896,0.0,0.0,559.358180351851,545.5858075376028,3.3306690738754696e-14,unvalidated-engineering-priors,fixed independent scenario factor; no N cycle,,,,right_censored,BBCH89_full_ripeness,,,
17,ag_095_040,maize,2000,2000-06-15,2000-10-05,364789.7923446728,0.5,1.184385922670117e-12,1.9326762412674725e-12,0.0,0.0,0.03354275471250856,815.64,40.0,0.0,22.195670750748654,117.96573835672402,85.92126598643884,0.0,3.844092532408327,0.0,398.55812937308235,40.0,0.0,226.0826750939115,6074.197253063933,11917.07544198741,545.5858075376028,772.7409105381968,3.862798969578307e-12,unvalidated-engineering-priors,fixed independent scenario factor; no N cycle,2000-08-09,2000-09-21,2000-09-21,physiological_maturity,R6_physiological_maturity,2000-06-16,seed_layer_available_water,50.0
17,ag_095_040,fallow,2000,2000-10-06,2000-10-11,364789.7923446728,0.5,1.780797731498751e-13,0.0,0.0,0.0,1.0,24.790000000000003,0.0,0.0,14.7318801,0.0,0.0,0.0,0.0,0.0,20.233133520175254,0.0,0.0,14.7318801,0.0,0.0,772.7409105381968,762.5658969180215,1.1102230246251565e-14,unvalidated-engineering-priors,fixed independent scenario factor; no N cycle,,,,right_censored,BBCH89_full_ripeness,,,
17,ag_095_040,wheat,2001,2000-10-12,2001-06-10,364789.7923446728,0.5,7.887024366937112e-13,3.964828465541359e-12,0.0,0.0,0.04267140235271844,375.02,150.0,0.0,307.9216410856925,203.1820671033035,44.951858623606086,0.0,0.0,0.0,176.14361786501345,150.0,0.0,556.0555668126021,7684.048318853557,17187.464521086564,762.5658969180215,555.3867122404044,1.511235581119763e-12,unvalidated-engineering-priors,fixed independent scenario factor; no N cycle,2001-04-17,2001-05-27,2001-05-27,full_ripeness,BBCH89_full_ripeness,2000-10-12,seed_layer_available_water,50.0
17,ag_095_040,fallow,2001,2001-06-11,2001-06-14,364789.7923446728,0.5,1.8030021919912542e-13,0.0,0.0,0.0,1.0,4.16,0.0,0.0,17.17678613875226,0.0,0.0,0.0,0.0,0.0,0.04494866790991667,0.0,0.0,17.17678613875226,0.0,0.0,555.3867122404044,542.3249774337422,5.3290705182007514e-14,unvalidated-engineering-priors,fixed independent scenario factor; no N cycle,,,,right_censored,BBCH89_full_ripeness,,,
17,ag_095_040,maize,2001,2001-06-15,2001-10-05,364789.7923446728,0.5,8.806289031326742e-13,5.6274984672199935e-12,0.0,0.0,0.03354275471250856,324.19,40.0,0.0,17.30780932865001,279.6217730729356,82.31993191280372,0.0,0.0,0.0,8.41173502907886,40.0,0.0,379.24951431438933,9987.292226986874,19691.00908378192,542.3249774337422,518.8537280902804,-6.337097513409162e-12,unvalidated-engineering-priors,fixed independent scenario factor; no N cycle,2001-08-09,2001-09-21,2001-09-21,physiological_maturity,R6_physiological_maturity,2001-06-15,seed_layer_available_water,50.0
17,ag_095_040,fallow,2001,2001-10-06,2001-10-11,364789.7923446728,0.5,6.94999613415348e-14,0.0,0.0,0.0,1.0,3.57,0.0,0.0,13.312641160162705,0.0,0.0,0.0,0.0,0.0,0.035911817801892884,0.0,0.0,13.312641160162705,0.0,0.0,518.8537280902804,509.07517511231583,-7.593925488436071e-14,unvalidated-engineering-priors,fixed independent scenario factor; no N cycle,,,,right_censored,BBCH89_full_ripeness,,,
17,ag_095_040,wheat,2002,2001-10-12,2002-06-10,364789.7923446728,0.5,9.103828801926284e-13,2.9558577807620168e-12,0.0,0.0,0.04267140235271844,498.05,150.0,0.0,256.8878968795024,176.30554636307085,73.45330483320078,0.0,0.0,0.0,5.057465028600144,150.0,0.0,506.64674807577404,7058.690538577842,17261.130856445412,509.07517511231583,645.4209620079445,-2.803479670632214e-12,unvalidated-engineering-priors,fixed independent scenario factor; no N cycle,2002-04-09,2002-05-23,2002-05-23,full_ripeness,BBCH89_full_ripeness,2001-10-13,seed_layer_available_water,50.0
17,ag_095_040,fallow,2002,2002-06-11,2002-06-14,364789.7923446728,0.5,9.50350909079134e-14,0.0,0.0,0.0,1.0,0.0,0.0,0.0,22.44698321955946,0.0,0.0,0.0,0.0,0.0,0.6810579615329827,0.0,0.0,22.44698321955946,0.0,0.0,645.4209620079445,622.2929208268519,1.6786572132332367e-13,unvalidated-engineering-priors,fixed independent scenario factor; no N cycle,,,,right_censored,BBCH89_full_ripeness,,,
17,ag_095_040,maize,2002,2002-06-15,2002-10-05,364789.7923446728,0.5,1.0684786388992507e-12,3.353761712787673e-12,0.0,0.0,0.03354275471250856,506.13,40.0,0.0,18.827348071151093,215.16942500857516,80.3012294992024,0.0,64.15795581661386,0.0,145.35872564964265,40.0,0.0,314.2980025789287,9016.485663821155,17004.390113182475,622.2929208268519,644.6082367816718,-5.186295837233956e-12,unvalidated-engineering-priors,fixed independent scenario factor; no N cycle,2002-08-11,2002-09-26,2002-09-26,physiological_maturity,R6_physiological_maturity,2002-06-16,seed_layer_available_water,50.0
17,ag_095_040,fallow,2002,2002-10-06,2002-10-11,364789.7923446728,0.5,5.906386491005833e-14,0.0,0.0,0.0,1.0,0.02,0.0,0.0,20.20360371745549,0.0,0.0,0.0,0.0,0.0,0.6325605137566749,0.0,0.0,20.20360371745549,0.0,0.0,644.6082367816718,623.7920725504597,-1.1102230246251565e-14,unvalidated-engineering-priors,fixed independent scenario factor; no N cycle,,,,right_censored,BBCH89_full_ripeness,,,
17,ag_095_040,wheat,2003,2002-10-12,2003-06-10,364789.7923446728,0.5,9.592326932761353e-13,2.2453150450019166e-12,0.0,0.0,0.04267140235271844,400.0,150.0,0.0,274.7072644840578,169.0012126730742,63.323495621348215,0.0,0.0,0.0,38.11396146935147,150.0,0.0,507.0319727784803,6835.903001002581,15804.27467936042,623.7920725504597,628.6461383026245,3.4093838863213932e-12,unvalidated-engineering-priors,fixed independent scenario factor; no N cycle,2003-04-23,2003-05-31,2003-05-31,full_ripeness,BBCH89_full_ripeness,2002-10-12,seed_layer_available_water,50.0
17,ag_095_040,fallow,2003,2003-06-11,2003-06-14,364789.7923446728,0.5,1.0969003483296547e-13,0.0,0.0,0.0,1.0,1.95,0.0,0.0,7.472573557700429,0.0,0.0,0.0,0.0,0.0,1.3862992886044851,0.0,0.0,7.472573557700429,0.0,0.0,628.6461383026245,621.7372654563196,2.4424906541753444e-15,unvalidated-engineering-priors,fixed independent scenario factor; no N cycle,,,,right_censored,BBCH89_full_ripeness,,,
17,ag_095_040,maize,2003,2003-06-15,2003-10-05,364789.7923446728,0.5,1.0889067425523535e-12,1.8758328224066645e-12,0.0,0.0,0.03354275471250856,950.01,40.0,0.0,19.622410155412414,105.39588275462442,92.02515915704964,0.0,34.2261364110238,0.0,589.1787154050746,40.0,0.0,217.0434520670865,6336.699263609976,11929.606138098861,621.7372654563196,771.2989615731374,-2.6567636979279996e-12,unvalidated-engineering-priors,fixed independent scenario factor; no N cycle,2003-08-13,2003-09-30,2003-09-30,physiological_maturity,R6_physiological_maturity,2003-06-16,seed_layer_available_water,50.0
17,ag_095_040,fallow,2003,2003-10-06,2003-10-11,364789.7923446728,0.5,1.247890679678676e-13,0.0,0.0,0.0,1.0,47.54,0.0,0.0,12.508080600000001,0.0,0.0,0.0,0.0,0.0,13.2915334828178,0.0,0.0,12.508080600000001,0.0,0.0,771.2989615731374,793.0393474903193,2.7489122089718876e-13,unvalidated-engineering-priors,fixed independent scenario factor; no N cycle,,,,right_censored,BBCH89_full_ripeness,,,
17,ag_095_040,wheat,2004,2003-10-12,2004-06-10,364789.7923446728,0.5,7.220890552162018e-13,3.751665644813329e-12,0.0,0.0,0.04267140235271844,312.71999999999997,150.0,0.0,314.20719440902417,240.77941770367124,50.670787236441384,0.0,0.0,0.0,134.52970496512202,150.0,0.0,605.6573993491369,8665.541498134513,19681.399815955217,793.0393474903193,515.5722431760589,1.5051293544843247e-12,unvalidated-engineering-priors,fixed independent scenario factor; no N cycle,2004-04-12,2004-05-20,2004-05-20,full_ripeness,BBCH89_full_ripeness,2003-10-12,seed_layer_available_water,50.0
17,ag_095_040,fallow,2004,2004-06-11,2004-06-14,364789.7923446728,0.5,6.616929226765933e-14,0.0,0.0,0.0,1.0,27.29,0.0,0.0,5.843482009396841,0.0,0.0,0.0,0.0,0.0,0.013979389641768853,0.0,0.0,5.843482009396841,0.0,0.0,515.5722431760589,537.0047817770204,-1.0436096431476471e-13,unvalidated-engineering-priors,fixed independent scenario factor; no N cycle,,,,right_censored,BBCH89_full_ripeness,,,
17,ag_095_040,maize,2004,2004-06-15,2004-10-05,364789.7923446728,0.5,1.0467182676165976e-12,3.353761712787673e-12,0.0,0.0,0.03354275471250856,597.41,40.0,0.0,16.648291031402323,198.95913164678927,107.58225969513269,0.0,12.000853302024774,0.0,148.01400299692753,40.0,0.0,323.1896823733243,9359.080195342627,17807.754593629244,537.0047817770204,691.210243104743,8.396061623727746e-13,unvalidated-engineering-priors,fixed independent scenario factor; no N cycle,2004-08-10,2004-09-26,2004-09-26,physiological_maturity,R6_physiological_maturity,2004-06-15,seed_layer_available_water,50.0
17,ag_095_040,fallow,2004,2004-10-06,2004-10-11,364789.7923446728,0.5,1.7497114868092467e-13,0.0,0.0,0.0,1.0,0.01,0.0,0.0,18.087044081498576,0.0,0.0,0.0,0.0,0.0,2.6589769599172595,0.0,0.0,18.087044081498576,0.0,0.0,691.210243104743,670.4742220633268,3.3084646133829665e-13,unvalidated-engineering-priors,fixed independent scenario factor; no N cycle,,,,right_censored,BBCH89_full_ripeness,,,
17,ag_095_040,wheat,2005,2004-10-12,2005-06-10,364789.7923446728,0.5,9.28590537796481e-13,3.922195901395753e-12,0.0,0.0,0.04267140235271844,302.31,150.0,0.0,224.44894399566778,243.9335173502992,71.49993869927357,0.0,0.0,0.0,35.283153393708766,150.0,0.0,539.8824000452406,8813.211281769896,20905.809803369375,670.4742220633268,547.6186686243775,-2.808864252301646e-14,unvalidated-engineering-priors,fixed independent scenario factor; no N cycle,2005-04-25,2005-06-02,2005-06-02,full_ripeness,BBCH89_full_ripeness,2004-10-12,seed_layer_available_water,50.0
17,ag_095_040,fallow,2005,2005-06-11,2005-06-14,364789.7923446728,0.5,1.5631940186722204e-13,0.0,0.0,0.0,1.0,0.0,0.0,0.0,17.16580295939406,0.0,0.0,0.0,0.0,0.0,0.020554230675665915,0.0,0.0,17.16580295939406,0.0,0.0,547.6186686243775,530.4323114343076,1.5720758028692217e-13,unvalidated-engineering-priors,fixed independent scenario factor; no N cycle,,,,right_censored,BBCH89_full_ripeness,,,
17,ag_095_040,maize,2005,2005-06-15,2005-10-05,364789.7923446728,0.5,9.592326932761353e-13,2.2737367544323206e-12,0.0,0.0,0.03354275471250856,986.16,40.0,0.0,19.101552787751455,140.12047758986694,112.65457968202544,0.0,160.1655600686091,0.0,345.30570820092544,40.0,0.0,271.87661005964384,7347.854583809221,14780.78557740177,530.4323114343076,779.2444331051261,3.1614710849225958e-12,unvalidated-engineering-priors,fixed independent scenario factor; no N cycle,2005-08-09,2005-09-25,2005-09-25,physiological_maturity,R6_physiological_maturity,2005-06-16,seed_layer_available_water,50.0
17,ag_095_040,fallow,2005,2005-10-06,2005-10-11,364789.7923446728,0.5,2.2026824808563106e-13,0.0,0.0,0.0,1.0,1.35,0.0,0.0,18.1049977,0.0,0.0,0.0,0.0,0.0,22.32618930878589,0.0,0.0,18.1049977,0.0,0.0,779.2444331051261,740.1632460963398,3.9968028886505635e-13,unvalidated-engineering-priors,fixed independent scenario factor; no N cycle,,,,right_censored,BBCH89_full_ripeness,,,
17,ag_095_040,wheat,2006,2005-10-12,2006-06-10,364789.7923446728,0.5,8.597567102697212e-13,4.170885858911788e-12,0.0,0.0,0.04267140235271844,266.48,150.0,0.0,241.71810737043066,254.1177578227562,58.34289648071985,0.0,0.0,0.0,76.92619630835473,150.0,0.0,554.1787616739067,9098.033131986813,21055.685479782493,740.1632460963398,525.5382881140804,-2.051803171809752e-12,unvalidated-engineering-priors,fixed independent scenario factor; no N cycle,2006-04-18,2006-05-27,2006-05-27,full_ripeness,BBCH89_full_ripeness,2005-10-12,seed_layer_available_water,50.0
17,ag_095_040,fallow,2006,2006-06-11,2006-06-14,364789.7923446728,0.5,1.6342482922482304e-13,0.0,0.0,0.0,1.0,12.34,0.0,0.0,7.646274476140686,0.0,0.0,0.0,0.0,0.0,0.02947492610473882,0.0,0.0,7.646274476140686,0.0,0.0,525.5382881140804,530.2025387118352,-2.83550960489265e-13,unvalidated-engineering-priors,fixed independent scenario factor; no N cycle,,,,right_censored,BBCH89_full_ripeness,,,
17,ag_095_040,maize,2006,2006-06-15,2006-10-05,364789.7923446728,0.5,1.0200729150255938e-12,2.2737367544323206e-12,0.0,0.0,0.03354275471250856,446.37,40.0,0.0,20.928208279645986,161.82236340779687,104.39960560416037,0.0,8.39867603268402,0.0,54.30836147666096,40.0,0.0,287.15017729160326,8030.4834191574255,15536.386275224611,530.2025387118352,666.7153239108893,-2.275291066666796e-12,unvalidated-engineering-priors,fixed independent scenario factor; no N cycle,2006-08-08,2006-09-22,2006-09-22,physiological_maturity,R6_physiological_maturity,2006-06-15,seed_layer_available_water,50.0
17,ag_095_040,fallow,2006,2006-10-06,2006-10-11,364789.7923446728,0.5,1.283417816466681e-13,0.0,0.0,0.0,1.0,0.3,0.0,0.0,18.556582955793033,0.0,0.0,0.0,0.0,0.0,1.2132829796547908,0.0,0.0,18.556582955793033,0.0,0.0,666.7153239108893,647.2454579754415,1.9095836023552692e-14,unvalidated-engineering-priors,fixed independent scenario factor; no N cycle,,,,right_censored,BBCH89_full_ripeness,,,
17,ag_095_040,wheat,2007,2006-10-12,2007-06-10,364789.7923446728,0.5,8.668621376273222e-13,3.524291969370097e-12,0.0,0.0,0.04267140235271844,299.38,150.0,0.0,270.0302141839544,242.8924363812697,56.71206289021815,0.0,0.0,0.0,23.357138949979525,150.0,0.0,569.6347134554422,9131.015469543092,20641.227540688466,647.2454579754415,503.6336055700228,-3.0814795159983532e-12,unvalidated-engineering-priors,fixed independent scenario factor; no N cycle,2007-04-15,2007-05-24,2007-05-24,full_ripeness,BBCH89_full_ripeness,2006-10-12,seed_layer_available_water,50.0
17,ag_095_040,fallow,2007,2007-06-11,2007-06-14,364789.7923446728,0.5,8.326672684688674e-14,0.0,0.0,0.0,1.0,0.01,0.0,0.0,3.6019625869544742,0.0,0.0,0.0,0.0,0.0,0.014096566033660387,0.0,0.0,3.6019625869544742,0.0,0.0,503.6336055700228,500.0275464170348,-1.3888890038060708e-13,unvalidated-engineering-priors,fixed independent scenario factor; no N cycle,,,,right_censored,BBCH89_full_ripeness,,,
17,ag_095_040,maize,2007,2007-06-15,2007-10-05,364789.7923446728,0.5,1.3304912727107876e-12,3.097966327914037e-12,0.0,0.0,0.03354275471250856,798.05,40.0,0.0,19.424338817579958,154.18604002815337,93.16877413938539,0.0,67.88007743995878,0.0,319.6805018696654,40.0,0.0,266.77915298511874,7480.814402521582,14549.330696473724,500.0275464170348,683.7378141222924,-5.466738173254271e-13,unvalidated-engineering-priors,fixed independent scenario factor; no N cycle,2007-08-12,2007-09-25,2007-09-25,physiological_maturity,R6_physiological_maturity,2007-06-16,seed_layer_available_water,50.0
17,ag_095_040,fallow,2007,2007-10-06,2007-10-11,364789.7923446728,0.5,2.8421709430404007e-13,0.0,0.0,0.0,1.0,1.3,0.0,0.0,19.26624725162352,0.0,0.0,0.0,0.0,0.0,2.3368063741303007,0.0,0.0,19.26624725162352,0.0,0.0,683.7378141222924,663.4347604965386,6.661338147750939e-16,unvalidated-engineering-priors,fixed independent scenario factor; no N cycle,,,,right_censored,BBCH89_full_ripeness,,,
17,ag_095_040,wheat,2008,2007-10-12,2008-06-10,364789.7923446728,0.5,9.743317264110374e-13,5.9117155615240335e-12,0.0,0.0,0.04267140235271844,360.51,150.0,0.0,247.59629420573552,261.8995914097877,53.60121212697462,0.0,0.0,0.0,36.80221425316984,150.0,0.0,563.0970977424979,9947.964666934806,22131.987009333865,663.4347604965386,574.0454485008707,1.4566126083082054e-13,unvalidated-engineering-priors,fixed independent scenario factor; no N cycle,2008-04-18,2008-05-28,2008-05-28,full_ripeness,BBCH89_full_ripeness,2007-10-12,seed_layer_available_water,50.0
17,ag_095_040,fallow,2008,2008-06-11,2008-06-14,364789.7923446728,0.5,1.900701818158268e-13,0.0,0.0,0.0,1.0,1.3900000000000001,0.0,0.0,5.411809363642938,0.0,0.0,0.0,0.0,0.0,0.17196718875244932,0.0,0.0,5.411809363642938,0.0,0.0,574.0454485008707,569.8516719484752,1.6087131626818518e-13,unvalidated-engineering-priors,fixed independent scenario factor; no N cycle,,,,right_censored,BBCH89_full_ripeness,,,
17,ag_095_040,maize,2008,2008-06-15,2008-10-05,364789.7923446728,0.5,1.0116352200384426e-12,1.8189894035458565e-12,0.0,0.0,0.03354275471250856,643.0600000000001,40.0,0.0,18.01747132439051,163.5491582572868,87.61943640616673,0.0,11.132068003564644,0.0,252.96056587154877,40.0,0.0,269.186065987844,8127.286487713843,15132.283136677308,569.8516719484752,719.6329720855125,5.264011448957717e-12,unvalidated-engineering-priors,fixed independent scenario factor; no N cycle,2008-08-10,2008-09-23,2008-09-23,physiological_maturity,R6_physiological_maturity,2008-06-16,seed_layer_available_water,50.0
17,ag_095_040,fallow,2008,2008-10-06,2008-10-11,364789.7923446728,0.5,2.1582735598713043e-13,0.0,0.0,0.0,1.0,0.060000000000000005,0.0,0.0,14.6328244,0.0,0.0,0.0,0.0,0.0,5.9261163263591845,0.0,0.0,14.6328244,0.0,0.0,719.6329720855125,699.1340313591533,6.572520305780927e-14,unvalidated-engineering-priors,fixed independent scenario factor; no N cycle,,,,right_censored,BBCH89_full_ripeness,,,
17,ag_095_040,wheat,2009,2008-10-12,2009-06-10,364789.7923446728,0.5,7.100986465502501e-13,2.7284841053187847e-12,0.0,0.0,0.04267140235271844,315.18,150.0,0.0,280.86157238593563,223.42917941730784,52.40483532760953,0.0,0.0,0.0,52.07172874734492,150.0,0.0,556.6955871308529,7977.865083877658,18407.94560225841,699.1340313591533,555.546715480951,4.375444451198973e-12,unvalidated-engineering-priors,fixed independent scenario factor; no N cycle,2009-04-15,2009-05-24,2009-05-24,full_ripeness,BBCH89_full_ripeness,2008-10-12,seed_layer_available_water,50.0
17,ag_095_040,fallow,2009,2009-06-11,2009-06-14,364789.7923446728,0.5,2.5845992013273644e-13,0.0,0.0,0.0,1.0,1.01,0.0,0.0,9.668901844102503,0.0,0.0,0.0,0.0,0.0,0.04056215273487084,0.0,0.0,9.668901844102503,0.0,0.0,555.546715480951,546.847251484114,-4.4875214655348827e-13,unvalidated-engineering-priors,fixed independent scenario factor; no N cycle,,,,right_censored,BBCH89_full_ripeness,,,
17,ag_095_040,maize,2009,2009-06-15,2009-10-05,364789.7923446728,0.5,1.1288747714388592e-12,5.002220859751105e-12,0.0,0.0,0.03354275471250856,402.06,40.0,0.0,17.677886717030297,204.3621676301864,94.22188894567086,0.0,0.0,0.0,9.497286101910936,40.0,0.0,316.26194329288757,8445.077291630367,16894.80943278339,546.847251484114,663.148022089316,-4.2577052994374753e-13,unvalidated-engineering-priors,fixed independent scenario factor; no N cycle,2009-08-10,2009-09-26,2009-09-26,physiological_maturity,R6_physiological_maturity,2009-06-16,seed_layer_available_water,50.0
17,ag_095_040,fallow,2009,2009-10-06,2009-10-11,364789.7923446728,0.5,2.220446049250313e-13,0.0,0.0,0.0,1.0,2.82,0.0,0.0,15.738679999999997,0.0,0.0,0.0,0.0,0.0,0.9939767715710578,0.0,0.0,15.738679999999997,0.0,0.0,663.148022089316,649.2353653177445,4.503064587879635e-13,unvalidated-engineering-priors,fixed independent scenario factor; no N cycle,,,,right_censored,BBCH89_full_ripeness,,,
17,ag_095_040,wheat,2010,2009-10-12,2010-06-10,364789.7923446728,0.5,9.441336601412331e-13,4.973799150320701e-12,0.0,0.0,0.04267140235271844,403.63,150.0,0.0,269.9350557614109,219.43610181254985,66.18433824459058,0.0,0.0,0.0,27.486367402758162,150.0,0.0,555.5554958185513,8240.835378179,19395.830732007496,649.2353653177445,619.8235020964344,6.31050767196939e-13,unvalidated-engineering-priors,fixed independent scenario factor; no N cycle,2010-04-28,2010-06-05,2010-06-05,full_ripeness,BBCH89_full_ripeness,2009-10-12,seed_layer_available_water,50.0
17,ag_095_040,fallow,2010,2010-06-11,2010-06-14,364789.7923446728,0.5,1.509903313490213e-13,0.0,0.0,0.0,1.0,0.0,0.0,0.0,19.277840883668016,0.0,0.0,0.0,0.0,0.0,0.17649751697470623,0.0,0.0,19.277840883668016,0.0,0.0,619.8235020964344,600.3691636957914,2.7355895326763857e-13,unvalidated-engineering-priors,fixed independent scenario factor; no N cycle,,,,right_censored,BBCH89_full_ripeness,,,
17,ag_095_040,maize,2010,2010-06-15,2010-10-05,364789.7923446728,0.5,1.2283507544452732e-12,2.8705926524708048e-12,0.0,0.0,0.03354275471250856,426.58,40.0,0.0,18.123415442612842,201.41763525137196,93.72687646696961,0.0,0.0,0.0,56.90721202916453,40.0,0.0,313.2679271609544,7729.240673660503,15836.542899440086,600.3691636957914,696.7740245056698,2.6336710590157963e-12,unvalidated-engineering-priors,fixed independent scenario factor; no N cycle,2010-08-08,2010-09-20,2010-09-20,physiological_maturity,R6_physiological_maturity,2010-06-15,seed_layer_available_water,50.0
17,ag_095_040,fallow,2010,2010-10-06,2010-10-11,364789.7923446728,0.5,1.2256862191861728e-13,0.0,0.0,0.0,1.0,0.39,0.0,0.0,21.02678172340092,0.0,0.0,0.0,0.0,0.0,3.2647395762136386,0.0,0.0,21.02678172340092,0.0,0.0,696.7740245056698,672.8725032060552,5.595524044110789e-14,unvalidated-engineering-priors,fixed independent scenario factor; no N cycle,,,,right_censored,BBCH89_full_ripeness,,,
17,ag_095_040,wheat,2011,2010-10-12,2011-06-10,364789.7923446728,0.5,3.5083047578154947e-13,4.298783551348606e-12,0.0,0.0,0.04267140235271844,140.95,150.0,0.0,190.41414037641422,289.62289884958807,31.17561471531437,0.0,0.0,0.0,33.72959566662884,150.0,0.0,511.21265394131666,8143.799524285428,19106.284298781215,672.8725032060552,418.8802535981113,-1.6471268793338822e-12,unvalidated-engineering-priors,fixed independent scenario factor; no N cycle,2011-04-19,2011-05-29,2011-05-29,full_ripeness,BBCH89_full_ripeness,2010-10-12,seed_layer_available_water,50.0
17,ag_095_040,fallow,2011,2011-06-11,2011-06-14,364789.7923446728,0.5,3.963496197911809e-14,0.0,0.0,0.0,1.0,5.13,0.0,0.0,2.7888938090805624,0.0,0.0,0.0,0.0,0.0,0.0011059596935624548,0.0,0.0,2.7888938090805624,0.0,0.0,418.8802535981113,421.2202538293372,2.9976021664879227e-15,unvalidated-engineering-priors,fixed independent scenario factor; no N cycle,,,,right_censored,BBCH89_full_ripeness,,,
17,ag_095_040,maize,2011,2011-06-15,2011-10-05,364789.7923446728,0.5,1.1857181902996672e-12,3.808509063674137e-12,0.0,0.0,0.03354275471250856,424.71,40.0,0.0,18.62592151331874,176.84477331257608,95.18056534225323,0.0,0.0,0.0,0.3425689869409089,40.0,0.0,290.65126016814804,7979.289655341956,15806.708586426626,421.2202538293372,594.936424674249,-7.51620987671231e-13,unvalidated-engineering-priors,fixed independent scenario factor; no N cycle,2011-08-11,2011-09-29,2011-09-29,physiological_maturity,R6_physiological_maturity,2011-06-16,seed_layer_available_water,50.0
17,ag_095_040,fallow,2011,2011-10-06,2011-10-11,364789.7923446728,0.5,1.021405182655144e-13,0.0,0.0,0.0,1.0,4.08,0.0,0.0,20.309736622029945,0.0,0.0,0.0,0.0,0.0,0.06568310996573559,0.0,0.0,20.309736622029945,0.0,0.0,594.936424674249,578.6410049422532,1.3944401189291966e-13,unvalidated-engineering-priors,fixed independent scenario factor; no N cycle,,,,right_censored,BBCH89_full_ripeness,,,
17,ag_095_040,wheat,2012,2011-10-12,2012-06-10,364789.7923446728,0.5,6.985523270941485e-13,3.623767952376511e-12,0.0,0.0,0.04267140235271844,245.16,150.0,0.0,252.68155905402114,226.1716073574888,31.00903157420257,0.0,0.0,0.0,7.034564325330347,150.0,0.0,509.8621979857125,7774.279326423834,17568.96129224862,578.6410049422532,456.9042426312097,6.484812686835539e-13,unvalidated-engineering-priors,fixed independent scenario factor; no N cycle,2012-04-23,2012-05-29,2012-05-29,full_ripeness,BBCH89_full_ripeness,2011-10-12,seed_layer_available_water,50.0
17,ag_095_040,fallow,2012,2012-06-11,2012-06-14,364789.7923446728,0.5,1.0691447727140257e-13,0.0,0.0,0.0,1.0,0.08,0.0,0.0,2.8766428011524505,0.0,0.0,0.0,0.0,0.0,0.003537496653387856,0.0,0.0,2.8766428011524505,0.0,0.0,456.9042426312097,454.10406233340376,8.465450562766819e-14,unvalidated-engineering-priors,fixed independent scenario factor; no N cycle,,,,right_censored,BBCH89_full_ripeness,,,
17,ag_095_040,maize,2012,2012-06-15,2012-10-05,364789.7923446728,0.5,1.2359002710127243e-12,2.3590018827235326e-12,0.0,0.0,0.03354275471250856,441.63,40.0,0.0,22.515050616501387,229.57930769333115,56.614396242835824,0.0,0.9615735611986267,0.0,2.6719320988779387,40.0,0.0,308.7087545526684,8179.536841107908,15349.548114501029,454.10406233340376,623.3918021206612,-2.3386848013728923e-12,unvalidated-engineering-priors,fixed independent scenario factor; no N cycle,2012-08-10,2012-09-23,2012-09-23,physiological_maturity,R6_physiological_maturity,2012-06-16,seed_layer_available_water,50.0
17,ag_095_040,fallow,2012,2012-10-06,2012-10-11,364789.7923446728,0.5,1.7674750552032492e-13,0.0,0.0,0.0,1.0,0.0,0.0,0.0,18.524055413799825,0.0,0.0,0.0,0.0,0.0,0.4071863024167542,0.0,0.0,18.524055413799825,0.0,0.0,623.3918021206612,604.4605604044444,1.5232259897857148e-13,unvalidated-engineering-priors,fixed independent scenario factor; no N cycle,,,,right_censored,BBCH89_full_ripeness,,,
17,ag_095_040,wheat,2013,2012-10-12,2013-06-10,364789.7923446728,0.5,3.4861002973229915e-13,3.836930773104541e-12,0.0,0.0,0.04267140235271844,275.68,150.0,0.0,264.0109402551597,224.5381213124768,42.92424932631816,0.0,0.0,0.0,10.535682477226732,150.0,0.0,531.4733108939547,7032.532717175161,16230.637552015894,604.4605604044444,488.13156703326274,2.8493873927004643e-13,unvalidated-engineering-priors,fixed independent scenario factor; no N cycle,2013-04-21,2013-05-30,2013-05-30,full_ripeness,BBCH89_full_ripeness,2012-10-12,seed_layer_available_water,50.0
17,ag_095_040,fallow,2013,2013-06-11,2013-06-14,364789.7923446728,0.5,1.0613732115416497e-13,0.0,0.0,0.0,1.0,0.0,0.0,0.0,6.7452303055636955,0.0,0.0,0.0,0.0,0.0,0.0024636323994917785,0.0,0.0,6.7452303055636955,0.0,0.0,488.13156703326274,481.38387309529946,8.992806499463768e-14,unvalidated-engineering-priors,fixed independent scenario factor; no N cycle,,,,right_censored,BBCH89_full_ripeness,,,
17,ag_095_040,maize,2013,2013-06-15,2013-10-05,364789.7923446728,0.5,6.483702463810914e-13,4.320099833421409e-12,0.0,0.0,0.03354275471250856,361.33,40.0,0.0,20.95585921268792,271.31830273204827,69.78981611220425,0.0,0.0,0.0,0.2789037104791393,40.0,0.0,362.0639780569404,8579.006853498995,18217.76899386287,481.38387309529946,520.3709913278801,-2.458588888032409e-13,unvalidated-engineering-priors,fixed independent scenario factor; no N cycle,2013-08-10,2013-09-23,2013-09-23,physiological_maturity,R6_physiological_maturity,2013-06-16,seed_layer_available_water,50.0
17,ag_095_040,fallow,2013,2013-10-06,2013-10-11,364789.7923446728,0.5,9.636735853746359e-14,0.0,0.0,0.0,1.0,0.0,0.0,0.0,20.582625756443583,0.0,0.0,0.0,0.0,0.0,0.002231478568895267,0.0,0.0,20.582625756443583,0.0,0.0,520.3709913278801,499.7861340928677,-7.194245199571014e-14,unvalidated-engineering-priors,fixed independent scenario factor; no N cycle,,,,right_censored,BBCH89_full_ripeness,,,
17,ag_095_040,wheat,2014,2013-10-12,2014-06-10,364789.7923446728,0.5,1.8784973576657649e-13,2.5579538487363607e-12,0.0,0.0,0.04267140235271844,250.23,150.0,0.0,275.9966562372503,150.17894284289113,37.62024655260691,0.0,0.0,0.0,0.19349735919114716,150.0,0.0,463.79584563274835,5147.318254211397,11985.38595968163,499.7861340928677,436.0267911009279,3.2385205628315816e-13,unvalidated-engineering-priors,fixed independent scenario factor; no N cycle,2014-04-12,2014-05-22,2014-05-22,full_ripeness,BBCH89_full_ripeness,2013-10-13,seed_layer_available_water,50.0
17,ag_095_040,fallow,2014,2014-06-11,2014-06-14,364789.7923446728,0.5,5.184741524999481e-14,0.0,0.0,0.0,1.0,3.5100000000000002,0.0,0.0,2.7614405399633197,0.0,0.0,0.0,0.0,0.0,0.0006036020995256223,0.0,0.0,2.7614405399633197,0.0,0.0,436.0267911009279,436.774746958865,1.1879386363489175e-14,unvalidated-engineering-priors,fixed independent scenario factor; no N cycle,,,,right_censored,BBCH89_full_ripeness,,,
17,ag_095_040,maize,2014,2014-06-15,2014-10-05,364789.7923446728,0.5,7.898126597183364e-13,3.637978807091713e-12,0.0,0.0,0.03354275471250856,413.08,40.0,0.0,17.988462835502407,153.0722100364991,85.70567525733597,0.0,0.0,0.0,0.13680125440194937,40.0,0.0,256.7663481293375,6932.769853901754,15255.390625650674,436.774746958865,632.951597575124,1.6520396162178486e-12,unvalidated-engineering-priors,fixed independent scenario factor; no N cycle,2014-08-12,2014-09-28,2014-09-28,physiological_maturity,R6_physiological_maturity,2014-06-16,seed_layer_available_water,50.0
17,ag_095_040,fallow,2014,2014-10-06,2014-10-11,364789.7923446728,0.5,2.078337502098293e-13,0.0,0.0,0.0,1.0,0.0,0.0,0.0,19.7677094031222,0.0,0.0,0.0,0.0,0.0,0.16353695020693962,0.0,0.0,19.7677094031222,0.0,0.0,632.951597575124,613.0203512217945,3.299582829185965e-13,unvalidated-engineering-priors,fixed independent scenario factor; no N cycle,,,,right_censored,BBCH89_full_ripeness,,,
17,ag_095_040,wheat,2015,2014-10-12,2015-06-10,364789.7923446728,0.5,9.614531393253856e-13,4.405364961712621e-12,0.0,0.0,0.04267140235271844,392.52,150.0,0.0,298.47182356016094,194.4744175889876,58.55345968152769,0.0,0.0,0.0,24.685740968505208,150.0,0.0,551.4997008306763,7810.6747285802485,17701.660088033932,613.0203512217945,579.3549094226142,-1.1547429679126253e-12,unvalidated-engineering-priors,fixed independent scenario factor; no N cycle,2015-04-18,2015-05-25,2015-05-25,full_ripeness,BBCH89_full_ripeness,2014-10-12,seed_layer_available_water,50.0
17,ag_095_040,fallow,2015,2015-06-11,2015-06-14,364789.7923446728,0.5,7.260858581048524e-14,0.0,0.0,0.0,1.0,0.0,0.0,0.0,5.869764665415776,0.0,0.0,0.0,0.0,0.0,0.23149090677563605,0.0,0.0,5.869764665415776,0.0,0.0,579.3549094226142,573.2536538504228,5.10702591327572e-14,unvalidated-engineering-priors,fixed independent scenario factor; no N cycle,,,,right_censored,BBCH89_full_ripeness,,,
17,ag_095_040,maize,2015,2015-06-15,2015-10-05,364789.7923446728,0.5,1.0755840662568517e-12,3.581135388230905e-12,0.0,0.0,0.03354275471250856,438.47,40.0,0.0,18.74687346032758,207.53150832238327,68.05213607739184,0.0,0.0,0.0,131.1819206229685,40.0,0.0,294.3305178601027,8781.50349081071,16461.043073993555,573.2536538504228,626.2112153673534,-1.7974510768681284e-12,unvalidated-engineering-priors,fixed independent scenario factor; no N cycle,2015-08-12,2015-09-26,2015-09-26,physiological_maturity,R6_physiological_maturity,2015-06-16,seed_layer_available_water,50.0
17,ag_095_040,fallow,2015,2015-10-06,2015-10-11,364789.7923446728,0.5,2.922107000813412e-13,0.0,0.0,0.0,1.0,4.79,0.0,0.0,17.878480539176778,0.0,0.0,0.0,0.0,0.0,0.3859122872493431,0.0,0.0,17.878480539176778,0.0,0.0,626.2112153673534,612.7368225409273,-3.907985046680551e-14,unvalidated-engineering-priors,fixed independent scenario factor; no N cycle,,,,right_censored,BBCH89_full_ripeness,,,
17,ag_095_040,wheat,2016,2015-10-12,2016-06-10,364789.7923446728,0.5,9.019451852054772e-13,3.495870259939693e-12,0.0,0.0,0.04267140235271844,433.62,150.0,0.0,345.8556740406876,189.20048867464638,49.34224853086955,0.0,0.0,0.0,17.971783485824243,150.0,0.0,584.3984112462035,7110.882304843756,16499.599138848396,612.7368225409273,593.9866278088962,3.348210597664547e-12,unvalidated-engineering-priors,fixed independent scenario factor; no N cycle,2016-04-14,2016-05-22,2016-05-22,full_ripeness,BBCH89_full_ripeness,2015-10-12,seed_layer_available_water,50.0
17,ag_095_040,fallow,2016,2016-06-11,2016-06-14,364789.7923446728,0.5,1.9984014443252818e-13,0.0,0.0,0.0,1.0,2.04,0.0,0.0,17.24154823497626,0.0,0.0,0.0,0.0,0.0,0.03931369701880929,0.0,0.0,17.24154823497626,0.0,0.0,593.9866278088962,578.7457658769009,1.8562928971732617e-13,unvalidated-engineering-priors,fixed independent scenario factor; no N cycle,,,,right_censored,BBCH89_full_ripeness,,,
17,ag_095_040,maize,2016,2016-06-15,2016-10-05,364789.7923446728,0.5,8.952838470577262e-13,4.433786671143025e-12,0.0,0.0,0.03354275471250856,432.84000000000003,40.0,0.0,18.19796335709609,245.21503223235152,73.4467768689098,0.0,32.01836233172201,0.0,66.18358580455974,40.0,0.0,336.8597724583574,9338.400751049801,17721.025103039523,578.7457658769009,616.5240452822632,-1.3732348591588561e-12,unvalidated-engineering-priors,fixed independent scenario factor; no N cycle,2016-08-09,2016-09-19,2016-09-19,physiological_maturity,R6_physiological_maturity,2016-06-15,seed_layer_available_water,50.0
17,ag_095_040,fallow,2016,2016-10-06,2016-10-11,364789.7923446728,0.5,1.4432899320127035e-13,0.0,0.0,0.0,1.0,0.49,0.0,0.0,15.588812099999998,0.0,0.0,0.0,0.0,0.0,0.22278087650663253,0.0,0.0,15.588812099999998,0.0,0.0,616.5240452822632,601.2024523057567,-1.2168044349891716e-13,unvalidated-engineering-priors,fixed independent scenario factor; no N cycle,,,,right_censored,BBCH89_full_ripeness,,,
17,ag_095_040,wheat,2017,2016-10-12,2017-06-10,364789.7923446728,0.5,7.935874180020619e-13,2.8137492336099967e-12,0.0,0.0,0.04267140235271844,494.05,150.0,0.0,334.3885469290691,180.7930830790798,43.02102919998494,0.0,0.0,0.0,54.97756577513037,150.0,0.0,558.2026592081338,6841.878510347373,15510.587629864442,601.2024523057567,632.0722273224907,1.762479051592436e-12,unvalidated-engineering-priors,fixed independent scenario factor; no N cycle,2017-04-14,2017-05-23,2017-05-23,full_ripeness,BBCH89_full_ripeness,2016-10-12,seed_layer_available_water,50.0
17,ag_095_040,fallow,2017,2017-06-11,2017-06-14,364789.7923446728,0.5,1.5543122344752192e-13,0.0,0.0,0.0,1.0,0.87,0.0,0.0,18.736082499999995,0.0,0.0,0.0,0.0,0.0,0.07307662593489439,0.0,0.0,18.736082499999995,0.0,0.0,632.0722273224907,614.1330681965558,1.687538997430238e-14,unvalidated-engineering-priors,fixed independent scenario factor; no N cycle,,,,right_censored,BBCH89_full_ripeness,,,
17,ag_095_040,maize,2017,2017-06-15,2017-10-05,364789.7923446728,0.5,9.841016890277388e-13,4.320099833421409e-12,0.0,0.0,0.03354275471250856,565.49,40.0,0.0,16.192323281666553,218.94738400191025,86.531234424374,0.0,0.0,0.0,94.9508937843061,40.0,0.0,321.6709417079508,8414.715303520752,17436.59674880273,614.1330681965558,803.0012327043005,-1.6476264796949636e-12,unvalidated-engineering-priors,fixed independent scenario factor; no N cycle,2017-08-08,2017-09-21,2017-09-21,physiological_maturity,R6_physiological_maturity,2017-06-15,seed_layer_available_water,50.0
17,ag_095_040,fallow,2017,2017-10-06,2017-10-11,364789.7923446728,0.5,8.348877145181177e-14,0.0,0.0,0.0,1.0,37.93,0.0,0.0,10.417841499999998,0.0,0.0,0.0,0.0,0.0,35.72580523821709,0.0,0.0,10.417841499999998,0.0,0.0,803.0012327043005,794.7875859660834,1.5987211554602254e-14,unvalidated-engineering-priors,fixed independent scenario factor; no N cycle,,,,right_censored,BBCH89_full_ripeness,,,
17,ag_095_040,wheat,2018,2017-10-12,2018-06-10,364789.7923446728,0.5,8.93951579428176e-13,3.979039320256561e-12,0.0,0.0,0.04267140235271844,338.77,150.0,0.0,269.54004310110156,236.72173115993758,59.02574083170048,0.0,0.0,0.0,159.4101451229671,150.0,0.0,565.2875150927396,8248.828949085766,19406.64067966344,794.7875859660834,558.8599257503761,6.178391132038996e-13,unvalidated-engineering-priors,fixed independent scenario factor; no N cycle,2018-04-15,2018-05-24,2018-05-24,full_ripeness,BBCH89_full_ripeness,2017-10-12,seed_layer_available_water,50.0
17,ag_095_040,fallow,2018,2018-06-11,2018-06-14,364789.7923446728,0.5,1.7608137170554983e-13,0.0,0.0,0.0,1.0,0.0,0.0,0.0,5.975253756986997,0.0,0.0,0.0,0.0,0.0,0.06640654733800302,0.0,0.0,5.975253756986997,0.0,0.0,558.8599257503761,552.8182654460511,-2.19824158875781e-14,unvalidated-engineering-priors,fixed independent scenario factor; no N cycle,,,,right_censored,BBCH89_full_ripeness,,,
17,ag_095_040,maize,2018,2018-06-15,2018-10-05,364789.7923446728,0.5,1.3025136524902337e-12,4.376943252282217e-12,0.0,0.0,0.03354275471250856,488.58,40.0,0.0,18.77789175853054,245.42882621078311,64.91482168071708,0.0,31.40962808120691,0.0,75.62259682211463,40.0,0.0,329.12153965003074,7735.614399439389,16122.237700425747,552.8182654460511,645.2445008926946,4.166500477964519e-12,unvalidated-engineering-priors,fixed independent scenario factor; no N cycle,2018-08-09,2018-09-21,2018-09-21,physiological_maturity,R6_physiological_maturity,2018-06-16,seed_layer_available_water,50.0
17,ag_095_040,fallow,2018,2018-10-06,2018-10-11,364789.7923446728,0.5,1.3677947663381929e-13,0.0,0.0,0.0,1.0,0.04,0.0,0.0,18.692776358105377,0.0,0.0,0.0,0.0,0.0,0.9123623160066987,0.0,0.0,18.692776358105377,0.0,0.0,645.2445008926946,625.6793622185829,-3.517186542012496e-13,unvalidated-engineering-priors,fixed independent scenario factor; no N cycle,,,,right_censored,BBCH89_full_ripeness,,,
17,ag_095_040,wheat,2019,2018-10-12,2019-06-10,364789.7923446728,0.5,6.004086117172847e-13,3.723243935382925e-12,0.0,0.0,0.04267140235271844,251.12,150.0,0.0,255.09461555213485,235.39954739458992,46.21772048968055,0.0,0.0,0.0,18.14260691021689,150.0,0.0,536.7118834364053,8480.325965954935,19366.752044055414,625.6793622185829,471.94487187195966,1.0646483694642939e-12,unvalidated-engineering-priors,fixed independent scenario factor; no N cycle,2019-04-17,2019-05-28,2019-05-28,full_ripeness,BBCH89_full_ripeness,2018-10-12,seed_layer_available_water,50.0
17,ag_095_040,fallow,2019,2019-06-11,2019-06-14,364789.7923446728,0.5,6.394884621840902e-14,0.0,0.0,0.0,1.0,0.13999999999999999,0.0,0.0,7.0175956562911725,0.0,0.0,0.0,0.0,0.0,0.004285463940170543,0.0,0.0,7.0175956562911725,0.0,0.0,471.94487187195966,465.0629907517283,1.2434497875801753e-14,unvalidated-engineering-priors,fixed independent scenario factor; no N cycle,,,,right_censored,BBCH89_full_ripeness,,,
17,ag_095_040,maize,2019,2019-06-15,2019-10-05,364789.7923446728,0.5,3.723688024592775e-13,2.5579538487363607e-12,0.0,0.0,0.03354275471250856,226.68,40.0,0.0,19.20891798771723,217.23546193340036,68.38830841898758,0.0,0.0,0.0,0.11127368859328712,40.0,0.0,304.83268834010516,7904.614703341525,16775.91591225531,465.0629907517283,426.7990287230297,1.4221956945448255e-13,unvalidated-engineering-priors,fixed independent scenario factor; no N cycle,2019-08-10,2019-09-21,2019-09-21,physiological_maturity,R6_physiological_maturity,2019-06-16,seed_layer_available_water,50.0
17,ag_095_040,fallow,2019,2019-10-06,2019-10-11,364789.7923446728,0.5,1.0746958878371515e-13,0.0,0.0,0.0,1.0,23.21,0.0,0.0,11.0199039,0.0,0.0,0.0,0.0,0.0,0.00027728587734720037,0.0,0.0,11.0199039,0.0,0.0,426.7990287230297,438.9888475371524,-5.051514762044462e-14,unvalidated-engineering-priors,fixed independent scenario factor; no N cycle,,,,right_censored,BBCH89_full_ripeness,,,
17,ag_095_040,wheat,2020,2019-10-12,2020-06-10,364789.7923446728,0.5,2.0383694732117874e-13,2.5863755581667647e-12,0.0,0.0,0.04267140235271844,218.45,150.0,0.0,243.78170925631213,148.22119252837422,32.18734692791028,0.0,0.0,0.0,0.012892149521000257,150.0,0.0,424.19024871259666,4487.281579223706,10767.574381935154,438.9888475371524,383.23570667503486,-8.643086246706844e-14,unvalidated-engineering-priors,fixed independent scenario factor; no N cycle,2020-04-11,2020-05-23,2020-05-23,full_ripeness,BBCH89_full_ripeness,2019-10-12,seed_layer_available_water,50.0
17,ag_095_040,fallow,2020,2020-06-11,2020-06-14,364789.7923446728,0.5,8.615330671091215e-14,0.0,0.0,0.0,1.0,22.19,0.0,0.0,13.183162087737939,0.0,0.0,0.0,0.0,0.0,9.002965793201741e-05,0.0,0.0,13.183162087737939,0.0,0.0,383.23570667503486,392.242454557639,-1.509903313490213e-14,unvalidated-engineering-priors,fixed independent scenario factor; no N cycle,,,,right_censored,BBCH89_full_ripeness,,,
17,ag_095_040,maize,2020,2020-06-15,2020-10-05,364789.7923446728,0.5,1.227462576025573e-12,2.8421709430404007e-12,0.0,0.0,0.03354275471250856,710.41,40.0,0.0,17.910700777473373,183.02034231508452,69.41791578266671,0.0,74.30671011701524,0.0,110.7971490127078,40.0,0.0,270.3489588752246,7533.874747448543,14683.416513397864,392.242454557639,687.1996365526905,8.287814878826794e-13,unvalidated-engineering-priors,fixed independent scenario factor; no N cycle,2020-08-11,2020-09-23,2020-09-23,physiological_maturity,R6_physiological_maturity,2020-06-15,seed_layer_available_water,50.0
17,ag_095_040,fallow,2020,2020-10-06,2020-10-11,364789.7923446728,0.5,1.6342482922482304e-13,0.0,0.0,0.0,1.0,1.6,0.0,0.0,12.611518100000001,0.0,0.0,0.0,0.0,0.0,1.474539629943462,0.0,0.0,12.611518100000001,0.0,0.0,687.1996365526905,674.7135788227475,-4.511946372076636e-13,unvalidated-engineering-priors,fixed independent scenario factor; no N cycle,,,,right_censored,BBCH89_full_ripeness,,,
17,ag_095_040,wheat,2021,2020-10-12,2021-06-10,364789.7923446728,0.5,9.343636975245317e-13,3.126388037344441e-12,0.0,0.0,0.04267140235271844,325.91,150.0,0.0,249.4567712310706,197.10800656398177,61.560008148822924,0.0,0.0,0.0,44.77845156640039,150.0,0.0,508.1247859438753,7494.138081111605,17656.689185433974,674.7135788227475,597.7203413124744,-2.502220652900178e-12,unvalidated-engineering-priors,fixed independent scenario factor; no N cycle,2021-04-12,2021-05-22,2021-05-22,full_ripeness,BBCH89_full_ripeness,2020-10-12,seed_layer_available_water,50.0
17,ag_095_040,fallow,2021,2021-06-11,2021-06-14,364789.7923446728,0.5,1.8052226380405045e-13,0.0,0.0,0.0,1.0,57.46,0.0,0.0,8.721060346310676,0.0,0.0,0.0,0.0,0.0,0.5367524075137668,0.0,0.0,8.721060346310676,0.0,0.0,597.7203413124744,645.9225285586497,2.5623947408348613e-13,unvalidated-engineering-priors,fixed independent scenario factor; no N cycle,,,,right_censored,BBCH89_full_ripeness,,,
17,ag_095_040,maize,2021,2021-06-15,2021-10-05,364789.7923446728,0.5,1.0462741784067475e-12,1.6200374375330284e-12,0.0,0.0,0.03354275471250856,643.62,40.0,0.0,17.850330547157245,168.344426597146,83.83998256301614,0.0,7.206031133553463,0.0,345.7128268196213,40.0,0.0,270.0347397073194,7025.778958183277,13927.456785071445,645.9225285586497,706.588930898153,2.6180169143685816e-12,unvalidated-engineering-priors,fixed independent scenario factor; no N cycle,2021-08-09,2021-09-21,2021-09-21,physiological_maturity,R6_physiological_maturity,2021-06-15,seed_layer_available_water,50.0
17,ag_095_040,fallow,2021,2021-10-06,2021-10-11,364789.7923446728,0.5,8.526512829121202e-14,0.0,0.0,0.0,1.0,7.78,0.0,0.0,10.3797924,0.0,0.0,0.0,0.0,0.0,3.8606512324565117,0.0,0.0,10.3797924,0.0,0.0,706.588930898153,700.1284872656967,-2.0738966099997924e-13,unvalidated-engineering-priors,fixed independent scenario factor; no N cycle,,,,right_censored,BBCH89_full_ripeness,,,
17,ag_095_040,wheat,2022,2021-10-12,2022-06-10,364789.7923446728,0.5,9.583445148564351e-13,4.192202140984591e-12,0.0,0.0,0.04267140235271844,317.33,150.0,0.0,248.36370549177926,241.2513767153678,56.29081442127397,0.0,6.166191405752729,0.0,54.98902160272407,150.0,0.0,545.905896628421,8594.427268223519,19978.14957069054,700.1284872656967,560.3973776288,-1.1343703754107537e-12,unvalidated-engineering-priors,fixed independent scenario factor; no N cycle,2022-04-10,2022-05-21,2022-05-21,full_ripeness,BBCH89_full_ripeness,2021-10-12,seed_layer_available_water,50.0
17,ag_095_040,fallow,2022,2022-06-11,2022-06-14,364789.7923446728,0.5,1.0824674490095276e-13,0.0,0.0,0.0,1.0,1.1400000000000001,0.0,0.0,4.480353700776025,0.0,0.0,0.0,0.0,0.0,0.14348092759796802,0.0,0.0,4.480353700776025,0.0,0.0,560.3973776288,556.913543000426,-8.659739592076221e-15,unvalidated-engineering-priors,fixed independent scenario factor; no N cycle,,,,right_censored,BBCH89_full_ripeness,,,
17,ag_095_040,maize,2022,2022-06-15,2022-10-05,364789.7923446728,0.5,1.1763923168928159e-12,3.467448550509289e-12,0.0,0.0,0.03354275471250856,418.95,40.0,0.0,21.988769985175388,273.1324336068158,64.95911601851088,0.0,0.0,0.0,32.18547802637136,40.0,0.0,360.0803196105021,8977.312512558889,17931.544143720217,556.913543000426,623.5977453635484,4.158118294128599e-12,unvalidated-engineering-priors,fixed independent scenario factor; no N cycle,2022-08-11,2022-09-24,2022-09-24,physiological_maturity,R6_physiological_maturity,2022-06-16,seed_layer_available_water,50.0
17,ag_095_040,fallow,2022,2022-10-06,2022-10-11,364789.7923446728,0.5,3.717026686445024e-13,0.0,0.0,0.0,1.0,15.42,0.0,0.0,14.787462699999997,0.0,0.0,0.0,0.0,0.0,0.09515172878853981,0.0,0.0,14.787462699999997,0.0,0.0,623.5977453635484,624.1351309347597,1.603162047558726e-13,unvalidated-engineering-priors,fixed independent scenario factor; no N cycle,,,,right_censored,BBCH89_full_ripeness,,,
17,ag_095_040,wheat,2023,2022-10-12,2023-06-10,364789.7923446728,0.5,4.334310688136611e-13,4.284572696633404e-12,0.0,0.0,0.04267140235271844,321.73,150.0,0.0,300.3723632032183,219.78545570005343,41.155989865147255,0.0,0.0,0.0,9.35510413720709,150.0,0.0,561.313808768419,7226.764672484618,16819.17772754935,624.1351309347597,525.1962180291345,-8.523182160047327e-13,unvalidated-engineering-priors,fixed independent scenario factor; no N cycle,2023-04-13,2023-05-24,2023-05-24,full_ripeness,BBCH89_full_ripeness,2022-10-12,seed_layer_available_water,50.0
17,ag_095_040,fallow,2023,2023-06-11,2023-06-14,364789.7923446728,0.5,1.3322676295501878e-13,0.0,0.0,0.0,1.0,5.48,0.0,0.0,10.510779393631907,0.0,0.0,0.0,0.0,0.0,0.009217932574432684,0.0,0.0,10.510779393631907,0.0,0.0,525.1962180291345,520.156220702928,1.6275869541004795e-13,unvalidated-engineering-priors,fixed independent scenario factor; no N cycle,,,,right_censored,BBCH89_full_ripeness,,,
17,ag_095_040,maize,2023,2023-06-15,2023-10-05,364789.7923446728,0.5,1.1537437671904627e-12,3.637978807091713e-12,0.0,0.0,0.03354275471250856,579.49,40.0,0.0,17.82647217750811,221.65683283427504,92.49617848683494,0.0,5.344974783569011,0.0,40.25541599076546,40.0,0.0,331.9794834986181,8665.111286307074,17656.15996653778,520.156220702928,762.0663464299796,-4.204470105406699e-12,unvalidated-engineering-priors,fixed independent scenario factor; no N cycle,2023-08-09,2023-09-20,2023-09-20,physiological_maturity,R6_physiological_maturity,2023-06-16,seed_layer_available_water,50.0
17,ag_095_040,fallow,2023,2023-10-06,2023-10-11,364789.7923446728,0.5,2.149391775674303e-13,0.0,0.0,0.0,1.0,3.02,0.0,0.0,14.474356899999998,0.0,0.0,0.0,0.0,0.0,14.299314504615765,0.0,0.0,14.474356899999998,0.0,0.0,762.0663464299796,736.3126750253635,2.9398705692074145e-13,unvalidated-engineering-priors,fixed independent scenario factor; no N cycle,,,,right_censored,BBCH89_full_ripeness,,,
17,ag_095_040,wheat,2024,2023-10-12,2024-06-10,364789.7923446728,0.5,1.0089706847793423e-12,3.922195901395753e-12,0.0,0.0,0.04267140235271844,280.51,150.0,0.0,272.9006942498296,250.46951283489247,53.21613167301148,0.0,0.0,0.0,74.93301745359075,150.0,0.0,576.5863387577335,9226.530650743665,20436.781361779176,736.3126750253635,515.3033188140379,1.3545831123451535e-12,unvalidated-engineering-priors,fixed independent scenario factor; no N cycle,2024-04-15,2024-05-25,2024-05-25,full_ripeness,BBCH89_full_ripeness,2023-10-12,seed_layer_available_water,50.0
17,ag_095_040,fallow,2024,2024-06-11,2024-06-14,364789.7923446728,0.5,1.0325074129013956e-13,0.0,0.0,0.0,1.0,0.32,0.0,0.0,3.0895503988703785,0.0,0.0,0.0,0.0,0.0,0.029914754587193053,0.0,0.0,3.0895503988703785,0.0,0.0,515.3033188140379,512.5038536605803,4.601874437071274e-14,unvalidated-engineering-priors,fixed independent scenario factor; no N cycle,,,,right_censored,BBCH89_full_ripeness,,,
17,ag_095_040,maize,2024,2024-06-15,2024-10-05,364789.7923446728,0.5,1.0875744749228033e-12,2.4442670110147446e-12,0.0,0.0,0.03354275471250856,578.96,40.0,0.0,21.560529694669498,193.1502203384425,93.47483374879232,0.0,7.244895337511609,0.0,193.03052797814453,40.0,0.0,308.1855837819043,7329.645917868909,14705.467727487743,512.5038536605803,623.0028465630146,5.187739127165969e-12,unvalidated-engineering-priors,fixed independent scenario factor; no N cycle,2024-08-09,2024-09-19,2024-09-19,physiological_maturity,R6_physiological_maturity,2024-06-16,seed_layer_available_water,50.0
17,ag_095_040,fallow,2024,2024-10-06,2024-10-11,364789.7923446728,0.5,2.2803980925800715e-13,0.0,0.0,0.0,1.0,2.82,0.0,0.0,15.434337450841015,0.0,0.0,0.0,0.0,0.0,0.44448464306730995,0.0,0.0,15.434337450841015,0.0,0.0,623.0028465630146,609.9440244691067,-4.18554080283684e-13,unvalidated-engineering-priors,fixed independent scenario factor; no N cycle,,,,right_censored,BBCH89_full_ripeness,,,
17,ag_095_040,wheat,2025,2024-10-12,2025-06-10,364789.7923446728,0.5,3.4017233474514796e-13,6.0822458181064576e-12,0.0,0.0,0.04267140235271844,297.21,150.0,0.0,282.37936520862667,294.03172321108445,37.05287775731529,0.0,0.0,0.0,12.12293448711464,150.0,0.0,613.4639661770264,8718.804342762938,19754.88242798507,609.9440244691067,431.56712380496555,1.1324274851176597e-13,unvalidated-engineering-priors,fixed independent scenario factor; no N cycle,2025-04-11,2025-05-22,2025-05-22,full_ripeness,BBCH89_full_ripeness,2024-10-12,seed_layer_available_water,50.0
17,ag_095_040,fallow,2025,2025-06-11,2025-06-14,364789.7923446728,0.5,6.306066779870889e-14,0.0,0.0,0.0,1.0,10.139999999999999,0.0,0.0,5.722457941391052,0.0,0.0,0.0,0.0,0.0,0.0013656026339545686,0.0,0.0,5.722457941391052,0.0,0.0,431.56712380496555,435.98330026094044,1.0147438445073931e-13,unvalidated-engineering-priors,fixed independent scenario factor; no N cycle,,,,right_censored,BBCH89_full_ripeness,,,
17,ag_095_040,maize,2025,2025-06-15,2025-10-05,364789.7923446728,0.5,4.920508445138694e-13,3.637978807091713e-12,0.0,0.0,0.03354275471250856,637.58,40.0,0.0,18.105280528841092,173.74656259695308,113.39060285716172,0.0,0.0,0.0,21.70361113669454,40.0,0.0,305.2424459829559,7453.47630605058,16581.08746844872,435.98330026094044,786.6172431412914,-1.3958834088612093e-12,unvalidated-engineering-priors,fixed independent scenario factor; no N cycle,2025-08-11,2025-09-24,2025-09-24,physiological_maturity,R6_physiological_maturity,2025-06-15,seed_layer_available_water,50.0
17,ag_095_040,fallow,1996,1996-01-01,1996-10-11,364789.7923446728,0.75,2.984279490192421e-13,0.0,0.0,0.0,1.0,974.85,0.0,0.0,707.9558673549423,0.0,0.0,0.0,1.2227744113754788,0.0,157.09980383085534,0.0,0.0,707.9558673549423,0.0,0.0,573.7456994339389,682.3172538367659,-9.54236689665322e-14,unvalidated-engineering-priors,fixed independent scenario factor; no N cycle,,,,right_censored,BBCH89_full_ripeness,,,
17,ag_095_040,wheat,1997,1996-10-12,1997-06-10,364789.7923446728,0.75,9.161560399206792e-13,3.0269120543380268e-12,0.0,0.0,0.04267140235271844,522.08,225.0,0.0,319.5699900440432,190.1854881097124,48.42348468770739,0.0,4.490666034361665,0.0,214.93506731709692,225.0,0.0,558.178962841463,7469.153885483387,17111.737875950203,682.3172538367659,651.792557643848,-3.722244734660762e-12,unvalidated-engineering-priors,fixed independent scenario factor; no N cycle,1997-04-20,1997-05-29,1997-05-29,full_ripeness,BBCH89_full_ripeness,1996-10-12,seed_layer_available_water,50.0
17,ag_095_040,fallow,1997,1997-06-11,1997-06-14,364789.7923446728,0.75,1.4033219031261979e-13,0.0,0.0,0.0,1.0,0.060000000000000005,0.0,0.0,11.69963583643489,0.0,0.0,0.0,0.0,0.0,1.794099189030613,0.0,0.0,11.69963583643489,0.0,0.0,651.792557643848,638.3588226183823,1.9051427102567686e-13,unvalidated-engineering-priors,fixed independent scenario factor; no N cycle,,,,right_censored,BBCH89_full_ripeness,,,
17,ag_095_040,maize,1997,1997-06-15,1997-10-05,364789.7923446728,0.75,9.379164112033322e-13,4.916955731459893e-12,0.0,0.0,0.03354275471250856,370.71,60.0,0.0,18.908829040218468,269.2691596744207,71.45387518546947,0.0,8.725755532301344,0.0,140.07950601879537,60.0,0.0,359.6318639001086,9956.256844314503,19027.97233838087,638.3588226183823,560.6316971671789,-1.946998118285137e-12,unvalidated-engineering-priors,fixed independent scenario factor; no N cycle,1997-08-10,1997-09-24,1997-09-24,physiological_maturity,R6_physiological_maturity,1997-06-16,seed_layer_available_water,50.0
17,ag_095_040,fallow,1997,1997-10-06,1997-10-11,364789.7923446728,0.75,1.7141843500212417e-13,0.0,0.0,0.0,1.0,0.21,0.0,0.0,15.77727232854144,0.0,0.0,0.0,0.0,0.0,0.0882281526501019,0.0,0.0,15.77727232854144,0.0,0.0,560.6316971671789,544.976196685987,3.526068326209497e-13,unvalidated-engineering-priors,fixed independent scenario factor; no N cycle,,,,right_censored,BBCH89_full_ripeness,,,
17,ag_095_040,wheat,1998,1997-10-12,1998-06-10,364789.7923446728,0.75,1.2168044349891716e-12,3.865352482534945e-12,0.0,0.0,0.04267140235271844,693.37,225.0,0.0,317.87887873686884,166.6054302739811,72.38341245696525,0.0,40.09262970414272,0.0,164.2795046616248,225.0,0.0,556.8677214678152,6909.030029139676,16334.852165249345,544.976196685987,702.1063408524043,-7.827072323607354e-15,unvalidated-engineering-priors,fixed independent scenario factor; no N cycle,1998-04-21,1998-05-31,1998-05-31,full_ripeness,BBCH89_full_ripeness,1997-10-13,seed_layer_available_water,50.0
17,ag_095_040,fallow,1998,1998-06-11,1998-06-14,364789.7923446728,0.75,2.2737367544323206e-13,0.0,0.0,0.0,1.0,10.32,0.0,0.0,14.69424096072571,0.0,0.0,0.0,0.0,0.0,6.443899814948585,0.0,0.0,14.69424096072571,0.0,0.0,702.1063408524043,691.2882000767304,-3.9879211044535623e-13,unvalidated-engineering-priors,fixed independent scenario factor; no N cycle,,,,right_censored,BBCH89_full_ripeness,,,
17,ag_095_040,maize,1998,1998-06-15,1998-10-05,364789.7923446728,0.75,1.070254995738651e-12,2.3874235921539366e-12,0.0,0.0,0.03354275471250856,723.7,60.0,0.0,19.56540414739168,193.84231530892154,98.56468793028007,0.0,44.072239314284474,0.0,470.609161860442,60.0,0.0,311.9724073865933,8076.701199949428,15328.642088745433,691.2882000767304,648.3343915154094,1.2783107905534052e-12,unvalidated-engineering-priors,fixed independent scenario factor; no N cycle,1998-08-08,1998-09-18,1998-09-18,physiological_maturity,R6_physiological_maturity,1998-06-15,seed_layer_available_water,50.0
17,ag_095_040,fallow,1998,1998-10-06,1998-10-11,364789.7923446728,0.75,2.1804780203638074e-13,0.0,0.0,0.0,1.0,0.9199999999999999,0.0,0.0,15.45968537957272,0.0,0.0,0.0,0.0,0.0,1.251397223497264,0.0,0.0,15.45968537957272,0.0,0.0,648.3343915154094,632.5433089123397,-3.4439118223872356e-13,unvalidated-engineering-priors,fixed independent scenario factor; no N cycle,,,,right_censored,BBCH89_full_ripeness,,,
17,ag_095_040,wheat,1999,1998-10-12,1999-06-10,364789.7923446728,0.75,1.0826894936144527e-12,3.694822225952521e-12,0.0,0.0,0.04267140235271844,330.79,225.0,0.0,258.7094337584214,192.31499818403915,59.74991474968373,0.0,7.858762532651147,0.0,35.09899541348559,225.0,0.0,510.7743466921443,7064.994060237112,16629.019564628397,632.5433089123397,634.6012042740588,-9.57012247226885e-14,unvalidated-engineering-priors,fixed independent scenario factor; no N cycle,1999-04-15,1999-05-23,1999-05-23,full_ripeness,BBCH89_full_ripeness,1998-10-12,seed_layer_available_water,50.0
17,ag_095_040,fallow,1999,1999-06-11,1999-06-14,364789.7923446728,0.75,2.582378755278114e-13,0.0,0.0,0.0,1.0,0.52,0.0,0.0,5.691040776303387,0.0,0.0,0.0,0.0,0.0,1.4400250593450687,0.0,0.0,5.691040776303387,0.0,0.0,634.6012042740588,627.9901384384104,-1.2323475573339238e-13,unvalidated-engineering-priors,fixed independent scenario factor; no N cycle,,,,right_censored,BBCH89_full_ripeness,,,
17,ag_095_040,maize,1999,1999-06-15,1999-10-05,364789.7923446728,0.75,9.041656312547275e-13,3.097966327914037e-12,0.0,0.0,0.03354275471250856,362.04,60.0,0.0,19.177755743068488,237.563191367716,73.59673949743576,0.0,0.0,0.0,91.34992703147009,60.0,0.0,330.3376866082203,8370.221560742533,16896.443028464586,627.9901384384104,628.3425247987205,-4.517497487199762e-13,unvalidated-engineering-priors,fixed independent scenario factor; no N cycle,1999-08-11,1999-09-24,1999-09-24,physiological_maturity,R6_physiological_maturity,1999-06-16,seed_layer_available_water,50.0
17,ag_095_040,fallow,1999,1999-10-06,1999-10-11,364789.7923446728,0.75,2.2160051571518125e-13,0.0,0.0,0.0,1.0,9.92,0.0,0.0,13.283262900000002,0.0,0.0,0.0,0.0,0.0,0.105569391426824,0.0,0.0,13.283262900000002,0.0,0.0,628.3425247987205,624.873692507294,-2.609024107869118e-13,unvalidated-engineering-priors,fixed independent scenario factor; no N cycle,,,,right_censored,BBCH89_full_ripeness,,,
17,ag_095_040,wheat,2000,1999-10-12,2000-06-10,364789.7923446728,0.75,6.155076448521868e-13,6.110667527536862e-12,0.0,0.0,0.04267140235271844,425.87,225.0,0.0,298.3025132168927,280.4524713112977,47.30456372972787,0.0,5.695906705126063,0.0,43.683824395433305,225.0,0.0,626.0595482579183,9470.339660430474,21115.096199552238,624.873692507294,600.304413148814,2.3503421431314564e-12,unvalidated-engineering-priors,fixed independent scenario factor; no N cycle,2000-04-17,2000-05-25,2000-05-25,full_ripeness,BBCH89_full_ripeness,1999-10-12,seed_layer_available_water,50.0
17,ag_095_040,fallow,2000,2000-06-11,2000-06-14,364789.7923446728,0.75,2.0339285811132868e-13,0.0,0.0,0.0,1.0,1.18,0.0,0.0,15.709550503750295,0.0,0.0,0.0,0.0,0.0,0.07573085321088412,0.0,0.0,15.709550503750295,0.0,0.0,600.304413148814,585.6991317918531,-3.206324095117452e-13,unvalidated-engineering-priors,fixed independent scenario factor; no N cycle,,,,right_censored,BBCH89_full_ripeness,,,
17,ag_095_040,maize,2000,2000-06-15,2000-10-05,364789.7923446728,0.75,1.2221335055073723e-12,1.9326762412674725e-12,0.0,0.0,0.03354275471250856,815.64,60.0,0.0,22.204577041250243,117.96573835672402,85.92126598643884,0.0,3.8928861759857014,0.0,458.57979678756664,60.0,0.0,226.0915813844131,6074.197253063933,11917.07544198741,585.6991317918531,772.7748674438848,2.919553487856774e-12,unvalidated-engineering-priors,fixed independent scenario factor; no N cycle,2000-08-09,2000-09-21,2000-09-21,physiological_maturity,R6_physiological_maturity,2000-06-16,seed_layer_available_water,50.0
17,ag_095_040,fallow,2000,2000-10-06,2000-10-11,364789.7923446728,0.75,2.1005419625907962e-13,0.0,0.0,0.0,1.0,24.790000000000003,0.0,0.0,14.7318801,0.0,0.0,0.0,0.0,0.0,20.242028401112595,0.0,0.0,14.7318801,0.0,0.0,772.7748674438848,762.5909589427724,-2.5002222514558525e-13,unvalidated-engineering-priors,fixed independent scenario factor; no N cycle,,,,right_censored,BBCH89_full_ripeness,,,
17,ag_095_040,wheat,2001,2000-10-12,2001-06-10,364789.7923446728,0.75,9.454659277707833e-13,2.5934809855243657e-12,0.0,0.0,0.04267140235271844,375.02,225.0,0.0,319.5193576451996,203.1820671089915,44.951858623702314,0.0,3.0069964222900154,0.0,190.75528944457517,225.0,0.0,567.6532833778934,7684.048319452675,17187.46452172206,762.5909589427724,601.1953896980166,-2.743361093848762e-12,unvalidated-engineering-priors,fixed independent scenario factor; no N cycle,2001-04-17,2001-05-27,2001-05-27,full_ripeness,BBCH89_full_ripeness,2000-10-12,seed_layer_available_water,50.0
17,ag_095_040,fallow,2001,2001-06-11,2001-06-14,364789.7923446728,0.75,5.950795411990839e-14,0.0,0.0,0.0,1.0,4.16,0.0,0.0,17.557565778517223,0.0,0.0,0.0,0.0,0.0,0.2003114020660708,0.0,0.0,17.557565778517223,0.0,0.0,601.1953896980166,587.5975125174332,1.0391687510491465e-13,unvalidated-engineering-priors,fixed independent scenario factor; no N cycle,,,,right_censored,BBCH89_full_ripeness,,,
17,ag_095_040,maize,2001,2001-06-15,2001-10-05,364789.7923446728,0.75,1.1155520951433573e-12,4.035882739117369e-12,0.0,0.0,0.03354275471250856,324.19,60.0,0.0,17.266399762981763,280.89310362918945,82.43019065952915,0.0,0.0,0.0,43.14813797713506,60.0,0.0,380.5896940517004,10001.151746571893,19726.53242449991,587.5975125174332,548.0496804885895,8.240519377977762e-12,unvalidated-engineering-priors,fixed independent scenario factor; no N cycle,2001-08-09,2001-09-21,2001-09-21,physiological_maturity,R6_physiological_maturity,2001-06-15,seed_layer_available_water,50.0
17,ag_095_040,fallow,2001,2001-10-06,2001-10-11,364789.7923446728,0.75,1.5187850976872141e-13,0.0,0.0,0.0,1.0,3.57,0.0,0.0,13.699881577930585,0.0,0.0,0.0,0.0,0.0,0.11126513399965086,0.0,0.0,13.699881577930585,0.0,0.0,548.0496804885895,537.808533776659,2.34035013590983e-13,unvalidated-engineering-priors,fixed independent scenario factor; no N cycle,,,,right_censored,BBCH89_full_ripeness,,,
17,ag_095_040,wheat,2002,2001-10-12,2002-06-10,364789.7923446728,0.75,9.920952948050399e-13,3.865352482534945e-12,0.0,0.0,0.04267140235271844,498.05,225.0,0.0,267.741465420615,179.88447958879107,74.60527716172444,0.0,0.0,0.0,48.35554519208385,225.0,0.0,522.2312221711304,7170.679337704,17565.72393012884,537.808533776659,690.271766413445,-2.5568436257117355e-13,unvalidated-engineering-priors,fixed independent scenario factor; no N cycle,2002-04-09,2002-05-23,2002-05-23,full_ripeness,BBCH89_full_ripeness,2001-10-13,seed_layer_available_water,50.0
17,ag_095_040,fallow,2002,2002-06-11,2002-06-14,364789.7923446728,0.75,1.1191048088221578e-13,0.0,0.0,0.0,1.0,0.0,0.0,0.0,23.292099033964384,0.0,0.0,0.0,0.0,0.0,2.990608485386477,0.0,0.0,23.292099033964384,0.0,0.0,690.271766413445,663.9890588940941,1.687538997430238e-14,unvalidated-engineering-priors,fixed independent scenario factor; no N cycle,,,,right_censored,BBCH89_full_ripeness,,,
17,ag_095_040,maize,2002,2002-06-15,2002-10-05,364789.7923446728,0.75,8.899547765395255e-13,3.353761712787673e-12,0.0,0.0,0.03354275471250856,506.13,60.0,0.0,18.833393181488873,215.16942500857516,80.3012294992024,0.0,74.74060831410992,0.0,196.46991332558278,60.0,0.0,314.30404768926644,9016.485663821155,17004.390113182475,663.9890588940941,644.6044895651387,-3.731459585765151e-12,unvalidated-engineering-priors,fixed independent scenario factor; no N cycle,2002-08-11,2002-09-26,2002-09-26,physiological_maturity,R6_physiological_maturity,2002-06-16,seed_layer_available_water,50.0
17,ag_095_040,fallow,2002,2002-10-06,2002-10-11,364789.7923446728,0.75,1.6431300764452317e-13,0.0,0.0,0.0,1.0,0.02,0.0,0.0,20.203563176628215,0.0,0.0,0.0,0.0,0.0,0.6324708623061386,0.0,0.0,20.203563176628215,0.0,0.0,644.6044895651387,623.7884555262045,-1.8962609260597674e-13,unvalidated-engineering-priors,fixed independent scenario factor; no N cycle,,,,right_censored,BBCH89_full_ripeness,,,
17,ag_095_040,wheat,2003,2002-10-12,2003-06-10,364789.7923446728,0.75,9.752199048307375e-13,2.6147972675971687e-12,0.0,0.0,0.04267140235271844,400.0,225.0,0.0,282.99796140012876,169.00121286233858,63.32349568924862,0.0,1.8709963308069906,0.0,87.33640764930959,225.0,0.0,515.322669951716,6835.9030064160215,15804.274695505701,623.7884555262045,644.258381594371,9.690026558928366e-13,unvalidated-engineering-priors,fixed independent scenario factor; no N cycle,2003-04-23,2003-05-31,2003-05-31,full_ripeness,BBCH89_full_ripeness,2002-10-12,seed_layer_available_water,50.0
17,ag_095_040,fallow,2003,2003-06-11,2003-06-14,364789.7923446728,0.75,1.1457501614131615e-13,0.0,0.0,0.0,1.0,1.95,0.0,0.0,7.828932565845769,0.0,0.0,0.0,0.0,0.0,2.2326153467943355,0.0,0.0,7.828932565845769,0.0,0.0,644.258381594371,636.1468336817311,-1.6986412276764895e-13,unvalidated-engineering-priors,fixed independent scenario factor; no N cycle,,,,right_censored,BBCH89_full_ripeness,,,
17,ag_095_040,maize,2003,2003-06-15,2003-10-05,364789.7923446728,0.75,1.078248601515952e-12,1.8758328224066645e-12,0.0,0.0,0.03354275471250856,950.01,60.0,0.0,19.63939966951286,105.39588275462442,92.02515915704964,0.0,38.46986278156996,0.0,619.3275677458425,60.0,0.0,217.06044158118692,6336.699263609976,11929.606138098861,636.1468336817311,771.2989615731374,-5.720424134381119e-12,unvalidated-engineering-priors,fixed independent scenario factor; no N cycle,2003-08-13,2003-09-30,2003-09-30,physiological_maturity,R6_physiological_maturity,2003-06-16,seed_layer_available_water,50.0
17,ag_095_040,fallow,2003,2003-10-06,2003-10-11,364789.7923446728,0.75,1.247890679678676e-13,0.0,0.0,0.0,1.0,47.54,0.0,0.0,12.508080600000001,0.0,0.0,0.0,0.0,0.0,13.2915334828178,0.0,0.0,12.508080600000001,0.0,0.0,771.2989615731374,793.0393474903193,2.7489122089718876e-13,unvalidated-engineering-priors,fixed independent scenario factor; no N cycle,,,,right_censored,BBCH89_full_ripeness,,,
17,ag_095_040,wheat,2004,2003-10-12,2004-06-10,364789.7923446728,0.75,9.983125437429408e-13,4.75353090223507e-12,0.0,0.0,0.04267140235271844,312.71999999999997,225.0,0.0,324.6334839894457,240.80565371422375,50.67408344144844,0.0,0.0,0.0,149.51672533181195,225.0,0.0,616.1132211451179,8666.643086183281,19683.793925527287,793.0393474903193,565.129401013397,-7.594813666855771e-12,unvalidated-engineering-priors,fixed independent scenario factor; no N cycle,2004-04-12,2004-05-20,2004-05-20,full_ripeness,BBCH89_full_ripeness,2003-10-12,seed_layer_available_water,50.0
17,ag_095_040,fallow,2004,2004-06-11,2004-06-14,364789.7923446728,0.75,6.195044477408373e-14,0.0,0.0,0.0,1.0,27.29,0.0,0.0,6.413768783681692,0.0,0.0,0.0,0.0,0.0,0.09203692325582716,0.0,0.0,6.413768783681692,0.0,0.0,565.129401013397,585.9135953064596,-8.926193117986259e-14,unvalidated-engineering-priors,fixed independent scenario factor; no N cycle,,,,right_censored,BBCH89_full_ripeness,,,
17,ag_095_040,maize,2004,2004-06-15,2004-10-05,364789.7923446728,0.75,1.1313172620930345e-12,3.979039320256561e-12,0.0,0.0,0.03354275471250856,597.41,60.0,0.0,16.64454943480366,199.02276234856103,107.59715636965689,0.0,13.367329987799655,0.0,215.47638600611114,60.0,0.0,323.2644681530216,9360.223211685085,17810.511992590553,585.9135953064596,691.2154111595245,2.718603120399621e-12,unvalidated-engineering-priors,fixed independent scenario factor; no N cycle,2004-08-10,2004-09-26,2004-09-26,physiological_maturity,R6_physiological_maturity,2004-06-15,seed_layer_available_water,50.0
17,ag_095_040,fallow,2004,2004-10-06,2004-10-11,364789.7923446728,0.75,1.376676550535194e-13,0.0,0.0,0.0,1.0,0.01,0.0,0.0,18.087077674674976,0.0,0.0,0.0,0.0,0.0,2.6593992923445944,0.0,0.0,18.087077674674976,0.0,0.0,691.2154111595245,670.4789341925048,1.4033219031261979e-13,unvalidated-engineering-priors,fixed independent scenario factor; no N cycle,,,,right_censored,BBCH89_full_ripeness,,,
17,ag_095_040,wheat,2005,2004-10-12,2005-06-10,364789.7923446728,0.75,9.379164112033322e-13,3.751665644813329e-12,0.0,0.0,0.04267140235271844,302.31,225.0,0.0,235.61520888943116,245.70692135110892,71.68501353183672,0.0,0.0,0.0,40.97362327171406,225.0,0.0,553.0071437723768,8875.434337553494,21088.058399631343,670.4789341925048,603.8081671484156,-1.6727730312027234e-12,unvalidated-engineering-priors,fixed independent scenario factor; no N cycle,2005-04-25,2005-06-02,2005-06-02,full_ripeness,BBCH89_full_ripeness,2004-10-12,seed_layer_available_water,50.0
17,ag_095_040,fallow,2005,2005-06-11,2005-06-14,364789.7923446728,0.75,1.8562928971732617e-13,0.0,0.0,0.0,1.0,0.0,0.0,0.0,18.11331345536816,0.0,0.0,0.0,0.0,0.0,0.18613551804524325,0.0,0.0,18.11331345536816,0.0,0.0,603.8081671484156,585.5087181750024,-2.2515322939398175e-13,unvalidated-engineering-priors,fixed independent scenario factor; no N cycle,,,,right_censored,BBCH89_full_ripeness,,,
17,ag_095_040,maize,2005,2005-06-15,2005-10-05,364789.7923446728,0.75,1.0729195309977513e-12,2.2737367544323206e-12,0.0,0.0,0.03354275471250856,986.16,60.0,0.0,19.11018512694209,140.12047758986694,112.65457968202544,0.0,166.34692614243383,0.0,414.1922551115417,60.0,0.0,271.88524239883446,7347.854583809221,14780.78557740177,585.5087181750024,779.244294522188,4.317435298162309e-12,unvalidated-engineering-priors,fixed independent scenario factor; no N cycle,2005-08-09,2005-09-25,2005-09-25,physiological_maturity,R6_physiological_maturity,2005-06-16,seed_layer_available_water,50.0
17,ag_095_040,fallow,2005,2005-10-06,2005-10-11,364789.7923446728,0.75,1.545430450278218e-13,0.0,0.0,0.0,1.0,1.35,0.0,0.0,18.1049977,0.0,0.0,0.0,0.0,0.0,22.325843174069462,0.0,0.0,18.1049977,0.0,0.0,779.244294522188,740.1634536481184,1.652011860642233e-13,unvalidated-engineering-priors,fixed independent scenario factor; no N cycle,,,,right_censored,BBCH89_full_ripeness,,,
17,ag_095_040,wheat,2006,2005-10-12,2006-06-10,364789.7923446728,0.75,8.260059303211165e-13,4.817479748453479e-12,0.0,0.0,0.04267140235271844,266.48,225.0,0.0,248.305389471275,256.76099061998974,58.64126388682266,0.0,0.0,0.0,89.23911569814514,225.0,0.0,563.7076439780874,9202.056184703202,21326.320788926,740.1634536481184,578.6966939718851,7.996936446375003e-13,unvalidated-engineering-priors,fixed independent scenario factor; no N cycle,2006-04-18,2006-05-27,2006-05-27,full_ripeness,BBCH89_full_ripeness,2005-10-12,seed_layer_available_water,50.0
17,ag_095_040,fallow,2006,2006-06-11,2006-06-14,364789.7923446728,0.75,9.969802761133906e-14,0.0,0.0,0.0,1.0,12.34,0.0,0.0,8.077036491016397,0.0,0.0,0.0,0.0,0.0,0.26180213908013017,0.0,0.0,8.077036491016397,0.0,0.0,578.6966939718851,582.6978553417887,-9.792167077193881e-14,unvalidated-engineering-priors,fixed independent scenario factor; no N cycle,,,,right_censored,BBCH89_full_ripeness,,,
17,ag_095_040,maize,2006,2006-06-15,2006-10-05,364789.7923446728,0.75,1.241673430740775e-12,2.2737367544323206e-12,0.0,0.0,0.03354275471250856,446.37,60.0,0.0,20.928208279645986,161.82236340779687,104.39960560416037,0.0,12.143013502486605,0.0,119.77408990323262,60.0,0.0,287.15017729160326,8030.4834191574255,15536.386275224611,582.6978553417887,670.0005746444676,-1.4029888362188103e-12,unvalidated-engineering-priors,fixed independent scenario factor; no N cycle,2006-08-08,2006-09-22,2006-09-22,physiological_maturity,R6_physiological_maturity,2006-06-15,seed_layer_available_water,50.0
17,ag_095_040,fallow,2006,2006-10-06,2006-10-11,364789.7923446728,0.75,2.2604140781368187e-13,0.0,0.0,0.0,1.0,0.3,0.0,0.0,18.589320926175986,0.0,0.0,0.0,0.0,0.0,1.348600289090196,0.0,0.0,18.589320926175986,0.0,0.0,670.0005746444676,650.362653429201,4.18332035678759e-13,unvalidated-engineering-priors,fixed independent scenario factor; no N cycle,,,,right_censored,BBCH89_full_ripeness,,,
17,ag_095_040,wheat,2007,2006-10-12,2007-06-10,364789.7923446728,0.75,9.956480084838404e-13,6.679101716144942e-12,0.0,0.0,0.04267140235271844,299.38,225.0,0.0,284.18204910232663,247.28630388969302,57.768611773853095,0.0,0.0,0.0,29.748230476279645,225.0,0.0,589.2369647658727,9244.3570221555,20979.72474877826,650.362653429201,555.757458187043,5.661415780622292e-12,unvalidated-engineering-priors,fixed independent scenario factor; no N cycle,2007-04-15,2007-05-24,2007-05-24,full_ripeness,BBCH89_full_ripeness,2006-10-12,seed_layer_available_water,50.0
17,ag_095_040,fallow,2007,2007-06-11,2007-06-14,364789.7923446728,0.75,1.5432100042289676e-13,0.0,0.0,0.0,1.0,0.01,0.0,0.0,4.283165883059642,0.0,0.0,0.0,0.0,0.0,0.10068226182968996,0.0,0.0,4.283165883059642,0.0,0.0,555.757458187043,551.3836100421537,-5.1181281435219717e-14,unvalidated-engineering-priors,fixed independent scenario factor; no N cycle,,,,right_censored,BBCH89_full_ripeness,,,
17,ag_095_040,maize,2007,2007-06-15,2007-10-05,364789.7923446728,0.75,1.262989712813578e-12,3.097966327914037e-12,0.0,0.0,0.03354275471250856,798.05,60.0,0.0,19.43987574291492,154.18604002815337,93.16877413938539,0.0,71.91883289860002,0.0,386.9804715278456,60.0,0.0,266.79468991045366,7480.814402521582,14549.330696473724,551.3836100421537,683.7396157052535,8.375522497772181e-13,unvalidated-engineering-priors,fixed independent scenario factor; no N cycle,2007-08-12,2007-09-25,2007-09-25,physiological_maturity,R6_physiological_maturity,2007-06-16,seed_layer_available_water,50.0
17,ag_095_040,fallow,2007,2007-10-06,2007-10-11,364789.7923446728,0.75,1.254552017826427e-13,0.0,0.0,0.0,1.0,1.3,0.0,0.0,19.26629216510781,0.0,0.0,0.0,0.0,0.0,2.336893771566345,0.0,0.0,19.26629216510781,0.0,0.0,683.7396157052535,663.4364297685794,-1.3988810110276972e-14,unvalidated-engineering-priors,fixed independent scenario factor; no N cycle,,,,right_censored,BBCH89_full_ripeness,,,
17,ag_095_040,wheat,2008,2007-10-12,2008-06-10,364789.7923446728,0.75,8.419931418757187e-13,5.8548721426632255e-12,0.0,0.0,0.04267140235271844,360.51,225.0,0.0,256.05826566074785,262.8556470771666,53.7036190757955,0.0,0.03586205371396467,0.0,54.60431416985359,225.0,0.0,572.61753181371,9989.077732157612,22233.83116481687,663.4364297685794,621.6887217313013,6.113998196610737e-13,unvalidated-engineering-priors,fixed independent scenario factor; no N cycle,2008-04-18,2008-05-28,2008-05-28,full_ripeness,BBCH89_full_ripeness,2007-10-12,seed_layer_available_water,50.0
17,ag_095_040,fallow,2008,2008-06-11,2008-06-14,364789.7923446728,0.75,5.240252676230739e-14,0.0,0.0,0.0,1.0,1.3900000000000001,0.0,0.0,5.96354465558871,0.0,0.0,0.0,0.0,0.0,0.9853797761198482,0.0,0.0,5.96354465558871,0.0,0.0,621.6887217313013,616.1297972995927,-2.4980018054066022e-14,unvalidated-engineering-priors,fixed independent scenario factor; no N cycle,,,,right_censored,BBCH89_full_ripeness,,,
17,ag_095_040,maize,2008,2008-06-15,2008-10-05,364789.7923446728,0.75,1.1315393066979595e-12,1.8189894035458565e-12,0.0,0.0,0.03354275471250856,643.0600000000001,60.0,0.0,18.02653438331878,163.5491582572868,87.61943640616673,0.0,13.297140725057277,0.0,317.0776389624859,60.0,0.0,269.1951290467723,8127.286487713843,15132.283136677308,616.1297972995927,719.6198885652735,3.754552224677354e-12,unvalidated-engineering-priors,fixed independent scenario factor; no N cycle,2008-08-10,2008-09-23,2008-09-23,physiological_maturity,R6_physiological_maturity,2008-06-16,seed_layer_available_water,50.0
17,ag_095_040,fallow,2008,2008-10-06,2008-10-11,364789.7923446728,0.75,1.5409895581797173e-13,0.0,0.0,0.0,1.0,0.060000000000000005,0.0,0.0,14.6328244,0.0,0.0,0.0,0.0,0.0,5.9241518337152455,0.0,0.0,14.6328244,0.0,0.0,719.6198885652735,699.1229123315585,-2.149391775674303e-13,unvalidated-engineering-priors,fixed independent scenario factor; no N cycle,,,,right_censored,BBCH89_full_ripeness,,,
17,ag_095_040,wheat,2009,2008-10-12,2009-06-10,364789.7923446728,0.75,1.334043986389588e-12,2.9842794901924208e-12,0.0,0.0,0.04267140235271844,315.18,225.0,0.0,288.7785835332144,224.44840843187737,52.607718323455714,0.0,0.0,0.0,62.201501281400326,225.0,0.0,565.8347102885475,8023.736527845037,18509.525533860327,699.1229123315585,611.2667007616117,-9.967027203572343e-13,unvalidated-engineering-priors,fixed independent scenario factor; no N cycle,2009-04-15,2009-05-24,2009-05-24,full_ripeness,BBCH89_full_ripeness,2008-10-12,seed_layer_available_water,50.0
17,ag_095_040,fallow,2009,2009-06-11,2009-06-14,364789.7923446728,0.75,1.7497114868092467e-13,0.0,0.0,0.0,1.0,1.01,0.0,0.0,10.515807041476727,0.0,0.0,0.0,0.0,0.0,0.36212993157634804,0.0,0.0,10.515807041476727,0.0,0.0,611.2667007616117,601.3987637885587,-5.573319583618286e-14,unvalidated-engineering-priors,fixed independent scenario factor; no N cycle,,,,right_censored,BBCH89_full_ripeness,,,
17,ag_095_040,maize,2009,2009-06-15,2009-10-05,364789.7923446728,0.75,1.0205170042354439e-12,3.922195901395753e-12,0.0,0.0,0.03354275471250856,402.06,60.0,0.0,17.6896556556989,204.37959999676582,94.22365559639842,0.0,0.0,0.0,54.73279334392998,60.0,0.0,316.29291124886316,8445.275784325344,16895.29730396525,601.3987637885587,692.4330591957661,-5.314637618880624e-13,unvalidated-engineering-priors,fixed independent scenario factor; no N cycle,2009-08-10,2009-09-26,2009-09-26,physiological_maturity,R6_physiological_maturity,2009-06-16,seed_layer_available_water,50.0
17,ag_095_040,fallow,2009,2009-10-06,2009-10-11,364789.7923446728,0.75,1.936228954946273e-13,0.0,0.0,0.0,1.0,2.82,0.0,0.0,15.738679999999997,0.0,0.0,0.0,0.0,0.0,2.7411018301990717,0.0,0.0,15.738679999999997,0.0,0.0,692.4330591957661,676.773277365567,3.863576125695545e-14,unvalidated-engineering-priors,fixed independent scenario factor; no N cycle,,,,right_censored,BBCH89_full_ripeness,,,
17,ag_095_040,wheat,2010,2009-10-12,2010-06-10,364789.7923446728,0.75,1.1430856261540612e-12,4.661160346586257e-12,0.0,0.0,0.04267140235271844,403.63,225.0,0.0,282.30045902676267,219.84801567827995,66.24786042982875,0.0,0.0,0.0,62.855567861866426,225.0,0.0,568.3963351348714,8254.095282294036,19434.80378807259,676.773277365567,674.1513743688319,-2.6944002584627924e-12,unvalidated-engineering-priors,fixed independent scenario factor; no N cycle,2010-04-28,2010-06-05,2010-06-05,full_ripeness,BBCH89_full_ripeness,2009-10-12,seed_layer_available_water,50.0
17,ag_095_040,fallow,2010,2010-06-11,2010-06-14,364789.7923446728,0.75,6.394884621840902e-14,0.0,0.0,0.0,1.0,0.0,0.0,0.0,19.83542181954958,0.0,0.0,0.0,0.0,0.0,1.24342126220373,0.0,0.0,19.83542181954958,0.0,0.0,674.1513743688319,653.0725312870786,-7.72715225139109e-14,unvalidated-engineering-priors,fixed independent scenario factor; no N cycle,,,,right_censored,BBCH89_full_ripeness,,,
17,ag_095_040,maize,2010,2010-06-15,2010-10-05,364789.7923446728,0.75,1.1253220577600587e-12,2.8705926524708048e-12,0.0,0.0,0.03354275471250856,426.58,60.0,0.0,18.126985927365407,201.41763525137196,93.72687646696961,0.0,0.0,0.0,126.95433982766329,60.0,0.0,313.271497645707,7729.240673660503,15836.542899440086,653.0725312870786,699.4266938137076,7.162048731856885e-13,unvalidated-engineering-priors,fixed independent scenario factor; no N cycle,2010-08-08,2010-09-20,2010-09-20,physiological_maturity,R6_physiological_maturity,2010-06-15,seed_layer_available_water,50.0
17,ag_095_040,fallow,2010,2010-10-06,2010-10-11,364789.7923446728,0.75,1.4477308241112041e-13,0.0,0.0,0.0,1.0,0.39,0.0,0.0,21.069169120338742,0.0,0.0,0.0,0.0,0.0,3.543929467803342,0.0,0.0,21.069169120338742,0.0,0.0,699.4266938137076,675.2035952255654,1.1102230246251565e-13,unvalidated-engineering-priors,fixed independent scenario factor; no N cycle,,,,right_censored,BBCH89_full_ripeness,,,
17,ag_095_040,wheat,2011,2010-10-12,2011-06-10,364789.7923446728,0.75,3.241851231905457e-13,5.6843418860808015e-12,0.0,0.0,0.04267140235271844,140.95,225.0,0.0,206.33256521991075,302.7832011415308,32.00064989188083,0.0,0.0,0.0,38.9155755391109,225.0,0.0,541.1164162533224,8657.36926844786,20165.019783717016,675.2035952255654,461.1216034331321,-2.55351295663786e-15,unvalidated-engineering-priors,fixed independent scenario factor; no N cycle,2011-04-19,2011-05-29,2011-05-29,full_ripeness,BBCH89_full_ripeness,2010-10-12,seed_layer_available_water,50.0
17,ag_095_040,fallow,2011,2011-06-11,2011-06-14,364789.7923446728,0.75,1.297850715786808e-13,0.0,0.0,0.0,1.0,5.13,0.0,0.0,3.294283090189784,0.0,0.0,0.0,0.0,0.0,0.002415882844209855,0.0,0.0,3.294283090189784,0.0,0.0,461.1216034331321,462.95490446009796,1.645350522494482e-13,unvalidated-engineering-priors,fixed independent scenario factor; no N cycle,,,,right_censored,BBCH89_full_ripeness,,,
17,ag_095_040,maize,2011,2011-06-15,2011-10-05,364789.7923446728,0.75,1.2136958105202211e-12,3.183231456205249e-12,7.105427357601002e-15,0.0,0.03354275471250856,424.71,60.0,0.0,18.391993749549766,183.5495835116989,96.15096183013002,0.0,0.0,0.0,3.29727756586078,60.0,0.0,298.0925390913787,8082.299750411539,16027.766578025872,462.95490446009796,646.2750878028578,7.039369087635805e-13,unvalidated-engineering-priors,fixed independent scenario factor; no N cycle,2011-08-11,2011-09-29,2011-09-29,physiological_maturity,R6_physiological_maturity,2011-06-16,seed_layer_available_water,50.0
17,ag_095_040,fallow,2011,2011-10-06,2011-10-11,364789.7923446728,0.75,1.4033219031261979e-13,0.0,0.0,0.0,1.0,4.08,0.0,0.0,20.76179806739496,0.0,0.0,0.0,0.0,0.0,0.5025751949727794,0.0,0.0,20.76179806739496,0.0,0.0,646.2750878028578,629.0907145404901,-6.750155989720952e-14,unvalidated-engineering-priors,fixed independent scenario factor; no N cycle,,,,right_censored,BBCH89_full_ripeness,,,
17,ag_095_040,wheat,2012,2011-10-12,2012-06-10,364789.7923446728,0.75,1.0658141036401503e-12,3.922195901395753e-12,0.0,0.0,0.04267140235271844,245.16,225.0,0.0,276.2353580711287,227.5713845207838,31.08712107106928,0.0,0.0,0.0,31.141548996388906,225.0,0.0,534.8938636629817,7832.15399718533,17712.363660577976,629.0907145404901,533.2153018811201,-7.054357098468245e-13,unvalidated-engineering-priors,fixed independent scenario factor; no N cycle,2012-04-23,2012-05-29,2012-05-29,full_ripeness,BBCH89_full_ripeness,2011-10-12,seed_layer_available_water,50.0
17,ag_095_040,fallow,2012,2012-06-11,2012-06-14,364789.7923446728,0.75,1.8962609260597674e-13,0.0,0.0,0.0,1.0,0.08,0.0,0.0,4.19040366763792,0.0,0.0,0.0,0.0,0.0,0.04251673761197791,0.0,0.0,4.19040366763792,0.0,0.0,533.2153018811201,529.06238147587,2.4502622153477205e-13,unvalidated-engineering-priors,fixed independent scenario factor; no N cycle,,,,right_censored,BBCH89_full_ripeness,,,
17,ag_095_040,maize,2012,2012-06-15,2012-10-05,364789.7923446728,0.75,1.2043699371133698e-12,2.3590018827235326e-12,0.0,0.0,0.03354275471250856,441.63,60.0,0.0,22.53001706486651,229.8965101731847,56.63476356909018,0.0,5.531118918313037,0.0,39.52872736851801,60.0,0.0,309.0612908071414,8184.0188696514515,15358.516656994398,529.06238147587,676.57124438189,7.535749801945713e-12,unvalidated-engineering-priors,fixed independent scenario factor; no N cycle,2012-08-10,2012-09-23,2012-09-23,physiological_maturity,R6_physiological_maturity,2012-06-16,seed_layer_available_water,50.0
17,ag_095_040,fallow,2012,2012-10-06,2012-10-11,364789.7923446728,0.75,1.9051427102567686e-13,0.0,0.0,0.0,1.0,0.0,0.0,0.0,19.540565698285665,0.0,0.0,0.0,0.0,0.0,2.5087110629264973,0.0,0.0,19.540565698285665,0.0,0.0,676.57124438189,654.5219676206779,-3.552713678800501e-14,unvalidated-engineering-priors,fixed independent scenario factor; no N cycle,,,,right_censored,BBCH89_full_ripeness,,,
17,ag_095_040,wheat,2013,2012-10-12,2013-06-10,364789.7923446728,0.75,9.827694213981886e-13,4.433786671143025e-12,0.0,0.0,0.04267140235271844,275.68,225.0,0.0,280.4385548161174,246.85659536844042,45.22723320411079,0.0,0.0,0.0,32.587901364873396,225.0,0.0,572.5223833886686,7775.480559783869,18198.506296865882,654.5219676206779,550.0916828671371,-1.2928547121759948e-12,unvalidated-engineering-priors,fixed independent scenario factor; no N cycle,2013-04-21,2013-05-30,2013-05-30,full_ripeness,BBCH89_full_ripeness,2012-10-12,seed_layer_available_water,50.0
17,ag_095_040,fallow,2013,2013-06-11,2013-06-14,364789.7923446728,0.75,1.0169642905566434e-13,0.0,0.0,0.0,1.0,0.0,0.0,0.0,8.261603103098382,0.0,0.0,0.0,0.0,0.0,0.028753620013617358,0.0,0.0,8.261603103098382,0.0,0.0,550.0916828671371,541.8013261440251,4.063416270128073e-14,unvalidated-engineering-priors,fixed independent scenario factor; no N cycle,,,,right_censored,BBCH89_full_ripeness,,,
17,ag_095_040,maize,2013,2013-06-15,2013-10-05,364789.7923446728,0.75,6.936673457857978e-13,4.405364961712621e-12,0.0,0.0,0.03354275471250856,361.33,60.0,0.0,20.459145224654655,292.79736275679625,70.6320164692976,0.0,0.0,0.0,5.424461021728012,60.0,0.0,383.8885244507485,8858.845667285146,18679.713682645375,541.8013261440251,573.8183406715528,-4.265310327156158e-12,unvalidated-engineering-priors,fixed independent scenario factor; no N cycle,2013-08-10,2013-09-23,2013-09-23,physiological_maturity,R6_physiological_maturity,2013-06-16,seed_layer_available_water,50.0
17,ag_095_040,fallow,2013,2013-10-06,2013-10-11,364789.7923446728,0.75,1.0791367799356522e-13,0.0,0.0,0.0,1.0,0.0,0.0,0.0,21.45056973835368,0.0,0.0,0.0,0.0,0.0,0.03246040444694878,0.0,0.0,21.45056973835368,0.0,0.0,573.8183406715528,552.3353105287523,-8.304468224196171e-14,unvalidated-engineering-priors,fixed independent scenario factor; no N cycle,,,,right_censored,BBCH89_full_ripeness,,,
17,ag_095_040,wheat,2014,2013-10-12,2014-06-10,364789.7923446728,0.75,5.098144129078719e-13,2.6076918402395677e-12,0.0,0.0,0.04267140235271844,250.23,225.0,0.0,280.12058813393753,191.96335250577303,44.814150858067634,0.0,0.0,0.0,2.0590328453942583,225.0,0.0,516.8980914977782,7157.558993189052,15890.451671311674,552.3353105287523,508.6081861855803,-4.0889513996944515e-13,unvalidated-engineering-priors,fixed independent scenario factor; no N cycle,2014-04-12,2014-05-22,2014-05-22,full_ripeness,BBCH89_full_ripeness,2013-10-12,seed_layer_available_water,50.0
17,ag_095_040,fallow,2014,2014-06-11,2014-06-14,364789.7923446728,0.75,8.526512829121202e-14,0.0,0.0,0.0,1.0,3.5100000000000002,0.0,0.0,3.5512100630670833,0.0,0.0,0.0,0.0,0.0,0.012944857217303095,0.0,0.0,3.5512100630670833,0.0,0.0,508.6081861855803,508.55403126529586,3.1308289294429414e-14,unvalidated-engineering-priors,fixed independent scenario factor; no N cycle,,,,right_censored,BBCH89_full_ripeness,,,
17,ag_095_040,maize,2014,2014-06-15,2014-10-05,364789.7923446728,0.75,6.070699498650356e-13,2.6716406864579767e-12,0.0,0.0,0.03354275471250856,413.08,60.0,0.0,16.47573750842687,196.79562454345051,90.86243845805203,0.0,0.0,0.0,1.2200234564267824,60.0,0.0,304.1338005099294,7731.888225378895,16746.934346773567,508.55403126529586,676.2802072989384,1.2583267761101524e-12,unvalidated-engineering-priors,fixed independent scenario factor; no N cycle,2014-08-12,2014-09-28,2014-09-28,physiological_maturity,R6_physiological_maturity,2014-06-16,seed_layer_available_water,50.0
17,ag_095_040,fallow,2014,2014-10-06,2014-10-11,364789.7923446728,0.75,1.461053500406706e-13,0.0,0.0,0.0,1.0,0.0,0.0,0.0,19.7801378,0.0,0.0,0.0,0.0,0.0,0.9113496561356382,0.0,0.0,19.7801378,0.0,0.0,676.2802072989384,655.5887198428027,1.0746958878371515e-13,unvalidated-engineering-priors,fixed independent scenario factor; no N cycle,,,,right_censored,BBCH89_full_ripeness,,,
17,ag_095_040,wheat,2015,2014-10-12,2015-06-10,364789.7923446728,0.75,1.0125233984581428e-12,2.8990143619012088e-12,0.0,0.0,0.04267140235271844,392.52,225.0,0.0,311.64887940427695,194.47441785379368,58.553459744047686,0.0,4.638857722295059,0.0,77.33066381856612,225.0,0.0,564.6767570021183,7810.674740000801,17701.6601133238,655.5887198428027,626.4624412998238,-6.17284001691587e-13,unvalidated-engineering-priors,fixed independent scenario factor; no N cycle,2015-04-18,2015-05-25,2015-05-25,full_ripeness,BBCH89_full_ripeness,2014-10-12,seed_layer_available_water,50.0
17,ag_095_040,fallow,2015,2015-06-11,2015-06-14,364789.7923446728,0.75,1.0547118733938987e-13,0.0,0.0,0.0,1.0,0.0,0.0,0.0,6.698472648691248,0.0,0.0,0.0,0.0,0.0,1.197642659248463,0.0,0.0,6.698472648691248,0.0,0.0,626.4624412998238,618.5663259918839,1.971756091734278e-13,unvalidated-engineering-priors,fixed independent scenario factor; no N cycle,,,,right_censored,BBCH89_full_ripeness,,,
17,ag_095_040,maize,2015,2015-06-15,2015-10-05,364789.7923446728,0.75,1.3158363287857355e-12,3.581135388230905e-12,0.0,0.0,0.03354275471250856,438.47,60.0,0.0,18.753597657275506,207.53150832238327,68.05213607739184,0.0,1.3181637515194158,0.0,195.11133684752758,60.0,0.0,294.3372420570506,8781.50349081071,16461.043073993555,618.5663259918839,626.2695833357883,-2.019162614885772e-12,unvalidated-engineering-priors,fixed independent scenario factor; no N cycle,2015-08-12,2015-09-26,2015-09-26,physiological_maturity,R6_physiological_maturity,2015-06-16,seed_layer_available_water,50.0
17,ag_095_040,fallow,2015,2015-10-06,2015-10-11,364789.7923446728,0.75,1.4588330543574557e-13,0.0,0.0,0.0,1.0,4.79,0.0,0.0,17.87899946291204,0.0,0.0,0.0,0.0,0.0,0.3866640279983953,0.0,0.0,17.87899946291204,0.0,0.0,626.2695833357883,612.7939198448779,-4.529709940470639e-14,unvalidated-engineering-priors,fixed independent scenario factor; no N cycle,,,,right_censored,BBCH89_full_ripeness,,,
17,ag_095_040,wheat,2016,2015-10-12,2016-06-10,364789.7923446728,0.75,1.049826892085548e-12,3.751665644813329e-12,0.0,0.0,0.04267140235271844,433.62,225.0,0.0,359.27298462660553,189.20048883893745,49.3422485749303,0.0,0.0,0.0,22.626402072740767,225.0,0.0,597.8157220404732,7110.882310797104,16499.59915227576,612.7939198448779,650.9717957316678,-3.93574062229618e-12,unvalidated-engineering-priors,fixed independent scenario factor; no N cycle,2016-04-14,2016-05-22,2016-05-22,full_ripeness,BBCH89_full_ripeness,2015-10-12,seed_layer_available_water,50.0
17,ag_095_040,fallow,2016,2016-06-11,2016-06-14,364789.7923446728,0.75,1.5143442055887135e-13,0.0,0.0,0.0,1.0,2.04,0.0,0.0,18.888344521157435,0.0,0.0,0.0,0.0,0.0,0.3472147958967216,0.0,0.0,18.888344521157435,0.0,0.0,650.9717957316678,633.7762364146135,1.318944953254686e-13,unvalidated-engineering-priors,fixed independent scenario factor; no N cycle,,,,right_censored,BBCH89_full_ripeness,,,
17,ag_095_040,maize,2016,2016-06-15,2016-10-05,364789.7923446728,0.75,1.0658141036401503e-12,4.433786671143025e-12,0.0,0.0,0.03354275471250856,432.84000000000003,60.0,0.0,18.201619273426104,245.21503223235152,73.4467768689098,0.0,37.27213547676733,0.0,135.04958691335347,60.0,0.0,336.86342837468743,9338.400751049801,17721.025103039523,633.7762364146135,617.4310856498087,-3.318012531394743e-12,unvalidated-engineering-priors,fixed independent scenario factor; no N cycle,2016-08-09,2016-09-19,2016-09-19,physiological_maturity,R6_physiological_maturity,2016-06-15,seed_layer_available_water,50.0
17,ag_095_040,fallow,2016,2016-10-06,2016-10-11,364789.7923446728,0.75,2.0339285811132868e-13,0.0,0.0,0.0,1.0,0.49,0.0,0.0,15.588812099999998,0.0,0.0,0.0,0.0,0.0,0.2293205417427916,0.0,0.0,15.588812099999998,0.0,0.0,617.4310856498087,602.1029530080663,-3.8968828164342995e-13,unvalidated-engineering-priors,fixed independent scenario factor; no N cycle,,,,right_censored,BBCH89_full_ripeness,,,
17,ag_095_040,wheat,2017,2016-10-12,2017-06-10,364789.7923446728,0.75,9.343636975245317e-13,3.467448550509289e-12,0.0,0.0,0.04267140235271844,494.05,225.0,0.0,343.4234416449903,180.79308309929098,43.02102920350087,0.0,3.7014105869437106,0.0,71.47969711742941,225.0,0.0,567.2375539477822,6841.878511373407,15510.587631882488,602.1029530080663,678.73429135591,9.063860773039778e-13,unvalidated-engineering-priors,fixed independent scenario factor; no N cycle,2017-04-14,2017-05-23,2017-05-23,full_ripeness,BBCH89_full_ripeness,2016-10-12,seed_layer_available_water,50.0
17,ag_095_040,fallow,2017,2017-06-11,2017-06-14,364789.7923446728,0.75,6.661338147750939e-14,0.0,0.0,0.0,1.0,0.87,0.0,0.0,18.736082499999995,0.0,0.0,0.0,0.0,0.0,0.4020874693959443,0.0,0.0,18.736082499999995,0.0,0.0,678.73429135591,660.4661213865141,-4.1744385725905886e-14,unvalidated-engineering-priors,fixed independent scenario factor; no N cycle,,,,right_censored,BBCH89_full_ripeness,,,
17,ag_095_040,maize,2017,2017-06-15,2017-10-05,364789.7923446728,0.75,9.747758156208874e-13,4.320099833421409e-12,0.0,0.0,0.03354275471250856,565.49,60.0,0.0,16.192323281666553,218.94738400191025,86.531234424374,0.0,0.0,0.0,161.02311611261746,60.0,0.0,321.6709417079508,8414.715303520752,17436.59674880273,660.4661213865141,803.2620635659482,-2.3456792064280307e-12,unvalidated-engineering-priors,fixed independent scenario factor; no N cycle,2017-08-08,2017-09-21,2017-09-21,physiological_maturity,R6_physiological_maturity,2017-06-15,seed_layer_available_water,50.0
17,ag_095_040,fallow,2017,2017-10-06,2017-10-11,364789.7923446728,0.75,2.5224267119483557e-13,0.0,0.0,0.0,1.0,37.93,0.0,0.0,10.417841499999998,0.0,0.0,0.0,0.0,0.0,35.96407467591303,0.0,0.0,10.417841499999998,0.0,0.0,803.2620635659482,794.8101473900347,5.124789481669723e-13,unvalidated-engineering-priors,fixed independent scenario factor; no N cycle,,,,right_censored,BBCH89_full_ripeness,,,
17,ag_095_040,wheat,2018,2017-10-12,2018-06-10,364789.7923446728,0.75,1.0453859999870474e-12,3.751665644813329e-12,0.0,0.0,0.04267140235271844,338.77,225.0,0.0,273.5654657160075,236.72173116242453,59.02574083207414,0.0,12.60584935394044,0.0,163.9749034089195,225.0,0.0,569.3129377105062,8248.82894917458,19406.64067993035,794.8101473900347,612.686456916667,1.5177858969650515e-12,unvalidated-engineering-priors,fixed independent scenario factor; no N cycle,2018-04-15,2018-05-24,2018-05-24,full_ripeness,BBCH89_full_ripeness,2017-10-12,seed_layer_available_water,50.0
17,ag_095_040,fallow,2018,2018-06-11,2018-06-14,364789.7923446728,0.75,1.780797731498751e-13,0.0,0.0,0.0,1.0,0.0,0.0,0.0,6.73475583504408,0.0,0.0,0.0,0.0,0.0,0.5466842514512437,0.0,0.0,6.73475583504408,0.0,0.0,612.686456916667,605.4050168301715,2.1271873151818e-13,unvalidated-engineering-priors,fixed independent scenario factor; no N cycle,,,,right_censored,BBCH89_full_ripeness,,,
17,ag_095_040,maize,2018,2018-06-15,2018-10-05,364789.7923446728,0.75,1.2523315717771766e-12,4.376943252282217e-12,0.0,0.0,0.03354275471250856,488.58,60.0,0.0,18.795521120063743,245.42882621078311,64.91482168071708,0.0,44.90826526825952,0.0,133.78025032032627,60.0,0.0,329.139169011564,7735.614399439389,16122.237700425747,605.4050168301715,646.1573322300156,6.052602863348966e-12,unvalidated-engineering-priors,fixed independent scenario factor; no N cycle,2018-08-09,2018-09-21,2018-09-21,physiological_maturity,R6_physiological_maturity,2018-06-16,seed_layer_available_water,50.0
17,ag_095_040,fallow,2018,2018-10-06,2018-10-11,364789.7923446728,0.75,2.589040093425865e-13,0.0,0.0,0.0,1.0,0.04,0.0,0.0,18.71452820988926,0.0,0.0,0.0,0.0,0.0,0.9385875517083041,0.0,0.0,18.71452820988926,0.0,0.0,646.1573322300156,626.5442164684177,3.3217872896784684e-13,unvalidated-engineering-priors,fixed independent scenario factor; no N cycle,,,,right_censored,BBCH89_full_ripeness,,,
17,ag_095_040,wheat,2019,2018-10-12,2019-06-10,364789.7923446728,0.75,1.0462741784067475e-12,5.186961971048731e-12,0.0,0.0,0.04267140235271844,251.12,225.0,0.0,273.6740627633618,238.05742548927688,46.702319314299096,0.0,0.0,0.0,20.66902732751572,225.0,0.0,558.4338075669378,8586.716413190496,19609.006714715426,626.5442164684177,523.5613815739639,3.3056890558214036e-13,unvalidated-engineering-priors,fixed independent scenario factor; no N cycle,2019-04-17,2019-05-28,2019-05-28,full_ripeness,BBCH89_full_ripeness,2018-10-12,seed_layer_available_water,50.0
17,ag_095_040,fallow,2019,2019-06-11,2019-06-14,364789.7923446728,0.75,1.5920598173124745e-13,0.0,0.0,0.0,1.0,0.13999999999999999,0.0,0.0,8.143253618831396,0.0,0.0,0.0,0.0,0.0,0.015650286146874005,0.0,0.0,8.143253618831396,0.0,0.0,523.5613815739639,515.5424776689857,-9.57012247226885e-14,unvalidated-engineering-priors,fixed independent scenario factor; no N cycle,,,,right_censored,BBCH89_full_ripeness,,,
17,ag_095_040,maize,2019,2019-06-15,2019-10-05,364789.7923446728,0.75,9.667822098435863e-13,3.780087354243733e-12,0.0,0.0,0.03354275471250856,226.68,60.0,0.0,18.172206934776305,263.8336720875302,70.01367227204882,0.0,0.0,0.0,1.4880568536160095,60.0,0.0,352.0195512943553,8529.62708082916,17675.87916474316,515.5424776689857,448.714869521017,-2.6492696925117798e-12,unvalidated-engineering-priors,fixed independent scenario factor; no N cycle,2019-08-10,2019-09-21,2019-09-21,physiological_maturity,R6_physiological_maturity,2019-06-16,seed_layer_available_water,50.0
17,ag_095_040,fallow,2019,2019-10-06,2019-10-11,364789.7923446728,0.75,2.531308496145357e-14,0.0,0.0,0.0,1.0,23.21,0.0,0.0,11.0199039,0.0,0.0,0.0,0.0,0.0,0.001239323411214502,0.0,0.0,11.0199039,0.0,0.0,448.714869521017,460.90372629760583,-2.0761170560490427e-14,unvalidated-engineering-priors,fixed independent scenario factor; no N cycle,,,,right_censored,BBCH89_full_ripeness,,,
17,ag_095_040,wheat,2020,2019-10-12,2020-06-10,364789.7923446728,0.75,2.893241202173158e-13,2.9558577807620168e-12,0.0,0.0,0.04267140235271844,218.45,225.0,0.0,247.25794634227017,194.41468871138625,37.74705195552656,0.0,0.0,0.0,0.06479460055347146,225.0,0.0,479.419687009183,6339.154527719307,14846.580213792631,460.90372629760583,424.8692446878676,1.775413149829319e-12,unvalidated-engineering-priors,fixed independent scenario factor; no N cycle,2020-04-11,2020-05-23,2020-05-23,full_ripeness,BBCH89_full_ripeness,2019-10-12,seed_layer_available_water,50.0
17,ag_095_040,fallow,2020,2020-06-11,2020-06-14,364789.7923446728,0.75,9.059419880941277e-14,0.0,0.0,0.0,1.0,22.19,0.0,0.0,13.478351118679035,0.0,0.0,0.0,0.0,0.0,0.0002496388656816055,0.0,0.0,13.478351118679035,0.0,0.0,424.8692446878676,433.580643930323,-1.163513729807164e-13,unvalidated-engineering-priors,fixed independent scenario factor; no N cycle,,,,right_censored,BBCH89_full_ripeness,,,
17,ag_095_040,maize,2020,2020-06-15,2020-10-05,364789.7923446728,0.75,1.1519674103510624e-12,2.8421709430404007e-12,0.0,0.0,0.03354275471250856,710.41,60.0,0.0,17.913127346077676,183.02034231508452,69.41791578266671,0.0,85.64180545348371,0.0,160.68459630766384,60.0,0.0,270.3513854438289,7533.874747448543,14683.416513397864,433.580643930323,687.312856725347,-4.89164264649844e-13,unvalidated-engineering-priors,fixed independent scenario factor; no N cycle,2020-08-11,2020-09-23,2020-09-23,physiological_maturity,R6_physiological_maturity,2020-06-15,seed_layer_available_water,50.0
17,ag_095_040,fallow,2020,2020-10-06,2020-10-11,364789.7923446728,0.75,2.191580250610059e-13,0.0,0.0,0.0,1.0,1.6,0.0,0.0,12.611518100000001,0.0,0.0,0.0,0.0,0.0,1.479578152733886,0.0,0.0,12.611518100000001,0.0,0.0,687.312856725347,674.8217604726129,2.2137847111025621e-13,unvalidated-engineering-priors,fixed independent scenario factor; no N cycle,,,,right_censored,BBCH89_full_ripeness,,,
17,ag_095_040,wheat,2021,2020-10-12,2021-06-10,364789.7923446728,0.75,1.0800249583553523e-12,2.9558577807620168e-12,0.0,0.0,0.04267140235271844,325.91,225.0,0.0,256.123521949152,197.61030383763895,61.679171800205125,0.0,1.9244425805169172,0.0,72.72519396077921,225.0,0.0,515.4129975869961,7512.96653091906,17708.159061461105,674.8217604726129,635.6691263443205,2.517985819849855e-13,unvalidated-engineering-priors,fixed independent scenario factor; no N cycle,2021-04-12,2021-05-22,2021-05-22,full_ripeness,BBCH89_full_ripeness,2020-10-12,seed_layer_available_water,50.0
17,ag_095_040,fallow,2021,2021-06-11,2021-06-14,364789.7923446728,0.75,2.6334490144108713e-13,0.0,0.0,0.0,1.0,57.46,0.0,0.0,8.966953150286837,0.0,0.0,0.0,0.0,0.0,1.9879374232873313,0.0,0.0,8.966953150286837,0.0,0.0,635.6691263443205,682.1742357707467,-3.6859404417555197e-13,unvalidated-engineering-priors,fixed independent scenario factor; no N cycle,,,,right_censored,BBCH89_full_ripeness,,,
17,ag_095_040,maize,2021,2021-06-15,2021-10-05,364789.7923446728,0.75,8.859579736508749e-13,1.6200374375330284e-12,0.0,0.0,0.03354275471250856,643.62,60.0,0.0,17.850330547157245,168.344426597146,83.83998256301614,0.0,16.531242923654176,0.0,392.6310289153073,60.0,0.0,270.0347397073194,7025.778958183277,13927.456785071445,682.1742357707467,706.5972242244659,-7.949196856316121e-14,unvalidated-engineering-priors,fixed independent scenario factor; no N cycle,2021-08-09,2021-09-21,2021-09-21,physiological_maturity,R6_physiological_maturity,2021-06-15,seed_layer_available_water,50.0
17,ag_095_040,fallow,2021,2021-10-06,2021-10-11,364789.7923446728,0.75,1.4210854715202004e-13,0.0,0.0,0.0,1.0,7.78,0.0,0.0,10.3797924,0.0,0.0,0.0,0.0,0.0,3.861531000245669,0.0,0.0,10.3797924,0.0,0.0,706.5972242244659,700.1359008242202,-2.19824158875781e-14,unvalidated-engineering-priors,fixed independent scenario factor; no N cycle,,,,right_censored,BBCH89_full_ripeness,,,
17,ag_095_040,wheat,2022,2021-10-12,2022-06-10,364789.7923446728,0.75,1.043165553937797e-12,3.495870259939693e-12,0.0,0.0,0.04267140235271844,317.33,225.0,0.0,257.1631967664622,241.75184602786203,56.36470063879666,0.0,19.052709185619676,0.0,69.7588863387578,225.0,0.0,555.2797434331209,8615.461872422191,20036.568732638,700.1359008242202,598.374561866722,-1.3816725541460073e-13,unvalidated-engineering-priors,fixed independent scenario factor; no N cycle,2022-04-10,2022-05-21,2022-05-21,full_ripeness,BBCH89_full_ripeness,2021-10-12,seed_layer_available_water,50.0
17,ag_095_040,fallow,2022,2022-06-11,2022-06-14,364789.7923446728,0.75,5.6288307348495437e-14,0.0,0.0,0.0,1.0,1.1400000000000001,0.0,0.0,4.993256312502573,0.0,0.0,0.0,0.0,0.0,0.5734860964063235,0.0,0.0,4.993256312502573,0.0,0.0,598.374561866722,593.9478194578132,-8.815170815523743e-14,unvalidated-engineering-priors,fixed independent scenario factor; no N cycle,,,,right_censored,BBCH89_full_ripeness,,,
17,ag_095_040,maize,2022,2022-06-15,2022-10-05,364789.7923446728,0.75,1.0080825063596421e-12,3.467448550509289e-12,0.0,0.0,0.03354275471250856,418.95,60.0,0.0,22.009230235900848,273.1324336068158,64.95911601851088,0.0,0.0,0.0,82.01326729379691,60.0,0.0,360.1007798612276,8977.312512558889,17931.544143720217,593.9478194578132,630.7837723027836,5.131117752910086e-12,unvalidated-engineering-priors,fixed independent scenario factor; no N cycle,2022-08-11,2022-09-24,2022-09-24,physiological_maturity,R6_physiological_maturity,2022-06-16,seed_layer_available_water,50.0
17,ag_095_040,fallow,2022,2022-10-06,2022-10-11,364789.7923446728,0.75,1.496580637194711e-13,0.0,0.0,0.0,1.0,15.42,0.0,0.0,14.787462699999997,0.0,0.0,0.0,0.0,0.0,0.12325616385792337,0.0,0.0,14.787462699999997,0.0,0.0,630.7837723027836,631.2930534389255,1.7119639039719914e-13,unvalidated-engineering-priors,fixed independent scenario factor; no N cycle,,,,right_censored,BBCH89_full_ripeness,,,
17,ag_095_040,wheat,2023,2022-10-12,2023-06-10,364789.7923446728,0.75,1.0755840662568517e-12,3.922195901395753e-12,0.0,0.0,0.04267140235271844,321.73,225.0,0.0,308.9476176890404,225.77601163326943,41.98313161867687,0.0,0.0,0.0,15.523933328109372,225.0,0.0,576.7067609409867,7441.053261366345,17333.449913764507,631.2930534389255,585.7923591698278,1.6927570456459762e-12,unvalidated-engineering-priors,fixed independent scenario factor; no N cycle,2023-04-13,2023-05-24,2023-05-24,full_ripeness,BBCH89_full_ripeness,2022-10-12,seed_layer_available_water,50.0
17,ag_095_040,fallow,2023,2023-06-11,2023-06-14,364789.7923446728,0.75,1.603162047558726e-13,0.0,0.0,0.0,1.0,5.48,0.0,0.0,11.440654073888073,0.0,0.0,0.0,0.0,0.0,0.11436683194735273,0.0,0.0,11.440654073888073,0.0,0.0,585.7923591698278,579.7173382639924,3.26405569239796e-14,unvalidated-engineering-priors,fixed independent scenario factor; no N cycle,,,,right_censored,BBCH89_full_ripeness,,,
17,ag_095_040,maize,2023,2023-06-15,2023-10-05,364789.7923446728,0.75,1.2008172234345693e-12,3.637978807091713e-12,0.0,0.0,0.03354275471250856,579.49,60.0,0.0,17.839488464547635,221.65683283427504,92.49617848683494,0.0,5.434266993666439,0.0,114.7316783879335,60.0,0.0,331.9924997856576,8665.111286307074,17656.15996653778,579.7173382639924,767.0488930967406,-5.780265155408415e-12,unvalidated-engineering-priors,fixed independent scenario factor; no N cycle,2023-08-09,2023-09-20,2023-09-20,physiological_maturity,R6_physiological_maturity,2023-06-16,seed_layer_available_water,50.0
17,ag_095_040,fallow,2023,2023-10-06,2023-10-11,364789.7923446728,0.75,2.575717417130363e-13,0.0,0.0,0.0,1.0,3.02,0.0,0.0,14.474356899999998,0.0,0.0,0.0,0.0,0.0,16.73166949931148,0.0,0.0,14.474356899999998,0.0,0.0,767.0488930967406,738.8628666974287,4.334310688136611e-13,unvalidated-engineering-priors,fixed independent scenario factor; no N cycle,,,,right_censored,BBCH89_full_ripeness,,,
17,ag_095_040,wheat,2024,2023-10-12,2024-06-10,364789.7923446728,0.75,8.810729923425242e-13,4.533262654149439e-12,0.0,0.0,0.04267140235271844,280.51,225.0,0.0,285.7238028379678,250.8523530475425,53.277057935013076,0.0,0.0,0.0,91.34027492317053,225.0,0.0,589.8532138205234,9236.571405855591,20464.719029059997,738.8628666974287,563.1793779537331,1.5983880885528379e-12,unvalidated-engineering-priors,fixed independent scenario factor; no N cycle,2024-04-15,2024-05-25,2024-05-25,full_ripeness,BBCH89_full_ripeness,2023-10-12,seed_layer_available_water,50.0
17,ag_095_040,fallow,2024,2024-06-11,2024-06-14,364789.7923446728,0.75,8.459899447643693e-14,0.0,0.0,0.0,1.0,0.32,0.0,0.0,3.75185184570857,0.0,0.0,0.0,0.0,0.0,0.1777608099754906,0.0,0.0,3.75185184570857,0.0,0.0,563.1793779537331,559.5697652980492,-1.4277468096679513e-13,unvalidated-engineering-priors,fixed independent scenario factor; no N cycle,,,,right_censored,BBCH89_full_ripeness,,,
17,ag_095_040,maize,2024,2024-06-15,2024-10-05,364789.7923446728,0.75,1.2465584120491258e-12,2.4442670110147446e-12,0.0,0.0,0.03354275471250856,578.96,60.0,0.0,21.58289123150711,193.1502203384425,93.47483374879232,0.0,7.487242005903264,0.0,259.82154572146067,60.0,0.0,308.2079453187419,7329.645917868909,14705.467727487743,559.5697652980492,623.0130322519399,3.4998670628283435e-12,unvalidated-engineering-priors,fixed independent scenario factor; no N cycle,2024-08-09,2024-09-19,2024-09-19,physiological_maturity,R6_physiological_maturity,2024-06-16,seed_layer_available_water,50.0
17,ag_095_040,fallow,2024,2024-10-06,2024-10-11,364789.7923446728,0.75,8.126832540256146e-14,0.0,0.0,0.0,1.0,2.82,0.0,0.0,15.434459200666216,0.0,0.0,0.0,0.0,0.0,0.44462262334160574,0.0,0.0,15.434459200666216,0.0,0.0,623.0130322519399,609.9539504279321,-5.972999872483342e-14,unvalidated-engineering-priors,fixed independent scenario factor; no N cycle,,,,right_censored,BBCH89_full_ripeness,,,
17,ag_095_040,wheat,2025,2024-10-12,2025-06-10,364789.7923446728,0.75,8.686384944667225e-13,3.964828465541359e-12,0.0,0.0,0.04267140235271844,297.21,225.0,0.0,299.630143754245,301.30147678513043,37.552113529921904,0.0,0.0,0.0,15.032302202792728,225.0,0.0,638.4837340692973,8975.499740397152,20346.239795259662,609.9539504279321,478.6479141558435,-1.4377388168895777e-12,unvalidated-engineering-priors,fixed independent scenario factor; no N cycle,2025-04-11,2025-05-22,2025-05-22,full_ripeness,BBCH89_full_ripeness,2024-10-12,seed_layer_available_water,50.0
17,ag_095_040,fallow,2025,2025-06-11,2025-06-14,364789.7923446728,0.75,6.128431095930864e-14,0.0,0.0,0.0,1.0,10.139999999999999,0.0,0.0,6.540636737329321,0.0,0.0,0.0,0.0,0.0,0.003651034067233938,0.0,0.0,6.540636737329321,0.0,0.0,478.6479141558435,482.24362638444705,-8.715250743307479e-14,unvalidated-engineering-priors,fixed independent scenario factor; no N cycle,,,,right_censored,BBCH89_full_ripeness,,,
17,ag_095_040,maize,2025,2025-06-15,2025-10-05,364789.7923446728,0.75,7.567280135845067e-13,3.865352482534945e-12,0.0,0.0,0.03354275471250856,637.58,60.0,0.0,17.452598847559614,198.02661869992568,116.83020743822475,0.0,0.0,0.0,56.07336959943032,60.0,0.0,332.30942498571005,7776.7827766527835,17252.05253281651,482.24362638444705,791.4408317993081,-1.357913781419029e-12,unvalidated-engineering-priors,fixed independent scenario factor; no N cycle,2025-08-11,2025-09-24,2025-09-24,physiological_maturity,R6_physiological_maturity,2025-06-15,seed_layer_available_water,50.0
17,ag_095_040,fallow,1996,1996-01-01,1996-10-11,364789.7923446728,1.0,2.984279490192421e-13,0.0,0.0,0.0,1.0,974.85,0.0,0.0,707.9558673549423,0.0,0.0,0.0,1.2227744113754788,0.0,157.09980383085534,0.0,0.0,707.9558673549423,0.0,0.0,573.7456994339389,682.3172538367659,-9.54236689665322e-14,unvalidated-engineering-priors,fixed independent scenario factor; no N cycle,,,,right_censored,BBCH89_full_ripeness,,,
17,ag_095_040,wheat,1997,1996-10-12,1997-06-10,364789.7923446728,1.0,9.938716516444401e-13,4.234834705130197e-12,0.0,0.0,0.04267140235271844,522.08,300.0,0.0,321.8742671864218,190.18548816271567,48.42348470232227,0.0,43.37055241018021,0.0,243.22187198495024,300.0,0.0,560.4832400514597,7469.153887333927,17111.737880168515,682.3172538367659,657.3215893901737,1.9819701435608295e-12,unvalidated-engineering-priors,fixed independent scenario factor; no N cycle,1997-04-20,1997-05-29,1997-05-29,full_ripeness,BBCH89_full_ripeness,1996-10-12,seed_layer_available_water,50.0
17,ag_095_040,fallow,1997,1997-06-11,1997-06-14,364789.7923446728,1.0,1.1457501614131615e-13,0.0,0.0,0.0,1.0,0.060000000000000005,0.0,0.0,11.85343237056242,0.0,0.0,0.0,0.0,0.0,2.1153781087475676,0.0,0.0,11.85343237056242,0.0,0.0,657.3215893901737,643.4127789108638,-1.2301271112846734e-13,unvalidated-engineering-priors,fixed independent scenario factor; no N cycle,,,,right_censored,BBCH89_full_ripeness,,,
17,ag_095_040,maize,1997,1997-06-15,1997-10-05,364789.7923446728,1.0,9.183764859699295e-13,4.916955731459893e-12,0.0,0.0,0.03354275471250856,370.71,80.0,0.0,18.912906896204785,269.2691596744207,71.45387518546947,0.0,10.135326790406868,0.0,163.7253006224479,80.0,0.0,359.63594175609495,9956.256844314503,19027.97233838087,643.4127789108638,560.6262097419147,-6.090683513093609e-13,unvalidated-engineering-priors,fixed independent scenario factor; no N cycle,1997-08-10,1997-09-24,1997-09-24,physiological_maturity,R6_physiological_maturity,1997-06-16,seed_layer_available_water,50.0
17,ag_095_040,fallow,1997,1997-10-06,1997-10-11,364789.7923446728,1.0,1.8429702208777599e-13,0.0,0.0,0.0,1.0,0.21,0.0,0.0,15.777071708687393,0.0,0.0,0.0,0.0,0.0,0.08821574286296398,0.0,0.0,15.777071708687393,0.0,0.0,560.6262097419147,544.9709222903641,2.7844393457598926e-13,unvalidated-engineering-priors,fixed independent scenario factor; no N cycle,,,,right_censored,BBCH89_full_ripeness,,,
17,ag_095_040,wheat,1998,1997-10-12,1998-06-10,364789.7923446728,1.0,1.0205170042354439e-12,4.234834705130197e-12,0.0,0.0,0.04267140235271844,693.37,300.0,0.0,323.1109910639418,167.36021074321602,72.72854487805033,0.0,87.91660160502151,0.0,185.10459792253633,300.0,0.0,563.1997466852082,6931.179281284214,16403.13829448631,544.9709222903641,702.1199760775963,1.7795764861716634e-12,unvalidated-engineering-priors,fixed independent scenario factor; no N cycle,1998-04-21,1998-05-31,1998-05-31,full_ripeness,BBCH89_full_ripeness,1997-10-13,seed_layer_available_water,50.0
17,ag_095_040,fallow,1998,1998-06-11,1998-06-14,364789.7923446728,1.0,8.704148513061227e-14,0.0,0.0,0.0,1.0,10.32,0.0,0.0,14.694971475746188,0.0,0.0,0.0,0.0,0.0,6.446091400623624,0.0,0.0,14.694971475746188,0.0,0.0,702.1199760775963,691.2989132012265,5.240252676230739e-14,unvalidated-engineering-priors,fixed independent scenario factor; no N cycle,,,,right_censored,BBCH89_full_ripeness,,,
17,ag_095_040,maize,1998,1998-06-15,1998-10-05,364789.7923446728,1.0,9.960920976936904e-13,2.3874235921539366e-12,0.0,0.0,0.03354275471250856,723.7,80.0,0.0,19.567320237013732,193.84231530892154,98.56468793028007,0.0,45.103178282062416,0.0,489.5882825862255,80.0,0.0,311.9743234762154,8076.701199949428,15328.642088745433,691.2989132012265,648.3331288567238,-5.682121440031551e-13,unvalidated-engineering-priors,fixed independent scenario factor; no N cycle,1998-08-08,1998-09-18,1998-09-18,physiological_maturity,R6_physiological_maturity,1998-06-15,seed_layer_available_water,50.0
17,ag_095_040,fallow,1998,1998-10-06,1998-10-11,364789.7923446728,1.0,1.8252066524837574e-13,0.0,0.0,0.0,1.0,0.9199999999999999,0.0,0.0,15.459641087604938,0.0,0.0,0.0,0.0,0.0,1.2513578753234227,0.0,0.0,15.459641087604938,0.0,0.0,648.3331288567238,632.542129893795,3.5016434196677437e-13,unvalidated-engineering-priors,fixed independent scenario factor; no N cycle,,,,right_censored,BBCH89_full_ripeness,,,
17,ag_095_040,wheat,1999,1998-10-12,1999-06-10,364789.7923446728,1.0,9.370282327836321e-13,2.7284841053187847e-12,0.0,0.0,0.04267140235271844,330.79,300.0,0.0,261.281411830648,197.5847586758506,60.98622009377718,0.0,38.90265721249364,0.0,54.929822526976665,300.0,0.0,519.8523906002757,7211.172088797423,17050.726551389667,632.542129893795,649.6472595540507,-1.7165158183729545e-12,unvalidated-engineering-priors,fixed independent scenario factor; no N cycle,1999-04-15,1999-05-23,1999-05-23,full_ripeness,BBCH89_full_ripeness,1998-10-12,seed_layer_available_water,50.0
17,ag_095_040,fallow,1999,1999-06-11,1999-06-14,364789.7923446728,1.0,1.5365486660812167e-13,0.0,0.0,0.0,1.0,0.52,0.0,0.0,5.999902967411643,0.0,0.0,0.0,0.0,0.0,2.3225689124482742,0.0,0.0,5.999902967411643,0.0,0.0,649.6472595540507,641.844787674191,-2.2248869413488137e-13,unvalidated-engineering-priors,fixed independent scenario factor; no N cycle,,,,right_censored,BBCH89_full_ripeness,,,
17,ag_095_040,maize,1999,1999-06-15,1999-10-05,364789.7923446728,1.0,1.021405182655144e-12,3.097966327914037e-12,0.0,0.0,0.03354275471250856,362.04,80.0,0.0,19.179952324125306,237.563191367716,73.59673949743576,0.0,0.0,0.0,125.06240694040125,80.0,0.0,330.3398831892771,8370.221560742533,16896.443028464586,641.844787674191,628.4824975445141,-1.4008794124720225e-12,unvalidated-engineering-priors,fixed independent scenario factor; no N cycle,1999-08-11,1999-09-24,1999-09-24,physiological_maturity,R6_physiological_maturity,1999-06-16,seed_layer_available_water,50.0
17,ag_095_040,fallow,1999,1999-10-06,1999-10-11,364789.7923446728,1.0,1.7852386235972517e-13,0.0,0.0,0.0,1.0,9.92,0.0,0.0,13.283262900000002,0.0,0.0,0.0,0.0,0.0,0.10604891538359372,0.0,0.0,13.283262900000002,0.0,0.0,628.4824975445141,625.0131857291304,6.661338147750939e-14,unvalidated-engineering-priors,fixed independent scenario factor; no N cycle,,,,right_censored,BBCH89_full_ripeness,,,
17,ag_095_040,wheat,2000,1999-10-12,2000-06-10,364789.7923446728,1.0,7.389644451905042e-13,4.490630090003833e-12,0.0,0.0,0.04267140235271844,425.87,300.0,0.0,307.6254207092124,282.5169107666685,47.49439980976166,0.0,20.68222323795353,0.0,54.903729976313876,300.0,0.0,637.6367312856426,9543.354904286889,21301.917798249553,625.0131857291304,637.6605012292173,3.1805669209461485e-12,unvalidated-engineering-priors,fixed independent scenario factor; no N cycle,2000-04-17,2000-05-25,2000-05-25,full_ripeness,BBCH89_full_ripeness,1999-10-12,seed_layer_available_water,50.0
17,ag_095_040,fallow,2000,2000-06-11,2000-06-14,364789.7923446728,1.0,1.4477308241112041e-13,0.0,0.0,0.0,1.0,1.18,0.0,0.0,16.223611438651112,0.0,0.0,0.0,0.0,0.0,0.34695729935649494,0.0,0.0,16.223611438651112,0.0,0.0,637.6605012292173,622.2699324912096,7.949196856316121e-14,unvalidated-engineering-priors,fixed independent scenario factor; no N cycle,,,,right_censored,BBCH89_full_ripeness,,,
17,ag_095_040,maize,2000,2000-06-15,2000-10-05,364789.7923446728,1.0,1.0484946244559978e-12,1.9326762412674725e-12,0.0,0.0,0.03354275471250856,815.64,80.0,0.0,22.208022448508192,117.96573835672402,85.92126598643884,0.0,5.627371244563733,0.0,513.4384315161622,80.0,0.0,226.09502679167105,6074.197253063933,11917.07544198741,622.2699324912096,772.7491029388086,4.082401083849163e-12,unvalidated-engineering-priors,fixed independent scenario factor; no N cycle,2000-08-09,2000-09-21,2000-09-21,physiological_maturity,R6_physiological_maturity,2000-06-16,seed_layer_available_water,50.0
17,ag_095_040,fallow,2000,2000-10-06,2000-10-11,364789.7923446728,1.0,1.2612133559741778e-13,0.0,0.0,0.0,1.0,24.790000000000003,0.0,0.0,14.7318801,0.0,0.0,0.0,0.0,0.0,20.234977819839955,0.0,0.0,14.7318801,0.0,0.0,772.7491029388086,762.5722450189683,4.072298054325074e-13,unvalidated-engineering-priors,fixed independent scenario factor; no N cycle,,,,right_censored,BBCH89_full_ripeness,,,
17,ag_095_040,wheat,2001,2000-10-12,2001-06-10,364789.7923446728,1.0,9.734435479913373e-13,4.227729277772596e-12,0.0,0.0,0.04267140235271844,375.02,300.0,0.0,325.1007084599211,203.1820671109622,44.951858623738524,0.0,35.23910886503512,0.0,198.3008847752576,300.0,0.0,573.2346341946218,7684.04831965813,17187.464521940623,762.5722450189683,630.8176171840563,-2.6026958366287545e-12,unvalidated-engineering-priors,fixed independent scenario factor; no N cycle,2001-04-17,2001-05-27,2001-05-27,full_ripeness,BBCH89_full_ripeness,2000-10-12,seed_layer_available_water,50.0
17,ag_095_040,fallow,2001,2001-06-11,2001-06-14,364789.7923446728,1.0,1.0835776720341528e-13,0.0,0.0,0.0,1.0,4.16,0.0,0.0,17.745917540436523,0.0,0.0,0.0,0.0,0.0,0.5637593932536247,0.0,0.0,17.745917540436523,0.0,0.0,630.8176171840563,616.6679402503661,7.105427357601002e-14,unvalidated-engineering-priors,fixed independent scenario factor; no N cycle,,,,right_censored,BBCH89_full_ripeness,,,
17,ag_095_040,maize,2001,2001-06-15,2001-10-05,364789.7923446728,1.0,9.36140054363932e-13,4.320099833421409e-12,0.0,0.0,0.03354275471250856,324.19,80.0,0.0,17.26016557344922,281.089405971089,82.44654043584798,0.0,0.0,0.0,86.96737329527578,80.0,0.0,380.7961119803862,10003.21217973193,19731.836401145854,616.6679402503661,553.0944549747139,-9.755751761986176e-12,unvalidated-engineering-priors,fixed independent scenario factor; no N cycle,2001-08-09,2001-09-21,2001-09-21,physiological_maturity,R6_physiological_maturity,2001-06-15,seed_layer_available_water,50.0
17,ag_095_040,fallow,2001,2001-10-06,2001-10-11,364789.7923446728,1.0,7.860379014346108e-14,0.0,0.0,0.0,1.0,3.57,0.0,0.0,13.78717675714559,0.0,0.0,0.0,0.0,0.0,0.13205227633215402,0.0,0.0,13.78717675714559,0.0,0.0,553.0944549747139,542.745225941236,2.2382096176443156e-13,unvalidated-engineering-priors,fixed independent scenario factor; no N cycle,,,,right_censored,BBCH89_full_ripeness,,,
17,ag_095_040,wheat,2002,2001-10-12,2002-06-10,364789.7923446728,1.0,8.775202786637237e-13,4.291678123991005e-12,0.0,0.0,0.04267140235271844,498.05,300.0,0.0,273.7167373597648,180.67991981706416,74.85906947132764,0.0,28.960280121910813,0.0,89.42549738575953,300.0,0.0,529.2557266481566,7194.345820822438,17630.643679452507,542.745225941236,693.1537217854133,-4.225397809420883e-12,unvalidated-engineering-priors,fixed independent scenario factor; no N cycle,2002-04-09,2002-05-23,2002-05-23,full_ripeness,BBCH89_full_ripeness,2001-10-13,seed_layer_available_water,50.0
17,ag_095_040,fallow,2002,2002-06-11,2002-06-14,364789.7923446728,1.0,1.6697754290362354e-13,0.0,0.0,0.0,1.0,0.0,0.0,0.0,23.392381993236057,0.0,0.0,0.0,0.0,0.0,3.236204799370743,0.0,0.0,23.392381993236057,0.0,0.0,693.1537217854133,666.5251349928064,2.5757174171303632e-14,unvalidated-engineering-priors,fixed independent scenario factor; no N cycle,,,,right_censored,BBCH89_full_ripeness,,,
17,ag_095_040,maize,2002,2002-06-15,2002-10-05,364789.7923446728,1.0,8.899547765395255e-13,3.353761712787673e-12,0.0,0.0,0.03354275471250856,506.13,80.0,0.0,18.835912255363986,215.16942500857516,80.3012294992024,0.0,77.37033684799238,0.0,216.37374181653797,80.0,0.0,314.3065667631416,9016.485663821155,17004.390113182475,666.5251349928064,644.6044895651387,-4.169553591282238e-12,unvalidated-engineering-priors,fixed independent scenario factor; no N cycle,2002-08-11,2002-09-26,2002-09-26,physiological_maturity,R6_physiological_maturity,2002-06-16,seed_layer_available_water,50.0
17,ag_095_040,fallow,2002,2002-10-06,2002-10-11,364789.7923446728,1.0,1.6431300764452317e-13,0.0,0.0,0.0,1.0,0.02,0.0,0.0,20.203563176628215,0.0,0.0,0.0,0.0,0.0,0.6324708623061386,0.0,0.0,20.203563176628215,0.0,0.0,644.6044895651387,623.7884555262045,-1.8962609260597674e-13,unvalidated-engineering-priors,fixed independent scenario factor; no N cycle,,,,right_censored,BBCH89_full_ripeness,,,
17,ag_095_040,wheat,2003,2002-10-12,2003-06-10,364789.7923446728,1.0,1.0516032489249483e-12,3.296918293926865e-12,0.0,0.0,0.04267140235271844,400.0,300.0,0.0,287.0359960720773,169.00121298338274,63.323495732828725,0.0,44.30538875380432,0.0,114.64450991047234,300.0,0.0,519.3607047882888,6835.903009877422,15804.274705871676,623.7884555262045,645.4778520736351,4.020117572167692e-12,unvalidated-engineering-priors,fixed independent scenario factor; no N cycle,2003-04-23,2003-05-31,2003-05-31,full_ripeness,BBCH89_full_ripeness,2002-10-12,seed_layer_available_water,50.0
17,ag_095_040,fallow,2003,2003-06-11,2003-06-14,364789.7923446728,1.0,9.015010959956271e-14,0.0,0.0,0.0,1.0,1.95,0.0,0.0,7.867117726499314,0.0,0.0,0.0,0.0,0.0,2.3100698873772183,0.0,0.0,7.867117726499314,0.0,0.0,645.4778520736351,637.2506644597587,-1.6497914145929826e-13,unvalidated-engineering-priors,fixed independent scenario factor; no N cycle,,,,right_censored,BBCH89_full_ripeness,,,
17,ag_095_040,maize,2003,2003-06-15,2003-10-05,364789.7923446728,1.0,9.610090501155355e-13,1.8758328224066645e-12,0.0,0.0,0.03354275471250856,950.01,80.0,0.0,19.648549386672197,105.39588275462442,92.02515915704964,0.0,38.66743642388842,0.0,640.2246751643894,80.0,0.0,217.06959129834627,6336.699263609976,11929.606138098861,637.2506644597587,771.2989615731374,-2.7594593277058266e-12,unvalidated-engineering-priors,fixed independent scenario factor; no N cycle,2003-08-13,2003-09-30,2003-09-30,physiological_maturity,R6_physiological_maturity,2003-06-16,seed_layer_available_water,50.0
17,ag_095_040,fallow,2003,2003-10-06,2003-10-11,364789.7923446728,1.0,1.247890679678676e-13,0.0,0.0,0.0,1.0,47.54,0.0,0.0,12.508080600000001,0.0,0.0,0.0,0.0,0.0,13.2915334828178,0.0,0.0,12.508080600000001,0.0,0.0,771.2989615731374,793.0393474903193,2.7489122089718876e-13,unvalidated-engineering-priors,fixed independent scenario factor; no N cycle,,,,right_censored,BBCH89_full_ripeness,,,
17,ag_095_040,wheat,2004,2003-10-12,2004-06-10,364789.7923446728,1.0,1.0578204978628492e-12,5.8264504332328215e-12,0.0,0.0,0.04267140235271844,312.71999999999997,300.0,0.0,328.81480996472266,240.80715007322726,50.674271051426665,0.0,21.604987224204272,0.0,153.3008387782459,300.0,0.0,620.2962310893766,8666.705956711474,19683.930548377157,793.0393474903193,610.5572903984896,2.931765941127651e-12,unvalidated-engineering-priors,fixed independent scenario factor; no N cycle,2004-04-12,2004-05-20,2004-05-20,full_ripeness,BBCH89_full_ripeness,2003-10-12,seed_layer_available_water,50.0
17,ag_095_040,fallow,2004,2004-06-11,2004-06-14,364789.7923446728,1.0,2.0605739337042905e-13,0.0,0.0,0.0,1.0,27.29,0.0,0.0,6.767304115192793,0.0,0.0,0.0,0.0,0.0,0.5325133066418646,0.0,0.0,6.767304115192793,0.0,0.0,610.5572903984896,630.5474729766547,2.4003021792395884e-13,unvalidated-engineering-priors,fixed independent scenario factor; no N cycle,,,,right_censored,BBCH89_full_ripeness,,,
17,ag_095_040,maize,2004,2004-06-15,2004-10-05,364789.7923446728,1.0,1.1330936189324348e-12,3.979039320256561e-12,0.0,0.0,0.03354275471250856,597.41,80.0,0.0,16.64454943480366,199.02276234856103,107.59715636965689,0.0,19.949090605564976,0.0,273.5257148412686,80.0,0.0,323.2644681530216,9360.223211685085,17810.511992590553,630.5474729766547,691.2181993767949,4.632405570248466e-12,unvalidated-engineering-priors,fixed independent scenario factor; no N cycle,2004-08-10,2004-09-26,2004-09-26,physiological_maturity,R6_physiological_maturity,2004-06-15,seed_layer_available_water,50.0
17,ag_095_040,fallow,2004,2004-10-06,2004-10-11,364789.7923446728,1.0,2.9309887850104133e-13,0.0,0.0,0.0,1.0,0.01,0.0,0.0,18.08710494907531,0.0,0.0,0.0,0.0,0.0,2.6596029584332412,0.0,0.0,18.08710494907531,0.0,0.0,691.2181993767949,670.4814914692865,-1.638689184346731e-13,unvalidated-engineering-priors,fixed independent scenario factor; no N cycle,,,,right_censored,BBCH89_full_ripeness,,,
17,ag_095_040,wheat,2005,2004-10-12,2005-06-10,364789.7923446728,1.0,1.0622613899613498e-12,5.087485988042317e-12,0.0,0.0,0.04267140235271844,302.31,300.0,0.0,242.1695901887551,246.10828107910717,71.73079656028239,0.0,13.819122139656569,0.0,54.38584092505772,300.0,0.0,560.0086678281447,8888.159074019472,21126.778163498755,670.4814914692865,644.5778605764243,3.269828852126011e-12,unvalidated-engineering-priors,fixed independent scenario factor; no N cycle,2005-04-25,2005-06-02,2005-06-02,full_ripeness,BBCH89_full_ripeness,2004-10-12,seed_layer_available_water,50.0
17,ag_095_040,fallow,2005,2005-06-11,2005-06-14,364789.7923446728,1.0,1.7319479184152442e-13,0.0,0.0,0.0,1.0,0.0,0.0,0.0,18.670466084103687,0.0,0.0,0.0,0.0,0.0,0.8379915652590317,0.0,0.0,18.670466084103687,0.0,0.0,644.5778605764243,625.0694029270613,2.62456723021387e-13,unvalidated-engineering-priors,fixed independent scenario factor; no N cycle,,,,right_censored,BBCH89_full_ripeness,,,
17,ag_095_040,maize,2005,2005-06-15,2005-10-05,364789.7923446728,1.0,1.0729195309977513e-12,2.2737367544323206e-12,0.0,0.0,0.03354275471250856,986.16,80.0,0.0,19.11332745030796,140.12047758986694,112.65457968202544,0.0,173.6061829478691,0.0,466.49054073479925,80.0,0.0,271.8883847222004,7347.854583809221,14780.78557740177,625.0694029270613,779.244294522188,4.568123657122669e-12,unvalidated-engineering-priors,fixed independent scenario factor; no N cycle,2005-08-09,2005-09-25,2005-09-25,physiological_maturity,R6_physiological_maturity,2005-06-16,seed_layer_available_water,50.0
17,ag_095_040,fallow,2005,2005-10-06,2005-10-11,364789.7923446728,1.0,1.545430450278218e-13,0.0,0.0,0.0,1.0,1.35,0.0,0.0,18.1049977,0.0,0.0,0.0,0.0,0.0,22.325843174069462,0.0,0.0,18.1049977,0.0,0.0,779.244294522188,740.1634536481184,1.652011860642233e-13,unvalidated-engineering-priors,fixed independent scenario factor; no N cycle,,,,right_censored,BBCH89_full_ripeness,,,
17,ag_095_040,wheat,2006,2005-10-12,2006-06-10,364789.7923446728,1.0,9.14823772291129e-13,4.888534022029489e-12,0.0,0.0,0.04267140235271844,266.48,300.0,0.0,251.9221479703133,257.09025491761275,58.67868085254664,0.0,17.68126459208233,0.0,108.48646214840564,300.0,0.0,567.6910837404727,9213.048950772698,21356.06859738114,740.1634536481184,612.7846431671572,5.350164755668629e-13,unvalidated-engineering-priors,fixed independent scenario factor; no N cycle,2006-04-18,2006-05-27,2006-05-27,full_ripeness,BBCH89_full_ripeness,2005-10-12,seed_layer_available_water,50.0
17,ag_095_040,fallow,2006,2006-06-11,2006-06-14,364789.7923446728,1.0,1.8141044222375058e-13,0.0,0.0,0.0,1.0,12.34,0.0,0.0,8.384638183052871,0.0,0.0,0.0,0.0,0.0,0.919174601809965,0.0,0.0,8.384638183052871,0.0,0.0,612.7846431671572,615.820830382294,3.561595462997502e-13,unvalidated-engineering-priors,fixed independent scenario factor; no N cycle,,,,right_censored,BBCH89_full_ripeness,,,
17,ag_095_040,maize,2006,2006-06-15,2006-10-05,364789.7923446728,1.0,1.0111911308285926e-12,2.2737367544323206e-12,0.0,0.0,0.03354275471250856,446.37,80.0,0.0,20.928208279645986,161.82236340779687,104.39960560416037,0.0,14.58451750166143,0.0,170.3474065112502,80.0,0.0,287.15017729160326,8030.4834191574255,15536.386275224611,615.820830382294,670.1087290777789,3.1874503036988244e-13,unvalidated-engineering-priors,fixed independent scenario factor; no N cycle,2006-08-08,2006-09-22,2006-09-22,physiological_maturity,R6_physiological_maturity,2006-06-15,seed_layer_available_water,50.0
17,ag_095_040,fallow,2006,2006-10-06,2006-10-11,364789.7923446728,1.0,1.8696155734687636e-13,0.0,0.0,0.0,1.0,0.3,0.0,0.0,18.590421197051725,0.0,0.0,0.0,0.0,0.0,1.3532466661470144,0.0,0.0,18.590421197051725,0.0,0.0,670.1087290777789,650.4650612145804,-2.2382096176443156e-13,unvalidated-engineering-priors,fixed independent scenario factor; no N cycle,,,,right_censored,BBCH89_full_ripeness,,,
17,ag_095_040,wheat,2007,2006-10-12,2007-06-10,364789.7923446728,1.0,1.092459456231154e-12,5.030642569181509e-12,0.0,0.0,0.04267140235271844,299.38,300.0,0.0,292.3089304975879,249.59164031903185,58.3166526710961,0.0,25.525254598517854,0.0,38.949992483059496,300.0,0.0,600.2172234877158,9303.226704381561,21156.575099659232,650.4650612145804,585.1525906452792,7.91472443140151e-12,unvalidated-engineering-priors,fixed independent scenario factor; no N cycle,2007-04-15,2007-05-24,2007-05-24,full_ripeness,BBCH89_full_ripeness,2006-10-12,seed_layer_available_water,50.0
17,ag_095_040,fallow,2007,2007-06-11,2007-06-14,364789.7923446728,1.0,1.0036416142611415e-13,0.0,0.0,0.0,1.0,0.01,0.0,0.0,4.707070558860835,0.0,0.0,0.0,0.0,0.0,0.28931993948154355,0.0,0.0,4.707070558860835,0.0,0.0,585.1525906452792,580.1662001469371,-1.8895995879120164e-13,unvalidated-engineering-priors,fixed independent scenario factor; no N cycle,,,,right_censored,BBCH89_full_ripeness,,,
17,ag_095_040,maize,2007,2007-06-15,2007-10-05,364789.7923446728,1.0,1.3304912727107876e-12,3.097966327914037e-12,0.0,0.0,0.03354275471250856,798.05,80.0,0.0,19.447227146887034,154.18604002815337,93.16877413938539,0.0,70.05201977151755,0.0,437.62432493870097,80.0,0.0,266.80204131442576,7480.814402521582,14549.330696473724,580.1662001469371,683.7378141222924,3.2873703759150885e-13,unvalidated-engineering-priors,fixed independent scenario factor; no N cycle,2007-08-12,2007-09-25,2007-09-25,physiological_maturity,R6_physiological_maturity,2007-06-16,seed_layer_available_water,50.0
17,ag_095_040,fallow,2007,2007-10-06,2007-10-11,364789.7923446728,1.0,2.8421709430404007e-13,0.0,0.0,0.0,1.0,1.3,0.0,0.0,19.26624725162352,0.0,0.0,0.0,0.0,0.0,2.3368063741303007,0.0,0.0,19.26624725162352,0.0,0.0,683.7378141222924,663.4347604965386,6.661338147750939e-16,unvalidated-engineering-priors,fixed independent scenario factor; no N cycle,,,,right_censored,BBCH89_full_ripeness,,,
17,ag_095_040,wheat,2008,2007-10-12,2008-06-10,364789.7923446728,1.0,1.0018652574217413e-12,3.922195901395753e-12,0.0,0.0,0.04267140235271844,360.51,300.0,0.0,260.47169071371593,263.60218036592977,53.7838439210287,0.0,28.30584619223295,0.0,80.20889601348478,300.0,0.0,577.8577150006744,10021.307986778715,22313.964927094967,663.4347604965386,637.5723032901502,-3.7235770022903125e-12,unvalidated-engineering-priors,fixed independent scenario factor; no N cycle,2008-04-18,2008-05-28,2008-05-28,full_ripeness,BBCH89_full_ripeness,2007-10-12,seed_layer_available_water,50.0
17,ag_095_040,fallow,2008,2008-06-11,2008-06-14,364789.7923446728,1.0,1.4854784069484595e-13,0.0,0.0,0.0,1.0,1.3900000000000001,0.0,0.0,6.228012955347449,0.0,0.0,0.0,0.0,0.0,1.6618991842436202,0.0,0.0,6.228012955347449,0.0,0.0,637.5723032901502,631.072391150559,1.0491607582707729e-13,unvalidated-engineering-priors,fixed independent scenario factor; no N cycle,,,,right_censored,BBCH89_full_ripeness,,,
17,ag_095_040,maize,2008,2008-06-15,2008-10-05,364789.7923446728,1.0,1.1901590823981678e-12,1.8189894035458565e-12,0.0,0.0,0.03354275471250856,643.0600000000001,80.0,0.0,18.031246795769103,163.5491582572868,87.61943640616673,0.0,13.419162444806028,0.0,351.8863935283044,80.0,0.0,269.1998414592226,8127.286487713843,15132.283136677308,631.072391150559,719.6269937182194,6.600608948303943e-12,unvalidated-engineering-priors,fixed independent scenario factor; no N cycle,2008-08-10,2008-09-23,2008-09-23,physiological_maturity,R6_physiological_maturity,2008-06-16,seed_layer_available_water,50.0
17,ag_095_040,fallow,2008,2008-10-06,2008-10-11,364789.7923446728,1.0,2.7000623958883807e-13,0.0,0.0,0.0,1.0,0.060000000000000005,0.0,0.0,14.6328244,0.0,0.0,0.0,0.0,0.0,5.925244374978941,0.0,0.0,14.6328244,0.0,0.0,719.6269937182194,699.1289249432403,1.176836406102666e-13,unvalidated-engineering-priors,fixed independent scenario factor; no N cycle,,,,right_censored,BBCH89_full_ripeness,,,
17,ag_095_040,wheat,2009,2008-10-12,2009-06-10,364789.7923446728,1.0,1.149080830487037e-12,4.291678123991005e-12,0.0,0.0,0.04267140235271844,315.18,300.0,0.0,293.1317421451287,225.03211705767245,52.725365791727626,0.0,5.970882785700976,0.0,84.14758010134008,300.0,0.0,570.8892249945288,8051.118917862251,18570.10139256194,699.1289249432403,653.3012370616731,-2.625621942087264e-12,unvalidated-engineering-priors,fixed independent scenario factor; no N cycle,2009-04-15,2009-05-24,2009-05-24,full_ripeness,BBCH89_full_ripeness,2008-10-12,seed_layer_available_water,50.0
17,ag_095_040,fallow,2009,2009-06-11,2009-06-14,364789.7923446728,1.0,1.2168044349891716e-13,0.0,0.0,0.0,1.0,1.01,0.0,0.0,11.21736428083749,0.0,0.0,0.0,0.0,0.0,1.6201301348166701,0.0,0.0,11.21736428083749,0.0,0.0,653.3012370616731,641.4737426460189,3.9968028886505635e-14,unvalidated-engineering-priors,fixed independent scenario factor; no N cycle,,,,right_censored,BBCH89_full_ripeness,,,
17,ag_095_040,maize,2009,2009-06-15,2009-10-05,364789.7923446728,1.0,9.796607969292381e-13,3.922195901395753e-12,0.0,0.0,0.03354275471250856,402.06,80.0,0.0,17.69476165315943,204.37959999676582,94.22365559639842,0.0,0.0,0.0,111.53076950662562,80.0,0.0,316.2980172463237,8445.275784325344,16895.29730396525,641.4737426460189,695.7049558930688,7.851497230149107e-13,unvalidated-engineering-priors,fixed independent scenario factor; no N cycle,2009-08-10,2009-09-26,2009-09-26,physiological_maturity,R6_physiological_maturity,2009-06-16,seed_layer_available_water,50.0
17,ag_095_040,fallow,2009,2009-10-06,2009-10-11,364789.7923446728,1.0,2.682298827494378e-13,0.0,0.0,0.0,1.0,2.82,0.0,0.0,15.738679999999997,0.0,0.0,0.0,0.0,0.0,3.056263685080637,0.0,0.0,15.738679999999997,0.0,0.0,695.7049558930688,679.7300122079879,2.8110846983508964e-13,unvalidated-engineering-priors,fixed independent scenario factor; no N cycle,,,,right_censored,BBCH89_full_ripeness,,,
17,ag_095_040,wheat,2010,2009-10-12,2010-06-10,364789.7923446728,1.0,1.0338396805309458e-12,3.808509063674137e-12,0.0,0.0,0.04267140235271844,403.63,300.0,0.0,287.0791811297709,219.971646502735,66.26710899496092,0.0,24.94109236768433,0.0,96.31035574358465,300.0,0.0,573.3179366274669,8258.13284496078,19446.699979390658,679.7300122079879,688.7906274692504,1.7027490528676026e-12,unvalidated-engineering-priors,fixed independent scenario factor; no N cycle,2010-04-28,2010-06-05,2010-06-05,full_ripeness,BBCH89_full_ripeness,2009-10-12,seed_layer_available_water,50.0
17,ag_095_040,fallow,2010,2010-06-11,2010-06-14,364789.7923446728,1.0,1.0658141036401503e-13,0.0,0.0,0.0,1.0,0.0,0.0,0.0,20.02844532684909,0.0,0.0,0.0,0.0,0.0,1.9859074286968215,0.0,0.0,20.02844532684909,0.0,0.0,688.7906274692504,666.7762747137044,1.687538997430238e-14,unvalidated-engineering-priors,fixed independent scenario factor; no N cycle,,,,right_censored,BBCH89_full_ripeness,,,
17,ag_095_040,maize,2010,2010-06-15,2010-10-05,364789.7923446728,1.0,1.2363443602225743e-12,2.8705926524708048e-12,0.0,0.0,0.03354275471250856,426.58,80.0,0.0,18.126985927365407,201.41763525137196,93.72687646696961,0.0,0.0,0.0,160.62179663214536,80.0,0.0,313.271497645707,7729.240673660503,15836.542899440086,666.7762747137044,699.4629804358509,1.1817213874110166e-12,unvalidated-engineering-priors,fixed independent scenario factor; no N cycle,2010-08-08,2010-09-20,2010-09-20,physiological_maturity,R6_physiological_maturity,2010-06-15,seed_layer_available_water,50.0
17,ag_095_040,fallow,2010,2010-10-06,2010-10-11,364789.7923446728,1.0,1.341149413747189e-13,0.0,0.0,0.0,1.0,0.39,0.0,0.0,21.06971229363962,0.0,0.0,0.0,0.0,0.0,3.5479510057085784,0.0,0.0,21.06971229363962,0.0,0.0,699.4629804358509,675.235317136503,-2.8554936193359026e-13,unvalidated-engineering-priors,fixed independent scenario factor; no N cycle,,,,right_censored,BBCH89_full_ripeness,,,
17,ag_095_040,wheat,2011,2010-10-12,2011-06-10,364789.7923446728,1.0,7.851497230149107e-13,4.831690603168681e-12,0.0,0.0,0.04267140235271844,140.95,300.0,0.0,219.4657743019021,307.1164628767083,32.4732681132384,0.0,0.0,0.0,45.622593213083164,300.0,0.0,559.0555052918487,8756.710419424035,20412.851676932063,675.235317136503,511.50721863157185,-7.721601136267964e-13,unvalidated-engineering-priors,fixed independent scenario factor; no N cycle,2011-04-19,2011-05-29,2011-05-29,full_ripeness,BBCH89_full_ripeness,2010-10-12,seed_layer_available_water,50.0
17,ag_095_040,fallow,2011,2011-06-11,2011-06-14,364789.7923446728,1.0,3.907985046680551e-14,0.0,0.0,0.0,1.0,5.13,0.0,0.0,3.910690483091005,0.0,0.0,0.0,0.0,0.0,0.016409443473266512,0.0,0.0,3.910690483091005,0.0,0.0,511.50721863157185,512.7101187050076,-5.695444116327053e-14,unvalidated-engineering-priors,fixed independent scenario factor; no N cycle,,,,right_censored,BBCH89_full_ripeness,,,
17,ag_095_040,maize,2011,2011-06-15,2011-10-05,364789.7923446728,1.0,1.2780887459484802e-12,3.431921413721284e-12,0.0,0.0,0.03354275471250856,424.71,80.0,0.0,18.049151352668762,186.82632218434978,96.9340253313597,0.0,0.0,0.0,25.315265090439098,80.0,0.0,301.8094988683783,8051.605250348352,16073.558314776674,512.7101187050076,690.2953547461949,-4.632072503341078e-12,unvalidated-engineering-priors,fixed independent scenario factor; no N cycle,2011-08-10,2011-09-27,2011-09-27,physiological_maturity,R6_physiological_maturity,2011-06-15,seed_layer_available_water,50.0
17,ag_095_040,fallow,2011,2011-10-06,2011-10-11,364789.7923446728,1.0,1.9184653865522705e-13,0.0,0.0,0.0,1.0,4.08,0.0,0.0,21.077801238371883,0.0,0.0,0.0,0.0,0.0,2.340960293730936,0.0,0.0,21.077801238371883,0.0,0.0,690.2953547461949,670.956593214092,1.0169642905566434e-13,unvalidated-engineering-priors,fixed independent scenario factor; no N cycle,,,,right_censored,BBCH89_full_ripeness,,,
17,ag_095_040,wheat,2012,2011-10-12,2012-06-10,364789.7923446728,1.0,1.0480505352461478e-12,3.581135388230905e-12,0.0,0.0,0.04267140235271844,245.16,300.0,0.0,288.85216569273985,227.57138469700323,31.08712109260205,0.0,2.029194338593774,0.0,75.34388715606727,300.0,0.0,547.5106714823452,7832.1540026575085,17712.363674869477,670.956593214092,591.2328402370886,-2.7465807406201748e-12,unvalidated-engineering-priors,fixed independent scenario factor; no N cycle,2012-04-23,2012-05-29,2012-05-29,full_ripeness,BBCH89_full_ripeness,2011-10-12,seed_layer_available_water,50.0
17,ag_095_040,fallow,2012,2012-06-11,2012-06-14,364789.7923446728,1.0,1.7275070263167436e-13,0.0,0.0,0.0,1.0,0.08,0.0,0.0,4.9494145250766675,0.0,0.0,0.0,0.0,0.0,0.41192360927895666,0.0,0.0,4.9494145250766675,0.0,0.0,591.2328402370886,585.951502102733,-5.984102102729594e-14,unvalidated-engineering-priors,fixed independent scenario factor; no N cycle,,,,right_censored,BBCH89_full_ripeness,,,
17,ag_095_040,maize,2012,2012-06-15,2012-10-05,364789.7923446728,1.0,9.947598300641403e-13,2.3590018827235326e-12,0.0,0.0,0.03354275471250856,441.63,80.0,0.0,22.54072610041823,229.8965101731847,56.63476356909018,0.0,5.4644236380843285,0.0,110.1165213755588,80.0,0.0,309.0719998426931,8184.0188696514515,15358.516656994398,585.951502102733,682.9285572463897,7.041700555987518e-12,unvalidated-engineering-priors,fixed independent scenario factor; no N cycle,2012-08-10,2012-09-23,2012-09-23,physiological_maturity,R6_physiological_maturity,2012-06-16,seed_layer_available_water,50.0
17,ag_095_040,fallow,2012,2012-10-06,2012-10-11,364789.7923446728,1.0,1.7319479184152442e-13,0.0,0.0,0.0,1.0,0.0,0.0,0.0,19.711027442310673,0.0,0.0,0.0,0.0,0.0,3.0314284744235493,0.0,0.0,19.711027442310673,0.0,0.0,682.9285572463897,660.1861013296557,-2.2071233729548112e-13,unvalidated-engineering-priors,fixed independent scenario factor; no N cycle,,,,right_censored,BBCH89_full_ripeness,,,
17,ag_095_040,wheat,2013,2012-10-12,2013-06-10,364789.7923446728,1.0,8.482103908136196e-13,4.462208380573429e-12,0.0,0.0,0.04267140235271844,275.68,300.0,0.0,291.8560396490618,250.6959633338765,45.59795393823655,0.0,0.0,0.0,41.9916352459957,300.0,0.0,588.1499569211749,7894.00911754493,18530.225744836418,660.1861013296557,605.7245091624832,1.9281243268665094e-12,unvalidated-engineering-priors,fixed independent scenario factor; no N cycle,2013-04-21,2013-05-30,2013-05-30,full_ripeness,BBCH89_full_ripeness,2012-10-12,seed_layer_available_water,50.0
17,ag_095_040,fallow,2013,2013-06-11,2013-06-14,364789.7923446728,1.0,7.771561172376096e-14,0.0,0.0,0.0,1.0,0.0,0.0,0.0,9.087079184404567,0.0,0.0,0.0,0.0,0.0,0.28362569666532683,0.0,0.0,9.087079184404567,0.0,0.0,605.7245091624832,596.3538042814134,-1.5276668818842154e-13,unvalidated-engineering-priors,fixed independent scenario factor; no N cycle,,,,right_censored,BBCH89_full_ripeness,,,
17,ag_095_040,maize,2013,2013-06-15,2013-10-05,364789.7923446728,1.0,9.99866855977416e-13,4.320099833421409e-12,0.0,0.0,0.03354275471250856,361.33,80.0,0.0,20.466268424803378,292.8449007790825,70.63612879413603,0.0,0.0,0.0,41.59618106953013,80.0,0.0,383.94729799802184,8859.495672522835,18680.96919951707,596.3538042814134,612.1403252138616,-1.9240165016753963e-13,unvalidated-engineering-priors,fixed independent scenario factor; no N cycle,2013-08-10,2013-09-23,2013-09-23,physiological_maturity,R6_physiological_maturity,2013-06-16,seed_layer_available_water,50.0
17,ag_095_040,fallow,2013,2013-10-06,2013-10-11,364789.7923446728,1.0,1.758593271006248e-13,0.0,0.0,0.0,1.0,0.0,0.0,0.0,22.121936840481712,0.0,0.0,0.0,0.0,0.0,0.15938093911613638,0.0,0.0,22.121936840481712,0.0,0.0,612.1403252138616,589.8590074342635,2.62456723021387e-13,unvalidated-engineering-priors,fixed independent scenario factor; no N cycle,,,,right_censored,BBCH89_full_ripeness,,,
17,ag_095_040,wheat,2014,2013-10-12,2014-06-10,364789.7923446728,1.0,1.1786127629420662e-12,4.192202140984591e-12,0.0,0.0,0.04267140235271844,250.23,300.0,0.0,284.29044366650714,210.67770898525973,47.95382779965828,0.0,8.198562603804994,0.0,9.91240764785107,300.0,0.0,542.9219804514252,7827.784997698873,17499.672311572478,589.8590074342635,579.0560567311816,7.267519919196275e-13,unvalidated-engineering-priors,fixed independent scenario factor; no N cycle,2014-04-12,2014-05-22,2014-05-22,full_ripeness,BBCH89_full_ripeness,2013-10-12,seed_layer_available_water,50.0
17,ag_095_040,fallow,2014,2014-06-11,2014-06-14,364789.7923446728,1.0,1.6930901125533637e-13,0.0,0.0,0.0,1.0,3.5100000000000002,0.0,0.0,4.1057583220159355,0.0,0.0,0.0,0.0,0.0,0.2534302371222065,0.0,0.0,4.1057583220159355,0.0,0.0,579.0560567311816,578.2068681720434,1.3766765505351941e-14,unvalidated-engineering-priors,fixed independent scenario factor; no N cycle,,,,right_censored,BBCH89_full_ripeness,,,
17,ag_095_040,maize,2014,2014-06-15,2014-10-05,364789.7923446728,1.0,9.134915046615788e-13,3.637978807091713e-12,0.0,0.0,0.03354275471250856,413.08,80.0,0.0,16.195447424338735,208.52120210027036,91.81986910896728,0.0,0.0,0.0,19.583660347769023,80.0,0.0,316.53651863357635,7898.195380585485,17049.43377400332,578.2068681720434,735.1666891906991,-1.0927925231385416e-12,unvalidated-engineering-priors,fixed independent scenario factor; no N cycle,2014-08-12,2014-09-28,2014-09-28,physiological_maturity,R6_physiological_maturity,2014-06-16,seed_layer_available_water,50.0
17,ag_095_040,fallow,2014,2014-10-06,2014-10-11,364789.7923446728,1.0,1.0746958878371515e-13,0.0,0.0,0.0,1.0,0.0,0.0,0.0,19.7801378,0.0,0.0,0.0,0.0,0.0,7.560657836894417,0.0,0.0,19.7801378,0.0,0.0,735.1666891906991,707.8258935538047,1.0658141036401503e-14,unvalidated-engineering-priors,fixed independent scenario factor; no N cycle,,,,right_censored,BBCH89_full_ripeness,,,
17,ag_095_040,wheat,2015,2014-10-12,2015-06-10,364789.7923446728,1.0,8.020251129892131e-13,3.439026841078885e-12,0.0,0.0,0.04267140235271844,392.52,300.0,0.0,317.3493998945929,194.47441795143263,58.55345976682932,0.0,27.811100445135942,0.0,160.4266228617976,300.0,0.0,570.3772776128549,7810.6747438934635,17701.660122021724,707.8258935538047,641.7308926340147,1.5979439993429878e-12,unvalidated-engineering-priors,fixed independent scenario factor; no N cycle,2015-04-18,2015-05-25,2015-05-25,full_ripeness,BBCH89_full_ripeness,2014-10-12,seed_layer_available_water,50.0
17,ag_095_040,fallow,2015,2015-06-11,2015-06-14,364789.7923446728,1.0,1.4832579608992091e-13,0.0,0.0,0.0,1.0,0.0,0.0,0.0,7.0686676152293675,0.0,0.0,0.0,0.0,0.0,1.9335536537895455,0.0,0.0,7.0686676152293675,0.0,0.0,641.7308926340147,632.7286713649956,1.474376176702208e-13,unvalidated-engineering-priors,fixed independent scenario factor; no N cycle,,,,right_censored,BBCH89_full_ripeness,,,
17,ag_095_040,maize,2015,2015-06-15,2015-10-05,364789.7923446728,1.0,1.1359801987964602e-12,3.581135388230905e-12,0.0,0.0,0.03354275471250856,438.47,80.0,0.0,18.757102971496966,207.53150832238327,68.05213607739184,0.0,4.172756963809707,0.0,226.46084075608633,80.0,0.0,294.3407473712721,8781.50349081071,16461.043073993555,632.7286713649956,626.2243262738293,-1.7829071552455389e-12,unvalidated-engineering-priors,fixed independent scenario factor; no N cycle,2015-08-12,2015-09-26,2015-09-26,physiological_maturity,R6_physiological_maturity,2015-06-16,seed_layer_available_water,50.0
17,ag_095_040,fallow,2015,2015-10-06,2015-10-11,364789.7923446728,1.0,1.98507876802978e-13,0.0,0.0,0.0,1.0,4.79,0.0,0.0,17.878594004438092,0.0,0.0,0.0,0.0,0.0,0.3860824364942905,0.0,0.0,17.878594004438092,0.0,0.0,626.2243262738293,612.7496498328967,2.4158453015843406e-13,unvalidated-engineering-priors,fixed independent scenario factor; no N cycle,,,,right_censored,BBCH89_full_ripeness,,,
17,ag_095_040,wheat,2016,2015-10-12,2016-06-10,364789.7923446728,1.0,1.1004530620084552e-12,2.8990143619012088e-12,0.0,0.0,0.04267140235271844,433.62,300.0,0.0,366.5061071310118,189.20048896308882,49.34224860866774,0.0,12.124941989415024,0.0,33.16720803641616,300.0,0.0,605.0488447027683,7110.882315238403,16499.59916228007,612.7496498328967,696.0286551042991,-1.928679438378822e-12,unvalidated-engineering-priors,fixed independent scenario factor; no N cycle,2016-04-14,2016-05-22,2016-05-22,full_ripeness,BBCH89_full_ripeness,2015-10-12,seed_layer_available_water,50.0
17,ag_095_040,fallow,2016,2016-06-11,2016-06-14,364789.7923446728,1.0,1.4210854715202004e-13,0.0,0.0,0.0,1.0,2.04,0.0,0.0,19.66342323878157,0.0,0.0,0.0,0.0,0.0,1.8516767177588467,0.0,0.0,19.66342323878157,0.0,0.0,696.0286551042991,676.5535551477589,-1.6653345369377348e-13,unvalidated-engineering-priors,fixed independent scenario factor; no N cycle,,,,right_censored,BBCH89_full_ripeness,,,
17,ag_095_040,maize,2016,2016-06-15,2016-10-05,364789.7923446728,1.0,1.0738077094174514e-12,4.433786671143025e-12,0.0,0.0,0.03354275471250856,432.84000000000003,80.0,0.0,18.202968773808557,245.21503223235152,73.4467768689098,0.0,39.76345046257031,0.0,195.4632573201818,80.0,0.0,336.8647778750699,9338.400751049801,17721.025103039523,676.5535551477589,617.3020694899399,-2.9983793226051603e-12,unvalidated-engineering-priors,fixed independent scenario factor; no N cycle,2016-08-09,2016-09-19,2016-09-19,physiological_maturity,R6_physiological_maturity,2016-06-15,seed_layer_available_water,50.0
17,ag_095_040,fallow,2016,2016-10-06,2016-10-11,364789.7923446728,1.0,2.3514523661560816e-13,0.0,0.0,0.0,1.0,0.49,0.0,0.0,15.588812099999998,0.0,0.0,0.0,0.0,0.0,0.2284011555231124,0.0,0.0,15.588812099999998,0.0,0.0,617.3020694899399,601.9748562344168,-9.08162434143378e-14,unvalidated-engineering-priors,fixed independent scenario factor; no N cycle,,,,right_censored,BBCH89_full_ripeness,,,
17,ag_095_040,wheat,2017,2016-10-12,2017-06-10,364789.7923446728,1.0,1.1501910535116622e-12,2.2311041902867146e-12,0.0,0.0,0.04267140235271844,494.05,300.0,0.0,347.86173358398264,180.79308311144976,43.0210292056534,0.0,28.810067116135475,0.0,91.2488633679072,300.0,0.0,571.6758459010858,6841.878511968179,15510.587633080544,601.9748562344168,704.2900798492861,2.2084556405843614e-12,unvalidated-engineering-priors,fixed independent scenario factor; no N cycle,2017-04-14,2017-05-23,2017-05-23,full_ripeness,BBCH89_full_ripeness,2016-10-12,seed_layer_available_water,50.0
17,ag_095_040,fallow,2017,2017-06-11,2017-06-14,364789.7923446728,1.0,1.6253665080512292e-13,0.0,0.0,0.0,1.0,0.87,0.0,0.0,18.736082499999995,0.0,0.0,0.0,0.0,0.0,0.9802703723002516,0.0,0.0,18.736082499999995,0.0,0.0,704.2900798492861,685.4437269769858,1.234568003383174e-13,unvalidated-engineering-priors,fixed independent scenario factor; no N cycle,,,,right_censored,BBCH89_full_ripeness,,,
17,ag_095_040,maize,2017,2017-06-15,2017-10-05,364789.7923446728,1.0,1.1035616864774056e-12,4.320099833421409e-12,0.0,0.0,0.03354275471250856,565.49,80.0,0.0,16.192323281666553,218.94738400191025,86.531234424374,0.0,11.740174181129282,0.0,194.2442248138982,80.0,0.0,321.6709417079508,8414.715303520752,17436.59674880273,685.4437269769858,803.2783862740096,-2.0965451597021456e-12,unvalidated-engineering-priors,fixed independent scenario factor; no N cycle,2017-08-08,2017-09-21,2017-09-21,physiological_maturity,R6_physiological_maturity,2017-06-15,seed_layer_available_water,50.0
17,ag_095_040,fallow,2017,2017-10-06,2017-10-11,364789.7923446728,1.0,2.149391775674303e-13,0.0,0.0,0.0,1.0,37.93,0.0,0.0,10.417841499999998,0.0,0.0,0.0,0.0,0.0,35.97766222569982,0.0,0.0,10.417841499999998,0.0,0.0,803.2783862740096,794.8128825483093,4.618527782440651e-13,unvalidated-engineering-priors,fixed independent scenario factor; no N cycle,,,,right_censored,BBCH89_full_ripeness,,,
17,ag_095_040,wheat,2018,2017-10-12,2018-06-10,364789.7923446728,1.0,8.526512829121202e-13,5.4356519285647664e-12,0.0,0.0,0.04267140235271844,338.77,300.0,0.0,275.54458100556883,236.7217311626821,59.02574083213499,0.0,46.07189335617126,0.0,172.2273246152975,300.0,0.0,571.2920530003859,8248.828949180723,19406.64067995007,794.8128825483093,643.9916115764535,1.1497469643018121e-12,unvalidated-engineering-priors,fixed independent scenario factor; no N cycle,2018-04-15,2018-05-24,2018-05-24,full_ripeness,BBCH89_full_ripeness,2017-10-12,seed_layer_available_water,50.0
17,ag_095_040,fallow,2018,2018-06-11,2018-06-14,364789.7923446728,1.0,1.1102230246251565e-13,0.0,0.0,0.0,1.0,0.0,0.0,0.0,7.216415503574025,0.0,0.0,0.0,0.0,0.0,1.688627154452137,0.0,0.0,7.216415503574025,0.0,0.0,643.9916115764535,635.0865689184271,1.7053025658242404e-13,unvalidated-engineering-priors,fixed independent scenario factor; no N cycle,,,,right_censored,BBCH89_full_ripeness,,,
17,ag_095_040,maize,2018,2018-06-15,2018-10-05,364789.7923446728,1.0,1.241673430740775e-12,4.376943252282217e-12,0.0,0.0,0.03354275471250856,488.58,80.0,0.0,18.80472589601284,245.42882621078311,64.91482168071708,0.0,49.53215023640405,0.0,178.87312333826452,80.0,0.0,329.14837378751304,7735.614399439389,16122.237700425747,635.0865689184271,646.1129215562403,5.223710353163824e-12,unvalidated-engineering-priors,fixed independent scenario factor; no N cycle,2018-08-09,2018-09-21,2018-09-21,physiological_maturity,R6_physiological_maturity,2018-06-16,seed_layer_available_water,50.0
17,ag_095_040,fallow,2018,2018-10-06,2018-10-11,364789.7923446728,1.0,1.4077627952246985e-13,0.0,0.0,0.0,1.0,0.04,0.0,0.0,18.713597291998294,0.0,0.0,0.0,0.0,0.0,0.93724794580054,0.0,0.0,18.713597291998294,0.0,0.0,646.1129215562403,626.5020763184411,3.042011087472929e-13,unvalidated-engineering-priors,fixed independent scenario factor; no N cycle,,,,right_censored,BBCH89_full_ripeness,,,
17,ag_095_040,wheat,2019,2018-10-12,2019-06-10,364789.7923446728,1.0,1.0551559626037488e-12,4.888534022029489e-12,0.0,0.0,0.04267140235271844,251.12,300.0,0.0,286.0429929847106,238.97956354007664,46.793118647092044,0.0,11.50710759263178,0.0,25.358425624175453,300.0,0.0,571.8156751718793,8630.843277932045,19706.805420747798,626.5020763184411,568.9408679297542,4.1217029789208937e-13,unvalidated-engineering-priors,fixed independent scenario factor; no N cycle,2019-04-17,2019-05-28,2019-05-28,full_ripeness,BBCH89_full_ripeness,2018-10-12,seed_layer_available_water,50.0
17,ag_095_040,fallow,2019,2019-06-11,2019-06-14,364789.7923446728,1.0,2.0339285811132868e-13,0.0,0.0,0.0,1.0,0.13999999999999999,0.0,0.0,8.767158955667334,0.0,0.0,0.0,0.0,0.0,0.10126077837647025,0.0,0.0,8.767158955667334,0.0,0.0,568.9408679297542,560.2124481957101,3.0464519795714295e-13,unvalidated-engineering-priors,fixed independent scenario factor; no N cycle,,,,right_censored,BBCH89_full_ripeness,,,
17,ag_095_040,maize,2019,2019-06-15,2019-10-05,364789.7923446728,1.0,7.691625114603085e-13,6.59383658785373e-12,0.0,0.0,0.03354275471250856,226.68,80.0,0.0,17.903292414672798,285.6576660031357,70.50227116240153,0.0,0.0,0.0,12.630830360698496,80.0,0.0,374.06322958021,8721.290420835689,17940.061999937552,560.2124481957101,480.1983882548042,-2.6397772856512347e-12,unvalidated-engineering-priors,fixed independent scenario factor; no N cycle,2019-08-10,2019-09-21,2019-09-21,physiological_maturity,R6_physiological_maturity,2019-06-16,seed_layer_available_water,50.0
17,ag_095_040,fallow,2019,2019-10-06,2019-10-11,364789.7923446728,1.0,1.305622276959184e-13,0.0,0.0,0.0,1.0,23.21,0.0,0.0,11.0199039,0.0,0.0,0.0,0.0,0.0,0.0071820229650226925,0.0,0.0,11.0199039,0.0,0.0,480.1983882548042,492.3813023318391,5.384581669432009e-14,unvalidated-engineering-priors,fixed independent scenario factor; no N cycle,,,,right_censored,BBCH89_full_ripeness,,,
17,ag_095_040,wheat,2020,2019-10-12,2020-06-10,364789.7923446728,1.0,7.107647803650252e-13,3.61666252501891e-12,0.0,0.0,0.04267140235271844,218.45,300.0,0.0,248.52856141588842,223.03738499639252,42.45044527730326,0.0,5.417270578449674,0.0,0.4724987855619087,300.0,0.0,514.0163916895842,7472.827118494157,17200.34579657603,492.3813023318391,490.92514127824313,2.036149027162537e-13,unvalidated-engineering-priors,fixed independent scenario factor; no N cycle,2020-04-11,2020-05-23,2020-05-23,full_ripeness,BBCH89_full_ripeness,2019-10-12,seed_layer_available_water,50.0
17,ag_095_040,fallow,2020,2020-06-11,2020-06-14,364789.7923446728,1.0,6.750155989720952e-14,0.0,0.0,0.0,1.0,22.19,0.0,0.0,13.815296813908601,0.0,0.0,0.0,0.0,0.0,0.005582702641970204,0.0,0.0,13.815296813908601,0.0,0.0,490.92514127824313,499.29426176169267,-1.0613732115416497e-13,unvalidated-engineering-priors,fixed independent scenario factor; no N cycle,,,,right_censored,BBCH89_full_ripeness,,,
17,ag_095_040,maize,2020,2020-06-15,2020-10-05,364789.7923446728,1.0,9.174883075502294e-13,2.8421709430404007e-12,0.0,0.0,0.03354275471250856,710.41,80.0,0.0,17.9139668594935,183.02034231508452,69.41791578266671,0.0,93.98370050050298,0.0,238.0645319238399,80.0,0.0,270.3522249572447,7533.874747448543,14683.416513397864,499.29426176169267,687.3038043801039,1.195155086008981e-12,unvalidated-engineering-priors,fixed independent scenario factor; no N cycle,2020-08-11,2020-09-23,2020-09-23,physiological_maturity,R6_physiological_maturity,2020-06-15,seed_layer_available_water,50.0
17,ag_095_040,fallow,2020,2020-10-06,2020-10-11,364789.7923446728,1.0,1.2390088954816747e-13,0.0,0.0,0.0,1.0,1.6,0.0,0.0,12.611518100000001,0.0,0.0,0.0,0.0,0.0,1.479217707422122,0.0,0.0,12.611518100000001,0.0,0.0,687.3038043801039,674.8130685726818,-4.0190073491430667e-14,unvalidated-engineering-priors,fixed independent scenario factor; no N cycle,,,,right_censored,BBCH89_full_ripeness,,,
17,ag_095_040,wheat,2021,2020-10-12,2021-06-10,364789.7923446728,1.0,1.2114753644709708e-12,3.183231456205249e-12,0.0,0.0,0.04267140235271844,325.91,300.0,0.0,259.3090393242143,197.97228574619166,61.76501993455013,0.0,28.589543732307778,0.0,106.66188885242128,300.0,0.0,519.046345004956,7526.609942826999,17745.55398283167,674.8130685726818,646.4252909830003,-3.6701752748058425e-12,unvalidated-engineering-priors,fixed independent scenario factor; no N cycle,2021-04-12,2021-05-22,2021-05-22,full_ripeness,BBCH89_full_ripeness,2020-10-12,seed_layer_available_water,50.0
17,ag_095_040,fallow,2021,2021-06-11,2021-06-14,364789.7923446728,1.0,1.8118839761882555e-13,0.0,0.0,0.0,1.0,57.46,0.0,0.0,9.07487627221508,0.0,0.0,0.0,0.0,0.0,2.7672679797581132,0.0,0.0,9.07487627221508,0.0,0.0,646.4252909830003,692.0431467310274,-2.637889906509372e-13,unvalidated-engineering-priors,fixed independent scenario factor; no N cycle,,,,right_censored,BBCH89_full_ripeness,,,
17,ag_095_040,maize,2021,2021-06-15,2021-10-05,364789.7923446728,1.0,8.859579736508749e-13,1.6200374375330284e-12,0.0,0.0,0.03354275471250856,643.62,80.0,0.0,17.850330547157245,168.344426597146,83.83998256301614,0.0,33.877479533718535,0.0,405.15370326552363,80.0,0.0,270.0347397073194,7025.778958183277,13927.456785071445,692.0431467310274,706.5972242244659,-7.771561172376096e-14,unvalidated-engineering-priors,fixed independent scenario factor; no N cycle,2021-08-09,2021-09-21,2021-09-21,physiological_maturity,R6_physiological_maturity,2021-06-15,seed_layer_available_water,50.0
17,ag_095_040,fallow,2021,2021-10-06,2021-10-11,364789.7923446728,1.0,1.4210854715202004e-13,0.0,0.0,0.0,1.0,7.78,0.0,0.0,10.3797924,0.0,0.0,0.0,0.0,0.0,3.861531000245669,0.0,0.0,10.3797924,0.0,0.0,706.5972242244659,700.1359008242202,-2.19824158875781e-14,unvalidated-engineering-priors,fixed independent scenario factor; no N cycle,,,,right_censored,BBCH89_full_ripeness,,,
17,ag_095_040,wheat,2022,2021-10-12,2022-06-10,364789.7923446728,1.0,1.0440537323574972e-12,4.646949491871055e-12,0.0,0.0,0.04267140235271844,317.33,300.0,0.0,263.0634338973437,242.00745272895188,56.40280609154782,0.0,34.28684531838379,0.0,95.42423914444676,300.0,0.0,561.4736927178434,8626.418202992732,20067.032361092162,700.1359008242202,626.2811236435431,3.1880609263623683e-12,unvalidated-engineering-priors,fixed independent scenario factor; no N cycle,2022-04-10,2022-05-21,2022-05-21,full_ripeness,BBCH89_full_ripeness,2021-10-12,seed_layer_available_water,50.0
17,ag_095_040,fallow,2022,2022-06-11,2022-06-14,364789.7923446728,1.0,1.254552017826427e-13,0.0,0.0,0.0,1.0,1.1400000000000001,0.0,0.0,5.441372579975969,0.0,0.0,0.0,0.0,0.0,1.4671818221154438,0.0,0.0,5.441372579975969,0.0,0.0,626.2811236435431,620.5125692414516,5.440092820663267e-14,unvalidated-engineering-priors,fixed independent scenario factor; no N cycle,,,,right_censored,BBCH89_full_ripeness,,,
17,ag_095_040,maize,2022,2022-06-15,2022-10-05,364789.7923446728,1.0,1.0622613899613498e-12,3.467448550509289e-12,0.0,0.0,0.03354275471250856,418.95,80.0,0.0,22.02019697827363,273.1324336068158,64.95911601851088,0.0,0.0,0.0,127.95113361671717,80.0,0.0,360.11174660360035,8977.312512558889,17931.544143720217,620.5125692414516,631.3996890211289,5.207723141609222e-12,unvalidated-engineering-priors,fixed independent scenario factor; no N cycle,2022-08-11,2022-09-24,2022-09-24,physiological_maturity,R6_physiological_maturity,2022-06-16,seed_layer_available_water,50.0
17,ag_095_040,fallow,2022,2022-10-06,2022-10-11,364789.7923446728,1.0,2.469136006766348e-13,0.0,0.0,0.0,1.0,15.42,0.0,0.0,14.787462699999997,0.0,0.0,0.0,0.0,0.0,0.12590848741744418,0.0,0.0,14.787462699999997,0.0,0.0,631.3996890211289,631.9063178337113,1.1080025785759062e-13,unvalidated-engineering-priors,fixed independent scenario factor; no N cycle,,,,right_censored,BBCH89_full_ripeness,,,
17,ag_095_040,wheat,2023,2022-10-12,2023-06-10,364789.7923446728,1.0,8.819611707622244e-13,4.433786671143025e-12,0.0,0.0,0.04267140235271844,321.73,300.0,0.0,312.52913639539315,229.20658079595435,42.43630508710649,0.0,13.218371885314799,0.0,24.854365908111053,300.0,0.0,584.172022278454,7578.016748697357,17634.557483306624,631.9063178337113,631.3915577618249,6.621259096561971e-12,unvalidated-engineering-priors,fixed independent scenario factor; no N cycle,2023-04-13,2023-05-24,2023-05-24,full_ripeness,BBCH89_full_ripeness,2022-10-12,seed_layer_available_water,50.0
17,ag_095_040,fallow,2023,2023-06-11,2023-06-14,364789.7923446728,1.0,1.4566126083082054e-13,0.0,0.0,0.0,1.0,5.48,0.0,0.0,12.0881135698161,0.0,0.0,0.0,0.0,0.0,0.642139241658224,0.0,0.0,12.0881135698161,0.0,0.0,631.3915577618249,624.1413049503509,-3.679279103607769e-13,unvalidated-engineering-priors,fixed independent scenario factor; no N cycle,,,,right_censored,BBCH89_full_ripeness,,,
17,ag_095_040,maize,2023,2023-06-15,2023-10-05,364789.7923446728,1.0,1.0906830993917538e-12,3.637978807091713e-12,0.0,0.0,0.03354275471250856,579.49,80.0,0.0,17.84446295642817,221.65683283427504,92.49617848683494,0.0,5.487555564394182,0.0,179.04547792159633,80.0,0.0,331.9974742775382,8665.111286307074,17656.15996653778,624.1413049503509,767.1007971868265,-4.296119016089506e-12,unvalidated-engineering-priors,fixed independent scenario factor; no N cycle,2023-08-09,2023-09-20,2023-09-20,physiological_maturity,R6_physiological_maturity,2023-06-16,seed_layer_available_water,50.0
17,ag_095_040,fallow,2023,2023-10-06,2023-10-11,364789.7923446728,1.0,2.149391775674303e-13,0.0,0.0,0.0,1.0,3.02,0.0,0.0,14.474356899999998,0.0,0.0,0.0,0.0,0.0,16.759675725408623,0.0,0.0,14.474356899999998,0.0,0.0,767.1007971868265,738.8867645614177,1.5276668818842154e-13,unvalidated-engineering-priors,fixed independent scenario factor; no N cycle,,,,right_censored,BBCH89_full_ripeness,,,
17,ag_095_040,wheat,2024,2023-10-12,2024-06-10,364789.7923446728,1.0,1.020961093445294e-12,5.9117155615240335e-12,0.0,0.0,0.04267140235271844,280.51,300.0,0.0,292.2880107307483,251.00328181473986,53.3008906551339,0.0,25.408723423880822,0.0,109.55786689983162,300.0,0.0,596.592183200622,9240.605310970817,20475.893446862392,738.8867645614177,587.8379910370842,-9.001688283660769e-13,unvalidated-engineering-priors,fixed independent scenario factor; no N cycle,2024-04-15,2024-05-25,2024-05-25,full_ripeness,BBCH89_full_ripeness,2023-10-12,seed_layer_available_water,50.0
17,ag_095_040,fallow,2024,2024-06-11,2024-06-14,364789.7923446728,1.0,4.8183679268731794e-14,0.0,0.0,0.0,1.0,0.32,0.0,0.0,4.143841590161844,0.0,0.0,0.0,0.0,0.0,0.4214192877375541,0.0,0.0,4.143841590161844,0.0,0.0,587.8379910370842,583.5927301591848,-5.750955267558311e-14,unvalidated-engineering-priors,fixed independent scenario factor; no N cycle,,,,right_censored,BBCH89_full_ripeness,,,
17,ag_095_040,maize,2024,2024-06-15,2024-10-05,364789.7923446728,1.0,1.2465584120491258e-12,2.4442670110147446e-12,0.0,0.0,0.03354275471250856,578.96,80.0,0.0,21.592467839760197,193.1502203384425,93.47483374879232,0.0,7.491531086821016,0.0,303.8306448934238,80.0,0.0,308.217521926995,7329.645917868909,14705.467727487743,583.5927301591848,623.0130322519399,5.090927679418655e-12,unvalidated-engineering-priors,fixed independent scenario factor; no N cycle,2024-08-09,2024-09-19,2024-09-19,physiological_maturity,R6_physiological_maturity,2024-06-16,seed_layer_available_water,50.0
17,ag_095_040,fallow,2024,2024-10-06,2024-10-11,364789.7923446728,1.0,8.126832540256146e-14,0.0,0.0,0.0,1.0,2.82,0.0,0.0,15.434459200666216,0.0,0.0,0.0,0.0,0.0,0.44462262334160574,0.0,0.0,15.434459200666216,0.0,0.0,623.0130322519399,609.9539504279321,-5.972999872483342e-14,unvalidated-engineering-priors,fixed independent scenario factor; no N cycle,,,,right_censored,BBCH89_full_ripeness,,,
17,ag_095_040,wheat,2025,2024-10-12,2025-06-10,364789.7923446728,1.0,7.980283101005625e-13,5.314859663485549e-12,0.0,0.0,0.04267140235271844,297.21,300.0,0.0,312.4829878672722,304.3778409181711,37.83586646630539,0.0,2.5924957633687846,0.0,19.72855131706629,300.0,0.0,654.6966952517487,9066.675522705851,20586.271813732892,609.9539504279321,530.1462080957488,-3.6137759451548845e-13,unvalidated-engineering-priors,fixed independent scenario factor; no N cycle,2025-04-11,2025-05-22,2025-05-22,full_ripeness,BBCH89_full_ripeness,2024-10-12,seed_layer_available_water,50.0
17,ag_095_040,fallow,2025,2025-06-11,2025-06-14,364789.7923446728,1.0,1.438849039914203e-13,0.0,0.0,0.0,1.0,10.139999999999999,0.0,0.0,7.199132425154912,0.0,0.0,0.0,0.0,0.0,0.033543965398438694,0.0,0.0,7.199132425154912,0.0,0.0,530.1462080957488,533.0535317051955,-8.570921750106208e-14,unvalidated-engineering-priors,fixed independent scenario factor; no N cycle,,,,right_censored,BBCH89_full_ripeness,,,
17,ag_095_040,maize,2025,2025-06-15,2025-10-05,364789.7923446728,1.0,7.815970093361102e-13,3.694822225952521e-12,0.0,0.0,0.03354275471250856,637.58,80.0,0.0,17.18658816760501,209.01670179544445,118.1681949797734,0.0,0.0,0.0,114.55613893053834,80.0,0.0,344.37148494282286,7889.710820403917,17524.451125738913,533.0535317051955,791.7059078318324,1.8715029526106264e-12,unvalidated-engineering-priors,fixed independent scenario factor; no N cycle,2025-08-11,2025-09-24,2025-09-24,physiological_maturity,R6_physiological_maturity,2025-06-15,seed_layer_available_water,50.0
