representative_id,source_zone_id,crop,harvest_year,start_date,end_date,represented_area_ha,fraction,maximum_daily_residual_mm,maximum_carbon_residual_kg_ha,maximum_grain_ceiling_excess_kg_ha,storage_continuity_error_mm,root_extraction_fraction_day,precipitation_mm,irrigation_field_mm,capillary_rise_mm,soil_evaporation_mm,transpiration_mm,canopy_evaporation_mm,application_evaporation_mm,runoff_mm,off_field_drift_mm,bottom_drainage_mm,pump_input_mm,conveyance_loss_mm,et_mm,yield_kg_ha,biomass_kg_ha,initial_storage_mm,final_storage_mm,balance_residual_mm,parameter_version,nutrient_process,anthesis_date,maturity_date,season_end_date,season_end_reason,maturity_definition,germination_start_date,germination_water_response,sowing_depth_mm
21,ag_099_048,fallow,1996,1996-01-01,1996-10-11,615113.668369401,0.0,3.694822225952521e-13,0.0,0.0,0.0,1.0,1099.6,0.0,0.0,694.2960099457056,0.0,0.0,0.0,146.8012446603033,0.0,153.3883869502053,0.0,0.0,694.2960099457056,0.0,0.0,602.822236268816,707.9365947125993,2.495115225542577e-12,unvalidated-engineering-priors,fixed independent scenario factor; no N cycle,,,,right_censored,BBCH89_full_ripeness,,,
21,ag_099_048,wheat,1997,1996-10-12,1997-06-10,615113.668369401,0.0,1.0271783423831948e-12,3.0269120543380268e-12,0.0,0.0,0.04267140235271844,591.17,0.0,0.0,284.9131521288154,181.66176240299586,52.19691730639958,0.0,20.67718387008355,0.0,166.36478243915383,0.0,0.0,518.7718318382108,7264.035715628254,16916.989534254968,707.9365947125993,593.2927965651518,-6.541434061091422e-13,unvalidated-engineering-priors,fixed independent scenario factor; no N cycle,1997-04-19,1997-05-28,1997-05-28,full_ripeness,BBCH89_full_ripeness,1996-10-12,seed_layer_available_water,50.0
21,ag_099_048,fallow,1997,1997-06-11,1997-06-14,615113.668369401,0.0,1.2567724638756772e-13,0.0,0.0,0.0,1.0,0.32,0.0,0.0,9.626407554669672,0.0,0.0,0.0,0.0,0.0,0.10330076597046173,0.0,0.0,9.626407554669672,0.0,0.0,593.2927965651518,583.8830882445116,8.681944052568724e-14,unvalidated-engineering-priors,fixed independent scenario factor; no N cycle,,,,right_censored,BBCH89_full_ripeness,,,
21,ag_099_048,maize,1997,1997-06-15,1997-10-05,615113.668369401,0.0,9.476863738200336e-13,3.353761712787673e-12,0.0,0.0,0.03354275471250856,422.09,0.0,0.0,19.99849372537608,212.53944033892208,59.86184945730114,0.0,63.855738232353886,0.0,55.05518830818403,0.0,0.0,292.3997835215993,8993.98053156579,17376.802756460966,583.8830882445116,594.6623781823747,-3.6784464363393e-13,unvalidated-engineering-priors,fixed independent scenario factor; no N cycle,1997-08-18,,1997-10-05,cut_before_maturity,R6_physiological_maturity,1997-06-25,seed_layer_available_water,50.0
21,ag_099_048,fallow,1997,1997-10-06,1997-10-11,615113.668369401,0.0,1.156852391659413e-13,0.0,0.0,0.0,1.0,0.26,0.0,0.0,15.244127222780335,0.0,0.0,0.0,0.0,0.0,0.10345254974117568,0.0,0.0,15.244127222780335,0.0,0.0,594.6623781823747,579.5747984098533,-1.1546319456101628e-13,unvalidated-engineering-priors,fixed independent scenario factor; no N cycle,,,,right_censored,BBCH89_full_ripeness,,,
21,ag_099_048,wheat,1998,1997-10-12,1998-06-10,615113.668369401,0.0,6.998845947236987e-13,2.7071678232459817e-12,0.0,0.0,0.04267140235271844,785.3,0.0,0.0,362.9444293390716,115.79463363182575,53.92097031333012,0.0,36.249832795191665,0.0,68.43394893660354,0.0,0.0,532.6600332842274,5411.12062242584,12260.759816150996,579.5747984098533,727.5309833938263,4.346523141407488e-12,unvalidated-engineering-priors,fixed independent scenario factor; no N cycle,1998-04-23,1998-06-02,1998-06-02,full_ripeness,BBCH89_full_ripeness,1997-10-26,seed_layer_available_water,50.0
21,ag_099_048,fallow,1998,1998-06-11,1998-06-14,615113.668369401,0.0,1.3855583347321954e-13,0.0,0.0,0.0,1.0,8.49,0.0,0.0,15.01733491113939,0.0,0.0,0.0,0.0,0.0,6.174539367153917,0.0,0.0,15.01733491113939,0.0,0.0,727.5309833938263,714.8291091155332,-2.291500322826323e-13,unvalidated-engineering-priors,fixed independent scenario factor; no N cycle,,,,right_censored,BBCH89_full_ripeness,,,
21,ag_099_048,maize,1998,1998-06-15,1998-10-05,615113.668369401,0.0,1.1040057756872557e-12,2.1316282072803006e-12,0.0,0.0,0.03354275471250856,687.6899999999999,0.0,0.0,19.616979071945682,180.89086330601364,103.78469626066342,0.0,126.26088859777416,0.0,308.7575226343429,0.0,0.0,304.2925386386228,7934.619023477663,14977.769103191646,714.8291091155332,663.2081592447942,-7.219780329137393e-13,unvalidated-engineering-priors,fixed independent scenario factor; no N cycle,1998-08-08,1998-09-18,1998-09-18,physiological_maturity,R6_physiological_maturity,1998-06-15,seed_layer_available_water,50.0
21,ag_099_048,fallow,1998,1998-10-06,1998-10-11,615113.668369401,0.0,1.5365486660812167e-13,0.0,0.0,0.0,1.0,0.81,0.0,0.0,15.527041857991865,0.0,0.0,0.0,0.0,0.0,0.8259150682791423,0.0,0.0,15.527041857991865,0.0,0.0,663.2081592447942,647.6652023185233,-1.021405182655144e-13,unvalidated-engineering-priors,fixed independent scenario factor; no N cycle,,,,right_censored,BBCH89_full_ripeness,,,
21,ag_099_048,wheat,1999,1998-10-12,1999-06-10,615113.668369401,0.0,8.930634010084759e-13,3.183231456205249e-12,0.0,0.0,0.04267140235271844,338.57,0.0,0.0,219.50962003105943,167.64303580361505,58.567628697233594,0.0,0.0,0.0,13.766567857940364,0.0,0.0,445.7202845319081,6709.375498599706,15479.388135870706,647.6652023185233,526.7483499286745,2.829958489769524e-13,unvalidated-engineering-priors,fixed independent scenario factor; no N cycle,1999-04-15,1999-05-24,1999-05-24,full_ripeness,BBCH89_full_ripeness,1998-10-12,seed_layer_available_water,50.0
21,ag_099_048,fallow,1999,1999-06-11,1999-06-14,615113.668369401,0.0,1.4854784069484595e-13,0.0,0.0,0.0,1.0,3.82,0.0,0.0,4.23185670141138,0.0,0.0,0.0,0.0,0.0,0.014225446609746183,0.0,0.0,4.23185670141138,0.0,0.0,526.7483499286745,526.3222677806533,1.1068923555512811e-13,unvalidated-engineering-priors,fixed independent scenario factor; no N cycle,,,,right_censored,BBCH89_full_ripeness,,,
21,ag_099_048,maize,1999,1999-06-15,1999-10-05,615113.668369401,0.0,6.80788758700146e-13,3.637978807091713e-12,0.0,0.0,0.03354275471250856,330.17,0.0,0.0,20.673286087424117,207.29059948460795,72.28556831481103,0.0,0.0,0.0,0.5496290919819277,0.0,0.0,300.24945388684307,7663.221494935719,15465.97465006411,526.3222677806533,555.6931848018264,1.8610113450279187e-12,unvalidated-engineering-priors,fixed independent scenario factor; no N cycle,1999-08-12,1999-09-25,1999-09-25,physiological_maturity,R6_physiological_maturity,1999-06-16,seed_layer_available_water,50.0
21,ag_099_048,fallow,1999,1999-10-06,1999-10-11,615113.668369401,0.0,1.0480505352461478e-13,0.0,0.0,0.0,1.0,7.02,0.0,0.0,13.503175500000001,0.0,0.0,0.0,0.0,0.0,0.001901211139009383,0.0,0.0,13.503175500000001,0.0,0.0,555.6931848018264,549.2081080906875,-5.284661597215745e-14,unvalidated-engineering-priors,fixed independent scenario factor; no N cycle,,,,right_censored,BBCH89_full_ripeness,,,
21,ag_099_048,wheat,2000,1999-10-12,2000-06-10,615113.668369401,0.0,3.206324095117452e-13,2.2168933355715126e-12,0.0,0.0,0.04267140235271844,426.53,0.0,0.0,250.77983107377392,163.80218943762125,32.57503940102971,0.0,3.692632995009143,0.0,1.434104568252327,0.0,0.0,447.1570599124249,3624.4508054175444,10189.369905790596,549.2081080906875,523.4543106150012,-1.0852430065710905e-13,unvalidated-engineering-priors,fixed independent scenario factor; no N cycle,2000-04-17,2000-05-25,2000-05-25,full_ripeness,BBCH89_full_ripeness,1999-10-12,seed_layer_available_water,50.0
21,ag_099_048,fallow,2000,2000-06-11,2000-06-14,615113.668369401,0.0,7.815970093361102e-14,0.0,0.0,0.0,1.0,0.72,0.0,0.0,11.288093442265467,0.0,0.0,0.0,0.0,0.0,0.0007540301744119937,0.0,0.0,11.288093442265467,0.0,0.0,523.4543106150012,512.8854631425613,-1.021405182655144e-14,unvalidated-engineering-priors,fixed independent scenario factor; no N cycle,,,,right_censored,BBCH89_full_ripeness,,,
21,ag_099_048,maize,2000,2000-06-15,2000-10-05,615113.668369401,0.0,1.382893799473095e-12,2.1671553440683056e-12,0.0,0.0,0.03354275471250856,766.89,0.0,0.0,19.46671353670621,131.4899062810181,90.12229931546659,0.0,86.2606304920509,0.0,174.47410005308038,0.0,0.0,241.0789191331909,6914.369757398788,13292.060032195797,512.8854631425613,777.961813464243,-3.9142300511940675e-12,unvalidated-engineering-priors,fixed independent scenario factor; no N cycle,2000-08-14,2000-09-28,2000-09-28,physiological_maturity,R6_physiological_maturity,2000-06-22,seed_layer_available_water,50.0
21,ag_099_048,fallow,2000,2000-10-06,2000-10-11,615113.668369401,0.0,2.2026824808563106e-13,0.0,0.0,0.0,1.0,13.17,0.0,0.0,15.577848399999997,0.0,0.0,0.0,0.0,0.0,15.450347788128934,0.0,0.0,15.577848399999997,0.0,0.0,777.961813464243,760.1036172761138,2.948752353404416e-13,unvalidated-engineering-priors,fixed independent scenario factor; no N cycle,,,,right_censored,BBCH89_full_ripeness,,,
21,ag_099_048,wheat,2001,2000-10-12,2001-06-10,615113.668369401,0.0,5.484501741648273e-13,3.353761712787673e-12,0.0,0.0,0.04267140235271844,416.41,0.0,0.0,265.70462433432834,186.81720202763736,42.48609484834045,0.0,0.0,0.0,157.82338382855744,0.0,0.0,495.0079212103061,7384.632982760136,16585.543382313022,760.1036172761138,523.6823122372535,-3.2869262867052385e-12,unvalidated-engineering-priors,fixed independent scenario factor; no N cycle,2001-04-17,2001-05-27,2001-05-27,full_ripeness,BBCH89_full_ripeness,2000-10-12,seed_layer_available_water,50.0
21,ag_099_048,fallow,2001,2001-06-11,2001-06-14,615113.668369401,0.0,2.1316282072803006e-13,0.0,0.0,0.0,1.0,5.64,0.0,0.0,15.174005897939807,0.0,0.0,0.0,0.0,0.0,0.030911914523659816,0.0,0.0,15.174005897939807,0.0,0.0,523.6823122372535,514.1173944247901,1.021405182655144e-14,unvalidated-engineering-priors,fixed independent scenario factor; no N cycle,,,,right_censored,BBCH89_full_ripeness,,,
21,ag_099_048,maize,2001,2001-06-15,2001-10-05,615113.668369401,0.0,4.0323300254385686e-13,4.604316927725449e-12,0.0,0.0,0.03354275471250856,210.65,0.0,0.0,21.098920744581008,204.1143467555598,70.53384206128109,0.0,0.0,0.0,0.41678592658689845,0.0,0.0,295.7471095614219,8198.14692475179,17017.67470350237,514.1173944247901,428.6034989367805,7.44737604918555e-13,unvalidated-engineering-priors,fixed independent scenario factor; no N cycle,2001-08-12,2001-09-22,2001-09-22,physiological_maturity,R6_physiological_maturity,2001-06-17,seed_layer_available_water,50.0
21,ag_099_048,fallow,2001,2001-10-06,2001-10-11,615113.668369401,0.0,8.482103908136196e-14,0.0,0.0,0.0,1.0,5.3,0.0,0.0,10.777572630932971,0.0,0.0,0.0,0.0,0.0,0.00042771297472365635,0.0,0.0,10.777572630932971,0.0,0.0,428.6034989367805,423.12549859287304,-2.2670754162845697e-13,unvalidated-engineering-priors,fixed independent scenario factor; no N cycle,,,,right_censored,BBCH89_full_ripeness,,,
21,ag_099_048,wheat,2002,2001-10-12,2002-06-10,615113.668369401,0.0,2.424727085781342e-13,1.5347723092418164e-12,0.0,0.0,0.04267140235271844,554.61,0.0,0.0,280.87945108974674,103.02205114372889,52.395778005001546,0.0,0.0,0.0,0.03323315566736507,0.0,0.0,436.2972802384772,4358.997211891504,10366.239301174162,423.12549859287304,541.4049851987277,8.398837181289309e-13,unvalidated-engineering-priors,fixed independent scenario factor; no N cycle,2002-04-10,2002-05-24,2002-05-24,full_ripeness,BBCH89_full_ripeness,2001-10-15,seed_layer_available_water,50.0
21,ag_099_048,fallow,2002,2002-06-11,2002-06-14,615113.668369401,0.0,5.684341886080802e-14,0.0,0.0,0.0,1.0,0.0,0.0,0.0,16.740106381614137,0.0,0.0,0.0,0.0,0.0,0.0042244683177217945,0.0,0.0,16.740106381614137,0.0,0.0,541.4049851987277,524.6606543487959,-8.659739592076221e-14,unvalidated-engineering-priors,fixed independent scenario factor; no N cycle,,,,right_censored,BBCH89_full_ripeness,,,
21,ag_099_048,maize,2002,2002-06-15,2002-10-05,615113.668369401,0.0,1.000088900582341e-12,2.7284841053187847e-12,0.0,0.0,0.03354275471250856,680.97,0.0,0.0,17.129635329823163,203.4543148508562,82.83098604912085,0.0,187.38241739216764,0.0,59.95114076544448,0.0,0.0,303.4149362298002,9492.69098967953,17611.16743632003,524.6606543487959,654.8821599613854,-1.7839618671189328e-12,unvalidated-engineering-priors,fixed independent scenario factor; no N cycle,2002-08-16,2002-10-01,2002-10-01,physiological_maturity,R6_physiological_maturity,2002-06-20,seed_layer_available_water,50.0
21,ag_099_048,fallow,2002,2002-10-06,2002-10-11,615113.668369401,0.0,1.6431300764452317e-13,0.0,0.0,0.0,1.0,0.0,0.0,0.0,18.02454251727394,0.0,0.0,0.0,0.0,0.0,0.5780722235203832,0.0,0.0,18.02454251727394,0.0,0.0,654.8821599613854,636.2795452205912,-1.8540724511240114e-13,unvalidated-engineering-priors,fixed independent scenario factor; no N cycle,,,,right_censored,BBCH89_full_ripeness,,,
21,ag_099_048,wheat,2003,2002-10-12,2003-06-10,615113.668369401,0.0,1.0862422072932532e-12,2.9842794901924208e-12,0.0,0.0,0.04267140235271844,514.5,0.0,0.0,270.10049861360966,137.70417625969438,60.58997410510808,0.0,6.88036198224267,0.0,30.233043422327363,0.0,0.0,468.3946489784121,6062.11803451673,14009.718995875963,636.2795452205912,645.2714908376026,6.439071498220983e-12,unvalidated-engineering-priors,fixed independent scenario factor; no N cycle,2003-04-24,2003-05-31,2003-05-31,full_ripeness,BBCH89_full_ripeness,2002-10-18,seed_layer_available_water,50.0
21,ag_099_048,fallow,2003,2003-06-11,2003-06-14,615113.668369401,0.0,2.6556534749033744e-13,0.0,0.0,0.0,1.0,11.120000000000001,0.0,0.0,14.08439722891794,0.0,0.0,0.0,0.0,0.0,0.965362239087976,0.0,0.0,14.08439722891794,0.0,0.0,645.2714908376026,641.341731369597,-3.0242475190789264e-13,unvalidated-engineering-priors,fixed independent scenario factor; no N cycle,,,,right_censored,BBCH89_full_ripeness,,,
21,ag_099_048,maize,2003,2003-06-15,2003-10-05,615113.668369401,0.0,8.251177519014163e-13,3.3573144264664734e-12,0.0,0.0,0.03354275471250856,978.8199999999999,0.0,0.0,19.81956142318617,99.28163097410409,75.02502716045173,0.0,210.62737847689547,0.0,438.5763515910728,0.0,0.0,194.126219557742,5819.672652392975,10803.71784886139,641.341731369597,776.831781743885,1.743105659812727e-12,unvalidated-engineering-priors,fixed independent scenario factor; no N cycle,2003-08-19,,2003-10-05,cut_before_maturity,R6_physiological_maturity,2003-06-21,seed_layer_available_water,50.0
21,ag_099_048,fallow,2003,2003-10-06,2003-10-11,615113.668369401,0.0,9.50350909079134e-14,0.0,0.0,0.0,1.0,75.24,0.0,0.0,11.526430600000001,0.0,0.0,0.0,28.273155007027103,0.0,10.5851707051855,0.0,0.0,11.526430600000001,0.0,0.0,776.831781743885,801.6870254316723,1.2789769243681803e-13,unvalidated-engineering-priors,fixed independent scenario factor; no N cycle,,,,right_censored,BBCH89_full_ripeness,,,
21,ag_099_048,wheat,2004,2003-10-12,2004-06-10,615113.668369401,0.0,7.87370169064161e-13,5.137223979545524e-12,0.0,0.0,0.04267140235271844,406.76,0.0,0.0,307.5983970663037,228.36786808841137,57.37729033528782,0.0,0.0,0.0,96.7588681172517,0.0,0.0,593.3435554900028,8454.762692602628,19656.631434260165,801.6870254316723,518.3446018244144,3.2924774018283642e-12,unvalidated-engineering-priors,fixed independent scenario factor; no N cycle,2004-04-12,2004-05-21,2004-05-21,full_ripeness,BBCH89_full_ripeness,2003-10-12,seed_layer_available_water,50.0
21,ag_099_048,fallow,2004,2004-06-11,2004-06-14,615113.668369401,0.0,7.815970093361102e-14,0.0,0.0,0.0,1.0,43.69,0.0,0.0,7.32912620591463,0.0,0.0,0.0,0.0,0.0,0.008075988863434514,0.0,0.0,7.32912620591463,0.0,0.0,518.3446018244144,554.6973996296365,-1.2012613126444194e-13,unvalidated-engineering-priors,fixed independent scenario factor; no N cycle,,,,right_censored,BBCH89_full_ripeness,,,
21,ag_099_048,maize,2004,2004-06-15,2004-10-05,615113.668369401,0.0,1.0342837697407958e-12,6.0254023992456496e-12,0.0,0.0,0.03354275471250856,608.57,0.0,0.0,15.956075333445279,203.5484869777012,107.96126224809257,0.0,110.35703102160535,0.0,34.253359598172075,0.0,0.0,327.465824559239,9703.192482354802,18415.450148210268,554.6973996296365,691.1911844506159,4.141520459910453e-12,unvalidated-engineering-priors,fixed independent scenario factor; no N cycle,2004-08-10,2004-09-25,2004-09-25,physiological_maturity,R6_physiological_maturity,2004-06-15,seed_layer_available_water,50.0
21,ag_099_048,fallow,2004,2004-10-06,2004-10-11,615113.668369401,0.0,2.0250467969162855e-13,0.0,0.0,0.0,1.0,0.01,0.0,0.0,17.628437070799226,0.0,0.0,0.0,0.0,0.0,1.270054401231136,0.0,0.0,17.628437070799226,0.0,0.0,691.1911844506159,672.3026929785855,4.75175454539567e-14,unvalidated-engineering-priors,fixed independent scenario factor; no N cycle,,,,right_censored,BBCH89_full_ripeness,,,
21,ag_099_048,wheat,2005,2004-10-12,2005-06-10,615113.668369401,0.0,2.9665159217984183e-13,5.5706550483591855e-12,0.0,0.0,0.04267140235271844,395.83,0.0,0.0,197.85196971275857,220.27488646339324,72.78498096012375,0.0,0.0,0.0,20.34085938433063,0.0,0.0,490.9118371362756,8188.491542925814,19248.6942150738,672.3026929785855,556.8799964579758,3.4232616741292077e-12,unvalidated-engineering-priors,fixed independent scenario factor; no N cycle,2005-04-24,2005-05-31,2005-05-31,full_ripeness,BBCH89_full_ripeness,2004-10-12,seed_layer_available_water,50.0
21,ag_099_048,fallow,2005,2005-06-11,2005-06-14,615113.668369401,0.0,1.5187850976872141e-13,0.0,0.0,0.0,1.0,0.0,0.0,0.0,22.313314943360453,0.0,0.0,0.0,0.0,0.0,0.004831607590938443,0.0,0.0,22.313314943360453,0.0,0.0,556.8799964579758,534.5618499070247,-2.3714363805993344e-13,unvalidated-engineering-priors,fixed independent scenario factor; no N cycle,,,,right_censored,BBCH89_full_ripeness,,,
21,ag_099_048,maize,2005,2005-06-15,2005-10-05,615113.668369401,0.0,1.2931877790833823e-12,2.8990143619012088e-12,0.0,0.0,0.03354275471250856,912.67,0.0,0.0,17.553077022632817,142.30373656528428,116.21135091339248,0.0,194.87086434150473,0.0,195.39020138833303,0.0,0.0,276.0681645013096,7052.561306442344,14633.75569116672,534.5618499070247,780.9026196758741,3.2335245592207684e-12,unvalidated-engineering-priors,fixed independent scenario factor; no N cycle,2005-08-08,2005-09-22,2005-09-22,physiological_maturity,R6_physiological_maturity,2005-06-15,seed_layer_available_water,50.0
21,ag_099_048,fallow,2005,2005-10-06,2005-10-11,615113.668369401,0.0,1.4210854715202004e-13,0.0,0.0,0.0,1.0,3.69,0.0,0.0,18.520511699999993,0.0,0.0,0.0,0.0,0.0,16.571585655696225,0.0,0.0,18.520511699999993,0.0,0.0,780.9026196758741,749.5005223201778,1.3722356584366935e-13,unvalidated-engineering-priors,fixed independent scenario factor; no N cycle,,,,right_censored,BBCH89_full_ripeness,,,
21,ag_099_048,wheat,2006,2005-10-12,2006-06-10,615113.668369401,0.0,3.597122599785507e-13,4.035882739117369e-12,0.0,0.0,0.04267140235271844,273.54,0.0,0.0,208.74607522904012,238.2171152975985,53.223799636716585,0.0,0.0,0.0,55.43939333737743,0.0,0.0,500.1869901633552,8359.62094496874,19588.11485603349,749.5005223201778,467.4141388194466,-1.450062292462917e-12,unvalidated-engineering-priors,fixed independent scenario factor; no N cycle,2006-04-18,2006-05-27,2006-05-27,full_ripeness,BBCH89_full_ripeness,2005-10-12,seed_layer_available_water,50.0
21,ag_099_048,fallow,2006,2006-06-11,2006-06-14,615113.668369401,0.0,8.626432901337466e-14,0.0,0.0,0.0,1.0,5.6899999999999995,0.0,0.0,4.942142329351991,0.0,0.0,0.0,0.0,0.0,0.0032877975724085744,0.0,0.0,4.942142329351991,0.0,0.0,467.4141388194466,468.15870869252217,8.770761894538737e-15,unvalidated-engineering-priors,fixed independent scenario factor; no N cycle,,,,right_censored,BBCH89_full_ripeness,,,
21,ag_099_048,maize,2006,2006-06-15,2006-10-05,615113.668369401,0.0,1.2514433933574765e-12,1.8900436771218665e-12,7.105427357601002e-15,0.0,0.03354275471250856,471.99,0.0,0.0,19.50910863386725,158.02935298115366,94.6486776661393,0.0,0.0,0.0,7.093152823678055,0.0,0.0,272.1871392811602,8088.296459080681,15584.373455082961,468.15870869252217,660.8684165876831,7.815137426092633e-13,unvalidated-engineering-priors,fixed independent scenario factor; no N cycle,2006-08-14,2006-09-28,2006-09-28,physiological_maturity,R6_physiological_maturity,2006-06-21,seed_layer_available_water,50.0
21,ag_099_048,fallow,2006,2006-10-06,2006-10-11,615113.668369401,0.0,1.0969003483296547e-13,0.0,0.0,0.0,1.0,0.36,0.0,0.0,18.48471914149005,0.0,0.0,0.0,0.0,0.0,0.3471431356297986,0.0,0.0,18.48471914149005,0.0,0.0,660.8684165876831,642.3965543105636,-3.490541189421492e-13,unvalidated-engineering-priors,fixed independent scenario factor; no N cycle,,,,right_censored,BBCH89_full_ripeness,,,
21,ag_099_048,wheat,2007,2006-10-12,2007-06-10,615113.668369401,0.0,4.9649173661237e-13,3.240074875066057e-12,0.0,0.0,0.04267140235271844,345.03000000000003,0.0,0.0,241.76701124766083,208.0517464048794,54.03830825843924,0.0,0.0,0.0,9.825474826729062,0.0,0.0,503.8570659109795,8291.700274591336,18390.68438952769,642.3965543105636,473.74401357285376,1.31250565971186e-12,unvalidated-engineering-priors,fixed independent scenario factor; no N cycle,2007-04-15,2007-05-25,2007-05-25,full_ripeness,BBCH89_full_ripeness,2006-10-12,seed_layer_available_water,50.0
21,ag_099_048,fallow,2007,2007-06-11,2007-06-14,615113.668369401,0.0,4.629630012686903e-14,0.0,0.0,0.0,1.0,0.02,0.0,0.0,3.591876167472324,0.0,0.0,0.0,0.0,0.0,0.0038054919376725067,0.0,0.0,3.591876167472324,0.0,0.0,473.74401357285376,470.1683319134438,-4.463096558993129e-14,unvalidated-engineering-priors,fixed independent scenario factor; no N cycle,,,,right_censored,BBCH89_full_ripeness,,,
21,ag_099_048,maize,2007,2007-06-15,2007-10-05,615113.668369401,0.0,1.0453859999870474e-12,1.9895196601282805e-12,0.0,0.0,0.03354275471250856,799.02,0.0,0.0,20.899960812766626,138.45026832565898,77.51605990919425,0.0,121.86790318118898,0.0,210.2088510935599,0.0,0.0,236.8662890476199,6561.6206096951455,12849.996328516558,470.1683319134438,700.2452885910753,-2.902955653638628e-13,unvalidated-engineering-priors,fixed independent scenario factor; no N cycle,2007-08-14,2007-09-26,2007-09-26,physiological_maturity,R6_physiological_maturity,2007-06-19,seed_layer_available_water,50.0
21,ag_099_048,fallow,2007,2007-10-06,2007-10-11,615113.668369401,0.0,1.6564527527407336e-13,0.0,0.0,0.0,1.0,0.03,0.0,0.0,20.143387124254765,0.0,0.0,0.0,0.0,0.0,1.8039290318409351,0.0,0.0,20.143387124254765,0.0,0.0,700.2452885910753,678.3279724349795,1.056932319443149e-13,unvalidated-engineering-priors,fixed independent scenario factor; no N cycle,,,,right_censored,BBCH89_full_ripeness,,,
21,ag_099_048,wheat,2008,2007-10-12,2008-06-10,615113.668369401,0.0,9.272582701669307e-13,6.16751094639767e-12,0.0,0.0,0.04267140235271844,430.25,0.0,0.0,230.51156901804822,247.4057338767647,57.56937765570659,0.0,0.0,0.0,23.99361438670387,0.0,0.0,535.4866805505195,9820.158917679004,21768.119804857502,678.3279724349795,549.0976774977572,-1.0880740752838847e-12,unvalidated-engineering-priors,fixed independent scenario factor; no N cycle,2008-04-18,2008-05-28,2008-05-28,full_ripeness,BBCH89_full_ripeness,2007-10-12,seed_layer_available_water,50.0
21,ag_099_048,fallow,2008,2008-06-11,2008-06-14,615113.668369401,0.0,8.348877145181177e-14,0.0,0.0,0.0,1.0,1.51,0.0,0.0,6.1194782335375955,0.0,0.0,0.0,0.0,0.0,0.013376122631320523,0.0,0.0,6.1194782335375955,0.0,0.0,549.0976774977572,544.4748231415882,8.393286066166183e-14,unvalidated-engineering-priors,fixed independent scenario factor; no N cycle,,,,right_censored,BBCH89_full_ripeness,,,
21,ag_099_048,maize,2008,2008-06-15,2008-10-05,615113.668369401,0.0,1.1715073355844652e-12,2.0463630789890885e-12,0.0,0.0,0.03354275471250856,617.89,0.0,0.0,18.29849119982739,148.80048981820642,81.24548128103886,0.0,35.17815194541977,0.0,151.52289536076327,0.0,0.0,248.3444622990727,7508.599167336857,14221.566635070418,544.4748231415882,727.3193135363298,2.6895291549422495e-12,unvalidated-engineering-priors,fixed independent scenario factor; no N cycle,2008-08-14,2008-09-30,2008-09-30,physiological_maturity,R6_physiological_maturity,2008-06-21,seed_layer_available_water,50.0
21,ag_099_048,fallow,2008,2008-10-06,2008-10-11,615113.668369401,0.0,9.85878045867139e-14,0.0,0.0,0.0,1.0,0.21000000000000002,0.0,0.0,14.821354499999998,0.0,0.0,0.0,0.0,0.0,3.4451293917431096,0.0,0.0,14.821354499999998,0.0,0.0,727.3193135363298,709.2628296445865,1.474376176702208e-13,unvalidated-engineering-priors,fixed independent scenario factor; no N cycle,,,,right_censored,BBCH89_full_ripeness,,,
21,ag_099_048,wheat,2009,2008-10-12,2009-06-10,615113.668369401,0.0,3.6637359812630166e-13,4.888534022029489e-12,0.0,0.0,0.04267140235271844,321.76,0.0,0.0,241.04047277406534,212.37264573048344,54.880825892106174,0.0,0.0,0.0,33.832004029389914,0.0,0.0,508.2939443966549,7989.311207041556,18000.445694206872,709.2628296445865,488.8968812185433,-1.6107670752774084e-12,unvalidated-engineering-priors,fixed independent scenario factor; no N cycle,2009-04-15,2009-05-24,2009-05-24,full_ripeness,BBCH89_full_ripeness,2008-10-12,seed_layer_available_water,50.0
21,ag_099_048,fallow,2009,2009-06-11,2009-06-14,615113.668369401,0.0,6.261657858885883e-14,0.0,0.0,0.0,1.0,0.5700000000000001,0.0,0.0,7.492295629755835,0.0,0.0,0.0,0.0,0.0,0.0034949502311474303,0.0,0.0,7.492295629755835,0.0,0.0,488.8968812185433,481.9710906385563,1.199040866595169e-14,unvalidated-engineering-priors,fixed independent scenario factor; no N cycle,,,,right_censored,BBCH89_full_ripeness,,,
21,ag_099_048,maize,2009,2009-06-15,2009-10-05,615113.668369401,0.0,8.817391261572993e-13,2.5011104298755527e-12,0.0,0.0,0.03354275471250856,397.37,0.0,0.0,19.431387717331482,177.78183172343478,69.95318274484632,0.0,0.0,0.0,0.2922630216008543,0.0,0.0,267.1664021856126,7595.001573907587,14599.435795569381,481.9710906385563,611.8824254313434,-6.036282584886976e-13,unvalidated-engineering-priors,fixed independent scenario factor; no N cycle,2009-08-14,2009-09-30,2009-09-30,physiological_maturity,R6_physiological_maturity,2009-06-20,seed_layer_available_water,50.0
21,ag_099_048,fallow,2009,2009-10-06,2009-10-11,615113.668369401,0.0,1.9584334154387761e-13,0.0,0.0,0.0,1.0,1.85,0.0,0.0,16.903399132201237,0.0,0.0,0.0,0.0,0.0,0.03944141314958736,0.0,0.0,16.903399132201237,0.0,0.0,611.8824254313434,596.789584885993,-3.8480330033507926e-13,unvalidated-engineering-priors,fixed independent scenario factor; no N cycle,,,,right_censored,BBCH89_full_ripeness,,,
21,ag_099_048,wheat,2010,2009-10-12,2010-06-10,615113.668369401,0.0,6.825651155395462e-13,3.723243935382925e-12,0.0,0.0,0.04267140235271844,438.37,0.0,0.0,233.80940858999617,202.85541963090364,63.92200530820888,0.0,0.0,0.0,2.5720887115529143,0.0,0.0,500.5868335291087,7929.183946430345,18438.525267990262,596.789584885993,532.0006626453328,-1.394717674685353e-12,unvalidated-engineering-priors,fixed independent scenario factor; no N cycle,2010-04-29,2010-06-06,2010-06-06,full_ripeness,BBCH89_full_ripeness,2009-10-12,seed_layer_available_water,50.0
21,ag_099_048,fallow,2010,2010-06-11,2010-06-14,615113.668369401,0.0,1.4876988529977098e-13,0.0,0.0,0.0,1.0,0.09,0.0,0.0,18.46391895644175,0.0,0.0,0.0,0.0,0.0,0.001936927699336425,0.0,0.0,18.46391895644175,0.0,0.0,532.0006626453328,513.6248067611915,2.0117241206207837e-13,unvalidated-engineering-priors,fixed independent scenario factor; no N cycle,,,,right_censored,BBCH89_full_ripeness,,,
21,ag_099_048,maize,2010,2010-06-15,2010-10-05,615113.668369401,0.0,1.1288747714388592e-12,2.7569058147491887e-12,0.0,0.0,0.03354275471250856,445.4,0.0,0.0,18.28429316204253,172.88013572635032,110.41415170752562,0.0,5.530584936089614,0.0,1.2629102109072265,0.0,0.0,301.5785805959185,7554.906185740319,15478.475982967797,513.6248067611915,650.6527310182781,-1.94691485155829e-12,unvalidated-engineering-priors,fixed independent scenario factor; no N cycle,2010-08-08,2010-09-20,2010-09-20,physiological_maturity,R6_physiological_maturity,2010-06-15,seed_layer_available_water,50.0
21,ag_099_048,fallow,2010,2010-10-06,2010-10-11,615113.668369401,0.0,1.7541523789077473e-13,0.0,0.0,0.0,1.0,0.6,0.0,0.0,19.948115382453242,0.0,0.0,0.0,0.0,0.0,0.20922456184050137,0.0,0.0,19.948115382453242,0.0,0.0,650.6527310182781,631.0953910739846,-2.255973186038318e-13,unvalidated-engineering-priors,fixed independent scenario factor; no N cycle,,,,right_censored,BBCH89_full_ripeness,,,
21,ag_099_048,wheat,2011,2010-10-12,2011-06-10,615113.668369401,0.0,4.2588155224621005e-13,1.6981971384666394e-12,0.0,0.0,0.04267140235271844,152.6,0.0,0.0,161.68583922540785,176.51714044842404,22.852901389946002,0.0,0.0,0.0,6.59028466139958,0.0,0.0,361.0558810637779,3706.158378641579,9871.200344329574,631.0953910739846,416.04922534880814,-1.0023926133584382e-12,unvalidated-engineering-priors,fixed independent scenario factor; no N cycle,2011-04-19,2011-05-30,2011-05-30,full_ripeness,BBCH89_full_ripeness,2010-10-12,seed_layer_available_water,50.0
21,ag_099_048,fallow,2011,2011-06-11,2011-06-14,615113.668369401,0.0,1.0236256287043943e-13,0.0,0.0,0.0,1.0,21.4,0.0,0.0,7.105903768160906,0.0,0.0,0.0,0.0,0.0,0.0007181619976707554,0.0,0.0,7.105903768160906,0.0,0.0,416.04922534880814,430.34260341864945,1.1191048088221578e-13,unvalidated-engineering-priors,fixed independent scenario factor; no N cycle,,,,right_censored,BBCH89_full_ripeness,,,
21,ag_099_048,maize,2011,2011-06-15,2011-10-05,615113.668369401,0.0,5.946354519892338e-13,3.211653165635653e-12,0.0,0.0,0.03354275471250856,406.55,0.0,0.0,19.81101138034084,151.23357635017553,92.82071986811994,0.0,0.0,0.0,0.07904375304292699,0.0,0.0,263.8653075986363,7146.53156810982,14250.579406457746,430.34260341864945,572.9482520669701,1.2351231148954867e-13,unvalidated-engineering-priors,fixed independent scenario factor; no N cycle,2011-08-10,2011-09-27,2011-09-27,physiological_maturity,R6_physiological_maturity,2011-06-15,seed_layer_available_water,50.0
21,ag_099_048,fallow,2011,2011-10-06,2011-10-11,615113.668369401,0.0,1.1368683772161603e-13,0.0,0.0,0.0,1.0,2.54,0.0,0.0,18.687417809585238,0.0,0.0,0.0,0.0,0.0,0.010244244242266765,0.0,0.0,18.687417809585238,0.0,0.0,572.9482520669701,556.7905900131425,1.0347278589506459e-13,unvalidated-engineering-priors,fixed independent scenario factor; no N cycle,,,,right_censored,BBCH89_full_ripeness,,,
21,ag_099_048,wheat,2012,2011-10-12,2012-06-10,615113.668369401,0.0,3.008704396734174e-13,1.6626700016786344e-12,0.0,0.0,0.04267140235271844,272.93,0.0,0.0,227.78158817320437,148.1642178956188,31.975779568240284,0.0,0.0,0.0,0.8564136059386264,0.0,0.0,407.92158563706346,4067.396633780678,10253.447908774131,556.7905900131425,420.9425907701421,-1.6937562463681388e-12,unvalidated-engineering-priors,fixed independent scenario factor; no N cycle,2012-04-22,2012-05-28,2012-05-28,full_ripeness,BBCH89_full_ripeness,2011-10-12,seed_layer_available_water,50.0
21,ag_099_048,fallow,2012,2012-06-11,2012-06-14,615113.668369401,0.0,7.949196856316121e-14,0.0,0.0,0.0,1.0,0.44,0.0,0.0,1.6747666328118695,0.0,0.0,0.0,0.0,0.0,0.0007262387651628323,0.0,0.0,1.6747666328118695,0.0,0.0,420.9425907701421,419.7070978985649,1.7524870443708096e-13,unvalidated-engineering-priors,fixed independent scenario factor; no N cycle,,,,right_censored,BBCH89_full_ripeness,,,
21,ag_099_048,maize,2012,2012-06-15,2012-10-05,615113.668369401,0.0,8.855138844410249e-13,2.3874235921539366e-12,0.0,0.0,0.03354275471250856,462.43,0.0,0.0,17.18919906727529,203.01018554831333,59.32526276139943,0.0,3.678176133690359,0.0,0.4340932699616442,0.0,0.0,279.52464737698807,8783.207910270234,16344.930568752166,419.7070978985649,598.500181117923,1.7876325419940997e-12,unvalidated-engineering-priors,fixed independent scenario factor; no N cycle,2012-08-21,,2012-10-05,cut_before_maturity,R6_physiological_maturity,2012-06-28,seed_layer_available_water,50.0
21,ag_099_048,fallow,2012,2012-10-06,2012-10-11,615113.668369401,0.0,2.2870594307278225e-13,0.0,0.0,0.0,1.0,0.02,0.0,0.0,17.807825912768724,0.0,0.0,0.0,0.0,0.0,0.05155508610371849,0.0,0.0,17.807825912768724,0.0,0.0,598.500181117923,580.6608001190508,-2.1360690993788012e-13,unvalidated-engineering-priors,fixed independent scenario factor; no N cycle,,,,right_censored,BBCH89_full_ripeness,,,
21,ag_099_048,wheat,2013,2012-10-12,2013-06-10,615113.668369401,0.0,4.3165471197426086e-13,2.8137492336099967e-12,0.0,0.0,0.04267140235271844,339.04,0.0,0.0,270.54403857533305,149.78349944394358,37.045910628188956,0.0,0.0,0.0,2.0588280654062094,0.0,0.0,457.3734486474656,3922.914688126062,10174.937007252163,580.6608001190508,460.2685234061811,-2.0754509222342676e-12,unvalidated-engineering-priors,fixed independent scenario factor; no N cycle,2013-04-21,2013-05-30,2013-05-30,full_ripeness,BBCH89_full_ripeness,2012-10-16,seed_layer_available_water,50.0
21,ag_099_048,fallow,2013,2013-06-11,2013-06-14,615113.668369401,0.0,6.861178292183467e-14,0.0,0.0,0.0,1.0,1.55,0.0,0.0,6.239525641032973,0.0,0.0,0.0,0.0,0.0,0.0007922686748447674,0.0,0.0,6.239525641032973,0.0,0.0,460.2685234061811,455.57820549647323,4.04121180963557e-14,unvalidated-engineering-priors,fixed independent scenario factor; no N cycle,,,,right_censored,BBCH89_full_ripeness,,,
21,ag_099_048,maize,2013,2013-06-15,2013-10-05,615113.668369401,0.0,6.279421427279885e-13,2.8990143619012088e-12,0.0,0.0,0.03354275471250856,423.51,0.0,0.0,21.70991839856722,209.21974700067398,64.64012749113972,0.0,0.0,0.0,0.035035201808636895,0.0,0.0,295.56979289038094,7716.081711261574,16350.293584229254,455.57820549647323,583.4833774042834,3.043260088375632e-13,unvalidated-engineering-priors,fixed independent scenario factor; no N cycle,2013-08-15,2013-09-30,2013-09-30,physiological_maturity,R6_physiological_maturity,2013-06-20,seed_layer_available_water,50.0
21,ag_099_048,fallow,2013,2013-10-06,2013-10-11,615113.668369401,0.0,1.2034817586936697e-13,0.0,0.0,0.0,1.0,0.0,0.0,0.0,20.779939070412755,0.0,0.0,0.0,0.0,0.0,0.008256489568231782,0.0,0.0,20.779939070412755,0.0,0.0,583.4833774042834,562.6951818443022,2.1938006966593093e-13,unvalidated-engineering-priors,fixed independent scenario factor; no N cycle,,,,right_censored,BBCH89_full_ripeness,,,
21,ag_099_048,wheat,2014,2013-10-12,2014-06-10,615113.668369401,0.0,3.008704396734174e-13,2.8137492336099967e-12,0.0,0.0,0.04267140235271844,302.25,0.0,0.0,236.6830334379735,138.45294831177466,48.783669423715956,0.0,0.0,0.0,0.6123693283419469,0.0,0.0,423.9196511734641,5256.7096685002125,11989.416874375602,562.6951818443022,440.4131613424976,-1.4779844015322396e-12,unvalidated-engineering-priors,fixed independent scenario factor; no N cycle,2014-04-13,2014-05-23,2014-05-23,full_ripeness,BBCH89_full_ripeness,2013-10-12,seed_layer_available_water,50.0
21,ag_099_048,fallow,2014,2014-06-11,2014-06-14,615113.668369401,0.0,4.651834473179406e-14,0.0,0.0,0.0,1.0,3.7199999999999998,0.0,0.0,3.4489746625417474,0.0,0.0,0.0,0.0,0.0,0.0007569351152841965,0.0,0.0,3.4489746625417474,0.0,0.0,440.4131613424976,440.68342974484045,8.948397578478762e-14,unvalidated-engineering-priors,fixed independent scenario factor; no N cycle,,,,right_censored,BBCH89_full_ripeness,,,
21,ag_099_048,maize,2014,2014-06-15,2014-10-05,615113.668369401,0.0,8.590905764549461e-13,2.1884716261411086e-12,0.0,0.0,0.03354275471250856,444.9,0.0,0.0,22.22535211669888,92.7711996665172,68.24682475461206,0.0,2.6621556812960048,0.0,0.7998261395957936,0.0,0.0,183.24337653782814,5055.299925173819,11041.47621568728,440.68342974484045,698.878071386122,-1.4744871990046704e-12,unvalidated-engineering-priors,fixed independent scenario factor; no N cycle,2014-08-12,2014-09-28,2014-09-28,physiological_maturity,R6_physiological_maturity,2014-06-16,seed_layer_available_water,50.0
21,ag_099_048,fallow,2014,2014-10-06,2014-10-11,615113.668369401,0.0,1.4033219031261979e-13,0.0,0.0,0.0,1.0,0.0,0.0,0.0,19.92708990910683,0.0,0.0,0.0,0.0,0.0,0.8097651892223298,0.0,0.0,19.92708990910683,0.0,0.0,698.878071386122,678.1412162877925,2.8377300509419e-13,unvalidated-engineering-priors,fixed independent scenario factor; no N cycle,,,,right_censored,BBCH89_full_ripeness,,,
21,ag_099_048,wheat,2015,2014-10-12,2015-06-10,615113.668369401,0.0,7.833733661755105e-13,3.410605131648481e-12,0.0,0.0,0.04267140235271844,401.98,0.0,0.0,274.1358223148752,186.84367761858084,59.251083077108625,0.0,0.0,0.0,25.803987199359455,0.0,0.0,520.2305830105647,7612.416223900636,17371.77922137731,678.1412162877925,534.0866460778636,4.740541292846956e-12,unvalidated-engineering-priors,fixed independent scenario factor; no N cycle,2015-04-18,2015-05-25,2015-05-25,full_ripeness,BBCH89_full_ripeness,2014-10-12,seed_layer_available_water,50.0
21,ag_099_048,fallow,2015,2015-06-11,2015-06-14,615113.668369401,0.0,1.745270594710746e-13,0.0,0.0,0.0,1.0,0.0,0.0,0.0,5.999113068386101,0.0,0.0,0.0,0.0,0.0,0.02042385333273304,0.0,0.0,5.999113068386101,0.0,0.0,534.0866460778636,528.0671091561447,6.128431095930864e-14,unvalidated-engineering-priors,fixed independent scenario factor; no N cycle,,,,right_censored,BBCH89_full_ripeness,,,
21,ag_099_048,maize,2015,2015-06-15,2015-10-05,615113.668369401,0.0,1.1155520951433573e-12,3.183231456205249e-12,0.0,0.0,0.03354275471250856,508.64,0.0,0.0,18.88700612215219,215.80850347186822,49.93917965574902,0.0,65.3406717845615,0.0,35.142851273697694,0.0,0.0,284.63468924976945,8378.172752216922,15964.591537048795,528.0671091561447,651.5888968481148,1.287081552447944e-12,unvalidated-engineering-priors,fixed independent scenario factor; no N cycle,2015-08-13,2015-09-27,2015-09-27,physiological_maturity,R6_physiological_maturity,2015-06-17,seed_layer_available_water,50.0
21,ag_099_048,fallow,2015,2015-10-06,2015-10-11,615113.668369401,0.0,1.1812772982011666e-13,0.0,0.0,0.0,1.0,5.1899999999999995,0.0,0.0,17.488778278917987,0.0,0.0,0.0,0.0,0.0,0.2615775429677196,0.0,0.0,17.488778278917987,0.0,0.0,651.5888968481148,639.028541026229,5.639932965095795e-14,unvalidated-engineering-priors,fixed independent scenario factor; no N cycle,,,,right_censored,BBCH89_full_ripeness,,,
21,ag_099_048,wheat,2016,2015-10-12,2016-06-10,615113.668369401,0.0,4.818367926873179e-13,3.3359981443936704e-12,0.0,0.0,0.04267140235271844,450.44,0.0,0.0,293.6605325269598,177.81044207932118,49.671081693415736,0.0,0.0,0.0,11.38433302271508,0.0,0.0,521.1420562996967,6969.060416958252,16021.162078104218,639.028541026229,556.9421517038179,-6.684097719755755e-13,unvalidated-engineering-priors,fixed independent scenario factor; no N cycle,2016-04-14,2016-05-23,2016-05-23,full_ripeness,BBCH89_full_ripeness,2015-10-12,seed_layer_available_water,50.0
21,ag_099_048,fallow,2016,2016-06-11,2016-06-14,615113.668369401,0.0,1.7141843500212417e-13,0.0,0.0,0.0,1.0,8.44,0.0,0.0,16.237469631119385,0.0,0.0,0.0,0.0,0.0,0.007936911722074901,0.0,0.0,16.237469631119385,0.0,0.0,556.9421517038179,549.1367451609765,-4.929390229335695e-14,unvalidated-engineering-priors,fixed independent scenario factor; no N cycle,,,,right_censored,BBCH89_full_ripeness,,,
21,ag_099_048,maize,2016,2016-06-15,2016-10-05,615113.668369401,0.0,1.0036416142611415e-12,3.666400516522117e-12,0.0,0.0,0.03354275471250856,478.68,0.0,0.0,17.80837334811144,238.3218144547839,64.74945871617129,0.0,73.534789186807,0.0,6.951911281967374,0.0,0.0,320.8796465190666,9036.747578706414,17109.035186956477,549.1367451609765,626.450398173138,-2.4579782653688653e-12,unvalidated-engineering-priors,fixed independent scenario factor; no N cycle,2016-08-10,2016-09-20,2016-09-20,physiological_maturity,R6_physiological_maturity,2016-06-15,seed_layer_available_water,50.0
21,ag_099_048,fallow,2016,2016-10-06,2016-10-11,615113.668369401,0.0,1.0080825063596421e-13,0.0,0.0,0.0,1.0,0.25,0.0,0.0,15.942508599999996,0.0,0.0,0.0,0.0,0.0,0.050620649612108964,0.0,0.0,15.942508599999996,0.0,0.0,626.450398173138,610.7072689235259,-8.038014698286133e-14,unvalidated-engineering-priors,fixed independent scenario factor; no N cycle,,,,right_censored,BBCH89_full_ripeness,,,
21,ag_099_048,wheat,2017,2016-10-12,2017-06-10,615113.668369401,0.0,8.042455590384634e-13,3.637978807091713e-12,0.0,0.0,0.04267140235271844,537.22,0.0,0.0,304.9819817241694,170.35805049133228,49.47248133050428,0.0,0.0,0.0,36.26632082989808,0.0,0.0,524.8125135460059,6628.081627024937,15393.964554960705,610.7072689235259,586.8484345476187,3.22830651100503e-12,unvalidated-engineering-priors,fixed independent scenario factor; no N cycle,2017-04-13,2017-05-21,2017-05-21,full_ripeness,BBCH89_full_ripeness,2016-10-12,seed_layer_available_water,50.0
21,ag_099_048,fallow,2017,2017-06-11,2017-06-14,615113.668369401,0.0,1.9184653865522705e-13,0.0,0.0,0.0,1.0,0.19,0.0,0.0,18.54425829720791,0.0,0.0,0.0,0.0,0.0,0.026240556257674075,0.0,0.0,18.54425829720791,0.0,0.0,586.8484345476187,568.4679356941527,3.659295089164516e-13,unvalidated-engineering-priors,fixed independent scenario factor; no N cycle,,,,right_censored,BBCH89_full_ripeness,,,
21,ag_099_048,maize,2017,2017-06-15,2017-10-05,615113.668369401,0.0,1.1315393066979595e-12,3.637978807091713e-12,0.0,0.0,0.03354275471250856,761.44,0.0,0.0,16.377063992027164,204.53807378212454,86.8683482144783,0.0,84.16311773307945,0.0,133.10507700123773,0.0,0.0,307.78348598863005,8060.254972297133,16718.668063692712,568.4679356941527,804.8562549712009,4.651445895120787e-12,unvalidated-engineering-priors,fixed independent scenario factor; no N cycle,2017-08-08,2017-09-20,2017-09-20,physiological_maturity,R6_physiological_maturity,2017-06-15,seed_layer_available_water,50.0
21,ag_099_048,fallow,2017,2017-10-06,2017-10-11,615113.668369401,0.0,2.0961010704922955e-13,0.0,0.0,0.0,1.0,42.489999999999995,0.0,0.0,12.20742934,0.0,0.0,0.0,0.49340069243503315,0.0,30.13369958892157,0.0,0.0,12.20742934,0.0,0.0,804.8562549712009,804.5117253498448,-5.46229728115577e-13,unvalidated-engineering-priors,fixed independent scenario factor; no N cycle,,,,right_censored,BBCH89_full_ripeness,,,
21,ag_099_048,wheat,2018,2017-10-12,2018-06-10,615113.668369401,0.0,6.687983500341943e-13,3.936406756110955e-12,0.0,0.0,0.04267140235271844,456.65999999999997,0.0,0.0,271.39434305821356,219.23753807816232,67.04324873315993,0.0,0.058918916921630426,0.0,119.98039532436002,0.0,0.0,557.6751298695358,8113.1786565151815,19106.578336540733,804.5117253498448,583.4572812390253,2.0782264797958305e-12,unvalidated-engineering-priors,fixed independent scenario factor; no N cycle,2018-04-14,2018-05-24,2018-05-24,full_ripeness,BBCH89_full_ripeness,2017-10-12,seed_layer_available_water,50.0
21,ag_099_048,fallow,2018,2018-06-11,2018-06-14,615113.668369401,0.0,2.7267077484793845e-13,0.0,0.0,0.0,1.0,0.0,0.0,0.0,9.336881976786781,0.0,0.0,0.0,0.0,0.0,0.03798208279149818,0.0,0.0,9.336881976786781,0.0,0.0,583.4572812390253,574.0824171794474,-3.4861002973229915e-13,unvalidated-engineering-priors,fixed independent scenario factor; no N cycle,,,,right_censored,BBCH89_full_ripeness,,,
21,ag_099_048,maize,2018,2018-06-15,2018-10-05,615113.668369401,0.0,8.832934383917745e-13,2.0747847884194925e-12,0.0,0.0,0.03354275471250856,421.13,0.0,0.0,21.24181872561782,204.4874930869972,66.69789036624083,0.0,39.72152153081508,0.0,15.698379847957115,0.0,0.0,292.42720217885585,7405.191556244507,14592.614212090599,574.0824171794474,647.3653136218212,-1.875805066831049e-12,unvalidated-engineering-priors,fixed independent scenario factor; no N cycle,2018-08-13,2018-09-24,2018-09-24,physiological_maturity,R6_physiological_maturity,2018-06-19,seed_layer_available_water,50.0
21,ag_099_048,fallow,2018,2018-10-06,2018-10-11,615113.668369401,0.0,6.705747068735946e-14,0.0,0.0,0.0,1.0,0.9199999999999999,0.0,0.0,18.669265423561665,0.0,0.0,0.0,0.0,0.0,0.3601623353482456,0.0,0.0,18.669265423561665,0.0,0.0,647.3653136218212,629.2558858629114,-1.5010215292932116e-13,unvalidated-engineering-priors,fixed independent scenario factor; no N cycle,,,,right_censored,BBCH89_full_ripeness,,,
21,ag_099_048,wheat,2019,2018-10-12,2019-06-10,615113.668369401,0.0,3.6903813338540203e-13,3.467448550509289e-12,0.0,0.0,0.04267140235271844,312.57,0.0,0.0,229.55198423633112,205.2129099541881,45.15069185207803,0.0,0.0,0.0,10.111377687082475,0.0,0.0,479.9155860425972,7731.681355461029,17793.32194685204,629.2558858629114,451.79892213323257,-8.418266084220249e-13,unvalidated-engineering-priors,fixed independent scenario factor; no N cycle,2019-04-18,2019-05-27,2019-05-27,full_ripeness,BBCH89_full_ripeness,2018-10-12,seed_layer_available_water,50.0
21,ag_099_048,fallow,2019,2019-06-11,2019-06-14,615113.668369401,0.0,7.294165271787278e-14,0.0,0.0,0.0,1.0,0.07,0.0,0.0,3.840442825894937,0.0,0.0,0.0,0.0,0.0,0.002287785010860756,0.0,0.0,3.840442825894937,0.0,0.0,451.79892213323257,448.02619152232677,-1.4432899320127035e-15,unvalidated-engineering-priors,fixed independent scenario factor; no N cycle,,,,right_censored,BBCH89_full_ripeness,,,
21,ag_099_048,maize,2019,2019-06-15,2019-10-05,615113.668369401,0.0,3.9612757518625585e-13,2.4726887204451486e-12,0.0,0.0,0.03354275471250856,302.6,0.0,0.0,20.61692685233356,181.93110195369349,59.257345495279985,0.0,0.0,0.0,0.035251096670983834,0.0,0.0,261.80537430130704,7454.318116936291,15857.849066935196,448.02619152232677,488.7855661243489,-1.5817902543346918e-13,unvalidated-engineering-priors,fixed independent scenario factor; no N cycle,2019-08-12,2019-09-24,2019-09-24,physiological_maturity,R6_physiological_maturity,2019-06-18,seed_layer_available_water,50.0
21,ag_099_048,fallow,2019,2019-10-06,2019-10-11,615113.668369401,0.0,1.652011860642233e-13,0.0,0.0,0.0,1.0,15.930000000000001,0.0,0.0,11.176694,0.0,0.0,0.0,0.0,0.0,0.00018822778098740087,0.0,0.0,11.176694,0.0,0.0,488.7855661243489,493.5386838965678,1.1335377081422848e-13,unvalidated-engineering-priors,fixed independent scenario factor; no N cycle,,,,right_censored,BBCH89_full_ripeness,,,
21,ag_099_048,wheat,2020,2019-10-12,2020-06-10,615113.668369401,0.0,4.0101255649460654e-13,2.530864406935507e-12,0.0,0.0,0.04267140235271844,252.18,0.0,0.0,190.03571987247818,118.93687712985664,39.888402906756454,0.0,0.0,0.0,0.013156443731189812,0.0,0.0,348.8609999090913,2671.0091766771056,8978.653422528792,493.5386838965678,396.8445275437436,1.7633672300121361e-12,unvalidated-engineering-priors,fixed independent scenario factor; no N cycle,2020-04-12,2020-05-24,2020-05-24,full_ripeness,BBCH89_full_ripeness,2019-10-12,seed_layer_available_water,50.0
21,ag_099_048,fallow,2020,2020-06-11,2020-06-14,615113.668369401,0.0,6.039613253960852e-14,0.0,0.0,0.0,1.0,35.089999999999996,0.0,0.0,11.24593017442584,0.0,0.0,0.0,0.0,0.0,9.794754297291666e-05,0.0,0.0,11.24593017442584,0.0,0.0,396.8445275437436,420.6884994217749,-1.2656542480726785e-13,unvalidated-engineering-priors,fixed independent scenario factor; no N cycle,,,,right_censored,BBCH89_full_ripeness,,,
21,ag_099_048,maize,2020,2020-06-15,2020-10-05,615113.668369401,0.0,9.605649609056854e-13,2.4442670110147446e-12,0.0,0.0,0.03354275471250856,738.0,0.0,0.0,18.793344757166423,170.41471129738326,66.93452348652575,0.0,104.81317346160296,0.0,95.17706081766336,0.0,0.0,256.1425795410754,6665.493361252491,13815.43680508165,420.6884994217749,702.5556856014332,-3.6692870963861424e-14,unvalidated-engineering-priors,fixed independent scenario factor; no N cycle,2020-08-11,2020-09-22,2020-09-22,physiological_maturity,R6_physiological_maturity,2020-06-15,seed_layer_available_water,50.0
21,ag_099_048,fallow,2020,2020-10-06,2020-10-11,615113.668369401,0.0,1.127986593019159e-13,0.0,0.0,0.0,1.0,0.03,0.0,0.0,13.2510859,0.0,0.0,0.0,0.0,0.0,0.9116037336860139,0.0,0.0,13.2510859,0.0,0.0,702.5556856014332,688.4229959677473,-9.992007221626409e-14,unvalidated-engineering-priors,fixed independent scenario factor; no N cycle,,,,right_censored,BBCH89_full_ripeness,,,
21,ag_099_048,wheat,2021,2020-10-12,2021-06-10,615113.668369401,0.0,1.1610712391529887e-12,2.1884716261411086e-12,0.0,0.0,0.04267140235271844,414.96,0.0,0.0,241.99330552659669,182.99397857432908,64.66203997418543,0.0,0.0,0.0,24.29213789537552,0.0,0.0,489.6493240751112,7319.748849944616,17007.525576442426,688.4229959677473,589.4415339972606,-8.859579736508749e-14,unvalidated-engineering-priors,fixed independent scenario factor; no N cycle,2021-04-12,2021-05-23,2021-05-23,full_ripeness,BBCH89_full_ripeness,2020-10-12,seed_layer_available_water,50.0
21,ag_099_048,fallow,2021,2021-06-11,2021-06-14,615113.668369401,0.0,1.3855583347321954e-13,0.0,0.0,0.0,1.0,48.949999999999996,0.0,0.0,9.420166756265013,0.0,0.0,0.0,0.0,0.0,0.11641165653998997,0.0,0.0,9.420166756265013,0.0,0.0,589.4415339972606,628.854955584456,-3.339550858072471e-13,unvalidated-engineering-priors,fixed independent scenario factor; no N cycle,,,,right_censored,BBCH89_full_ripeness,,,
21,ag_099_048,maize,2021,2021-06-15,2021-10-05,615113.668369401,0.0,8.704148513061227e-13,2.2453150450019166e-12,0.0,0.0,0.03354275471250856,578.51,0.0,0.0,18.44097039757138,162.7330717631507,90.0539808510333,0.0,26.481984771692552,0.0,192.97042065755107,0.0,0.0,271.2280230117554,7025.81159166381,13733.982436119772,628.854955584456,716.6845271434581,-1.1584899706207352e-12,unvalidated-engineering-priors,fixed independent scenario factor; no N cycle,2021-08-09,2021-09-20,2021-09-20,physiological_maturity,R6_physiological_maturity,2021-06-15,seed_layer_available_water,50.0
21,ag_099_048,fallow,2021,2021-10-06,2021-10-11,615113.668369401,0.0,1.4477308241112041e-13,0.0,0.0,0.0,1.0,12.77,0.0,0.0,10.816151900000001,0.0,0.0,0.0,0.0,0.0,2.495941347340521,0.0,0.0,10.816151900000001,0.0,0.0,716.6845271434581,716.1424338961175,1.0791367799356522e-13,unvalidated-engineering-priors,fixed independent scenario factor; no N cycle,,,,right_censored,BBCH89_full_ripeness,,,
21,ag_099_048,wheat,2022,2021-10-12,2022-06-10,615113.668369401,0.0,8.435474541101939e-13,5.229594535194337e-12,0.0,0.0,0.04267140235271844,366.48,0.0,0.0,229.6139110761328,233.6618833616403,53.855243613279654,0.0,0.0,0.0,35.444745153717314,0.0,0.0,517.1310380510528,8460.518987388563,19585.359987553107,716.1424338961175,530.0466506913535,-6.116107620357525e-12,unvalidated-engineering-priors,fixed independent scenario factor; no N cycle,2022-04-10,2022-05-20,2022-05-20,full_ripeness,BBCH89_full_ripeness,2021-10-12,seed_layer_available_water,50.0
21,ag_099_048,fallow,2022,2022-06-11,2022-06-14,615113.668369401,0.0,1.4233059175694507e-13,0.0,0.0,0.0,1.0,1.53,0.0,0.0,5.031216073399292,0.0,0.0,0.0,0.0,0.0,0.013460018162272956,0.0,0.0,5.031216073399292,0.0,0.0,530.0466506913535,526.5319745997916,3.455014052633487e-13,unvalidated-engineering-priors,fixed independent scenario factor; no N cycle,,,,right_censored,BBCH89_full_ripeness,,,
21,ag_099_048,maize,2022,2022-06-15,2022-10-05,615113.668369401,0.0,1.0222933610748441e-12,4.149569576838985e-12,0.0,0.0,0.03354275471250856,469.17,0.0,0.0,18.810712267778307,255.814100114306,57.370708314518076,0.0,21.801587248232998,0.0,14.329704980067598,0.0,0.0,331.9955206966024,9348.563685983385,18341.937915671537,526.5319745997916,627.5751616748861,2.5641710976742615e-12,unvalidated-engineering-priors,fixed independent scenario factor; no N cycle,2022-08-18,2022-10-03,2022-10-03,physiological_maturity,R6_physiological_maturity,2022-06-24,seed_layer_available_water,50.0
21,ag_099_048,fallow,2022,2022-10-06,2022-10-11,615113.668369401,0.0,2.2426505097428162e-13,0.0,0.0,0.0,1.0,25.27,0.0,0.0,13.6669859,0.0,0.0,0.0,0.0,0.0,0.06018371449682209,0.0,0.0,13.6669859,0.0,0.0,627.5751616748861,639.1179920603893,-6.661338147750939e-16,unvalidated-engineering-priors,fixed independent scenario factor; no N cycle,,,,right_censored,BBCH89_full_ripeness,,,
21,ag_099_048,wheat,2023,2022-10-12,2023-06-10,615113.668369401,0.0,3.197442310920451e-13,3.240074875066057e-12,0.0,0.0,0.04267140235271844,367.25,0.0,0.0,271.0025933058319,187.2984861508221,43.16619786653418,0.0,0.0,0.0,4.423245257671638,0.0,0.0,501.46727732318817,6310.886017671504,14502.678251004452,639.1179920603893,500.477469479529,4.0745185003743245e-13,unvalidated-engineering-priors,fixed independent scenario factor; no N cycle,2023-04-13,2023-05-23,2023-05-23,full_ripeness,BBCH89_full_ripeness,2022-10-12,seed_layer_available_water,50.0
21,ag_099_048,fallow,2023,2023-06-11,2023-06-14,615113.668369401,0.0,7.283063041541027e-14,0.0,0.0,0.0,1.0,5.76,0.0,0.0,10.32684031808833,0.0,0.0,0.0,0.0,0.0,0.0017145433707592694,0.0,0.0,10.32684031808833,0.0,0.0,500.477469479529,495.90891461806984,8.881784197001252e-14,unvalidated-engineering-priors,fixed independent scenario factor; no N cycle,,,,right_censored,BBCH89_full_ripeness,,,
21,ag_099_048,maize,2023,2023-06-15,2023-10-05,615113.668369401,0.0,1.0382805726294464e-12,3.467448550509289e-12,0.0,0.0,0.03354275471250856,647.21,0.0,0.0,18.41210870173042,204.78008268507566,73.70681713254261,0.0,78.84897316619421,0.0,11.52532858537085,0.0,0.0,296.8990085193487,8175.776217087718,16125.970706149721,495.90891461806984,755.8456043471557,3.924360836293772e-13,unvalidated-engineering-priors,fixed independent scenario factor; no N cycle,2023-08-10,2023-09-20,2023-09-20,physiological_maturity,R6_physiological_maturity,2023-06-17,seed_layer_available_water,50.0
21,ag_099_048,fallow,2023,2023-10-06,2023-10-11,615113.668369401,0.0,1.0524914273446484e-13,0.0,0.0,0.0,1.0,1.5499999999999998,0.0,0.0,14.1893832,0.0,0.0,0.0,0.0,0.0,6.127427682452928,0.0,0.0,14.1893832,0.0,0.0,755.8456043471557,737.0787934647027,7.127631818093505e-14,unvalidated-engineering-priors,fixed independent scenario factor; no N cycle,,,,right_censored,BBCH89_full_ripeness,,,
21,ag_099_048,wheat,2024,2023-10-12,2024-06-10,615113.668369401,0.0,9.237055564881302e-13,4.092726157978177e-12,0.0,0.0,0.04267140235271844,364.35,0.0,0.0,233.07545713244275,225.6503995096503,58.905672137755126,0.0,0.0,0.0,48.76485778861019,0.0,0.0,517.6315287798482,8986.934985993836,19693.304788322697,737.0787934647027,535.032406896243,1.4006018567158662e-12,unvalidated-engineering-priors,fixed independent scenario factor; no N cycle,2024-04-15,2024-05-25,2024-05-25,full_ripeness,BBCH89_full_ripeness,2023-10-12,seed_layer_available_water,50.0
21,ag_099_048,fallow,2024,2024-06-11,2024-06-14,615113.668369401,0.0,9.670042544485113e-14,0.0,0.0,0.0,1.0,0.02,0.0,0.0,2.306198963234905,0.0,0.0,0.0,0.0,0.0,0.03118304101847541,0.0,0.0,2.306198963234905,0.0,0.0,535.032406896243,532.7150248919896,-6.250555628639631e-14,unvalidated-engineering-priors,fixed independent scenario factor; no N cycle,,,,right_censored,BBCH89_full_ripeness,,,
21,ag_099_048,maize,2024,2024-06-15,2024-10-05,615113.668369401,0.0,1.2727596754302795e-12,2.2026824808563106e-12,0.0,0.0,0.03354275471250856,573.12,0.0,0.0,22.270774466040645,184.25221129826005,68.61041107540038,0.0,43.514992883207434,0.0,106.98324380829186,0.0,0.0,275.13339683970105,6744.6155582969695,13560.037721313292,532.7150248919896,680.2033913607945,-5.239426947856174e-12,unvalidated-engineering-priors,fixed independent scenario factor; no N cycle,2024-08-15,2024-09-26,2024-09-26,physiological_maturity,R6_physiological_maturity,2024-06-22,seed_layer_available_water,50.0
21,ag_099_048,fallow,2024,2024-10-06,2024-10-11,615113.668369401,0.0,1.509903313490213e-13,0.0,0.0,0.0,1.0,8.35,0.0,0.0,15.0938332,0.0,0.0,0.0,0.0,0.0,0.7617820098968657,0.0,0.0,15.0938332,0.0,0.0,680.2033913607945,672.6977761508972,4.483080573436382e-13,unvalidated-engineering-priors,fixed independent scenario factor; no N cycle,,,,right_censored,BBCH89_full_ripeness,,,
21,ag_099_048,wheat,2025,2024-10-12,2025-06-10,615113.668369401,0.0,5.018208071305708e-13,2.6147972675971687e-12,0.0,0.0,0.04267140235271844,357.48,0.0,0.0,274.60831713233944,254.12522061213122,39.49102610473112,0.0,0.0,0.0,16.88321353432817,0.0,0.0,568.2245638492018,6730.850167771876,16662.751137432708,672.6977761508972,445.0699987673637,3.5487168759118504e-12,unvalidated-engineering-priors,fixed independent scenario factor; no N cycle,2025-04-12,2025-05-22,2025-05-22,full_ripeness,BBCH89_full_ripeness,2024-10-12,seed_layer_available_water,50.0
21,ag_099_048,fallow,2025,2025-06-11,2025-06-14,615113.668369401,0.0,1.4377388168895777e-13,0.0,0.0,0.0,1.0,23.310000000000002,0.0,0.0,8.037641853668795,0.0,0.0,0.0,0.0,0.0,0.0007339662559980771,0.0,0.0,8.037641853668795,0.0,0.0,445.0699987673637,460.341622947439,-1.1302070390684094e-13,unvalidated-engineering-priors,fixed independent scenario factor; no N cycle,,,,right_censored,BBCH89_full_ripeness,,,
21,ag_099_048,maize,2025,2025-06-15,2025-10-05,615113.668369401,0.0,4.924949337237194e-13,3.353761712787673e-12,0.0,0.0,0.03354275471250856,693.18,0.0,0.0,18.03743540343999,163.75502993329096,115.57334234096975,0.0,31.525461324671674,0.0,34.863572271594094,0.0,0.0,297.3658076777007,7608.114730202633,16248.15615099669,460.341622947439,789.7667816734754,-2.841837876133013e-12,unvalidated-engineering-priors,fixed independent scenario factor; no N cycle,2025-08-11,2025-09-23,2025-09-23,physiological_maturity,R6_physiological_maturity,2025-06-15,seed_layer_available_water,50.0
21,ag_099_048,fallow,1996,1996-01-01,1996-10-11,615113.668369401,0.25,3.694822225952521e-13,0.0,0.0,0.0,1.0,1099.6,0.0,0.0,694.2960099457056,0.0,0.0,0.0,146.8012446603033,0.0,153.3883869502053,0.0,0.0,694.2960099457056,0.0,0.0,602.822236268816,707.9365947125993,2.495115225542577e-12,unvalidated-engineering-priors,fixed independent scenario factor; no N cycle,,,,right_censored,BBCH89_full_ripeness,,,
21,ag_099_048,wheat,1997,1996-10-12,1997-06-10,615113.668369401,0.25,1.1590728377086634e-12,3.467448550509289e-12,0.0,0.0,0.04267140235271844,591.17,75.0,0.0,302.5552448499089,181.661762589917,52.19691736414871,0.0,21.504600486976205,0.0,179.82403801723132,75.0,0.0,536.4139248039746,7264.035723463329,16916.989549978418,707.9365947125993,636.3640314044143,2.953304267805379e-12,unvalidated-engineering-priors,fixed independent scenario factor; no N cycle,1997-04-19,1997-05-28,1997-05-28,full_ripeness,BBCH89_full_ripeness,1996-10-12,seed_layer_available_water,50.0
21,ag_099_048,fallow,1997,1997-06-11,1997-06-14,615113.668369401,0.25,1.780797731498751e-13,0.0,0.0,0.0,1.0,0.32,0.0,0.0,10.397859477944705,0.0,0.0,0.0,0.0,0.0,0.4438828011323158,0.0,0.0,10.397859477944705,0.0,0.0,636.3640314044143,625.8422891253371,1.9539925233402755e-13,unvalidated-engineering-priors,fixed independent scenario factor; no N cycle,,,,right_censored,BBCH89_full_ripeness,,,
21,ag_099_048,maize,1997,1997-06-15,1997-10-05,615113.668369401,0.25,1.2327916465437738e-12,3.581135388230905e-12,0.0,0.0,0.03354275471250856,422.09,20.0,0.0,19.381273702954434,237.1800392056015,78.63951100374811,0.0,64.40076201661543,0.0,79.9265639224427,20.0,0.0,335.20082391230403,9448.769479139197,18068.52358649676,625.8422891253371,588.4041392739775,-2.6326718582936337e-12,unvalidated-engineering-priors,fixed independent scenario factor; no N cycle,1997-08-10,1997-09-24,1997-09-24,physiological_maturity,R6_physiological_maturity,1997-06-16,seed_layer_available_water,50.0
21,ag_099_048,fallow,1997,1997-10-06,1997-10-11,615113.668369401,0.25,7.771561172376096e-14,0.0,0.0,0.0,1.0,0.26,0.0,0.0,15.168648912063345,0.0,0.0,0.0,0.0,0.0,0.08156436336235993,0.0,0.0,15.168648912063345,0.0,0.0,588.4041392739775,573.4139259985516,2.537969834293108e-13,unvalidated-engineering-priors,fixed independent scenario factor; no N cycle,,,,right_censored,BBCH89_full_ripeness,,,
21,ag_099_048,wheat,1998,1997-10-12,1998-06-10,615113.668369401,0.25,7.887024366937112e-13,2.6147972675971687e-12,0.0,0.0,0.04267140235271844,785.3,75.0,0.0,323.7721397618269,144.20158769446732,67.83709158997566,0.0,53.88973359913206,0.0,116.54903247467541,75.0,0.0,535.8108190462699,6337.5729399771535,14864.29735176851,573.4139259985516,727.4643408784688,5.438871575336179e-12,unvalidated-engineering-priors,fixed independent scenario factor; no N cycle,1998-04-21,1998-05-31,1998-05-31,full_ripeness,BBCH89_full_ripeness,1997-10-13,seed_layer_available_water,50.0
21,ag_099_048,fallow,1998,1998-06-11,1998-06-14,615113.668369401,0.25,2.5845992013273644e-13,0.0,0.0,0.0,1.0,8.49,0.0,0.0,14.934123633411604,0.0,0.0,0.0,0.0,0.0,6.258764788319576,0.0,0.0,14.934123633411604,0.0,0.0,727.4643408784688,714.7614524567372,4.0589753780295723e-13,unvalidated-engineering-priors,fixed independent scenario factor; no N cycle,,,,right_censored,BBCH89_full_ripeness,,,
21,ag_099_048,maize,1998,1998-06-15,1998-10-05,615113.668369401,0.25,1.0582645870726992e-12,2.1316282072803006e-12,0.0,0.0,0.03354275471250856,687.6899999999999,20.0,0.0,19.955823582068803,180.89086330601364,103.78469626066342,0.0,129.1176754323447,0.0,325.511169880737,20.0,0.0,304.63138314874584,7934.619023477663,14977.769103191646,714.7614524567372,663.1912239949113,-1.706301766546403e-12,unvalidated-engineering-priors,fixed independent scenario factor; no N cycle,1998-08-08,1998-09-18,1998-09-18,physiological_maturity,R6_physiological_maturity,1998-06-15,seed_layer_available_water,50.0
21,ag_099_048,fallow,1998,1998-10-06,1998-10-11,615113.668369401,0.25,3.383959779057477e-13,0.0,0.0,0.0,1.0,0.81,0.0,0.0,15.52655548082902,0.0,0.0,0.0,0.0,0.0,0.8255003789995142,0.0,0.0,15.52655548082902,0.0,0.0,663.1912239949113,647.6491681350828,-8.171241461241152e-14,unvalidated-engineering-priors,fixed independent scenario factor; no N cycle,,,,right_censored,BBCH89_full_ripeness,,,
21,ag_099_048,wheat,1999,1998-10-12,1999-06-10,615113.668369401,0.25,7.318590178329032e-13,2.6432189770275727e-12,0.0,0.0,0.04267140235271844,338.57,75.0,0.0,239.7709896971156,171.62457511342214,59.55532030907834,0.0,0.0,0.0,14.318882607496578,75.0,0.0,470.9508851196161,6824.444703743613,15760.3990405241,647.6491681350828,575.9494004079693,9.121592370320286e-13,unvalidated-engineering-priors,fixed independent scenario factor; no N cycle,1999-04-15,1999-05-24,1999-05-24,full_ripeness,BBCH89_full_ripeness,1998-10-12,seed_layer_available_water,50.0
21,ag_099_048,fallow,1999,1999-06-11,1999-06-14,615113.668369401,0.25,1.0869083411080283e-13,0.0,0.0,0.0,1.0,3.82,0.0,0.0,5.261647820282191,0.0,0.0,0.0,0.0,0.0,0.051486858643967764,0.0,0.0,5.261647820282191,0.0,0.0,575.9494004079693,574.4562657290431,-1.8207657603852567e-14,unvalidated-engineering-priors,fixed independent scenario factor; no N cycle,,,,right_censored,BBCH89_full_ripeness,,,
21,ag_099_048,maize,1999,1999-06-15,1999-10-05,615113.668369401,0.25,8.855138844410249e-13,3.069544618483633e-12,0.0,0.0,0.03354275471250856,330.17,20.0,0.0,20.56806980559436,213.85015396279195,72.75816366955746,0.0,0.0,0.0,6.870126488241075,20.0,0.0,307.1763874379438,7755.597027790922,15590.872067414413,574.4562657290431,610.5797518028587,-4.088396288182139e-13,unvalidated-engineering-priors,fixed independent scenario factor; no N cycle,1999-08-12,1999-09-25,1999-09-25,physiological_maturity,R6_physiological_maturity,1999-06-16,seed_layer_available_water,50.0
21,ag_099_048,fallow,1999,1999-10-06,1999-10-11,615113.668369401,0.25,2.19824158875781e-13,0.0,0.0,0.0,1.0,7.02,0.0,0.0,13.503175500000001,0.0,0.0,0.0,0.0,0.0,0.027419909895636033,0.0,0.0,13.503175500000001,0.0,0.0,610.5797518028587,604.0691563929632,-1.6497914145929826e-13,unvalidated-engineering-priors,fixed independent scenario factor; no N cycle,,,,right_censored,BBCH89_full_ripeness,,,
21,ag_099_048,wheat,2000,1999-10-12,2000-06-10,615113.668369401,0.25,3.637090628672013e-13,3.609557097661309e-12,0.0,0.0,0.04267140235271844,426.53,75.0,0.0,276.92127069274665,234.05808726011117,38.5236210578726,0.0,8.825619322279595,0.0,13.055555056207643,75.0,0.0,549.5029790107304,6988.133297351387,16686.180917847727,604.0691563929632,534.2150030037445,1.0369483049998962e-12,unvalidated-engineering-priors,fixed independent scenario factor; no N cycle,2000-04-17,2000-05-25,2000-05-25,full_ripeness,BBCH89_full_ripeness,1999-10-12,seed_layer_available_water,50.0
21,ag_099_048,fallow,2000,2000-06-11,2000-06-14,615113.668369401,0.25,7.37188088351104e-14,0.0,0.0,0.0,1.0,0.72,0.0,0.0,11.492278043586262,0.0,0.0,0.0,0.0,0.0,0.0013009278673894447,0.0,0.0,11.492278043586262,0.0,0.0,534.2150030037445,523.4414240322908,7.904787935331115e-14,unvalidated-engineering-priors,fixed independent scenario factor; no N cycle,,,,right_censored,BBCH89_full_ripeness,,,
21,ag_099_048,maize,2000,2000-06-15,2000-10-05,615113.668369401,0.25,6.208367153703875e-13,2.2737367544323206e-12,0.0,0.0,0.03354275471250856,766.89,20.0,0.0,21.73494910017932,127.76821070726626,89.54374639312569,0.0,94.31342284591304,0.0,198.2100024517267,20.0,0.0,239.04690620057127,6647.811110424284,12541.97186563045,523.4414240322908,778.7610925340792,5.468403507791209e-13,unvalidated-engineering-priors,fixed independent scenario factor; no N cycle,2000-08-09,2000-09-20,2000-09-20,physiological_maturity,R6_physiological_maturity,2000-06-16,seed_layer_available_water,50.0
21,ag_099_048,fallow,2000,2000-10-06,2000-10-11,615113.668369401,0.25,2.2470914018413168e-13,0.0,0.0,0.0,1.0,13.17,0.0,0.0,15.577848399999997,0.0,0.0,0.0,0.0,0.0,15.788602335792627,0.0,0.0,15.577848399999997,0.0,0.0,778.7610925340792,760.5646417982867,-1.270095140171179e-13,unvalidated-engineering-priors,fixed independent scenario factor; no N cycle,,,,right_censored,BBCH89_full_ripeness,,,
21,ag_099_048,wheat,2001,2000-10-12,2001-06-10,615113.668369401,0.25,1.0760281554667017e-12,4.732214620162267e-12,0.0,0.0,0.04267140235271844,416.41,75.0,0.0,294.86174707201377,186.8172023841975,42.48609486310188,0.0,0.0,0.0,173.54391402015384,75.0,0.0,524.1650443193131,7384.633011889696,16585.543426309257,760.5646417982867,554.2656834588215,-1.733613252952182e-12,unvalidated-engineering-priors,fixed independent scenario factor; no N cycle,2001-04-17,2001-05-27,2001-05-27,full_ripeness,BBCH89_full_ripeness,2000-10-12,seed_layer_available_water,50.0
21,ag_099_048,fallow,2001,2001-06-11,2001-06-14,615113.668369401,0.25,1.234568003383174e-13,0.0,0.0,0.0,1.0,5.64,0.0,0.0,15.837580111376132,0.0,0.0,0.0,0.0,0.0,0.04281633642616804,0.0,0.0,15.837580111376132,0.0,0.0,554.2656834588215,544.0252870110191,6.705747068735946e-14,unvalidated-engineering-priors,fixed independent scenario factor; no N cycle,,,,right_censored,BBCH89_full_ripeness,,,
21,ag_099_048,maize,2001,2001-06-15,2001-10-05,615113.668369401,0.25,5.782041512247815e-13,4.916955731459893e-12,0.0,0.0,0.03354275471250856,210.65,20.0,0.0,19.842886489276648,244.17413156238615,73.75359723737677,0.0,0.0,0.0,0.7029155256047528,20.0,0.0,337.77061528903954,8980.799275338086,18258.17705973517,544.0252870110191,436.20175619637314,1.7033596755311464e-12,unvalidated-engineering-priors,fixed independent scenario factor; no N cycle,2001-08-11,2001-09-21,2001-09-21,physiological_maturity,R6_physiological_maturity,2001-06-16,seed_layer_available_water,50.0
21,ag_099_048,fallow,2001,2001-10-06,2001-10-11,615113.668369401,0.25,5.062616992290714e-14,0.0,0.0,0.0,1.0,5.3,0.0,0.0,11.031676136918982,0.0,0.0,0.0,0.0,0.0,0.0005430289769481024,0.0,0.0,11.031676136918982,0.0,0.0,436.20175619637314,430.4695370304773,-7.394085344003543e-14,unvalidated-engineering-priors,fixed independent scenario factor; no N cycle,,,,right_censored,BBCH89_full_ripeness,,,
21,ag_099_048,wheat,2002,2001-10-12,2002-06-10,615113.668369401,0.25,5.373479439185758e-13,2.7995383788947947e-12,0.0,0.0,0.04267140235271844,554.61,75.0,0.0,279.93569947042243,124.77845354451468,59.61843931817548,0.0,4.800268733478699,0.0,0.21702558371516076,75.0,0.0,464.3325923331126,5356.16110190197,12733.28044975737,430.4695370304773,590.7296503801699,9.497957975668214e-13,unvalidated-engineering-priors,fixed independent scenario factor; no N cycle,2002-04-10,2002-05-24,2002-05-24,full_ripeness,BBCH89_full_ripeness,2001-10-13,seed_layer_available_water,50.0
21,ag_099_048,fallow,2002,2002-06-11,2002-06-14,615113.668369401,0.25,1.0302869668521453e-13,0.0,0.0,0.0,1.0,0.0,0.0,0.0,17.243364668943578,0.0,0.0,0.0,0.0,0.0,0.0426639566956512,0.0,0.0,17.243364668943578,0.0,0.0,590.7296503801699,573.4436217545308,-1.1013412404281553e-13,unvalidated-engineering-priors,fixed independent scenario factor; no N cycle,,,,right_censored,BBCH89_full_ripeness,,,
21,ag_099_048,maize,2002,2002-06-15,2002-10-05,615113.668369401,0.25,1.1142198275138071e-12,2.6147972675971687e-12,0.0,0.0,0.03354275471250856,680.97,20.0,0.0,19.159466980323575,197.67668030947922,82.39202692541512,0.0,212.11707158218917,0.0,98.25893530544708,20.0,0.0,299.2281742152179,8830.787699863231,16368.208662896202,573.4436217545308,664.8094406516731,3.5694780464723408e-12,unvalidated-engineering-priors,fixed independent scenario factor; no N cycle,2002-08-11,2002-09-26,2002-09-26,physiological_maturity,R6_physiological_maturity,2002-06-16,seed_layer_available_water,50.0
21,ag_099_048,fallow,2002,2002-10-06,2002-10-11,615113.668369401,0.25,2.504663143554353e-13,0.0,0.0,0.0,1.0,0.0,0.0,0.0,18.447192679854314,0.0,0.0,0.0,0.0,0.0,0.7415989542523496,0.0,0.0,18.447192679854314,0.0,0.0,664.8094406516731,645.6206490175666,-2.1360690993788012e-13,unvalidated-engineering-priors,fixed independent scenario factor; no N cycle,,,,right_censored,BBCH89_full_ripeness,,,
21,ag_099_048,wheat,2003,2002-10-12,2003-06-10,615113.668369401,0.25,9.9298347322474e-13,3.751665644813329e-12,0.0,0.0,0.04267140235271844,514.5,75.0,0.0,256.32147126666143,155.20828155770624,69.45667969901115,0.0,9.50837337008493,0.0,78.90822470803926,75.0,0.0,480.9864325233788,6620.2387723335005,15558.871821573644,645.6206490175666,665.717618416061,2.611022509313443e-12,unvalidated-engineering-priors,fixed independent scenario factor; no N cycle,2003-04-22,2003-05-30,2003-05-30,full_ripeness,BBCH89_full_ripeness,2002-10-12,seed_layer_available_water,50.0
21,ag_099_048,fallow,2003,2003-06-11,2003-06-14,615113.668369401,0.25,1.7852386235972517e-13,0.0,0.0,0.0,1.0,11.120000000000001,0.0,0.0,14.476908082831711,0.0,0.0,0.0,0.0,0.0,1.8228418778257751,0.0,0.0,14.476908082831711,0.0,0.0,665.717618416061,660.5378684554032,2.8688162956314045e-13,unvalidated-engineering-priors,fixed independent scenario factor; no N cycle,,,,right_censored,BBCH89_full_ripeness,,,
21,ag_099_048,maize,2003,2003-06-15,2003-10-05,615113.668369401,0.25,8.588685318500211e-13,2.2950530365051236e-12,0.0,0.0,0.03354275471250856,978.8199999999999,20.0,0.0,19.929782934937958,109.88310925842633,84.10380697266235,0.0,211.91273807962705,0.0,455.8348428249969,20.0,0.0,213.91669916602663,6251.964223063703,11566.616666239617,660.5378684554032,777.6935883847566,-3.9926950634594505e-12,unvalidated-engineering-priors,fixed independent scenario factor; no N cycle,2003-08-12,2003-09-28,2003-09-28,physiological_maturity,R6_physiological_maturity,2003-06-16,seed_layer_available_water,50.0
21,ag_099_048,fallow,2003,2003-10-06,2003-10-11,615113.668369401,0.25,2.540190280342358e-13,0.0,0.0,0.0,1.0,75.24,0.0,0.0,11.526430600000001,0.0,0.0,0.0,28.29697710382419,0.0,10.994711046750153,0.0,0.0,11.526430600000001,0.0,0.0,777.6935883847566,802.1154696341821,1.5631940186722204e-13,unvalidated-engineering-priors,fixed independent scenario factor; no N cycle,,,,right_censored,BBCH89_full_ripeness,,,
21,ag_099_048,wheat,2004,2003-10-12,2004-06-10,615113.668369401,0.25,8.544276397515205e-13,3.410605131648481e-12,0.0,0.0,0.04267140235271844,406.76,75.0,0.0,322.24036490988624,228.40200049820038,57.382409596065465,0.0,0.0,0.0,110.83610721243775,75.0,0.0,608.0247750041522,8456.336599987064,19660.06402686616,802.1154696341821,565.0145874175945,-2.2714052860806078e-12,unvalidated-engineering-priors,fixed independent scenario factor; no N cycle,2004-04-12,2004-05-21,2004-05-21,full_ripeness,BBCH89_full_ripeness,2003-10-12,seed_layer_available_water,50.0
21,ag_099_048,fallow,2004,2004-06-11,2004-06-14,615113.668369401,0.25,2.4868995751603507e-13,0.0,0.0,0.0,1.0,43.69,0.0,0.0,8.266346624830312,0.0,0.0,0.0,0.0,0.0,0.016718767017859924,0.0,0.0,8.266346624830312,0.0,0.0,565.0145874175945,600.4215220257465,-2.0339285811132868e-13,unvalidated-engineering-priors,fixed independent scenario factor; no N cycle,,,,right_censored,BBCH89_full_ripeness,,,
21,ag_099_048,maize,2004,2004-06-15,2004-10-05,615113.668369401,0.25,9.094947017729282e-13,4.945377440890297e-12,0.0,0.0,0.03354275471250856,608.57,20.0,0.0,15.851032183562364,205.111436617284,108.37865604203475,0.0,126.73725695739166,0.0,77.39502511720906,20.0,0.0,329.34112484288113,9731.761079958811,18492.521633130567,600.4215220257465,695.5181151082664,-1.7767454174588693e-12,unvalidated-engineering-priors,fixed independent scenario factor; no N cycle,2004-08-10,2004-09-25,2004-09-25,physiological_maturity,R6_physiological_maturity,2004-06-15,seed_layer_available_water,50.0
21,ag_099_048,fallow,2004,2004-10-06,2004-10-11,615113.668369401,0.25,1.1857181902996672e-13,0.0,0.0,0.0,1.0,0.01,0.0,0.0,17.674278220857722,0.0,0.0,0.0,0.0,0.0,1.4768972445736415,0.0,0.0,17.674278220857722,0.0,0.0,695.5181151082664,676.3769396428353,-2.0294876890147862e-13,unvalidated-engineering-priors,fixed independent scenario factor; no N cycle,,,,right_censored,BBCH89_full_ripeness,,,
21,ag_099_048,wheat,2005,2004-10-12,2005-06-10,615113.668369401,0.25,7.425171588693047e-13,4.490630090003833e-12,0.0,0.0,0.04267140235271844,395.83,75.0,0.0,210.34453803155543,233.71586217115404,74.88202165670897,0.0,0.0,0.0,22.663039147652125,75.0,0.0,518.9424218594185,8691.894914225362,20659.787104296538,676.3769396428353,605.6014786357628,1.954769679457513e-12,unvalidated-engineering-priors,fixed independent scenario factor; no N cycle,2005-04-24,2005-05-31,2005-05-31,full_ripeness,BBCH89_full_ripeness,2004-10-12,seed_layer_available_water,50.0
21,ag_099_048,fallow,2005,2005-06-11,2005-06-14,615113.668369401,0.25,1.474376176702208e-13,0.0,0.0,0.0,1.0,0.0,0.0,0.0,23.11286856715614,0.0,0.0,0.0,0.0,0.0,0.014659423249039221,0.0,0.0,23.11286856715614,0.0,0.0,605.6014786357628,582.4739506453576,-2.3092638912203256e-14,unvalidated-engineering-priors,fixed independent scenario factor; no N cycle,,,,right_censored,BBCH89_full_ripeness,,,
21,ag_099_048,maize,2005,2005-06-15,2005-10-05,615113.668369401,0.25,9.50350909079134e-13,2.3021584638627246e-12,0.0,0.0,0.03354275471250856,912.67,20.0,0.0,18.147672148463297,142.4354750639451,116.28076641370713,0.0,216.9982612155565,0.0,240.3847292709116,20.0,0.0,276.8639136261155,7056.084174546857,14642.512560582996,582.4739506453576,780.8970465327736,3.4466873799487985e-13,unvalidated-engineering-priors,fixed independent scenario factor; no N cycle,2005-08-08,2005-09-22,2005-09-22,physiological_maturity,R6_physiological_maturity,2005-06-15,seed_layer_available_water,50.0
21,ag_099_048,fallow,2005,2005-10-06,2005-10-11,615113.668369401,0.25,1.1679546219056647e-13,0.0,0.0,0.0,1.0,3.69,0.0,0.0,18.520511699999993,0.0,0.0,0.0,0.0,0.0,16.568522198300002,0.0,0.0,18.520511699999993,0.0,0.0,780.8970465327736,749.4980126344738,-1.2034817586936697e-13,unvalidated-engineering-priors,fixed independent scenario factor; no N cycle,,,,right_censored,BBCH89_full_ripeness,,,
21,ag_099_048,wheat,2006,2005-10-12,2006-06-10,615113.668369401,0.25,7.460698725481052e-13,4.689582056016661e-12,0.0,0.0,0.04267140235271844,273.54,75.0,0.0,227.86687955317788,248.6197038748719,54.42010306874554,0.0,0.0,0.0,57.933750899841264,75.0,0.0,530.9066864967953,8828.551918449348,20651.12286353003,749.4980126344738,509.19757523783716,2.375877272697835e-14,unvalidated-engineering-priors,fixed independent scenario factor; no N cycle,2006-04-18,2006-05-27,2006-05-27,full_ripeness,BBCH89_full_ripeness,2005-10-12,seed_layer_available_water,50.0
21,ag_099_048,fallow,2006,2006-06-11,2006-06-14,615113.668369401,0.25,8.393286066166183e-14,0.0,0.0,0.0,1.0,5.6899999999999995,0.0,0.0,5.501016986250284,0.0,0.0,0.0,0.0,0.0,0.0059327156651741726,0.0,0.0,5.501016986250284,0.0,0.0,509.19757523783716,509.38062553592187,-1.6764367671839864e-13,unvalidated-engineering-priors,fixed independent scenario factor; no N cycle,,,,right_censored,BBCH89_full_ripeness,,,
21,ag_099_048,maize,2006,2006-06-15,2006-10-05,615113.668369401,0.25,1.0809131367750524e-12,2.6147972675971687e-12,0.0,0.0,0.03354275471250856,471.99,20.0,0.0,22.455891786098615,154.97515144392904,98.062871994266,0.0,3.4717909177723243,0.0,28.510846426824557,20.0,0.0,275.49391522429363,7392.852077321493,14886.729780791833,509.38062553592187,693.8940729670401,-8.759659664292485e-12,unvalidated-engineering-priors,fixed independent scenario factor; no N cycle,2006-08-09,2006-09-23,2006-09-23,physiological_maturity,R6_physiological_maturity,2006-06-16,seed_layer_available_water,50.0
21,ag_099_048,fallow,2006,2006-10-06,2006-10-11,615113.668369401,0.25,2.0827783941967937e-13,0.0,0.0,0.0,1.0,0.36,0.0,0.0,18.835847413480895,0.0,0.0,0.0,0.0,0.0,1.0945335862771806,0.0,0.0,18.835847413480895,0.0,0.0,693.8940729670401,674.3236919672818,2.2515322939398175e-13,unvalidated-engineering-priors,fixed independent scenario factor; no N cycle,,,,right_censored,BBCH89_full_ripeness,,,
21,ag_099_048,wheat,2007,2006-10-12,2007-06-10,615113.668369401,0.25,9.343636975245317e-13,4.618527782440651e-12,0.0,0.0,0.04267140235271844,345.03000000000003,75.0,0.0,274.0196672449501,216.888600677506,56.204197122908866,0.0,0.0,0.0,20.64839766365818,75.0,0.0,547.112465045365,8584.815338103286,19098.857648318604,674.3236919672818,526.5928292582557,2.917333041807524e-12,unvalidated-engineering-priors,fixed independent scenario factor; no N cycle,2007-04-15,2007-05-25,2007-05-25,full_ripeness,BBCH89_full_ripeness,2006-10-12,seed_layer_available_water,50.0
21,ag_099_048,fallow,2007,2007-06-11,2007-06-14,615113.668369401,0.25,1.127986593019159e-13,0.0,0.0,0.0,1.0,0.02,0.0,0.0,4.55998697486515,0.0,0.0,0.0,0.0,0.0,0.010806828033399784,0.0,0.0,4.55998697486515,0.0,0.0,526.5928292582557,522.0420354553572,-3.885780586188048e-14,unvalidated-engineering-priors,fixed independent scenario factor; no N cycle,,,,right_censored,BBCH89_full_ripeness,,,
21,ag_099_048,maize,2007,2007-06-15,2007-10-05,615113.668369401,0.25,1.035171948160496e-12,2.5863755581667647e-12,0.0,0.0,0.03354275471250856,799.02,20.0,0.0,20.98110667130899,145.5248332287755,84.94003990440103,0.0,128.58702124576084,0.0,260.30898908532987,20.0,0.0,251.4459798044855,6832.279492257003,13350.51898714491,522.0420354553572,700.7200453197788,2.1822543772032077e-12,unvalidated-engineering-priors,fixed independent scenario factor; no N cycle,2007-08-11,2007-09-23,2007-09-23,physiological_maturity,R6_physiological_maturity,2007-06-16,seed_layer_available_water,50.0
21,ag_099_048,fallow,2007,2007-10-06,2007-10-11,615113.668369401,0.25,1.9273471707492718e-13,0.0,0.0,0.0,1.0,0.03,0.0,0.0,20.170386910158147,0.0,0.0,0.0,0.0,0.0,1.8202276420365584,0.0,0.0,20.170386910158147,0.0,0.0,700.7200453197788,678.7594307675843,-1.4921397450962104e-13,unvalidated-engineering-priors,fixed independent scenario factor; no N cycle,,,,right_censored,BBCH89_full_ripeness,,,
21,ag_099_048,wheat,2008,2007-10-12,2008-06-10,615113.668369401,0.25,1.155520124029863e-12,4.803268893738277e-12,0.0,0.0,0.04267140235271844,430.25,75.0,0.0,242.25277842793736,253.79005527094725,58.42462864385187,0.0,3.857352179175656,0.0,26.698176168357925,75.0,0.0,554.4674623427364,10115.814200682395,22457.973149585225,678.7594307675843,598.9864400773153,-1.0452194665333536e-12,unvalidated-engineering-priors,fixed independent scenario factor; no N cycle,2008-04-18,2008-05-28,2008-05-28,full_ripeness,BBCH89_full_ripeness,2007-10-12,seed_layer_available_water,50.0
21,ag_099_048,fallow,2008,2008-06-11,2008-06-14,615113.668369401,0.25,1.2168044349891716e-13,0.0,0.0,0.0,1.0,1.51,0.0,0.0,6.746805669838187,0.0,0.0,0.0,0.0,0.0,0.10647886980949384,0.0,0.0,6.746805669838187,0.0,0.0,598.9864400773153,593.6431555376678,-2.0983215165415459e-13,unvalidated-engineering-priors,fixed independent scenario factor; no N cycle,,,,right_censored,BBCH89_full_ripeness,,,
21,ag_099_048,maize,2008,2008-06-15,2008-10-05,615113.668369401,0.25,1.3233858453531866e-12,2.5579538487363607e-12,0.0,0.0,0.03354275471250856,617.89,20.0,0.0,17.769785606770128,154.5921189187914,89.59742789509868,0.0,36.61601780828692,0.0,203.5671529955774,20.0,0.0,261.9593324206602,7792.733874223705,14671.14858141625,593.6431555376678,729.3906523131413,1.902200619241512e-12,unvalidated-engineering-priors,fixed independent scenario factor; no N cycle,2008-08-10,2008-09-22,2008-09-22,physiological_maturity,R6_physiological_maturity,2008-06-16,seed_layer_available_water,50.0
21,ag_099_048,fallow,2008,2008-10-06,2008-10-11,615113.668369401,0.25,1.3811174426336947e-13,0.0,0.0,0.0,1.0,0.21000000000000002,0.0,0.0,14.821354499999998,0.0,0.0,0.0,0.0,0.0,3.652723049790117,0.0,0.0,14.821354499999998,0.0,0.0,729.3906523131413,711.1265747633513,-7.016609515630989e-14,unvalidated-engineering-priors,fixed independent scenario factor; no N cycle,,,,right_censored,BBCH89_full_ripeness,,,
21,ag_099_048,wheat,2009,2008-10-12,2009-06-10,615113.668369401,0.25,6.128431095930864e-13,4.149569576838985e-12,0.0,0.0,0.04267140235271844,321.76,75.0,0.0,268.19136212686624,215.24653794443535,55.37411770013862,0.0,0.0,0.0,36.14981258521135,75.0,0.0,538.8120177714402,8121.228840802133,18290.855944912335,711.1265747633513,532.9247444066992,5.030975636088897e-13,unvalidated-engineering-priors,fixed independent scenario factor; no N cycle,2009-04-15,2009-05-24,2009-05-24,full_ripeness,BBCH89_full_ripeness,2008-10-12,seed_layer_available_water,50.0
21,ag_099_048,fallow,2009,2009-06-11,2009-06-14,615113.668369401,0.25,1.0746958878371515e-13,0.0,0.0,0.0,1.0,0.5700000000000001,0.0,0.0,8.514043574057423,0.0,0.0,0.0,0.0,0.0,0.00822452794242961,0.0,0.0,8.514043574057423,0.0,0.0,532.9247444066992,524.9724763046993,9.547918011776346e-14,unvalidated-engineering-priors,fixed independent scenario factor; no N cycle,,,,right_censored,BBCH89_full_ripeness,,,
21,ag_099_048,maize,2009,2009-06-15,2009-10-05,615113.668369401,0.25,9.592326932761353e-13,3.296918293926865e-12,0.0,0.0,0.03354275471250856,397.37,20.0,0.0,18.08488109103541,198.80883924480918,81.4775452417029,0.0,0.0,0.0,1.2931686976552523,20.0,0.0,298.3712655775475,7994.842385011347,15792.923226611716,524.9724763046993,642.6780420294929,3.665401315799954e-12,unvalidated-engineering-priors,fixed independent scenario factor; no N cycle,2009-08-10,2009-09-25,2009-09-25,physiological_maturity,R6_physiological_maturity,2009-06-16,seed_layer_available_water,50.0
21,ag_099_048,fallow,2009,2009-10-06,2009-10-11,615113.668369401,0.25,7.549516567451064e-14,0.0,0.0,0.0,1.0,1.85,0.0,0.0,17.014648005752374,0.0,0.0,0.0,0.0,0.0,0.14963920995098837,0.0,0.0,17.014648005752374,0.0,0.0,642.6780420294929,627.3637548137895,5.573319583618286e-14,unvalidated-engineering-priors,fixed independent scenario factor; no N cycle,,,,right_censored,BBCH89_full_ripeness,,,
21,ag_099_048,wheat,2010,2009-10-12,2010-06-10,615113.668369401,0.25,9.166001291305292e-13,3.268496584496461e-12,0.0,0.0,0.04267140235271844,438.37,75.0,0.0,250.3952315109748,209.32592793602916,65.81159586543433,0.0,0.0,0.0,7.304513308417233,75.0,0.0,525.5327553124383,8145.4963986014145,18951.279288866972,627.3637548137895,607.8964861929321,1.8023915693277104e-12,unvalidated-engineering-priors,fixed independent scenario factor; no N cycle,2010-04-29,2010-06-06,2010-06-06,full_ripeness,BBCH89_full_ripeness,2009-10-12,seed_layer_available_water,50.0
21,ag_099_048,fallow,2010,2010-06-11,2010-06-14,615113.668369401,0.25,4.618527782440651e-14,0.0,0.0,0.0,1.0,0.09,0.0,0.0,19.647714688635944,0.0,0.0,0.0,0.0,0.0,0.015175170113235584,0.0,0.0,19.647714688635944,0.0,0.0,607.8964861929321,588.3235963341829,6.927791673660977e-14,unvalidated-engineering-priors,fixed independent scenario factor; no N cycle,,,,right_censored,BBCH89_full_ripeness,,,
21,ag_099_048,maize,2010,2010-06-15,2010-10-05,615113.668369401,0.25,9.237055564881302e-13,3.751665644813329e-12,0.0,0.0,0.03354275471250856,445.4,20.0,0.0,18.519733545810016,175.1197983990477,111.01161608741664,0.0,10.780371838203138,0.0,27.16650613233042,20.0,0.0,304.65114803227436,7601.219191462543,15577.854411159233,588.3235963341829,711.1255703313741,8.600897771771088e-13,unvalidated-engineering-priors,fixed independent scenario factor; no N cycle,2010-08-08,2010-09-20,2010-09-20,physiological_maturity,R6_physiological_maturity,2010-06-15,seed_layer_available_water,50.0
21,ag_099_048,fallow,2010,2010-10-06,2010-10-11,615113.668369401,0.25,2.2115642650533118e-13,0.0,0.0,0.0,1.0,0.6,0.0,0.0,20.615099048324428,0.0,0.0,0.0,0.0,0.0,2.095480620888334,0.0,0.0,20.615099048324428,0.0,0.0,711.1255703313741,689.0149906621609,4.036770917537069e-13,unvalidated-engineering-priors,fixed independent scenario factor; no N cycle,,,,right_censored,BBCH89_full_ripeness,,,
21,ag_099_048,wheat,2011,2010-10-12,2011-06-10,615113.668369401,0.25,3.3373304120232206e-13,3.097966327914037e-12,0.0,0.0,0.04267140235271844,152.6,75.0,0.0,191.54305045014118,248.34520876778706,28.92398069635578,0.0,0.0,0.0,25.602548917424777,75.0,0.0,468.812239914284,6149.016013691682,15272.337196720347,689.0149906621609,422.2002018304514,7.035483307049617e-13,unvalidated-engineering-priors,fixed independent scenario factor; no N cycle,2011-04-19,2011-05-30,2011-05-30,full_ripeness,BBCH89_full_ripeness,2010-10-12,seed_layer_available_water,50.0
21,ag_099_048,fallow,2011,2011-06-11,2011-06-14,615113.668369401,0.25,1.4210854715202004e-13,0.0,0.0,0.0,1.0,21.4,0.0,0.0,7.165529742911813,0.0,0.0,0.0,0.0,0.0,0.0005758584544648152,0.0,0.0,7.165529742911813,0.0,0.0,422.2002018304514,436.4340962290852,-4.374278717023117e-14,unvalidated-engineering-priors,fixed independent scenario factor; no N cycle,,,,right_censored,BBCH89_full_ripeness,,,
21,ag_099_048,maize,2011,2011-06-15,2011-10-05,615113.668369401,0.25,1.1461942506230116e-12,3.183231456205249e-12,0.0,0.0,0.03354275471250856,406.55,20.0,0.0,19.346179162026434,159.73403499776188,94.67403333956364,0.0,0.0,0.0,0.176678708567983,20.0,0.0,273.75424749935195,7334.888027993409,14635.882119914515,436.4340962290852,589.0531700211634,1.8545720514850927e-12,unvalidated-engineering-priors,fixed independent scenario factor; no N cycle,2011-08-10,2011-09-27,2011-09-27,physiological_maturity,R6_physiological_maturity,2011-06-15,seed_layer_available_water,50.0
21,ag_099_048,fallow,2011,2011-10-06,2011-10-11,615113.668369401,0.25,8.526512829121202e-14,0.0,0.0,0.0,1.0,2.54,0.0,0.0,18.833718258654986,0.0,0.0,0.0,0.0,0.0,0.022634457257458784,0.0,0.0,18.833718258654986,0.0,0.0,589.0531700211634,572.7368173052511,-1.1368683772161603e-13,unvalidated-engineering-priors,fixed independent scenario factor; no N cycle,,,,right_censored,BBCH89_full_ripeness,,,
21,ag_099_048,wheat,2012,2011-10-12,2012-06-10,615113.668369401,0.25,3.0730973321624333e-13,2.5863755581667647e-12,0.0,0.0,0.04267140235271844,272.93,75.0,0.0,248.77008906893133,192.96697952554973,35.92123094516229,0.0,0.0,0.0,2.107795231413368,75.0,0.0,477.65829953964334,6471.994183982395,14738.838373419301,572.7368173052511,440.9007225341951,-7.538969448717125e-13,unvalidated-engineering-priors,fixed independent scenario factor; no N cycle,2012-04-22,2012-05-28,2012-05-28,full_ripeness,BBCH89_full_ripeness,2011-10-12,seed_layer_available_water,50.0
21,ag_099_048,fallow,2012,2012-06-11,2012-06-14,615113.668369401,0.25,5.0959236830294685e-14,0.0,0.0,0.0,1.0,0.44,0.0,0.0,2.299923341316888,0.0,0.0,0.0,0.0,0.0,0.0010690575568402623,0.0,0.0,2.299923341316888,0.0,0.0,440.9007225341951,439.0397301353214,-3.7136960173711486e-14,unvalidated-engineering-priors,fixed independent scenario factor; no N cycle,,,,right_censored,BBCH89_full_ripeness,,,
21,ag_099_048,maize,2012,2012-06-15,2012-10-05,615113.668369401,0.25,1.0835776720341528e-12,2.5295321393059567e-12,0.0,0.0,0.03354275471250856,462.43,20.0,0.0,22.059589127599594,211.3144006984619,66.22854288342863,0.0,3.9375172135778485,0.0,0.6562491499076004,20.0,0.0,299.6025327094901,8021.350658665611,15046.185066612896,439.0397301353214,617.2734310623449,9.130474154517287e-13,unvalidated-engineering-priors,fixed independent scenario factor; no N cycle,2012-08-10,2012-09-23,2012-09-23,physiological_maturity,R6_physiological_maturity,2012-06-16,seed_layer_available_water,50.0
21,ag_099_048,fallow,2012,2012-10-06,2012-10-11,615113.668369401,0.25,2.6911806116913795e-13,0.0,0.0,0.0,1.0,0.02,0.0,0.0,18.406768244836076,0.0,0.0,0.0,0.0,0.0,0.09940040589417456,0.0,0.0,18.406768244836076,0.0,0.0,617.2734310623449,598.7872624116142,4.960476474025199e-13,unvalidated-engineering-priors,fixed independent scenario factor; no N cycle,,,,right_censored,BBCH89_full_ripeness,,,
21,ag_099_048,wheat,2013,2012-10-12,2013-06-10,615113.668369401,0.25,3.197442310920451e-13,3.808509063674137e-12,0.0,0.0,0.04267140235271844,339.04,75.0,0.0,287.8019380584724,202.45771203946742,44.97655164269147,0.0,0.0,0.0,3.685144120106087,75.0,0.0,535.2362017406313,6424.433035736244,14933.08056624727,598.7872624116142,473.9059165508742,2.6011970355455105e-12,unvalidated-engineering-priors,fixed independent scenario factor; no N cycle,2013-04-20,2013-05-30,2013-05-30,full_ripeness,BBCH89_full_ripeness,2012-10-13,seed_layer_available_water,50.0
21,ag_099_048,fallow,2013,2013-06-11,2013-06-14,615113.668369401,0.25,1.1102230246251565e-13,0.0,0.0,0.0,1.0,1.55,0.0,0.0,6.748620540912363,0.0,0.0,0.0,0.0,0.0,0.0008059499702166626,0.0,0.0,6.748620540912363,0.0,0.0,473.9059165508742,468.7064900599918,-1.34781075189494e-13,unvalidated-engineering-priors,fixed independent scenario factor; no N cycle,,,,right_censored,BBCH89_full_ripeness,,,
21,ag_099_048,maize,2013,2013-06-15,2013-10-05,615113.668369401,0.25,7.118750033896504e-13,3.637978807091713e-12,0.0,0.0,0.03354275471250856,423.51,20.0,0.0,23.00850893413521,226.7325138166025,67.57582990066693,0.0,0.3757533058578435,0.0,0.05748219583127168,20.0,0.0,317.31685265140464,7571.549425438482,16350.59582481927,468.7064900599918,594.4664019068995,-1.4404588632999094e-12,unvalidated-engineering-priors,fixed independent scenario factor; no N cycle,2013-08-10,2013-09-24,2013-09-24,physiological_maturity,R6_physiological_maturity,2013-06-16,seed_layer_available_water,50.0
21,ag_099_048,fallow,2013,2013-10-06,2013-10-11,615113.668369401,0.25,1.3811174426336947e-13,0.0,0.0,0.0,1.0,0.0,0.0,0.0,20.95258982161143,0.0,0.0,0.0,0.0,0.0,0.013989226598663519,0.0,0.0,20.95258982161143,0.0,0.0,594.4664019068995,573.4998228586895,-1.4210854715202004e-13,unvalidated-engineering-priors,fixed independent scenario factor; no N cycle,,,,right_censored,BBCH89_full_ripeness,,,
21,ag_099_048,wheat,2014,2013-10-12,2014-06-10,615113.668369401,0.25,2.781108676686017e-13,3.353761712787673e-12,0.0,0.0,0.04267140235271844,302.25,75.0,0.0,260.9422193480264,160.52312206303466,53.86740643151866,0.0,0.0,0.0,0.96881354532921,75.0,0.0,475.33274784257975,6333.15805567069,14277.742162819479,573.4998228586895,474.4482614707822,-1.626421219924623e-12,unvalidated-engineering-priors,fixed independent scenario factor; no N cycle,2014-04-13,2014-05-23,2014-05-23,full_ripeness,BBCH89_full_ripeness,2013-10-12,seed_layer_available_water,50.0
21,ag_099_048,fallow,2014,2014-06-11,2014-06-14,615113.668369401,0.25,1.0347278589506459e-13,0.0,0.0,0.0,1.0,3.7199999999999998,0.0,0.0,4.050563896819857,0.0,0.0,0.0,0.0,0.0,0.0013923467122772199,0.0,0.0,4.050563896819857,0.0,0.0,474.4482614707822,474.11630522724994,1.2667644710973036e-13,unvalidated-engineering-priors,fixed independent scenario factor; no N cycle,,,,right_censored,BBCH89_full_ripeness,,,
21,ag_099_048,maize,2014,2014-06-15,2014-10-05,615113.668369401,0.25,9.099387909827783e-13,3.524291969370097e-12,0.0,0.0,0.03354275471250856,444.9,20.0,0.0,18.565845461644454,132.5534087291291,83.038164055717,0.0,2.828936204638895,0.0,1.0207687096612614,20.0,0.0,234.15741824649058,6339.926588632744,13790.240473350637,474.11630522724994,701.0091820664587,4.847788837025746e-13,unvalidated-engineering-priors,fixed independent scenario factor; no N cycle,2014-08-12,2014-09-28,2014-09-28,physiological_maturity,R6_physiological_maturity,2014-06-16,seed_layer_available_water,50.0
21,ag_099_048,fallow,2014,2014-10-06,2014-10-11,615113.668369401,0.25,1.1812772982011666e-13,0.0,0.0,0.0,1.0,0.0,0.0,0.0,19.91726743805702,0.0,0.0,0.0,0.0,0.0,0.9092130516957194,0.0,0.0,19.91726743805702,0.0,0.0,701.0091820664587,680.1827015767064,-4.689582056016661e-13,unvalidated-engineering-priors,fixed independent scenario factor; no N cycle,,,,right_censored,BBCH89_full_ripeness,,,
21,ag_099_048,wheat,2015,2014-10-12,2015-06-10,615113.668369401,0.25,1.0196288258157438e-12,3.382183422218077e-12,0.0,0.0,0.04267140235271844,401.98,75.0,0.0,299.2003651719379,186.84367774044975,59.2510831062885,0.0,0.0,0.0,30.297442075223575,75.0,0.0,545.2951260186761,7612.4162292804895,17371.77923259182,680.1827015767064,581.5701334828067,4.674038933671909e-14,unvalidated-engineering-priors,fixed independent scenario factor; no N cycle,2015-04-18,2015-05-25,2015-05-25,full_ripeness,BBCH89_full_ripeness,2014-10-12,seed_layer_available_water,50.0
21,ag_099_048,fallow,2015,2015-06-11,2015-06-14,615113.668369401,0.25,2.05613304160579e-13,0.0,0.0,0.0,1.0,0.0,0.0,0.0,7.347069774821616,0.0,0.0,0.0,0.0,0.0,0.05844429252531071,0.0,0.0,7.347069774821616,0.0,0.0,581.5701334828067,574.1646194154596,1.723066134218243e-13,unvalidated-engineering-priors,fixed independent scenario factor; no N cycle,,,,right_censored,BBCH89_full_ripeness,,,
21,ag_099_048,maize,2015,2015-06-15,2015-10-05,615113.668369401,0.25,8.499867476530198e-13,2.2168933355715126e-12,0.0,0.0,0.03354275471250856,508.64,20.0,0.0,18.50137840532495,220.2506510199496,51.10455673402629,0.0,77.7837514749076,0.0,81.11591025529577,20.0,0.0,289.85658615930083,8783.055990482664,16320.920104915902,574.1646194154596,654.0483715259616,-6.202649505127056e-12,unvalidated-engineering-priors,fixed independent scenario factor; no N cycle,2015-08-13,2015-09-27,2015-09-27,physiological_maturity,R6_physiological_maturity,2015-06-16,seed_layer_available_water,50.0
21,ag_099_048,fallow,2015,2015-10-06,2015-10-11,615113.668369401,0.25,1.7630341631047486e-13,0.0,0.0,0.0,1.0,5.1899999999999995,0.0,0.0,17.49599794975579,0.0,0.0,0.0,0.0,0.0,0.28708722769425027,0.0,0.0,17.49599794975579,0.0,0.0,654.0483715259616,641.4552863485114,8.149037000748649e-14,unvalidated-engineering-priors,fixed independent scenario factor; no N cycle,,,,right_censored,BBCH89_full_ripeness,,,
21,ag_099_048,wheat,2016,2015-10-12,2016-06-10,615113.668369401,0.25,3.992361996552063e-13,3.581135388230905e-12,0.0,0.0,0.04267140235271844,450.44,75.0,0.0,322.58222497343235,178.925773978925,49.842882118213616,0.0,0.0,0.0,13.113947429853459,75.0,0.0,551.350881070571,7025.143059142591,16144.99357275758,641.4552863485114,602.4304578480885,-1.4663270597736755e-12,unvalidated-engineering-priors,fixed independent scenario factor; no N cycle,2016-04-14,2016-05-23,2016-05-23,full_ripeness,BBCH89_full_ripeness,2015-10-12,seed_layer_available_water,50.0
21,ag_099_048,fallow,2016,2016-06-11,2016-06-14,615113.668369401,0.25,1.8340884366807586e-13,0.0,0.0,0.0,1.0,8.44,0.0,0.0,18.041425905969426,0.0,0.0,0.0,0.0,0.0,0.020759839779585332,0.0,0.0,18.041425905969426,0.0,0.0,602.4304578480885,592.80827210234,-4.729550084903167e-13,unvalidated-engineering-priors,fixed independent scenario factor; no N cycle,,,,right_censored,BBCH89_full_ripeness,,,
21,ag_099_048,maize,2016,2016-06-15,2016-10-05,615113.668369401,0.25,1.077360423096252e-12,3.666400516522117e-12,0.0,0.0,0.03354275471250856,478.68,20.0,0.0,18.56674046970978,238.3218144547839,64.74945871617129,0.0,79.22394145001732,0.0,36.51528445153429,20.0,0.0,321.63801364066495,9036.747578706414,17109.035186956477,592.80827210234,654.1110325601246,-1.2078116284897078e-12,unvalidated-engineering-priors,fixed independent scenario factor; no N cycle,2016-08-10,2016-09-20,2016-09-20,physiological_maturity,R6_physiological_maturity,2016-06-15,seed_layer_available_water,50.0
21,ag_099_048,fallow,2016,2016-10-06,2016-10-11,615113.668369401,0.25,2.0694557179012918e-13,0.0,0.0,0.0,1.0,0.25,0.0,0.0,15.942508599999996,0.0,0.0,0.0,0.0,0.0,0.14930155024037306,0.0,0.0,15.942508599999996,0.0,0.0,654.1110325601246,638.2692224098846,-3.6126657221302594e-13,unvalidated-engineering-priors,fixed independent scenario factor; no N cycle,,,,right_censored,BBCH89_full_ripeness,,,
21,ag_099_048,wheat,2017,2016-10-12,2017-06-10,615113.668369401,0.25,9.423573033018329e-13,3.197442310920451e-12,0.0,0.0,0.04267140235271844,537.22,75.0,0.0,331.60779837215654,170.35805074669398,49.47248137824669,0.0,0.0,0.0,70.29083930905996,75.0,0.0,551.4383304970972,6628.081643379774,15393.964587639943,638.2692224098846,628.7600526037245,2.9208857554863243e-12,unvalidated-engineering-priors,fixed independent scenario factor; no N cycle,2017-04-13,2017-05-21,2017-05-21,full_ripeness,BBCH89_full_ripeness,2016-10-12,seed_layer_available_water,50.0
21,ag_099_048,fallow,2017,2017-06-11,2017-06-14,615113.668369401,0.25,2.318145675417327e-13,0.0,0.0,0.0,1.0,0.19,0.0,0.0,18.6842909,0.0,0.0,0.0,0.0,0.0,0.044657668759007806,0.0,0.0,18.6842909,0.0,0.0,628.7600526037245,610.2211040349655,-1.2434497875801753e-14,unvalidated-engineering-priors,fixed independent scenario factor; no N cycle,,,,right_censored,BBCH89_full_ripeness,,,
21,ag_099_048,maize,2017,2017-06-15,2017-10-05,615113.668369401,0.25,1.0418332863082469e-12,2.9700686354772188e-12,0.0,0.0,0.03354275471250856,761.44,20.0,0.0,16.378157515855456,205.02468096785185,86.91806926259947,0.0,99.31518546561341,0.0,179.0759924514548,20.0,0.0,308.3209077463068,8066.289556963628,16732.865642001794,610.2211040349655,804.9490183715951,-4.624522986773627e-12,unvalidated-engineering-priors,fixed independent scenario factor; no N cycle,2017-08-08,2017-09-20,2017-09-20,physiological_maturity,R6_physiological_maturity,2017-06-15,seed_layer_available_water,50.0
21,ag_099_048,fallow,2017,2017-10-06,2017-10-11,615113.668369401,0.25,1.4033219031261979e-13,0.0,0.0,0.0,1.0,42.489999999999995,0.0,0.0,12.20742934,0.0,0.0,0.0,0.4623129174779308,0.0,30.276760885018614,0.0,0.0,12.20742934,0.0,0.0,804.9490183715951,804.4925152290984,1.2168044349891716e-13,unvalidated-engineering-priors,fixed independent scenario factor; no N cycle,,,,right_censored,BBCH89_full_ripeness,,,
21,ag_099_048,wheat,2018,2017-10-12,2018-06-10,615113.668369401,0.25,1.0302869668521453e-12,3.751665644813329e-12,0.0,0.0,0.04267140235271844,456.65999999999997,75.0,0.0,276.35304888248885,219.2375381865123,67.04324874178026,0.0,14.876432467100289,0.0,121.91064071512504,75.0,0.0,562.6338358107814,8113.178668807937,19106.57835340577,804.4925152290984,636.7316062360918,-1.192379528447418e-13,unvalidated-engineering-priors,fixed independent scenario factor; no N cycle,2018-04-14,2018-05-24,2018-05-24,full_ripeness,BBCH89_full_ripeness,2017-10-12,seed_layer_available_water,50.0
21,ag_099_048,fallow,2018,2018-06-11,2018-06-14,615113.668369401,0.25,1.900701818158268e-13,0.0,0.0,0.0,1.0,0.0,0.0,0.0,10.172638950298317,0.0,0.0,0.0,0.0,0.0,0.33071973973760216,0.0,0.0,10.172638950298317,0.0,0.0,636.7316062360918,626.228247546056,-8.08242361927114e-14,unvalidated-engineering-priors,fixed independent scenario factor; no N cycle,,,,right_censored,BBCH89_full_ripeness,,,
21,ag_099_048,maize,2018,2018-06-15,2018-10-05,615113.668369401,0.25,1.0089706847793423e-12,3.069544618483633e-12,0.0,0.0,0.03354275471250856,421.13,20.0,0.0,18.981181073298902,231.42403074912846,74.86522958148049,0.0,54.2947393262357,0.0,37.73851058949661,20.0,0.0,325.27044140390785,7728.83653036204,16031.58898470327,626.228247546056,650.0545562264175,-1.68454139526375e-12,unvalidated-engineering-priors,fixed independent scenario factor; no N cycle,2018-08-10,2018-09-21,2018-09-21,physiological_maturity,R6_physiological_maturity,2018-06-16,seed_layer_available_water,50.0
21,ag_099_048,fallow,2018,2018-10-06,2018-10-11,615113.668369401,0.25,1.7186252421197423e-13,0.0,0.0,0.0,1.0,0.9199999999999999,0.0,0.0,18.625811694665725,0.0,0.0,0.0,0.0,0.0,0.41363571026312573,0.0,0.0,18.625811694665725,0.0,0.0,650.0545562264175,631.9351088214886,5.639932965095795e-14,unvalidated-engineering-priors,fixed independent scenario factor; no N cycle,,,,right_censored,BBCH89_full_ripeness,,,
21,ag_099_048,wheat,2019,2018-10-12,2019-06-10,615113.668369401,0.25,7.691625114603085e-13,4.263256414560601e-12,0.0,0.0,0.04267140235271844,312.57,75.0,0.0,257.85284853206184,213.75975928974347,46.48067947941054,0.0,0.0,0.0,11.436476462586906,75.0,0.0,518.0932873012159,8233.07739006077,18635.756690526454,631.9351088214886,489.97534505768607,-2.5118795932144167e-13,unvalidated-engineering-priors,fixed independent scenario factor; no N cycle,2019-04-18,2019-05-27,2019-05-27,full_ripeness,BBCH89_full_ripeness,2018-10-12,seed_layer_available_water,50.0
21,ag_099_048,fallow,2019,2019-06-11,2019-06-14,615113.668369401,0.25,5.684341886080802e-14,0.0,0.0,0.0,1.0,0.07,0.0,0.0,4.402564689526672,0.0,0.0,0.0,0.0,0.0,0.005371748799312304,0.0,0.0,4.402564689526672,0.0,0.0,489.97534505768607,485.63740861936003,5.473399511402022e-14,unvalidated-engineering-priors,fixed independent scenario factor; no N cycle,,,,right_censored,BBCH89_full_ripeness,,,
21,ag_099_048,maize,2019,2019-06-15,2019-10-05,615113.668369401,0.25,6.812328479099961e-13,3.637978807091713e-12,0.0,0.0,0.03354275471250856,302.6,20.0,0.0,18.911000008722837,226.30425041660084,64.01257075808951,0.0,1.5665343208542062,0.0,0.0969908323351628,20.0,0.0,309.2278211834132,8274.46436971568,17330.894050928662,485.63740861936003,497.34606228275663,8.392175843141558e-13,unvalidated-engineering-priors,fixed independent scenario factor; no N cycle,2019-08-10,2019-09-22,2019-09-22,physiological_maturity,R6_physiological_maturity,2019-06-16,seed_layer_available_water,50.0
21,ag_099_048,fallow,2019,2019-10-06,2019-10-11,615113.668369401,0.25,1.3855583347321954e-13,0.0,0.0,0.0,1.0,15.930000000000001,0.0,0.0,11.176694,0.0,0.0,0.0,0.0,0.0,0.00030256679184966027,0.0,0.0,11.176694,0.0,0.0,497.34606228275663,502.09906571596474,4.474198789239381e-14,unvalidated-engineering-priors,fixed independent scenario factor; no N cycle,,,,right_censored,BBCH89_full_ripeness,,,
21,ag_099_048,wheat,2020,2019-10-12,2020-06-10,615113.668369401,0.25,3.12194714524594e-13,2.6716406864579767e-12,0.0,0.0,0.04267140235271844,252.18,75.0,0.0,210.33648884617782,166.19675561554163,44.50508780184272,0.0,0.0,0.0,0.026702928954298766,75.0,0.0,421.03833226356215,5203.2235897581295,13274.71346990528,502.09906571596474,408.2140305234471,1.1862733018119798e-12,unvalidated-engineering-priors,fixed independent scenario factor; no N cycle,2020-04-12,2020-05-24,2020-05-24,full_ripeness,BBCH89_full_ripeness,2019-10-12,seed_layer_available_water,50.0
21,ag_099_048,fallow,2020,2020-06-11,2020-06-14,615113.668369401,0.25,1.056932319443149e-13,0.0,0.0,0.0,1.0,35.089999999999996,0.0,0.0,11.31158238378451,0.0,0.0,0.0,0.0,0.0,0.00013648670997116458,0.0,0.0,11.31158238378451,0.0,0.0,408.2140305234471,431.99231165295276,-1.5409895581797173e-13,unvalidated-engineering-priors,fixed independent scenario factor; no N cycle,,,,right_censored,BBCH89_full_ripeness,,,
21,ag_099_048,maize,2020,2020-06-15,2020-10-05,615113.668369401,0.25,1.0222933610748441e-12,2.4442670110147446e-12,0.0,0.0,0.03354275471250856,738.0,20.0,0.0,18.793344757166423,170.41471129738326,66.93452348652575,0.0,111.50814784782334,0.0,119.77694473833454,20.0,0.0,256.1425795410754,6665.493361252491,13815.43680508165,431.99231165295276,702.5646395257216,-2.18852713729234e-12,unvalidated-engineering-priors,fixed independent scenario factor; no N cycle,2020-08-11,2020-09-22,2020-09-22,physiological_maturity,R6_physiological_maturity,2020-06-15,seed_layer_available_water,50.0
21,ag_099_048,fallow,2020,2020-10-06,2020-10-11,615113.668369401,0.25,1.3367085216486885e-13,0.0,0.0,0.0,1.0,0.03,0.0,0.0,13.2510859,0.0,0.0,0.0,0.0,0.0,0.911893977307274,0.0,0.0,13.2510859,0.0,0.0,702.5646395257216,688.431659648414,3.8768988019910466e-13,unvalidated-engineering-priors,fixed independent scenario factor; no N cycle,,,,right_censored,BBCH89_full_ripeness,,,
21,ag_099_048,wheat,2021,2020-10-12,2021-06-10,615113.668369401,0.25,9.112710586123285e-13,3.183231456205249e-12,0.0,0.0,0.04267140235271844,414.96,75.0,0.0,252.35229503925956,184.40297768315295,65.05350257678016,0.0,0.0,0.0,33.04892805658374,75.0,0.0,501.80877529919263,7364.391134865721,17134.485309759937,688.431659648414,643.5339562926292,8.366307646667792e-12,unvalidated-engineering-priors,fixed independent scenario factor; no N cycle,2021-04-12,2021-05-23,2021-05-23,full_ripeness,BBCH89_full_ripeness,2020-10-12,seed_layer_available_water,50.0
21,ag_099_048,fallow,2021,2021-06-11,2021-06-14,615113.668369401,0.25,1.8474111129762605e-13,0.0,0.0,0.0,1.0,48.949999999999996,0.0,0.0,9.656156076146928,0.0,0.0,0.0,0.0,0.0,0.9732131840829125,0.0,0.0,9.656156076146928,0.0,0.0,643.5339562926292,681.8545870323994,-3.7969627442180354e-14,unvalidated-engineering-priors,fixed independent scenario factor; no N cycle,,,,right_censored,BBCH89_full_ripeness,,,
21,ag_099_048,maize,2021,2021-06-15,2021-10-05,615113.668369401,0.25,9.938716516444401e-13,2.2453150450019166e-12,0.0,0.0,0.03354275471250856,578.51,20.0,0.0,18.44097039757138,162.7330717631507,90.0539808510333,0.0,30.617240180311768,0.0,261.8348096583714,20.0,0.0,271.2280230117554,7025.81159166381,13733.982436119772,681.8545870323994,716.6845141819634,-2.5788260415993136e-12,unvalidated-engineering-priors,fixed independent scenario factor; no N cycle,2021-08-09,2021-09-20,2021-09-20,physiological_maturity,R6_physiological_maturity,2021-06-15,seed_layer_available_water,50.0
21,ag_099_048,fallow,2021,2021-10-06,2021-10-11,615113.668369401,0.25,2.0339285811132868e-13,0.0,0.0,0.0,1.0,12.77,0.0,0.0,10.816151900000001,0.0,0.0,0.0,0.0,0.0,2.4959404335196487,0.0,0.0,10.816151900000001,0.0,0.0,716.6845141819634,716.1424218484437,3.952393967665557e-14,unvalidated-engineering-priors,fixed independent scenario factor; no N cycle,,,,right_censored,BBCH89_full_ripeness,,,
21,ag_099_048,wheat,2022,2021-10-12,2022-06-10,615113.668369401,0.25,1.0276224315930449e-12,4.206412995699793e-12,0.0,0.0,0.04267140235271844,366.48,75.0,0.0,251.47146029771397,234.53653660945497,53.97718168151108,0.0,0.0,0.0,42.9714508813856,75.0,0.0,539.98517858868,8496.324604436446,19684.774245386005,716.1424218484437,574.6657923783798,-1.7148504838360168e-12,unvalidated-engineering-priors,fixed independent scenario factor; no N cycle,2022-04-10,2022-05-20,2022-05-20,full_ripeness,BBCH89_full_ripeness,2021-10-12,seed_layer_available_water,50.0
21,ag_099_048,fallow,2022,2022-06-11,2022-06-14,615113.668369401,0.25,1.6986412276764895e-13,0.0,0.0,0.0,1.0,1.53,0.0,0.0,5.7190953850128095,0.0,0.0,0.0,0.0,0.0,0.0692028545705298,0.0,0.0,5.7190953850128095,0.0,0.0,574.6657923783798,570.4074941387963,1.566524687746096e-13,unvalidated-engineering-priors,fixed independent scenario factor; no N cycle,,,,right_censored,BBCH89_full_ripeness,,,
21,ag_099_048,maize,2022,2022-06-15,2022-10-05,615113.668369401,0.25,9.903189379656396e-13,3.723243935382925e-12,0.0,0.0,0.03354275471250856,469.17,20.0,0.0,21.91261989726093,260.8715512433656,65.37579730141874,0.0,26.256976681188732,0.0,33.67891105746235,20.0,0.0,348.1599684420453,8802.333572475785,17636.076414319996,570.4074941387963,651.4816379580976,2.3409052474221426e-12,unvalidated-engineering-priors,fixed independent scenario factor; no N cycle,2022-08-10,2022-09-23,2022-09-23,physiological_maturity,R6_physiological_maturity,2022-06-16,seed_layer_available_water,50.0
21,ag_099_048,fallow,2022,2022-10-06,2022-10-11,615113.668369401,0.25,3.2018832030189515e-13,0.0,0.0,0.0,1.0,25.27,0.0,0.0,13.6669859,0.0,0.0,0.0,0.0,0.0,0.14003976756595657,0.0,0.0,13.6669859,0.0,0.0,651.4816379580976,662.9446122905315,1.6919798895287386e-13,unvalidated-engineering-priors,fixed independent scenario factor; no N cycle,,,,right_censored,BBCH89_full_ripeness,,,
21,ag_099_048,wheat,2023,2022-10-12,2023-06-10,615113.668369401,0.25,5.364597654988756e-13,3.765876499528531e-12,0.0,0.0,0.04267140235271844,367.25,75.0,0.0,293.99126893542626,207.02778959969226,46.445713416165354,0.0,0.0,0.0,9.544386637124786,75.0,0.0,547.4647719512839,7110.357178060746,16338.732227782704,662.9446122905315,548.1854537021234,-5.083156118246279e-13,unvalidated-engineering-priors,fixed independent scenario factor; no N cycle,2023-04-13,2023-05-23,2023-05-23,full_ripeness,BBCH89_full_ripeness,2022-10-12,seed_layer_available_water,50.0
21,ag_099_048,fallow,2023,2023-06-11,2023-06-14,615113.668369401,0.25,9.414691248821327e-14,0.0,0.0,0.0,1.0,5.76,0.0,0.0,11.441070785230856,0.0,0.0,0.0,0.0,0.0,0.0054498850345636425,0.0,0.0,11.441070785230856,0.0,0.0,548.1854537021234,542.498933031858,-2.4424906541753444e-14,unvalidated-engineering-priors,fixed independent scenario factor; no N cycle,,,,right_censored,BBCH89_full_ripeness,,,
21,ag_099_048,maize,2023,2023-06-15,2023-10-05,615113.668369401,0.25,1.035616037370346e-12,2.0463630789890885e-12,0.0,0.0,0.03354275471250856,647.21,20.0,0.0,18.4084335843273,208.0044741379472,75.16086267070237,0.0,91.58917929427727,0.0,44.462089556153565,20.0,0.0,301.5737703929769,8309.24216683458,16348.416576963411,542.498933031858,772.083893788442,8.262723838470265e-12,unvalidated-engineering-priors,fixed independent scenario factor; no N cycle,2023-08-09,2023-09-19,2023-09-19,physiological_maturity,R6_physiological_maturity,2023-06-16,seed_layer_available_water,50.0
21,ag_099_048,fallow,2023,2023-10-06,2023-10-11,615113.668369401,0.25,1.341149413747189e-13,0.0,0.0,0.0,1.0,1.5499999999999998,0.0,0.0,14.1893832,0.0,0.0,0.0,0.0,0.0,11.632412185580485,0.0,0.0,14.1893832,0.0,0.0,772.083893788442,747.8120984028619,-4.360956040727615e-13,unvalidated-engineering-priors,fixed independent scenario factor; no N cycle,,,,right_censored,BBCH89_full_ripeness,,,
21,ag_099_048,wheat,2024,2023-10-12,2024-06-10,615113.668369401,0.25,1.0627054791711998e-12,6.906475391588174e-12,0.0,0.0,0.04267140235271844,364.35,75.0,0.0,261.1790061137561,227.1424391496965,59.24978110630518,0.0,0.0,0.0,62.39494536407098,75.0,0.0,547.5712263697577,9024.494878034899,19801.53082732649,747.8120984028619,577.19592666903,3.222422328974517e-12,unvalidated-engineering-priors,fixed independent scenario factor; no N cycle,2024-04-15,2024-05-25,2024-05-25,full_ripeness,BBCH89_full_ripeness,2023-10-12,seed_layer_available_water,50.0
21,ag_099_048,fallow,2024,2024-06-11,2024-06-14,615113.668369401,0.25,2.1027624086400465e-13,0.0,0.0,0.0,1.0,0.02,0.0,0.0,3.046025573755078,0.0,0.0,0.0,0.0,0.0,0.12333613248108471,0.0,0.0,3.046025573755078,0.0,0.0,577.19592666903,574.0465649627939,-1.1268763699945339e-13,unvalidated-engineering-priors,fixed independent scenario factor; no N cycle,,,,right_censored,BBCH89_full_ripeness,,,
21,ag_099_048,maize,2024,2024-06-15,2024-10-05,615113.668369401,0.25,1.2230216839270724e-12,2.6147972675971687e-12,0.0,0.0,0.03354275471250856,573.12,20.0,0.0,22.457241950801592,197.89702743149417,80.50596152528222,0.0,51.248596210933464,0.0,137.32248073737205,20.0,0.0,300.860230907578,6954.595901020528,14068.529320133679,574.0465649627939,677.7352571069113,-8.352207814255053e-13,unvalidated-engineering-priors,fixed independent scenario factor; no N cycle,2024-08-09,2024-09-19,2024-09-19,physiological_maturity,R6_physiological_maturity,2024-06-16,seed_layer_available_water,50.0
21,ag_099_048,fallow,2024,2024-10-06,2024-10-11,615113.668369401,0.25,1.8030021919912542e-13,0.0,0.0,0.0,1.0,8.35,0.0,0.0,15.0938332,0.0,0.0,0.0,0.0,0.0,0.6699354431451526,0.0,0.0,15.0938332,0.0,0.0,677.7352571069113,670.3214884637661,5.084821452783217e-14,unvalidated-engineering-priors,fixed independent scenario factor; no N cycle,,,,right_censored,BBCH89_full_ripeness,,,
21,ag_099_048,wheat,2025,2024-10-12,2025-06-10,615113.668369401,0.25,3.228528555609955e-13,4.249045559845399e-12,0.0,0.0,0.04267140235271844,357.48,75.0,0.0,299.7755095415905,279.8387557366179,40.72142593289316,0.0,0.0,0.0,17.61724556875344,75.0,0.0,620.3356912111016,8269.559136631182,19250.573566913776,670.3214884637661,464.8485516839105,5.954126081064715e-13,unvalidated-engineering-priors,fixed independent scenario factor; no N cycle,2025-04-12,2025-05-22,2025-05-22,full_ripeness,BBCH89_full_ripeness,2024-10-12,seed_layer_available_water,50.0
21,ag_099_048,fallow,2025,2025-06-11,2025-06-14,615113.668369401,0.25,9.947598300641403e-14,0.0,0.0,0.0,1.0,23.310000000000002,0.0,0.0,8.484238314942166,0.0,0.0,0.0,0.0,0.0,0.0011114466678723174,0.0,0.0,8.484238314942166,0.0,0.0,464.8485516839105,479.67320192230034,1.2612133559741778e-13,unvalidated-engineering-priors,fixed independent scenario factor; no N cycle,,,,right_censored,BBCH89_full_ripeness,,,
21,ag_099_048,maize,2025,2025-06-15,2025-10-05,615113.668369401,0.25,8.038014698286133e-13,5.172751116333529e-12,0.0,0.0,0.03354275471250856,693.18,20.0,0.0,17.609447763668086,175.79476011730353,117.94233642680373,0.0,36.44733583521421,0.0,55.488366261645105,20.0,0.0,311.34654430777533,7806.182346619448,16640.373318030634,479.67320192230034,789.5709555176647,9.048317650695026e-13,unvalidated-engineering-priors,fixed independent scenario factor; no N cycle,2025-08-11,2025-09-23,2025-09-23,physiological_maturity,R6_physiological_maturity,2025-06-15,seed_layer_available_water,50.0
21,ag_099_048,fallow,1996,1996-01-01,1996-10-11,615113.668369401,0.5,3.694822225952521e-13,0.0,0.0,0.0,1.0,1099.6,0.0,0.0,694.2960099457056,0.0,0.0,0.0,146.8012446603033,0.0,153.3883869502053,0.0,0.0,694.2960099457056,0.0,0.0,602.822236268816,707.9365947125993,2.495115225542577e-12,unvalidated-engineering-priors,fixed independent scenario factor; no N cycle,,,,right_censored,BBCH89_full_ripeness,,,
21,ag_099_048,wheat,1997,1996-10-12,1997-06-10,615113.668369401,0.5,9.627854069549358e-13,4.206412995699793e-12,0.0,0.0,0.04267140235271844,591.17,150.0,0.0,310.7065567257983,181.66176276875743,52.19691742059672,0.0,29.826500196289594,0.0,209.56674471331556,150.0,0.0,544.5652369151525,7264.035730771025,16916.98956487257,707.9365947125993,665.1481128878407,1.0154099783221682e-12,unvalidated-engineering-priors,fixed independent scenario factor; no N cycle,1997-04-19,1997-05-28,1997-05-28,full_ripeness,BBCH89_full_ripeness,1996-10-12,seed_layer_available_water,50.0
21,ag_099_048,fallow,1997,1997-06-11,1997-06-14,615113.668369401,0.5,2.460254222569347e-13,0.0,0.0,0.0,1.0,0.32,0.0,0.0,10.831140782983587,0.0,0.0,0.0,0.0,0.0,1.249081987787023,0.0,0.0,10.831140782983587,0.0,0.0,665.1481128878407,653.38789011707,1.1368683772161603e-13,unvalidated-engineering-priors,fixed independent scenario factor; no N cycle,,,,right_censored,BBCH89_full_ripeness,,,
21,ag_099_048,maize,1997,1997-06-15,1997-10-05,615113.668369401,0.5,1.1954881529163686e-12,3.581135388230905e-12,0.0,0.0,0.03354275471250856,422.09,40.0,0.0,19.413896120081308,237.1800392056015,78.63951100374811,0.0,73.63551479278728,0.0,118.11452118656415,40.0,0.0,335.2334463294309,9448.769479139197,18068.52358649676,653.38789011707,588.4944078082901,-2.4539259513289835e-12,unvalidated-engineering-priors,fixed independent scenario factor; no N cycle,1997-08-10,1997-09-24,1997-09-24,physiological_maturity,R6_physiological_maturity,1997-06-16,seed_layer_available_water,50.0
21,ag_099_048,fallow,1997,1997-10-06,1997-10-11,615113.668369401,0.5,1.6919798895287386e-13,0.0,0.0,0.0,1.0,0.26,0.0,0.0,15.171643599265884,0.0,0.0,0.0,0.0,0.0,0.08176691867561227,0.0,0.0,15.171643599265884,0.0,0.0,588.4944078082901,573.5009972903484,2.000621890374532e-13,unvalidated-engineering-priors,fixed independent scenario factor; no N cycle,,,,right_censored,BBCH89_full_ripeness,,,
21,ag_099_048,wheat,1998,1997-10-12,1998-06-10,615113.668369401,0.5,8.846257060213247e-13,3.410605131648481e-12,0.0,0.0,0.04267140235271844,785.3,150.0,0.0,321.4468734022297,151.38077184303975,71.19695524365098,0.0,88.57767687764094,0.0,148.74233500530062,150.0,0.0,544.0246004889204,6559.710611582395,15529.883441492117,573.5009972903484,727.4563849184824,4.0787373478679e-12,unvalidated-engineering-priors,fixed independent scenario factor; no N cycle,1998-04-21,1998-05-31,1998-05-31,full_ripeness,BBCH89_full_ripeness,1997-10-13,seed_layer_available_water,50.0
21,ag_099_048,fallow,1998,1998-06-11,1998-06-14,615113.668369401,0.5,1.2523315717771766e-13,0.0,0.0,0.0,1.0,8.49,0.0,0.0,14.933959028182208,0.0,0.0,0.0,0.0,0.0,6.256927619224565,0.0,0.0,14.933959028182208,0.0,0.0,727.4563849184824,714.7554982710759,-2.824407374646398e-13,unvalidated-engineering-priors,fixed independent scenario factor; no N cycle,,,,right_censored,BBCH89_full_ripeness,,,
21,ag_099_048,maize,1998,1998-06-15,1998-10-05,615113.668369401,0.5,1.0698109065288008e-12,2.1316282072803006e-12,0.0,0.0,0.03354275471250856,687.6899999999999,40.0,0.0,19.96132752482555,180.89086330601364,103.78469626066342,0.0,133.99632168431424,0.0,340.62104781983794,40.0,0.0,304.6368870915026,7934.619023477663,14977.769103191646,714.7554982710759,663.1912416754221,-1.0053069487980792e-12,unvalidated-engineering-priors,fixed independent scenario factor; no N cycle,1998-08-08,1998-09-18,1998-09-18,physiological_maturity,R6_physiological_maturity,1998-06-15,seed_layer_available_water,50.0
21,ag_099_048,fallow,1998,1998-10-06,1998-10-11,615113.668369401,0.5,2.1760371282653068e-13,0.0,0.0,0.0,1.0,0.81,0.0,0.0,15.526554480390608,0.0,0.0,0.0,0.0,0.0,0.825501293449894,0.0,0.0,15.526554480390608,0.0,0.0,663.1912416754221,647.6491859015821,-4.547473508864641e-13,unvalidated-engineering-priors,fixed independent scenario factor; no N cycle,,,,right_censored,BBCH89_full_ripeness,,,
21,ag_099_048,wheat,1999,1998-10-12,1999-06-10,615113.668369401,0.5,1.13509202037676e-12,2.6716406864579767e-12,0.0,0.0,0.04267140235271844,338.57,150.0,0.0,248.5595930924183,177.4648085243567,61.04025137027431,0.0,5.511026524840494,0.0,17.63562963987578,150.0,0.0,487.0646529870493,6994.968626847083,16199.236095843451,647.6491859015821,626.0078767498171,-6.297184995673888e-13,unvalidated-engineering-priors,fixed independent scenario factor; no N cycle,1999-04-15,1999-05-24,1999-05-24,full_ripeness,BBCH89_full_ripeness,1998-10-12,seed_layer_available_water,50.0
21,ag_099_048,fallow,1999,1999-06-11,1999-06-14,615113.668369401,0.5,2.0028423364237824e-13,0.0,0.0,0.0,1.0,3.82,0.0,0.0,5.849323432266594,0.0,0.0,0.0,0.0,0.0,0.3671995812771869,0.0,0.0,5.849323432266594,0.0,0.0,626.0078767498171,623.611353736273,3.028688411177427e-13,unvalidated-engineering-priors,fixed independent scenario factor; no N cycle,,,,right_censored,BBCH89_full_ripeness,,,
21,ag_099_048,maize,1999,1999-06-15,1999-10-05,615113.668369401,0.5,1.0125233984581428e-12,3.069544618483633e-12,0.0,0.0,0.03354275471250856,330.17,40.0,0.0,20.573598247513836,213.92533167868476,72.76215944683794,0.0,0.0,0.0,43.746865315219125,40.0,0.0,307.2610893730365,7756.777110671324,15592.0983129282,623.611353736273,642.7733990480191,-1.6998624730035772e-12,unvalidated-engineering-priors,fixed independent scenario factor; no N cycle,1999-08-12,1999-09-25,1999-09-25,physiological_maturity,R6_physiological_maturity,1999-06-16,seed_layer_available_water,50.0
21,ag_099_048,fallow,1999,1999-10-06,1999-10-11,615113.668369401,0.5,2.1938006966593093e-13,0.0,0.0,0.0,1.0,7.02,0.0,0.0,13.503175500000001,0.0,0.0,0.0,0.0,0.0,0.08602968694190738,0.0,0.0,13.503175500000001,0.0,0.0,642.7733990480191,636.204193861077,1.8984813721090177e-13,unvalidated-engineering-priors,fixed independent scenario factor; no N cycle,,,,right_censored,BBCH89_full_ripeness,,,
21,ag_099_048,wheat,2000,1999-10-12,2000-06-10,615113.668369401,0.5,3.3928415632544784e-13,4.547473508864641e-12,0.0,0.0,0.04267140235271844,426.53,150.0,0.0,284.8577988258124,272.85721683533455,40.97502271413892,0.0,19.277334286024363,0.0,35.74549792625789,150.0,0.0,598.6900383752859,9132.545846728468,20529.800673639533,636.204193861077,559.0213232735088,8.715250743307479e-14,unvalidated-engineering-priors,fixed independent scenario factor; no N cycle,2000-04-17,2000-05-25,2000-05-25,full_ripeness,BBCH89_full_ripeness,1999-10-12,seed_layer_available_water,50.0
21,ag_099_048,fallow,2000,2000-06-11,2000-06-14,615113.668369401,0.5,1.0969003483296547e-13,0.0,0.0,0.0,1.0,0.72,0.0,0.0,12.161907042118205,0.0,0.0,0.0,0.0,0.0,0.004010726446592301,0.0,0.0,12.161907042118205,0.0,0.0,559.0213232735088,547.575405504944,-4.3076653355456074e-14,unvalidated-engineering-priors,fixed independent scenario factor; no N cycle,,,,right_censored,BBCH89_full_ripeness,,,
21,ag_099_048,maize,2000,2000-06-15,2000-10-05,615113.668369401,0.5,8.677503160470224e-13,2.2737367544323206e-12,0.0,0.0,0.03354275471250856,766.89,40.0,0.0,21.766517492976906,127.76821070726626,89.54374639312569,0.0,103.60990616057266,0.0,233.02777646925958,40.0,0.0,239.07847459336887,6647.811110424284,12541.97186563045,547.575405504944,778.7492482817418,1.150135542360431e-12,unvalidated-engineering-priors,fixed independent scenario factor; no N cycle,2000-08-09,2000-09-20,2000-09-20,physiological_maturity,R6_physiological_maturity,2000-06-16,seed_layer_available_water,50.0
21,ag_099_048,fallow,2000,2000-10-06,2000-10-11,615113.668369401,0.5,1.8030021919912542e-13,0.0,0.0,0.0,1.0,13.17,0.0,0.0,15.577848399999997,0.0,0.0,0.0,0.0,0.0,15.784195881114286,0.0,0.0,15.577848399999997,0.0,0.0,778.7492482817418,760.5572040006278,-3.7569947153315297e-13,unvalidated-engineering-priors,fixed independent scenario factor; no N cycle,,,,right_censored,BBCH89_full_ripeness,,,
21,ag_099_048,wheat,2001,2000-10-12,2001-06-10,615113.668369401,0.5,8.375522497772181e-13,3.325340003357269e-12,0.0,0.0,0.04267140235271844,416.41,150.0,0.0,311.74341078808243,186.81720239744357,42.48609486323056,0.0,5.354851456325564,0.0,183.8722449713643,150.0,0.0,541.0467080487565,7384.633013284801,16585.543427798548,760.5572040006278,596.6933995241801,1.333599897179738e-12,unvalidated-engineering-priors,fixed independent scenario factor; no N cycle,2001-04-17,2001-05-27,2001-05-27,full_ripeness,BBCH89_full_ripeness,2000-10-12,seed_layer_available_water,50.0
21,ag_099_048,fallow,2001,2001-06-11,2001-06-14,615113.668369401,0.5,1.7319479184152442e-13,0.0,0.0,0.0,1.0,5.64,0.0,0.0,16.48116323713179,0.0,0.0,0.0,0.0,0.0,0.0877828655427165,0.0,0.0,16.48116323713179,0.0,0.0,596.6933995241801,585.7644534215054,1.652011860642233e-13,unvalidated-engineering-priors,fixed independent scenario factor; no N cycle,,,,right_censored,BBCH89_full_ripeness,,,
21,ag_099_048,maize,2001,2001-06-15,2001-10-05,615113.668369401,0.5,8.15347789284715e-13,3.780087354243733e-12,0.0,0.0,0.03354275471250856,210.65,40.0,0.0,19.114658861910055,281.87063378415013,74.54162451502802,0.0,0.0,0.0,4.351195229506413,40.0,0.0,375.5269171610882,9503.658166051295,18935.30406035742,585.7644534215054,456.53634103091457,-3.748057419983297e-12,unvalidated-engineering-priors,fixed independent scenario factor; no N cycle,2001-08-11,2001-09-21,2001-09-21,physiological_maturity,R6_physiological_maturity,2001-06-16,seed_layer_available_water,50.0
21,ag_099_048,fallow,2001,2001-10-06,2001-10-11,615113.668369401,0.5,1.3367085216486885e-13,0.0,0.0,0.0,1.0,5.3,0.0,0.0,11.34849706994722,0.0,0.0,0.0,0.0,0.0,0.0017440730375055508,0.0,0.0,11.34849706994722,0.0,0.0,456.53634103091457,450.48609988792964,2.0516921495072893e-13,unvalidated-engineering-priors,fixed independent scenario factor; no N cycle,,,,right_censored,BBCH89_full_ripeness,,,
21,ag_099_048,wheat,2002,2001-10-12,2002-06-10,615113.668369401,0.5,9.254819133275305e-13,2.4442670110147446e-12,0.0,0.0,0.04267140235271844,554.61,150.0,0.0,263.52281167456874,152.5576521856749,68.93470404232161,0.0,17.993942768896186,0.0,2.7368405747883404,150.0,0.0,485.0151679025652,6319.437404567201,15494.852035756567,450.48609988792964,649.3501486416842,-4.332756375902136e-12,unvalidated-engineering-priors,fixed independent scenario factor; no N cycle,2002-04-10,2002-05-24,2002-05-24,full_ripeness,BBCH89_full_ripeness,2001-10-13,seed_layer_available_water,50.0
21,ag_099_048,fallow,2002,2002-06-11,2002-06-14,615113.668369401,0.5,6.572520305780927e-14,0.0,0.0,0.0,1.0,0.0,0.0,0.0,17.800781881000105,0.0,0.0,0.0,0.0,0.0,0.46997378493784686,0.0,0.0,17.800781881000105,0.0,0.0,649.3501486416842,631.0793929757463,-9.325873406851315e-15,unvalidated-engineering-priors,fixed independent scenario factor; no N cycle,,,,right_censored,BBCH89_full_ripeness,,,
21,ag_099_048,maize,2002,2002-06-15,2002-10-05,615113.668369401,0.5,9.485745522397337e-13,2.6147972675971687e-12,0.0,0.0,0.03354275471250856,680.97,40.0,0.0,19.188222157180554,197.67668030947922,82.39202692541512,0.0,235.87198260680546,0.0,152.11633898367697,40.0,0.0,299.2569293920749,8830.787699863231,16368.208662896202,631.0793929757463,664.8041419931848,4.186206936651615e-12,unvalidated-engineering-priors,fixed independent scenario factor; no N cycle,2002-08-11,2002-09-26,2002-09-26,physiological_maturity,R6_physiological_maturity,2002-06-16,seed_layer_available_water,50.0
21,ag_099_048,fallow,2002,2002-10-06,2002-10-11,615113.668369401,0.5,1.6342482922482304e-13,0.0,0.0,0.0,1.0,0.0,0.0,0.0,18.447049480257995,0.0,0.0,0.0,0.0,0.0,0.7414726712659199,0.0,0.0,18.447049480257995,0.0,0.0,664.8041419931848,645.6156198416609,-1.7763568394002505e-14,unvalidated-engineering-priors,fixed independent scenario factor; no N cycle,,,,right_censored,BBCH89_full_ripeness,,,
21,ag_099_048,wheat,2003,2002-10-12,2003-06-10,615113.668369401,0.5,1.1457501614131615e-12,2.7426949600339867e-12,0.0,0.0,0.04267140235271844,514.5,150.0,0.0,266.40691389240243,155.20828178282824,69.45667979617832,0.0,15.137268884441816,0.0,134.83909985182234,150.0,0.0,491.071875471409,6620.238779418993,15558.871842206732,645.6156198416609,669.0673756339876,1.4288570326925765e-13,unvalidated-engineering-priors,fixed independent scenario factor; no N cycle,2003-04-22,2003-05-30,2003-05-30,full_ripeness,BBCH89_full_ripeness,2002-10-12,seed_layer_available_water,50.0
21,ag_099_048,fallow,2003,2003-06-11,2003-06-14,615113.668369401,0.5,1.936228954946273e-13,0.0,0.0,0.0,1.0,11.120000000000001,0.0,0.0,14.567078401748187,0.0,0.0,0.0,0.0,0.0,2.0057554238494553,0.0,0.0,14.567078401748187,0.0,0.0,669.0673756339876,663.6145418083895,4.3565151486291143e-13,unvalidated-engineering-priors,fixed independent scenario factor; no N cycle,,,,right_censored,BBCH89_full_ripeness,,,
21,ag_099_048,maize,2003,2003-06-15,2003-10-05,615113.668369401,0.5,9.539036227579345e-13,2.2950530365051236e-12,0.0,0.0,0.03354275471250856,978.8199999999999,40.0,0.0,19.96498712321638,109.88310925842633,84.10380697266235,0.0,224.00013772670744,0.0,466.81599618004515,40.0,0.0,213.95190335430505,6251.964223063703,11566.616666239617,663.6145418083895,777.6665045473334,-1.5256684804398901e-12,unvalidated-engineering-priors,fixed independent scenario factor; no N cycle,2003-08-12,2003-09-28,2003-09-28,physiological_maturity,R6_physiological_maturity,2003-06-16,seed_layer_available_water,50.0
21,ag_099_048,fallow,2003,2003-10-06,2003-10-11,615113.668369401,0.5,9.459100169806334e-14,0.0,0.0,0.0,1.0,75.24,0.0,0.0,11.526430600000001,0.0,0.0,0.0,28.37269768122585,0.0,10.919068593413218,0.0,0.0,11.526430600000001,0.0,0.0,777.6665045473334,802.0883076726941,2.020605904817785e-13,unvalidated-engineering-priors,fixed independent scenario factor; no N cycle,,,,right_censored,BBCH89_full_ripeness,,,
21,ag_099_048,wheat,2004,2003-10-12,2004-06-10,615113.668369401,0.5,9.903189379656396e-13,5.4285465012071654e-12,0.0,0.0,0.04267140235271844,406.76,150.0,0.0,331.3284136834583,228.40830458964507,57.38335536027235,0.0,12.158117038217243,0.0,113.97645164025994,150.0,0.0,617.1200736333757,8456.627504273118,19660.698492794738,802.0883076726941,615.5936653608383,2.9534152901078414e-12,unvalidated-engineering-priors,fixed independent scenario factor; no N cycle,2004-04-12,2004-05-21,2004-05-21,full_ripeness,BBCH89_full_ripeness,2003-10-12,seed_layer_available_water,50.0
21,ag_099_048,fallow,2004,2004-06-11,2004-06-14,615113.668369401,0.5,1.3500311979441904e-13,0.0,0.0,0.0,1.0,43.69,0.0,0.0,8.990390637948112,0.0,0.0,0.0,0.0,0.0,0.10509261582684029,0.0,0.0,8.990390637948112,0.0,0.0,615.5936653608383,650.1881821070635,-2.324807013565078e-13,unvalidated-engineering-priors,fixed independent scenario factor; no N cycle,,,,right_censored,BBCH89_full_ripeness,,,
21,ag_099_048,maize,2004,2004-06-15,2004-10-05,615113.668369401,0.5,9.29034627006331e-13,4.945377440890297e-12,0.0,0.0,0.03354275471250856,608.57,40.0,0.0,15.851032183562364,205.111436617284,108.37865604203475,0.0,134.94847149166782,0.0,138.8278061745199,40.0,0.0,329.34112484288113,9731.761079958811,18492.521633130567,650.1881821070635,695.6407795979952,-5.08537656429553e-13,unvalidated-engineering-priors,fixed independent scenario factor; no N cycle,2004-08-10,2004-09-25,2004-09-25,physiological_maturity,R6_physiological_maturity,2004-06-15,seed_layer_available_water,50.0
21,ag_099_048,fallow,2004,2004-10-06,2004-10-11,615113.668369401,0.5,1.3944401189291966e-13,0.0,0.0,0.0,1.0,0.01,0.0,0.0,17.67585377076722,0.0,0.0,0.0,0.0,0.0,1.4829688007108695,0.0,0.0,17.67585377076722,0.0,0.0,695.6407795979952,676.4919570265172,-5.240252676230739e-14,unvalidated-engineering-priors,fixed independent scenario factor; no N cycle,,,,right_censored,BBCH89_full_ripeness,,,
21,ag_099_048,wheat,2005,2004-10-12,2005-06-10,615113.668369401,0.5,8.926193117986259e-13,4.831690603168681e-12,0.0,0.0,0.04267140235271844,395.83,150.0,0.0,220.3996708128899,239.54722994699316,75.96906720932844,0.0,0.0,0.0,24.8741441965315,150.0,0.0,535.9159679692115,8881.504206174694,21215.32306385301,676.4919570265172,661.5318448607802,-6.01041438841321e-12,unvalidated-engineering-priors,fixed independent scenario factor; no N cycle,2005-04-24,2005-05-31,2005-05-31,full_ripeness,BBCH89_full_ripeness,2004-10-12,seed_layer_available_water,50.0
21,ag_099_048,fallow,2005,2005-06-11,2005-06-14,615113.668369401,0.5,9.769962616701378e-14,0.0,0.0,0.0,1.0,0.0,0.0,0.0,23.489262227967764,0.0,0.0,0.0,0.0,0.0,0.14632729711579393,0.0,0.0,23.489262227967764,0.0,0.0,661.5318448607802,637.8962553356969,-2.2648549702353193e-13,unvalidated-engineering-priors,fixed independent scenario factor; no N cycle,,,,right_censored,BBCH89_full_ripeness,,,
21,ag_099_048,maize,2005,2005-06-15,2005-10-05,615113.668369401,0.5,1.0889067425523535e-12,2.3021584638627246e-12,0.0,0.0,0.03354275471250856,912.67,40.0,0.0,18.152358779464773,142.4354750639451,116.28076641370713,0.0,228.18834193979467,0.0,304.61091183195344,40.0,0.0,276.868600257117,7056.084174546857,14642.512560582996,637.8962553356969,780.898401306834,-2.2059021276277235e-12,unvalidated-engineering-priors,fixed independent scenario factor; no N cycle,2005-08-08,2005-09-22,2005-09-22,physiological_maturity,R6_physiological_maturity,2005-06-15,seed_layer_available_water,50.0
21,ag_099_048,fallow,2005,2005-10-06,2005-10-11,615113.668369401,0.5,3.6637359812630166e-13,0.0,0.0,0.0,1.0,3.69,0.0,0.0,18.520511699999993,0.0,0.0,0.0,0.0,0.0,16.569321710735583,0.0,0.0,18.520511699999993,0.0,0.0,780.898401306834,749.4985678960979,4.738431869100168e-13,unvalidated-engineering-priors,fixed independent scenario factor; no N cycle,,,,right_censored,BBCH89_full_ripeness,,,
21,ag_099_048,wheat,2006,2005-10-12,2006-06-10,615113.668369401,0.5,7.478462293875054e-13,3.780087354243733e-12,0.0,0.0,0.04267140235271844,273.54,150.0,0.0,239.8575013568477,255.61840983016793,55.141753325062886,0.0,0.0,0.0,64.25958232380552,150.0,0.0,550.6176645120786,9120.839008841018,21388.93600933755,749.4985678960979,558.1613210602121,1.7543744235126724e-12,unvalidated-engineering-priors,fixed independent scenario factor; no N cycle,2006-04-18,2006-05-27,2006-05-27,full_ripeness,BBCH89_full_ripeness,2005-10-12,seed_layer_available_water,50.0
21,ag_099_048,fallow,2006,2006-06-11,2006-06-14,615113.668369401,0.5,5.0182080713057076e-14,0.0,0.0,0.0,1.0,5.6899999999999995,0.0,0.0,6.170870076950827,0.0,0.0,0.0,0.0,0.0,0.029348053843137822,0.0,0.0,6.170870076950827,0.0,0.0,558.1613210602121,557.6511029294182,-9.192646643896296e-14,unvalidated-engineering-priors,fixed independent scenario factor; no N cycle,,,,right_censored,BBCH89_full_ripeness,,,
21,ag_099_048,maize,2006,2006-06-15,2006-10-05,615113.668369401,0.5,1.191047260817868e-12,2.6147972675971687e-12,0.0,0.0,0.03354275471250856,471.99,40.0,0.0,22.49298363892529,154.97515144392904,98.062871994266,0.0,8.662867653368865,0.0,85.00721477388848,40.0,0.0,275.5310070771203,7392.852077321493,14886.729780791833,557.6511029294182,700.4400134250511,-1.0552003715247338e-11,unvalidated-engineering-priors,fixed independent scenario factor; no N cycle,2006-08-09,2006-09-23,2006-09-23,physiological_maturity,R6_physiological_maturity,2006-06-16,seed_layer_available_water,50.0
21,ag_099_048,fallow,2006,2006-10-06,2006-10-11,615113.668369401,0.5,1.0169642905566434e-13,0.0,0.0,0.0,1.0,0.36,0.0,0.0,18.889844975859877,0.0,0.0,0.0,0.0,0.0,1.3792610952153759,0.0,0.0,18.889844975859877,0.0,0.0,700.4400134250511,680.5309073539761,-2.2293278334473143e-13,unvalidated-engineering-priors,fixed independent scenario factor; no N cycle,,,,right_censored,BBCH89_full_ripeness,,,
21,ag_099_048,wheat,2007,2006-10-12,2007-06-10,615113.668369401,0.5,9.85433956657289e-13,4.106937012693379e-12,0.0,0.0,0.04267140235271844,345.03000000000003,150.0,0.0,291.82269203497094,222.74002644556427,57.671256520331966,0.0,0.47673851996889205,0.0,25.603159722764268,150.0,0.0,572.2339750008672,8749.767907760972,19555.59990703541,680.5309073539761,577.2470341103716,4.152567179005473e-12,unvalidated-engineering-priors,fixed independent scenario factor; no N cycle,2007-04-15,2007-05-25,2007-05-25,full_ripeness,BBCH89_full_ripeness,2006-10-12,seed_layer_available_water,50.0
21,ag_099_048,fallow,2007,2007-06-11,2007-06-14,615113.668369401,0.5,2.091660178393795e-13,0.0,0.0,0.0,1.0,0.02,0.0,0.0,5.315837122645594,0.0,0.0,0.0,0.0,0.0,0.05497241358389773,0.0,0.0,5.315837122645594,0.0,0.0,577.2470341103716,571.8962245741418,3.1175062531474396e-13,unvalidated-engineering-priors,fixed independent scenario factor; no N cycle,,,,right_censored,BBCH89_full_ripeness,,,
21,ag_099_048,maize,2007,2007-06-15,2007-10-05,615113.668369401,0.5,9.50350909079134e-13,2.5863755581667647e-12,0.0,0.0,0.03354275471250856,799.02,40.0,0.0,21.021773691489265,145.5248332287755,84.94003990440103,0.0,139.17775749198805,0.0,319.5327532398658,40.0,0.0,251.48664682466577,6832.279492257003,13350.51898714491,571.8962245741418,700.7190670176205,1.605937605120289e-12,unvalidated-engineering-priors,fixed independent scenario factor; no N cycle,2007-08-11,2007-09-23,2007-09-23,physiological_maturity,R6_physiological_maturity,2007-06-16,seed_layer_available_water,50.0
21,ag_099_048,fallow,2007,2007-10-06,2007-10-11,615113.668369401,0.5,1.509903313490213e-13,0.0,0.0,0.0,1.0,0.03,0.0,0.0,20.170361740053117,0.0,0.0,0.0,0.0,0.0,1.820174798271849,0.0,0.0,20.170361740053117,0.0,0.0,700.7190670176205,678.7585304792955,1.0524914273446484e-13,unvalidated-engineering-priors,fixed independent scenario factor; no N cycle,,,,right_censored,BBCH89_full_ripeness,,,
21,ag_099_048,wheat,2008,2007-10-12,2008-06-10,615113.668369401,0.5,1.0906830993917538e-12,4.661160346586257e-12,0.0,0.0,0.04267140235271844,430.25,150.0,0.0,251.11213515606872,255.25297537733323,58.6644301979787,0.0,14.9198107618938,0.0,35.55186174205564,150.0,0.0,565.0295407313806,10173.634074985366,22608.23159375666,678.7585304792955,643.5073172439646,7.562284132234254e-13,unvalidated-engineering-priors,fixed independent scenario factor; no N cycle,2008-04-18,2008-05-28,2008-05-28,full_ripeness,BBCH89_full_ripeness,2007-10-12,seed_layer_available_water,50.0
21,ag_099_048,fallow,2008,2008-06-11,2008-06-14,615113.668369401,0.5,1.6120438317557273e-13,0.0,0.0,0.0,1.0,1.51,0.0,0.0,7.2423363870002015,0.0,0.0,0.0,0.0,0.0,0.6018931098132743,0.0,0.0,7.2423363870002015,0.0,0.0,643.5073172439646,637.1730877471513,-1.2589929099249275e-13,unvalidated-engineering-priors,fixed independent scenario factor; no N cycle,,,,right_censored,BBCH89_full_ripeness,,,
21,ag_099_048,maize,2008,2008-06-15,2008-10-05,615113.668369401,0.5,1.2962964035523328e-12,2.5579538487363607e-12,0.0,0.0,0.03354275471250856,617.89,40.0,0.0,17.789439675774602,154.5921189187914,89.59742789509868,0.0,47.588003806095124,0.0,256.10633020888713,40.0,0.0,261.9789864896647,7792.733874223705,14671.14858141625,637.1730877471513,729.3897672425028,1.5596968161446512e-12,unvalidated-engineering-priors,fixed independent scenario factor; no N cycle,2008-08-10,2008-09-22,2008-09-22,physiological_maturity,R6_physiological_maturity,2008-06-16,seed_layer_available_water,50.0
21,ag_099_048,fallow,2008,2008-10-06,2008-10-11,615113.668369401,0.5,3.006483950684924e-13,0.0,0.0,0.0,1.0,0.21000000000000002,0.0,0.0,14.821354499999998,0.0,0.0,0.0,0.0,0.0,3.6526092456979593,0.0,0.0,14.821354499999998,0.0,0.0,729.3897672425028,711.1258034968046,2.6290081223123707e-13,unvalidated-engineering-priors,fixed independent scenario factor; no N cycle,,,,right_censored,BBCH89_full_ripeness,,,
21,ag_099_048,wheat,2009,2008-10-12,2009-06-10,615113.668369401,0.5,1.0222933610748441e-12,4.206412995699793e-12,0.0,0.0,0.04267140235271844,321.76,150.0,0.0,284.6358876863275,216.56339298090836,55.701036190087386,0.0,0.0,0.0,39.71224809651532,150.0,0.0,556.9003168573232,8175.355676504256,18412.292343190355,711.1258034968046,586.2732385429663,-3.028688411177427e-13,unvalidated-engineering-priors,fixed independent scenario factor; no N cycle,2009-04-15,2009-05-24,2009-05-24,full_ripeness,BBCH89_full_ripeness,2008-10-12,seed_layer_available_water,50.0
21,ag_099_048,fallow,2009,2009-06-11,2009-06-14,615113.668369401,0.5,1.6475709685437323e-13,0.0,0.0,0.0,1.0,0.5700000000000001,0.0,0.0,10.004508311210648,0.0,0.0,0.0,0.0,0.0,0.0370340910169307,0.0,0.0,10.004508311210648,0.0,0.0,586.2732385429663,576.8016961407385,2.049471703458039e-13,unvalidated-engineering-priors,fixed independent scenario factor; no N cycle,,,,right_censored,BBCH89_full_ripeness,,,
21,ag_099_048,maize,2009,2009-06-15,2009-10-05,615113.668369401,0.5,1.0196288258157438e-12,2.7853275241795927e-12,0.0,0.0,0.03354275471250856,397.37,40.0,0.0,18.088385883849185,199.6604893121463,81.59250276316273,0.0,1.6696322543940703,0.0,16.022148289079016,40.0,0.0,299.3413779591582,8006.981272905066,15821.955411192208,576.8016961407385,697.1385376381139,-6.713185563000934e-12,unvalidated-engineering-priors,fixed independent scenario factor; no N cycle,2009-08-10,2009-09-25,2009-09-25,physiological_maturity,R6_physiological_maturity,2009-06-16,seed_layer_available_water,50.0
21,ag_099_048,fallow,2009,2009-10-06,2009-10-11,615113.668369401,0.5,2.1316282072803006e-13,0.0,0.0,0.0,1.0,1.85,0.0,0.0,17.143834136601306,0.0,0.0,0.0,0.0,0.0,1.2737883428501031,0.0,0.0,17.143834136601306,0.0,0.0,697.1385376381139,680.5709151586628,-3.3706371027619753e-13,unvalidated-engineering-priors,fixed independent scenario factor; no N cycle,,,,right_censored,BBCH89_full_ripeness,,,
21,ag_099_048,wheat,2010,2009-10-12,2010-06-10,615113.668369401,0.5,1.1244338793403585e-12,3.637978807091713e-12,0.0,0.0,0.04267140235271844,438.37,150.0,0.0,270.6378567189908,209.87192940433277,65.9825799762807,0.0,0.0,0.0,33.463558691005574,150.0,0.0,546.4923660996043,8163.184031051175,18993.429540486948,680.5709151586628,688.984990368049,3.9399594697897555e-12,unvalidated-engineering-priors,fixed independent scenario factor; no N cycle,2010-04-29,2010-06-06,2010-06-06,full_ripeness,BBCH89_full_ripeness,2009-10-12,seed_layer_available_water,50.0
21,ag_099_048,fallow,2010,2010-06-11,2010-06-14,615113.668369401,0.5,2.327027459614328e-13,0.0,0.0,0.0,1.0,0.09,0.0,0.0,20.069024350032763,0.0,0.0,0.0,0.0,0.0,0.4056432821605612,0.0,0.0,20.069024350032763,0.0,0.0,688.984990368049,668.6003227358558,-1.0835776720341528e-13,unvalidated-engineering-priors,fixed independent scenario factor; no N cycle,,,,right_censored,BBCH89_full_ripeness,,,
21,ag_099_048,maize,2010,2010-06-15,2010-10-05,615113.668369401,0.5,9.174883075502294e-13,3.751665644813329e-12,0.0,0.0,0.03354275471250856,445.4,40.0,0.0,18.522177841720126,175.1197983990477,111.01161608741664,0.0,15.726831715293761,0.0,115.41568866168265,40.0,0.0,304.65359232818446,7601.219191462543,15577.854411159233,668.6003227358558,718.2042100306943,6.249445405615006e-13,unvalidated-engineering-priors,fixed independent scenario factor; no N cycle,2010-08-08,2010-09-20,2010-09-20,physiological_maturity,R6_physiological_maturity,2010-06-15,seed_layer_available_water,50.0
21,ag_099_048,fallow,2010,2010-10-06,2010-10-11,615113.668369401,0.5,1.6786572132332367e-13,0.0,0.0,0.0,1.0,0.6,0.0,0.0,20.70839416727058,0.0,0.0,0.0,0.0,0.0,2.6985440489150894,0.0,0.0,20.70839416727058,0.0,0.0,718.2042100306943,695.3972718145089,-3.099742684753437e-13,unvalidated-engineering-priors,fixed independent scenario factor; no N cycle,,,,right_censored,BBCH89_full_ripeness,,,
21,ag_099_048,wheat,2011,2010-10-12,2011-06-10,615113.668369401,0.5,3.161915174132446e-13,5.7553961596568115e-12,0.0,0.0,0.04267140235271844,152.6,150.0,0.0,202.74987442306272,289.74020814851406,30.938931073913118,0.0,0.0,0.0,30.700059779405,150.0,0.0,523.4290136454899,8360.454976241248,19110.08718236447,695.3972718145089,443.86819838961486,-8.386624728018433e-13,unvalidated-engineering-priors,fixed independent scenario factor; no N cycle,2011-04-19,2011-05-30,2011-05-30,full_ripeness,BBCH89_full_ripeness,2010-10-12,seed_layer_available_water,50.0
21,ag_099_048,fallow,2011,2011-06-11,2011-06-14,615113.668369401,0.5,9.237055564881302e-14,0.0,0.0,0.0,1.0,21.4,0.0,0.0,7.2241803291734925,0.0,0.0,0.0,0.0,0.0,0.0008728525812766511,0.0,0.0,7.2241803291734925,0.0,0.0,443.86819838961486,458.04314520786005,4.241051954068098e-14,unvalidated-engineering-priors,fixed independent scenario factor; no N cycle,,,,right_censored,BBCH89_full_ripeness,,,
21,ag_099_048,maize,2011,2011-06-15,2011-10-05,615113.668369401,0.5,1.318944953254686e-12,2.3021584638627246e-12,1.4210854715202004e-14,0.0,0.03354275471250856,406.55,40.0,0.0,19.052132718143998,166.75297428314954,95.80423265578631,0.0,0.0,0.0,0.8474085549678553,40.0,0.0,281.60933965707983,7456.033514739925,14886.00852184648,458.04314520786005,622.136396995811,1.3860579350932767e-12,unvalidated-engineering-priors,fixed independent scenario factor; no N cycle,2011-08-10,2011-09-27,2011-09-27,physiological_maturity,R6_physiological_maturity,2011-06-15,seed_layer_available_water,50.0
21,ag_099_048,fallow,2011,2011-10-06,2011-10-11,615113.668369401,0.5,1.6830981053317373e-13,0.0,0.0,0.0,1.0,2.54,0.0,0.0,19.220697120004417,0.0,0.0,0.0,0.0,0.0,0.09767496107772361,0.0,0.0,19.220697120004417,0.0,0.0,622.136396995811,605.358024914729,-1.283417816466681e-13,unvalidated-engineering-priors,fixed independent scenario factor; no N cycle,,,,right_censored,BBCH89_full_ripeness,,,
21,ag_099_048,wheat,2012,2011-10-12,2012-06-10,615113.668369401,0.5,7.209788321915767e-13,3.666400516522117e-12,0.0,0.0,0.04267140235271844,272.93,150.0,0.0,258.21028662749904,217.58144699557462,37.98044976563061,0.0,0.0,0.0,8.630281151422693,150.0,0.0,513.7721833887043,7469.283079285074,17160.78329416105,605.358024914729,505.8855603745998,2.202515947402617e-12,unvalidated-engineering-priors,fixed independent scenario factor; no N cycle,2012-04-22,2012-05-28,2012-05-28,full_ripeness,BBCH89_full_ripeness,2011-10-12,seed_layer_available_water,50.0
21,ag_099_048,fallow,2012,2012-06-11,2012-06-14,615113.668369401,0.5,5.367928324062632e-14,0.0,0.0,0.0,1.0,0.44,0.0,0.0,3.3541299701395246,0.0,0.0,0.0,0.0,0.0,0.005906762327562868,0.0,0.0,3.3541299701395246,0.0,0.0,505.8855603745998,502.9655236421326,7.988054662178001e-14,unvalidated-engineering-priors,fixed independent scenario factor; no N cycle,,,,right_censored,BBCH89_full_ripeness,,,
21,ag_099_048,maize,2012,2012-06-15,2012-10-05,615113.668369401,0.5,1.155964213239713e-12,3.183231456205249e-12,0.0,0.0,0.03354275471250856,462.43,40.0,0.0,22.756003973160805,221.49592586435907,68.29990622924605,0.0,6.860229891445858,0.0,11.10218193068816,40.0,0.0,312.55183606676593,8250.422856336678,15546.846934332247,502.9655236421326,674.8812757532357,-3.0554447860708933e-12,unvalidated-engineering-priors,fixed independent scenario factor; no N cycle,2012-08-10,2012-09-23,2012-09-23,physiological_maturity,R6_physiological_maturity,2012-06-16,seed_layer_available_water,50.0
21,ag_099_048,fallow,2012,2012-10-06,2012-10-11,615113.668369401,0.5,1.580957587066223e-13,0.0,0.0,0.0,1.0,0.02,0.0,0.0,19.24857898873273,0.0,0.0,0.0,0.0,0.0,0.9683994633074325,0.0,0.0,19.24857898873273,0.0,0.0,674.8812757532357,654.6842973011956,1.9539925233402755e-14,unvalidated-engineering-priors,fixed independent scenario factor; no N cycle,,,,right_censored,BBCH89_full_ripeness,,,
21,ag_099_048,wheat,2013,2012-10-12,2013-06-10,615113.668369401,0.5,5.648814749292796e-13,3.524291969370097e-12,0.0,0.0,0.04267140235271844,339.04,150.0,0.0,301.2031518295816,237.13471072838195,48.49073191024517,0.0,0.0,0.0,18.387022849307144,150.0,0.0,586.8285944682087,7854.861007843548,18146.504930480507,654.6842973011956,538.5086799836807,-1.047217867977679e-12,unvalidated-engineering-priors,fixed independent scenario factor; no N cycle,2013-04-20,2013-05-30,2013-05-30,full_ripeness,BBCH89_full_ripeness,2012-10-13,seed_layer_available_water,50.0
21,ag_099_048,fallow,2013,2013-06-11,2013-06-14,615113.668369401,0.5,1.0036416142611415e-13,0.0,0.0,0.0,1.0,1.55,0.0,0.0,8.22233239557467,0.0,0.0,0.0,0.0,0.0,0.005173397738458602,0.0,0.0,8.22233239557467,0.0,0.0,538.5086799836807,531.8311741903676,-1.1102230246251565e-14,unvalidated-engineering-priors,fixed independent scenario factor; no N cycle,,,,right_censored,BBCH89_full_ripeness,,,
21,ag_099_048,maize,2013,2013-06-15,2013-10-05,615113.668369401,0.5,9.445777493510832e-13,5.201172825763933e-12,0.0,0.0,0.03354275471250856,423.51,40.0,0.0,21.534876050041003,270.7023600752943,70.6135616995374,0.0,10.592405043852645,0.0,0.590513046174788,40.0,0.0,362.85079782487264,8219.264626167038,17558.60155755341,531.8311741903676,621.3074582754695,-1.9348411761654916e-12,unvalidated-engineering-priors,fixed independent scenario factor; no N cycle,2013-08-10,2013-09-24,2013-09-24,physiological_maturity,R6_physiological_maturity,2013-06-16,seed_layer_available_water,50.0
21,ag_099_048,fallow,2013,2013-10-06,2013-10-11,615113.668369401,0.5,1.1723955140041653e-13,0.0,0.0,0.0,1.0,0.0,0.0,0.0,21.230709649622096,0.0,0.0,0.0,0.0,0.0,0.05005664617697951,0.0,0.0,21.230709649622096,0.0,0.0,621.3074582754695,600.0266919796701,2.9265478929119126e-13,unvalidated-engineering-priors,fixed independent scenario factor; no N cycle,,,,right_censored,BBCH89_full_ripeness,,,
21,ag_099_048,wheat,2014,2013-10-12,2014-06-10,615113.668369401,0.5,4.716227408607665e-13,4.931166586175095e-12,0.0,0.0,0.04267140235271844,302.25,150.0,0.0,273.44634296103686,185.78056675678755,59.04604688720209,0.0,0.0,0.0,2.796507388380386,150.0,0.0,518.2729566050265,7587.345457305063,16948.522184030753,600.0266919796701,531.2072279862637,-4.298783551348606e-13,unvalidated-engineering-priors,fixed independent scenario factor; no N cycle,2014-04-13,2014-05-23,2014-05-23,full_ripeness,BBCH89_full_ripeness,2013-10-12,seed_layer_available_water,50.0
21,ag_099_048,fallow,2014,2014-06-11,2014-06-14,615113.668369401,0.5,6.439293542825908e-14,0.0,0.0,0.0,1.0,3.7199999999999998,0.0,0.0,4.888148138982584,0.0,0.0,0.0,0.0,0.0,0.006818987734157808,0.0,0.0,4.888148138982584,0.0,0.0,531.2072279862637,530.0322608595468,1.2356782264077992e-13,unvalidated-engineering-priors,fixed independent scenario factor; no N cycle,,,,right_censored,BBCH89_full_ripeness,,,
21,ag_099_048,maize,2014,2014-06-15,2014-10-05,615113.668369401,0.5,1.0587086762825493e-12,2.6432189770275727e-12,0.0,0.0,0.03354275471250856,444.9,40.0,0.0,16.90044211959353,169.0495551337668,89.15399862292797,0.0,7.017525795603751,0.0,3.9922798953458005,40.0,0.0,275.1039958762883,7036.508378243191,15215.701062875363,530.0322608595468,728.8184592923085,4.3770542745846797e-13,unvalidated-engineering-priors,fixed independent scenario factor; no N cycle,2014-08-12,2014-09-28,2014-09-28,physiological_maturity,R6_physiological_maturity,2014-06-16,seed_layer_available_water,50.0
21,ag_099_048,fallow,2014,2014-10-06,2014-10-11,615113.668369401,0.5,2.948752353404416e-13,0.0,0.0,0.0,1.0,0.0,0.0,0.0,19.94066620861564,0.0,0.0,0.0,0.0,0.0,2.786478691941629,0.0,0.0,19.94066620861564,0.0,0.0,728.8184592923085,706.0913143917517,-4.46753745109163e-13,unvalidated-engineering-priors,fixed independent scenario factor; no N cycle,,,,right_censored,BBCH89_full_ripeness,,,
21,ag_099_048,wheat,2015,2014-10-12,2015-06-10,615113.668369401,0.5,1.0391687510491465e-12,4.547473508864641e-12,0.0,0.0,0.04267140235271844,401.98,150.0,0.0,314.1721524937829,186.8436779518962,59.251083158621256,0.0,1.7062825335166991,0.0,60.333661724125804,150.0,0.0,560.2669136043004,7612.416238120787,17371.77925214343,706.0913143917517,635.7644565298087,4.4297898682543746e-14,unvalidated-engineering-priors,fixed independent scenario factor; no N cycle,2015-04-18,2015-05-25,2015-05-25,full_ripeness,BBCH89_full_ripeness,2014-10-12,seed_layer_available_water,50.0
21,ag_099_048,fallow,2015,2015-06-11,2015-06-14,615113.668369401,0.5,1.0969003483296547e-13,0.0,0.0,0.0,1.0,0.0,0.0,0.0,8.247185383653534,0.0,0.0,0.0,0.0,0.0,0.43779896408260294,0.0,0.0,8.247185383653534,0.0,0.0,635.7644565298087,627.0794721820728,-1.7363888105137448e-13,unvalidated-engineering-priors,fixed independent scenario factor; no N cycle,,,,right_censored,BBCH89_full_ripeness,,,
21,ag_099_048,maize,2015,2015-06-15,2015-10-05,615113.668369401,0.5,9.876544027065393e-13,2.2168933355715126e-12,0.0,0.0,0.03354275471250856,508.64,40.0,0.0,18.51776902776194,220.2506510199496,51.10455673402629,0.0,94.31156341965139,0.0,137.39652890119345,40.0,0.0,289.87297678173786,8783.055990482664,16320.920104915902,627.0794721820728,654.1384030794969,-6.811828878738879e-12,unvalidated-engineering-priors,fixed independent scenario factor; no N cycle,2015-08-13,2015-09-27,2015-09-27,physiological_maturity,R6_physiological_maturity,2015-06-16,seed_layer_available_water,50.0
21,ag_099_048,fallow,2015,2015-10-06,2015-10-11,615113.668369401,0.5,2.0117241206207837e-13,0.0,0.0,0.0,1.0,5.1899999999999995,0.0,0.0,17.49621697712565,0.0,0.0,0.0,0.0,0.0,0.28810181044680855,0.0,0.0,17.49621697712565,0.0,0.0,654.1384030794969,641.5440842919242,3.1907809727727e-13,unvalidated-engineering-priors,fixed independent scenario factor; no N cycle,,,,right_censored,BBCH89_full_ripeness,,,
21,ag_099_048,wheat,2016,2015-10-12,2016-06-10,615113.668369401,0.5,9.205969320191798e-13,3.126388037344441e-12,0.0,0.0,0.04267140235271844,450.44,150.0,0.0,337.8569492542626,178.9257742672863,49.84288218590081,0.0,0.0,0.0,15.46491979948729,150.0,0.0,566.6256057074497,7025.143073016314,16144.993602686087,641.5440842919242,659.8935587849887,-1.5688006449465774e-12,unvalidated-engineering-priors,fixed independent scenario factor; no N cycle,2016-04-14,2016-05-23,2016-05-23,full_ripeness,BBCH89_full_ripeness,2015-10-12,seed_layer_available_water,50.0
21,ag_099_048,fallow,2016,2016-06-11,2016-06-14,615113.668369401,0.5,2.1760371282653068e-13,0.0,0.0,0.0,1.0,8.44,0.0,0.0,19.538854675685183,0.0,0.0,0.0,0.0,0.0,0.18711460134530178,0.0,0.0,19.538854675685183,0.0,0.0,659.8935587849887,648.6075895079582,3.3306690738754696e-14,unvalidated-engineering-priors,fixed independent scenario factor; no N cycle,,,,right_censored,BBCH89_full_ripeness,,,
21,ag_099_048,maize,2016,2016-06-15,2016-10-05,615113.668369401,0.5,1.0276224315930449e-12,3.666400516522117e-12,0.0,0.0,0.03354275471250856,478.68,40.0,0.0,18.572322041713836,238.3218144547839,64.74945871617129,0.0,89.75182389701251,0.0,98.23148985399048,40.0,0.0,321.643595212669,9036.747578706414,17109.035186956477,648.6075895079582,657.6606805442897,-3.468558773533914e-12,unvalidated-engineering-priors,fixed independent scenario factor; no N cycle,2016-08-10,2016-09-20,2016-09-20,physiological_maturity,R6_physiological_maturity,2016-06-15,seed_layer_available_water,50.0
21,ag_099_048,fallow,2016,2016-10-06,2016-10-11,615113.668369401,0.5,1.7141843500212417e-13,0.0,0.0,0.0,1.0,0.25,0.0,0.0,15.942508599999996,0.0,0.0,0.0,0.0,0.0,0.169671691338607,0.0,0.0,15.942508599999996,0.0,0.0,657.6606805442897,641.7985002529509,1.4277468096679513e-13,unvalidated-engineering-priors,fixed independent scenario factor; no N cycle,,,,right_censored,BBCH89_full_ripeness,,,
21,ag_099_048,wheat,2017,2016-10-12,2017-06-10,615113.668369401,0.5,9.9298347322474e-13,2.6716406864579767e-12,0.0,0.0,0.04267140235271844,537.22,150.0,0.0,343.62579805532135,170.35805075934923,49.47248138049634,0.0,2.6457036481970952,0.0,88.8334678447428,150.0,0.0,563.456330195167,6628.081644093263,15393.964589089877,641.7985002529509,674.0829985648405,3.5583758162260892e-12,unvalidated-engineering-priors,fixed independent scenario factor; no N cycle,2017-04-13,2017-05-21,2017-05-21,full_ripeness,BBCH89_full_ripeness,2016-10-12,seed_layer_available_water,50.0
21,ag_099_048,fallow,2017,2017-06-11,2017-06-14,615113.668369401,0.5,2.4780177909633494e-13,0.0,0.0,0.0,1.0,0.19,0.0,0.0,18.6842909,0.0,0.0,0.0,0.0,0.0,0.1956676369582216,0.0,0.0,18.6842909,0.0,0.0,674.0829985648405,655.3930400278825,-2.3447910280083306e-13,unvalidated-engineering-priors,fixed independent scenario factor; no N cycle,,,,right_censored,BBCH89_full_ripeness,,,
21,ag_099_048,maize,2017,2017-06-15,2017-10-05,615113.668369401,0.5,1.056044141023449e-12,2.9700686354772188e-12,0.0,0.0,0.03354275471250856,761.44,40.0,0.0,16.378157515855456,205.02468096785185,86.91806926259947,0.0,107.51177171481783,0.0,236.30611745910582,40.0,0.0,308.3209077463068,8066.289556963628,16732.865642001794,655.3930400278825,804.694243107655,-2.8583246880486968e-12,unvalidated-engineering-priors,fixed independent scenario factor; no N cycle,2017-08-08,2017-09-20,2017-09-20,physiological_maturity,R6_physiological_maturity,2017-06-15,seed_layer_available_water,50.0
21,ag_099_048,fallow,2017,2017-10-06,2017-10-11,615113.668369401,0.5,2.913225216616411e-13,0.0,0.0,0.0,1.0,42.489999999999995,0.0,0.0,12.20742934,0.0,0.0,0.0,0.48734381658026216,0.0,29.988909506615705,0.0,0.0,12.20742934,0.0,0.0,804.694243107655,804.5005604444592,-1.9895196601282805e-13,unvalidated-engineering-priors,fixed independent scenario factor; no N cycle,,,,right_censored,BBCH89_full_ripeness,,,
21,ag_099_048,wheat,2018,2017-10-12,2018-06-10,615113.668369401,0.5,9.094947017729282e-13,3.353761712787673e-12,0.0,0.0,0.04267140235271844,456.65999999999997,150.0,0.0,278.1768629792967,219.2375381877752,67.04324874193183,0.0,31.853477097524554,0.0,130.61407600518905,150.0,0.0,564.4576499090037,8113.178668865682,19106.57835356288,804.5005604444592,684.2353574327445,-2.6593172108846375e-12,unvalidated-engineering-priors,fixed independent scenario factor; no N cycle,2018-04-14,2018-05-24,2018-05-24,full_ripeness,BBCH89_full_ripeness,2017-10-12,seed_layer_available_water,50.0
21,ag_099_048,fallow,2018,2018-06-11,2018-06-14,615113.668369401,0.5,2.402522625288839e-13,0.0,0.0,0.0,1.0,0.0,0.0,0.0,10.813255546615814,0.0,0.0,0.0,0.0,0.0,2.0820266942228924,0.0,0.0,10.813255546615814,0.0,0.0,684.2353574327445,671.3400751919057,1.0391687510491465e-13,unvalidated-engineering-priors,fixed independent scenario factor; no N cycle,,,,right_censored,BBCH89_full_ripeness,,,
21,ag_099_048,maize,2018,2018-06-15,2018-10-05,615113.668369401,0.5,9.690026558928366e-13,3.069544618483633e-12,0.0,0.0,0.03354275471250856,421.13,40.0,0.0,19.0202370607707,231.42403074912846,74.86522958148049,0.0,71.29209974663625,0.0,81.6171199742886,40.0,0.0,325.30949739137964,7728.83653036204,16031.58898470327,671.3400751919057,654.251358079602,-7.969180870759374e-13,unvalidated-engineering-priors,fixed independent scenario factor; no N cycle,2018-08-10,2018-09-21,2018-09-21,physiological_maturity,R6_physiological_maturity,2018-06-16,seed_layer_available_water,50.0
21,ag_099_048,fallow,2018,2018-10-06,2018-10-11,615113.668369401,0.5,1.0036416142611415e-13,0.0,0.0,0.0,1.0,0.9199999999999999,0.0,0.0,18.709602179233233,0.0,0.0,0.0,0.0,0.0,0.47952861634552363,0.0,0.0,18.709602179233233,0.0,0.0,654.251358079602,635.9822272840232,4.618527782440651e-14,unvalidated-engineering-priors,fixed independent scenario factor; no N cycle,,,,right_censored,BBCH89_full_ripeness,,,
21,ag_099_048,wheat,2019,2018-10-12,2019-06-10,615113.668369401,0.5,1.1111112030448567e-12,4.149569576838985e-12,0.0,0.0,0.04267140235271844,312.57,150.0,0.0,275.76408830056283,218.1098849865854,47.89405839861347,0.0,0.0,0.0,13.737993396444356,150.0,0.0,541.7680316857617,8381.973496437207,18996.83095315667,635.9822272840232,543.0462022018203,-3.1166735858789707e-12,unvalidated-engineering-priors,fixed independent scenario factor; no N cycle,2019-04-18,2019-05-27,2019-05-27,full_ripeness,BBCH89_full_ripeness,2018-10-12,seed_layer_available_water,50.0
21,ag_099_048,fallow,2019,2019-06-11,2019-06-14,615113.668369401,0.5,2.3070434451710753e-13,0.0,0.0,0.0,1.0,0.07,0.0,0.0,5.276647411092029,0.0,0.0,0.0,0.0,0.0,0.015812460748246437,0.0,0.0,5.276647411092029,0.0,0.0,543.0462022018203,537.8237423299801,-6.084022174945858e-14,unvalidated-engineering-priors,fixed independent scenario factor; no N cycle,,,,right_censored,BBCH89_full_ripeness,,,
21,ag_099_048,maize,2019,2019-06-15,2019-10-05,615113.668369401,0.5,7.593925488436071e-13,4.206412995699793e-12,0.0,0.0,0.03354275471250856,302.6,40.0,0.0,17.707619816248908,274.6617835086943,65.68721542352259,0.0,0.8556847377056478,0.0,1.1432645725232131,40.0,0.0,358.05661874846584,8981.288946323633,18404.67462678704,537.8237423299801,520.3681742712871,-1.7346124536743446e-12,unvalidated-engineering-priors,fixed independent scenario factor; no N cycle,2019-08-10,2019-09-22,2019-09-22,physiological_maturity,R6_physiological_maturity,2019-06-16,seed_layer_available_water,50.0
21,ag_099_048,fallow,2019,2019-10-06,2019-10-11,615113.668369401,0.5,1.241229341530925e-13,0.0,0.0,0.0,1.0,15.930000000000001,0.0,0.0,11.176694,0.0,0.0,0.0,0.0,0.0,0.0011835196226300676,0.0,0.0,11.176694,0.0,0.0,520.3681742712871,525.1202967516643,1.3178347302300608e-13,unvalidated-engineering-priors,fixed independent scenario factor; no N cycle,,,,right_censored,BBCH89_full_ripeness,,,
21,ag_099_048,wheat,2020,2019-10-12,2020-06-10,615113.668369401,0.5,2.879918525877656e-13,4.149569576838985e-12,0.0,0.0,0.04267140235271844,252.18,150.0,0.0,222.6551187285886,206.8305878722151,48.910914709982244,0.0,0.0,0.0,0.13295009821515383,150.0,0.0,478.3966213107859,7452.148100256843,17235.30357675742,525.1202967516643,448.77072534266335,-1.1191048088221578e-13,unvalidated-engineering-priors,fixed independent scenario factor; no N cycle,2020-04-12,2020-05-24,2020-05-24,full_ripeness,BBCH89_full_ripeness,2019-10-12,seed_layer_available_water,50.0
21,ag_099_048,fallow,2020,2020-06-11,2020-06-14,615113.668369401,0.5,6.927791673660977e-14,0.0,0.0,0.0,1.0,35.089999999999996,0.0,0.0,11.41377504362691,0.0,0.0,0.0,0.0,0.0,0.00033965839039357056,0.0,0.0,11.41377504362691,0.0,0.0,448.77072534266335,472.446610640646,6.483702463810914e-14,unvalidated-engineering-priors,fixed independent scenario factor; no N cycle,,,,right_censored,BBCH89_full_ripeness,,,
21,ag_099_048,maize,2020,2020-06-15,2020-10-05,615113.668369401,0.5,9.525713551283843e-13,2.4442670110147446e-12,0.0,0.0,0.03354275471250856,738.0,40.0,0.0,18.793344757166423,170.41471129738326,66.93452348652575,0.0,124.38454881888714,0.0,167.35416126819362,40.0,0.0,256.1425795410754,6665.493361252491,13815.43680508165,472.446610640646,702.5653210124884,1.358579915233804e-12,unvalidated-engineering-priors,fixed independent scenario factor; no N cycle,2020-08-11,2020-09-22,2020-09-22,physiological_maturity,R6_physiological_maturity,2020-06-15,seed_layer_available_water,50.0
21,ag_099_048,fallow,2020,2020-10-06,2020-10-11,615113.668369401,0.5,2.4513724383723456e-13,0.0,0.0,0.0,1.0,0.03,0.0,0.0,13.2510859,0.0,0.0,0.0,0.0,0.0,0.911914312940925,0.0,0.0,13.2510859,0.0,0.0,702.5653210124884,688.4323207995476,-9.592326932761353e-14,unvalidated-engineering-priors,fixed independent scenario factor; no N cycle,,,,right_censored,BBCH89_full_ripeness,,,
21,ag_099_048,wheat,2021,2020-10-12,2021-06-10,615113.668369401,0.5,1.1164402735630574e-12,4.419575816427823e-12,0.0,0.0,0.04267140235271844,414.96,150.0,0.0,259.0615131746721,185.3208706574199,65.30747185904075,0.0,4.077497573325379,0.0,68.55801913458912,150.0,0.0,509.6898556911328,7396.219337661298,17222.588757344507,688.4323207995476,671.0669484005039,-3.5123015607041452e-12,unvalidated-engineering-priors,fixed independent scenario factor; no N cycle,2021-04-12,2021-05-23,2021-05-23,full_ripeness,BBCH89_full_ripeness,2020-10-12,seed_layer_available_water,50.0
21,ag_099_048,fallow,2021,2021-06-11,2021-06-14,615113.668369401,0.5,1.2301271112846734e-13,0.0,0.0,0.0,1.0,48.949999999999996,0.0,0.0,9.861880879116942,0.0,0.0,0.0,0.0,0.0,2.5757388798029317,0.0,0.0,9.861880879116942,0.0,0.0,671.0669484005039,707.5793286415837,2.438049762076844e-13,unvalidated-engineering-priors,fixed independent scenario factor; no N cycle,,,,right_censored,BBCH89_full_ripeness,,,
21,ag_099_048,maize,2021,2021-06-15,2021-10-05,615113.668369401,0.5,1.0045297926808416e-12,2.2453150450019166e-12,0.0,0.0,0.03354275471250856,578.51,40.0,0.0,18.44097039757138,162.7330717631507,90.0539808510333,0.0,34.63761867795191,0.0,303.53842609036064,40.0,0.0,271.2280230117554,7025.81159166381,13733.982436119772,707.5793286415837,716.68526086152,-4.155342736567036e-12,unvalidated-engineering-priors,fixed independent scenario factor; no N cycle,2021-08-09,2021-09-20,2021-09-20,physiological_maturity,R6_physiological_maturity,2021-06-15,seed_layer_available_water,50.0
21,ag_099_048,fallow,2021,2021-10-06,2021-10-11,615113.668369401,0.5,1.3145040611561853e-13,0.0,0.0,0.0,1.0,12.77,0.0,0.0,10.816151900000001,0.0,0.0,0.0,0.0,0.0,2.4959873532002437,0.0,0.0,10.816151900000001,0.0,0.0,716.68526086152,716.14312160832,-3.1108449149996886e-13,unvalidated-engineering-priors,fixed independent scenario factor; no N cycle,,,,right_censored,BBCH89_full_ripeness,,,
21,ag_099_048,wheat,2022,2021-10-12,2022-06-10,615113.668369401,0.5,1.2612133559741778e-12,5.6843418860808015e-12,0.0,0.0,0.04267140235271844,366.48,150.0,0.0,262.66566572247785,235.11426955049362,54.05786905649874,0.0,14.936172422985846,0.0,55.376565857340914,150.0,0.0,551.8378043294703,8520.376004027534,19751.8968811847,716.14312160832,610.4725789985206,2.4590329772422592e-12,unvalidated-engineering-priors,fixed independent scenario factor; no N cycle,2022-04-10,2022-05-20,2022-05-20,full_ripeness,BBCH89_full_ripeness,2021-10-12,seed_layer_available_water,50.0
21,ag_099_048,fallow,2022,2022-06-11,2022-06-14,615113.668369401,0.5,1.0302869668521453e-13,0.0,0.0,0.0,1.0,1.53,0.0,0.0,6.257668005017731,0.0,0.0,0.0,0.0,0.0,0.25859488699338895,0.0,0.0,6.257668005017731,0.0,0.0,610.4725789985206,605.4863161065097,-1.9206858326015208e-13,unvalidated-engineering-priors,fixed independent scenario factor; no N cycle,,,,right_censored,BBCH89_full_ripeness,,,
21,ag_099_048,maize,2022,2022-06-15,2022-10-05,615113.668369401,0.5,8.406608742461685e-13,3.723243935382925e-12,0.0,0.0,0.03354275471250856,469.17,40.0,0.0,22.040356806041373,260.8715512433656,65.37579730141874,0.0,28.54234784987979,0.0,82.33772908673242,40.0,0.0,348.2877053508257,8802.333572475785,17636.076414319996,605.4863161065097,655.4885338190682,3.5872416148663433e-12,unvalidated-engineering-priors,fixed independent scenario factor; no N cycle,2022-08-10,2022-09-23,2022-09-23,physiological_maturity,R6_physiological_maturity,2022-06-16,seed_layer_available_water,50.0
21,ag_099_048,fallow,2022,2022-10-06,2022-10-11,615113.668369401,0.5,1.6431300764452317e-13,0.0,0.0,0.0,1.0,25.27,0.0,0.0,13.6669859,0.0,0.0,0.0,0.0,0.0,0.1641463879264951,0.0,0.0,13.6669859,0.0,0.0,655.4885338190682,666.9274015311421,-4.367617378875366e-13,unvalidated-engineering-priors,fixed independent scenario factor; no N cycle,,,,right_censored,BBCH89_full_ripeness,,,
21,ag_099_048,wheat,2023,2022-10-12,2023-06-10,615113.668369401,0.5,7.851497230149107e-13,3.623767952376511e-12,0.0,0.0,0.04267140235271844,367.25,150.0,0.0,307.15981047816496,212.55159322312525,47.377590658847986,0.0,0.0,0.0,13.436294131432119,150.0,0.0,567.0889943601383,7331.817708500065,16826.397149023684,666.9274015311421,603.6521130395736,-1.8228196729808133e-12,unvalidated-engineering-priors,fixed independent scenario factor; no N cycle,2023-04-13,2023-05-23,2023-05-23,full_ripeness,BBCH89_full_ripeness,2022-10-12,seed_layer_available_water,50.0
21,ag_099_048,fallow,2023,2023-06-11,2023-06-14,615113.668369401,0.5,4.440892098500626e-14,0.0,0.0,0.0,1.0,5.76,0.0,0.0,12.56345387295464,0.0,0.0,0.0,0.0,0.0,0.04765449570264069,0.0,0.0,12.56345387295464,0.0,0.0,603.6521130395736,596.8010046709164,-1.2922996006636822e-13,unvalidated-engineering-priors,fixed independent scenario factor; no N cycle,,,,right_censored,BBCH89_full_ripeness,,,
21,ag_099_048,maize,2023,2023-06-15,2023-10-05,615113.668369401,0.5,9.183764859699295e-13,2.0463630789890885e-12,0.0,0.0,0.03354275471250856,647.21,40.0,0.0,18.434449147028456,208.0044741379472,75.16086267070237,0.0,104.93193756922001,0.0,103.23998608769222,40.0,0.0,301.59978595567804,8309.24216683458,16348.416576963411,596.8010046709164,774.2392950583211,5.062839036895639e-12,unvalidated-engineering-priors,fixed independent scenario factor; no N cycle,2023-08-09,2023-09-19,2023-09-19,physiological_maturity,R6_physiological_maturity,2023-06-16,seed_layer_available_water,50.0
21,ag_099_048,fallow,2023,2023-10-06,2023-10-11,615113.668369401,0.5,1.8118839761882555e-13,0.0,0.0,0.0,1.0,1.5499999999999998,0.0,0.0,14.1893832,0.0,0.0,0.0,0.0,0.0,12.649875261440087,0.0,0.0,14.1893832,0.0,0.0,774.2392950583211,748.9500365968813,-3.170796958329447e-13,unvalidated-engineering-priors,fixed independent scenario factor; no N cycle,,,,right_censored,BBCH89_full_ripeness,,,
21,ag_099_048,wheat,2024,2023-10-12,2024-06-10,615113.668369401,0.5,9.707790127322369e-13,4.192202140984591e-12,0.0,0.0,0.04267140235271844,364.35,150.0,0.0,275.92213347041456,227.75187555088752,59.38631069971839,0.0,10.670139851114227,0.0,79.22314626351394,150.0,0.0,563.0603197210205,9040.327583572063,19846.267273442325,748.9500365968813,610.346430761235,-2.260303055834356e-12,unvalidated-engineering-priors,fixed independent scenario factor; no N cycle,2024-04-15,2024-05-25,2024-05-25,full_ripeness,BBCH89_full_ripeness,2023-10-12,seed_layer_available_water,50.0
21,ag_099_048,fallow,2024,2024-06-11,2024-06-14,615113.668369401,0.5,8.08242361927114e-14,0.0,0.0,0.0,1.0,0.02,0.0,0.0,3.6384067475415254,0.0,0.0,0.0,0.0,0.0,0.3715857747757787,0.0,0.0,3.6384067475415254,0.0,0.0,610.346430761235,606.3564382389175,1.8907098109366416e-13,unvalidated-engineering-priors,fixed independent scenario factor; no N cycle,,,,right_censored,BBCH89_full_ripeness,,,
21,ag_099_048,maize,2024,2024-06-15,2024-10-05,615113.668369401,0.5,1.0933476346508542e-12,2.6147972675971687e-12,0.0,0.0,0.03354275471250856,573.12,40.0,0.0,22.522007305758184,197.89702743149417,80.50596152528222,0.0,55.58727696334225,0.0,185.27864110552704,40.0,0.0,300.9249962625346,6954.595901020528,14068.529320133679,606.3564382389175,677.6855239075131,4.699574063238288e-13,unvalidated-engineering-priors,fixed independent scenario factor; no N cycle,2024-08-09,2024-09-19,2024-09-19,physiological_maturity,R6_physiological_maturity,2024-06-16,seed_layer_available_water,50.0
21,ag_099_048,fallow,2024,2024-10-06,2024-10-11,615113.668369401,0.5,2.5490720645393594e-13,0.0,0.0,0.0,1.0,8.35,0.0,0.0,15.0938332,0.0,0.0,0.0,0.0,0.0,0.6686974311192461,0.0,0.0,15.0938332,0.0,0.0,677.6855239075131,670.2729932763933,5.606626274357041e-13,unvalidated-engineering-priors,fixed independent scenario factor; no N cycle,,,,right_censored,BBCH89_full_ripeness,,,
21,ag_099_048,wheat,2025,2024-10-12,2025-06-10,615113.668369401,0.5,4.902744876744691e-13,3.922195901395753e-12,0.0,0.0,0.04267140235271844,357.48,150.0,0.0,315.6005815882918,289.78899249517934,41.3318193572762,0.0,0.0,0.0,21.629457073320342,150.0,0.0,646.7213934407473,8739.332974106179,20135.040369777285,670.2729932763933,509.40214276232746,-1.8136603330276557e-12,unvalidated-engineering-priors,fixed independent scenario factor; no N cycle,2025-04-12,2025-05-22,2025-05-22,full_ripeness,BBCH89_full_ripeness,2024-10-12,seed_layer_available_water,50.0
21,ag_099_048,fallow,2025,2025-06-11,2025-06-14,615113.668369401,0.5,1.0591527654923993e-13,0.0,0.0,0.0,1.0,23.310000000000002,0.0,0.0,9.180265145161044,0.0,0.0,0.0,0.0,0.0,0.0027623645859773654,0.0,0.0,9.180265145161044,0.0,0.0,509.40214276232746,523.5291152525806,-1.5876189252139739e-13,unvalidated-engineering-priors,fixed independent scenario factor; no N cycle,,,,right_censored,BBCH89_full_ripeness,,,
21,ag_099_048,maize,2025,2025-06-15,2025-10-05,615113.668369401,0.5,1.1106671138350066e-12,5.183409257369931e-12,0.0,0.0,0.03354275471250856,693.18,40.0,0.0,17.261719641685538,186.81875924817336,119.77136594095576,0.0,50.71977438061885,0.0,92.44618674428752,40.0,0.0,323.8518448308147,7955.332611699671,16963.17257688183,523.5291152525806,789.6913092968592,3.049782648645305e-13,unvalidated-engineering-priors,fixed independent scenario factor; no N cycle,2025-08-11,2025-09-23,2025-09-23,physiological_maturity,R6_physiological_maturity,2025-06-15,seed_layer_available_water,50.0
21,ag_099_048,fallow,1996,1996-01-01,1996-10-11,615113.668369401,0.75,3.694822225952521e-13,0.0,0.0,0.0,1.0,1099.6,0.0,0.0,694.2960099457056,0.0,0.0,0.0,146.8012446603033,0.0,153.3883869502053,0.0,0.0,694.2960099457056,0.0,0.0,602.822236268816,707.9365947125993,2.495115225542577e-12,unvalidated-engineering-priors,fixed independent scenario factor; no N cycle,,,,right_censored,BBCH89_full_ripeness,,,
21,ag_099_048,wheat,1997,1996-10-12,1997-06-10,615113.668369401,0.75,1.084465850453853e-12,3.6628478028433165e-12,0.0,0.0,0.04267140235271844,591.17,225.0,0.0,313.78051176025406,181.6617628609422,52.19691744983891,0.0,79.73371218507164,0.0,226.99769308798403,225.0,0.0,547.6391920710352,7264.035734514027,16916.989572545128,707.9365947125993,669.7359973685028,5.6813442839143136e-12,unvalidated-engineering-priors,fixed independent scenario factor; no N cycle,1997-04-19,1997-05-28,1997-05-28,full_ripeness,BBCH89_full_ripeness,1996-10-12,seed_layer_available_water,50.0
21,ag_099_048,fallow,1997,1997-06-11,1997-06-14,615113.668369401,0.75,2.9043434324194095e-13,0.0,0.0,0.0,1.0,0.32,0.0,0.0,10.922966192367152,0.0,0.0,0.0,0.0,0.0,1.4586933616716684,0.0,0.0,10.922966192367152,0.0,0.0,669.7359973685028,657.6743378144636,4.1655567883935873e-13,unvalidated-engineering-priors,fixed independent scenario factor; no N cycle,,,,right_censored,BBCH89_full_ripeness,,,
21,ag_099_048,maize,1997,1997-06-15,1997-10-05,615113.668369401,0.75,9.379164112033322e-13,3.581135388230905e-12,0.0,0.0,0.03354275471250856,422.09,60.0,0.0,19.423929527542338,237.1800392056015,78.63951100374811,0.0,81.1832569878546,0.0,134.87936603969118,60.0,0.0,335.2434797368919,9448.769479139197,18068.52358649676,657.6743378144636,588.4582350500277,-1.867506149721976e-12,unvalidated-engineering-priors,fixed independent scenario factor; no N cycle,1997-08-10,1997-09-24,1997-09-24,physiological_maturity,R6_physiological_maturity,1997-06-16,seed_layer_available_water,50.0
21,ag_099_048,fallow,1997,1997-10-06,1997-10-11,615113.668369401,0.75,1.674216321134736e-13,0.0,0.0,0.0,1.0,0.26,0.0,0.0,15.170352281323318,0.0,0.0,0.0,0.0,0.0,0.08169052017727674,0.0,0.0,15.170352281323318,0.0,0.0,588.4582350500277,573.466192248527,1.0857981180834031e-13,unvalidated-engineering-priors,fixed independent scenario factor; no N cycle,,,,right_censored,BBCH89_full_ripeness,,,
21,ag_099_048,wheat,1998,1997-10-12,1998-06-10,615113.668369401,0.75,8.36664071357518e-13,3.922195901395753e-12,0.0,0.0,0.04267140235271844,785.3,225.0,0.0,322.95069712104146,154.484517207279,72.66340216714025,0.0,146.4782721367212,0.0,159.66740213655757,225.0,0.0,550.0986164954606,6654.868011205691,15819.560619125034,573.466192248527,727.5219014797855,2.0905499553691698e-12,unvalidated-engineering-priors,fixed independent scenario factor; no N cycle,1998-04-21,1998-05-31,1998-05-31,full_ripeness,BBCH89_full_ripeness,1997-10-13,seed_layer_available_water,50.0
21,ag_099_048,fallow,1998,1998-06-11,1998-06-14,615113.668369401,0.75,1.4477308241112041e-13,0.0,0.0,0.0,1.0,8.49,0.0,0.0,14.935308991587105,0.0,0.0,0.0,0.0,0.0,6.272076936161589,0.0,0.0,14.935308991587105,0.0,0.0,727.5219014797855,714.8045155520365,2.8332891588433995e-13,unvalidated-engineering-priors,fixed independent scenario factor; no N cycle,,,,right_censored,BBCH89_full_ripeness,,,
21,ag_099_048,maize,1998,1998-06-15,1998-10-05,615113.668369401,0.75,1.1239897901305085e-12,2.1316282072803006e-12,0.0,0.0,0.03354275471250856,687.6899999999999,60.0,0.0,19.963248762841758,180.89086330601364,103.78469626066342,0.0,136.24191321398067,0.0,358.405883482094,60.0,0.0,304.63880832951884,7934.619023477663,14977.769103191646,714.8045155520365,663.2079105264429,1.1857181902996672e-13,unvalidated-engineering-priors,fixed independent scenario factor; no N cycle,1998-08-08,1998-09-18,1998-09-18,physiological_maturity,R6_physiological_maturity,1998-06-15,seed_layer_available_water,50.0
21,ag_099_048,fallow,1998,1998-10-06,1998-10-11,615113.668369401,0.75,1.7674750552032492e-13,0.0,0.0,0.0,1.0,0.81,0.0,0.0,15.527036214319766,0.0,0.0,0.0,0.0,0.0,0.8259085073146317,0.0,0.0,15.527036214319766,0.0,0.0,663.2079105264429,647.6649658048086,-1.1324274851176597e-13,unvalidated-engineering-priors,fixed independent scenario factor; no N cycle,,,,right_censored,BBCH89_full_ripeness,,,
21,ag_099_048,wheat,1999,1998-10-12,1999-06-10,615113.668369401,0.75,8.517631044924201e-13,2.7284841053187847e-12,0.0,0.0,0.04267140235271844,338.57,225.0,0.0,251.865549329729,183.32680218797216,62.56620395743693,0.0,38.54093710493078,0.0,24.4105553372447,225.0,0.0,497.75855547513805,7163.922651858621,16667.150006996657,647.6649658048086,650.5249178874988,-3.688771510468314e-12,unvalidated-engineering-priors,fixed independent scenario factor; no N cycle,1999-04-15,1999-05-24,1999-05-24,full_ripeness,BBCH89_full_ripeness,1998-10-12,seed_layer_available_water,50.0
21,ag_099_048,fallow,1999,1999-06-11,1999-06-14,615113.668369401,0.75,2.1582735598713043e-13,0.0,0.0,0.0,1.0,3.82,0.0,0.0,6.149285170702454,0.0,0.0,0.0,0.0,0.0,0.9190389054508347,0.0,0.0,6.149285170702454,0.0,0.0,650.5249178874988,647.2765938113456,-1.354472090042691e-13,unvalidated-engineering-priors,fixed independent scenario factor; no N cycle,,,,right_censored,BBCH89_full_ripeness,,,
21,ag_099_048,maize,1999,1999-06-15,1999-10-05,615113.668369401,0.75,1.091571277811454e-12,3.069544618483633e-12,0.0,0.0,0.03354275471250856,330.17,60.0,0.0,20.576003877429727,213.92533167868476,72.76215944683794,0.0,1.8160411778476,0.0,83.3882340774476,60.0,0.0,307.2634950029524,7756.777110671324,15592.0983129282,647.2765938113456,644.9788235531014,-3.397504499957904e-12,unvalidated-engineering-priors,fixed independent scenario factor; no N cycle,1999-08-12,1999-09-25,1999-09-25,physiological_maturity,R6_physiological_maturity,1999-06-16,seed_layer_available_water,50.0
21,ag_099_048,fallow,1999,1999-10-06,1999-10-11,615113.668369401,0.75,2.0694557179012918e-13,0.0,0.0,0.0,1.0,7.02,0.0,0.0,13.503175500000001,0.0,0.0,0.0,0.0,0.0,0.09207080100474116,0.0,0.0,13.503175500000001,0.0,0.0,644.9788235531014,638.4035772520967,-8.881784197001252e-14,unvalidated-engineering-priors,fixed independent scenario factor; no N cycle,,,,right_censored,BBCH89_full_ripeness,,,
21,ag_099_048,wheat,2000,1999-10-12,2000-06-10,615113.668369401,0.75,9.272582701669307e-13,5.059064278611913e-12,0.0,0.0,0.04267140235271844,426.53,225.0,0.0,293.7699996306651,278.47979249480386,41.27511412267938,0.0,46.23175724298512,0.0,38.83944013635763,225.0,0.0,613.5249062481483,9424.047077006564,21078.71894016285,638.4035772520967,591.3374736246063,-6.589173651150304e-13,unvalidated-engineering-priors,fixed independent scenario factor; no N cycle,2000-04-17,2000-05-25,2000-05-25,full_ripeness,BBCH89_full_ripeness,1999-10-12,seed_layer_available_water,50.0
21,ag_099_048,fallow,2000,2000-06-11,2000-06-14,615113.668369401,0.75,1.887379141862766e-13,0.0,0.0,0.0,1.0,0.72,0.0,0.0,12.912195074505771,0.0,0.0,0.0,0.0,0.0,0.017524810843347532,0.0,0.0,12.912195074505771,0.0,0.0,591.3374736246063,579.1277537392573,-7.283063041541027e-14,unvalidated-engineering-priors,fixed independent scenario factor; no N cycle,,,,right_censored,BBCH89_full_ripeness,,,
21,ag_099_048,maize,2000,2000-06-15,2000-10-05,615113.668369401,0.75,8.677503160470224e-13,2.2737367544323206e-12,0.0,0.0,0.03354275471250856,766.89,60.0,0.0,21.77723062746895,127.76821070726626,89.54374639312569,0.0,108.99275373455356,0.0,279.2059490989883,60.0,0.0,239.0891877278609,6647.811110424284,12541.97186563045,579.1277537392573,778.7298631778552,-7.076006447448435e-13,unvalidated-engineering-priors,fixed independent scenario factor; no N cycle,2000-08-09,2000-09-20,2000-09-20,physiological_maturity,R6_physiological_maturity,2000-06-16,seed_layer_available_water,50.0
21,ag_099_048,fallow,2000,2000-10-06,2000-10-11,615113.668369401,0.75,1.341149413747189e-13,0.0,0.0,0.0,1.0,13.17,0.0,0.0,15.577848399999997,0.0,0.0,0.0,0.0,0.0,15.77350722996563,0.0,0.0,15.577848399999997,0.0,0.0,778.7298631778552,760.5485075478894,2.531308496145357e-13,unvalidated-engineering-priors,fixed independent scenario factor; no N cycle,,,,right_censored,BBCH89_full_ripeness,,,
21,ag_099_048,wheat,2001,2000-10-12,2001-06-10,615113.668369401,0.75,1.1084466677857563e-12,4.206412995699793e-12,0.0,0.0,0.04267140235271844,416.41,225.0,0.0,319.89186147026595,186.81720240131926,42.48609486326572,0.0,36.46629301221051,0.0,187.5994666741605,225.0,0.0,549.195158734851,7384.633013709607,16585.543428241683,760.5485075478894,628.6975891266707,-3.284039706841213e-12,unvalidated-engineering-priors,fixed independent scenario factor; no N cycle,2001-04-17,2001-05-27,2001-05-27,full_ripeness,BBCH89_full_ripeness,2000-10-12,seed_layer_available_water,50.0
21,ag_099_048,fallow,2001,2001-06-11,2001-06-14,615113.668369401,0.75,1.283417816466681e-13,0.0,0.0,0.0,1.0,5.64,0.0,0.0,16.755588383457827,0.0,0.0,0.0,0.0,0.0,0.25901385528993276,0.0,0.0,16.755588383457827,0.0,0.0,628.6975891266707,617.322986887923,-7.593925488436071e-14,unvalidated-engineering-priors,fixed independent scenario factor; no N cycle,,,,right_censored,BBCH89_full_ripeness,,,
21,ag_099_048,maize,2001,2001-06-15,2001-10-05,615113.668369401,0.75,1.0254019855437946e-12,3.637978807091713e-12,0.0,0.0,0.03354275471250856,210.65,60.0,0.0,18.6296190661435,295.513603482917,75.63877974157944,0.0,10.242811647274499,0.0,14.909711421016945,60.0,0.0,389.78200229064,9647.447295179167,19094.047600511196,617.322986887923,473.0384615289926,-1.0580425424677742e-12,unvalidated-engineering-priors,fixed independent scenario factor; no N cycle,2001-08-10,2001-09-20,2001-09-20,physiological_maturity,R6_physiological_maturity,2001-06-15,seed_layer_available_water,50.0
21,ag_099_048,fallow,2001,2001-10-06,2001-10-11,615113.668369401,0.75,8.282263763703668e-14,0.0,0.0,0.0,1.0,5.3,0.0,0.0,11.54581579375083,0.0,0.0,0.0,0.0,0.0,0.004304386198867511,0.0,0.0,11.54581579375083,0.0,0.0,473.0384615289926,466.78834134904304,-1.0658141036401503e-13,unvalidated-engineering-priors,fixed independent scenario factor; no N cycle,,,,right_censored,BBCH89_full_ripeness,,,
21,ag_099_048,wheat,2002,2001-10-12,2002-06-10,615113.668369401,0.75,7.362999099314038e-13,3.339550858072471e-12,0.0,0.0,0.04267140235271844,554.61,225.0,0.0,262.35418922327085,162.00826837492536,72.16153116044464,0.0,60.50780366790453,0.0,10.798711637525683,225.0,0.0,496.5239887586409,6636.545565688033,16451.247302638352,466.78834134904304,678.5678372849725,-5.183631301974856e-13,unvalidated-engineering-priors,fixed independent scenario factor; no N cycle,2002-04-10,2002-05-24,2002-05-24,full_ripeness,BBCH89_full_ripeness,2001-10-13,seed_layer_available_water,50.0
21,ag_099_048,fallow,2002,2002-06-11,2002-06-14,615113.668369401,0.75,9.237055564881302e-14,0.0,0.0,0.0,1.0,0.0,0.0,0.0,18.16907056358345,0.0,0.0,0.0,0.0,0.0,1.3932183475419153,0.0,0.0,18.16907056358345,0.0,0.0,678.5678372849725,659.0055483738472,-8.570921750106208e-14,unvalidated-engineering-priors,fixed independent scenario factor; no N cycle,,,,right_censored,BBCH89_full_ripeness,,,
21,ag_099_048,maize,2002,2002-06-15,2002-10-05,615113.668369401,0.75,1.0933476346508542e-12,2.6147972675971687e-12,0.0,0.0,0.03354275471250856,680.97,60.0,0.0,19.197683428433763,197.67668030947922,82.39202692541512,0.0,247.79697882249727,0.0,188.10517263439596,60.0,0.0,299.2663906633281,8830.787699863231,16368.208662896202,659.0055483738472,664.8070062536226,3.283151528421513e-12,unvalidated-engineering-priors,fixed independent scenario factor; no N cycle,2002-08-11,2002-09-26,2002-09-26,physiological_maturity,R6_physiological_maturity,2002-06-16,seed_layer_available_water,50.0
21,ag_099_048,fallow,2002,2002-10-06,2002-10-11,615113.668369401,0.75,1.3145040611561853e-13,0.0,0.0,0.0,1.0,0.0,0.0,0.0,18.447129390986113,0.0,0.0,0.0,0.0,0.0,0.7415402606666517,0.0,0.0,18.447129390986113,0.0,0.0,664.8070062536226,645.6183366019696,1.9406698470447736e-13,unvalidated-engineering-priors,fixed independent scenario factor; no N cycle,,,,right_censored,BBCH89_full_ripeness,,,
21,ag_099_048,wheat,2003,2002-10-12,2003-06-10,615113.668369401,0.75,9.405809464624326e-13,3.822719918389339e-12,0.0,0.0,0.04267140235271844,514.5,225.0,0.0,271.9482510482691,155.20828196321554,69.45667987422406,0.0,70.49851005429227,0.0,148.84330131934678,225.0,0.0,496.6132128857088,6620.238785076934,15558.871858734245,645.6183366019696,669.1633123426246,-2.777889029914604e-12,unvalidated-engineering-priors,fixed independent scenario factor; no N cycle,2003-04-22,2003-05-30,2003-05-30,full_ripeness,BBCH89_full_ripeness,2002-10-12,seed_layer_available_water,50.0
21,ag_099_048,fallow,2003,2003-06-11,2003-06-14,615113.668369401,0.75,2.922107000813412e-13,0.0,0.0,0.0,1.0,11.120000000000001,0.0,0.0,14.569587924249522,0.0,0.0,0.0,0.0,0.0,2.0113350792610944,0.0,0.0,14.569587924249522,0.0,0.0,669.1633123426246,663.702389339114,1.2434497875801753e-14,unvalidated-engineering-priors,fixed independent scenario factor; no N cycle,,,,right_censored,BBCH89_full_ripeness,,,
21,ag_099_048,maize,2003,2003-06-15,2003-10-05,615113.668369401,0.75,1.042721464727947e-12,2.2950530365051236e-12,0.0,0.0,0.03354275471250856,978.8199999999999,60.0,0.0,19.976251769555642,109.88310925842633,84.10380697266235,0.0,232.62105560299096,0.0,478.28704102323564,60.0,0.0,213.96316800064432,6251.964223063703,11566.616666239617,663.702389339114,777.6511247122457,-2.6965096822095802e-12,unvalidated-engineering-priors,fixed independent scenario factor; no N cycle,2003-08-12,2003-09-28,2003-09-28,physiological_maturity,R6_physiological_maturity,2003-06-16,seed_layer_available_water,50.0
21,ag_099_048,fallow,2003,2003-10-06,2003-10-11,615113.668369401,0.75,1.341149413747189e-13,0.0,0.0,0.0,1.0,75.24,0.0,0.0,11.526430600000001,0.0,0.0,0.0,28.337037645290046,0.0,10.941076955484899,0.0,0.0,11.526430600000001,0.0,0.0,777.6511247122457,802.0865795114706,1.6475709685437323e-13,unvalidated-engineering-priors,fixed independent scenario factor; no N cycle,,,,right_censored,BBCH89_full_ripeness,,,
21,ag_099_048,wheat,2004,2003-10-12,2004-06-10,615113.668369401,0.75,1.1226575225009583e-12,5.9117155615240335e-12,0.0,0.0,0.04267140235271844,406.76,225.0,0.0,333.3025999515127,228.40830176305784,57.38335493615619,0.0,55.14573307220902,0.0,115.54492787256707,225.0,0.0,619.0942566507267,8456.627373840423,19660.698208286747,802.0865795114706,644.0616619159715,-3.701372541797809e-12,unvalidated-engineering-priors,fixed independent scenario factor; no N cycle,2004-04-12,2004-05-21,2004-05-21,full_ripeness,BBCH89_full_ripeness,2003-10-12,seed_layer_available_water,50.0
21,ag_099_048,fallow,2004,2004-06-11,2004-06-14,615113.668369401,0.75,2.913225216616411e-13,0.0,0.0,0.0,1.0,43.69,0.0,0.0,9.231557018300899,0.0,0.0,0.0,0.0,0.0,0.3283937963009396,0.0,0.0,9.231557018300899,0.0,0.0,644.0616619159715,678.1917111013696,6.838973831690964e-14,unvalidated-engineering-priors,fixed independent scenario factor; no N cycle,,,,right_censored,BBCH89_full_ripeness,,,
21,ag_099_048,maize,2004,2004-06-15,2004-10-05,615113.668369401,0.75,1.0080825063596421e-12,4.945377440890297e-12,0.0,0.0,0.03354275471250856,608.57,60.0,0.0,15.851032183562364,205.111436617284,108.37865604203475,0.0,155.6285969143055,0.0,166.11928739571903,60.0,0.0,329.34112484288113,9731.761079958811,18492.521633130567,678.1917111013696,695.6727019484664,-2.424505041176417e-12,unvalidated-engineering-priors,fixed independent scenario factor; no N cycle,2004-08-10,2004-09-25,2004-09-25,physiological_maturity,R6_physiological_maturity,2004-06-15,seed_layer_available_water,50.0
21,ag_099_048,fallow,2004,2004-10-06,2004-10-11,615113.668369401,0.75,1.3500311979441904e-13,0.0,0.0,0.0,1.0,0.01,0.0,0.0,17.676289179857747,0.0,0.0,0.0,0.0,0.0,1.4845291290564573,0.0,0.0,17.676289179857747,0.0,0.0,695.6727019484664,676.5218836395524,-1.6431300764452317e-13,unvalidated-engineering-priors,fixed independent scenario factor; no N cycle,,,,right_censored,BBCH89_full_ripeness,,,
21,ag_099_048,wheat,2005,2004-10-12,2005-06-10,615113.668369401,0.75,9.734435479913373e-13,4.732214620162267e-12,0.0,0.0,0.04267140235271844,395.83,225.0,0.0,227.59043759317467,241.25271952627597,76.30502790303112,0.0,18.818883489339427,0.0,32.41573927336645,225.0,0.0,545.1481850224818,8933.914387563467,21374.325170271968,676.5218836395524,700.9690758543655,-8.218425939787721e-13,unvalidated-engineering-priors,fixed independent scenario factor; no N cycle,2005-04-24,2005-05-31,2005-05-31,full_ripeness,BBCH89_full_ripeness,2004-10-12,seed_layer_available_water,50.0
21,ag_099_048,fallow,2005,2005-06-11,2005-06-14,615113.668369401,0.75,2.007283228522283e-13,0.0,0.0,0.0,1.0,0.0,0.0,0.0,23.675960383019504,0.0,0.0,0.0,0.0,0.0,0.6899574008821391,0.0,0.0,23.675960383019504,0.0,0.0,700.9690758543655,676.6031580704638,1.0835776720341528e-13,unvalidated-engineering-priors,fixed independent scenario factor; no N cycle,,,,right_censored,BBCH89_full_ripeness,,,
21,ag_099_048,maize,2005,2005-06-15,2005-10-05,615113.668369401,0.75,1.113775738303957e-12,2.3021584638627246e-12,0.0,0.0,0.03354275471250856,912.67,60.0,0.0,18.152366589452672,142.4354750639451,116.28076641370713,0.0,236.29585777117063,0.0,355.2067379474354,60.0,0.0,276.8686080671049,7056.084174546857,14642.512560582996,676.6031580704638,780.9019542847536,-7.158718062783009e-13,unvalidated-engineering-priors,fixed independent scenario factor; no N cycle,2005-08-08,2005-09-22,2005-09-22,physiological_maturity,R6_physiological_maturity,2005-06-15,seed_layer_available_water,50.0
21,ag_099_048,fallow,2005,2005-10-06,2005-10-11,615113.668369401,0.75,1.4921397450962104e-13,0.0,0.0,0.0,1.0,3.69,0.0,0.0,18.520511699999993,0.0,0.0,0.0,0.0,0.0,16.571521826343194,0.0,0.0,18.520511699999993,0.0,0.0,780.9019542847536,749.4999207584103,1.141309269314661e-13,unvalidated-engineering-priors,fixed independent scenario factor; no N cycle,,,,right_censored,BBCH89_full_ripeness,,,
21,ag_099_048,wheat,2006,2005-10-12,2006-06-10,615113.668369401,0.75,8.961720254774264e-13,4.462208380573429e-12,0.0,0.0,0.04267140235271844,273.54,225.0,0.0,244.97714728173858,256.555610392058,55.246860491944624,0.0,21.292029099417675,0.0,76.02848953428874,225.0,0.0,556.7796181657412,9152.902521497053,21477.03233147737,749.4999207584103,593.9397839589623,4.64628335805628e-13,unvalidated-engineering-priors,fixed independent scenario factor; no N cycle,2006-04-18,2006-05-27,2006-05-27,full_ripeness,BBCH89_full_ripeness,2005-10-12,seed_layer_available_water,50.0
21,ag_099_048,fallow,2006,2006-06-11,2006-06-14,615113.668369401,0.75,2.424727085781342e-13,0.0,0.0,0.0,1.0,5.6899999999999995,0.0,0.0,6.427883052081404,0.0,0.0,0.0,0.0,0.0,0.13538550005741795,0.0,0.0,6.427883052081404,0.0,0.0,593.9397839589623,593.0665154068238,-3.3861802251067274e-13,unvalidated-engineering-priors,fixed independent scenario factor; no N cycle,,,,right_censored,BBCH89_full_ripeness,,,
21,ag_099_048,maize,2006,2006-06-15,2006-10-05,615113.668369401,0.75,1.0764722446765518e-12,2.6147972675971687e-12,0.0,0.0,0.03354275471250856,471.99,60.0,0.0,22.5048213969444,154.97515144392904,98.062871994266,0.0,10.759107316738985,0.0,138.22476737038087,60.0,0.0,275.5428448351394,7392.852077321493,14886.729780791833,593.0665154068238,700.5297958845736,-9.097722575290845e-12,unvalidated-engineering-priors,fixed independent scenario factor; no N cycle,2006-08-09,2006-09-23,2006-09-23,physiological_maturity,R6_physiological_maturity,2006-06-16,seed_layer_available_water,50.0
21,ag_099_048,fallow,2006,2006-10-06,2006-10-11,615113.668369401,0.75,1.5276668818842154e-13,0.0,0.0,0.0,1.0,0.36,0.0,0.0,18.890918446004388,0.0,0.0,0.0,0.0,0.0,1.3831994387278663,0.0,0.0,18.890918446004388,0.0,0.0,700.5297958845736,680.6156779998412,1.2301271112846734e-13,unvalidated-engineering-priors,fixed independent scenario factor; no N cycle,,,,right_censored,BBCH89_full_ripeness,,,
21,ag_099_048,wheat,2007,2006-10-12,2007-06-10,615113.668369401,0.75,1.1395329124752607e-12,4.007461029686965e-12,0.0,0.0,0.04267140235271844,345.03000000000003,225.0,0.0,298.4254429854055,227.1375012753092,58.76752135943188,0.0,35.91836483627273,0.0,30.439246280640283,225.0,0.0,584.3304656201466,8871.15474762105,19900.086302305735,680.6156779998412,599.9576012627817,-1.532107773982716e-13,unvalidated-engineering-priors,fixed independent scenario factor; no N cycle,2007-04-15,2007-05-25,2007-05-25,full_ripeness,BBCH89_full_ripeness,2006-10-12,seed_layer_available_water,50.0
21,ag_099_048,fallow,2007,2007-06-11,2007-06-14,615113.668369401,0.75,1.8141044222375058e-13,0.0,0.0,0.0,1.0,0.02,0.0,0.0,5.636519531523872,0.0,0.0,0.0,0.0,0.0,0.12669559456090357,0.0,0.0,5.636519531523872,0.0,0.0,599.9576012627817,594.214386136697,-8.304468224196171e-14,unvalidated-engineering-priors,fixed independent scenario factor; no N cycle,,,,right_censored,BBCH89_full_ripeness,,,
21,ag_099_048,maize,2007,2007-06-15,2007-10-05,615113.668369401,0.75,1.0063061495202419e-12,2.5863755581667647e-12,0.0,0.0,0.03354275471250856,799.02,60.0,0.0,21.033444916960676,145.5248332287755,84.94003990440103,0.0,142.94452840745248,0.0,358.0724233174463,60.0,0.0,251.4983180501372,6832.279492257003,13350.51898714491,594.214386136697,700.7191163616621,-1.0593748100973244e-12,unvalidated-engineering-priors,fixed independent scenario factor; no N cycle,2007-08-11,2007-09-23,2007-09-23,physiological_maturity,R6_physiological_maturity,2007-06-16,seed_layer_available_water,50.0
21,ag_099_048,fallow,2007,2007-10-06,2007-10-11,615113.668369401,0.75,1.829647544582258e-13,0.0,0.0,0.0,1.0,0.03,0.0,0.0,20.170363009343987,0.0,0.0,0.0,0.0,0.0,1.8201774637773933,0.0,0.0,20.170363009343987,0.0,0.0,700.7191163616621,678.758575888541,-2.646771690706373e-13,unvalidated-engineering-priors,fixed independent scenario factor; no N cycle,,,,right_censored,BBCH89_full_ripeness,,,
21,ag_099_048,wheat,2008,2007-10-12,2008-06-10,615113.668369401,0.75,9.14379683081279e-13,6.217248937900877e-12,0.0,0.0,0.04267140235271844,430.25,225.0,0.0,255.77976678972902,255.6998345457614,58.717414387075365,0.0,57.90825176039085,0.0,48.5348623080782,225.0,0.0,570.1970157225658,10193.444254567768,22658.414200700976,678.758575888541,657.3684460975104,-4.222955318766708e-12,unvalidated-engineering-priors,fixed independent scenario factor; no N cycle,2008-04-18,2008-05-28,2008-05-28,full_ripeness,BBCH89_full_ripeness,2007-10-12,seed_layer_available_water,50.0
21,ag_099_048,fallow,2008,2008-06-11,2008-06-14,615113.668369401,0.75,1.9451107391432743e-13,0.0,0.0,0.0,1.0,1.51,0.0,0.0,7.416247816149982,0.0,0.0,0.0,0.0,0.0,1.0064185127697423,0.0,0.0,7.416247816149982,0.0,0.0,657.3684460975104,650.4557797685903,3.4372504842394846e-13,unvalidated-engineering-priors,fixed independent scenario factor; no N cycle,,,,right_censored,BBCH89_full_ripeness,,,
21,ag_099_048,maize,2008,2008-06-15,2008-10-05,615113.668369401,0.75,1.270095140171179e-12,2.5579538487363607e-12,0.0,0.0,0.03354275471250856,617.89,60.0,0.0,17.795403865531426,154.5921189187914,89.59742789509868,0.0,56.17911750211282,0.0,280.79289889383955,60.0,0.0,261.9849506794215,7792.733874223705,14671.14858141625,650.4557797685903,729.3888126932151,1.3677947663381929e-12,unvalidated-engineering-priors,fixed independent scenario factor; no N cycle,2008-08-10,2008-09-22,2008-09-22,physiological_maturity,R6_physiological_maturity,2008-06-16,seed_layer_available_water,50.0
21,ag_099_048,fallow,2008,2008-10-06,2008-10-11,615113.668369401,0.75,2.6645352591003757e-13,0.0,0.0,0.0,1.0,0.21000000000000002,0.0,0.0,14.821354499999998,0.0,0.0,0.0,0.0,0.0,3.6524865122115497,0.0,0.0,14.821354499999998,0.0,0.0,729.3888126932151,711.1249716810037,-1.4699352846037073e-13,unvalidated-engineering-priors,fixed independent scenario factor; no N cycle,,,,right_censored,BBCH89_full_ripeness,,,
21,ag_099_048,wheat,2009,2008-10-12,2009-06-10,615113.668369401,0.75,1.0151879337172431e-12,3.836930773104541e-12,0.0,0.0,0.04267140235271844,321.76,225.0,0.0,292.3050666091074,217.273771089324,55.88012901434765,0.0,6.173410601774263,0.0,48.17528775681604,225.0,0.0,565.4589667127791,8203.026300748754,18476.304296504873,711.1249716810037,638.0773066096341,1.7774670624248756e-13,unvalidated-engineering-priors,fixed independent scenario factor; no N cycle,2009-04-15,2009-05-24,2009-05-24,full_ripeness,BBCH89_full_ripeness,2008-10-12,seed_layer_available_water,50.0
21,ag_099_048,fallow,2009,2009-06-11,2009-06-14,615113.668369401,0.75,1.7985612998927536e-13,0.0,0.0,0.0,1.0,0.5700000000000001,0.0,0.0,10.816077759977226,0.0,0.0,0.0,0.0,0.0,0.3033212958643135,0.0,0.0,10.816077759977226,0.0,0.0,638.0773066096341,627.5279075537926,-4.8405723873656825e-14,unvalidated-engineering-priors,fixed independent scenario factor; no N cycle,,,,right_censored,BBCH89_full_ripeness,,,
21,ag_099_048,maize,2009,2009-06-15,2009-10-05,615113.668369401,0.75,1.2385648062718246e-12,2.8421709430404007e-12,0.0,0.0,0.03354275471250856,397.37,60.0,0.0,18.099961362614845,199.6755279782305,81.59399878531023,0.0,2.5822246055154245,0.0,69.92795564048437,60.0,0.0,299.36948812615555,8007.168598202941,15822.396818454872,627.5279075537926,713.018239181639,-1.7983392552878286e-12,unvalidated-engineering-priors,fixed independent scenario factor; no N cycle,2009-08-10,2009-09-25,2009-09-25,physiological_maturity,R6_physiological_maturity,2009-06-16,seed_layer_available_water,50.0
21,ag_099_048,fallow,2009,2009-10-06,2009-10-11,615113.668369401,0.75,2.042810365310288e-13,0.0,0.0,0.0,1.0,1.85,0.0,0.0,17.154950999999997,0.0,0.0,0.0,0.0,0.0,2.305304699444785,0.0,0.0,17.154950999999997,0.0,0.0,713.018239181639,695.4079834821937,5.764277943853813e-13,unvalidated-engineering-priors,fixed independent scenario factor; no N cycle,,,,right_censored,BBCH89_full_ripeness,,,
21,ag_099_048,wheat,2010,2009-10-12,2010-06-10,615113.668369401,0.75,8.801848139228241e-13,4.945377440890297e-12,0.0,0.0,0.04267140235271844,438.37,225.0,0.0,279.5412903966768,209.87192962249145,65.9825800423645,0.0,36.284697751916276,0.0,56.748979200112615,225.0,0.0,555.3958000615328,8163.184038401838,18993.429557814496,695.4079834821937,710.34850646863,1.978639474486954e-12,unvalidated-engineering-priors,fixed independent scenario factor; no N cycle,2010-04-29,2010-06-06,2010-06-06,full_ripeness,BBCH89_full_ripeness,2009-10-12,seed_layer_available_water,50.0
21,ag_099_048,fallow,2010,2010-06-11,2010-06-14,615113.668369401,0.75,1.3677947663381929e-13,0.0,0.0,0.0,1.0,0.09,0.0,0.0,20.144936967880522,0.0,0.0,0.0,0.0,0.0,0.9008524002588343,0.0,0.0,20.144936967880522,0.0,0.0,710.34850646863,689.3927171004904,3.206324095117452e-13,unvalidated-engineering-priors,fixed independent scenario factor; no N cycle,,,,right_censored,BBCH89_full_ripeness,,,
21,ag_099_048,maize,2010,2010-06-15,2010-10-05,615113.668369401,0.75,9.43245481721533e-13,3.751665644813329e-12,0.0,0.0,0.03354275471250856,445.4,60.0,0.0,18.522177841720126,175.1197983990477,111.01161608741664,0.0,22.86756479221224,0.0,149.10071403601864,60.0,0.0,304.65359232818446,7601.219191462543,15577.854411159233,689.3927171004904,718.1708459440733,1.6859846851957627e-12,unvalidated-engineering-priors,fixed independent scenario factor; no N cycle,2010-08-08,2010-09-20,2010-09-20,physiological_maturity,R6_physiological_maturity,2010-06-15,seed_layer_available_water,50.0
21,ag_099_048,fallow,2010,2010-10-06,2010-10-11,615113.668369401,0.75,3.0375701953744283e-13,0.0,0.0,0.0,1.0,0.6,0.0,0.0,20.707835161774753,0.0,0.0,0.0,0.0,0.0,2.6954841899376953,0.0,0.0,20.707835161774753,0.0,0.0,718.1708459440733,695.3675265923605,3.97015753605956e-13,unvalidated-engineering-priors,fixed independent scenario factor; no N cycle,,,,right_censored,BBCH89_full_ripeness,,,
21,ag_099_048,wheat,2011,2010-10-12,2011-06-10,615113.668369401,0.75,3.6504133049675147e-13,5.030642569181509e-12,0.0,0.0,0.04267140235271844,152.6,225.0,0.0,216.79326287924232,301.70584678055064,31.69934927704027,0.0,0.0,0.0,35.30576354061602,225.0,0.0,550.1984589368332,8752.571694937616,20010.575121592505,695.3675265923605,487.4633041149105,7.721601136267964e-13,unvalidated-engineering-priors,fixed independent scenario factor; no N cycle,2011-04-19,2011-05-30,2011-05-30,full_ripeness,BBCH89_full_ripeness,2010-10-12,seed_layer_available_water,50.0
21,ag_099_048,fallow,2011,2011-06-11,2011-06-14,615113.668369401,0.75,1.4721557306529576e-13,0.0,0.0,0.0,1.0,21.4,0.0,0.0,7.372253833586382,0.0,0.0,0.0,0.0,0.0,0.002156136419284411,0.0,0.0,7.372253833586382,0.0,0.0,487.4633041149105,501.48889414490463,1.9939605522267811e-13,unvalidated-engineering-priors,fixed independent scenario factor; no N cycle,,,,right_censored,BBCH89_full_ripeness,,,
21,ag_099_048,maize,2011,2011-06-15,2011-10-05,615113.668369401,0.75,1.0589307208874743e-12,3.439026841078885e-12,0.0,0.0,0.03354275471250856,406.55,60.0,0.0,18.96003957441211,169.20672769344574,96.16786306163365,0.0,0.0,0.0,8.887765071908987,60.0,0.0,284.3346303294915,7493.64192890605,14965.240973297143,501.48889414490463,674.8164987435023,1.8388068845354155e-12,unvalidated-engineering-priors,fixed independent scenario factor; no N cycle,2011-08-10,2011-09-27,2011-09-27,physiological_maturity,R6_physiological_maturity,2011-06-15,seed_layer_available_water,50.0
21,ag_099_048,fallow,2011,2011-10-06,2011-10-11,615113.668369401,0.75,1.0480505352461478e-13,0.0,0.0,0.0,1.0,2.54,0.0,0.0,19.952419719915316,0.0,0.0,0.0,0.0,0.0,0.7540055235405273,0.0,0.0,19.952419719915316,0.0,0.0,674.8164987435023,656.6500735000463,8.926193117986259e-14,unvalidated-engineering-priors,fixed independent scenario factor; no N cycle,,,,right_censored,BBCH89_full_ripeness,,,
21,ag_099_048,wheat,2012,2011-10-12,2012-06-10,615113.668369401,0.75,9.228173780684301e-13,3.524291969370097e-12,0.0,0.0,0.04267140235271844,272.93,225.0,0.0,278.56995356410044,219.53839898282706,38.122693449245496,0.0,7.511743832126772,0.0,34.75053505399604,225.0,0.0,536.2310459961731,7543.886603273524,17357.203833958196,656.6500735000463,576.0867486177507,-1.7319479184152442e-13,unvalidated-engineering-priors,fixed independent scenario factor; no N cycle,2012-04-22,2012-05-28,2012-05-28,full_ripeness,BBCH89_full_ripeness,2011-10-12,seed_layer_available_water,50.0
21,ag_099_048,fallow,2012,2012-06-11,2012-06-14,615113.668369401,0.75,1.1612932837579137e-13,0.0,0.0,0.0,1.0,0.44,0.0,0.0,4.480157935118118,0.0,0.0,0.0,0.0,0.0,0.0728261007097096,0.0,0.0,4.480157935118118,0.0,0.0,576.0867486177507,571.9737645819231,-2.34035013590983e-13,unvalidated-engineering-priors,fixed independent scenario factor; no N cycle,,,,right_censored,BBCH89_full_ripeness,,,
21,ag_099_048,maize,2012,2012-06-15,2012-10-05,615113.668369401,0.75,1.212363542890671e-12,3.183231456205249e-12,0.0,0.0,0.03354275471250856,462.43,60.0,0.0,22.78417120153198,221.49592586435907,68.29990622924605,0.0,10.338574409859248,0.0,74.2462878665831,60.0,0.0,312.5800032951371,8250.422856336678,15546.846934332247,571.9737645819231,697.238899010345,-1.3350431871117507e-12,unvalidated-engineering-priors,fixed independent scenario factor; no N cycle,2012-08-10,2012-09-23,2012-09-23,physiological_maturity,R6_physiological_maturity,2012-06-16,seed_layer_available_water,50.0
21,ag_099_048,fallow,2012,2012-10-06,2012-10-11,615113.668369401,0.75,1.652011860642233e-13,0.0,0.0,0.0,1.0,0.02,0.0,0.0,19.72272367312555,0.0,0.0,0.0,0.0,0.0,2.1165535540794225,0.0,0.0,19.72272367312555,0.0,0.0,697.238899010345,675.4196217831397,2.744471316873387e-13,unvalidated-engineering-priors,fixed independent scenario factor; no N cycle,,,,right_censored,BBCH89_full_ripeness,,,
21,ag_099_048,wheat,2013,2012-10-12,2013-06-10,615113.668369401,0.75,1.1448619829934614e-12,3.460343123151688e-12,0.0,0.0,0.04267140235271844,339.04,225.0,0.0,314.26797573713094,245.6824283320964,49.8641431409064,0.0,1.0895163821201308,0.0,31.767416049231738,225.0,0.0,609.8145472101338,8103.519421821074,18850.703131645707,675.4196217831397,596.7881421416566,-2.5141555504148982e-12,unvalidated-engineering-priors,fixed independent scenario factor; no N cycle,2013-04-20,2013-05-30,2013-05-30,full_ripeness,BBCH89_full_ripeness,2012-10-12,seed_layer_available_water,50.0
21,ag_099_048,fallow,2013,2013-06-11,2013-06-14,615113.668369401,0.75,1.6764367671839864e-13,0.0,0.0,0.0,1.0,1.55,0.0,0.0,9.457585080940527,0.0,0.0,0.0,0.0,0.0,0.05790462545569292,0.0,0.0,9.457585080940527,0.0,0.0,596.7881421416566,588.8226524352606,-1.645350522494482e-13,unvalidated-engineering-priors,fixed independent scenario factor; no N cycle,,,,right_censored,BBCH89_full_ripeness,,,
21,ag_099_048,maize,2013,2013-06-15,2013-10-05,615113.668369401,0.75,9.903189379656396e-13,4.803268893738277e-12,0.0,0.0,0.03354275471250856,423.51,60.0,0.0,21.304433542753536,281.23401129463883,71.06078216766898,0.0,22.251964939505847,0.0,7.964356362339131,60.0,0.0,373.5992270050613,8330.417874270292,17784.202947710684,588.8226524352606,668.5171041283566,-2.2894464102307666e-12,unvalidated-engineering-priors,fixed independent scenario factor; no N cycle,2013-08-10,2013-09-24,2013-09-24,physiological_maturity,R6_physiological_maturity,2013-06-16,seed_layer_available_water,50.0
21,ag_099_048,fallow,2013,2013-10-06,2013-10-11,615113.668369401,0.75,1.616484723854228e-13,0.0,0.0,0.0,1.0,0.0,0.0,0.0,21.73205243074414,0.0,0.0,0.0,0.0,0.0,0.370478208695913,0.0,0.0,21.73205243074414,0.0,0.0,668.5171041283566,646.4145734889166,-1.3589129821411916e-13,unvalidated-engineering-priors,fixed independent scenario factor; no N cycle,,,,right_censored,BBCH89_full_ripeness,,,
21,ag_099_048,wheat,2014,2013-10-12,2014-06-10,615113.668369401,0.75,8.517631044924201e-13,2.7995383788947947e-12,0.0,0.0,0.04267140235271844,302.25,225.0,0.0,280.88489729570557,202.81115167342938,62.690785254558705,0.0,12.42419924621296,0.0,13.703692555851681,225.0,0.0,546.3868342236937,8193.531830210723,18543.268846764135,646.4145734889166,601.1498474631576,7.257527911974648e-13,unvalidated-engineering-priors,fixed independent scenario factor; no N cycle,2014-04-13,2014-05-23,2014-05-23,full_ripeness,BBCH89_full_ripeness,2013-10-12,seed_layer_available_water,50.0
21,ag_099_048,fallow,2014,2014-06-11,2014-06-14,615113.668369401,0.75,2.0738966099997924e-13,0.0,0.0,0.0,1.0,3.7199999999999998,0.0,0.0,5.480260160967269,0.0,0.0,0.0,0.0,0.0,0.1412934095245366,0.0,0.0,5.480260160967269,0.0,0.0,601.1498474631576,599.2482938926655,2.6356694604601216e-13,unvalidated-engineering-priors,fixed independent scenario factor; no N cycle,,,,right_censored,BBCH89_full_ripeness,,,
21,ag_099_048,maize,2014,2014-06-15,2014-10-05,615113.668369401,0.75,9.561240688071848e-13,3.865352482534945e-12,0.0,0.0,0.03354275471250856,444.9,60.0,0.0,16.598443188765355,179.00135220695657,90.29422701839671,0.0,14.244135330356713,0.0,42.467191221317464,60.0,0.0,285.89402241411864,7166.132930551078,15506.037186767175,599.2482938926655,761.5429449268739,-1.2207457267265909e-12,unvalidated-engineering-priors,fixed independent scenario factor; no N cycle,2014-08-12,2014-09-28,2014-09-28,physiological_maturity,R6_physiological_maturity,2014-06-16,seed_layer_available_water,50.0
21,ag_099_048,fallow,2014,2014-10-06,2014-10-11,615113.668369401,0.75,5.5067062021407764e-14,0.0,0.0,0.0,1.0,0.0,0.0,0.0,19.943190500000004,0.0,0.0,0.0,0.0,0.0,9.964509232457333,0.0,0.0,19.943190500000004,0.0,0.0,761.5429449268739,731.6352451944165,1.1013412404281553e-13,unvalidated-engineering-priors,fixed independent scenario factor; no N cycle,,,,right_censored,BBCH89_full_ripeness,,,
21,ag_099_048,wheat,2015,2014-10-12,2015-06-10,615113.668369401,0.75,9.614531393253856e-13,3.296918293926865e-12,0.0,0.0,0.04267140235271844,401.98,225.0,0.0,319.83684285961056,186.84367803832185,59.251083179904136,0.0,29.21811183607125,0.0,104.19117312119579,225.0,0.0,565.9316040778365,7612.416241640264,17371.779259953095,731.6352451944165,659.2743561593178,-4.89297491412799e-12,unvalidated-engineering-priors,fixed independent scenario factor; no N cycle,2015-04-18,2015-05-25,2015-05-25,full_ripeness,BBCH89_full_ripeness,2014-10-12,seed_layer_available_water,50.0
21,ag_099_048,fallow,2015,2015-06-11,2015-06-14,615113.668369401,0.75,1.509903313490213e-13,0.0,0.0,0.0,1.0,0.0,0.0,0.0,8.682831244669375,0.0,0.0,0.0,0.0,0.0,1.0136592738563774,0.0,0.0,8.682831244669375,0.0,0.0,659.2743561593178,649.5778656407921,-4.529709940470639e-14,unvalidated-engineering-priors,fixed independent scenario factor; no N cycle,,,,right_censored,BBCH89_full_ripeness,,,
21,ag_099_048,maize,2015,2015-06-15,2015-10-05,615113.668369401,0.75,8.264500195309665e-13,2.2168933355715126e-12,0.0,0.0,0.03354275471250856,508.64,60.0,0.0,18.522989847526922,220.2506510199496,51.10455673402629,0.0,98.0147093015179,0.0,176.18864763438216,60.0,0.0,289.8781976015028,8783.055990482664,16320.920104915902,649.5778656407921,654.1363111033955,-6.35025365625097e-12,unvalidated-engineering-priors,fixed independent scenario factor; no N cycle,2015-08-13,2015-09-27,2015-09-27,physiological_maturity,R6_physiological_maturity,2015-06-16,seed_layer_available_water,50.0
21,ag_099_048,fallow,2015,2015-10-06,2015-10-11,615113.668369401,0.75,1.6964207816272392e-13,0.0,0.0,0.0,1.0,5.1899999999999995,0.0,0.0,17.4962089056464,0.0,0.0,0.0,0.0,0.0,0.2880806292720616,0.0,0.0,17.4962089056464,0.0,0.0,654.1363111033955,641.5420215684767,3.9324099532223045e-13,unvalidated-engineering-priors,fixed independent scenario factor; no N cycle,,,,right_censored,BBCH89_full_ripeness,,,
21,ag_099_048,wheat,2016,2015-10-12,2016-06-10,615113.668369401,0.75,1.0595968547022494e-12,3.723243935382925e-12,0.0,0.0,0.04267140235271844,450.44,225.0,0.0,345.9467228892275,178.92577439982438,49.84288222417729,0.0,13.396293112606713,0.0,21.722946972314972,225.0,0.0,574.7153795132291,7025.143077860211,16144.993613946412,641.5420215684767,707.1474019703284,-2.4802382370125997e-12,unvalidated-engineering-priors,fixed independent scenario factor; no N cycle,2016-04-14,2016-05-23,2016-05-23,full_ripeness,BBCH89_full_ripeness,2015-10-12,seed_layer_available_water,50.0
21,ag_099_048,fallow,2016,2016-06-11,2016-06-14,615113.668369401,0.75,7.815970093361102e-14,0.0,0.0,0.0,1.0,8.44,0.0,0.0,20.022312673521874,0.0,0.0,0.0,0.0,0.0,1.2875941031631184,0.0,0.0,20.022312673521874,0.0,0.0,707.1474019703284,694.2774951936434,-3.419486915845482e-14,unvalidated-engineering-priors,fixed independent scenario factor; no N cycle,,,,right_censored,BBCH89_full_ripeness,,,
21,ag_099_048,maize,2016,2016-06-15,2016-10-05,615113.668369401,0.75,1.2523315717771766e-12,3.666400516522117e-12,0.0,0.0,0.03354275471250856,478.68,60.0,0.0,18.572627413987203,238.3218144547839,64.74945871617129,0.0,98.18211703459089,0.0,155.51877363722622,60.0,0.0,321.6439005849424,9036.747578706414,17109.035186956477,694.2774951936434,657.612703936888,-4.096945005471753e-12,unvalidated-engineering-priors,fixed independent scenario factor; no N cycle,2016-08-10,2016-09-20,2016-09-20,physiological_maturity,R6_physiological_maturity,2016-06-15,seed_layer_available_water,50.0
21,ag_099_048,fallow,2016,2016-10-06,2016-10-11,615113.668369401,0.75,2.1271873151818e-13,0.0,0.0,0.0,1.0,0.25,0.0,0.0,15.942508599999996,0.0,0.0,0.0,0.0,0.0,0.16938352454521102,0.0,0.0,15.942508599999996,0.0,0.0,657.612703936888,641.7508118123422,5.542233338928781e-13,unvalidated-engineering-priors,fixed independent scenario factor; no N cycle,,,,right_censored,BBCH89_full_ripeness,,,
21,ag_099_048,wheat,2017,2016-10-12,2017-06-10,615113.668369401,0.75,9.823253321883385e-13,3.865352482534945e-12,0.0,0.0,0.04267140235271844,537.22,225.0,0.0,348.07890552406474,170.35805076302765,49.47248138123917,0.0,27.734795260952716,0.0,106.85278502875437,225.0,0.0,567.9094376683315,6628.081644304697,15393.964589485793,641.7508118123422,701.4737938543054,-1.797562099170591e-12,unvalidated-engineering-priors,fixed independent scenario factor; no N cycle,2017-04-13,2017-05-21,2017-05-21,full_ripeness,BBCH89_full_ripeness,2016-10-12,seed_layer_available_water,50.0
21,ag_099_048,fallow,2017,2017-06-11,2017-06-14,615113.668369401,0.75,1.1368683772161603e-13,0.0,0.0,0.0,1.0,0.19,0.0,0.0,18.6842909,0.0,0.0,0.0,0.0,0.0,0.5388008462241474,0.0,0.0,18.6842909,0.0,0.0,701.4737938543054,682.4407021080812,1.2434497875801753e-13,unvalidated-engineering-priors,fixed independent scenario factor; no N cycle,,,,right_censored,BBCH89_full_ripeness,,,
21,ag_099_048,maize,2017,2017-06-15,2017-10-05,615113.668369401,0.75,1.048938713665848e-12,2.9700686354772188e-12,0.0,0.0,0.03354275471250856,761.44,60.0,0.0,16.378157515855456,205.02468096785185,86.91806926259947,0.0,118.68559192332947,0.0,272.1138781327286,60.0,0.0,308.3209077463068,8066.289556963628,16732.865642001794,682.4407021080812,804.76032430572,-3.673505943879718e-12,unvalidated-engineering-priors,fixed independent scenario factor; no N cycle,2017-08-08,2017-09-20,2017-09-20,physiological_maturity,R6_physiological_maturity,2017-06-15,seed_layer_available_water,50.0
21,ag_099_048,fallow,2017,2017-10-06,2017-10-11,615113.668369401,0.75,2.0605739337042905e-13,0.0,0.0,0.0,1.0,42.489999999999995,0.0,0.0,12.20742934,0.0,0.0,0.0,0.37751175175145946,0.0,30.212813377952752,0.0,0.0,12.20742934,0.0,0.0,804.76032430572,804.4525698360154,3.9168668308775523e-13,unvalidated-engineering-priors,fixed independent scenario factor; no N cycle,,,,right_censored,BBCH89_full_ripeness,,,
21,ag_099_048,wheat,2018,2017-10-12,2018-06-10,615113.668369401,0.75,1.1111112030448567e-12,4.149569576838985e-12,0.0,0.0,0.04267140235271844,456.65999999999997,225.0,0.0,278.9077537237247,219.2375381875846,67.04324874187715,0.0,80.75299450544236,0.0,143.23887049290533,225.0,0.0,565.1885406531865,8113.178668860487,19106.578353547677,804.4525698360154,696.9321641844773,3.954947480622195e-12,unvalidated-engineering-priors,fixed independent scenario factor; no N cycle,2018-04-14,2018-05-24,2018-05-24,full_ripeness,BBCH89_full_ripeness,2017-10-12,seed_layer_available_water,50.0
21,ag_099_048,fallow,2018,2018-06-11,2018-06-14,615113.668369401,0.75,1.0480505352461478e-13,0.0,0.0,0.0,1.0,0.0,0.0,0.0,11.088343256621293,0.0,0.0,0.0,0.0,0.0,3.306595743689528,0.0,0.0,11.088343256621293,0.0,0.0,696.9321641844773,682.5372251841665,2.1316282072803006e-14,unvalidated-engineering-priors,fixed independent scenario factor; no N cycle,,,,right_censored,BBCH89_full_ripeness,,,
21,ag_099_048,maize,2018,2018-06-15,2018-10-05,615113.668369401,0.75,9.912071163853398e-13,3.069544618483633e-12,0.0,0.0,0.03354275471250856,421.13,60.0,0.0,19.032081473137037,231.42403074912846,74.86522958148049,0.0,78.0913486570126,0.0,105.76533909343219,60.0,0.0,325.321341803746,7728.83653036204,16031.58898470327,682.5372251841665,654.4891956299765,-8.180123245438153e-13,unvalidated-engineering-priors,fixed independent scenario factor; no N cycle,2018-08-10,2018-09-21,2018-09-21,physiological_maturity,R6_physiological_maturity,2018-06-16,seed_layer_available_water,50.0
21,ag_099_048,fallow,2018,2018-10-06,2018-10-11,615113.668369401,0.75,2.042810365310288e-13,0.0,0.0,0.0,1.0,0.9199999999999999,0.0,0.0,18.714489763113615,0.0,0.0,0.0,0.0,0.0,0.48352486270792416,0.0,0.0,18.714489763113615,0.0,0.0,654.4891956299765,636.2111810041553,-2.9665159217984183e-13,unvalidated-engineering-priors,fixed independent scenario factor; no N cycle,,,,right_censored,BBCH89_full_ripeness,,,
21,ag_099_048,wheat,2019,2018-10-12,2019-06-10,615113.668369401,0.75,1.2458922782343507e-12,3.126388037344441e-12,0.0,0.0,0.04267140235271844,312.57,225.0,0.0,287.37975726589656,219.67342299400562,48.41497693600883,0.0,16.168143677816644,0.0,16.807369315886728,225.0,0.0,555.468157195911,8426.68827223801,19128.532298822727,636.2111810041553,585.3375108145395,1.3404277687811827e-12,unvalidated-engineering-priors,fixed independent scenario factor; no N cycle,2019-04-18,2019-05-27,2019-05-27,full_ripeness,BBCH89_full_ripeness,2018-10-12,seed_layer_available_water,50.0
21,ag_099_048,fallow,2019,2019-06-11,2019-06-14,615113.668369401,0.75,2.2293278334473143e-13,0.0,0.0,0.0,1.0,0.07,0.0,0.0,5.8234881954964886,0.0,0.0,0.0,0.0,0.0,0.08605470880489322,0.0,0.0,5.8234881954964886,0.0,0.0,585.3375108145395,579.4979679102381,4.263256414560601e-14,unvalidated-engineering-priors,fixed independent scenario factor; no N cycle,,,,right_censored,BBCH89_full_ripeness,,,
21,ag_099_048,maize,2019,2019-06-15,2019-10-05,615113.668369401,0.75,8.788525462932739e-13,3.979039320256561e-12,0.0,0.0,0.03354275471250856,302.6,60.0,0.0,17.386356258310215,293.54591194669,66.1318444764648,0.0,5.401690538065532,0.0,9.333532659875576,60.0,0.0,377.064112681465,9177.121719925106,18711.44000777777,579.4979679102381,550.2986320308313,6.833977828080151e-13,unvalidated-engineering-priors,fixed independent scenario factor; no N cycle,2019-08-10,2019-09-22,2019-09-22,physiological_maturity,R6_physiological_maturity,2019-06-16,seed_layer_available_water,50.0
21,ag_099_048,fallow,2019,2019-10-06,2019-10-11,615113.668369401,0.75,1.7252865802674933e-13,0.0,0.0,0.0,1.0,15.930000000000001,0.0,0.0,11.176694,0.0,0.0,0.0,0.0,0.0,0.006008176184103794,0.0,0.0,11.176694,0.0,0.0,550.2986320308313,555.0459298546473,-8.64863736182997e-14,unvalidated-engineering-priors,fixed independent scenario factor; no N cycle,,,,right_censored,BBCH89_full_ripeness,,,
21,ag_099_048,wheat,2020,2019-10-12,2020-06-10,615113.668369401,0.75,6.932232565759477e-13,5.5209170568559784e-12,0.0,0.0,0.04267140235271844,252.18,225.0,0.0,231.10142455760345,223.01321544005486,52.09308952584545,0.0,10.939989884291277,0.0,0.8575359065149732,225.0,0.0,506.20772952350376,8148.969165363071,18739.16484123427,555.0459298546473,514.2206745403362,1.103006574965093e-12,unvalidated-engineering-priors,fixed independent scenario factor; no N cycle,2020-04-12,2020-05-24,2020-05-24,full_ripeness,BBCH89_full_ripeness,2019-10-12,seed_layer_available_water,50.0
21,ag_099_048,fallow,2020,2020-06-11,2020-06-14,615113.668369401,0.75,7.460698725481052e-14,0.0,0.0,0.0,1.0,35.089999999999996,0.0,0.0,11.485734844919168,0.0,0.0,0.0,0.0,0.0,0.004797870483149758,0.0,0.0,11.485734844919168,0.0,0.0,514.2206745403362,537.8201418249339,-4.263256414560601e-14,unvalidated-engineering-priors,fixed independent scenario factor; no N cycle,,,,right_censored,BBCH89_full_ripeness,,,
21,ag_099_048,maize,2020,2020-06-15,2020-10-05,615113.668369401,0.75,8.766321002440236e-13,2.4442670110147446e-12,0.0,0.0,0.03354275471250856,738.0,60.0,0.0,18.793344757166423,170.41471129738326,66.93452348652575,0.0,158.9515204773331,0.0,218.16148425469856,60.0,0.0,256.1425795410754,6665.493361252491,13815.43680508165,537.8201418249339,702.5645575518264,3.927969061123804e-13,unvalidated-engineering-priors,fixed independent scenario factor; no N cycle,2020-08-11,2020-09-22,2020-09-22,physiological_maturity,R6_physiological_maturity,2020-06-15,seed_layer_available_water,50.0
21,ag_099_048,fallow,2020,2020-10-06,2020-10-11,615113.668369401,0.75,1.0436096431476471e-13,0.0,0.0,0.0,1.0,0.03,0.0,0.0,13.2510859,0.0,0.0,0.0,0.0,0.0,0.9119087604811684,0.0,0.0,13.2510859,0.0,0.0,702.5645575518264,688.4315628913452,7.704947790898586e-14,unvalidated-engineering-priors,fixed independent scenario factor; no N cycle,,,,right_censored,BBCH89_full_ripeness,,,
21,ag_099_048,wheat,2021,2020-10-12,2021-06-10,615113.668369401,0.75,9.325873406851315e-13,3.893774191965349e-12,0.0,0.0,0.04267140235271844,414.96,225.0,0.0,261.6605714378707,185.8433068532048,65.45304952996563,0.0,42.25584869639563,0.0,99.73597785198918,225.0,0.0,512.9569278210412,7416.636045507595,17277.109315885955,688.4315628913452,673.4428085219131,6.112776951283649e-12,unvalidated-engineering-priors,fixed independent scenario factor; no N cycle,2021-04-12,2021-05-23,2021-05-23,full_ripeness,BBCH89_full_ripeness,2020-10-12,seed_layer_available_water,50.0
21,ag_099_048,fallow,2021,2021-06-11,2021-06-14,615113.668369401,0.75,2.4868995751603507e-13,0.0,0.0,0.0,1.0,48.949999999999996,0.0,0.0,9.894619607730537,0.0,0.0,0.0,0.0,0.0,2.773088020510052,0.0,0.0,9.894619607730537,0.0,0.0,673.4428085219131,709.7251008936722,2.859934511434403e-13,unvalidated-engineering-priors,fixed independent scenario factor; no N cycle,,,,right_censored,BBCH89_full_ripeness,,,
21,ag_099_048,maize,2021,2021-06-15,2021-10-05,615113.668369401,0.75,1.0320633236915455e-12,2.2453150450019166e-12,0.0,0.0,0.03354275471250856,578.51,60.0,0.0,18.44097039757138,162.7330717631507,90.0539808510333,0.0,52.83433758594255,0.0,307.48827660444624,60.0,0.0,271.2280230117554,7025.81159166381,13733.982436119772,709.7251008936722,716.6844636915308,-2.764677375921565e-12,unvalidated-engineering-priors,fixed independent scenario factor; no N cycle,2021-08-09,2021-09-20,2021-09-20,physiological_maturity,R6_physiological_maturity,2021-06-15,seed_layer_available_water,50.0
21,ag_099_048,fallow,2021,2021-10-06,2021-10-11,615113.668369401,0.75,3.1530333899354446e-13,0.0,0.0,0.0,1.0,12.77,0.0,0.0,10.816151900000001,0.0,0.0,0.0,0.0,0.0,2.4959368584785837,0.0,0.0,10.816151900000001,0.0,0.0,716.6844636915308,716.1423749330525,-2.1471713296250527e-13,unvalidated-engineering-priors,fixed independent scenario factor; no N cycle,,,,right_censored,BBCH89_full_ripeness,,,
21,ag_099_048,wheat,2022,2021-10-12,2022-06-10,615113.668369401,0.75,1.0684786388992507e-12,4.305888978706207e-12,0.0,0.0,0.04267140235271844,366.48,225.0,0.0,268.3674751470595,235.3999601824204,54.09814537900971,0.0,51.97135435558397,0.0,69.6599734602313,225.0,0.0,557.8655807084896,8532.541596129986,19785.92802684637,716.1423749330525,628.1254664087515,-3.990696662015125e-12,unvalidated-engineering-priors,fixed independent scenario factor; no N cycle,2022-04-10,2022-05-20,2022-05-20,full_ripeness,BBCH89_full_ripeness,2021-10-12,seed_layer_available_water,50.0
21,ag_099_048,fallow,2022,2022-06-11,2022-06-14,615113.668369401,0.75,1.9451107391432743e-13,0.0,0.0,0.0,1.0,1.53,0.0,0.0,6.560987430766806,0.0,0.0,0.0,0.0,0.0,0.48091110716719304,0.0,0.0,6.560987430766806,0.0,0.0,628.1254664087515,622.6135678708179,-3.1041835768519377e-13,unvalidated-engineering-priors,fixed independent scenario factor; no N cycle,,,,right_censored,BBCH89_full_ripeness,,,
21,ag_099_048,maize,2022,2022-06-15,2022-10-05,615113.668369401,0.75,9.00612917575927e-13,3.723243935382925e-12,0.0,0.0,0.03354275471250856,469.17,60.0,0.0,22.05782929023945,260.8715512433656,65.37579730141874,0.0,30.98099788754143,0.0,116.92084858052635,60.0,0.0,348.3051778350238,8802.333572475785,17636.076414319996,622.6135678708179,655.5765435677241,2.1747048606357566e-12,unvalidated-engineering-priors,fixed independent scenario factor; no N cycle,2022-08-10,2022-09-23,2022-09-23,physiological_maturity,R6_physiological_maturity,2022-06-16,seed_layer_available_water,50.0
21,ag_099_048,fallow,2022,2022-10-06,2022-10-11,615113.668369401,0.75,2.3447910280083306e-13,0.0,0.0,0.0,1.0,25.27,0.0,0.0,13.6669859,0.0,0.0,0.0,0.0,0.0,0.16527271766828763,0.0,0.0,13.6669859,0.0,0.0,655.5765435677241,667.0142849500553,5.304645611658998e-13,unvalidated-engineering-priors,fixed independent scenario factor; no N cycle,,,,right_censored,BBCH89_full_ripeness,,,
21,ag_099_048,wheat,2023,2022-10-12,2023-06-10,615113.668369401,0.75,1.1324274851176597e-12,2.5579538487363607e-12,0.0,0.0,0.04267140235271844,367.25,225.0,0.0,311.55777136942015,216.3151083899778,47.98847169917444,0.0,19.89224628372873,0.0,19.109147226023417,225.0,0.0,575.8613514585724,7483.528410471258,17158.817747009387,667.0142849500553,644.401539981728,2.7917113065711874e-12,unvalidated-engineering-priors,fixed independent scenario factor; no N cycle,2023-04-13,2023-05-23,2023-05-23,full_ripeness,BBCH89_full_ripeness,2022-10-12,seed_layer_available_water,50.0
21,ag_099_048,fallow,2023,2023-06-11,2023-06-14,615113.668369401,0.75,1.6298074001497298e-13,0.0,0.0,0.0,1.0,5.76,0.0,0.0,13.11573279088669,0.0,0.0,0.0,0.0,0.0,0.25431492730329885,0.0,0.0,13.11573279088669,0.0,0.0,644.401539981728,636.7914922635379,1.2656542480726785e-13,unvalidated-engineering-priors,fixed independent scenario factor; no N cycle,,,,right_censored,BBCH89_full_ripeness,,,
21,ag_099_048,maize,2023,2023-06-15,2023-10-05,615113.668369401,0.75,8.713030297258229e-13,2.0463630789890885e-12,0.0,0.0,0.03354275471250856,647.21,60.0,0.0,18.441667405172268,208.0044741379472,75.16086267070237,0.0,116.32479798645716,0.0,151.81793940281327,60.0,0.0,301.6070042138218,8309.24216683458,16348.416576963411,636.7914922635379,774.2517506604387,6.884492975700596e-12,unvalidated-engineering-priors,fixed independent scenario factor; no N cycle,2023-08-09,2023-09-19,2023-09-19,physiological_maturity,R6_physiological_maturity,2023-06-16,seed_layer_available_water,50.0
21,ag_099_048,fallow,2023,2023-10-06,2023-10-11,615113.668369401,0.75,1.936228954946273e-13,0.0,0.0,0.0,1.0,1.5499999999999998,0.0,0.0,14.1893832,0.0,0.0,0.0,0.0,0.0,12.657682915410652,0.0,0.0,14.1893832,0.0,0.0,774.2517506604387,748.9546845450277,3.312905505481467e-13,unvalidated-engineering-priors,fixed independent scenario factor; no N cycle,,,,right_censored,BBCH89_full_ripeness,,,
21,ag_099_048,wheat,2024,2023-10-12,2024-06-10,615113.668369401,0.75,9.197087535994797e-13,4.263256414560601e-12,0.0,0.0,0.04267140235271844,364.35,225.0,0.0,282.52467019277594,228.04061743262648,59.45149374750386,0.0,53.87468076472386,0.0,92.79777598033944,225.0,0.0,570.0167813729063,9047.889097720306,19867.62656421235,748.9546845450277,621.6154464270579,2.2448709557920665e-13,unvalidated-engineering-priors,fixed independent scenario factor; no N cycle,2024-04-15,2024-05-25,2024-05-25,full_ripeness,BBCH89_full_ripeness,2023-10-12,seed_layer_available_water,50.0
21,ag_099_048,fallow,2024,2024-06-11,2024-06-14,615113.668369401,0.75,7.260858581048524e-14,0.0,0.0,0.0,1.0,0.02,0.0,0.0,3.9221781433525678,0.0,0.0,0.0,0.0,0.0,0.5232512442197368,0.0,0.0,3.9221781433525678,0.0,0.0,621.6154464270579,617.1900170394858,-2.240430063693566e-13,unvalidated-engineering-priors,fixed independent scenario factor; no N cycle,,,,right_censored,BBCH89_full_ripeness,,,
21,ag_099_048,maize,2024,2024-06-15,2024-10-05,615113.668369401,0.75,1.0373923942097463e-12,2.6147972675971687e-12,0.0,0.0,0.03354275471250856,573.12,60.0,0.0,22.543114091391,197.89702743149417,80.50596152528222,0.0,57.79361135050944,0.0,213.84926263947415,60.0,0.0,300.9461030481674,6954.595901020528,14068.529320133679,617.1900170394858,677.7210400013361,-1.1904921493055554e-12,unvalidated-engineering-priors,fixed independent scenario factor; no N cycle,2024-08-09,2024-09-19,2024-09-19,physiological_maturity,R6_physiological_maturity,2024-06-16,seed_layer_available_water,50.0
21,ag_099_048,fallow,2024,2024-10-06,2024-10-11,615113.668369401,0.75,1.8074430840897548e-13,0.0,0.0,0.0,1.0,8.35,0.0,0.0,15.0938332,0.0,0.0,0.0,0.0,0.0,0.6695810338730777,0.0,0.0,15.0938332,0.0,0.0,677.7210400013361,670.3076257674628,1.765254609153999e-13,unvalidated-engineering-priors,fixed independent scenario factor; no N cycle,,,,right_censored,BBCH89_full_ripeness,,,
21,ag_099_048,wheat,2025,2024-10-12,2025-06-10,615113.668369401,0.75,9.983125437429408e-13,4.860112312599085e-12,0.0,0.0,0.04267140235271844,357.48,225.0,0.0,327.99437690526673,292.342001133353,41.608353267943706,0.0,6.400549544042441,0.0,28.124382530914733,225.0,0.0,661.9447313065634,8815.185910981154,20338.922064464525,670.3076257674628,556.3179623859446,-2.4651392038776976e-12,unvalidated-engineering-priors,fixed independent scenario factor; no N cycle,2025-04-12,2025-05-22,2025-05-22,full_ripeness,BBCH89_full_ripeness,2024-10-12,seed_layer_available_water,50.0
21,ag_099_048,fallow,2025,2025-06-11,2025-06-14,615113.668369401,0.75,6.350475700855895e-14,0.0,0.0,0.0,1.0,23.310000000000002,0.0,0.0,9.926811905967138,0.0,0.0,0.0,0.0,0.0,0.01523362732095678,0.0,0.0,9.926811905967138,0.0,0.0,556.3179623859446,569.6859168526565,-1.6431300764452317e-14,unvalidated-engineering-priors,fixed independent scenario factor; no N cycle,,,,right_censored,BBCH89_full_ripeness,,,
21,ag_099_048,maize,2025,2025-06-15,2025-10-05,615113.668369401,0.75,8.713030297258229e-13,3.879563337250147e-12,0.0,0.0,0.03354275471250856,693.18,60.0,0.0,17.100195501886855,192.23734060743772,120.58533879618714,0.0,63.064381766185946,0.0,140.20734572094608,60.0,0.0,329.9228749055117,8018.580511846895,17113.8652551564,569.6859168526565,789.6713144600129,-1.5087930904655877e-13,unvalidated-engineering-priors,fixed independent scenario factor; no N cycle,2025-08-11,2025-09-23,2025-09-23,physiological_maturity,R6_physiological_maturity,2025-06-15,seed_layer_available_water,50.0
21,ag_099_048,fallow,1996,1996-01-01,1996-10-11,615113.668369401,1.0,3.694822225952521e-13,0.0,0.0,0.0,1.0,1099.6,0.0,0.0,694.2960099457056,0.0,0.0,0.0,146.8012446603033,0.0,153.3883869502053,0.0,0.0,694.2960099457056,0.0,0.0,602.822236268816,707.9365947125993,2.495115225542577e-12,unvalidated-engineering-priors,fixed independent scenario factor; no N cycle,,,,right_censored,BBCH89_full_ripeness,,,
21,ag_099_048,wheat,1997,1996-10-12,1997-06-10,615113.668369401,1.0,1.043165553937797e-12,3.325340003357269e-12,0.0,0.0,0.04267140235271844,591.17,300.0,0.0,315.02850550672514,181.66176290753234,52.19691746461677,0.0,143.02189744512384,0.0,236.63560259838323,300.0,0.0,548.8871858788742,7264.035736404304,16916.989576426815,707.9365947125993,670.5619087902198,-1.7990053891026037e-12,unvalidated-engineering-priors,fixed independent scenario factor; no N cycle,1997-04-19,1997-05-28,1997-05-28,full_ripeness,BBCH89_full_ripeness,1996-10-12,seed_layer_available_water,50.0
21,ag_099_048,fallow,1997,1997-06-11,1997-06-14,615113.668369401,1.0,1.425526363618701e-13,0.0,0.0,0.0,1.0,0.32,0.0,0.0,10.940007124636717,0.0,0.0,0.0,0.0,0.0,1.4996579689394398,0.0,0.0,10.940007124636717,0.0,0.0,670.5619087902198,658.4422436966436,1.0302869668521453e-13,unvalidated-engineering-priors,fixed independent scenario factor; no N cycle,,,,right_censored,BBCH89_full_ripeness,,,
21,ag_099_048,maize,1997,1997-06-15,1997-10-05,615113.668369401,1.0,9.57900425646585e-13,3.581135388230905e-12,0.0,0.0,0.03354275471250856,422.09,80.0,0.0,19.42870542265526,237.1800392056015,78.63951100374811,0.0,88.03040223491239,0.0,148.76845657904408,80.0,0.0,335.2482556320048,9448.769479139197,18068.52358649676,658.4422436966436,588.4851292506843,-2.0407009415635002e-12,unvalidated-engineering-priors,fixed independent scenario factor; no N cycle,1997-08-10,1997-09-24,1997-09-24,physiological_maturity,R6_physiological_maturity,1997-06-16,seed_layer_available_water,50.0
21,ag_099_048,fallow,1997,1997-10-06,1997-10-11,615113.668369401,1.0,1.8429702208777599e-13,0.0,0.0,0.0,1.0,0.26,0.0,0.0,15.171406698819915,0.0,0.0,0.0,0.0,0.0,0.08174230577570121,0.0,0.0,15.171406698819915,0.0,0.0,588.4851292506843,573.4919802460886,7.638334409421077e-14,unvalidated-engineering-priors,fixed independent scenario factor; no N cycle,,,,right_censored,BBCH89_full_ripeness,,,
21,ag_099_048,wheat,1998,1997-10-12,1998-06-10,615113.668369401,1.0,1.0293987884324451e-12,3.0269120543380268e-12,0.0,0.0,0.04267140235271844,785.3,300.0,0.0,327.52449699876706,154.7343139754499,72.7809004066349,0.0,207.4467999900387,0.0,168.77506817478888,300.0,0.0,555.0397113808518,6662.46919396096,15842.82356631238,573.4919802460886,727.5304007004133,-4.1698866581896255e-12,unvalidated-engineering-priors,fixed independent scenario factor; no N cycle,1998-04-21,1998-05-31,1998-05-31,full_ripeness,BBCH89_full_ripeness,1997-10-13,seed_layer_available_water,50.0
21,ag_099_048,fallow,1998,1998-06-11,1998-06-14,615113.668369401,1.0,1.092459456231154e-13,0.0,0.0,0.0,1.0,8.49,0.0,0.0,14.93548305976323,0.0,0.0,0.0,0.0,0.0,6.27404576980172,0.0,0.0,14.93548305976323,0.0,0.0,727.5304007004133,714.8108718708484,2.930988785010413e-14,unvalidated-engineering-priors,fixed independent scenario factor; no N cycle,,,,right_censored,BBCH89_full_ripeness,,,
21,ag_099_048,maize,1998,1998-06-15,1998-10-05,615113.668369401,1.0,1.050270981295398e-12,2.1316282072803006e-12,0.0,0.0,0.03354275471250856,687.6899999999999,80.0,0.0,19.964422043069067,180.89086330601364,103.78469626066342,0.0,153.01385458012604,0.0,361.65701354630636,80.0,0.0,304.63998160974614,7934.619023477663,14977.769103191646,714.8108718708484,663.1900221346713,-1.4150902671872245e-12,unvalidated-engineering-priors,fixed independent scenario factor; no N cycle,1998-08-08,1998-09-18,1998-09-18,physiological_maturity,R6_physiological_maturity,1998-06-15,seed_layer_available_water,50.0
21,ag_099_048,fallow,1998,1998-10-06,1998-10-11,615113.668369401,1.0,1.0969003483296547e-13,0.0,0.0,0.0,1.0,0.81,0.0,0.0,15.526530621616919,0.0,0.0,0.0,0.0,0.0,0.8254678558596179,0.0,0.0,15.526530621616919,0.0,0.0,663.1900221346713,647.6480236571948,-8.304468224196171e-14,unvalidated-engineering-priors,fixed independent scenario factor; no N cycle,,,,right_censored,BBCH89_full_ripeness,,,
21,ag_099_048,wheat,1999,1998-10-12,1999-06-10,615113.668369401,1.0,1.1866063687193673e-12,4.661160346586257e-12,0.0,0.0,0.04267140235271844,338.57,300.0,0.0,251.7780948073041,188.49256955975002,63.91839274550223,0.0,96.1883987416665,0.0,30.447843373293946,300.0,0.0,504.1890571125563,7316.932441481074,17103.317190313923,647.6480236571948,655.3927244296755,2.569666701646156e-12,unvalidated-engineering-priors,fixed independent scenario factor; no N cycle,1999-04-15,1999-05-24,1999-05-24,full_ripeness,BBCH89_full_ripeness,1998-10-12,seed_layer_available_water,50.0
21,ag_099_048,fallow,1999,1999-06-11,1999-06-14,615113.668369401,1.0,1.163513729807164e-13,0.0,0.0,0.0,1.0,3.82,0.0,0.0,6.216539062240807,0.0,0.0,0.0,0.0,0.0,1.0978507918150229,0.0,0.0,6.216539062240807,0.0,0.0,655.3927244296755,651.8983345756195,1.234568003383174e-13,unvalidated-engineering-priors,fixed independent scenario factor; no N cycle,,,,right_censored,BBCH89_full_ripeness,,,
21,ag_099_048,maize,1999,1999-06-15,1999-10-05,615113.668369401,1.0,1.0178524689763435e-12,3.069544618483633e-12,0.0,0.0,0.03354275471250856,330.17,80.0,0.0,20.57756486861721,213.92533167868476,72.76215944683794,0.0,17.855097869440396,0.0,91.96047949000857,80.0,0.0,307.2650559941399,7756.777110671324,15592.0983129282,651.8983345756195,644.9877012220339,-3.2772673463909996e-12,unvalidated-engineering-priors,fixed independent scenario factor; no N cycle,1999-08-12,1999-09-25,1999-09-25,physiological_maturity,R6_physiological_maturity,1999-06-16,seed_layer_available_water,50.0
21,ag_099_048,fallow,1999,1999-10-06,1999-10-11,615113.668369401,1.0,1.780797731498751e-13,0.0,0.0,0.0,1.0,7.02,0.0,0.0,13.503175500000001,0.0,0.0,0.0,0.0,0.0,0.09209503768292696,0.0,0.0,13.503175500000001,0.0,0.0,644.9877012220339,638.4124306843512,-1.8895995879120164e-13,unvalidated-engineering-priors,fixed independent scenario factor; no N cycle,,,,right_censored,BBCH89_full_ripeness,,,
21,ag_099_048,wheat,2000,1999-10-12,2000-06-10,615113.668369401,1.0,7.540634783254063e-13,4.774847184307873e-12,0.0,0.0,0.04267140235271844,426.53,300.0,0.0,298.8455293301294,279.6431673712173,41.34878874129118,0.0,90.00554568017155,0.0,39.430071384345815,300.0,0.0,619.8374854426379,9461.849516730557,21176.000821197063,638.4124306843512,615.6693281771973,-1.2819745265346683e-12,unvalidated-engineering-priors,fixed independent scenario factor; no N cycle,2000-04-17,2000-05-25,2000-05-25,full_ripeness,BBCH89_full_ripeness,1999-10-12,seed_layer_available_water,50.0
21,ag_099_048,fallow,2000,2000-06-11,2000-06-14,615113.668369401,1.0,1.5365486660812167e-13,0.0,0.0,0.0,1.0,0.72,0.0,0.0,13.333248178548551,0.0,0.0,0.0,0.0,0.0,0.052224967475839275,0.0,0.0,13.333248178548551,0.0,0.0,615.6693281771973,603.003855031173,-1.0746958878371515e-13,unvalidated-engineering-priors,fixed independent scenario factor; no N cycle,,,,right_censored,BBCH89_full_ripeness,,,
21,ag_099_048,maize,2000,2000-06-15,2000-10-05,615113.668369401,1.0,6.501466032204917e-13,2.2737367544323206e-12,0.0,0.0,0.03354275471250856,766.89,80.0,0.0,21.780897370676744,127.76821070726626,89.54374639312569,0.0,121.17419004220694,0.0,310.8773687286422,80.0,0.0,239.0928544710687,6647.811110424284,12541.97186563045,603.003855031173,778.7494417892565,-1.3576362256628727e-12,unvalidated-engineering-priors,fixed independent scenario factor; no N cycle,2000-08-09,2000-09-20,2000-09-20,physiological_maturity,R6_physiological_maturity,2000-06-16,seed_layer_available_water,50.0
21,ag_099_048,fallow,2000,2000-10-06,2000-10-11,615113.668369401,1.0,2.282618538629322e-13,0.0,0.0,0.0,1.0,13.17,0.0,0.0,15.577848399999997,0.0,0.0,0.0,0.0,0.0,15.782765045232672,0.0,0.0,15.577848399999997,0.0,0.0,778.7494417892565,760.5588283440242,-3.552713678800501e-13,unvalidated-engineering-priors,fixed independent scenario factor; no N cycle,,,,right_censored,BBCH89_full_ripeness,,,
21,ag_099_048,wheat,2001,2000-10-12,2001-06-10,615113.668369401,1.0,1.1226575225009583e-12,3.424815986363683e-12,0.0,0.0,0.04267140235271844,416.41,300.0,0.0,322.4741551206344,186.81720240230862,42.48609486327278,0.0,97.1396248599779,0.0,189.71851073447814,300.0,0.0,551.7774523862158,7384.633013822576,16585.54342835782,760.5588283440242,638.3332403633582,-5.8539839642435254e-12,unvalidated-engineering-priors,fixed independent scenario factor; no N cycle,2001-04-17,2001-05-27,2001-05-27,full_ripeness,BBCH89_full_ripeness,2000-10-12,seed_layer_available_water,50.0
21,ag_099_048,fallow,2001,2001-06-11,2001-06-14,615113.668369401,1.0,2.504663143554353e-13,0.0,0.0,0.0,1.0,5.64,0.0,0.0,16.830098846892827,0.0,0.0,0.0,0.0,0.0,0.3618766947376304,0.0,0.0,16.830098846892827,0.0,0.0,638.3332403633582,626.781264821728,-2.4646951146678475e-13,unvalidated-engineering-priors,fixed independent scenario factor; no N cycle,,,,right_censored,BBCH89_full_ripeness,,,
21,ag_099_048,maize,2001,2001-06-15,2001-10-05,615113.668369401,1.0,8.739675649849232e-13,5.5138116294983774e-12,0.0,0.0,0.03354275471250856,210.65,80.0,0.0,18.593995178851607,298.50250857978926,75.69406402867953,0.0,18.202718696251715,0.0,25.876031196987462,80.0,0.0,392.7905677873204,9675.17944968492,19132.497114950544,626.781264821728,480.56194714116907,-6.893374759897597e-13,unvalidated-engineering-priors,fixed independent scenario factor; no N cycle,2001-08-10,2001-09-20,2001-09-20,physiological_maturity,R6_physiological_maturity,2001-06-15,seed_layer_available_water,50.0
21,ag_099_048,fallow,2001,2001-10-06,2001-10-11,615113.668369401,1.0,6.128431095930864e-14,0.0,0.0,0.0,1.0,5.3,0.0,0.0,11.663041038051913,0.0,0.0,0.0,0.0,0.0,0.006090884496046029,0.0,0.0,11.663041038051913,0.0,0.0,480.56194714116907,474.19281521862115,-3.7969627442180354e-14,unvalidated-engineering-priors,fixed independent scenario factor; no N cycle,,,,right_censored,BBCH89_full_ripeness,,,
21,ag_099_048,wheat,2002,2001-10-12,2002-06-10,615113.668369401,1.0,1.1750600492632657e-12,4.064304448547773e-12,0.0,0.0,0.04267140235271844,554.61,300.0,0.0,264.5088233396252,165.68060960219555,73.49027328599493,0.0,120.28843826777161,0.0,17.77428033417641,300.0,0.0,503.6797062278157,6753.869382203891,16807.32511544337,474.19281521862115,687.0603903888546,2.8573809984777654e-12,unvalidated-engineering-priors,fixed independent scenario factor; no N cycle,2002-04-10,2002-05-24,2002-05-24,full_ripeness,BBCH89_full_ripeness,2001-10-13,seed_layer_available_water,50.0
21,ag_099_048,fallow,2002,2002-06-11,2002-06-14,615113.668369401,1.0,1.5187850976872141e-13,0.0,0.0,0.0,1.0,0.0,0.0,0.0,18.3171144868272,0.0,0.0,0.0,0.0,0.0,1.8770082984262393,0.0,0.0,18.3171144868272,0.0,0.0,687.0603903888546,666.8662676036012,-4.263256414560601e-14,unvalidated-engineering-priors,fixed independent scenario factor; no N cycle,,,,right_censored,BBCH89_full_ripeness,,,
21,ag_099_048,maize,2002,2002-06-15,2002-10-05,615113.668369401,1.0,9.9298347322474e-13,2.6147972675971687e-12,0.0,0.0,0.03354275471250856,680.97,80.0,0.0,19.20152373407502,197.67668030947922,82.39202692541512,0.0,256.5880728881046,0.0,207.17507559864853,80.0,0.0,299.2702309689694,8830.787699863231,16368.208662896202,666.8662676036012,664.8028881478741,4.597433544972773e-12,unvalidated-engineering-priors,fixed independent scenario factor; no N cycle,2002-08-11,2002-09-26,2002-09-26,physiological_maturity,R6_physiological_maturity,2002-06-16,seed_layer_available_water,50.0
21,ag_099_048,fallow,2002,2002-10-06,2002-10-11,615113.668369401,1.0,1.0480505352461478e-13,0.0,0.0,0.0,1.0,0.0,0.0,0.0,18.447012373042497,0.0,0.0,0.0,0.0,0.0,0.7414436563010421,0.0,0.0,18.447012373042497,0.0,0.0,664.8028881478741,645.6144321185308,-1.9539925233402755e-13,unvalidated-engineering-priors,fixed independent scenario factor; no N cycle,,,,right_censored,BBCH89_full_ripeness,,,
21,ag_099_048,wheat,2003,2002-10-12,2003-06-10,615113.668369401,1.0,8.246736626915663e-13,2.682298827494378e-12,0.0,0.0,0.04267140235271844,514.5,300.0,0.0,275.2834428209924,155.20828208448688,69.45667992680514,0.0,129.75506385556625,0.0,161.22301029141187,300.0,0.0,499.94840483228444,6620.238788896963,15558.871869877628,645.6144321185308,669.1879531392653,2.8750335445693054e-12,unvalidated-engineering-priors,fixed independent scenario factor; no N cycle,2003-04-22,2003-05-30,2003-05-30,full_ripeness,BBCH89_full_ripeness,2002-10-12,seed_layer_available_water,50.0
21,ag_099_048,fallow,2003,2003-06-11,2003-06-14,615113.668369401,1.0,3.0020430585864233e-13,0.0,0.0,0.0,1.0,11.120000000000001,0.0,0.0,14.570167090085937,0.0,0.0,0.0,0.0,0.0,2.012820339201242,0.0,0.0,14.570167090085937,0.0,0.0,669.1879531392653,663.7249657099783,-1.0880185641326534e-13,unvalidated-engineering-priors,fixed independent scenario factor; no N cycle,,,,right_censored,BBCH89_full_ripeness,,,
21,ag_099_048,maize,2003,2003-06-15,2003-10-05,615113.668369401,1.0,9.912071163853398e-13,2.2950530365051236e-12,0.0,0.0,0.03354275471250856,978.8199999999999,80.0,0.0,19.982020241565973,109.88310925842633,84.10380697266235,0.0,239.78976818552005,0.0,491.09627640108073,80.0,0.0,213.96893647265466,6251.964223063703,11566.616666239617,663.7249657099783,777.6899846507257,-2.8606006452491783e-12,unvalidated-engineering-priors,fixed independent scenario factor; no N cycle,2003-08-12,2003-09-28,2003-09-28,physiological_maturity,R6_physiological_maturity,2003-06-16,seed_layer_available_water,50.0
21,ag_099_048,fallow,2003,2003-10-06,2003-10-11,615113.668369401,1.0,2.0605739337042905e-13,0.0,0.0,0.0,1.0,75.24,0.0,0.0,11.526430600000001,0.0,0.0,0.0,28.35550475006265,0.0,10.945677404018868,0.0,0.0,11.526430600000001,0.0,0.0,777.6899846507257,802.1023718966441,1.2878587085651816e-13,unvalidated-engineering-priors,fixed independent scenario factor; no N cycle,,,,right_censored,BBCH89_full_ripeness,,,
21,ag_099_048,wheat,2004,2003-10-12,2004-06-10,615113.668369401,1.0,9.747758156208874e-13,7.02016222930979e-12,0.0,0.0,0.04267140235271844,406.76,300.0,0.0,333.5490353858458,228.40830944904954,57.38335608928785,0.0,124.8079246621933,0.0,116.05751122568817,300.0,0.0,619.3407009241832,8456.62772854978,19660.69898191608,802.1023718966441,648.6562350845809,-1.5125678487493133e-12,unvalidated-engineering-priors,fixed independent scenario factor; no N cycle,2004-04-12,2004-05-21,2004-05-21,full_ripeness,BBCH89_full_ripeness,2003-10-12,seed_layer_available_water,50.0
21,ag_099_048,fallow,2004,2004-06-11,2004-06-14,615113.668369401,1.0,2.19824158875781e-13,0.0,0.0,0.0,1.0,43.69,0.0,0.0,9.271188023378489,0.0,0.0,0.0,0.0,0.0,0.39274602789529434,0.0,0.0,9.271188023378489,0.0,0.0,648.6562350845809,682.6823010333073,-2.353672812205332e-13,unvalidated-engineering-priors,fixed independent scenario factor; no N cycle,,,,right_censored,BBCH89_full_ripeness,,,
21,ag_099_048,maize,2004,2004-06-15,2004-10-05,615113.668369401,1.0,8.482103908136196e-13,4.945377440890297e-12,0.0,0.0,0.03354275471250856,608.57,80.0,0.0,15.851032183562364,205.111436617284,108.37865604203475,0.0,175.38564902080387,0.0,170.85290780604885,80.0,0.0,329.34112484288113,9731.761079958811,18492.521633130567,682.6823010333073,695.6726193635745,-1.009137218233036e-12,unvalidated-engineering-priors,fixed independent scenario factor; no N cycle,2004-08-10,2004-09-25,2004-09-25,physiological_maturity,R6_physiological_maturity,2004-06-15,seed_layer_available_water,50.0
21,ag_099_048,fallow,2004,2004-10-06,2004-10-11,615113.668369401,1.0,1.8474111129762605e-13,0.0,0.0,0.0,1.0,0.01,0.0,0.0,17.676287878256726,0.0,0.0,0.0,0.0,0.0,1.4845252545369139,0.0,0.0,17.676287878256726,0.0,0.0,695.6726193635745,676.5218062307813,-3.9523939676655573e-13,unvalidated-engineering-priors,fixed independent scenario factor; no N cycle,,,,right_censored,BBCH89_full_ripeness,,,
21,ag_099_048,wheat,2005,2004-10-12,2005-06-10,615113.668369401,1.0,1.2860823517257813e-12,4.376943252282217e-12,0.0,0.0,0.04267140235271844,395.83,300.0,0.0,232.25395654596167,241.84582222407266,76.38954237273033,0.0,73.93065473667903,0.0,40.129734732594834,300.0,0.0,550.4893211427647,8955.330445309133,21437.630747045638,676.5218062307813,707.8020956187412,1.5718537582642966e-12,unvalidated-engineering-priors,fixed independent scenario factor; no N cycle,2005-04-24,2005-05-31,2005-05-31,full_ripeness,BBCH89_full_ripeness,2004-10-12,seed_layer_available_water,50.0
21,ag_099_048,fallow,2005,2005-06-11,2005-06-14,615113.668369401,1.0,1.2168044349891716e-13,0.0,0.0,0.0,1.0,0.0,0.0,0.0,23.711840198819157,0.0,0.0,0.0,0.0,0.0,0.8906450853774431,0.0,0.0,23.711840198819157,0.0,0.0,707.8020956187412,683.1996103345446,3.197442310920451e-14,unvalidated-engineering-priors,fixed independent scenario factor; no N cycle,,,,right_censored,BBCH89_full_ripeness,,,
21,ag_099_048,maize,2005,2005-06-15,2005-10-05,615113.668369401,1.0,8.384404281969182e-13,2.3021584638627246e-12,0.0,0.0,0.03354275471250856,912.67,80.0,0.0,18.152366589452672,142.4354750639451,116.28076641370713,0.0,254.14997283992997,0.0,363.92366721368825,80.0,0.0,276.8686080671049,7056.084174546857,14642.512560582996,683.1996103345446,780.9273622138203,1.1887157924661551e-12,unvalidated-engineering-priors,fixed independent scenario factor; no N cycle,2005-08-08,2005-09-22,2005-09-22,physiological_maturity,R6_physiological_maturity,2005-06-15,seed_layer_available_water,50.0
21,ag_099_048,fallow,2005,2005-10-06,2005-10-11,615113.668369401,1.0,1.6697754290362354e-13,0.0,0.0,0.0,1.0,3.69,0.0,0.0,18.520511699999993,0.0,0.0,0.0,0.0,0.0,16.585803256412262,0.0,0.0,18.520511699999993,0.0,0.0,780.9273622138203,749.5110472574079,1.5143442055887135e-13,unvalidated-engineering-priors,fixed independent scenario factor; no N cycle,,,,right_censored,BBCH89_full_ripeness,,,
21,ag_099_048,wheat,2006,2005-10-12,2006-06-10,615113.668369401,1.0,9.57456336436735e-13,5.286437954055145e-12,0.0,0.0,0.04267140235271844,273.54,300.0,0.0,246.2821380506495,256.678965006672,55.26231147382313,0.0,76.03839291742213,0.0,81.46840603058612,300.0,0.0,558.2234145311446,9156.697535381056,21487.769345514098,749.5110472574079,607.3208337782567,-1.66644475996236e-12,unvalidated-engineering-priors,fixed independent scenario factor; no N cycle,2006-04-18,2006-05-27,2006-05-27,full_ripeness,BBCH89_full_ripeness,2005-10-12,seed_layer_available_water,50.0
21,ag_099_048,fallow,2006,2006-06-11,2006-06-14,615113.668369401,1.0,6.572520305780927e-14,0.0,0.0,0.0,1.0,5.6899999999999995,0.0,0.0,6.518181215530556,0.0,0.0,0.0,0.0,0.0,0.23375404527411953,0.0,0.0,6.518181215530556,0.0,0.0,607.3208337782567,606.2588985174519,4.0190073491430667e-14,unvalidated-engineering-priors,fixed independent scenario factor; no N cycle,,,,right_censored,BBCH89_full_ripeness,,,
21,ag_099_048,maize,2006,2006-06-15,2006-10-05,615113.668369401,1.0,1.141309269314661e-12,2.6147972675971687e-12,0.0,0.0,0.03354275471250856,471.99,80.0,0.0,22.509936134047237,154.97515144392904,98.062871994266,0.0,12.07196398631948,0.0,170.11803247778843,80.0,0.0,275.5479595722423,7392.852077321493,14886.729780791833,606.2588985174519,700.5109424811121,-1.0375478254331938e-11,unvalidated-engineering-priors,fixed independent scenario factor; no N cycle,2006-08-09,2006-09-23,2006-09-23,physiological_maturity,R6_physiological_maturity,2006-06-16,seed_layer_available_water,50.0
21,ag_099_048,fallow,2006,2006-10-06,2006-10-11,615113.668369401,1.0,1.2301271112846734e-13,0.0,0.0,0.0,1.0,0.36,0.0,0.0,18.89045733979173,0.0,0.0,0.0,0.0,0.0,1.3826607485569304,0.0,0.0,18.89045733979173,0.0,0.0,700.5109424811121,680.5978243927634,5.10702591327572e-14,unvalidated-engineering-priors,fixed independent scenario factor; no N cycle,,,,right_censored,BBCH89_full_ripeness,,,
21,ag_099_048,wheat,2007,2006-10-12,2007-06-10,615113.668369401,1.0,1.0094147739891923e-12,5.286437954055145e-12,0.0,0.0,0.04267140235271844,345.03000000000003,300.0,0.0,301.54125982342504,229.71204439124625,59.40798035090828,0.0,87.32534432329825,0.0,37.409226050110995,300.0,0.0,590.6612845655796,8940.6258084274,20101.934390581584,680.5978243927634,610.2319694537765,-1.9482193636122247e-12,unvalidated-engineering-priors,fixed independent scenario factor; no N cycle,2007-04-15,2007-05-25,2007-05-25,full_ripeness,BBCH89_full_ripeness,2006-10-12,seed_layer_available_water,50.0
21,ag_099_048,fallow,2007,2007-06-11,2007-06-14,615113.668369401,1.0,8.060219158778636e-14,0.0,0.0,0.0,1.0,0.02,0.0,0.0,5.768225717062695,0.0,0.0,0.0,0.0,0.0,0.18662680903795645,0.0,0.0,5.768225717062695,0.0,0.0,610.2319694537765,604.2971169276759,-5.1958437552457326e-14,unvalidated-engineering-priors,fixed independent scenario factor; no N cycle,,,,right_censored,BBCH89_full_ripeness,,,
21,ag_099_048,maize,2007,2007-06-15,2007-10-05,615113.668369401,1.0,1.0436096431476471e-12,2.5863755581667647e-12,0.0,0.0,0.03354275471250856,799.02,80.0,0.0,21.039820059919546,145.5248332287755,84.94003990440103,0.0,144.28791525026818,0.0,386.8014131326327,80.0,0.0,251.50469319309605,6832.279492257003,13350.51898714491,604.2971169276759,700.7230953516777,1.2999601395335958e-12,unvalidated-engineering-priors,fixed independent scenario factor; no N cycle,2007-08-11,2007-09-23,2007-09-23,physiological_maturity,R6_physiological_maturity,2007-06-16,seed_layer_available_water,50.0
21,ag_099_048,fallow,2007,2007-10-06,2007-10-11,615113.668369401,1.0,3.197442310920451e-13,0.0,0.0,0.0,1.0,0.03,0.0,0.0,20.17046544432211,0.0,0.0,0.0,0.0,0.0,1.8203923560718485,0.0,0.0,20.17046544432211,0.0,0.0,700.7230953516777,678.7622375512834,2.913225216616411e-13,unvalidated-engineering-priors,fixed independent scenario factor; no N cycle,,,,right_censored,BBCH89_full_ripeness,,,
21,ag_099_048,wheat,2008,2007-10-12,2008-06-10,615113.668369401,1.0,8.832934383917745e-13,5.201172825763933e-12,0.0,0.0,0.04267140235271844,430.25,300.0,0.0,257.70297716575647,255.81256888555816,58.727617914093045,0.0,117.23047027930149,0.0,57.93719597170043,300.0,0.0,572.2431639654077,10198.931261355929,22672.01284801797,678.7622375512834,661.6014073348742,-4.1877612488860905e-13,unvalidated-engineering-priors,fixed independent scenario factor; no N cycle,2008-04-18,2008-05-28,2008-05-28,full_ripeness,BBCH89_full_ripeness,2007-10-12,seed_layer_available_water,50.0
21,ag_099_048,fallow,2008,2008-06-11,2008-06-14,615113.668369401,1.0,1.234568003383174e-13,0.0,0.0,0.0,1.0,1.51,0.0,0.0,7.477971812649452,0.0,0.0,0.0,0.0,0.0,1.172845140285517,0.0,0.0,7.477971812649452,0.0,0.0,661.6014073348742,654.4605903819393,1.3766765505351941e-14,unvalidated-engineering-priors,fixed independent scenario factor; no N cycle,,,,right_censored,BBCH89_full_ripeness,,,
21,ag_099_048,maize,2008,2008-06-15,2008-10-05,615113.668369401,1.0,1.404654170755748e-12,2.5579538487363607e-12,0.0,0.0,0.03354275471250856,617.89,80.0,0.0,17.798329662966815,154.5921189187914,89.59742789509868,0.0,61.503544947479114,0.0,299.4705403041792,80.0,0.0,261.9878764768569,7792.733874223705,14671.14858141625,654.4605903819393,729.3886286534251,-1.119992987241858e-12,unvalidated-engineering-priors,fixed independent scenario factor; no N cycle,2008-08-10,2008-09-22,2008-09-22,physiological_maturity,R6_physiological_maturity,2008-06-16,seed_layer_available_water,50.0
21,ag_099_048,fallow,2008,2008-10-06,2008-10-11,615113.668369401,1.0,1.3367085216486885e-13,0.0,0.0,0.0,1.0,0.21000000000000002,0.0,0.0,14.821354499999998,0.0,0.0,0.0,0.0,0.0,3.6524628493613744,0.0,0.0,14.821354499999998,0.0,0.0,729.3886286534251,711.1248113040638,2.6645352591003757e-15,unvalidated-engineering-priors,fixed independent scenario factor; no N cycle,,,,right_censored,BBCH89_full_ripeness,,,
21,ag_099_048,wheat,2009,2008-10-12,2009-06-10,615113.668369401,1.0,9.228173780684301e-13,3.645084234449314e-12,0.0,0.0,0.04267140235271844,321.76,300.0,0.0,295.1282001067667,217.6007553706299,55.95520301118583,0.0,51.25621930913124,0.0,57.31968801904864,300.0,0.0,568.6841584885825,8214.636200931205,18503.525015684954,711.1248113040638,655.6247454873062,-4.7979398232200765e-12,unvalidated-engineering-priors,fixed independent scenario factor; no N cycle,2009-04-15,2009-05-24,2009-05-24,full_ripeness,BBCH89_full_ripeness,2008-10-12,seed_layer_available_water,50.0
21,ag_099_048,fallow,2009,2009-06-11,2009-06-14,615113.668369401,1.0,1.0169642905566434e-13,0.0,0.0,0.0,1.0,0.5700000000000001,0.0,0.0,11.080713532949662,0.0,0.0,0.0,0.0,0.0,0.5990650595905993,0.0,0.0,11.080713532949662,0.0,0.0,655.6247454873062,644.514966894766,-2.353672812205332e-14,unvalidated-engineering-priors,fixed independent scenario factor; no N cycle,,,,right_censored,BBCH89_full_ripeness,,,
21,ag_099_048,maize,2009,2009-06-15,2009-10-05,615113.668369401,1.0,1.2008172234345693e-12,2.8421709430404007e-12,0.0,0.0,0.03354275471250856,397.37,80.0,0.0,18.105115470566872,199.6755279782305,81.59399878531023,0.0,7.419917346042936,0.0,101.4593851912093,80.0,0.0,299.37464223410757,8007.168598202941,15822.396818454872,644.514966894766,713.6310221234071,-9.577894033441225e-13,unvalidated-engineering-priors,fixed independent scenario factor; no N cycle,2009-08-10,2009-09-25,2009-09-25,physiological_maturity,R6_physiological_maturity,2009-06-16,seed_layer_available_water,50.0
21,ag_099_048,fallow,2009,2009-10-06,2009-10-11,615113.668369401,1.0,1.7896795156957523e-13,0.0,0.0,0.0,1.0,1.85,0.0,0.0,17.154950999999997,0.0,0.0,0.0,0.0,0.0,2.3587265140162597,0.0,0.0,17.154950999999997,0.0,0.0,713.6310221234071,695.9673446093908,2.7533531010703882e-14,unvalidated-engineering-priors,fixed independent scenario factor; no N cycle,,,,right_censored,BBCH89_full_ripeness,,,
21,ag_099_048,wheat,2010,2009-10-12,2010-06-10,615113.668369401,1.0,1.1519674103510624e-12,3.495870259939693e-12,0.0,0.0,0.04267140235271844,438.37,300.0,0.0,283.1132342516133,209.8719297265045,65.98258007408451,0.0,95.14505498607791,0.0,67.16391089861632,300.0,0.0,558.9677440522023,8163.1840418697775,18993.429566028877,695.9673446093908,713.0606346724973,-2.945976795842853e-12,unvalidated-engineering-priors,fixed independent scenario factor; no N cycle,2010-04-29,2010-06-06,2010-06-06,full_ripeness,BBCH89_full_ripeness,2009-10-12,seed_layer_available_water,50.0
21,ag_099_048,fallow,2010,2010-06-11,2010-06-14,615113.668369401,1.0,6.838973831690964e-14,0.0,0.0,0.0,1.0,0.09,0.0,0.0,20.159950974224444,0.0,0.0,0.0,0.0,0.0,0.9944193299741283,0.0,0.0,20.159950974224444,0.0,0.0,713.0606346724973,691.9962643682987,-5.3290705182007514e-14,unvalidated-engineering-priors,fixed independent scenario factor; no N cycle,,,,right_censored,BBCH89_full_ripeness,,,
21,ag_099_048,maize,2010,2010-06-15,2010-10-05,615113.668369401,1.0,1.1084466677857563e-12,3.751665644813329e-12,0.0,0.0,0.03354275471250856,445.4,80.0,0.0,18.522177841720126,175.1197983990477,111.01161608741664,0.0,40.01961484721659,0.0,154.50669885503422,80.0,0.0,304.65359232818446,7601.219191462543,15577.854411159233,691.9962643682987,718.2163583378612,2.320588166071502e-12,unvalidated-engineering-priors,fixed independent scenario factor; no N cycle,2010-08-08,2010-09-20,2010-09-20,physiological_maturity,R6_physiological_maturity,2010-06-15,seed_layer_available_water,50.0
21,ag_099_048,fallow,2010,2010-10-06,2010-10-11,615113.668369401,1.0,1.4477308241112041e-13,0.0,0.0,0.0,1.0,0.6,0.0,0.0,20.708562213637617,0.0,0.0,0.0,0.0,0.0,2.69970325494747,0.0,0.0,20.708562213637617,0.0,0.0,718.2163583378612,695.4080928692761,3.9968028886505635e-15,unvalidated-engineering-priors,fixed independent scenario factor; no N cycle,,,,right_censored,BBCH89_full_ripeness,,,
21,ag_099_048,wheat,2011,2010-10-12,2011-06-10,615113.668369401,1.0,6.616929226765933e-13,3.282707439211663e-12,0.0,0.0,0.04267140235271844,152.6,300.0,0.0,223.78698880542504,306.13081827034904,32.21202427445395,0.0,29.669887488029843,0.0,42.928133253228964,300.0,0.0,562.1298313502281,8859.541545687587,20273.180416901563,695.4080928692761,513.2802407777891,9.348077867343818e-14,unvalidated-engineering-priors,fixed independent scenario factor; no N cycle,2011-04-19,2011-05-30,2011-05-30,full_ripeness,BBCH89_full_ripeness,2010-10-12,seed_layer_available_water,50.0
21,ag_099_048,fallow,2011,2011-06-11,2011-06-14,615113.668369401,1.0,8.348877145181177e-14,0.0,0.0,0.0,1.0,21.4,0.0,0.0,7.537112749481315,0.0,0.0,0.0,0.0,0.0,0.004291885025802754,0.0,0.0,7.537112749481315,0.0,0.0,513.2802407777891,527.1388361432819,1.2234657731369225e-13,unvalidated-engineering-priors,fixed independent scenario factor; no N cycle,,,,right_censored,BBCH89_full_ripeness,,,
21,ag_099_048,maize,2011,2011-06-15,2011-10-05,615113.668369401,1.0,1.0789147353307271e-12,3.439026841078885e-12,0.0,0.0,0.03354275471250856,406.55,80.0,0.0,18.96003957441211,169.20672769344574,96.16786306163365,0.0,1.8314584936698708,0.0,30.975741084688128,80.0,0.0,284.3346303294915,7493.64192890605,14965.240973297143,527.1388361432819,696.54700623543,2.3635537971244958e-12,unvalidated-engineering-priors,fixed independent scenario factor; no N cycle,2011-08-10,2011-09-27,2011-09-27,physiological_maturity,R6_physiological_maturity,2011-06-15,seed_layer_available_water,50.0
21,ag_099_048,fallow,2011,2011-10-06,2011-10-11,615113.668369401,1.0,1.412203687323199e-13,0.0,0.0,0.0,1.0,2.54,0.0,0.0,20.333241775749894,0.0,0.0,0.0,0.0,0.0,1.6177033961826361,0.0,0.0,20.333241775749894,0.0,0.0,696.54700623543,677.1360610634971,3.659295089164516e-13,unvalidated-engineering-priors,fixed independent scenario factor; no N cycle,,,,right_censored,BBCH89_full_ripeness,,,
21,ag_099_048,wheat,2012,2011-10-12,2012-06-10,615113.668369401,1.0,9.539036227579345e-13,3.126388037344441e-12,0.0,0.0,0.04267140235271844,272.93,300.0,0.0,282.3656462566734,219.5383990713197,38.12269346227546,0.0,69.56592682659921,0.0,49.99497040273592,300.0,0.0,540.0267387902686,7543.886605795263,17357.20384121896,677.1360610634971,590.478425043895,-1.56097357262297e-12,unvalidated-engineering-priors,fixed independent scenario factor; no N cycle,2012-04-22,2012-05-28,2012-05-28,full_ripeness,BBCH89_full_ripeness,2011-10-12,seed_layer_available_water,50.0
21,ag_099_048,fallow,2012,2012-06-11,2012-06-14,615113.668369401,1.0,1.3233858453531866e-13,0.0,0.0,0.0,1.0,0.44,0.0,0.0,4.6249554412960245,0.0,0.0,0.0,0.0,0.0,0.13211247624082434,0.0,0.0,4.6249554412960245,0.0,0.0,590.478425043895,586.1613571263582,-1.0169642905566434e-13,unvalidated-engineering-priors,fixed independent scenario factor; no N cycle,,,,right_censored,BBCH89_full_ripeness,,,
21,ag_099_048,maize,2012,2012-06-15,2012-10-05,615113.668369401,1.0,1.0835776720341528e-12,3.183231456205249e-12,0.0,0.0,0.03354275471250856,462.43,80.0,0.0,22.794725949416033,221.49592586435907,68.29990622924605,0.0,13.746355375993987,0.0,104.68832826998029,80.0,0.0,312.59055804302113,8250.422856336678,15546.846934332247,586.1613571263582,697.5661154373622,5.788702850395566e-13,unvalidated-engineering-priors,fixed independent scenario factor; no N cycle,2012-08-10,2012-09-23,2012-09-23,physiological_maturity,R6_physiological_maturity,2012-06-16,seed_layer_available_water,50.0
21,ag_099_048,fallow,2012,2012-10-06,2012-10-11,615113.668369401,1.0,7.549516567451064e-14,0.0,0.0,0.0,1.0,0.02,0.0,0.0,19.73138067066359,0.0,0.0,0.0,0.0,0.0,2.139599326291589,0.0,0.0,19.73138067066359,0.0,0.0,697.5661154373622,675.715135440407,-3.1086244689504383e-15,unvalidated-engineering-priors,fixed independent scenario factor; no N cycle,,,,right_censored,BBCH89_full_ripeness,,,
21,ag_099_048,wheat,2013,2012-10-12,2013-06-10,615113.668369401,1.0,9.956480084838404e-13,4.973799150320701e-12,0.0,0.0,0.04267140235271844,339.04,300.0,0.0,318.8744265182159,247.1726880392368,50.0185643322553,0.0,44.98688356518329,0.0,38.82918335058395,300.0,0.0,616.065678889708,8152.887645553991,18982.761752068913,675.715135440407,614.8733896349291,2.6561530752644558e-12,unvalidated-engineering-priors,fixed independent scenario factor; no N cycle,2013-04-20,2013-05-30,2013-05-30,full_ripeness,BBCH89_full_ripeness,2012-10-12,seed_layer_available_water,50.0
21,ag_099_048,fallow,2013,2013-06-11,2013-06-14,615113.668369401,1.0,1.8740564655672642e-13,0.0,0.0,0.0,1.0,1.55,0.0,0.0,9.682737672769994,0.0,0.0,0.0,0.0,0.0,0.1247803410219685,0.0,0.0,9.682737672769994,0.0,0.0,614.8733896349291,606.6158716211372,-3.9745984281580604e-14,unvalidated-engineering-priors,fixed independent scenario factor; no N cycle,,,,right_censored,BBCH89_full_ripeness,,,
21,ag_099_048,maize,2013,2013-06-15,2013-10-05,615113.668369401,1.0,9.245937349078304e-13,2.8421709430404007e-12,0.0,0.0,0.03354275471250856,423.51,80.0,0.0,21.308716634626844,281.3844792277703,71.06593516320825,0.0,28.127230347742298,0.0,22.522715722503946,80.0,0.0,373.7591310256054,8331.71043420869,17787.056307713698,606.6158716211372,685.7167945252846,9.146572388374352e-13,unvalidated-engineering-priors,fixed independent scenario factor; no N cycle,2013-08-10,2013-09-24,2013-09-24,physiological_maturity,R6_physiological_maturity,2013-06-16,seed_layer_available_water,50.0
21,ag_099_048,fallow,2013,2013-10-06,2013-10-11,615113.668369401,1.0,2.05613304160579e-13,0.0,0.0,0.0,1.0,0.0,0.0,0.0,21.90704265850554,0.0,0.0,0.0,0.0,0.0,0.7343639415172588,0.0,0.0,21.90704265850554,0.0,0.0,685.7167945252846,663.0753879252617,1.509903313490213e-13,unvalidated-engineering-priors,fixed independent scenario factor; no N cycle,,,,right_censored,BBCH89_full_ripeness,,,
21,ag_099_048,wheat,2014,2013-10-12,2014-06-10,615113.668369401,1.0,1.1053380433168059e-12,5.094591415399918e-12,0.0,0.0,0.04267140235271844,302.25,300.0,0.0,285.8306114811531,207.9838556856819,63.70743407268448,0.0,56.59050920396605,0.0,26.090579982878847,300.0,0.0,557.5219012395195,8372.36079749025,19039.882730048426,663.0753879252617,625.1223974988937,3.5587088831334768e-12,unvalidated-engineering-priors,fixed independent scenario factor; no N cycle,2014-04-13,2014-05-23,2014-05-23,full_ripeness,BBCH89_full_ripeness,2013-10-12,seed_layer_available_water,50.0
21,ag_099_048,fallow,2014,2014-06-11,2014-06-14,615113.668369401,1.0,1.27675647831893e-13,0.0,0.0,0.0,1.0,3.7199999999999998,0.0,0.0,5.67114772174289,0.0,0.0,0.0,0.0,0.0,0.3654234167947793,0.0,0.0,5.67114772174289,0.0,0.0,625.1223974988937,622.8058263603563,-1.8607337892717624e-13,unvalidated-engineering-priors,fixed independent scenario factor; no N cycle,,,,right_censored,BBCH89_full_ripeness,,,
21,ag_099_048,maize,2014,2014-06-15,2014-10-05,615113.668369401,1.0,8.384404281969182e-13,3.353761712787673e-12,0.0,0.0,0.03354275471250856,444.9,80.0,0.0,16.595888365922523,179.10320702676367,90.30545933085028,0.0,23.642185553097686,0.0,75.55097946063003,80.0,0.0,286.0045547235365,7167.2375193144935,15508.647675077631,622.8058263603563,762.5081066230945,-2.3971380436194067e-12,unvalidated-engineering-priors,fixed independent scenario factor; no N cycle,2014-08-12,2014-09-28,2014-09-28,physiological_maturity,R6_physiological_maturity,2014-06-16,seed_layer_available_water,50.0
21,ag_099_048,fallow,2014,2014-10-06,2014-10-11,615113.668369401,1.0,1.9539925233402755e-13,0.0,0.0,0.0,1.0,0.0,0.0,0.0,19.943190500000004,0.0,0.0,0.0,0.0,0.0,10.330716470502335,0.0,0.0,19.943190500000004,0.0,0.0,762.5081066230945,732.2341996525921,2.842170943040401e-14,unvalidated-engineering-priors,fixed independent scenario factor; no N cycle,,,,right_censored,BBCH89_full_ripeness,,,
21,ag_099_048,wheat,2015,2014-10-12,2015-06-10,615113.668369401,1.0,1.1599610161283636e-12,4.519051799434237e-12,0.0,0.0,0.04267140235271844,401.98,300.0,0.0,320.46924086845723,186.84367804896567,59.251083182535645,0.0,87.0023272092061,0.0,118.52896938129703,300.0,0.0,566.5640020999585,7612.416242063668,17371.779260897973,732.2341996525921,662.118900962136,-5.5534465914774955e-12,unvalidated-engineering-priors,fixed independent scenario factor; no N cycle,2015-04-18,2015-05-25,2015-05-25,full_ripeness,BBCH89_full_ripeness,2014-10-12,seed_layer_available_water,50.0
21,ag_099_048,fallow,2015,2015-06-11,2015-06-14,615113.668369401,1.0,1.794120407794253e-13,0.0,0.0,0.0,1.0,0.0,0.0,0.0,8.736803637703206,0.0,0.0,0.0,0.0,0.0,1.1211263691171798,0.0,0.0,8.736803637703206,0.0,0.0,662.118900962136,652.2609709553154,1.525446435834965e-13,unvalidated-engineering-priors,fixed independent scenario factor; no N cycle,,,,right_censored,BBCH89_full_ripeness,,,
21,ag_099_048,maize,2015,2015-06-15,2015-10-05,615113.668369401,1.0,1.0946799022804043e-12,2.2168933355715126e-12,0.0,0.0,0.03354275471250856,508.64,80.0,0.0,18.52571781362901,220.2506510199496,51.10455673402629,0.0,106.42862399076142,0.0,190.45512657547957,80.0,0.0,289.8809255676049,8783.055990482664,16320.920104915902,652.2609709553154,654.1362948214771,-7.581602012862731e-12,unvalidated-engineering-priors,fixed independent scenario factor; no N cycle,2015-08-13,2015-09-27,2015-09-27,physiological_maturity,R6_physiological_maturity,2015-06-16,seed_layer_available_water,50.0
21,ag_099_048,fallow,2015,2015-10-06,2015-10-11,615113.668369401,1.0,1.1546319456101628e-13,0.0,0.0,0.0,1.0,5.1899999999999995,0.0,0.0,17.49620884294844,0.0,0.0,0.0,0.0,0.0,0.2880804643237064,0.0,0.0,17.49620884294844,0.0,0.0,654.1362948214771,641.542005514205,-4.1300296516055823e-14,unvalidated-engineering-priors,fixed independent scenario factor; no N cycle,,,,right_censored,BBCH89_full_ripeness,,,
21,ag_099_048,wheat,2016,2015-10-12,2016-06-10,615113.668369401,1.0,7.878142582740111e-13,3.240074875066057e-12,0.0,0.0,0.04267140235271844,450.44,300.0,0.0,350.6385424089584,178.92577450671558,49.84288225494948,0.0,58.39178117644982,0.0,30.420289441564034,300.0,0.0,579.4071991706235,7025.14308176467,16144.993623035803,641.542005514205,723.7627357255668,8.659739592076221e-13,unvalidated-engineering-priors,fixed independent scenario factor; no N cycle,2016-04-14,2016-05-23,2016-05-23,full_ripeness,BBCH89_full_ripeness,2015-10-12,seed_layer_available_water,50.0
21,ag_099_048,fallow,2016,2016-06-11,2016-06-14,615113.668369401,1.0,1.7674750552032492e-13,0.0,0.0,0.0,1.0,8.44,0.0,0.0,20.163431772658146,0.0,0.0,0.0,0.0,0.0,2.543319714494141,0.0,0.0,20.163431772658146,0.0,0.0,723.7627357255668,709.4959842384146,-9.636735853746359e-14,unvalidated-engineering-priors,fixed independent scenario factor; no N cycle,,,,right_censored,BBCH89_full_ripeness,,,
21,ag_099_048,maize,2016,2016-06-15,2016-10-05,615113.668369401,1.0,1.1013412404281553e-12,3.666400516522117e-12,0.0,0.0,0.03354275471250856,478.68,80.0,0.0,18.572627627458658,238.3218144547839,64.74945871617129,0.0,115.99310837666472,0.0,172.92584940735694,80.0,0.0,321.6439007984138,9036.747578706414,17109.035186956477,709.4959842384146,657.6131256559835,-4.355404925604489e-12,unvalidated-engineering-priors,fixed independent scenario factor; no N cycle,2016-08-10,2016-09-20,2016-09-20,physiological_maturity,R6_physiological_maturity,2016-06-15,seed_layer_available_water,50.0
21,ag_099_048,fallow,2016,2016-10-06,2016-10-11,615113.668369401,1.0,1.900701818158268e-13,0.0,0.0,0.0,1.0,0.25,0.0,0.0,15.942508599999996,0.0,0.0,0.0,0.0,0.0,0.1693867856421803,0.0,0.0,15.942508599999996,0.0,0.0,657.6131256559835,641.7512302703414,-4.796163466380676e-14,unvalidated-engineering-priors,fixed independent scenario factor; no N cycle,,,,right_censored,BBCH89_full_ripeness,,,
21,ag_099_048,wheat,2017,2016-10-12,2017-06-10,615113.668369401,1.0,1.0231815394945443e-12,2.6716406864579767e-12,0.0,0.0,0.04267140235271844,537.22,300.0,0.0,348.9420938331261,170.35805076426587,49.472481381499605,0.0,78.41538290575815,0.0,121.26856050648502,300.0,0.0,568.7726259788916,6628.081644372432,15393.964589620085,641.7512302703414,710.5146608792028,3.843036999739979e-12,unvalidated-engineering-priors,fixed independent scenario factor; no N cycle,2017-04-13,2017-05-21,2017-05-21,full_ripeness,BBCH89_full_ripeness,2016-10-12,seed_layer_available_water,50.0
21,ag_099_048,fallow,2017,2017-06-11,2017-06-14,615113.668369401,1.0,1.412203687323199e-13,0.0,0.0,0.0,1.0,0.19,0.0,0.0,18.6842909,0.0,0.0,0.0,0.0,0.0,0.7533654310228043,0.0,0.0,18.6842909,0.0,0.0,710.5146608792028,691.26700454818,-3.8191672047105385e-14,unvalidated-engineering-priors,fixed independent scenario factor; no N cycle,,,,right_censored,BBCH89_full_ripeness,,,
21,ag_099_048,maize,2017,2017-06-15,2017-10-05,615113.668369401,1.0,9.121592370320286e-13,2.9700686354772188e-12,0.0,0.0,0.03354275471250856,761.44,80.0,0.0,16.378157515855456,205.02468096785185,86.91806926259947,0.0,137.541911567575,0.0,282.22563435838725,80.0,0.0,308.3209077463068,8066.289556963628,16732.865642001794,691.26700454818,804.6185508759139,-2.90700796767851e-12,unvalidated-engineering-priors,fixed independent scenario factor; no N cycle,2017-08-08,2017-09-20,2017-09-20,physiological_maturity,R6_physiological_maturity,2017-06-15,seed_layer_available_water,50.0
21,ag_099_048,fallow,2017,2017-10-06,2017-10-11,615113.668369401,1.0,1.3677947663381929e-13,0.0,0.0,0.0,1.0,42.489999999999995,0.0,0.0,12.20742934,0.0,0.0,0.0,0.452521974815399,0.0,29.968000739384816,0.0,0.0,12.20742934,0.0,0.0,804.6185508759139,804.4805988217138,-9.14823772291129e-14,unvalidated-engineering-priors,fixed independent scenario factor; no N cycle,,,,right_censored,BBCH89_full_ripeness,,,
21,ag_099_048,wheat,2018,2017-10-12,2018-06-10,615113.668369401,1.0,1.156408302449563e-12,4.320099833421409e-12,0.0,0.0,0.04267140235271844,456.65999999999997,300.0,0.0,278.98617985493894,219.2375381875825,67.04324874187657,0.0,152.4061848921054,0.0,145.50064991186153,300.0,0.0,565.266966784398,8113.1786688604325,19106.57835354751,804.4805988217138,697.9667972333455,3.3957281431185038e-12,unvalidated-engineering-priors,fixed independent scenario factor; no N cycle,2018-04-14,2018-05-24,2018-05-24,full_ripeness,BBCH89_full_ripeness,2017-10-12,seed_layer_available_water,50.0
21,ag_099_048,fallow,2018,2018-06-11,2018-06-14,615113.668369401,1.0,1.127986593019159e-13,0.0,0.0,0.0,1.0,0.0,0.0,0.0,11.11731269024333,0.0,0.0,0.0,0.0,0.0,3.428421445419012,0.0,0.0,11.11731269024333,0.0,0.0,697.9667972333455,683.4210630976831,-2.7533531010703882e-14,unvalidated-engineering-priors,fixed independent scenario factor; no N cycle,,,,right_censored,BBCH89_full_ripeness,,,
21,ag_099_048,maize,2018,2018-06-15,2018-10-05,615113.668369401,1.0,1.0622613899613498e-12,3.069544618483633e-12,0.0,0.0,0.03354275471250856,421.13,80.0,0.0,19.037693262415534,231.42403074912846,74.86522958148049,0.0,85.66511485501653,0.0,119.0194873794893,80.0,0.0,325.3269535930245,7728.83653036204,16031.58898470327,683.4210630976831,654.5395072701548,-1.942668248489099e-12,unvalidated-engineering-priors,fixed independent scenario factor; no N cycle,2018-08-10,2018-09-21,2018-09-21,physiological_maturity,R6_physiological_maturity,2018-06-16,seed_layer_available_water,50.0
21,ag_099_048,fallow,2018,2018-10-06,2018-10-11,615113.668369401,1.0,1.9184653865522705e-13,0.0,0.0,0.0,1.0,0.9199999999999999,0.0,0.0,18.715529065310403,0.0,0.0,0.0,0.0,0.0,0.4843732881750991,0.0,0.0,18.715529065310403,0.0,0.0,654.5395072701548,636.2596049166692,6.572520305780927e-14,unvalidated-engineering-priors,fixed independent scenario factor; no N cycle,,,,right_censored,BBCH89_full_ripeness,,,
21,ag_099_048,wheat,2019,2018-10-12,2019-06-10,615113.668369401,1.0,1.2638778912332782e-12,4.490630090003833e-12,0.0,0.0,0.04267140235271844,312.57,300.0,0.0,293.51452074363505,219.71633487697386,48.429369818910935,0.0,65.5676478567099,0.0,21.60188273788693,300.0,0.0,561.6602254395199,8427.919304128045,19132.16477532414,636.2596049166692,599.999848882551,1.5694112676101213e-12,unvalidated-engineering-priors,fixed independent scenario factor; no N cycle,2019-04-18,2019-05-27,2019-05-27,full_ripeness,BBCH89_full_ripeness,2018-10-12,seed_layer_available_water,50.0
21,ag_099_048,fallow,2019,2019-06-11,2019-06-14,615113.668369401,1.0,7.105427357601002e-14,0.0,0.0,0.0,1.0,0.07,0.0,0.0,5.97943177493851,0.0,0.0,0.0,0.0,0.0,0.1552334453743806,0.0,0.0,5.97943177493851,0.0,0.0,599.999848882551,593.9351836622383,-1.9984014443252818e-13,unvalidated-engineering-priors,fixed independent scenario factor; no N cycle,,,,right_censored,BBCH89_full_ripeness,,,
21,ag_099_048,maize,2019,2019-06-15,2019-10-05,615113.668369401,1.0,9.416911694870578e-13,4.888534022029489e-12,0.0,0.0,0.03354275471250856,302.6,80.0,0.0,17.35079636123398,295.85851878191033,66.1855402765422,0.0,8.298284790750651,0.0,23.63904519626222,80.0,0.0,379.3948554196865,9200.520559116932,18753.967412742,593.9351836622383,565.2029982555387,2.3880897259687117e-13,unvalidated-engineering-priors,fixed independent scenario factor; no N cycle,2019-08-10,2019-09-22,2019-09-22,physiological_maturity,R6_physiological_maturity,2019-06-16,seed_layer_available_water,50.0
21,ag_099_048,fallow,2019,2019-10-06,2019-10-11,615113.668369401,1.0,1.0857981180834031e-13,0.0,0.0,0.0,1.0,15.930000000000001,0.0,0.0,11.176694,0.0,0.0,0.0,0.0,0.0,0.012217034458549488,0.0,0.0,11.176694,0.0,0.0,565.2029982555387,569.9440872210803,-1.7041923427996153e-13,unvalidated-engineering-priors,fixed independent scenario factor; no N cycle,,,,right_censored,BBCH89_full_ripeness,,,
21,ag_099_048,wheat,2020,2019-10-12,2020-06-10,615113.668369401,1.0,1.1661782650662644e-12,4.405364961712621e-12,0.0,0.0,0.04267140235271844,252.18,300.0,0.0,235.45779714541925,228.59104251963288,53.202058420218705,0.0,53.81742047506796,0.0,2.1508516895996537,300.0,0.0,517.2508980852708,8393.030903833049,19263.252655680837,569.9440872210803,548.9049169711454,-3.602451670303708e-12,unvalidated-engineering-priors,fixed independent scenario factor; no N cycle,2020-04-12,2020-05-24,2020-05-24,full_ripeness,BBCH89_full_ripeness,2019-10-12,seed_layer_available_water,50.0
21,ag_099_048,fallow,2020,2020-06-11,2020-06-14,615113.668369401,1.0,9.903189379656396e-14,0.0,0.0,0.0,1.0,35.089999999999996,0.0,0.0,11.507381126782779,0.0,0.0,0.0,0.0,0.0,0.023690531598921472,0.0,0.0,11.507381126782779,0.0,0.0,548.9049169711454,572.4638453127637,1.3322676295501878e-15,unvalidated-engineering-priors,fixed independent scenario factor; no N cycle,,,,right_censored,BBCH89_full_ripeness,,,
21,ag_099_048,maize,2020,2020-06-15,2020-10-05,615113.668369401,1.0,1.0302869668521453e-12,2.4442670110147446e-12,0.0,0.0,0.03354275471250856,738.0,80.0,0.0,18.793344757166423,170.41471129738326,66.93452348652575,0.0,184.6107939383285,0.0,247.14588080442223,80.0,0.0,256.1425795410754,6665.493361252491,13815.43680508165,572.4638453127637,702.5645910289368,7.95974397505006e-13,unvalidated-engineering-priors,fixed independent scenario factor; no N cycle,2020-08-11,2020-09-22,2020-09-22,physiological_maturity,R6_physiological_maturity,2020-06-15,seed_layer_available_water,50.0
21,ag_099_048,fallow,2020,2020-10-06,2020-10-11,615113.668369401,1.0,2.2026824808563106e-13,0.0,0.0,0.0,1.0,0.03,0.0,0.0,13.2510859,0.0,0.0,0.0,0.0,0.0,0.9118880679913883,0.0,0.0,13.2510859,0.0,0.0,702.5645910289368,688.4316170609451,2.999822612537173e-13,unvalidated-engineering-priors,fixed independent scenario factor; no N cycle,,,,right_censored,BBCH89_full_ripeness,,,
21,ag_099_048,wheat,2021,2020-10-12,2021-06-10,615113.668369401,1.0,1.1621814621776139e-12,4.959588295605499e-12,0.0,0.0,0.04267140235271844,414.96,300.0,0.0,262.49634346207984,186.06127417485308,65.51345666002806,0.0,105.79795813762726,0.0,109.97429167997754,300.0,0.0,514.071074296961,7425.1333221401665,17299.820966078907,688.4316170609451,673.5482929463785,7.962519532611623e-13,unvalidated-engineering-priors,fixed independent scenario factor; no N cycle,2021-04-12,2021-05-23,2021-05-23,full_ripeness,BBCH89_full_ripeness,2020-10-12,seed_layer_available_water,50.0
21,ag_099_048,fallow,2021,2021-06-11,2021-06-14,615113.668369401,1.0,1.2789769243681803e-13,0.0,0.0,0.0,1.0,48.949999999999996,0.0,0.0,9.896309337263652,0.0,0.0,0.0,0.0,0.0,2.7818322182138515,0.0,0.0,9.896309337263652,0.0,0.0,673.5482929463785,709.8201513909012,-1.5498713423767185e-13,unvalidated-engineering-priors,fixed independent scenario factor; no N cycle,,,,right_censored,BBCH89_full_ripeness,,,
21,ag_099_048,maize,2021,2021-06-15,2021-10-05,615113.668369401,1.0,1.1715073355844652e-12,2.2453150450019166e-12,0.0,0.0,0.03354275471250856,578.51,80.0,0.0,18.44097039757138,162.7330717631507,90.0539808510333,0.0,72.71784302347412,0.0,307.69910198420513,80.0,0.0,271.2280230117554,7025.81159166381,13733.982436119772,709.8201513909012,716.6851833714683,-1.7046364320094654e-12,unvalidated-engineering-priors,fixed independent scenario factor; no N cycle,2021-08-09,2021-09-20,2021-09-20,physiological_maturity,R6_physiological_maturity,2021-06-15,seed_layer_available_water,50.0
21,ag_099_048,fallow,2021,2021-10-06,2021-10-11,615113.668369401,1.0,1.305622276959184e-13,0.0,0.0,0.0,1.0,12.77,0.0,0.0,10.816151900000001,0.0,0.0,0.0,0.0,0.0,2.4959812673971027,0.0,0.0,10.816151900000001,0.0,0.0,716.6851833714683,716.1430502040713,-1.3677947663381929e-13,unvalidated-engineering-priors,fixed independent scenario factor; no N cycle,,,,right_censored,BBCH89_full_ripeness,,,
21,ag_099_048,wheat,2022,2021-10-12,2022-06-10,615113.668369401,1.0,9.667822098435863e-13,3.581135388230905e-12,0.0,0.0,0.04267140235271844,366.48,300.0,0.0,270.8729808461607,235.4496072255987,54.105127963948235,0.0,110.26408489753231,0.0,74.9760019978065,300.0,0.0,560.4277160357077,8534.665538955962,19791.874797857257,716.1430502040713,636.9552472730212,3.5977887336002823e-12,unvalidated-engineering-priors,fixed independent scenario factor; no N cycle,2022-04-10,2022-05-20,2022-05-20,full_ripeness,BBCH89_full_ripeness,2021-10-12,seed_layer_available_water,50.0
21,ag_099_048,fallow,2022,2022-06-11,2022-06-14,615113.668369401,1.0,1.5987211554602254e-13,0.0,0.0,0.0,1.0,1.53,0.0,0.0,6.70780478483518,0.0,0.0,0.0,0.0,0.0,0.6573130145827516,0.0,0.0,6.70780478483518,0.0,0.0,636.9552472730212,631.1201294736036,-3.1530333899354446e-13,unvalidated-engineering-priors,fixed independent scenario factor; no N cycle,,,,right_censored,BBCH89_full_ripeness,,,
21,ag_099_048,maize,2022,2022-06-15,2022-10-05,615113.668369401,1.0,9.423573033018329e-13,3.723243935382925e-12,0.0,0.0,0.03354275471250856,469.17,80.0,0.0,22.067423587688435,260.8715512433656,65.37579730141874,0.0,37.459575614065216,0.0,138.9390184817749,80.0,0.0,348.3147721324728,8802.333572475785,17636.076414319996,631.1201294736036,655.5767632452875,3.2555069751083465e-12,unvalidated-engineering-priors,fixed independent scenario factor; no N cycle,2022-08-10,2022-09-23,2022-09-23,physiological_maturity,R6_physiological_maturity,2022-06-16,seed_layer_available_water,50.0
21,ag_099_048,fallow,2022,2022-10-06,2022-10-11,615113.668369401,1.0,1.6697754290362354e-13,0.0,0.0,0.0,1.0,25.27,0.0,0.0,13.6669859,0.0,0.0,0.0,0.0,0.0,0.16527494343892662,0.0,0.0,13.6669859,0.0,0.0,655.5767632452875,667.0145024018485,8.43769498715119e-15,unvalidated-engineering-priors,fixed independent scenario factor; no N cycle,,,,right_censored,BBCH89_full_ripeness,,,
21,ag_099_048,wheat,2023,2022-10-12,2023-06-10,615113.668369401,1.0,9.161560399206792e-13,3.325340003357269e-12,0.0,0.0,0.04267140235271844,367.25,300.0,0.0,312.3985830658702,217.30956356682475,48.145844956251665,0.0,73.68919310537929,0.0,22.142139713873025,300.0,0.0,577.8539915889467,7524.105672747608,17247.490487505915,667.0145024018485,660.5791779936536,-4.006184273208646e-12,unvalidated-engineering-priors,fixed independent scenario factor; no N cycle,2023-04-13,2023-05-23,2023-05-23,full_ripeness,BBCH89_full_ripeness,2022-10-12,seed_layer_available_water,50.0
21,ag_099_048,fallow,2023,2023-06-11,2023-06-14,615113.668369401,1.0,3.0375701953744283e-13,0.0,0.0,0.0,1.0,5.76,0.0,0.0,13.330806686253146,0.0,0.0,0.0,0.0,0.0,0.4816028212004089,0.0,0.0,13.330806686253146,0.0,0.0,660.5791779936536,652.5267684862002,-1.794120407794253e-13,unvalidated-engineering-priors,fixed independent scenario factor; no N cycle,,,,right_censored,BBCH89_full_ripeness,,,
21,ag_099_048,maize,2023,2023-06-15,2023-10-05,615113.668369401,1.0,1.0178524689763435e-12,2.0463630789890885e-12,0.0,0.0,0.03354275471250856,647.21,80.0,0.0,18.444401353221803,208.0044741379472,75.16086267070237,0.0,127.812729760725,0.0,176.01550454876113,80.0,0.0,301.6097381618714,8309.24216683458,16348.416576963411,652.5267684862002,774.2987960148379,4.8114845441205034e-12,unvalidated-engineering-priors,fixed independent scenario factor; no N cycle,2023-08-09,2023-09-19,2023-09-19,physiological_maturity,R6_physiological_maturity,2023-06-16,seed_layer_available_water,50.0
21,ag_099_048,fallow,2023,2023-10-06,2023-10-11,615113.668369401,1.0,1.3500311979441904e-13,0.0,0.0,0.0,1.0,1.5499999999999998,0.0,0.0,14.1893832,0.0,0.0,0.0,0.0,0.0,12.679704988044403,0.0,0.0,14.1893832,0.0,0.0,774.2987960148379,748.9797078267934,7.283063041541027e-14,unvalidated-engineering-priors,fixed independent scenario factor; no N cycle,,,,right_censored,BBCH89_full_ripeness,,,
21,ag_099_048,wheat,2024,2023-10-12,2024-06-10,615113.668369401,1.0,1.1506351427215122e-12,4.433786671143025e-12,0.0,0.0,0.04267140235271844,364.35,300.0,0.0,284.5208004257514,228.09706019183588,59.464243973604134,0.0,117.51091265145631,0.0,97.15424992700828,300.0,0.0,572.0821045911914,9049.369068392734,19871.809190835887,748.9797078267934,626.5824406571423,-5.0039972165905056e-12,unvalidated-engineering-priors,fixed independent scenario factor; no N cycle,2024-04-15,2024-05-25,2024-05-25,full_ripeness,BBCH89_full_ripeness,2023-10-12,seed_layer_available_water,50.0
21,ag_099_048,fallow,2024,2024-06-11,2024-06-14,615113.668369401,1.0,1.8762769116165146e-13,0.0,0.0,0.0,1.0,0.02,0.0,0.0,4.020924601470739,0.0,0.0,0.0,0.0,0.0,0.6181680204943196,0.0,0.0,4.020924601470739,0.0,0.0,626.5824406571423,621.9633480351774,-1.48991929904696e-13,unvalidated-engineering-priors,fixed independent scenario factor; no N cycle,,,,right_censored,BBCH89_full_ripeness,,,
21,ag_099_048,maize,2024,2024-06-15,2024-10-05,615113.668369401,1.0,1.1217693440812582e-12,2.6147972675971687e-12,0.0,0.0,0.03354275471250856,573.12,80.0,0.0,22.552034506408095,197.89702743149417,80.50596152528222,0.0,57.23021078593481,0.0,239.2045338520929,80.0,0.0,300.9550234631845,6954.595901020528,14068.529320133679,621.9633480351774,677.693579933966,-7.936984403045244e-13,unvalidated-engineering-priors,fixed independent scenario factor; no N cycle,2024-08-09,2024-09-19,2024-09-19,physiological_maturity,R6_physiological_maturity,2024-06-16,seed_layer_available_water,50.0
21,ag_099_048,fallow,2024,2024-10-06,2024-10-11,615113.668369401,1.0,1.8740564655672642e-13,0.0,0.0,0.0,1.0,8.35,0.0,0.0,15.0938332,0.0,0.0,0.0,0.0,0.0,0.6688975091314604,0.0,0.0,15.0938332,0.0,0.0,677.693579933966,670.2808492248348,-2.502442697505103e-13,unvalidated-engineering-priors,fixed independent scenario factor; no N cycle,,,,right_censored,BBCH89_full_ripeness,,,
21,ag_099_048,wheat,2025,2024-10-12,2025-06-10,615113.668369401,1.0,9.321432514752814e-13,4.320099833421409e-12,0.0,0.0,0.04267140235271844,357.48,300.0,0.0,331.56669659499687,293.8671065765331,41.77298232221588,0.0,52.29759138023106,0.0,36.00053286155659,300.0,0.0,667.2067854937459,8861.212537516645,20463.2069364215,670.2808492248348,572.2559394893018,-5.295763827461997e-13,unvalidated-engineering-priors,fixed independent scenario factor; no N cycle,2025-04-12,2025-05-22,2025-05-22,full_ripeness,BBCH89_full_ripeness,2024-10-12,seed_layer_available_water,50.0
21,ag_099_048,fallow,2025,2025-06-11,2025-06-14,615113.668369401,1.0,9.836575998178887e-14,0.0,0.0,0.0,1.0,23.310000000000002,0.0,0.0,10.093323695071263,0.0,0.0,0.0,0.0,0.0,0.030852367962955537,0.0,0.0,10.093323695071263,0.0,0.0,572.2559394893018,585.4417634262675,1.0769163338864018e-13,unvalidated-engineering-priors,fixed independent scenario factor; no N cycle,,,,right_censored,BBCH89_full_ripeness,,,
21,ag_099_048,maize,2025,2025-06-15,2025-10-05,615113.668369401,1.0,8.917311333789257e-13,2.7853275241795927e-12,0.0,0.0,0.03354275471250856,693.18,80.0,0.0,17.0606487419978,193.65620599669825,120.79030506592494,0.0,76.02758352128699,0.0,161.42754589817406,80.0,0.0,331.507159804621,8034.535924239621,17151.61370567492,585.4417634262675,789.6594742021889,-3.4636737922255634e-12,unvalidated-engineering-priors,fixed independent scenario factor; no N cycle,2025-08-11,2025-09-23,2025-09-23,physiological_maturity,R6_physiological_maturity,2025-06-15,seed_layer_available_water,50.0
