date,crop,bbch,stage,thermal_progress,vernalization_factor,photoperiod_factor,cumulative_thermal_time_c,development_stage,precipitation_mm,irrigation_field_mm,capillary_rise_mm,soil_evaporation_mm,transpiration_mm,canopy_evaporation_mm,application_evaporation_mm,runoff_mm,off_field_drift_mm,bottom_drainage_mm,pump_input_mm,conveyance_loss_mm,storage_initial_mm,potential_transpiration_after_interception_mm,storage_final_mm,storage_change_mm,balance_residual_mm,et0_mm,et0_method,precipitation_timing,potential_transpiration_mm,potential_soil_evaporation_mm,organic_mulch_cover_fraction,soil_storage_initial_mm,soil_storage_final_mm,water_factor,root_zone_stress_factor,root_zone_depletion_fraction,potential_et_demand_mm,transpiration_supply_factor,atmospheric_potential_transpiration_mm,transpiration_demand_method,daytime_vpd_kpa,transpiration_vpd_kpa,transpiration_vpd_method,transpiration_efficiency_kg_ha_mm,wet_canopy_energy_fraction,nutrition_factor,potential_growth_kg_ha,growth_kg_ha,lai,leaf_age_c_days,biomass_kg_ha,yield_kg_ha,leaf_kg_ha,stem_kg_ha,dead_leaf_kg_ha,stem_reserve_kg_ha,direct_grain_growth_kg_ha,stem_remobilization_kg_ha,grain_sink_kg_ha,grain_fill_ceiling_kg_ha,critical_growth_kg_ha,crop_carbon_residual_kg_ha,root_depth_mm,soil_theta,wet_theta,dry_theta,wetted_fraction,diagnostics,et_mm,germination_start_date,seed_water_ready,seed_layer_available_water_initial_mm,sowing_depth_mm,tillage_event_ids,tillage_mixing_depths_mm
2015-10-21,wheat,0,BBCH0,0.0013807290763058785,0.20500140296088326,0.6859897363287224,2.21481573568113,0.0,0.1740702670045454,0.0,0.0,2.636064038474039,0.0,0.0,0.0,0.0,0.0,0.08243271014625243,0.0,0.0,702.8115508673814,0.0,700.2671243857656,-2.544426481615801,5.551115123125783e-14,2.035317897796631,provided,explicit_hourly,0.0,2.636064038474039,0.0,702.8115508673814,700.2671243857656,1.0,0.9999999999999996,0.5431488450801907,2.636064038474039,1.0,0.0,atmospheric,,,,,0.0,1.0,0.0,0.0,0.0,0.0,49.82117936239986,0.0,49.82117936239986,0.0,0.0,0.0,0.0,0.0,0.0,0.0,0.0,0.0,163.56239417458056,"[0.3580056519901009, 0.3749167273971995, 0.3901242843914476, 0.4117415193965804, 0.3660685785880156, 0.32200039830149396, 0.32122842093524867, 0.3200310634090217]","[0.3580056519901009, 0.3749167273971995, 0.3901242843914476, 0.4117415193965804, 0.3660685785880156, 0.32200039830149396, 0.32122842093524867, 0.3200310634090217]",[],1.0,"{'input_timing_assumptions': [], 'bottom_boundary': 'free_drainage', 'substeps': 24, 'precipitation_timing': 'explicit_hourly', 'plant_water_stress_method': 'compensated_layer_depletion', 'root_zone_stress_factor': 0.9999999999999996, 'root_zone_depletion_fraction': 0.5431488450801907, 'readily_available_water_adjustment': 'none', 'potential_et_demand_mm': 2.636064038474039, 'surface_wetness': [0.9430609316526049]}",2.636064038474039,2015-10-21,True,24.460712604094894,50.0,['published_rotary_tillage_2016'],[200.0]
2015-10-22,wheat,0,BBCH0,0.002454603023781245,0.21942449781629775,0.6820823576589268,3.93740777623547,0.0,0.44968153660470667,0.0,0.0,1.5366412687916893,0.0,0.0,0.0,0.0,0.0,0.08268671831899928,0.0,0.0,700.2671243857656,0.0,699.0974779352593,-1.1696464505062067,2.2493118478905672e-13,1.1864482164382935,provided,explicit_hourly,0.0,1.536641268791689,0.0,700.2671243857656,699.0974779352593,1.0,0.9999999999999996,0.5431488450801907,1.536641268791689,1.0,0.0,atmospheric,,,,,0.0,1.0,0.0,0.0,0.0,0.0,49.82117936239986,0.0,49.82117936239986,0.0,0.0,0.0,0.0,0.0,0.0,0.0,0.0,0.0,166.333076968453,"[0.3579441179040137, 0.3709525935202859, 0.38600095710954285, 0.4089090060603595, 0.3679778107179507, 0.32229613392832984, 0.32138754698023947, 0.32010249441053723]","[0.3579441179040137, 0.3709525935202859, 0.38600095710954285, 0.4089090060603595, 0.3679778107179507, 0.32229613392832984, 0.32138754698023947, 0.32010249441053723]",[],1.0,"{'input_timing_assumptions': [], 'bottom_boundary': 'free_drainage', 'substeps': 24, 'precipitation_timing': 'explicit_hourly', 'plant_water_stress_method': 'compensated_layer_depletion', 'root_zone_stress_factor': 0.9999999999999996, 'root_zone_depletion_fraction': 0.5431488450801907, 'readily_available_water_adjustment': 'none', 'potential_et_demand_mm': 1.536641268791689, 'surface_wetness': [0.942873740250831]}",1.5366412687916893,2015-10-21,True,22.85056519901009,50.0,[],[]
2015-10-23,wheat,0,BBCH0,0.0037076575920597286,0.23090071360270184,0.6781943740326489,5.947421922468667,0.0,1.0661804299846231,0.0,0.0,1.575743552452597,0.0,0.0,0.0,0.0,0.0,0.08296804066096247,0.0,0.0,699.0974779352593,0.0,698.5049467721303,-0.5925311631290242,8.79296635503124e-14,1.2166392803192139,provided,explicit_hourly,0.0,1.5757435524525971,0.0,699.0974779352593,698.5049467721303,1.0,0.9999999999999996,0.5431488450801907,1.5757435524525971,1.0,0.0,atmospheric,,,,,0.0,1.0,0.0,0.0,0.0,0.0,49.82117936239986,0.0,49.82117936239986,0.0,0.0,0.0,0.0,0.0,0.0,0.0,0.0,0.0,169.56606044875303,"[0.3596781524988258, 0.3696889055681398, 0.3830206458060554, 0.4062893144882811, 0.3693563133383399, 0.3226328933791884, 0.3215477834094157, 0.32018078067516215]","[0.3596781524988258, 0.3696889055681398, 0.3830206458060554, 0.4062893144882811, 0.3693563133383399, 0.3226328933791884, 0.3215477834094157, 0.32018078067516215]",[],1.0,"{'input_timing_assumptions': [], 'bottom_boundary': 'free_drainage', 'substeps': 24, 'precipitation_timing': 'explicit_hourly', 'plant_water_stress_method': 'compensated_layer_depletion', 'root_zone_stress_factor': 0.9999999999999996, 'root_zone_depletion_fraction': 0.5431488450801907, 'readily_available_water_adjustment': 'none', 'potential_et_demand_mm': 1.5757435524525971, 'surface_wetness': [0.9481488062698]}",1.575743552452597,2015-10-21,True,22.844411790401367,50.0,[],[]
2015-10-24,wheat,0,BBCH0,0.005093263770788341,0.24043685913085938,0.6743269690214122,8.170060976551477,0.0,0.0,0.0,0.0,3.0224574892981417,0.0,0.0,0.0,0.0,0.0,0.08327573703559564,0.0,0.0,698.5049467721303,0.0,695.3992135457967,-3.105733226333655,-8.260059303211165e-14,2.3336541652679443,provided,explicit_hourly,0.0,3.022457489298143,0.0,698.5049467721303,695.3992135457967,1.0,0.9999999999999996,0.5431488450801907,3.022457489298143,1.0,0.0,atmospheric,,,,,0.0,1.0,0.0,0.0,0.0,0.0,49.82117936239986,0.0,49.82117936239986,0.0,0.0,0.0,0.0,0.0,0.0,0.0,0.0,0.0,173.1410379472874,"[0.34042443949362533, 0.3639485464912761, 0.38037224503032385, 0.4038908922647242, 0.37033140234385536, 0.32299733878405085, 0.3217108645494879, 0.3202656915292564]","[0.34042443949362533, 0.3639485464912761, 0.38037224503032385, 0.4038908922647242, 0.37033140234385536, 0.32299733878405085, 0.3217108645494879, 0.3202656915292564]",[],1.0,"{'input_timing_assumptions': [], 'bottom_boundary': 'free_drainage', 'substeps': 24, 'precipitation_timing': 'explicit_hourly', 'plant_water_stress_method': 'compensated_layer_depletion', 'root_zone_stress_factor': 0.9999999999999996, 'root_zone_depletion_fraction': 0.5431488450801907, 'readily_available_water_adjustment': 'none', 'potential_et_demand_mm': 3.022457489298143, 'surface_wetness': [0.8895775369787615]}",3.0224574892981417,2015-10-21,True,23.017815249882574,50.0,[],[]
2015-10-25,wheat,0,BBCH0,0.0065081844799074855,0.25039424896240237,0.6704813573346378,10.439723218823215,0.0,2.6763304565171184,0.0,0.0,3.009727295970275,0.0,0.0,0.0,0.0,0.0,0.08360985694380493,0.0,0.0,695.3992135457967,0.0,694.9822068493997,-0.4170066963969248,-3.68594044175552e-14,2.3238251209259033,provided,explicit_hourly,0.0,3.0097272959702748,0.0,695.3992135457967,694.9822068493997,1.0,0.9999999999999996,0.5431488450801907,3.0097272959702748,1.0,0.0,atmospheric,,,,,0.0,1.0,0.0,0.0,0.0,0.0,49.82117936239986,0.0,49.82117936239986,0.0,0.0,0.0,0.0,0.0,0.0,0.0,0.0,0.0,176.79164933670296,"[0.35074147804118644, 0.35701970043871323, 0.37689972723864784, 0.40162591165200756, 0.370995136998833, 0.3233781478426452, 0.32187782337854115, 0.3203571167073733]","[0.35074147804118644, 0.35701970043871323, 0.37689972723864784, 0.40162591165200756, 0.370995136998833, 0.3233781478426452, 0.32187782337854115, 0.3203571167073733]",[],1.0,"{'input_timing_assumptions': [], 'bottom_boundary': 'free_drainage', 'substeps': 24, 'precipitation_timing': 'explicit_hourly', 'plant_water_stress_method': 'compensated_layer_depletion', 'root_zone_stress_factor': 0.9999999999999996, 'root_zone_depletion_fraction': 0.5431488450801907, 'readily_available_water_adjustment': 'none', 'potential_et_demand_mm': 3.0097272959702748, 'surface_wetness': [0.9209627582548868]}",3.009727295970275,2015-10-21,True,21.092443949362533,50.0,[],[]
2015-10-26,wheat,0,BBCH0,0.007834878292699757,0.2634693823920356,0.6666587852031451,12.567861449144775,0.0,1.9365318190458742,0.0,0.0,2.5157142124234086,0.0,0.0,0.0,0.0,0.0,0.08396926267094927,0.0,0.0,694.9822068493997,0.0,694.3190551933513,-0.6631516560483988,-8.482103908136196e-14,1.9423952102661133,provided,explicit_hourly,0.0,2.5157142124234095,0.0,694.9822068493997,694.3190551933513,1.0,0.9999999999999996,0.5431488450801907,2.5157142124234095,1.0,0.0,atmospheric,,,,,0.0,1.0,0.0,0.0,0.0,0.0,49.82117936239986,0.0,49.82117936239986,0.0,0.0,0.0,0.0,0.0,0.0,0.0,0.0,0.0,180.21462810295606,"[0.34703455070427064, 0.3600480214454141, 0.37466076313371893, 0.39946169714676627, 0.37141263686225073, 0.32376588370294224, 0.3220491310218226, 0.3204549878555287]","[0.34703455070427064, 0.3600480214454141, 0.37466076313371893, 0.39946169714676627, 0.37141263686225073, 0.32376588370294224, 0.3220491310218226, 0.3204549878555287]",[],1.0,"{'input_timing_assumptions': [], 'bottom_boundary': 'free_drainage', 'substeps': 24, 'precipitation_timing': 'explicit_hourly', 'plant_water_stress_method': 'compensated_layer_depletion', 'root_zone_stress_factor': 0.9999999999999996, 'root_zone_depletion_fraction': 0.5431488450801907, 'readily_available_water_adjustment': 'none', 'potential_et_demand_mm': 2.5157142124234095, 'surface_wetness': [0.9096860014426207]}",2.5157142124234086,2015-10-21,True,22.124147804118643,50.0,[],[]
2015-10-27,wheat,0,BBCH0,0.009156879105407108,0.2778858995437622,0.6628605306948308,14.688471678054619,0.0,0.0,0.0,0.0,3.5711650737230607,0.0,0.0,0.0,0.0,0.0,0.08435486411311886,0.0,0.0,694.3190551933513,0.0,690.6635352555151,-3.6555199378362886,1.092459456231154e-13,2.7573139667510986,provided,explicit_hourly,0.0,3.571165073723062,0.0,694.3190551933513,690.6635352555151,1.0,0.9999999999999996,0.5431488450801907,3.571165073723062,1.0,0.0,atmospheric,,,,,0.0,1.0,0.0,0.0,0.0,0.0,49.82117936239986,0.0,49.82117936239986,0.0,0.0,0.0,0.0,0.0,0.0,0.0,0.0,0.0,183.62549854437503,"[0.3225368164937651, 0.3537694468243715, 0.3725402426633577, 0.3974481809590867, 0.3716371814425869, 0.3241529565680099, 0.32222485489602865, 0.3205592767980413]","[0.3225368164937651, 0.3537694468243715, 0.3725402426633577, 0.3974481809590867, 0.3716371814425869, 0.3241529565680099, 0.32222485489602865, 0.3205592767980413]",[],1.0,"{'input_timing_assumptions': [], 'bottom_boundary': 'free_drainage', 'substeps': 24, 'precipitation_timing': 'explicit_hourly', 'plant_water_stress_method': 'compensated_layer_depletion', 'root_zone_stress_factor': 0.9999999999999996, 'root_zone_depletion_fraction': 0.5431488450801907, 'readily_available_water_adjustment': 'none', 'potential_et_demand_mm': 3.571165073723062, 'surface_wetness': [0.8351620180906174]}",3.5711650737230607,2015-10-21,True,21.75345507042706,50.0,[],[]
2015-10-28,wheat,0,BBCH0,0.010499240849120881,0.2931173038482666,0.6590879039576936,16.841742702742582,0.0,0.0,0.0,0.0,3.543122581682187,0.0,0.0,0.0,0.0,0.0,0.08476693657974463,0.0,0.0,690.6635352555151,0.0,687.0356457372532,-3.6278895182618953,-3.6415315207705135e-14,2.7356622219085693,provided,explicit_hourly,0.0,3.5431225816821894,0.0,690.6635352555151,687.0356457372532,1.0,0.9999999999999996,0.5431488450801907,3.5431225816821894,1.0,0.0,atmospheric,,,,,0.0,1.0,0.0,0.0,0.0,0.0,49.82117936239986,0.0,49.82117936239986,0.0,0.0,0.0,0.0,0.0,0.0,0.0,0.0,0.0,187.08890185647155,"[0.3019732146495691, 0.34556414570781674, 0.36936026326908183, 0.3955157119516705, 0.3717102084524139, 0.32453350294235317, 0.3224047676190124, 0.3206699532983342]","[0.3019732146495691, 0.34556414570781674, 0.36936026326908183, 0.3955157119516705, 0.3717102084524139, 0.32453350294235317, 0.3224047676190124, 0.3206699532983342]",[],1.0,"{'input_timing_assumptions': [], 'bottom_boundary': 'free_drainage', 'substeps': 24, 'precipitation_timing': 'explicit_hourly', 'plant_water_stress_method': 'compensated_layer_depletion', 'root_zone_stress_factor': 0.9999999999999996, 'root_zone_depletion_fraction': 0.5431488450801907, 'readily_available_water_adjustment': 'none', 'potential_et_demand_mm': 3.5431225816821894, 'surface_wetness': [0.7726059666482393]}",3.543122581682187,2015-10-21,True,19.303681649376507,50.0,[],[]
2015-10-29,wheat,0,BBCH0,0.011685980302051226,0.3108950816260444,0.6553422473851946,18.745381338017808,0.0,0.0,0.0,0.0,3.2133903178396954,0.0,0.0,0.0,0.0,0.0,0.08520551665912618,0.0,0.0,687.0356457372532,0.0,683.7370499027543,-3.298595834498883,6.128431095930864e-14,2.481074333190918,provided,explicit_hourly,0.0,3.2133903178396945,0.0,687.0356457372532,683.7370499027543,1.0,0.9999999999999996,0.5431488450801907,3.2133903178396945,1.0,0.0,atmospheric,,,,,0.0,1.0,0.0,0.0,0.0,0.0,49.82117936239986,0.0,49.82117936239986,0.0,0.0,0.0,0.0,0.0,0.0,0.0,0.0,0.0,190.15078690431523,"[0.285720708039579, 0.33761425914476606, 0.3655110009155603, 0.3936065683969354, 0.3716602307992395, 0.32490304683773663, 0.3225884397170936, 0.32078696379355554]","[0.285720708039579, 0.33761425914476606, 0.3655110009155603, 0.3936065683969354, 0.3716602307992395, 0.32490304683773663, 0.3225884397170936, 0.32078696379355554]",[],1.0,"{'input_timing_assumptions': [], 'bottom_boundary': 'free_drainage', 'substeps': 24, 'precipitation_timing': 'explicit_hourly', 'plant_water_stress_method': 'compensated_layer_depletion', 'root_zone_stress_factor': 0.9999999999999996, 'root_zone_depletion_fraction': 0.5431488450801907, 'readily_available_water_adjustment': 'none', 'potential_et_demand_mm': 3.2133903178396945, 'surface_wetness': [0.723164597025092]}",3.2133903178396954,2015-10-21,True,17.24732146495691,50.0,[],[]
2015-10-30,wheat,0,BBCH0,0.012826571624404122,0.3286728594038222,0.6516249356988011,20.574994150610525,0.0,0.0,0.0,0.0,2.7198574695874718,0.0,0.0,0.0,0.0,0.0,0.085670709167752,0.0,0.0,683.7370499027543,0.0,680.9315217239991,-2.8055281787551394,-8.43769498715119e-14,2.103769540786743,provided,explicit_hourly,0.0,2.724719925918472,0.0,683.7370499027543,680.9315217239991,1.0,0.9999999999999996,0.5431488450801907,2.724719925918472,1.0,0.0,atmospheric,,,,,0.0,1.0,0.0,0.0,0.0,0.0,49.82117936239986,0.0,49.82117936239986,0.0,0.0,0.0,0.0,0.0,0.0,0.0,0.0,0.0,193.09360599319706,"[0.2741214718919804, 0.3305580577353463, 0.36144258853925576, 0.3917040449414256, 0.3715083000240226, 0.3252581772017253, 0.32277531111148094, 0.3209102225104186]","[0.2741214718919804, 0.3305580577353463, 0.36144258853925576, 0.3917040449414256, 0.3715083000240226, 0.3252581772017253, 0.32277531111148094, 0.3209102225104186]",[],1.0,"{'input_timing_assumptions': [], 'bottom_boundary': 'free_drainage', 'substeps': 24, 'precipitation_timing': 'explicit_hourly', 'plant_water_stress_method': 'compensated_layer_depletion', 'root_zone_stress_factor': 0.9999999999999996, 'root_zone_depletion_fraction': 0.5431488450801907, 'readily_available_water_adjustment': 'none', 'potential_et_demand_mm': 2.724719925918472, 'surface_wetness': [0.6878788324669599]}",2.7198574695874718,2015-10-21,True,15.622070803957898,50.0,[],[]
2015-10-31,wheat,9,BBCH9,0.014117474861095212,0.34645063718159996,0.6479373759424056,22.645721023050008,0.002067083409731824,0.0,0.0,0.0,2.3737164351462994,0.13664946362077432,0.0,0.0,0.0,0.0,0.08616249713199534,0.0,0.0,680.9315217239991,0.13664946362077446,678.3349933281,-2.5965283958990995,3.019806626980426e-14,2.0619654655456543,provided,explicit_hourly,0.13664946362077443,2.4595847080528306,0.0,680.9315217239991,678.3349933281,0.999999999999999,0.9999999999999996,0.5431488450801907,2.596234171673605,0.999999999999999,0.13664946362077443,atmospheric,,,,,0.0,1.0,7.467924003065379,7.467924003065365,0.14574448346469707,8.936990408252537,57.28910336546522,0.0,51.171184308413714,5.87217788099404,0.24574117605747148,1.5890816951124784,0.0,0.0,0.0,0.0,0.0,-1.7763568394002505e-15,196.4242421398909,"[0.26439240229356853, 0.32393282363769416, 0.3573977768441303, 0.38981284308479697, 0.37127156359217395, 0.3255963516286983, 0.32296474231955274, 0.32103960469733117]","[0.26439240229356853, 0.32393282363769416, 0.3573977768441303, 0.38981284308479697, 0.37127156359217395, 0.3255963516286983, 0.32296474231955274, 0.32103960469733117]",[],1.0,"{'input_timing_assumptions': [], 'bottom_boundary': 'free_drainage', 'substeps': 24, 'precipitation_timing': 'explicit_hourly', 'plant_water_stress_method': 'compensated_layer_depletion', 'root_zone_stress_factor': 0.9999999999999996, 'root_zone_depletion_fraction': 0.5431488450801907, 'readily_available_water_adjustment': 'none', 'potential_et_demand_mm': 2.596234171673605, 'surface_wetness': [0.6582822577571403]}",2.510365898767074,2015-10-21,True,14.462147189198037,50.0,[],[]
2015-11-01,wheat,9,BBCH9,0.015900393890706802,0.3589708254072401,0.6442810073832035,25.50568623273049,0.0055452902235153135,0.0,0.0,0.0,2.7581837120993606,0.1725434298522659,0.0,0.0,0.0,0.0,0.08668071802185379,0.0,0.0,678.3349933281,0.1725434298522659,675.3175854681267,-3.017407859973332,-1.4832579608992091e-13,2.537696361541748,provided,explicit_hourly,0.1725434298522658,3.0203110209309654,0.0,678.3349933281,675.3175854681267,1.0,0.9999999999999996,0.5431488450801907,3.1928544507832313,1.0,0.1725434298522658,atmospheric,,,,,0.0,1.0,9.201411191307013,9.201411191307013,0.15206388114982358,20.282719283307404,66.49051455677224,0.0,53.390827178191586,12.515879843734409,0.5838075348462439,3.3869470511575877,0.0,0.0,0.0,0.0,0.0,3.552713678800501e-15,201.02431935549527,"[0.2504691053178069, 0.3173594697424485, 0.35343913604337995, 0.3879417819017452, 0.3709646277347774, 0.32591576294987906, 0.32315605359311994, 0.32117494343554265]","[0.2504691053178069, 0.3173594697424485, 0.35343913604337995, 0.3879417819017452, 0.3709646277347774, 0.32591576294987906, 0.32315605359311994, 0.32117494343554265]",[],1.0,"{'input_timing_assumptions': [], 'bottom_boundary': 'free_drainage', 'substeps': 24, 'precipitation_timing': 'explicit_hourly', 'plant_water_stress_method': 'compensated_layer_depletion', 'root_zone_stress_factor': 0.9999999999999996, 'root_zone_depletion_fraction': 0.5431488450801907, 'readily_available_water_adjustment': 'none', 'potential_et_demand_mm': 3.1928544507832313, 'surface_wetness': [0.6159265221976581]}",2.9307271419516265,2015-10-21,True,13.48924022935685,50.0,[],[]
2015-11-02,wheat,9,BBCH9,0.017902881133767912,0.36875589317745633,0.6406573013134722,28.7178589410062,0.009451841591048261,0.0,0.0,0.0,2.922077808617082,0.2052637316051005,0.0,0.0,0.0,0.0,0.08722505111599922,0.0,0.0,675.3175854681267,0.20526373165436324,672.1030188767886,-3.214566591338098,-8.348877145181177e-14,2.8987045288085938,provided,explicit_hourly,0.20526373165436315,3.4373532124185697,0.0,675.3175854681267,672.1030188767886,0.9999999997600028,0.9999999997600032,0.5431488450801907,3.642616944072933,0.9999999997600028,0.20526373165436315,atmospheric,,,,,0.0,1.0,13.81553113918292,13.815531133016231,0.16189094128730736,31.591808340581746,80.30604568978848,0.0,56.843408984831,22.49111835839129,0.9715183465661781,6.086366116667727,0.0,0.0,0.0,0.0,0.0,5.329070518200751e-15,206.1909005565219,"[0.235364845411197, 0.3102082667999014, 0.34944434512301537, 0.3860958389777649, 0.37059993667063323, 0.32621522276451287, 0.3233485550278103, 0.3213160291626801]","[0.235364845411197, 0.3102082667999014, 0.34944434512301537, 0.3860958389777649, 0.37059993667063323, 0.32621522276451287, 0.3233485550278103, 0.3213160291626801]",[],1.0,"{'input_timing_assumptions': [], 'bottom_boundary': 'free_drainage', 'substeps': 24, 'precipitation_timing': 'explicit_hourly', 'plant_water_stress_method': 'compensated_layer_depletion', 'root_zone_stress_factor': 0.9999999997600032, 'root_zone_depletion_fraction': 0.5431488450801907, 'readily_available_water_adjustment': 'none', 'potential_et_demand_mm': 3.642616944072933, 'surface_wetness': [0.5699782069717618]}",3.1273415402221825,2015-10-21,True,12.096910531780692,50.0,[],[]
2015-11-03,wheat,10,BBCH10,0.020058796537649554,0.37673554049597846,0.6370677607476267,32.176144453533915,0.013657708219414165,0.0,0.0,0.0,3.24146241167429,0.2652257619155934,0.0,0.0,0.0,0.0,0.087795013372595,0.0,0.0,672.1030188767886,0.26522576245300117,668.5085356898261,-3.5944831869625204,4.218847493575595e-14,3.528010368347168,provided,explicit_hourly,0.2652257624530012,4.1598217275121465,0.0,672.1030188767886,668.5085356898261,0.9999999979737723,0.9999999979737721,0.5431488450801907,4.425047489965148,0.9999999979737723,0.2652257624530012,atmospheric,,,,,2.220446049250313e-16,1.0,14.950758749577986,14.950758693236311,0.1728480299133963,42.75340413702587,95.25680438302479,0.0,60.69413925609614,33.15379447566603,1.4088706512626104,8.971814034332992,0.0,0.0,0.0,0.0,0.0,-1.7763568394002505e-15,211.75333898667708,"[0.2179284456430549, 0.30200780880770695, 0.34526566167316636, 0.38427398485155745, 0.3701878522985063, 0.32649404877969757, 0.3235415690698861, 0.32146261122458647]","[0.2179284456430549, 0.30200780880770695, 0.34526566167316636, 0.38427398485155745, 0.3701878522985063, 0.32649404877969757, 0.3235415690698861, 0.32146261122458647]",[],1.0,"{'input_timing_assumptions': [], 'bottom_boundary': 'free_drainage', 'substeps': 24, 'precipitation_timing': 'explicit_hourly', 'plant_water_stress_method': 'compensated_layer_depletion', 'root_zone_stress_factor': 0.9999999979737721, 'root_zone_depletion_fraction': 0.5431488450801907, 'readily_available_water_adjustment': 'none', 'potential_et_demand_mm': 4.425047489965148, 'surface_wetness': [0.5169353437063643]}",3.5066881735898834,2015-10-21,True,10.5864845411197,50.0,[],[]
2015-11-04,wheat,10,BBCH10,0.02227520134487779,0.38428221119774714,0.6335139200088358,35.731460502082825,0.017981580574000663,0.0,0.0,0.0,2.0040451850576364,0.1874481956811909,0.0,0.0,0.0,0.0,0.08838996167682323,0.0,0.0,668.5085356898261,0.18744819629276474,666.2286523474105,-2.2798833424155873,-6.306066779870889e-14,2.342670440673828,provided,explicit_hourly,0.18744819629276474,2.744707532142023,0.0,668.5085356898261,666.2286523474105,0.9999999967373714,0.9999999967373713,0.5431488450801907,2.9321557284347874,0.9999999967373714,0.18744819629276474,atmospheric,,,,,0.0,1.0,15.181211701038835,15.181211608919174,0.18388759361809004,53.493590036603464,110.43801599194396,0.0,64.5750493426973,43.980826452775474,1.882140196471184,11.901738616983682,0.0,0.0,0.0,0.0,0.0,-3.552713678800501e-15,217.47184503487813,"[0.21232425240371594, 0.29535031932991646, 0.34102354974676435, 0.38247316269394077, 0.369736819969695, 0.32675195825863385, 0.3237344464283584, 0.3216144008736279]","[0.21232425240371594, 0.29535031932991646, 0.34102354974676435, 0.38247316269394077, 0.369736819969695, 0.32675195825863385, 0.3237344464283584, 0.3216144008736279]",[],1.0,"{'input_timing_assumptions': [], 'bottom_boundary': 'free_drainage', 'substeps': 24, 'precipitation_timing': 'explicit_hourly', 'plant_water_stress_method': 'compensated_layer_depletion', 'root_zone_stress_factor': 0.9999999967373713, 'root_zone_depletion_fraction': 0.5431488450801907, 'readily_available_water_adjustment': 'none', 'potential_et_demand_mm': 2.9321557284347874, 'surface_wetness': [0.49988695873814115]}",2.1914933807388275,2015-10-21,True,8.842844564305489,50.0,[],[]
2015-11-05,wheat,10,BBCH10,0.0241519369460297,0.397572799258762,0.6299973441994482,38.74191607405153,0.021642809405586293,0.6455105775280785,0.0,0.0,1.7747519738546647,0.12041958825070612,0.06530250066302792,0.0,0.0,0.0,0.08900909965466952,0.0,0.0,666.2286523474105,0.12041958869101613,664.8246797625154,-1.4039725848950866,9.681144774731365e-14,2.137183427810669,provided,explicit_hourly,0.18135663473326855,2.4879744136904405,0.0,666.2286523474105,664.8246797625154,0.999999996343535,0.9999999963666855,0.5431488450801907,2.669331048423709,0.999999996343535,0.18135663473326855,atmospheric,,,,,0.3360067092768675,1.0,6.664035139979539,6.66403509466089,0.1881430428125976,63.619841323013006,117.10205108660485,0.0,66.07168780260186,48.73352491487206,2.296838369130924,13.187875767724837,0.0,0.0,0.0,0.0,0.0,-8.881784197001252e-16,222.31397669379774,"[0.2128797252614122, 0.2908984765862808, 0.33711302715828306, 0.3806984561420093, 0.36925385797861354, 0.32698897721824627, 0.32392657652258244, 0.3217710752202215]","[0.2128797252614122, 0.2908984765862808, 0.33711302715828306, 0.3806984561420093, 0.36925385797861354, 0.32698897721824627, 0.32392657652258244, 0.3217710752202215]",[],1.0,"{'input_timing_assumptions': [], 'bottom_boundary': 'free_drainage', 'substeps': 24, 'precipitation_timing': 'explicit_hourly', 'plant_water_stress_method': 'compensated_layer_depletion', 'root_zone_stress_factor': 0.9999999963666855, 'root_zone_depletion_fraction': 0.5431488450801907, 'readily_available_water_adjustment': 'none', 'potential_et_demand_mm': 2.669331048423709, 'surface_wetness': [0.5015767497058989]}",1.9604740627683988,2015-10-21,True,8.282425240371593,50.0,[],[]
2015-11-06,wheat,11,BBCH11,0.024985945672950094,0.41535057703653977,0.6265196285494514,40.07974236001689,0.02326983496790886,13.388904339006244,0.0,0.0,1.3325420320427535,0.0023624216238261886,0.12147178366837341,0.0,0.0,0.0,0.08965478722061632,0.0,0.0,664.8246797625154,0.0023624216318625353,676.6675530769662,11.842873314450799,-1.2434497875801753e-13,1.2059557437896729,provided,explicit_hourly,0.10457609865818457,1.4004369911220844,0.0,664.8246797625154,676.5714263874344,0.9999999965982589,0.9999999995936588,0.5431488450801907,1.505013089780269,0.9999999965982589,0.10457609865818457,atmospheric,,,,,0.9774095451812148,1.0,0.43138858237068806,0.43138857964140764,0.18778068346016932,68.70396809951156,117.53343966624625,0.0,65.94450384832409,49.11027137577061,2.4786644421515547,13.289827874225217,0.0,0.0,0.0,0.0,0.0,-6.661338147750939e-16,224.4657875604738,"[0.3274131183570666, 0.30192745051400643, 0.33459126920865595, 0.378968227227705, 0.3687450973233793, 0.32720527221026635, 0.32411738483502545, 0.3219323023182314]","[0.3274131183570666, 0.30192745051400643, 0.33459126920865595, 0.378968227227705, 0.3687450973233793, 0.32720527221026635, 0.32411738483502545, 0.3219323023182314]",[],1.0,"{'input_timing_assumptions': [], 'bottom_boundary': 'free_drainage', 'substeps': 24, 'precipitation_timing': 'explicit_hourly', 'plant_water_stress_method': 'compensated_layer_depletion', 'root_zone_stress_factor': 0.9999999995936588, 'root_zone_depletion_fraction': 0.5431488450801907, 'readily_available_water_adjustment': 'none', 'potential_et_demand_mm': 1.505013089780269, 'surface_wetness': [0.8499961017555543]}",1.4563762373349531,2015-10-21,True,8.337972526141217,50.0,[],[]
2015-11-07,wheat,11,BBCH11,0.025545798724028415,0.4331283548143175,0.6230823976372142,40.977797864515196,0.024362024049205677,3.4088760000280445,0.0,0.0,0.9459248692802634,0.0,0.08403817060001362,0.0,0.0,0.0,0.09031673797636641,0.0,0.0,676.6675530769662,0.0,678.9561492991376,2.28859622217135,5.10702591327572e-14,0.8143913745880127,provided,explicit_hourly,0.0704923179135622,0.9459248692802633,0.0,676.5714263874344,678.9064619013358,1.0,0.9999999999999996,0.5431488450801907,1.0164171871938255,1.0,0.0704923179135622,atmospheric,,,,,1.0,1.0,1.0427500123263937,1.0427500123263937,0.18768915466121322,71.9383382197513,118.57618967857265,0.0,65.91247418103272,50.06752850822312,2.5961869893168057,13.54887312413489,0.0,0.0,0.0,0.0,0.0,2.220446049250313e-16,225.91025431503698,"[0.33720164116541623, 0.3194801081438775, 0.33471563600329385, 0.37733309320494385, 0.3682171810129518, 0.3274015031150439, 0.32430636877305813, 0.3220976648288417]","[0.33720164116541623, 0.3194801081438775, 0.33471563600329385, 0.37733309320494385, 0.3682171810129518, 0.3274015031150439, 0.32430636877305813, 0.3220976648288417]",[],1.0,"{'input_timing_assumptions': [], 'bottom_boundary': 'free_drainage', 'substeps': 24, 'precipitation_timing': 'explicit_hourly', 'plant_water_stress_method': 'compensated_layer_depletion', 'root_zone_stress_factor': 0.9999999999999996, 'root_zone_depletion_fraction': 0.5431488450801907, 'readily_available_water_adjustment': 'none', 'potential_et_demand_mm': 1.0164171871938255, 'surface_wetness': [0.8797735376825604]}",1.029963039880277,2015-10-21,True,19.791311835706658,50.0,[],[]
2015-11-08,wheat,11,BBCH11,0.026470528489211272,0.45090613259209533,0.619687304476802,42.46114899423819,0.02616603270958108,2.2339017544878135,0.0,0.0,0.9866233201716595,0.0,0.08760882358358599,0.0,0.0,0.0,0.0910016942730439,0.0,0.0,678.9561492991376,0.0,680.0248172155971,1.0686679164595034,2.0650148258027912e-14,0.8493854999542236,provided,explicit_hourly,0.07348742839109734,0.9866233201716593,0.0,678.9064619013358,679.9751265763963,1.0,0.9999999999999996,0.5431488450801907,1.0601107485627566,1.0,0.07348742839109734,atmospheric,,,,,1.0,1.0,5.3430987069164715,5.3430987069164715,0.1891429900838806,76.43543344556515,123.91928838548912,0.0,66.42403519829845,54.71177220126325,2.7834809859274117,14.805661114862845,0.0,0.0,0.0,0.0,0.0,7.105427357601002e-15,228.2961328954768,"[0.3401577890977482, 0.32895910039600657, 0.3361561393083426, 0.37583130340117693, 0.3676771129658814, 0.3275782688390063, 0.32449306089128516, 0.32226678128223746]","[0.3401577890977482, 0.32895910039600657, 0.3361561393083426, 0.37583130340117693, 0.3676771129658814, 0.3275782688390063, 0.32449306089128516, 0.32226678128223746]",[],1.0,"{'input_timing_assumptions': [], 'bottom_boundary': 'free_drainage', 'substeps': 24, 'precipitation_timing': 'explicit_hourly', 'plant_water_stress_method': 'compensated_layer_depletion', 'root_zone_stress_factor': 0.9999999999999996, 'root_zone_depletion_fraction': 0.5431488450801907, 'readily_available_water_adjustment': 'none', 'potential_et_demand_mm': 1.0601107485627566, 'surface_wetness': [0.8887663660560794]}",1.0742321437552456,2015-10-21,True,20.770164116541622,50.0,[],[]
2015-11-09,wheat,11,BBCH11,0.027661328900472893,0.46868391036987306,0.6163360294662666,44.37130177813851,0.028489105174183498,0.0,0.0,0.0,1.1147720655191322,0.04185576323295337,0.0496906392007965,0.0,0.0,0.0,0.09170693595952865,0.0,0.0,680.0248172155971,0.04185576323295337,678.7267918116845,-1.2980254039125612,1.503241975342462e-13,0.9605185389518738,provided,explicit_hourly,0.08371152646590675,1.1147720655191324,0.0,679.9751265763963,678.7267918116845,1.0,0.9999999999999996,0.5431488450801907,1.1984835919850392,1.0,0.08371152646590675,atmospheric,,,,,0.5,1.0,8.750139176915704,8.750139176915704,0.19252675448993034,81.29971108378386,132.6694275624048,0.0,67.61459796159062,62.03632306037282,3.018506540441379,16.787772340206224,0.0,0.0,0.0,0.0,0.0,-3.730349362740526e-14,231.3684955486312,"[0.32755557131971663, 0.3301553449718255, 0.3378481624138176, 0.3744652937643478, 0.367131360743346, 0.3277363856769101, 0.3246770494285268, 0.32243924341961505]","[0.32755557131971663, 0.3301553449718255, 0.3378481624138176, 0.3744652937643478, 0.367131360743346, 0.3277363856769101, 0.3246770494285268, 0.32243924341961505]",[],1.0,"{'input_timing_assumptions': [], 'bottom_boundary': 'free_drainage', 'substeps': 24, 'precipitation_timing': 'explicit_hourly', 'plant_water_stress_method': 'compensated_layer_depletion', 'root_zone_stress_factor': 0.9999999999999996, 'root_zone_depletion_fraction': 0.5431488450801907, 'readily_available_water_adjustment': 'none', 'potential_et_demand_mm': 1.1984835919850392, 'surface_wetness': [0.8504294545760948]}",1.206318467952882,2015-10-21,True,21.065778909774814,50.0,[],[]
2015-11-10,wheat,11,BBCH11,0.02899289109540605,0.48646168814765084,0.6130302791914466,46.50724933873202,0.031086782703264548,0.0072529277918560574,0.0,0.0,1.0637503882983939,0.0806241927156686,0.0007663200562015359,0.0,0.0,0.0,0.0924304917729522,0.0,0.0,678.7267918116845,0.0806241927156686,677.4964733466331,-1.2303184650513685,8.43769498715119e-15,0.9183574318885803,provided,explicit_hourly,0.08139051277187015,1.0637503882983945,0.0,678.7267918116845,677.4964733466331,1.0,0.9999999999999996,0.5431488450801907,1.1451409010702647,1.0,0.08139051277187015,atmospheric,,,,,0.009415348670298584,1.0,6.359379357774469,6.359379357774469,0.19497903603291838,87.01481734516055,139.02880692017925,0.0,68.47773883382817,67.27346844307128,3.277599643279828,18.20500663231186,0.0,0.0,0.0,0.0,0.0,-1.1546319456101628e-14,234.80403513979624,"[0.3186980398942447, 0.32829801682258486, 0.3390321897324385, 0.3732155556571267, 0.36658498849337634, 0.3278768030553955, 0.3248579793719186, 0.322614629570517]","[0.3186980398942447, 0.32829801682258486, 0.3390321897324385, 0.3732155556571267, 0.36658498849337634, 0.3278768030553955, 0.3248579793719186, 0.322614629570517]",[],1.0,"{'input_timing_assumptions': [], 'bottom_boundary': 'free_drainage', 'substeps': 24, 'precipitation_timing': 'explicit_hourly', 'plant_water_stress_method': 'compensated_layer_depletion', 'root_zone_stress_factor': 0.9999999999999996, 'root_zone_depletion_fraction': 0.5431488450801907, 'readily_available_water_adjustment': 'none', 'potential_et_demand_mm': 1.1451409010702647, 'surface_wetness': [0.8234841657253144]}",1.145140901070264,2015-10-21,True,19.80555713197166,50.0,[],[]
2015-11-11,wheat,11,BBCH11,0.030639685741434972,0.5042394659254286,0.6097717850800113,49.14885858565156,0.034299431322516644,0.02901171116742423,0.0,0.0,0.9867663910047689,0.07341518253019223,0.0031021582055336485,0.0,0.0,0.0,0.09317090780861266,0.0,0.0,677.4964733466331,0.07341518253019223,676.3690304182514,-1.1274429283816971,1.3766765505351941e-14,0.8531081080436707,provided,explicit_hourly,0.07651734073572586,0.9867663910047693,0.0,677.4964733466331,676.3690304182514,1.0,0.9999999999999996,0.5431488450801907,1.063283731740495,1.0,0.07651734073572586,atmospheric,,,,,0.040541897767302215,1.0,4.425189115189419,4.425189115189419,0.19674529020766993,94.31260011259616,143.45399603536868,0.0,69.09981624753576,70.76194808037074,3.59223170746219,19.14903102117571,0.0,0.0,0.0,0.0,0.0,6.217248937900877e-15,239.05290028967758,"[0.3121179247770581, 0.32586149438068857, 0.3396425652906379, 0.372058002383721, 0.3660414861458916, 0.3280005275791565, 0.32503554926719475, 0.32279251323985714]","[0.3121179247770581, 0.32586149438068857, 0.3396425652906379, 0.372058002383721, 0.3660414861458916, 0.3280005275791565, 0.32503554926719475, 0.32279251323985714]",[],1.0,"{'input_timing_assumptions': [], 'bottom_boundary': 'free_drainage', 'substeps': 24, 'precipitation_timing': 'explicit_hourly', 'plant_water_stress_method': 'compensated_layer_depletion', 'root_zone_stress_factor': 0.9999999999999996, 'root_zone_depletion_fraction': 0.5431488450801907, 'readily_available_water_adjustment': 'none', 'potential_et_demand_mm': 1.063283731740495, 'surface_wetness': [0.80346695167467]}",1.0632837317404948,2015-10-21,True,18.919803989424473,50.0,[],[]
2015-11-12,wheat,11,BBCH11,0.032407309638965265,0.5220172437032065,0.6065623019007447,51.98428900440578,0.03774779963452898,0.0,0.0,0.0,1.206784439662357,0.09447530641557876,0.0,0.0,0.0,0.0,0.09392667386099524,0.0,0.0,676.3690304182514,0.09447530641557876,674.9738439983124,-1.395186419939023,9.192646643896296e-14,1.0443938970565796,provided,explicit_hourly,0.09447530641557882,1.206784439662357,0.0,676.3690304182514,674.9738439983124,1.0,0.9999999999999996,0.5431488450801907,1.3012597460779358,1.0,0.09447530641557882,atmospheric,,,,,5.551115123125783e-16,1.0,6.523591100479407,6.523591100479407,0.19989276457888058,101.15471158005323,149.97758713584813,0.0,70.20823638957442,75.84622990745862,3.923120838815052,20.52489860351991,0.0,0.0,0.0,0.0,0.0,4.3520742565306136e-14,243.61351481099902,"[0.30387134803251564, 0.32308912491772945, 0.33971184832375123, 0.37097137570327027, 0.3655030900300213, 0.328108576408605, 0.3252095076680619, 0.32297246764830206]","[0.30387134803251564, 0.32308912491772945, 0.33971184832375123, 0.37097137570327027, 0.3655030900300213, 0.328108576408605, 0.3252095076680619, 0.32297246764830206]",[],1.0,"{'input_timing_assumptions': [], 'bottom_boundary': 'free_drainage', 'substeps': 24, 'precipitation_timing': 'explicit_hourly', 'plant_water_stress_method': 'compensated_layer_depletion', 'root_zone_stress_factor': 0.9999999999999996, 'root_zone_depletion_fraction': 0.5431488450801907, 'readily_available_water_adjustment': 'none', 'potential_et_demand_mm': 1.3012597460779358, 'surface_wetness': [0.7783802337463748]}",1.3012597460779358,2015-10-21,True,18.261792477705804,50.0,[],[]
2015-11-13,wheat,12,BBCH12,0.034099123809624786,0.5397950214809841,0.6034036061033738,54.698113686833864,0.041048274573834184,2.8939182605516116,0.0,0.0,0.7056655590738841,0.009182010704497312,0.055255060889745494,0.0,0.0,0.0,0.09469623869498006,0.0,0.0,674.9738439983124,0.009182010704497312,677.002963389501,2.029119391188601,-9.636735853746359e-14,0.6118237972259521,provided,explicit_hourly,0.056180327491199514,0.7056655590738845,0.0,674.9738439983124,676.9000908033971,1.0,0.9999999999999996,0.5431488450801907,0.761845886565084,1.0,0.056180327491199514,atmospheric,,,,,0.8365618159499756,1.0,2.8350075075422043,2.8350075075422043,0.20070472949577625,108.55777415356035,152.8125946433903,0.0,70.49476410393385,78.08184799516665,4.235982544289797,21.129883645260136,0.0,0.0,0.0,0.0,0.0,-3.1530333899354446e-14,247.97853402400438,"[0.3256706216225458, 0.3236989105015584, 0.33957459603498946, 0.3699398759225328, 0.3649711280404003, 0.3282019461191075, 0.32537964839341355, 0.32315406978338596]","[0.3256706216225458, 0.3236989105015584, 0.33957459603498946, 0.3699398759225328, 0.3649711280404003, 0.3282019461191075, 0.32537964839341355, 0.32315406978338596]",[],1.0,"{'input_timing_assumptions': [], 'bottom_boundary': 'free_drainage', 'substeps': 24, 'precipitation_timing': 'explicit_hourly', 'plant_water_stress_method': 'compensated_layer_depletion', 'root_zone_stress_factor': 0.9999999999999996, 'root_zone_depletion_fraction': 0.5431488450801907, 'readily_available_water_adjustment': 'none', 'potential_et_demand_mm': 0.761845886565084, 'surface_wetness': [0.8446952932596133]}",0.7701026306681269,2015-10-21,True,17.43713480325156,50.0,[],[]
2015-11-14,wheat,12,BBCH12,0.03619254074964449,0.5574971628189087,0.6002974939946448,58.05614594650211,0.045132216101146594,0.0,0.0,0.0,1.1040491682439606,0.00165880263275716,0.10287258610391956,0.0,0.0,0.0,0.09547802413780168,0.0,0.0,677.002963389501,0.00165880263275716,675.6989048083825,-1.304058581118511,7.194245199571014e-14,0.9576799273490906,provided,explicit_hourly,0.08827516432071714,1.1040491682439608,0.0,676.9000908033971,675.6989048083825,1.0,0.9999999999999996,0.5431488450801907,1.192324332564678,1.0,0.08827516432071714,atmospheric,,,,,0.9812087278962124,1.0,8.064340677111005,8.064340677111005,0.20545958916518553,115.22587643103115,160.87693532050133,0.0,72.16993233755483,84.09287931816901,4.614123664777466,22.756540745523903,0.0,0.0,0.0,0.0,0.0,2.842170943040401e-14,253.37972129533145,"[0.3157389063869077, 0.3244215443157842, 0.3396065960249135, 0.3689595350382073, 0.3644464401835974, 0.3282815950535252, 0.3255458053131733, 0.3233369038976087]","[0.3157389063869077, 0.3244215443157842, 0.3396065960249135, 0.3689595350382073, 0.3644464401835974, 0.3282815950535252, 0.3255458053131733, 0.3233369038976087]",[],1.0,"{'input_timing_assumptions': [], 'bottom_boundary': 'free_drainage', 'substeps': 24, 'precipitation_timing': 'explicit_hourly', 'plant_water_stress_method': 'compensated_layer_depletion', 'root_zone_stress_factor': 0.9999999999999996, 'root_zone_depletion_fraction': 0.5431488450801907, 'readily_available_water_adjustment': 'none', 'potential_et_demand_mm': 1.192324332564678, 'surface_wetness': [0.8144822550040132]}",1.2085805569806372,2015-10-21,True,19.617062162254577,50.0,[],[]
2015-11-15,wheat,12,BBCH12,0.03844501424631544,0.5740790711508856,0.5972457797468111,61.66931947217235,0.04952645304285134,1.1894801740759509,0.0,0.0,1.0102287844805378,0.056751778185535943,0.02936674876451833,0.0,0.0,0.0,0.09627043777455617,0.0,0.0,675.6989048083825,0.05675177818553594,675.6957672332533,-0.0031375751292443965,4.707345624410664e-14,0.8787177801132202,provided,explicit_hourly,0.0828036104507841,1.0102287844805382,0.0,675.6989048083825,675.5915077058543,1.0,0.9999999999999996,0.5431488450801907,1.0930323949313223,1.0,0.0828036104507841,atmospheric,,,,,0.31462193645206527,1.0,4.439162520633972,4.439162520633972,0.20767263068840075,123.7229682089531,165.31609784113527,0.0,72.95047737810827,87.34497572441988,5.020644738607118,23.6365969997189,0.0,0.0,0.0,0.0,0.0,-2.930988785010413e-14,259.1912875183057,"[0.31891615789409905, 0.32319254477899834, 0.33943781443997467, 0.3680259112168098, 0.3639296797579984, 0.3283484378467475, 0.32570784727214475, 0.32352056444752847]","[0.31891615789409905, 0.32319254477899834, 0.33943781443997467, 0.3680259112168098, 0.3639296797579984, 0.3283484378467475, 0.32570784727214475, 0.32352056444752847]",[],1.0,"{'input_timing_assumptions': [], 'bottom_boundary': 'free_drainage', 'substeps': 24, 'precipitation_timing': 'explicit_hourly', 'plant_water_stress_method': 'compensated_layer_depletion', 'root_zone_stress_factor': 0.9999999999999996, 'root_zone_depletion_fraction': 0.5431488450801907, 'readily_available_water_adjustment': 'none', 'potential_et_demand_mm': 1.0930323949313223, 'surface_wetness': [0.8241476973829868]}",1.0963473114305922,2015-10-21,True,18.623890638690774,50.0,[],[]
2015-11-16,wheat,12,BBCH12,0.04015102648373667,0.5918568489286635,0.5942502932352488,64.40591915240392,0.05285462627452593,1.4578385118313666,0.0,0.0,1.1402567456542307,0.0,0.11269486281910765,0.0,0.0,0.0,0.09707188422787906,0.0,0.0,675.6957672332533,0.0,675.8035822523834,0.10781501913015745,-8.215650382226158e-15,0.9930926561355591,provided,explicit_hourly,0.09452992658396266,1.140256745654231,0.0,675.5915077058543,675.7783288625714,1.0,0.9999999999999996,0.5431488450801907,1.2347866722381937,1.0,0.09452992658396266,atmospheric,,,,,1.0,1.0,1.7355643279366206,1.7355643279366206,0.20778099829838498,130.88815801686934,167.0516621690719,0.0,72.98952265197359,88.7378703146332,5.324269202465118,24.013530965512608,0.0,0.0,0.0,0.0,0.0,8.43769498715119e-15,263.59293890715946,"[0.3213675889003877, 0.3253459774320387, 0.3394124365753704, 0.36713380746865987, 0.36342123999885784, 0.3284033428708547, 0.3258656734808089, 0.32370465851179475]","[0.3213675889003877, 0.3253459774320387, 0.3394124365753704, 0.36713380746865987, 0.36342123999885784, 0.3284033428708547, 0.3258656734808089, 0.32370465851179475]",[],1.0,"{'input_timing_assumptions': [], 'bottom_boundary': 'free_drainage', 'substeps': 24, 'precipitation_timing': 'explicit_hourly', 'plant_water_stress_method': 'compensated_layer_depletion', 'root_zone_stress_factor': 0.9999999999999996, 'root_zone_depletion_fraction': 0.5431488450801907, 'readily_available_water_adjustment': 'none', 'potential_et_demand_mm': 1.2347866722381937, 'surface_wetness': [0.831605138219409]}",1.2529516084733383,2015-10-21,True,18.9416157894099,50.0,[],[]
2015-11-17,wheat,12,BBCH12,0.04184785849305024,0.6096346267064413,0.5913128777025507,67.12779290702207,0.05616489026218786,0.49319910605776923,0.0,0.0,1.2744440888866533,0.06330656879899481,0.04917760822484052,0.0,0.0,0.0,0.09788077511451931,0.0,0.0,675.8035822523834,0.06330656879899481,674.8119723174162,-0.9916099349671867,-5.1958437552457326e-14,1.110031247138977,provided,explicit_hourly,0.10571288963428369,1.2744440888866533,0.0,675.7783288625714,674.779901462277,1.0,0.9999999999999996,0.5431488450801907,1.3801569785209369,1.0,0.10571288963428369,atmospheric,,,,,0.40114617036763045,1.0,5.193423964444994,5.193423964444994,0.20976572349551026,136.57500851497213,172.2450861335169,0.0,73.6897555695596,92.93624488601475,5.61908567794255,25.14966142950985,0.0,0.0,0.0,0.0,0.0,8.881784197001252e-15,267.9709045551295,"[0.31520866999449715, 0.3243086816625563, 0.3393050096348615, 0.3662823144718521, 0.36292141573030484, 0.32844713077014864, 0.3260192093307447, 0.3238888077364757]","[0.31520866999449715, 0.3243086816625563, 0.3393050096348615, 0.3662823144718521, 0.36292141573030484, 0.32844713077014864, 0.3260192093307447, 0.3238888077364757]",[],1.0,"{'input_timing_assumptions': [], 'bottom_boundary': 'free_drainage', 'substeps': 24, 'precipitation_timing': 'explicit_hourly', 'plant_water_stress_method': 'compensated_layer_depletion', 'root_zone_stress_factor': 0.9999999999999996, 'root_zone_depletion_fraction': 0.5431488450801907, 'readily_available_water_adjustment': 'none', 'potential_et_demand_mm': 1.3801569785209369, 'surface_wetness': [0.8128692352961052]}",1.3869282659104887,2015-10-21,True,19.186758890038767,50.0,[],[]
2015-11-18,wheat,13,BBCH13,0.04323747247790946,0.6274124044842191,0.5884353872471747,69.35686084873821,0.05887581810040782,0.5294637544737912,0.0,0.0,1.061775154306998,0.011120110256281908,0.09272319304762257,0.0,0.0,0.0,0.09869553777563811,0.0,0.0,674.8119723174162,0.011120110256281908,674.0771220765035,-0.7348502409126922,-5.706546346573305e-14,0.9258633852005005,provided,explicit_hourly,0.08896586830778083,1.0617751543069984,0.0,674.779901462277,674.0771220765035,1.0,0.9999999999999996,0.5431488450801907,1.1507410226147792,1.0,0.08896586830778083,atmospheric,,,,,0.8750070058574434,1.0,6.844093192815093,6.844093192815093,0.21214972380638458,140.55449300578016,179.089179326332,0.0,74.53067842354912,98.70131229414831,5.857188608634559,26.709757747267137,0.0,0.0,0.0,0.0,0.0,-1.2434497875801753e-14,271.55622252194075,"[0.3116390361587023, 0.32366179929910677, 0.3391426168373159, 0.36546613844713544, 0.3624303689660293, 0.32848057563201133, 0.3261684027003075, 0.32407264985598055]","[0.3116390361587023, 0.32366179929910677, 0.3391426168373159, 0.36546613844713544, 0.3624303689660293, 0.32848057563201133, 0.3261684027003075, 0.32407264985598055]",[],1.0,"{'input_timing_assumptions': [], 'bottom_boundary': 'free_drainage', 'substeps': 24, 'precipitation_timing': 'explicit_hourly', 'plant_water_stress_method': 'compensated_layer_depletion', 'root_zone_stress_factor': 0.9999999999999996, 'root_zone_depletion_fraction': 0.5431488450801907, 'readily_available_water_adjustment': 'none', 'potential_et_demand_mm': 1.1507410226147792, 'surface_wetness': [0.8020101358273292]}",1.1656184576109025,2015-10-21,True,18.570866999449713,50.0,[],[]
2015-11-19,wheat,13,BBCH13,0.04458906695627005,0.6451901822619968,0.5856196841355692,71.52494202433127,0.061512575600904125,0.0072529277918560574,0.0,0.0,0.836687099198434,0.07011286301966375,0.0008397276984346765,0.0,0.0,0.0,0.09951462289245216,0.0,0.0,674.0771220765035,0.07011286301966377,673.0772206914863,-0.9999013850172105,8.193445921733655e-14,0.7305970788002014,provided,explicit_hourly,0.07095259071809847,0.8366870991984339,0.0,674.0771220765035,673.0772206914863,0.9999999999999998,0.9999999999999996,0.5431488450801907,0.9076396899165323,0.9999999999999998,0.07095259071809847,atmospheric,,,,,0.011835053377698634,1.0,3.8112195258279784,3.8112195258279766,0.21311832467247327,145.18052434901188,182.90039885215998,0.0,74.87284613497161,101.94147335592459,6.086079361263771,27.586584154237848,0.0,0.0,0.0,0.0,0.0,1.7319479184152442e-14,275.04344704609525,"[0.3065489806699008, 0.3219212984755683, 0.33871251946422415, 0.3646793513688105, 0.3619481183621145, 0.32850440496403355, 0.3263132206947598, 0.32425583984075207]","[0.3065489806699008, 0.3219212984755683, 0.33871251946422415, 0.3646793513688105, 0.3619481183621145, 0.32850440496403355, 0.3263132206947598, 0.32425583984075207]",[],1.0,"{'input_timing_assumptions': [], 'bottom_boundary': 'free_drainage', 'substeps': 24, 'precipitation_timing': 'explicit_hourly', 'plant_water_stress_method': 'compensated_layer_depletion', 'root_zone_stress_factor': 0.9999999999999996, 'root_zone_depletion_fraction': 0.5431488450801907, 'readily_available_water_adjustment': 'none', 'potential_et_demand_mm': 0.9076396899165323, 'surface_wetness': [0.786525797265702]}",0.9076396899165324,2015-10-21,True,18.21390361587023,50.0,[],[]
2015-11-20,wheat,13,BBCH13,0.046347673755356304,0.6629679600397747,0.5828676359376069,74.3459081923742,0.06494335291033713,0.16681734596750486,0.0,0.0,0.7925595233431056,0.04976236622255334,0.01939658040497262,0.0,0.0,0.0,0.10033651108930777,0.0,0.0,673.0772206914863,0.04976236622255334,672.281983056394,-0.7952376350923487,-8.58202398035246e-14,0.6924536824226379,provided,explicit_hourly,0.06753670902342139,0.7925595233431055,0.0,673.0772206914863,672.281983056394,1.0,0.9999999999999996,0.5431488450801907,0.8600962323665269,1.0,0.06753670902342139,atmospheric,,,,,0.26318046967174547,1.0,2.7405514578981327,2.7405514578981327,0.21376780612967602,151.4237578795388,185.6409503100581,0.0,75.10284917155639,104.15960716237878,6.378493976122925,28.186837739973885,0.0,0.0,0.0,0.0,0.0,-2.5757174171303632e-14,279.58079671443437,"[0.3037509945047405, 0.3201324633817486, 0.33813336837954966, 0.3639152148339303, 0.36147450332846104, 0.3285192996889745, 0.32645364674026767, 0.32443805071505116]","[0.3037509945047405, 0.3201324633817486, 0.33813336837954966, 0.3639152148339303, 0.36147450332846104, 0.3285192996889745, 0.32645364674026767, 0.32443805071505116]",[],1.0,"{'input_timing_assumptions': [], 'bottom_boundary': 'free_drainage', 'substeps': 24, 'precipitation_timing': 'explicit_hourly', 'plant_water_stress_method': 'compensated_layer_depletion', 'root_zone_stress_factor': 0.9999999999999996, 'root_zone_depletion_fraction': 0.5431488450801907, 'readily_available_water_adjustment': 'none', 'potential_et_demand_mm': 0.8600962323665269, 'surface_wetness': [0.7780141090989606]}",0.8617184699706316,2015-10-21,True,17.704898066990076,50.0,[],[]
2015-11-21,wheat,13,BBCH13,0.047852731735181425,0.6807457378175523,0.5801811124862291,76.7601588618449,0.06787949461594638,1.1459626478537077,0.0,0.0,0.8017475369508774,0.03902663773994044,0.032807116295306984,0.0,0.0,0.0,0.10115971860081488,0.0,0.0,672.281983056394,0.03902663773994044,672.4532046946607,0.17122163826672931,3.863576125695545e-14,0.7007451057434082,provided,explicit_hourly,0.06854103102404067,0.8017475369508775,0.0,672.281983056394,672.3523843179436,1.0,0.9999999999999996,0.5431488450801907,0.8702885679749182,1.0,0.06854103102404067,atmospheric,,,,,0.4306091233694471,1.0,2.0888970628216534,2.0888970628216534,0.2140140823374231,156.84043858799396,187.72984737287976,0.0,75.1905931999303,105.9150813685858,6.6241728043636385,28.661890094289397,0.0,0.0,0.0,0.0,0.0,1.9095836023552692e-14,283.4639696494753,"[0.3094884346943405, 0.31862128730055417, 0.33743925514598444, 0.363169524611105, 0.3610092513159566, 0.32852589439151136, 0.3265896779762166, 0.3246189740828346]","[0.3094884346943405, 0.31862128730055417, 0.33743925514598444, 0.363169524611105, 0.3610092513159566, 0.32852589439151136, 0.3265896779762166, 0.3246189740828346]",[],1.0,"{'input_timing_assumptions': [], 'bottom_boundary': 'free_drainage', 'substeps': 24, 'precipitation_timing': 'explicit_hourly', 'plant_water_stress_method': 'compensated_layer_depletion', 'root_zone_stress_factor': 0.9999999999999996, 'root_zone_depletion_fraction': 0.5431488450801907, 'readily_available_water_adjustment': 'none', 'potential_et_demand_mm': 0.8702885679749182, 'surface_wetness': [0.7954678414930979]}",0.8735812909861248,2015-10-21,True,17.42509945047405,50.0,[],[]
2015-11-22,wheat,13,BBCH13,0.048217811238450876,0.6946117471513295,0.5775619826633306,77.34577977943952,0.06859170980617918,11.517649673910123,0.0,0.0,0.7827255047224713,0.0,0.07987097614189699,0.0,0.0,0.0,0.10198442440713712,0.0,0.0,672.4532046946607,0.0,683.0062734632995,10.55306876863881,-1.9184653865522705e-13,0.6842171549797058,provided,explicit_hourly,0.06699682063593408,0.7827255047224717,0.0,672.3523843179436,682.8928680479652,1.0,0.9999999999999996,0.5431488450801907,0.8497223253584058,1.0,0.06699682063593408,atmospheric,,,,,1.0,1.0,0.222898616213285,0.222898616213285,0.21387078302165474,158.28234645999137,187.95274598909305,0.0,75.14027850019751,106.12948372631993,6.682983762575589,28.719909941264227,0.0,0.0,0.0,0.0,0.0,5.551115123125783e-16,284.405904688017,"[0.38580778449009634, 0.349210290465251, 0.33807232247573843, 0.3624458268873815, 0.36055207967735176, 0.3285247647007069, 0.32672131434517354, 0.32479831674611687]","[0.38580778449009634, 0.349210290465251, 0.33807232247573843, 0.3624458268873815, 0.36055207967735176, 0.3285247647007069, 0.32672131434517354, 0.32479831674611687]",[],1.0,"{'input_timing_assumptions': [], 'bottom_boundary': 'free_drainage', 'substeps': 24, 'precipitation_timing': 'explicit_hourly', 'plant_water_stress_method': 'compensated_layer_depletion', 'root_zone_stress_factor': 0.9999999999999996, 'root_zone_depletion_fraction': 0.5431488450801907, 'readily_available_water_adjustment': 'none', 'potential_et_demand_mm': 0.8497223253584058, 'surface_wetness': [1.0276371476314416]}",0.8625964808643682,2015-10-21,True,17.99884346943405,50.0,[],[]
2015-11-23,wheat,13,BBCH13,0.048217811238450876,0.7018887109983536,0.5750121110151936,77.34577977943952,0.06859170980617918,0.18132319884929077,0.0,0.0,1.0033227628478698,0.0,0.10230829790365002,0.0,0.0,0.0,0.10280434460564795,0.0,0.0,683.0062734632995,0.0,681.9791612567916,-1.0271122065079226,4.551914400963142e-14,0.8769786953926086,provided,explicit_hourly,0.08581753992891362,1.0033227628478694,0.0,682.8928680479652,681.952577563116,1.0,0.9999999999999996,0.5431488450801907,1.089140302776783,1.0,0.08581753992891362,atmospheric,,,,,1.0,1.0,1.3892472479322469,1.3892472479322469,0.21387078302165474,158.28234645999137,189.3419932370253,0.0,75.14027850019751,107.51873097425218,6.682983762575589,29.095856892534172,0.0,0.0,0.0,0.0,0.0,-4.440892098500626e-16,284.405904688017,"[0.36325879313252024, 0.3576924712158396, 0.3426583842118461, 0.36181289210374584, 0.36010344833551533, 0.3285164936353019, 0.32684859125333215, 0.3249758148958384]","[0.36325879313252024, 0.3576924712158396, 0.3426583842118461, 0.36181289210374584, 0.36010344833551533, 0.3285164936353019, 0.32684859125333215, 0.3249758148958384]",[],1.0,"{'input_timing_assumptions': [], 'bottom_boundary': 'free_drainage', 'substeps': 24, 'precipitation_timing': 'explicit_hourly', 'plant_water_stress_method': 'compensated_layer_depletion', 'root_zone_stress_factor': 0.9999999999999996, 'root_zone_depletion_fraction': 0.5431488450801907, 'readily_available_water_adjustment': 'none', 'potential_et_demand_mm': 1.089140302776783, 'surface_wetness': [0.9590413892606189]}",1.1056310607515198,2015-10-21,True,25.630778449009632,50.0,[],[]
2015-11-24,wheat,13,BBCH13,0.048217811238450876,0.7018887109983536,0.5725333542021535,77.34577977943952,0.06859170980617918,1.7189438420881031,0.0,0.0,0.9135493694819956,0.0007665455948723536,0.09176197173012651,0.0,0.0,0.0,0.10362302860620204,0.0,0.0,681.9791612567916,0.0007665455948723536,682.5884041834665,0.6092429266749377,-3.108624468950438e-14,0.7985100746154785,provided,explicit_hourly,0.07813892238428394,0.9135493694819952,0.0,681.952577563116,682.4968258690778,1.0,0.9999999999999996,0.5431488450801907,0.991688291866279,1.0,0.07813892238428394,atmospheric,,,,,0.9901899645978925,1.0,0.16485776540704777,0.16485776540704777,0.21387078302165474,158.28234645999137,189.5068510024323,0.0,75.14027850019751,107.68358873965923,6.682983762575589,29.140469379181315,0.0,0.0,0.0,0.0,0.0,-2.6867397195928788e-14,284.405904688017,"[0.36510685906451973, 0.3572865851214169, 0.3465589822378556, 0.36131043215117814, 0.35966549127173775, 0.3285016107716259, 0.3269715266606254, 0.3251512135398913]","[0.36510685906451973, 0.3572865851214169, 0.3465589822378556, 0.36131043215117814, 0.35966549127173775, 0.3285016107716259, 0.3269715266606254, 0.3251512135398913]",[],1.0,"{'input_timing_assumptions': [], 'bottom_boundary': 'free_drainage', 'substeps': 24, 'precipitation_timing': 'explicit_hourly', 'plant_water_stress_method': 'compensated_layer_depletion', 'root_zone_stress_factor': 0.9999999999999996, 'root_zone_depletion_fraction': 0.5431488450801907, 'readily_available_water_adjustment': 'none', 'potential_et_demand_mm': 0.991688291866279, 'surface_wetness': [0.9646633473391205]}",1.0060778868069944,2015-10-21,True,23.37587931325202,50.0,[],[]
2015-11-25,wheat,13,BBCH13,0.048217811238450876,0.7018887109983536,0.570127557288656,77.34577977943952,0.06859170980617918,2.117855017895165,0.0,0.0,0.5875474027734838,0.0,0.05991190167443642,0.0,0.0,0.0,0.1044379130601931,0.0,0.0,682.5884041834665,0.0,683.9543619838535,1.3659578003869228,1.2878587085651816e-13,0.5135601162910461,provided,explicit_hourly,0.050254887624121676,0.5875474027734839,0.0,682.4968258690778,683.8525438905151,1.0,0.9999999999999996,0.5431488450801907,0.6378022903976056,1.0,0.050254887624121676,atmospheric,,,,,1.0,1.0,0.0,0.0,0.21387078302165474,158.28234645999137,189.5068510024323,0.0,75.14027850019751,107.68358873965923,6.682983762575589,29.140469379181315,0.0,0.0,0.0,0.0,0.0,0.0,284.405904688017,"[0.3722831112509649, 0.36021571797141666, 0.34987066665559124, 0.36092601768068905, 0.35924027274971915, 0.3284806643631888, 0.32709015434730015, 0.3253242783057432]","[0.3722831112509649, 0.36021571797141666, 0.34987066665559124, 0.36092601768068905, 0.35924027274971915, 0.3284806643631888, 0.32709015434730015, 0.3253242783057432]",[],1.0,"{'input_timing_assumptions': [], 'bottom_boundary': 'free_drainage', 'substeps': 24, 'precipitation_timing': 'explicit_hourly', 'plant_water_stress_method': 'compensated_layer_depletion', 'root_zone_stress_factor': 0.9999999999999996, 'root_zone_depletion_fraction': 0.5431488450801907, 'readily_available_water_adjustment': 'none', 'potential_et_demand_mm': 0.6378022903976056, 'surface_wetness': [0.9864940560029068]}",0.6474593044479202,2015-10-21,True,23.560685906451972,50.0,[],[]
2015-11-26,wheat,13,BBCH13,0.048217811238450876,0.7018887109983536,0.5677965498814659,77.34577977943952,0.06859170980617918,0.0,0.0,0.0,1.0868333592809145,0.007517123932790809,0.10181809333833586,0.0,0.0,0.0,0.10524662031148767,0.0,0.0,683.9543619838535,0.007517123932790808,682.6529467869901,-1.3014151968633314,-1.9739765377835283e-13,0.9499731659889221,provided,explicit_hourly,0.09296047957830232,1.0868333592809147,0.0,683.8525438905151,682.6529467869901,1.0,0.9999999999999996,0.5431488450801907,1.179793838859217,1.0,0.09296047957830232,atmospheric,,,,,0.9191363473285549,1.0,0.0,0.0,0.21387078302165474,158.28234645999137,189.5068510024323,0.0,75.14027850019751,107.68358873965923,6.682983762575589,29.140469379181315,0.0,0.0,0.0,0.0,0.0,0.0,284.405904688017,"[0.35827151481570074, 0.35875694609550396, 0.3529669229669934, 0.3606609971371135, 0.3588295134908664, 0.328454208745513, 0.32720452350971957, 0.3254947968316932]","[0.35827151481570074, 0.35875694609550396, 0.3529669229669934, 0.3606609971371135, 0.3588295134908664, 0.328454208745513, 0.32720452350971957, 0.3254947968316932]",[],1.0,"{'input_timing_assumptions': [], 'bottom_boundary': 'free_drainage', 'substeps': 24, 'precipitation_timing': 'explicit_hourly', 'plant_water_stress_method': 'compensated_layer_depletion', 'root_zone_stress_factor': 0.9999999999999996, 'root_zone_depletion_fraction': 0.5431488450801907, 'readily_available_water_adjustment': 'none', 'potential_et_demand_mm': 1.179793838859217, 'surface_wetness': [0.943869706726196]}",1.1961685765520413,2015-10-21,True,24.278311125096486,50.0,[],[]
2015-11-27,wheat,13,BBCH13,0.048217811238450876,0.7043132055751862,0.5655421421254551,77.34577977943952,0.06859170980617918,0.0,0.0,0.0,0.9709415775652783,0.08304786922688887,0.0,0.0,0.0,0.0,0.10604909710162518,0.0,0.0,682.6529467869901,0.08304786922688885,681.4929082430963,-1.1600385438938474,5.5067062021407764e-14,0.8486751317977905,provided,explicit_hourly,0.08304786922688881,0.9709415775652779,0.0,682.6529467869901,681.4929082430963,1.0,0.9999999999999996,0.5431488450801907,1.0539894467921667,1.0,0.08304786922688881,atmospheric,,,,,0.0,1.0,1.1462514020138843,1.1462514020138843,0.21387078302165474,158.28234645999137,190.6531024044462,0.0,75.14027850019751,108.82984014167312,6.682983762575589,29.450658742966212,0.0,0.0,0.0,0.0,0.0,3.9968028886505635e-15,284.405904688017,"[0.349923435964261, 0.35410497882416514, 0.3544975437664405, 0.3604892754919165, 0.3584347129244798, 0.32842278377481865, 0.32731468679912995, 0.32566257181553293]","[0.349923435964261, 0.35410497882416514, 0.3544975437664405, 0.3604892754919165, 0.3584347129244798, 0.32842278377481865, 0.32731468679912995, 0.32566257181553293]",[],1.0,"{'input_timing_assumptions': [], 'bottom_boundary': 'free_drainage', 'substeps': 24, 'precipitation_timing': 'explicit_hourly', 'plant_water_stress_method': 'compensated_layer_depletion', 'root_zone_stress_factor': 0.9999999999999996, 'root_zone_depletion_fraction': 0.5431488450801907, 'readily_available_water_adjustment': 'none', 'potential_et_demand_mm': 1.0539894467921667, 'surface_wetness': [0.9184742116163211]}",1.053989446792167,2015-10-21,True,22.877151481570074,50.0,[],[]
2015-11-28,wheat,13,BBCH13,0.048217811238450876,0.7130684601692927,0.5633661205681814,77.34577977943952,0.06859170980617918,0.0,0.0,0.0,0.6639681047464708,0.05679140497009244,0.0,0.0,0.0,0.0,0.10684383375552295,0.0,0.0,681.4929082430963,0.05679140497009244,680.6653048996242,-0.8276033434721057,1.9539925233402755e-14,0.5803574919700623,provided,explicit_hourly,0.05679140497009245,0.6639681047464709,0.0,681.4929082430963,680.6653048996242,1.0,0.9999999999999996,0.5431488450801907,0.7207595097165634,1.0,0.05679140497009245,atmospheric,,,,,1.1102230246251565e-16,1.0,2.638416945218332,2.638416945218332,0.21387078302165474,158.28234645999137,193.29151934966455,0.0,75.14027850019751,111.46825708689146,6.682983762575589,30.16464598189013,0.0,0.0,0.0,0.0,0.0,2.0872192862952943e-14,284.405904688017,"[0.3456082184399253, 0.35031711499993706, 0.3549003534854922, 0.36035816322105113, 0.35805624891429555, 0.3283869140735672, 0.32742070799799866, 0.32582742532654435]","[0.3456082184399253, 0.35031711499993706, 0.3549003534854922, 0.36035816322105113, 0.35805624891429555, 0.3283869140735672, 0.32742070799799866, 0.32582742532654435]",[],1.0,"{'input_timing_assumptions': [], 'bottom_boundary': 'free_drainage', 'substeps': 24, 'precipitation_timing': 'explicit_hourly', 'plant_water_stress_method': 'compensated_layer_depletion', 'root_zone_stress_factor': 0.9999999999999996, 'root_zone_depletion_fraction': 0.5431488450801907, 'readily_available_water_adjustment': 'none', 'potential_et_demand_mm': 0.7207595097165634, 'surface_wetness': [0.9053469894748563]}",0.7207595097165633,2015-10-21,True,22.0423435964261,50.0,[],[]
2015-11-29,wheat,13,BBCH13,0.04841176643884559,0.7251685188308594,0.5612702439063,77.65690166223547,0.06897008722454606,0.0,0.0,0.0,0.7551925499947683,0.06459413581850619,0.0,0.0,0.0,0.0,0.10762976425697579,0.0,0.0,680.6653048996242,0.06459413581850619,679.737888449554,-0.9274164500701545,-9.57012247226885e-14,0.6600944399833679,provided,explicit_hourly,0.06459413581850622,0.7551925499947688,0.0,680.6653048996242,679.737888449554,1.0,0.9999999999999996,0.5431488450801907,0.8197866858132751,1.0,0.06459413581850622,atmospheric,,,,,4.440892098500626e-16,1.0,3.5905066519543585,3.5905066519543585,0.21398639752146412,158.89569408443222,196.8820260016189,0.0,75.18116392577197,114.98709664084777,6.713765434999175,31.11688612797425,0.0,0.0,0.0,0.0,0.0,-1.5987211554602254e-14,284.9063250006422,"[0.3407348058798292, 0.3471648782626322, 0.3545810497125125, 0.3602302616433733, 0.35769344782200924, 0.3283470875834321, 0.3275226588524561, 0.3259891974863835]","[0.3407348058798292, 0.3471648782626322, 0.3545810497125125, 0.3602302616433733, 0.35769344782200924, 0.3283470875834321, 0.3275226588524561, 0.3259891974863835]",[],1.0,"{'input_timing_assumptions': [], 'bottom_boundary': 'free_drainage', 'substeps': 24, 'precipitation_timing': 'explicit_hourly', 'plant_water_stress_method': 'compensated_layer_depletion', 'root_zone_stress_factor': 0.9999999999999996, 'root_zone_depletion_fraction': 0.5431488450801907, 'readily_available_water_adjustment': 'none', 'potential_et_demand_mm': 0.8197866858132751, 'surface_wetness': [0.8905216952915151]}",0.8197866858132744,2015-10-21,True,21.610821843992525,50.0,[],[]
2015-11-30,wheat,13,BBCH13,0.04849186804102094,0.7361199152280413,0.5592562386287352,77.78539195913419,0.0691263534003252,0.0870351335022727,0.0,0.0,0.5857069096236209,0.040368936661241694,0.010158670264498413,0.0,0.0,0.0,0.10840588825369127,0.0,0.0,679.737888449554,0.040368936661241694,679.0802831782532,-0.6576052713007812,1.5543122344752192e-15,0.511985719203949,provided,explicit_hourly,0.0501262612128261,0.5857069096236208,0.0,679.737888449554,679.0802831782532,1.0,0.9999999999999996,0.5431488450801907,0.635833170836447,1.0,0.0501262612128261,atmospheric,,,,,0.1946549436463405,1.0,2.651102582240594,2.651102582240594,0.214011869349109,159.16222710288,199.53312858385948,0.0,75.19019343673116,117.61659284626494,6.726342300863408,31.828459307819546,0.0,0.0,0.0,0.0,0.0,-1.1102230246251565e-14,285.1129936989849,"[0.3385947325448844, 0.3446108458846923, 0.3538788920088917, 0.36008366021838745, 0.35734502323145356, 0.3283037445809573, 0.3276206172510777, 0.3261477460942873]","[0.3385947325448844, 0.3446108458846923, 0.3538788920088917, 0.36008366021838745, 0.35734502323145356, 0.3283037445809573, 0.3276206172510777, 0.3261477460942873]",[],1.0,"{'input_timing_assumptions': [], 'bottom_boundary': 'free_drainage', 'substeps': 24, 'precipitation_timing': 'explicit_hourly', 'plant_water_stress_method': 'compensated_layer_depletion', 'root_zone_stress_factor': 0.9999999999999996, 'root_zone_depletion_fraction': 0.5431488450801907, 'readily_available_water_adjustment': 'none', 'potential_et_demand_mm': 0.635833170836447, 'surface_wetness': [0.8840114283331489]}",0.636234516549361,2015-10-21,True,21.123480587982918,50.0,[],[]
2015-12-01,wheat,13,BBCH13,0.04930428013342861,0.7538976930058192,0.5573257945734755,79.08857526786574,0.0707112471775979,0.44968153660470667,0.0,0.0,0.5257076702125533,0.000791129091340322,0.05249233259168997,0.0,0.0,0.0,0.10917127257993425,0.0,0.0,679.0802831782532,0.000791129091340322,678.8418023103824,-0.2384808678708623,5.1181281435219717e-14,0.45954519510269165,provided,explicit_hourly,0.04499707114285942,0.5257076702125534,0.0,679.0802831782532,678.8418023103824,1.0,0.9999999999999996,0.5431488450801907,0.5707047413554128,1.0,0.04499707114285942,atmospheric,,,,,0.982418209202359,1.0,1.2876518645163086,1.2876518645163086,0.21395205503826584,162.0395561718306,200.82078044837579,0.0,75.169576620624,118.79995849770287,6.85124533004894,32.14869223220204,0.0,0.0,0.0,0.0,0.0,-2.6645352591003757e-15,287.209083478665,"[0.3393552934106848, 0.3435297072038377, 0.35310992789568485, 0.3599113226638835, 0.35700946046590043, 0.32825727458620346, 0.32771466521190634, 0.32630294607849597]","[0.3393552934106848, 0.3435297072038377, 0.35310992789568485, 0.3599113226638835, 0.35700946046590043, 0.32825727458620346, 0.32771466521190634, 0.32630294607849597]",[],1.0,"{'input_timing_assumptions': [], 'bottom_boundary': 'free_drainage', 'substeps': 24, 'precipitation_timing': 'explicit_hourly', 'plant_water_stress_method': 'compensated_layer_depletion', 'root_zone_stress_factor': 0.9999999999999996, 'root_zone_depletion_fraction': 0.5431488450801907, 'readily_available_water_adjustment': 'none', 'potential_et_demand_mm': 0.5707047413554128, 'surface_wetness': [0.8863251127259197]}",0.5789911318955835,2015-10-21,True,20.90947325448844,50.0,[],[]
2015-12-02,wheat,13,BBCH13,0.050050959466153906,0.7711576057994176,0.5554805604167616,80.2863172173961,0.07216790622922191,0.0,0.0,0.0,1.8504771031047684,0.15834142947532162,0.0,0.0,0.0,0.0,0.10992505180891367,0.0,0.0,678.8418023103824,0.15834142947532162,676.7230587259934,-2.1187435843889943,-9.325873406851315e-15,1.6175308227539062,provided,explicit_hourly,0.15834142947532162,1.850477103104768,0.0,678.8418023103824,676.7230587259934,1.0,0.9999999999999996,0.5431488450801907,2.0088185325800896,1.0,0.15834142947532162,atmospheric,,,,,0.0,1.0,5.09211733039788,5.09211733039788,0.21468569614483551,164.02633237342076,205.9128977787737,0.0,75.42878473888072,123.5202888823174,6.963824157575573,33.4260701933418,0.0,0.0,0.0,0.0,0.0,3.197442310920451e-14,289.13557735123345,"[0.32445943796850185, 0.3400373377185422, 0.3519165019428889, 0.3597084916506215, 0.35668527783208653, 0.3282080191249709, 0.3278048870338943, 0.3264546887848]","[0.32445943796850185, 0.3400373377185422, 0.3519165019428889, 0.3597084916506215, 0.35668527783208653, 0.3282080191249709, 0.3278048870338943, 0.3264546887848]",[],1.0,"{'input_timing_assumptions': [], 'bottom_boundary': 'free_drainage', 'substeps': 24, 'precipitation_timing': 'explicit_hourly', 'plant_water_stress_method': 'compensated_layer_depletion', 'root_zone_stress_factor': 0.9999999999999996, 'root_zone_depletion_fraction': 0.5431488450801907, 'readily_available_water_adjustment': 'none', 'potential_et_demand_mm': 2.0088185325800896, 'surface_wetness': [0.8410107798391241]}",2.00881853258009,2015-10-21,True,20.985529341068478,50.0,[],[]
2015-12-03,wheat,13,BBCH13,0.05062106098788629,0.7866483128638493,0.5537221391153481,81.20081220626597,0.07328008853503863,0.0,0.0,0.0,2.2038679484778094,0.18926807906946624,0.0,0.0,0.0,0.0,0.11066642789700137,0.0,0.0,676.7230587259934,0.18926807906946624,674.2192562705492,-2.5038024554442018,-7.549516567451064e-14,1.9272551536560059,provided,explicit_hourly,0.18926807906946613,2.203867948477808,0.0,676.7230587259934,674.2192562705492,1.0,0.9999999999999996,0.5431488450801907,2.3931360275472744,1.0,0.18926807906946613,atmospheric,,,,,0.0,1.0,4.69641050454236,4.69641050454236,0.21517413051215617,165.5622764647224,210.60930828331607,0.0,75.6014124384257,127.9592336969007,7.04866214798966,34.62730184766538,0.0,0.0,0.0,0.0,0.0,1.0658141036401503e-14,290.6064859999979,"[0.30861565513031, 0.33455618539655874, 0.3502087929791294, 0.35946125620775304, 0.3563708750750435, 0.3281562751911525, 0.32789136777466354, 0.3266028811370213]","[0.30861565513031, 0.33455618539655874, 0.3502087929791294, 0.35946125620775304, 0.3563708750750435, 0.3281562751911525, 0.32789136777466354, 0.3266028811370213]",[],1.0,"{'input_timing_assumptions': [], 'bottom_boundary': 'free_drainage', 'substeps': 24, 'precipitation_timing': 'explicit_hourly', 'plant_water_stress_method': 'compensated_layer_depletion', 'root_zone_stress_factor': 0.9999999999999996, 'root_zone_depletion_fraction': 0.5431488450801907, 'readily_available_water_adjustment': 'none', 'potential_et_demand_mm': 2.3931360275472744, 'surface_wetness': [0.7928127792273032]}",2.3931360275472757,2015-10-21,True,19.495943796850185,50.0,[],[]
2015-12-04,wheat,13,BBCH13,0.05103855973437456,0.8006550710541862,0.5520520833243536,81.87051838484761,0.0740945657831153,0.0,0.0,0.0,1.5720161592549093,0.1353313930650856,0.0,0.0,0.0,0.0,0.11139466905752139,0.0,0.0,674.2192562705492,0.1353313930650856,672.4005140491716,-1.8187422213775335,1.709743457922741e-14,1.3750981092453003,provided,explicit_hourly,0.13533139306508563,1.5720161592549102,0.0,674.2192562705492,672.4005140491716,1.0,0.9999999999999996,0.5431488450801907,1.707347552319996,1.0,0.13533139306508563,atmospheric,,,,,2.220446049250313e-16,1.0,4.221214409940303,4.221214409940303,0.21547288054882568,166.71033471987658,214.83052269325634,0.0,75.70704539065005,132.01343879309,7.110038509516315,35.72441832423498,0.0,0.0,0.0,0.0,0.0,-2.930988785010413e-14,291.6836669820656,"[0.30008445508983317, 0.32929709964491993, 0.3481620337727953, 0.3591596325535191, 0.35606447835394056, 0.32810229593149987, 0.32797419192708865, 0.326747444703797]","[0.30008445508983317, 0.32929709964491993, 0.3481620337727953, 0.3591596325535191, 0.35606447835394056, 0.32810229593149987, 0.32797419192708865, 0.326747444703797]",[],1.0,"{'input_timing_assumptions': [], 'bottom_boundary': 'free_drainage', 'substeps': 24, 'precipitation_timing': 'explicit_hourly', 'plant_water_stress_method': 'compensated_layer_depletion', 'root_zone_stress_factor': 0.9999999999999996, 'root_zone_depletion_fraction': 0.5431488450801907, 'readily_available_water_adjustment': 'none', 'potential_et_demand_mm': 1.707347552319996, 'surface_wetness': [0.7668602154380995]}",1.707347552319995,2015-10-21,True,17.911565513030993,50.0,[],[]
2015-12-05,wheat,13,BBCH13,0.051621487022548276,0.8161000112881736,0.5504718908149557,82.80558707628079,0.075231769229818,0.0,0.0,0.0,1.3662393863545323,0.11779024294644358,0.0,0.0,0.0,0.0,0.1121091079679876,0.0,0.0,672.4005140491716,0.11779024294644358,670.8043753119028,-1.5961387372688023,-1.6120438317557273e-13,1.1953049898147583,provided,explicit_hourly,0.1177902429464436,1.3662393863545321,0.0,672.4005140491716,670.8043753119028,1.0,0.9999999999999996,0.5431488450801907,1.4840296293009758,1.0,0.1177902429464436,atmospheric,,,,,1.1102230246251565e-16,1.0,4.245625889066626,4.245625889066626,0.21588670402534707,168.2803726645156,219.07614858232296,0.0,75.85337995002583,136.02830964321114,7.194458989086016,36.81089048251507,0.0,0.0,0.0,0.0,0.0,-9.769962616701378e-15,293.187667159385,"[0.29346063987405835, 0.3248333919298072, 0.34591905261364186, 0.3588023956194199, 0.3557643190522563, 0.32804629241495364, 0.32805344221861826, 0.3268883146923361]","[0.29346063987405835, 0.3248333919298072, 0.34591905261364186, 0.3588023956194199, 0.3557643190522563, 0.32804629241495364, 0.32805344221861826, 0.3268883146923361]",[],1.0,"{'input_timing_assumptions': [], 'bottom_boundary': 'free_drainage', 'substeps': 24, 'precipitation_timing': 'explicit_hourly', 'plant_water_stress_method': 'compensated_layer_depletion', 'root_zone_stress_factor': 0.9999999999999996, 'root_zone_depletion_fraction': 0.5431488450801907, 'readily_available_water_adjustment': 'none', 'potential_et_demand_mm': 1.4840296293009758, 'surface_wetness': [0.7467100623412689]}",1.4840296293009758,2015-10-21,True,17.05844550898332,50.0,[],[]
2015-12-06,wheat,13,BBCH13,0.052234156296629024,0.8317250730499388,0.5489829999178022,83.78836463365133,0.07642699481679695,0.0072529277918560574,0.0,0.0,1.120290130277757,0.09592948295687312,0.0008536129263362535,0.0,0.0,0.0,0.11280913938693271,0.0,0.0,670.8043753119028,0.0959294829568731,669.4817458741469,-1.3226294377559498,-9.325873406851315e-14,0.9803624749183655,provided,explicit_hourly,0.09678309588320942,1.1202901302777573,0.0,670.8043753119028,669.4817458741469,1.0,0.9999999999999996,0.5431488450801907,1.2170732261609667,1.0,0.09678309588320942,atmospheric,,,,,0.008819855559966672,1.0,4.513328706200662,4.513328706200662,0.21635674937403915,169.86637393785898,223.58947728852365,0.0,76.0195793709478,140.28797484357054,7.28192307400532,37.96360692509887,0.0,0.0,0.0,0.0,0.0,3.375077994860476e-14,294.7684040978503,"[0.2890547639317383, 0.32108876464830083, 0.3436556355988313, 0.3583942528070142, 0.35546879823211536, 0.327988438093408, 0.3281291986305822, 0.3270254388905506]","[0.2890547639317383, 0.32108876464830083, 0.3436556355988313, 0.3583942528070142, 0.35546879823211536, 0.327988438093408, 0.3281291986305822, 0.3270254388905506]",[],1.0,"{'input_timing_assumptions': [], 'bottom_boundary': 'free_drainage', 'substeps': 24, 'precipitation_timing': 'explicit_hourly', 'plant_water_stress_method': 'compensated_layer_depletion', 'root_zone_stress_factor': 0.9999999999999996, 'root_zone_depletion_fraction': 0.5431488450801907, 'readily_available_water_adjustment': 'none', 'potential_et_demand_mm': 1.2170732261609667, 'surface_wetness': [0.7333070503502398]}",1.2170732261609665,2015-10-21,True,16.39606398740583,50.0,[],[]
2015-12-07,wheat,13,BBCH13,0.05345324698309572,0.8495028508277167,0.5475867850194305,85.743897606733,0.07880525735248384,0.48594618502072867,0.0,0.0,0.9828989560197129,0.03650869744551191,0.05730894248462796,0.0,0.0,0.0,0.11349421729416707,0.0,0.0,669.4817458741469,0.03650869744551191,668.7774812459236,-0.7042646282233136,2.2426505097428162e-14,0.8603664040565491,provided,explicit_hourly,0.08511044523909761,0.982898956019713,0.0,669.4817458741469,668.7774812459236,1.0,0.9999999999999996,0.5431488450801907,1.0680094012588106,1.0,0.08511044523909761,atmospheric,,,,,0.5710432797884045,1.0,5.117551693064665,5.117551693064665,0.21746177102708708,172.79588030820452,228.7070289815883,0.0,76.41023477407958,144.84376232558543,7.453031881923295,39.19645760523987,0.0,0.0,0.0,0.0,0.0,-9.769962616701378e-15,297.9137579795645,"[0.28947050874828256, 0.3185635180340283, 0.34158368579337517, 0.35794492685331236, 0.35517659622588804, 0.3279288748711751, 0.3282015377239638, 0.3271587765869443]","[0.28947050874828256, 0.3185635180340283, 0.34158368579337517, 0.35794492685331236, 0.35517659622588804, 0.3279288748711751, 0.3282015377239638, 0.3271587765869443]",[],1.0,"{'input_timing_assumptions': [], 'bottom_boundary': 'free_drainage', 'substeps': 24, 'precipitation_timing': 'explicit_hourly', 'plant_water_stress_method': 'compensated_layer_depletion', 'root_zone_stress_factor': 0.9999999999999996, 'root_zone_depletion_fraction': 0.5431488450801907, 'readily_available_water_adjustment': 'none', 'potential_et_demand_mm': 1.0680094012588106, 'surface_wetness': [0.7345717779173117]}",1.0767165959498528,2015-10-21,True,15.95547639317383,50.0,[],[]
2015-12-08,wheat,13,BBCH13,0.05474775506735955,0.8672806286054944,0.54628455214021,87.82040698441979,0.08133064788587512,0.0,0.0,0.0,0.996490876231553,0.08675647101975512,0.0,0.0,0.0,0.0,0.11416385170834163,0.0,0.0,668.7774812459236,0.08675647101975512,667.580070046964,-1.1974111989595713,-7.838174553853605e-14,0.8728231191635132,provided,explicit_hourly,0.08675647101975509,0.9964908762315534,0.0,668.7774812459236,667.580070046964,1.0,0.9999999999999996,0.5431488450801907,1.0832473472513084,1.0,0.08675647101975509,atmospheric,,,,,0.0,1.0,4.200497840130782,4.200497840130782,0.2183136218628057,176.07323280529775,232.9075268217191,0.0,76.71166187034136,148.56353087739805,7.632334073979692,40.2030715456779,0.0,0.0,0.0,0.0,0.0,1.1546319456101628e-14,301.2536949284314,"[0.28510845183390926, 0.3159842936750918, 0.3395278096536921, 0.35746193196828974, 0.3548867047671863, 0.3278677198924457, 0.3282705322986589, 0.3272882975007226]","[0.28510845183390926, 0.3159842936750918, 0.3395278096536921, 0.35746193196828974, 0.3548867047671863, 0.3278677198924457, 0.3282705322986589, 0.3272882975007226]",[],1.0,"{'input_timing_assumptions': [], 'bottom_boundary': 'free_drainage', 'substeps': 24, 'precipitation_timing': 'explicit_hourly', 'plant_water_stress_method': 'compensated_layer_depletion', 'root_zone_stress_factor': 0.9999999999999996, 'root_zone_depletion_fraction': 0.5431488450801907, 'readily_available_water_adjustment': 'none', 'potential_et_demand_mm': 1.0832473472513084, 'surface_wetness': [0.7213020667646842]}",1.083247347251308,2015-10-21,True,15.997050874828256,50.0,[],[]
2015-12-09,wheat,13,BBCH13,0.05648898831464206,0.885058406383272,0.5450775346232624,90.6135043861856,0.08472753200932505,0.0,0.0,0.0,0.7830216522671424,0.06845572630051108,0.0,0.0,0.0,0.0,0.11481760534844894,0.0,0.0,667.580070046964,0.06845572630051108,666.6137750630479,-0.9662949839161001,-2.220446049250313e-15,0.6861850619316101,provided,explicit_hourly,0.06845572630051107,0.7830216522671426,0.0,667.580070046964,666.6137750630479,1.0,0.9999999999999996,0.5431488450801907,0.8514773785676537,1.0,0.06845572630051107,atmospheric,,,,,0.0,1.0,4.1772471499964725,4.1772471499964725,0.21942617768210448,180.3801609679052,237.08477397171555,0.0,77.10548512234024,152.10925306239025,7.870035786985071,41.16258645382839,0.0,0.0,0.0,0.0,0.0,-2.5757174171303632e-14,305.7462194092667,"[0.28275106841285835, 0.31360763912892076, 0.33761124668722514, 0.35695195935612783, 0.3545983333802987, 0.3278050710771521, 0.32833625134306726, 0.32741398075224243]","[0.28275106841285835, 0.31360763912892076, 0.33761124668722514, 0.35695195935612783, 0.3545983333802987, 0.3278050710771521, 0.32833625134306726, 0.32741398075224243]",[],1.0,"{'input_timing_assumptions': [], 'bottom_boundary': 'free_drainage', 'substeps': 24, 'precipitation_timing': 'explicit_hourly', 'plant_water_stress_method': 'compensated_layer_depletion', 'root_zone_stress_factor': 0.9999999999999996, 'root_zone_depletion_fraction': 0.5431488450801907, 'readily_available_water_adjustment': 'none', 'potential_et_demand_mm': 0.8514773785676537, 'surface_wetness': [0.7141307258841325]}",0.8514773785676535,2015-10-21,True,15.560845183390926,50.0,[],[]
2015-12-10,wheat,13,BBCH13,0.05781409230742429,0.9028361841610499,0.5439668889644796,92.73909239978792,0.0873126105575477,0.014505855583712115,0.0,0.0,1.3921058972165208,0.12098517068870203,0.0017334731414041253,0.0,0.0,0.0,0.11545509028521345,0.0,0.0,666.6137750630479,0.12098517068870203,664.9980012872998,-1.6157737757481527,2.4424906541753444e-14,1.2242541313171387,provided,explicit_hourly,0.12271864383010614,1.3961235334467896,0.0,666.6137750630479,664.9980012872998,1.0,0.9999999999999996,0.5431488450801907,1.5188421772768959,1.0,0.12271864383010614,atmospheric,,,,,0.014125589130564054,1.0,5.253073814846017,5.253073814846017,0.22059925678955639,183.30029410220874,242.3378477865616,0.0,77.52049280186954,156.768642446614,8.04871253807805,42.42347305006651,0.0,0.0,0.0,0.0,0.0,4.440892098500626e-14,309.16509630960013,"[0.2743837140981066, 0.31089505656736555, 0.33565631635153304, 0.3564198783057424, 0.3543108910703883, 0.327741011451575, 0.3283987601680293, 0.32753581389443065]","[0.2743837140981066, 0.31089505656736555, 0.33565631635153304, 0.3564198783057424, 0.3543108910703883, 0.327741011451575, 0.3283987601680293, 0.32753581389443065]",[],1.0,"{'input_timing_assumptions': [], 'bottom_boundary': 'free_drainage', 'substeps': 24, 'precipitation_timing': 'explicit_hourly', 'plant_water_stress_method': 'compensated_layer_depletion', 'root_zone_stress_factor': 0.9999999999999996, 'root_zone_depletion_fraction': 0.5431488450801907, 'readily_available_water_adjustment': 'none', 'potential_et_demand_mm': 1.5188421772768959, 'surface_wetness': [0.6886765933388679]}",1.5148245410466268,2015-10-21,True,15.325106841285832,50.0,[],[]
2015-12-11,wheat,13,BBCH13,0.05856715117766611,0.9191423209129816,0.542953690814051,93.94706771104032,0.08878171512716228,0.0,0.0,0.0,1.0659939060599986,0.09669128901922264,0.0,0.0,0.0,0.0,0.11607596468238328,0.0,0.0,664.9980012872998,0.09669128901922264,663.7192401275382,-1.2787611597615296,-7.482903185973555e-14,0.9597925543785095,provided,explicit_hourly,0.09669128901922265,1.0937905281656832,0.0,664.9980012872998,663.7192401275382,1.0,0.9999999999999996,0.5431488450801907,1.1904818171849059,1.0,0.09669128901922265,atmospheric,,,,,1.1102230246251565e-16,1.0,4.791399695091848,4.791399695091848,0.22117091677447082,185.00061248688488,247.12924748165344,0.0,77.7228208843632,161.2571978501444,8.149228747145827,43.638129924193926,0.0,0.0,0.0,0.0,0.0,-2.220446049250313e-14,311.1080499117964,"[0.26945117213940245, 0.30806741790599423, 0.3337894011003822, 0.3558691280659759, 0.35402391170184544, 0.32767561244032495, 0.32845812066199676, 0.3276537920166972]","[0.26945117213940245, 0.30806741790599423, 0.3337894011003822, 0.3558691280659759, 0.35402391170184544, 0.32767561244032495, 0.32845812066199676, 0.3276537920166972]",[],1.0,"{'input_timing_assumptions': [], 'bottom_boundary': 'free_drainage', 'substeps': 24, 'precipitation_timing': 'explicit_hourly', 'plant_water_stress_method': 'compensated_layer_depletion', 'root_zone_stress_factor': 0.9999999999999996, 'root_zone_depletion_fraction': 0.5431488450801907, 'readily_available_water_adjustment': 'none', 'potential_et_demand_mm': 1.1904818171849059, 'surface_wetness': [0.6736714229972005]}",1.1626851950792212,2015-10-21,True,14.488371409810659,50.0,[],[]
2015-12-12,wheat,13,BBCH13,0.05900512158702821,0.9328297974192907,0.5420389311798706,94.64961230944421,0.0896361295098562,0.0,0.0,0.0,0.8616819903891122,0.07979694974040331,0.0,0.0,0.0,0.0,0.11667992969266106,0.0,0.0,663.7192401275382,0.07979694974040331,662.661081257716,-1.0581588698222504,7.37188088351104e-14,0.790174126625061,provided,explicit_hourly,0.07979694974040331,0.9001929157770443,0.0,663.7192401275382,662.661081257716,1.0,0.9999999999999996,0.5431488450801907,0.9799898655174476,1.0,0.07979694974040331,atmospheric,,,,,0.0,1.0,3.892172592588981,3.892172592588981,0.22140616982681557,186.05338832456133,251.02142007424237,0.0,77.80616973919886,165.00815649824742,8.207093836796105,44.65318427840831,0.0,0.0,0.0,0.0,0.0,-4.618527782440651e-14,312.2380494618345,"[0.26643042862266886, 0.3055010020223314, 0.3319911949396482, 0.3553036950204576, 0.353737050050487, 0.32760893628275095, 0.32851439160062235, 0.32776791692613677]","[0.26643042862266886, 0.3055010020223314, 0.3319911949396482, 0.3553036950204576, 0.353737050050487, 0.32760893628275095, 0.32851439160062235, 0.32776791692613677]",[],1.0,"{'input_timing_assumptions': [], 'bottom_boundary': 'free_drainage', 'substeps': 24, 'precipitation_timing': 'explicit_hourly', 'plant_water_stress_method': 'compensated_layer_depletion', 'root_zone_stress_factor': 0.9999999999999996, 'root_zone_depletion_fraction': 0.5431488450801907, 'readily_available_water_adjustment': 'none', 'potential_et_demand_mm': 0.9799898655174476, 'surface_wetness': [0.6644820899096048]}",0.9414789401295155,2015-10-21,True,13.995117213940242,50.0,[],[]
2015-12-13,wheat,13,BBCH13,0.05942746948055412,0.9463478480823457,0.5412235128627193,95.32709696343272,0.09046006671432305,0.0,0.0,0.0,0.7553740018541005,0.07088352429383135,0.0,0.0,0.0,0.0,0.11726672654216391,0.0,0.0,662.661081257716,0.07088352429383137,661.7175570050258,-0.9435242526901675,7.172040739078511e-14,0.7012116312980652,provided,explicit_hourly,0.07088352429383138,0.7987348596345406,0.0,662.661081257716,661.7175570050258,0.9999999999999998,0.9999999999999996,0.5431488450801907,0.869618383928372,0.9999999999999998,0.07088352429383138,atmospheric,,,,,2.220446049250313e-16,1.0,3.1385499015674907,3.1385499015674894,0.22155622598291166,187.11649711676748,254.1599699758099,0.0,77.85942692413276,168.0383023439598,8.262240707717325,45.47317805150695,0.0,0.0,0.0,0.0,0.0,3.9968028886505635e-14,313.3277416406713,"[0.264204056556656, 0.3032394002573369, 0.3302645951165389, 0.35472689614071995, 0.3534500641432468, 0.32754103819932123, 0.3285676289867849, 0.32787819640598354]","[0.264204056556656, 0.3032394002573369, 0.3302645951165389, 0.35472689614071995, 0.3534500641432468, 0.32754103819932123, 0.3285676289867849, 0.32787819640598354]",[],1.0,"{'input_timing_assumptions': [], 'bottom_boundary': 'free_drainage', 'substeps': 24, 'precipitation_timing': 'explicit_hourly', 'plant_water_stress_method': 'compensated_layer_depletion', 'root_zone_stress_factor': 0.9999999999999996, 'root_zone_depletion_fraction': 0.5431488450801907, 'readily_available_water_adjustment': 'none', 'potential_et_demand_mm': 0.869618383928372, 'surface_wetness': [0.6577092956031111]}",0.8262575261479319,2015-10-21,True,13.693042862266887,50.0,[],[]
2015-12-14,wheat,13,BBCH13,0.06048866664928052,0.9641256258601234,0.5405082471522475,97.02935429131043,0.09253030274957139,0.0870351335022727,0.0,0.0,1.0509697405404996,0.09041982882568693,0.010495456544198666,0.0,0.0,0.0,0.11783613382146836,0.0,0.0,661.7175570050258,0.09041982882568693,660.5348709787962,-1.1826860262295895,8.659739592076221e-15,0.9897410869598389,provided,explicit_hourly,0.10011370540964278,1.1272943475111974,0.0,661.7175570050258,660.5348709787962,1.0,0.9999999999999996,0.5431488450801907,1.2274080529208402,1.0,0.10011370540964278,atmospheric,,,,,0.09682866640776788,1.0,4.957611936019469,4.957611936019469,0.2223659672810526,189.35792064734585,259.11758191182935,0.0,78.14608631038804,172.5730448643239,8.398450737117415,46.70033371286423,0.0,0.0,0.0,0.0,0.0,-2.220446049250313e-14,316.0657173064455,"[0.2595690080636426, 0.30102505350187775, 0.3285527793690564, 0.3541413404264009, 0.35316279468565853, 0.3274719680942961, 0.328617886403284, 0.3279846435495566]","[0.2595690080636426, 0.30102505350187775, 0.3285527793690564, 0.3541413404264009, 0.35316279468565853, 0.3274719680942961, 0.328617886403284, 0.3279846435495566]",[],1.0,"{'input_timing_assumptions': [], 'bottom_boundary': 'free_drainage', 'substeps': 24, 'precipitation_timing': 'explicit_hourly', 'plant_water_stress_method': 'compensated_layer_depletion', 'root_zone_stress_factor': 0.9999999999999996, 'root_zone_depletion_fraction': 0.5431488450801907, 'readily_available_water_adjustment': 'none', 'potential_et_demand_mm': 1.2274080529208402, 'surface_wetness': [0.6436091231642685]}",1.1518850259103852,2015-10-21,True,13.4704056556656,50.0,[],[]
2015-12-15,wheat,21,BBCH21,0.061234563362825456,0.9800273804815989,0.5398938508114759,98.22584084808818,0.09398543502890763,0.0,0.0,0.0,1.8989830190118195,0.18991724011267588,0.0,0.0,0.0,0.0,0.1183879649912814,0.0,0.0,660.5348709787962,0.18991724011267588,658.3275827546803,-2.2072882241159277,1.509903313490213e-13,1.8711469173431396,provided,explicit_hourly,0.18991724011267594,2.130196427479074,0.0,660.5348709787962,658.3275827546803,1.0,0.9999999999999996,0.5431488450801907,2.32011366759175,1.0,0.18991724011267594,atmospheric,,,,,3.3306690738754696e-16,1.0,4.7115982222036354,4.7115982222036354,0.2230621254363269,190.7898062888439,263.829180134033,0.0,78.39245288189302,176.943610506514,8.493116745625954,47.88306114381803,0.0,0.0,0.0,0.0,0.0,-1.7763568394002505e-15,317.99019195738896,"[0.24602153057273696, 0.2978482203278546, 0.32662895466668546, 0.3535467410146126, 0.35287512400162774, 0.32740177176456453, 0.3286652153580108, 0.3280872761660481]","[0.24602153057273696, 0.2978482203278546, 0.32662895466668546, 0.3535467410146126, 0.35287512400162774, 0.32740177176456453, 0.3286652153580108, 0.3280872761660481]",[],1.0,"{'input_timing_assumptions': [], 'bottom_boundary': 'free_drainage', 'substeps': 24, 'precipitation_timing': 'explicit_hourly', 'plant_water_stress_method': 'compensated_layer_depletion', 'root_zone_stress_factor': 0.9999999999999996, 'root_zone_depletion_fraction': 0.5431488450801907, 'readily_available_water_adjustment': 'none', 'potential_et_demand_mm': 2.32011366759175, 'surface_wetness': [0.6023966592556295]}",2.0889002591244954,2015-10-21,True,13.006900806364259,50.0,[],[]
2015-12-16,wheat,21,BBCH21,0.061234563362825456,0.9889296232329474,0.539380943375791,98.22584084808818,0.09398543502890763,0.0,0.0,0.0,1.6683713789636756,0.1777303867605345,0.0,0.0,0.0,0.0,0.11892206609946629,0.0,0.0,658.3275827546803,0.17773038679598163,656.3625589228567,-1.9650238318236006,-7.571721027943568e-14,1.7459566593170166,provided,explicit_hourly,0.17773038679598155,1.986871894824405,0.0,658.3275827546803,656.3625589228567,0.9999999998005566,0.999999999800557,0.5431488450801907,2.1646022816203865,0.9999999998005566,0.17773038679598155,atmospheric,,,,,0.0,1.0,2.641511602356918,2.641511601377089,0.22306212543521467,190.7898062888439,266.47069173541007,0.0,78.39245288150215,179.5851221078911,8.493116746016824,48.59788583377872,0.0,0.0,0.0,0.0,0.0,8.881784197001252e-16,317.99019195738896,"[0.2356571504550339, 0.29399852291195167, 0.32468250749005617, 0.352942871339507, 0.35258693025008025, 0.3273304913167633, 0.32870966559320236, 0.32818611625252386]","[0.2356571504550339, 0.29399852291195167, 0.32468250749005617, 0.352942871339507, 0.35258693025008025, 0.3273304913167633, 0.32870966559320236, 0.32818611625252386]",[],1.0,"{'input_timing_assumptions': [], 'bottom_boundary': 'free_drainage', 'substeps': 24, 'precipitation_timing': 'explicit_hourly', 'plant_water_stress_method': 'compensated_layer_depletion', 'root_zone_stress_factor': 0.999999999800557, 'root_zone_depletion_fraction': 0.5431488450801907, 'readily_available_water_adjustment': 'none', 'potential_et_demand_mm': 2.1646022816203865, 'surface_wetness': [0.5708674212980103]}",1.84610176572421,2015-10-21,True,11.652153057273695,50.0,[],[]
2015-12-17,wheat,21,BBCH21,0.061234563362825456,0.9965946155502683,0.538970044790259,98.22584084808818,0.09398543502890763,0.0,0.0,0.0,1.1285266591224377,0.1250979855865147,0.0,0.0,0.0,0.0,0.11943831369222795,0.0,0.0,656.3625589228567,0.12509798568097327,654.9894959644555,-1.3730629584011922,1.199040866595169e-14,1.2289156913757324,provided,explicit_hourly,0.12509798568097322,1.3984872048655914,0.0,656.3625589228567,654.9894959644555,0.9999999992449232,0.9999999992449239,0.5431488450801907,1.5235851905465647,0.9999999992449232,0.12509798568097322,atmospheric,,,,,0.0,1.0,2.3897738867362976,2.389773883380265,0.22306212543100395,190.78980628884386,268.86046561879033,0.0,78.39245288002235,181.97489599127135,8.493116747496629,49.2445872809247,0.0,0.0,0.0,0.0,0.0,-7.105427357601002e-15,317.99019195738896,"[0.23093200597013563, 0.29040202969587015, 0.3227868075274529, 0.3523312416673015, 0.3522981182528925, 0.3272581654790756, 0.32875128533838854, 0.3282811895241156]","[0.23093200597013563, 0.29040202969587015, 0.3227868075274529, 0.3523312416673015, 0.3522981182528925, 0.3272581654790756, 0.32875128533838854, 0.3282811895241156]",[],1.0,"{'input_timing_assumptions': [], 'bottom_boundary': 'free_drainage', 'substeps': 24, 'precipitation_timing': 'explicit_hourly', 'plant_water_stress_method': 'compensated_layer_depletion', 'root_zone_stress_factor': 0.9999999992449239, 'root_zone_depletion_fraction': 0.5431488450801907, 'readily_available_water_adjustment': 'none', 'potential_et_demand_mm': 1.5235851905465647, 'surface_wetness': [0.556493169952865]}",1.2536246447089523,2015-10-21,True,10.615715045503391,50.0,[],[]
2015-12-18,wheat,21,BBCH21,0.06160200659553878,1.0,0.5386615734065205,98.81525340392453,0.09470226149969836,0.0,0.0,0.0,1.0365410364111791,0.11771798865094393,0.0,0.0,0.0,0.0,0.11993661289339715,0.0,0.0,654.9894959644555,0.11771798878186913,653.7153003264999,-1.2741956379555859,6.572520305780927e-14,1.1564173698425293,provided,explicit_hourly,0.11771798878186915,1.3159852271091141,0.0,654.9894959644555,653.7153003264999,0.9999999988878063,0.9999999988878061,0.5431488450801907,1.4337032158909833,0.9999999988878063,0.11771798878186915,atmospheric,,,,,1.1102230246251565e-16,1.0,3.7588433996602304,3.7588433918850064,0.2233040438472502,191.56375250135284,272.61930901067535,0.0,78.47813758168549,185.60208842997363,8.53908299901623,50.22614901590682,0.0,0.0,0.0,0.0,0.0,1.6431300764452317e-14,318.93822561161545,"[0.22682493204970566, 0.2872396588902686, 0.32087817027130106, 0.3517133755685025, 0.3520086339730931, 0.3271848302673906, 0.32879012152972487, 0.3283725249949576]","[0.22682493204970566, 0.2872396588902686, 0.32087817027130106, 0.3517133755685025, 0.3520086339730931, 0.3271848302673906, 0.32879012152972487, 0.3283725249949576]",[],1.0,"{'input_timing_assumptions': [], 'bottom_boundary': 'free_drainage', 'substeps': 24, 'precipitation_timing': 'explicit_hourly', 'plant_water_stress_method': 'compensated_layer_depletion', 'root_zone_stress_factor': 0.9999999988878061, 'root_zone_depletion_fraction': 0.5431488450801907, 'readily_available_water_adjustment': 'none', 'potential_et_demand_mm': 1.4337032158909833, 'surface_wetness': [0.5439991365928201]}",1.154259025062123,2015-10-21,True,10.143200597013562,50.0,[],[]
2015-12-19,wheat,21,BBCH21,0.06161719641781102,1.0,0.5384558443576033,98.83961926828424,0.09473189455787431,0.0,0.0,0.0,0.6155883406919063,0.0708703778726309,0.0,0.0,0.0,0.0,0.12041689563373804,0.0,0.0,653.7153003264999,0.07087037796341542,652.9084247123017,-0.8068756141982476,-2.7644553313166398e-14,0.6954975128173828,provided,explicit_hourly,0.07087037796341542,0.7913544556003879,0.0,653.7153003264999,652.9084247123017,0.9999999987190061,0.9999999987190062,0.5431488450801907,0.8622248335638033,0.9999999987190061,0.07087037796341542,atmospheric,,,,,0.0,1.0,2.003658967858431,2.003658963084797,0.22330684364427472,191.6019539241795,274.6229679737602,0.0,78.4791361945216,187.60284522926943,8.54098654996912,50.76757777889153,0.0,0.0,0.0,0.0,0.0,3.419486915845482e-14,318.97741659796037,"[0.22653711351303854, 0.2847568468831463, 0.3191111937875515, 0.35109116117831024, 0.35171845633396126, 0.327110519605938, 0.32882622001134293, 0.32846015460488476]","[0.22653711351303854, 0.2847568468831463, 0.3191111937875515, 0.35109116117831024, 0.35171845633396126, 0.327110519605938, 0.32882622001134293, 0.32846015460488476]",[],1.0,"{'input_timing_assumptions': [], 'bottom_boundary': 'free_drainage', 'substeps': 24, 'precipitation_timing': 'explicit_hourly', 'plant_water_stress_method': 'compensated_layer_depletion', 'root_zone_stress_factor': 0.9999999987190062, 'root_zone_depletion_fraction': 0.5431488450801907, 'readily_available_water_adjustment': 'none', 'potential_et_demand_mm': 0.8622248335638033, 'surface_wetness': [0.5431235705649309]}",0.6864587185645372,2015-10-21,True,9.732493204970565,50.0,[],[]
2015-12-20,wheat,21,BBCH21,0.06227099746021008,1.0,0.5383530683257475,99.8883759444197,0.09600736203719476,0.0,0.0,0.0,0.8826500440810631,0.10269259067430109,0.0,0.0,0.0,0.0,0.12087911901959125,0.0,0.0,652.9084247123017,0.10269259082170012,651.8022029585268,-1.1062217537748893,-6.616929226765933e-14,1.0077779293060303,provided,explicit_hourly,0.10269259082170012,1.1466730575654613,0.0,652.9084247123017,651.8022029585268,0.9999999985646575,0.9999999985646572,0.5431488450801907,1.2493656483871614,0.9999999985646575,0.10269259082170012,atmospheric,,,,,0.0,1.0,4.249444078940366,4.249444067596373,0.22382388423548738,192.90139161191738,278.87241204135654,0.0,78.66220436692664,191.5873135947987,8.622894079631166,51.84582266055807,0.0,0.0,0.0,0.0,0.0,-1.5987211554602254e-14,320.6642768696428,"[0.2231052502211618, 0.2824931994119527, 0.31732026024052395, 0.35046626905594686, 0.3514276067608076, 0.32703526592010723, 0.3288596257191489, 0.328544112887682]","[0.2231052502211618, 0.2824931994119527, 0.31732026024052395, 0.35046626905594686, 0.3514276067608076, 0.32703526592010723, 0.3288596257191489, 0.328544112887682]",[],1.0,"{'input_timing_assumptions': [], 'bottom_boundary': 'free_drainage', 'substeps': 24, 'precipitation_timing': 'explicit_hourly', 'plant_water_stress_method': 'compensated_layer_depletion', 'root_zone_stress_factor': 0.9999999985646572, 'root_zone_depletion_fraction': 0.5431488450801907, 'readily_available_water_adjustment': 'none', 'potential_et_demand_mm': 1.2493656483871614, 'surface_wetness': [0.5326835796403621]}",0.9853426347553642,2015-10-21,True,9.703711351303854,50.0,[],[]
2015-12-21,wheat,21,BBCH21,0.06282595760882957,1.0,0.5383533507148001,100.77858278581319,0.09709000580185698,0.0,0.0,0.0,0.7725964648014569,0.09164378468898692,0.0,0.0,0.0,0.0,0.12132326383111935,0.0,0.0,651.8022029585268,0.09164378484154669,650.8166394452052,-0.9855635133216083,4.5075054799781356e-14,0.897404134273529,provided,explicit_hourly,0.09164378484154669,1.020781037136264,0.0,651.8022029585268,650.8166394452052,0.9999999983352961,0.999999998335296,0.5431488450801907,1.1124248219778108,0.9999999983352961,0.09164378484154669,atmospheric,,,,,0.0,1.0,3.7814251480548706,3.7814251363471927,0.22419212192124008,194.0633196746013,282.65383717770374,0.0,78.79265718203021,195.1685934282654,8.6925865674081,52.81495989443799,0.0,0.0,0.0,0.0,0.0,2.6645352591003757e-15,322.0961195348641,"[0.22063608759623957, 0.28036204227107364, 0.31562286518111854, 0.34983977742357325, 0.35113612562989527, 0.326959100601497, 0.3288903828512122, 0.3286244366771131]","[0.22063608759623957, 0.28036204227107364, 0.31562286518111854, 0.34983977742357325, 0.35113612562989527, 0.326959100601497, 0.3288903828512122, 0.3286244366771131]",[],1.0,"{'input_timing_assumptions': [], 'bottom_boundary': 'free_drainage', 'substeps': 24, 'precipitation_timing': 'explicit_hourly', 'plant_water_stress_method': 'compensated_layer_depletion', 'root_zone_stress_factor': 0.999999998335296, 'root_zone_depletion_fraction': 0.5431488450801907, 'readily_available_water_adjustment': 'none', 'potential_et_demand_mm': 1.1124248219778108, 'surface_wetness': [0.5251721978622799]}",0.8642402494904439,2015-10-21,True,9.360525022116176,50.0,[],[]
2015-12-22,wheat,21,BBCH21,0.06359132954180262,1.0,0.5384566912350116,102.00630937598014,0.0985831313045476,0.0,0.0,0.0,0.5765211515804819,0.06915654101791908,0.0,0.0,0.0,0.0,0.12174933314111663,0.0,0.0,650.8166394452052,0.06915654114099022,650.0492124194657,-0.7674270257394937,-2.3869795029440866e-14,0.676160454750061,provided,explicit_hourly,0.0691565411409902,0.7689560875699529,0.0,650.8166394452052,650.0492124194657,0.9999999982203978,0.999999998220398,0.5431488450801907,0.8381126287109432,0.9999999982203978,0.0691565411409902,atmospheric,,,,,0.0,1.0,4.131107942597304,4.13110792892418,0.22477163306517353,195.5979824331647,286.7849451066279,0.0,78.99791376453119,198.99820378898312,8.788827553113592,53.851298344491795,0.0,0.0,0.0,0.0,0.0,-1.4210854715202004e-14,324.07084184802454,"[0.21988339730190884, 0.2785293606574439, 0.3140516740118509, 0.3492135092618572, 0.3508440787082821, 0.3268820542871067, 0.32891853501652263, 0.32870116484695255]","[0.21988339730190884, 0.2785293606574439, 0.3140516740118509, 0.3492135092618572, 0.3508440787082821, 0.3268820542871067, 0.32891853501652263, 0.32870116484695255]",[],1.0,"{'input_timing_assumptions': [], 'bottom_boundary': 'free_drainage', 'substeps': 24, 'precipitation_timing': 'explicit_hourly', 'plant_water_stress_method': 'compensated_layer_depletion', 'root_zone_stress_factor': 0.999999998220398, 'root_zone_depletion_fraction': 0.5431488450801907, 'readily_available_water_adjustment': 'none', 'potential_et_demand_mm': 0.8381126287109432, 'surface_wetness': [0.522882456350599]}",0.645677692598401,2015-10-21,True,9.113608759623956,50.0,[],[]
2015-12-23,wheat,21,BBCH21,0.06377640076916742,1.0,0.5386629839041787,102.30318055340625,0.09894417742799146,0.0,0.0,0.0,0.49028291760580633,0.0591514047053282,0.0,0.0,0.0,0.0,0.12215735104255307,0.0,0.0,650.0492124194657,0.05915140481272292,649.377620746112,-0.671591673353646,-4.163336342344337e-14,0.5769415497779846,provided,explicit_hourly,0.059151404812722894,0.6558999763954171,0.0,650.0492124194657,649.377620746112,0.9999999981844097,0.99999999818441,0.5431488450801907,0.7150513812081399,0.9999999981844097,0.059151404812722894,atmospheric,,,,,0.0,1.0,3.149458282682553,3.149458272047688,0.22486248931237793,196.01193951942955,289.9344033786756,0.0,79.03013849262929,202.0921032236106,8.812161662435699,54.68854460264723,0.0,0.0,0.0,0.0,0.0,7.549516567451064e-15,324.5483407821463,"[0.21965467394774596, 0.27699422704440263, 0.3125831889939559, 0.34858914403807906, 0.35055155940854626, 0.32680415721520106, 0.3289441253662181, 0.32877433808109474]","[0.21965467394774596, 0.27699422704440263, 0.3125831889939559, 0.34858914403807906, 0.35055155940854626, 0.32680415721520106, 0.3289441253662181, 0.32877433808109474]",[],1.0,"{'input_timing_assumptions': [], 'bottom_boundary': 'free_drainage', 'substeps': 24, 'precipitation_timing': 'explicit_hourly', 'plant_water_stress_method': 'compensated_layer_depletion', 'root_zone_stress_factor': 0.99999999818441, 'root_zone_depletion_fraction': 0.5431488450801907, 'readily_available_water_adjustment': 'none', 'potential_et_demand_mm': 0.7150513812081399, 'surface_wetness': [0.5221866623930281]}",0.5494343223111345,2015-10-21,True,9.038339730190883,50.0,[],[]
2015-12-24,wheat,21,BBCH21,0.06414731649430253,1.0,0.5389720174651216,102.89816330472105,0.09966777820911354,0.0,0.0,0.0,0.5067470394979117,0.0613323319735893,0.0,0.0,0.0,0.0,0.12254736147404928,0.0,0.0,649.377620746112,0.06133233208696285,648.6869940131666,-0.6906267329454749,-7.527312106958561e-14,0.5979872345924377,provided,explicit_hourly,0.06133233208696287,0.6797900846102505,0.0,649.377620746112,648.6869940131666,0.9999999981514881,0.9999999981514878,0.5431488450801907,0.7411224166972133,0.9999999981514881,0.06133233208696287,atmospheric,,,,,3.3306690738754696e-16,1.0,3.733043399981451,3.7330433871474065,0.2251027893199926,196.78895601984263,293.667446765823,0.0,79.11529437854861,205.69323968959105,8.858912697683309,55.66305527920781,0.0,0.0,0.0,0.0,0.0,-2.220446049250313e-15,325.5053337514091,"[0.21896699388894217, 0.27563039840016484, 0.31118820493234994, 0.3479678786604579, 0.35025867976424524, 0.32672543950203314, 0.32896719671163427, 0.3288439986705929]","[0.21896699388894217, 0.27563039840016484, 0.31118820493234994, 0.3479678786604579, 0.35025867976424524, 0.32672543950203314, 0.32896719671163427, 0.3288439986705929]",[],1.0,"{'input_timing_assumptions': [], 'bottom_boundary': 'free_drainage', 'substeps': 24, 'precipitation_timing': 'explicit_hourly', 'plant_water_stress_method': 'compensated_layer_depletion', 'root_zone_stress_factor': 0.9999999981514878, 'root_zone_depletion_fraction': 0.5431488450801907, 'readily_available_water_adjustment': 'none', 'potential_et_demand_mm': 0.7411224166972133, 'surface_wetness': [0.5200946869958986]}",0.568079371471501,2015-10-21,True,9.015467394774594,50.0,[],[]
2015-12-25,wheat,21,BBCH21,0.06486708934354193,1.0,0.5393834762155296,104.05274479356508,0.10107194675912687,0.0,0.0,0.0,0.9747124964358035,0.12023898570717864,0.0,0.0,0.0,0.0,0.12291942713444517,0.0,0.0,648.6869940131666,0.12023898595913575,647.4691231038892,-1.2178709092773943,-3.3084646133829665e-14,1.1711525917053223,provided,explicit_hourly,0.12023898595913579,1.3311771893453421,0.0,648.6869940131666,647.4691231038892,0.9999999979045306,0.99999999790453,0.5431488450801907,1.4514161753044779,0.9999999979045306,0.12023898595913579,atmospheric,,,,,3.3306690738754696e-16,1.0,4.63014980986845,4.630149791823544,0.22574241883130594,198.13838232454856,298.2975965576465,0.0,79.34180968028116,210.0061491593925,8.949637717972863,56.830180259076194,0.0,0.0,0.0,0.0,0.0,-4.529709940470639e-14,327.36240669146196,"[0.21350585293079813, 0.2739248946887769, 0.3096965511414916, 0.34734969785916886, 0.349965556443149, 0.3266459312641367, 0.3289877916259793, 0.3289101903346666]","[0.21350585293079813, 0.2739248946887769, 0.3096965511414916, 0.34734969785916886, 0.349965556443149, 0.3266459312641367, 0.3289877916259793, 0.3289101903346666]",[],1.0,"{'input_timing_assumptions': [], 'bottom_boundary': 'free_drainage', 'substeps': 24, 'precipitation_timing': 'explicit_hourly', 'plant_water_stress_method': 'compensated_layer_depletion', 'root_zone_stress_factor': 0.99999999790453, 'root_zone_depletion_fraction': 0.5431488450801907, 'readily_available_water_adjustment': 'none', 'potential_et_demand_mm': 1.4514161753044779, 'surface_wetness': [0.5034814780211216]}",1.0949514821429822,2015-10-21,True,8.946699388894215,50.0,[],[]
2015-12-26,wheat,21,BBCH21,0.06522475972681312,1.0,0.5398969412423268,104.62648080495956,0.1017697078708322,0.0,0.0,0.0,0.9989552028044851,0.12772248831158334,0.0,0.0,0.0,0.0,0.12327362847633466,0.0,0.0,647.4691231038892,0.12772248863358623,646.2191717842966,-1.2499513195925829,1.7985612998927536e-13,1.240743637084961,provided,explicit_hourly,0.12772248863358618,1.4097539598348905,0.0,647.4691231038892,646.2191717842966,0.9999999974788865,0.9999999974788869,0.5431488450801907,1.5374764484684766,0.9999999974788865,0.12772248863358618,atmospheric,,,,,0.0,1.0,3.589923631587271,3.58992361475449,0.225959414083051,198.89643186427253,301.88752017240097,0.0,79.41873781615612,213.47396232204977,8.9948200341951,57.768612052275884,0.0,0.0,0.0,0.0,0.0,-2.1760371282653068e-14,328.28522559319345,"[0.2080700382500479, 0.27186361730827974, 0.3082199390665672, 0.3467341768931986, 0.34967228950601226, 0.3265656624991167, 0.3290059525230675, 0.3289729580624501]","[0.2080700382500479, 0.27186361730827974, 0.3082199390665672, 0.3467341768931986, 0.34967228950601226, 0.3265656624991167, 0.3290059525230675, 0.3289729580624501]",[],1.0,"{'input_timing_assumptions': [], 'bottom_boundary': 'free_drainage', 'substeps': 24, 'precipitation_timing': 'explicit_hourly', 'plant_water_stress_method': 'compensated_layer_depletion', 'root_zone_stress_factor': 0.9999999974788869, 'root_zone_depletion_fraction': 0.5431488450801907, 'readily_available_water_adjustment': 'none', 'potential_et_demand_mm': 1.5374764484684766, 'surface_wetness': [0.486945313521505]}",1.1266776911160685,2015-10-21,True,8.400585293079812,50.0,[],[]
2015-12-27,wheat,21,BBCH21,0.06522475972681312,1.0,0.540511892048972,104.62648080495956,0.1017697078708322,0.0,0.0,0.0,0.6277777631124069,0.0821363357690865,0.0,0.0,0.0,0.0,0.12361006276542172,0.0,0.0,646.2191717842966,0.08213633599827376,645.3856476226496,-0.8335241616470057,9.059419880941277e-14,0.7971856594085693,provided,explicit_hourly,0.08213633599827375,0.905661872872191,0.0,646.2191717842966,645.3856476226496,0.9999999972096726,0.999999997209673,0.5431488450801907,0.9877982088704648,0.9999999972096726,0.08213633599827375,atmospheric,,,,,0.0,1.0,1.3209111267745448,1.3209111199195518,0.2259594140672885,198.8964318642725,303.20843129232054,0.0,79.41873781061602,214.79487344196932,8.994820039735202,58.126066428501176,0.0,0.0,0.0,0.0,0.0,1.9984014443252818e-14,328.28522559319345,"[0.2064346217349589, 0.26995049282128813, 0.30689352115198404, 0.34612221587592934, 0.3493789752595573, 0.32648466290601996, 0.3290217217068671, 0.32903234797177117]","[0.2064346217349589, 0.26995049282128813, 0.30689352115198404, 0.34612221587592934, 0.3493789752595573, 0.32648466290601996, 0.3290217217068671, 0.32903234797177117]",[],1.0,"{'input_timing_assumptions': [], 'bottom_boundary': 'free_drainage', 'substeps': 24, 'precipitation_timing': 'explicit_hourly', 'plant_water_stress_method': 'compensated_layer_depletion', 'root_zone_stress_factor': 0.999999997209673, 'root_zone_depletion_fraction': 0.5431488450801907, 'readily_available_water_adjustment': 'none', 'potential_et_demand_mm': 0.9877982088704648, 'surface_wetness': [0.48197025125261084]}",0.7099140988814934,2015-10-21,True,7.85700382500479,50.0,[],[]
2015-12-28,wheat,21,BBCH21,0.06522475972681312,1.0,0.5412277085605887,104.62648080495956,0.1017697078708322,0.0,0.0,0.0,0.7299462532031105,0.09686382972965767,0.0,0.0,0.0,0.0,0.12392884319060131,0.0,0.0,645.3856476226496,0.09686383001746189,644.4349086965261,-0.9507389261234493,7.993605777301127e-14,0.9401254057884216,provided,explicit_hourly,0.09686383001746189,1.0680519972982623,0.0,645.3856476226496,644.4349086965261,0.9999999970287751,0.9999999970287754,0.5431488450801907,1.164915827315724,0.9999999970287751,0.09686383001746189,atmospheric,,,,,0.0,1.0,2.5023622476413805,2.5023622338132343,0.2259594140505041,198.8964318642725,305.7107935261338,0.0,79.41873780471676,217.29723567578256,8.99482004563447,58.803235632309466,0.0,0.0,0.0,0.0,0.0,9.769962616701378e-15,328.28522559319345,"[0.20359720766257983, 0.2681071233559705, 0.30554505212877764, 0.3455145033048816, 0.3490857208584658, 0.3264029619346933, 0.32903514140280354, 0.3290884071816379]","[0.20359720766257983, 0.2681071233559705, 0.30554505212877764, 0.3455145033048816, 0.3490857208584658, 0.3264029619346933, 0.32903514140280354, 0.3290884071816379]",[],1.0,"{'input_timing_assumptions': [], 'bottom_boundary': 'free_drainage', 'substeps': 24, 'precipitation_timing': 'explicit_hourly', 'plant_water_stress_method': 'compensated_layer_depletion', 'root_zone_stress_factor': 0.9999999970287754, 'root_zone_depletion_fraction': 0.5431488450801907, 'readily_available_water_adjustment': 'none', 'potential_et_demand_mm': 1.164915827315724, 'surface_wetness': [0.4733386203729665]}",0.8268100829327681,2015-10-21,True,7.69346217349589,50.0,[],[]
2015-12-29,wheat,21,BBCH21,0.06583256929729489,1.0,0.5420436734885634,105.60146295323322,0.10295545290715788,0.0,0.0,0.0,0.709941478204414,0.09589904116421011,0.0,0.0,0.0,0.0,0.12423009801459081,0.0,0.0,644.4349086965261,0.09589904146869413,643.504838079143,-0.9300706173830804,-1.3455903058456897e-13,0.9307615160942078,provided,explicit_hourly,0.0958990414686942,1.057413926016356,0.0,644.4349086965261,643.504838079143,0.9999999968249524,0.9999999968249514,0.5431488450801907,1.1533129674850502,0.9999999968249524,0.0958990414686942,atmospheric,,,,,7.771561172376096e-16,1.0,4.335264368500442,4.3352643429002,0.22644791977951018,200.06920385011173,310.04605786903403,0.0,79.5918018384422,221.38290014789828,9.071355882693524,59.90886539295143,0.0,0.0,0.0,0.0,0.0,4.529709940470639e-14,329.8534240980961,"[0.20090127153285292, 0.26629805034272946, 0.30422143332916296, 0.34491097193779235, 0.34879262764190805, 0.32632058881108195, 0.32904625378136726, 0.32914118369652906]","[0.20090127153285292, 0.26629805034272946, 0.30422143332916296, 0.34491097193779235, 0.34879262764190805, 0.32632058881108195, 0.32904625378136726, 0.32914118369652906]",[],1.0,"{'input_timing_assumptions': [], 'bottom_boundary': 'free_drainage', 'substeps': 24, 'precipitation_timing': 'explicit_hourly', 'plant_water_stress_method': 'compensated_layer_depletion', 'root_zone_stress_factor': 0.9999999968249514, 'root_zone_depletion_fraction': 0.5431488450801907, 'readily_available_water_adjustment': 'none', 'potential_et_demand_mm': 1.1533129674850502, 'surface_wetness': [0.4651373762283682]}",0.8058405193686241,2015-10-21,True,7.409720766257982,50.0,[],[]
2015-12-30,wheat,21,BBCH21,0.06631781029279524,1.0,0.5429589750333421,106.37983389571177,0.1039020850922684,0.0,0.0,0.0,0.7891275085136525,0.10903412250561154,0.0,0.0,0.0,0.0,0.12451396975997596,0.0,0.0,643.504838079143,0.10903412287739608,642.4821624783639,-1.0226756007791664,-7.37188088351104e-14,1.0561093091964722,provided,explicit_hourly,0.10903412287739613,1.199478389976201,0.0,643.504838079143,642.4821624783639,0.9999999965902,0.9999999965901994,0.5431488450801907,1.308512512853597,0.9999999965902,0.10903412287739613,atmospheric,,,,,3.3306690738754696e-16,1.0,4.158293505587026,4.158293479216287,0.2268138551113263,201.02314397324088,314.2043513482503,0.0,79.72147401998345,225.35038363039007,9.132493697876768,60.982513961754925,0.0,0.0,0.0,0.0,0.0,1.0658141036401503e-14,331.1053856344339,"[0.19737821902326602, 0.26442496559148826, 0.3028784427275566, 0.3443115737568459, 0.3484997900352686, 0.3262375724351812, 0.329055100969062, 0.3291907263008962]","[0.19737821902326602, 0.26442496559148826, 0.3028784427275566, 0.3443115737568459, 0.3484997900352686, 0.3262375724351812, 0.329055100969062, 0.3291907263008962]",[],1.0,"{'input_timing_assumptions': [], 'bottom_boundary': 'free_drainage', 'substeps': 24, 'precipitation_timing': 'explicit_hourly', 'plant_water_stress_method': 'compensated_layer_depletion', 'root_zone_stress_factor': 0.9999999965901994, 'root_zone_depletion_fraction': 0.5431488450801907, 'readily_available_water_adjustment': 'none', 'potential_et_demand_mm': 1.308512512853597, 'surface_wetness': [0.45441998072082385]}",0.898161631019264,2015-10-21,True,7.14012715328529,50.0,[],[]
2015-12-31,wheat,21,BBCH21,0.06685616283103515,1.0,0.5439727099015833,107.24340061093426,0.1049523299074419,0.0,0.0,0.0,1.0164378186542393,0.14508578009097675,0.0,0.0,0.0,0.0,0.12478061442442534,0.0,0.0,642.4821624783639,0.14508578063685013,641.1958582651941,-1.2863042131697284,8.704148513061227e-14,1.4031856060028076,provided,explicit_hourly,0.14508578063685013,1.5933328220766851,0.0,642.4821624783639,641.1958582651941,0.9999999962375818,0.9999999962375822,0.5431488450801907,1.7384186027135353,0.9999999962375818,0.14508578063685013,atmospheric,,,,,0.0,1.0,4.351228024741401,4.351227994293514,0.22724648063810843,202.05292635639654,318.55557934254375,0.0,79.87476753900768,229.48050741537187,9.200304388164255,62.100174945170544,0.0,0.0,0.0,0.0,0.0,-8.970602038971265e-14,332.4943793037985,"[0.19169008675618407, 0.26223793300189563, 0.30143548781955465, 0.3437156206251868, 0.34820729050138743, 0.3261539412786283, 0.3290617250467484, 0.32923708446205807]","[0.19169008675618407, 0.26223793300189563, 0.30143548781955465, 0.3437156206251868, 0.34820729050138743, 0.3261539412786283, 0.3290617250467484, 0.32923708446205807]",[],1.0,"{'input_timing_assumptions': [], 'bottom_boundary': 'free_drainage', 'substeps': 24, 'precipitation_timing': 'explicit_hourly', 'plant_water_stress_method': 'compensated_layer_depletion', 'root_zone_stress_factor': 0.9999999962375822, 'root_zone_depletion_fraction': 0.5431488450801907, 'readily_available_water_adjustment': 'none', 'potential_et_demand_mm': 1.7384186027135353, 'surface_wetness': [0.4371162468026796]}",1.1615235987452162,2015-10-21,True,6.7878219023266,50.0,[],[]
2016-01-01,wheat,21,BBCH21,0.06836362022677746,1.0,0.5450838866116786,109.66150016301417,0.10789315251255002,0.0,0.0,0.0,1.113345549665868,0.16604363775036604,0.0,0.0,0.0,0.0,0.12503020071864135,0.0,0.0,641.1958582651941,0.16604363844562214,639.7914388770594,-1.4044193881347837,-9.170442183403793e-14,1.6030173301696777,provided,explicit_hourly,0.16604363844562223,1.8197872783097737,0.0,641.1958582651941,639.7914388770594,0.999999995812811,0.9999999958128107,0.5431488450801907,1.985830916755396,0.999999995812811,0.16604363844562223,atmospheric,,,,,5.551115123125783e-16,1.0,5.7932538292213955,5.7932537841061436,0.22903368348986772,204.39123400052165,324.34883312664994,0.0,80.50767730094923,234.45114023165016,9.390015594050553,63.445287743445675,0.0,0.0,0.0,0.0,0.0,4.085620730620576e-14,336.38374292854996,"[0.18532543619917863, 0.25967357658751944, 0.29991412384527666, 0.3431221298700129, 0.34791519126830134, 0.3260697232048938, 0.32906616803544336, 0.32928030823988813]","[0.18532543619917863, 0.25967357658751944, 0.29991412384527666, 0.3431221298700129, 0.34791519126830134, 0.3260697232048938, 0.32906616803544336, 0.32928030823988813]",[],1.0,"{'input_timing_assumptions': [], 'bottom_boundary': 'free_drainage', 'substeps': 24, 'precipitation_timing': 'explicit_hourly', 'plant_water_stress_method': 'compensated_layer_depletion', 'root_zone_stress_factor': 0.9999999958128107, 'root_zone_depletion_fraction': 0.5431488450801907, 'readily_available_water_adjustment': 'none', 'potential_et_demand_mm': 1.985830916755396, 'surface_wetness': [0.41775449244303814]}",1.279389187416234,2015-10-21,True,6.219008675618406,50.0,[],[]
2016-01-02,wheat,21,BBCH21,0.06947259889440152,1.0,0.5462914290599226,111.44040338576657,0.11005660306414959,0.0,0.0,0.0,0.5588626792052905,0.08624390727977548,0.0,0.0,0.0,0.0,0.125262909320952,0.0,0.0,639.7914388770594,0.08624390766002808,639.0210693812534,-0.7703694958059941,-2.3869795029440866e-14,0.8265370726585388,provided,explicit_hourly,0.0862439076600281,0.937334419603749,0.0,639.7914388770594,639.0210693812534,0.9999999955909626,0.9999999955909626,0.5431488450801907,1.023578327263777,0.9999999955909626,0.0862439076600281,atmospheric,,,,,1.1102230246251565e-16,1.0,5.680112121225413,5.680112074647616,0.23030872222014837,206.13785352771575,330.0289452012976,0.0,80.95931496953696,239.53921206303178,9.5304181687288,64.82218094636366,0.0,0.0,0.0,0.0,0.0,2.220446049250313e-14,339.24499877741493,"[0.18454967753465096, 0.25750308792537724, 0.2986359134083979, 0.3425318251171356, 0.3476235438125419, 0.325984945287431, 0.3290684718684753, 0.3293204482016962]","[0.18454967753465096, 0.25750308792537724, 0.2986359134083979, 0.3425318251171356, 0.3476235438125419, 0.325984945287431, 0.3290684718684753, 0.3293204482016962]",[],1.0,"{'input_timing_assumptions': [], 'bottom_boundary': 'free_drainage', 'substeps': 24, 'precipitation_timing': 'explicit_hourly', 'plant_water_stress_method': 'compensated_layer_depletion', 'root_zone_stress_factor': 0.9999999955909626, 'root_zone_depletion_fraction': 0.5431488450801907, 'readily_available_water_adjustment': 'none', 'potential_et_demand_mm': 1.023578327263777, 'surface_wetness': [0.41539457518278633]}",0.645106586485066,2015-10-21,True,5.582543619917862,50.0,[],[]
2016-01-03,wheat,21,BBCH21,0.06965398786652041,1.0,0.5475941803182947,111.73136788895701,0.11041046566154783,0.0,0.0,0.0,0.30863741374320497,0.047843459501718304,0.0,0.0,0.0,0.0,0.12547893214266923,0.0,0.0,639.0210693812534,0.04784345971126575,638.539109575866,-0.4819598053874188,-1.7369439220260574e-13,0.4561445415019989,provided,explicit_hourly,0.04784345971126574,0.5169083394735111,0.0,639.0210693812534,638.539109575866,0.9999999956201443,0.9999999956201444,0.5431488450801907,0.5647517991847768,0.9999999956201443,0.04784345971126574,atmospheric,,,,,0.0,1.0,2.406837433070569,2.406837413464758,0.2303589086658193,206.56533650860365,332.43578261476233,0.0,80.9771943952332,241.90511452050023,9.553473699028856,65.46242249963015,0.0,0.0,0.0,0.0,0.0,-8.881784197001252e-16,339.7129971912227,"[0.1858212435367568, 0.2559689778207738, 0.29749192683437103, 0.3419465280368185, 0.3473324206713807, 0.32589963389825494, 0.3290686783588172, 0.32935755534107314]","[0.1858212435367568, 0.2559689778207738, 0.29749192683437103, 0.3419465280368185, 0.3473324206713807, 0.32589963389825494, 0.3290686783588172, 0.32935755534107314]",[],1.0,"{'input_timing_assumptions': [], 'bottom_boundary': 'free_drainage', 'substeps': 24, 'precipitation_timing': 'explicit_hourly', 'plant_water_stress_method': 'compensated_layer_depletion', 'root_zone_stress_factor': 0.9999999956201444, 'root_zone_depletion_fraction': 0.5431488450801907, 'readily_available_water_adjustment': 'none', 'potential_et_demand_mm': 0.5647517991847768, 'surface_wetness': [0.4192627763297836]}",0.3564808732449233,2015-10-21,True,5.504967753465094,50.0,[],[]
2016-01-04,wheat,21,BBCH21,0.06984252917824671,1.0,0.5489909066339512,112.0338053991126,0.11077828139755966,0.0,0.0,0.0,0.7290667503090026,0.11385107865068703,0.0,0.0,0.0,0.0,0.1256784716028324,0.0,0.0,638.539109575866,0.11385107915864624,637.5705132753034,-0.9685963005625808,5.88418203051333e-14,1.0852470397949219,provided,explicit_hourly,0.11385107915864627,1.2297788651872226,0.0,638.539109575866,637.5705132753034,0.9999999955383891,0.9999999955383888,0.5431488450801907,1.3436299443458688,0.9999999955383891,0.11385107915864627,atmospheric,,,,,2.220446049250313e-16,1.0,2.812081878967987,2.8120818556335188,0.23043113366593576,206.99018365249023,335.2478644703958,0.0,81.00287223918534,244.66760971691997,9.57738251429052,66.20998680003646,0.0,0.0,0.0,0.0,0.0,-2.4868995751603507e-14,340.19944922738796,"[0.18257003237000724, 0.25436916563162343, 0.29616362510539723, 0.34136588025607784, 0.3470419032851192, 0.3258138149395241, 0.3290668291770097, 0.3293916810007897]","[0.18257003237000724, 0.25436916563162343, 0.29616362510539723, 0.34136588025607784, 0.3470419032851192, 0.3258138149395241, 0.3290668291770097, 0.3293916810007897]",[],1.0,"{'input_timing_assumptions': [], 'bottom_boundary': 'free_drainage', 'substeps': 24, 'precipitation_timing': 'explicit_hourly', 'plant_water_stress_method': 'compensated_layer_depletion', 'root_zone_stress_factor': 0.9999999955383888, 'root_zone_depletion_fraction': 0.5431488450801907, 'readily_available_water_adjustment': 'none', 'potential_et_demand_mm': 1.3436299443458688, 'surface_wetness': [0.4093723430030644]}",0.8429178289596896,2015-10-21,True,5.63212435367568,50.0,[],[]
2016-01-05,wheat,21,BBCH21,0.06984252917824671,1.0,0.5504803016000681,112.0338053991126,0.11077828139755966,0.0,0.0,0.0,0.7432383556811537,0.1189659833447414,0.0,0.0,0.0,0.0,0.12586173991739455,0.0,0.0,637.5705132753034,0.11896598390544835,636.5824471963601,-0.9880660789432341,-5.562217353372034e-14,1.1336709260940552,provided,explicit_hourly,0.11896598390544828,1.2845979697160974,0.0,637.5705132753034,636.5824471963601,0.9999999952868296,0.9999999952868304,0.5431488450801907,1.4035639536215456,0.9999999952868296,0.11896598390544828,atmospheric,,,,,0.0,1.0,2.9877737199932,2.987773693802983,0.23043113363878423,206.9901836524902,338.2356381641988,0.0,81.00287222964081,247.65538341072295,9.577382523835041,67.01851416112471,0.0,0.0,0.0,0.0,0.0,-4.440892098500626e-15,340.19944922738796,"[0.1792461496686858, 0.2526278633940052, 0.29485091389563206, 0.3407888635224295, 0.3467520507144343, 0.3257275137673221, 0.32906296583306627, 0.3294228768003835]","[0.1792461496686858, 0.2526278633940052, 0.29485091389563206, 0.3407888635224295, 0.3467520507144343, 0.3257275137673221, 0.32906296583306627, 0.3294228768003835]",[],1.0,"{'input_timing_assumptions': [], 'bottom_boundary': 'free_drainage', 'substeps': 24, 'precipitation_timing': 'explicit_hourly', 'plant_water_stress_method': 'compensated_layer_depletion', 'root_zone_stress_factor': 0.9999999952868304, 'root_zone_depletion_fraction': 0.5431488450801907, 'readily_available_water_adjustment': 'none', 'potential_et_demand_mm': 1.4035639536215456, 'surface_wetness': [0.3992608373034448]}",0.8622043390258951,2015-10-21,True,5.307003237000723,50.0,[],[]
2016-01-06,wheat,21,BBCH21,0.06984252917824671,1.0,0.5520609904676059,112.0338053991126,0.11077828139755966,0.02901171116742423,0.0,0.0,0.5797135034088441,0.09082818525905238,0.0036294760546786067,0.0,0.0,0.0,0.1260289584052736,0.0,0.0,636.5824471963601,0.09082818570305812,635.8112587843997,-0.771188411960452,2.7422508708241367e-14,0.9001220464706421,provided,explicit_hourly,0.09445766175773668,1.01995643250285,0.0,636.5824471963601,635.8112587843997,0.9999999951115864,0.999999995112417,0.5431488450801907,1.1144140942605867,0.9999999951115864,0.09445766175773668,atmospheric,,,,,0.038424369046815676,1.0,2.852961597538064,2.852961571599727,0.23043113361062317,206.9901836524902,341.08859973579854,0.0,81.00287221974142,250.50834498232268,9.577382533734436,67.79055974662408,0.0,0.0,0.0,0.0,0.0,7.993605777301127e-15,340.19944922738796,"[0.1777869939515054, 0.2510156202212758, 0.2936560720712903, 0.3402160058277616, 0.3464629150529495, 0.3256407550227539, 0.32905712964805856, 0.3294511945677762]","[0.1777869939515054, 0.2510156202212758, 0.2936560720712903, 0.3402160058277616, 0.3464629150529495, 0.3256407550227539, 0.32905712964805856, 0.3294511945677762]",[],1.0,"{'input_timing_assumptions': [], 'bottom_boundary': 'free_drainage', 'substeps': 24, 'precipitation_timing': 'explicit_hourly', 'plant_water_stress_method': 'compensated_layer_depletion', 'root_zone_stress_factor': 0.999999995112417, 'root_zone_depletion_fraction': 0.5431488450801907, 'readily_available_water_adjustment': 'none', 'potential_et_demand_mm': 1.1144140942605867, 'surface_wetness': [0.39482197387874085]}",0.674171164722575,2015-10-21,True,4.974614966868577,50.0,[],[]
2016-01-07,wheat,21,BBCH21,0.06984252917824671,1.0,0.5537315345678964,112.0338053991126,0.11077828139755966,0.0,0.0,0.0,0.6720284760425261,0.11132851636884676,0.0,0.0,0.0,0.0,0.1261803568076055,0.0,0.0,635.8112587843997,0.11132851693159995,634.9017214351807,-0.909537349219022,4.3520742565306136e-14,1.0608906745910645,provided,explicit_hourly,0.11132851693160002,1.2021283913574379,0.0,635.8112587843997,634.9017214351807,0.9999999949451119,0.9999999949451115,0.5431488450801907,1.313456908289038,0.9999999949451119,0.11132851693160002,atmospheric,,,,,6.661338147750939e-16,1.0,1.537833360374212,1.5378333459165165,0.23043113358150308,206.9901836524902,342.62643308171505,0.0,81.00287220950491,252.0461783282392,9.577382543970941,68.20671587636923,0.0,0.0,0.0,0.0,0.0,-5.995204332975845e-15,340.19944922738796,"[0.17505414026610921, 0.2493633114253891, 0.2924152376488909, 0.3396474884190269, 0.34617455323915275, 0.3255535626733508, 0.32904936172268906, 0.3294766862739527]","[0.17505414026610921, 0.2493633114253891, 0.2924152376488909, 0.3396474884190269, 0.34617455323915275, 0.3255535626733508, 0.32904936172268906, 0.3294766862739527]",[],1.0,"{'input_timing_assumptions': [], 'bottom_boundary': 'free_drainage', 'substeps': 24, 'precipitation_timing': 'explicit_hourly', 'plant_water_stress_method': 'compensated_layer_depletion', 'root_zone_stress_factor': 0.9999999949451115, 'root_zone_depletion_fraction': 0.5431488450801907, 'readily_available_water_adjustment': 'none', 'potential_et_demand_mm': 1.313456908289038, 'surface_wetness': [0.3865084237028806]}",0.7833569924113729,2015-10-21,True,4.828699395150538,50.0,[],[]
2016-01-08,wheat,21,BBCH21,0.06984252917824671,1.0,0.5554904358165879,112.0338053991126,0.11077828139755966,0.0,0.0,0.0,0.5096442460061996,0.085736099991653,0.0,0.0,0.0,0.0,0.12631617261901873,0.0,0.0,634.9017214351807,0.08573610043746757,634.1800249165639,-0.7216965186167954,-7.593925488436071e-14,0.8170110583305359,provided,explicit_hourly,0.08573610043746754,0.9257807734687628,0.0,634.9017214351807,634.1800249165639,0.9999999948001534,0.9999999948001537,0.5431488450801907,1.0115168739062304,0.9999999948001534,0.08573610043746754,atmospheric,,,,,0.0,1.0,1.7965360643242547,1.7965360469500584,0.23043113355154793,206.9901836524902,344.4229691286651,0.0,81.00287219897484,253.84271437518925,9.577382554501014,68.69288005679334,0.0,0.0,0.0,0.0,0.0,-5.995204332975845e-15,340.19944922738796,"[0.17388711315810199, 0.24785976582085759, 0.29128349098655, 0.3390834477140437, 0.3458870164753733, 0.32546596003462214, 0.32903970290955364, 0.32949940397066135]","[0.17388711315810199, 0.24785976582085759, 0.29128349098655, 0.3390834477140437, 0.3458870164753733, 0.32546596003462214, 0.32903970290955364, 0.32949940397066135]",[],1.0,"{'input_timing_assumptions': [], 'bottom_boundary': 'free_drainage', 'substeps': 24, 'precipitation_timing': 'explicit_hourly', 'plant_water_stress_method': 'compensated_layer_depletion', 'root_zone_stress_factor': 0.9999999948001537, 'root_zone_depletion_fraction': 0.5431488450801907, 'readily_available_water_adjustment': 'none', 'potential_et_demand_mm': 1.0115168739062304, 'surface_wetness': [0.3829582378766677]}",0.5953803459978526,2015-10-21,True,4.55541402661092,50.0,[],[]
2016-01-09,wheat,21,BBCH21,0.06984252917824671,1.0,0.5573361412704511,112.0338053991126,0.11077828139755966,0.0,0.0,0.0,0.588381081553802,0.10026749646274205,0.0,0.0,0.0,0.0,0.12643665043287575,0.0,0.0,634.1800249165639,0.10026749699682638,633.3649396881144,-0.8150852284494476,2.786659791809143e-14,0.9554861187934875,provided,explicit_hourly,0.10026749699682644,1.0826911938232315,0.0,634.1800249165639,633.3649396881144,0.9999999946734052,0.9999999946734041,0.5431488450801907,1.182958690820058,0.9999999946734052,0.10026749699682644,atmospheric,,,,,5.551115123125783e-16,1.0,2.481553397060909,2.481553372476966,0.23043113352086256,206.9901836524902,346.9045225011421,0.0,81.0028721881881,256.3242677476662,9.57738256528775,69.36441813339198,0.0,0.0,0.0,0.0,0.0,1.4654943925052066e-14,340.19944922738796,"[0.17180803650537457, 0.24637252458092782, 0.29012535603078315, 0.33852412940213106, 0.3456003584457326, 0.32537796977641326, 0.3290281937857017, 0.3295193997311386]","[0.17180803650537457, 0.24637252458092782, 0.29012535603078315, 0.33852412940213106, 0.3456003584457326, 0.32537796977641326, 0.3290281937857017, 0.3295193997311386]",[],1.0,"{'input_timing_assumptions': [], 'bottom_boundary': 'free_drainage', 'substeps': 24, 'precipitation_timing': 'explicit_hourly', 'plant_water_stress_method': 'compensated_layer_depletion', 'root_zone_stress_factor': 0.9999999946734041, 'root_zone_depletion_fraction': 0.5431488450801907, 'readily_available_water_adjustment': 'none', 'potential_et_demand_mm': 1.182958690820058, 'surface_wetness': [0.3766335274963521]}",0.688648578016544,2015-10-21,True,4.438711315810197,50.0,[],[]
2016-01-10,wheat,21,BBCH21,0.06984252917824671,1.0,0.5592670477097502,112.0338053991126,0.11077828139755966,0.014505855583712115,0.0,0.0,0.5431495152894433,0.0921439812056195,0.0018147380264712987,0.0,0.0,0.0,0.12654204130146895,0.0,0.0,633.3649396881144,0.0921439817093556,632.6157952678751,-0.749144420239304,1.3100631690576847e-14,0.895367443561554,provided,explicit_hourly,0.09395871973582691,1.0145688433668263,0.0,633.3649396881144,632.6157952678751,0.9999999945331632,0.999999994532406,0.5431488450801907,1.1085275631026532,0.9999999945331632,0.09395871973582691,atmospheric,,,,,0.019314205552966257,1.0,2.2804412353665535,2.2804412121801576,0.23043113348936933,206.99018365249023,349.18496371332225,0.0,81.00287217711737,258.6047089598464,9.577382576358488,69.98153284968565,0.0,0.0,0.0,0.0,0.0,7.105427357601002e-15,340.19944922738796,"[0.17025045088881186, 0.24494437326249424, 0.28901867585481333, 0.3379694351765758, 0.3453146276681493, 0.32528961394453815, 0.3290148746275364, 0.32953672559377456]","[0.17025045088881186, 0.24494437326249424, 0.28901867585481333, 0.3379694351765758, 0.3453146276681493, 0.32528961394453815, 0.3290148746275364, 0.32953672559377456]",[],1.0,"{'input_timing_assumptions': [], 'bottom_boundary': 'free_drainage', 'substeps': 24, 'precipitation_timing': 'explicit_hourly', 'plant_water_stress_method': 'compensated_layer_depletion', 'root_zone_stress_factor': 0.999999994532406, 'root_zone_depletion_fraction': 0.5431488450801907, 'readily_available_water_adjustment': 'none', 'potential_et_demand_mm': 1.1085275631026532, 'surface_wetness': [0.3718952327805795]}",0.6371082345215341,2015-10-21,True,4.230803650537455,50.0,[],[]
2016-01-11,wheat,21,BBCH21,0.06984252917824671,1.0,0.5612815062203237,112.0338053991126,0.11077828139755966,0.0,0.0,0.0,0.6612236580788564,0.11645524213673011,0.0,0.0,0.0,0.0,0.12663260211239477,0.0,0.0,632.6157952678751,0.11645524279341225,631.7114837655471,-0.9043115023280279,4.6629367034256575e-14,1.1097451448440552,provided,explicit_hourly,0.1164552427934123,1.2574869190891536,0.0,632.6157952678751,631.7114837655471,0.9999999943610771,0.9999999943610767,0.5431488450801907,1.3739421618825658,0.9999999943610771,0.1164552427934123,atmospheric,,,,,3.3306690738754696e-16,1.0,0.5875927557054816,0.5875927495430681,0.23043113345688473,206.9901836524902,349.77255646286534,0.0,81.00287216569814,259.1923017093895,9.57738258777772,70.14054248825634,0.0,0.0,0.0,0.0,0.0,2.3425705819590803e-14,340.19944922738796,"[0.16734079789875853, 0.24340816646564611, 0.287849905911266, 0.33741918340444954, 0.34502986941617714, 0.32520091394174033, 0.3289997853859069, 0.32955143350867894]","[0.16734079789875853, 0.24340816646564611, 0.287849905911266, 0.33741918340444954, 0.34502986941617714, 0.32520091394174033, 0.3289997853859069, 0.32955143350867894]",[],1.0,"{'input_timing_assumptions': [], 'bottom_boundary': 'free_drainage', 'substeps': 24, 'precipitation_timing': 'explicit_hourly', 'plant_water_stress_method': 'compensated_layer_depletion', 'root_zone_stress_factor': 0.9999999943610767, 'root_zone_depletion_fraction': 0.5431488450801907, 'readily_available_water_adjustment': 'none', 'potential_et_demand_mm': 1.3739421618825658, 'surface_wetness': [0.36304384558176456]}",0.7776789002155865,2015-10-21,True,4.075045088881184,50.0,[],[]
2016-01-12,wheat,21,BBCH21,0.06984252917824671,1.0,0.5633778267511265,112.0338053991126,0.11077828139755966,0.0,0.0,0.0,0.5722950159256778,0.10288406920219055,0.0,0.0,0.0,0.0,0.12670859498161985,0.0,0.0,631.7114837655471,0.10288406980225483,630.9095960854377,-0.8018876801094166,-7.16093850883226e-14,0.9804204106330872,provided,explicit_hourly,0.10288406980225487,1.1109450195212147,0.0,631.7114837655471,630.9095960854377,0.9999999941675687,0.9999999941675686,0.5431488450801907,1.2138290893234696,0.9999999941675687,0.10288406980225487,atmospheric,,,,,4.440892098500626e-16,1.0,0.21372634810416297,0.21372634578577585,0.2304311334232854,206.9901836524902,349.98628280865114,0.0,81.00287215388704,259.4060280551753,9.577382599588816,70.19837939829796,0.0,0.0,0.0,0.0,0.0,2.5340840537069198e-14,340.19944922738796,"[0.16533943712941365, 0.24188893854185797, 0.286746166074421, 0.3368731657502329, 0.3447461204204728, 0.32511189050104283, 0.32898296566119994, 0.3295635752869523]","[0.16533943712941365, 0.24188893854185797, 0.286746166074421, 0.3368731657502329, 0.3447461204204728, 0.32511189050104283, 0.32898296566119994, 0.3295635752869523]",[],1.0,"{'input_timing_assumptions': [], 'bottom_boundary': 'free_drainage', 'substeps': 24, 'precipitation_timing': 'explicit_hourly', 'plant_water_stress_method': 'compensated_layer_depletion', 'root_zone_stress_factor': 0.9999999941675686, 'root_zone_depletion_fraction': 0.5431488450801907, 'readily_available_water_adjustment': 'none', 'potential_et_demand_mm': 1.2138290893234696, 'surface_wetness': [0.3569555528696961]}",0.6751790851278683,2015-10-21,True,3.784079789875852,50.0,[],[]
2016-01-13,wheat,21,BBCH21,0.06984252917824671,1.0,0.5655542826247243,112.0338053991126,0.11077828139755966,0.0,0.0,0.0,0.7685207484269986,0.14169575505050322,0.0,0.0,0.0,0.0,0.12677028666328602,0.0,0.0,630.9095960854377,0.14169575592419853,629.8726092952968,-1.0369867901408725,8.459899447643693e-14,1.3502713441848755,provided,explicit_hourly,0.1416957559241985,1.5300346755174048,0.0,630.9095960854377,629.8726092952968,0.9999999938340051,0.9999999938340054,0.5431488450801907,1.6717304314416033,0.9999999938340051,0.1416957559241985,atmospheric,,,,,0.0,1.0,2.415029462803601,2.4150294351084427,0.23043113338776447,206.9901836524902,352.4013122437596,0.0,81.00287214140046,261.82105749028375,9.577382612075397,70.85191530035395,0.0,0.0,0.0,0.0,0.0,2.2648549702353193e-14,340.19944922738796,"[0.1614074072401295, 0.24013580948210383, 0.28551777183545407, 0.33633094637153005, 0.34446341395225083, 0.3250225636602396, 0.3289644546774742, 0.32957320255244416]","[0.1614074072401295, 0.24013580948210383, 0.28551777183545407, 0.33633094637153005, 0.34446341395225083, 0.3250225636602396, 0.3289644546774742, 0.32957320255244416]",[],1.0,"{'input_timing_assumptions': [], 'bottom_boundary': 'free_drainage', 'substeps': 24, 'precipitation_timing': 'explicit_hourly', 'plant_water_stress_method': 'compensated_layer_depletion', 'root_zone_stress_factor': 0.9999999938340054, 'root_zone_depletion_fraction': 0.5431488450801907, 'readily_available_water_adjustment': 'none', 'potential_et_demand_mm': 1.6717304314416033, 'surface_wetness': [0.34499401685617653]}",0.9102165034775018,2015-10-21,True,3.5839437129413643,50.0,[],[]
2016-01-14,wheat,21,BBCH21,0.06984252917824671,1.0,0.5678091149800772,112.0338053991126,0.11077828139755966,0.0,0.0,0.0,0.7369714163910642,0.14037111841728647,0.0,0.0,0.0,0.0,0.12681794797604706,0.0,0.0,629.8726092952968,0.14037111934207575,628.8684488125123,-1.0041604827845276,1.2989609388114332e-13,1.3376483917236328,provided,explicit_hourly,0.14037111934207572,1.5157312134657808,0.0,629.8726092952968,628.8684488125123,0.9999999934118267,0.9999999934118267,0.5431488450801907,1.6561023328078566,0.9999999934118267,0.14037111934207572,atmospheric,,,,,0.0,1.0,3.1397971457948346,3.139797107322826,0.23043113334981144,206.99018365249023,355.5411093510824,0.0,81.00287212805893,264.96085459760656,9.57738262541693,71.70158201868729,0.0,0.0,0.0,0.0,0.0,-1.9539925233402755e-14,340.19944922738796,"[0.15793040941475517, 0.23824428379337093, 0.2842979851422075, 0.33579177513480846, 0.34418176944718276, 0.32493295271850614, 0.3289442912568362, 0.3295803666958096]","[0.15793040941475517, 0.23824428379337093, 0.2842979851422075, 0.33579177513480846, 0.34418176944718276, 0.32493295271850614, 0.3289442912568362, 0.3295803666958096]",[],1.0,"{'input_timing_assumptions': [], 'bottom_boundary': 'free_drainage', 'substeps': 24, 'precipitation_timing': 'explicit_hourly', 'plant_water_stress_method': 'compensated_layer_depletion', 'root_zone_stress_factor': 0.9999999934118267, 'root_zone_depletion_fraction': 0.5431488450801907, 'readily_available_water_adjustment': 'none', 'potential_et_demand_mm': 1.6561023328078566, 'surface_wetness': [0.3344167232245872]}",0.8773425348083507,2015-10-21,True,3.190740724012949,50.0,[],[]
2016-01-15,wheat,21,BBCH21,0.06988211248309144,1.0,0.5701405371288433,112.09730064082571,0.11085550247060692,0.0,0.0,0.0,0.6509133966118792,0.1274288253936202,0.0,0.0,0.0,0.0,0.12685185324589124,0.0,0.0,628.8684488125123,0.12742882628048954,627.963254737261,-0.9051940752513019,-8.870681966755001e-14,1.214316487312317,provided,explicit_hourly,0.12742882628048952,1.375979976706909,0.0,628.8684488125123,627.963254737261,0.9999999930402769,0.999999993040277,0.5431488450801907,1.5034088029873984,0.9999999930402769,0.12742882628048952,atmospheric,,,,,0.0,1.0,3.736215482440866,3.736215434079102,0.2304550447555495,207.06770144734617,359.27732478516157,0.0,81.01135524832573,268.6837514628762,9.58221807395958,72.70904251823029,0.0,0.0,0.0,0.0,0.0,5.417888360170764e-14,340.30157739793884,"[0.15535243742452887, 0.2363761795086254, 0.28312339853450824, 0.33525575640413463, 0.34390120140163577, 0.32484307617285935, 0.3289225137914406, 0.329585118830624]","[0.15535243742452887, 0.2363761795086254, 0.28312339853450824, 0.33525575640413463, 0.34390120140163577, 0.32484307617285935, 0.3289225137914406, 0.329585118830624]",[],1.0,"{'input_timing_assumptions': [], 'bottom_boundary': 'free_drainage', 'substeps': 24, 'precipitation_timing': 'explicit_hourly', 'plant_water_stress_method': 'compensated_layer_depletion', 'root_zone_stress_factor': 0.999999993040277, 'root_zone_depletion_fraction': 0.5431488450801907, 'readily_available_water_adjustment': 'none', 'potential_et_demand_mm': 1.5034088029873984, 'surface_wetness': [0.3265743350253077]}",0.7783422220054994,2015-10-21,True,2.8430409414755147,50.0,[],[]
2016-01-16,wheat,21,BBCH21,0.06988211248309144,1.0,0.5725467388083612,112.09730064082571,0.11085550247060692,0.0,0.0,0.0,0.5290256738242517,0.10553956779835871,0.0,0.0,0.0,0.0,0.12687227976466925,0.0,0.0,627.963254737261,0.10553956856320969,627.2018172158737,-0.761437521387279,-6.661338147750939e-16,1.0056281089782715,provided,explicit_hourly,0.1055395685632097,1.1394928473923274,0.0,627.963254737261,627.2018172158737,0.9999999927529458,0.9999999927529457,0.5431488450801907,1.245032415955537,0.9999999927529458,0.1055395685632097,atmospheric,,,,,1.1102230246251565e-16,1.0,2.856240777561884,2.856240739064202,0.23045504471379652,207.06770144734614,362.13356552422573,0.0,81.01135523364837,271.53999220194044,9.582218088636935,73.48197548573657,0.0,0.0,0.0,0.0,0.0,-3.952393967665557e-14,340.30157739793884,"[0.15390547978888824, 0.234692584647688, 0.2820294009552466, 0.334723341718103, 0.34362172667496976, 0.3247529517548783, 0.32889916021671656, 0.32958750975131185]","[0.15390547978888824, 0.234692584647688, 0.2820294009552466, 0.334723341718103, 0.34362172667496976, 0.3247529517548783, 0.32889916021671656, 0.32958750975131185]",[],1.0,"{'input_timing_assumptions': [], 'bottom_boundary': 'free_drainage', 'substeps': 24, 'precipitation_timing': 'explicit_hourly', 'plant_water_stress_method': 'compensated_layer_depletion', 'root_zone_stress_factor': 0.9999999927529457, 'root_zone_depletion_fraction': 0.5431488450801907, 'readily_available_water_adjustment': 'none', 'potential_et_demand_mm': 1.245032415955537, 'surface_wetness': [0.3221725790987007]}",0.6345652416226104,2015-10-21,True,2.585243742452887,50.0,[],[]
2016-01-17,wheat,21,BBCH21,0.06988211248309144,1.0,0.5750258903163855,112.09730064082571,0.11085550247060692,0.21033490461286258,0.0,0.0,0.4720997103218084,0.07125850850019026,0.026316253293695475,0.0,0.0,0.0,0.12687950726490488,0.0,0.0,627.2018172158737,0.07125850902432751,626.7155981411059,-0.48621907476774595,9.492406860545088e-15,0.8961395621299744,provided,explicit_hourly,0.09404886547940462,1.015429672480635,0.0,627.2018172158737,626.7155981411059,0.9999999926445662,0.9999999926555349,0.5431488450801907,1.1094785379600398,0.9999999926445662,0.09404886547940462,atmospheric,,,,,0.24232462921169295,1.0,0.39387572994026626,0.39387572455204073,0.2304550446714191,207.06770144734617,362.5274412487778,0.0,81.01135521875153,271.9338679264925,9.582218103533776,73.58856297622465,0.0,0.0,0.0,0.0,0.0,1.9817480989559044e-14,340.30157739793884,"[0.15455205018111903, 0.2334584230281848, 0.2810716974045936, 0.334195605401803, 0.3433433701592486, 0.32466259651595936, 0.32887426798973396, 0.32958758989307446]","[0.15455205018111903, 0.2334584230281848, 0.2810716974045936, 0.334195605401803, 0.3433433701592486, 0.32466259651595936, 0.32887426798973396, 0.32958758989307446]",[],1.0,"{'input_timing_assumptions': [], 'bottom_boundary': 'free_drainage', 'substeps': 24, 'precipitation_timing': 'explicit_hourly', 'plant_water_stress_method': 'compensated_layer_depletion', 'root_zone_stress_factor': 0.9999999926555349, 'root_zone_depletion_fraction': 0.5431488450801907, 'readily_available_water_adjustment': 'none', 'potential_et_demand_mm': 1.1094785379600398, 'surface_wetness': [0.3241394957421934]}",0.5696744721156941,2015-10-21,True,2.440547978888823,50.0,[],[]
2016-01-18,wheat,21,BBCH21,0.06988211248309144,1.0,0.5775761465145459,112.09730064082571,0.11085550247060692,0.06527635417959385,0.0,0.0,0.4571882382631587,0.08327625318079203,0.008167113649280994,0.0,0.0,0.0,0.12687381741331671,0.0,0.0,626.7155981411059,0.0832762538028447,626.105369072779,-0.6102290683269302,-2.4313884239290928e-14,0.871313214302063,provided,explicit_hourly,0.09144336745212572,0.9872985517407792,0.0,626.7155981411059,626.105369072779,0.9999999925302515,0.9999999925341891,0.5431488450801907,1.0787419191929049,0.9999999925302515,0.09144336745212572,atmospheric,,,,,0.08931335182463429,1.0,0.0,0.0,0.23045504462838307,207.06770144734614,362.5274412487778,0.0,81.01135520362317,271.9338679264925,9.58221811866214,73.58856297622465,0.0,0.0,0.0,0.0,0.0,0.0,340.30157739793884,"[0.15387466223360996, 0.2323360721666213, 0.280091752123272, 0.3336726179818842, 0.34306616514858596, 0.3245720269556685, 0.328847874074686, 0.3295854092942139]","[0.15387466223360996, 0.2323360721666213, 0.280091752123272, 0.3336726179818842, 0.34306616514858596, 0.3245720269556685, 0.328847874074686, 0.3295854092942139]",[],1.0,"{'input_timing_assumptions': [], 'bottom_boundary': 'free_drainage', 'substeps': 24, 'precipitation_timing': 'explicit_hourly', 'plant_water_stress_method': 'compensated_layer_depletion', 'root_zone_stress_factor': 0.9999999925341891, 'root_zone_depletion_fraction': 0.5431488450801907, 'readily_available_water_adjustment': 'none', 'potential_et_demand_mm': 1.0787419191929049, 'surface_wetness': [0.32207882973572804]}",0.5486316050932317,2015-10-21,True,2.5052050181119014,50.0,[],[]
2016-01-19,wheat,21,BBCH21,0.06988211248309144,1.0,0.5801956506893332,112.09730064082571,0.11085550247060692,0.0,0.0,0.0,0.5240003453108676,0.10629722685026455,0.0,0.0,0.0,0.0,0.12685549332618148,0.0,0.0,626.105369072779,0.10629722766566954,625.3482160072917,-0.7571530654872731,-4.0523140398818214e-14,1.0128474235534668,provided,explicit_hourly,0.10629722766566958,1.147673165079542,0.0,626.105369072779,625.3482160072917,0.9999999923290098,0.9999999923290097,0.5431488450801907,1.2539703927452115,0.9999999923290098,0.10629722766566958,atmospheric,,,,,4.440892098500626e-16,1.0,0.0651275224213667,0.0651275214921987,0.2304550445841876,207.06770144734614,362.59256877026996,0.0,81.01135518808725,271.99899544798467,9.582218134198058,73.60618726389929,0.0,0.0,0.0,0.0,0.0,-2.621514116896151e-14,340.30157739793884,"[0.1519071762945604, 0.2311217976805637, 0.279050896029976, 0.33315382738177185, 0.3427901380414944, 0.32448125905188885, 0.3288200149338076, 0.32958101756129]","[0.1519071762945604, 0.2311217976805637, 0.279050896029976, 0.33315382738177185, 0.3427901380414944, 0.32448125905188885, 0.3288200149338076, 0.32958101756129]",[],1.0,"{'input_timing_assumptions': [], 'bottom_boundary': 'free_drainage', 'substeps': 24, 'precipitation_timing': 'explicit_hourly', 'plant_water_stress_method': 'compensated_layer_depletion', 'root_zone_stress_factor': 0.9999999923290097, 'root_zone_depletion_fraction': 0.5431488450801907, 'readily_available_water_adjustment': 'none', 'potential_et_demand_mm': 1.2539703927452115, 'surface_wetness': [0.31609358685134115]}",0.6302975721611321,2015-10-21,True,2.437466223360996,50.0,[],[]
2016-01-20,wheat,21,BBCH21,0.06988211248309144,1.0,0.5828825382611835,112.09730064082571,0.11085550247060692,0.0,0.0,0.0,0.5919082043692631,0.12273542776075563,0.0,0.0,0.0,0.0,0.12682481910849272,0.0,0.0,625.3482160072917,0.12273542873597709,624.5067475560531,-0.8414684512385975,8.604228440844963e-14,1.169477939605713,provided,explicit_hourly,0.12273542873597709,1.3251536384063702,0.0,625.3482160072917,624.5067475560531,0.9999999920542791,0.9999999920542787,0.5431488450801907,1.4478890671423472,0.9999999920542791,0.12273542873597709,atmospheric,,,,,0.0,1.0,1.383983346867186,1.3839833264148733,0.23045504453840934,207.06770144734614,363.9765520966848,0.0,81.01135517199491,273.38297877439953,9.582218150290402,73.98070973493425,0.0,0.0,0.0,0.0,0.0,-9.547918011776346e-15,340.30157739793884,"[0.14930503066079184, 0.22975776359227262, 0.27796907167794016, 0.3326386356603273, 0.3425153055416963, 0.32439030820936665, 0.3287907265170451, 0.3295744638370682]","[0.14930503066079184, 0.22975776359227262, 0.27796907167794016, 0.3326386356603273, 0.3425153055416963, 0.32439030820936665, 0.3287907265170451, 0.3295744638370682]",[],1.0,"{'input_timing_assumptions': [], 'bottom_boundary': 'free_drainage', 'substeps': 24, 'precipitation_timing': 'explicit_hourly', 'plant_water_stress_method': 'compensated_layer_depletion', 'root_zone_stress_factor': 0.9999999920542787, 'root_zone_depletion_fraction': 0.5431488450801907, 'readily_available_water_adjustment': 'none', 'potential_et_demand_mm': 1.4478890671423472, 'surface_wetness': [0.3081776605773392]}",0.7146436321300187,2015-10-21,True,2.240717629456041,50.0,[],[]
2016-01-21,wheat,21,BBCH21,0.06988211248309144,1.0,0.5856349403339245,112.09730064082571,0.11085550247060692,0.036264640310243394,0.0,0.0,0.42470012333138263,0.08498773752116173,0.004537285245579336,0.0,0.0,0.0,0.12678207941584166,0.0,0.0,624.5067475560531,0.08498773821533395,623.9020049708494,-0.6047425852037804,5.839773109528323e-14,0.8530343770980835,provided,explicit_hourly,0.08952502346091328,0.9665865171500057,0.0,624.5067475560531,623.9020049708494,0.9999999918320898,0.9999999918306572,0.5431488450801907,1.056111540610919,0.9999999918320898,0.08952502346091328,atmospheric,,,,,0.050681754331628914,1.0,1.1696165468259487,1.1696165290581872,0.23045504449135096,207.06770144734617,365.14616862574303,0.0,81.01135515545256,274.55259530345774,9.582218166832746,74.2972219820586,0.0,0.0,0.0,0.0,0.0,1.5765166949677223e-14,340.30157739793884,"[0.14867781578520453, 0.2285409200610541, 0.27704792774438514, 0.3321273939464318, 0.34224167951029455, 0.32429918921731743, 0.328760044249151, 0.32956579677083414]","[0.14867781578520453, 0.2285409200610541, 0.27704792774438514, 0.3321273939464318, 0.34224167951029455, 0.32429918921731743, 0.328760044249151, 0.32956579677083414]",[],1.0,"{'input_timing_assumptions': [], 'bottom_boundary': 'free_drainage', 'substeps': 24, 'precipitation_timing': 'explicit_hourly', 'plant_water_stress_method': 'compensated_layer_depletion', 'root_zone_stress_factor': 0.9999999918306572, 'root_zone_depletion_fraction': 0.5431488450801907, 'readily_available_water_adjustment': 'none', 'potential_et_demand_mm': 1.056111540610919, 'surface_wetness': [0.30626962489760057]}",0.5142251460981236,2015-10-21,True,1.9805030660791836,50.0,[],[]
2016-01-22,wheat,21,BBCH21,0.06988211248309144,1.0,0.5884509870784145,112.09730064082571,0.11085550247060692,1.5158618801276909,0.0,0.0,0.6774717089670701,0.0014628473337538288,0.15530254851512842,0.0,0.0,0.0,0.12672755903713145,0.0,0.0,623.9020049708494,0.001462847345783615,624.456902187124,0.5548972162746395,-3.241851231905457e-14,1.2614327669143677,provided,explicit_hourly,0.1323859870864683,1.4293490831773794,0.0,623.9020049708494,624.422546223025,0.9999999917764583,0.9999999923798425,0.5431488450801907,1.5617350702638477,0.9999999917764583,0.1323859870864683,atmospheric,,,,,0.9889501345423504,1.0,0.0,0.0,0.23045504444397202,207.06770144734617,365.14616862574303,0.0,81.01135513879755,274.55259530345774,9.582218183487754,74.2972219820586,0.0,0.0,0.0,0.0,0.0,0.0,340.30157739793884,"[0.15756666907004882, 0.22852587413675426, 0.2764758706172078, 0.33162238525292015, 0.3419692866373713, 0.3242079163144574, 0.328728003017459, 0.3295550644907613]","[0.15756666907004882, 0.22852587413675426, 0.2764758706172078, 0.33162238525292015, 0.3419692866373713, 0.3242079163144574, 0.328728003017459, 0.3295550644907613]",[],1.0,"{'input_timing_assumptions': [], 'bottom_boundary': 'free_drainage', 'substeps': 24, 'precipitation_timing': 'explicit_hourly', 'plant_water_stress_method': 'compensated_layer_depletion', 'root_zone_stress_factor': 0.9999999923798425, 'root_zone_depletion_fraction': 0.5431488450801907, 'readily_available_water_adjustment': 'none', 'potential_et_demand_mm': 1.5617350702638477, 'surface_wetness': [0.33331019724302435]}",0.8342371048159523,2015-10-21,True,1.9177815785204508,50.0,[],[]
2016-01-23,wheat,21,BBCH21,0.06988211248309144,1.0,0.5913288109457152,112.09730064082571,0.11085550247060692,0.0,0.0,0.0,0.5093830645001856,0.07098909288881088,0.03435596409899232,0.0,0.0,0.0,0.1266615424979357,0.0,0.0,624.456902187124,0.07098909343598021,623.715512523138,-0.7413896639859558,3.141931159689193e-14,0.9549399018287659,provided,explicit_hourly,0.10021989661550149,1.0820572518857128,0.0,624.422546223025,623.715512523138,0.9999999922922056,0.9999999923265094,0.5431488450801907,1.1822771485012142,0.9999999922922056,0.10021989661550149,atmospheric,,,,,0.29166666666666674,1.0,0.0,0.0,0.23045504439956452,207.06770144734614,365.1461686257431,0.0,81.01135512318709,274.55259530345774,9.582218199098222,74.2972219820586,0.0,0.0,0.0,0.0,0.0,5.684341886080802e-14,340.30157739793884,"[0.154809060996042, 0.22819182650605574, 0.27568726274660055, 0.33112452968691475, 0.3416981796358716, 0.3241165034185544, 0.3286946371684978, 0.3295423145785549]","[0.154809060996042, 0.22819182650605574, 0.27568726274660055, 0.33112452968691475, 0.3416981796358716, 0.3241165034185544, 0.3286946371684978, 0.3295423145785549]",[],1.0,"{'input_timing_assumptions': [], 'bottom_boundary': 'free_drainage', 'substeps': 24, 'precipitation_timing': 'explicit_hourly', 'plant_water_stress_method': 'compensated_layer_depletion', 'root_zone_stress_factor': 0.9999999923265094, 'root_zone_depletion_fraction': 0.5431488450801907, 'readily_available_water_adjustment': 'none', 'potential_et_demand_mm': 1.1822771485012142, 'surface_wetness': [0.32492134232147385]}",0.6147281214879887,2015-10-21,True,2.8066669070048818,50.0,[],[]
2016-01-24,wheat,21,BBCH21,0.06988211248309144,1.0,0.5942665497064896,112.09730064082571,0.11085550247060692,0.0,0.0,0.0,0.6263700759961263,0.12702719893121447,0.0,0.0,0.0,0.0,0.12658431368778644,0.0,0.0,623.715512523138,0.12702719994388514,622.8355309345229,-0.8799815886151237,-3.552713678800501e-15,1.2103718519210815,provided,explicit_hourly,0.12702719994388512,1.3714911664861245,0.0,623.715512523138,622.8355309345229,0.9999999920279226,0.999999992027923,0.5431488450801907,1.4985183664300097,0.9999999920279226,0.12702719994388512,atmospheric,,,,,0.0,1.0,0.0,0.0,0.2304550443536344,207.06770144734617,365.14616862574303,0.0,81.01135510704137,274.55259530345774,9.582218215243941,74.2972219820586,0.0,0.0,0.0,0.0,0.0,-5.684341886080802e-14,340.30157739793884,"[0.1510818846544427, 0.22735168140130044, 0.27472538802966523, 0.330630883745887, 0.3414283894117836, 0.3240249641908781, 0.3286599805146403, 0.3295275940471461]","[0.1510818846544427, 0.22735168140130044, 0.27472538802966523, 0.330630883745887, 0.3414283894117836, 0.3240249641908781, 0.3286599805146403, 0.3295275940471461]",[],1.0,"{'input_timing_assumptions': [], 'bottom_boundary': 'free_drainage', 'substeps': 24, 'precipitation_timing': 'explicit_hourly', 'plant_water_stress_method': 'compensated_layer_depletion', 'root_zone_stress_factor': 0.999999992027923, 'root_zone_depletion_fraction': 0.5431488450801907, 'readily_available_water_adjustment': 'none', 'potential_et_demand_mm': 1.4985183664300097, 'surface_wetness': [0.31358298648641814]}",0.7533972749273408,2015-10-21,True,2.5309060996041985,50.0,[],[]
2016-01-25,wheat,21,BBCH21,0.06988211248309144,1.0,0.5972623493145994,112.09730064082571,0.11085550247060692,0.0,0.0,0.0,0.7268870102397202,0.15335818133411291,0.0,0.0,0.0,0.0,0.12649615551444807,0.0,0.0,622.8355309345229,0.1533581826173658,621.8287895874347,-1.006741347088223,-5.81756864903582e-14,1.461265206336975,provided,explicit_hourly,0.1533581826173658,1.6557823277674382,0.0,622.8355309345229,621.8287895874347,0.9999999916323155,0.9999999916323153,0.5431488450801907,1.809140510384804,0.9999999916323155,0.1533581826173658,atmospheric,,,,,0.0,1.0,0.626947560711027,0.6269475509540614,0.23045504430542502,207.06770144734614,365.7731161766971,0.0,81.01135509009443,275.1795428544118,9.582218232190883,74.46688150144088,0.0,0.0,0.0,0.0,0.0,9.769962616701378e-15,340.30157739793884,"[0.14663131098578946, 0.22608347661632253, 0.27368388217812445, 0.33014041809822375, 0.34115992082712865, 0.3239333117903557, 0.3286240663326325, 0.3295109493213394]","[0.14663131098578946, 0.22608347661632253, 0.27368388217812445, 0.33014041809822375, 0.34115992082712865, 0.3239333117903557, 0.3286240663326325, 0.3295109493213394]",[],1.0,"{'input_timing_assumptions': [], 'bottom_boundary': 'free_drainage', 'substeps': 24, 'precipitation_timing': 'explicit_hourly', 'plant_water_stress_method': 'compensated_layer_depletion', 'root_zone_stress_factor': 0.9999999916323153, 'root_zone_depletion_fraction': 0.5431488450801907, 'readily_available_water_adjustment': 'none', 'potential_et_demand_mm': 1.809140510384804, 'surface_wetness': [0.30004400058921044]}",0.8802451915738332,2015-10-21,True,2.158188465444267,50.0,[],[]
2016-01-26,wheat,21,BBCH21,0.06988211248309144,1.0,0.6003143665940127,112.09730064082571,0.11085550247060692,0.0,0.0,0.0,0.652742127826651,0.1433089886327021,0.0,0.0,0.0,0.0,0.12639734958084,0.0,0.0,621.8287895874347,0.1433089898900876,620.9063411213947,-0.9224484660400094,-1.836308882730009e-13,1.3655120134353638,provided,explicit_hourly,0.1433089898900876,1.547282895985298,0.0,621.8287895874347,620.9063411213947,0.9999999912260529,0.9999999912260529,0.5431488450801907,1.6905918858753857,0.9999999912260529,0.1433089898900876,atmospheric,,,,,0.0,1.0,2.148381707783746,2.1483816727259413,0.230455044254875,207.06770144734614,367.921497849423,0.0,81.0113550723247,277.3279245271377,9.582218249960604,75.04825932401904,0.0,0.0,0.0,0.0,0.0,-2.3092638912203256e-14,340.30157739793884,"[0.14317936556503183, 0.22458950543421563, 0.27268737265843834, 0.3296527958619782, 0.3408927693554949, 0.3238415587659808, 0.3285869273516092, 0.3294924262201507]","[0.14317936556503183, 0.22458950543421563, 0.27268737265843834, 0.3296527958619782, 0.3408927693554949, 0.3238415587659808, 0.3285869273516092, 0.3294924262201507]",[],1.0,"{'input_timing_assumptions': [], 'bottom_boundary': 'free_drainage', 'substeps': 24, 'precipitation_timing': 'explicit_hourly', 'plant_water_stress_method': 'compensated_layer_depletion', 'root_zone_stress_factor': 0.9999999912260529, 'root_zone_depletion_fraction': 0.5431488450801907, 'readily_available_water_adjustment': 'none', 'potential_et_demand_mm': 1.6905918858753857, 'surface_wetness': [0.28954291829082196]}",0.7960511164593531,2015-10-21,True,1.7131310985789447,50.0,[],[]
2016-01-27,wheat,21,BBCH21,0.06988211248309144,1.0,0.6034207717491896,112.09730064082571,0.11085550247060692,0.0,0.0,0.0,0.6618023653024067,0.15058534383684732,0.0,0.0,0.0,0.0,0.12628817587873464,0.0,0.0,620.9063411213947,0.150585345215712,619.9676652363768,-0.9386758850179149,-7.37188088351104e-14,1.4348443746566772,provided,explicit_hourly,0.15058534521571207,1.6258444726434311,0.0,620.9063411213947,619.9676652363768,0.9999999908433009,0.9999999908433006,0.5431488450801907,1.7764298178591431,0.9999999908433009,0.15058534521571207,atmospheric,,,,,3.3306690738754696e-16,1.0,2.8152239626966518,2.8152239147531066,0.23045504420211982,207.06770144734617,370.73672176417614,0.0,81.01135505377978,280.14314844189084,9.582218268505528,75.8100926474026,0.0,0.0,0.0,0.0,0.0,1.2434497875801753e-14,340.30157739793884,"[0.13980115701694068, 0.22290892268424933, 0.2716561931085985, 0.32916793844361264, 0.3406269298841719, 0.3237497170524959, 0.3285485957396483, 0.32947206994018796]","[0.13980115701694068, 0.22290892268424933, 0.2716561931085985, 0.32916793844361264, 0.3406269298841719, 0.3237497170524959, 0.3285485957396483, 0.32947206994018796]",[],1.0,"{'input_timing_assumptions': [], 'bottom_boundary': 'free_drainage', 'substeps': 24, 'precipitation_timing': 'explicit_hourly', 'plant_water_stress_method': 'compensated_layer_depletion', 'root_zone_stress_factor': 0.9999999908433006, 'root_zone_depletion_fraction': 0.5431488450801907, 'readily_available_water_adjustment': 'none', 'potential_et_demand_mm': 1.7764298178591431, 'surface_wetness': [0.2792661492053945]}",0.812387709139254,2015-10-21,True,1.3679365565031816,50.0,[],[]
2016-01-28,wheat,21,BBCH21,0.07060537892295127,1.0,0.6065797507000316,113.25748616858868,0.11226648649036323,0.0,0.0,0.0,0.6415799643872351,0.1511662741534345,0.0,0.0,0.0,0.0,0.12616891249758114,0.0,0.0,619.9676652363768,0.15116627558689946,619.0487500853386,-0.9189151510381635,-8.72635297355373e-14,1.4403797388076782,provided,explicit_hourly,0.15116627558689946,1.6321166798873576,0.0,619.9676652363768,619.0487500853386,0.9999999905172966,0.9999999905172967,0.5431488450801907,1.783282955474257,0.9999999905172966,0.15116627558689946,atmospheric,,,,,0.0,1.0,5.719128525167325,5.719128424302375,0.23120903837668916,208.0854164749142,376.45585018847856,0.0,81.2784761829812,285.5121416670087,9.665232338488678,77.26300654546955,0.0,0.0,0.0,0.0,0.0,5.062616992290714e-14,342.1676640881097,"[0.13674835432506557, 0.22112309055832113, 0.27060885178703603, 0.32868545743079364, 0.34036239367022325, 0.3236577979944097, 0.3285091030928311, 0.32944992504005854]","[0.13674835432506557, 0.22112309055832113, 0.27060885178703603, 0.32868545743079364, 0.34036239367022325, 0.3236577979944097, 0.3285091030928311, 0.32944992504005854]",[],1.0,"{'input_timing_assumptions': [], 'bottom_boundary': 'free_drainage', 'substeps': 24, 'precipitation_timing': 'explicit_hourly', 'plant_water_stress_method': 'compensated_layer_depletion', 'root_zone_stress_factor': 0.9999999905172967, 'root_zone_depletion_fraction': 0.5431488450801907, 'readily_available_water_adjustment': 'none', 'potential_et_demand_mm': 1.783282955474257, 'surface_wetness': [0.26997928965212664]}",0.7927462385406696,2015-10-21,True,1.0301157016940667,50.0,[],[]
2016-01-29,wheat,21,BBCH21,0.07060537892295127,1.0,0.6097895072433228,113.25748616858868,0.11226648649036323,0.0,0.0,0.0,0.5253064264115095,0.12768409844174097,0.0,0.0,0.0,0.0,0.12603983534894292,0.0,0.0,619.0487500853386,0.12768409969305053,618.2697197251364,-0.7790303602022277,3.430589146091734e-14,1.2129228115081787,provided,explicit_hourly,0.12768409969305058,1.3737807900611176,0.0,619.0487500853386,618.2697197251364,0.9999999901999579,0.9999999901999573,0.5431488450801907,1.5014648897541683,0.9999999901999579,0.12768409969305058,atmospheric,,,,,4.440892098500626e-16,1.0,1.9121543674324069,1.9121543325802912,0.2312090383200427,208.08541647491418,378.3680045210589,0.0,81.27847616306788,287.424295999589,9.665232358401994,77.78045841932509,0.0,0.0,0.0,0.0,0.0,2.3314683517128287e-14,342.1676640881097,"[0.1348735423217537, 0.2194286653492706, 0.2696461365191949, 0.32820554475529695, 0.3400991501050673, 0.32356581235091075, 0.32846848042608995, 0.32942603542591814]","[0.1348735423217537, 0.2194286653492706, 0.2696461365191949, 0.32820554475529695, 0.3400991501050673, 0.32356581235091075, 0.32846848042608995, 0.32942603542591814]",[],1.0,"{'input_timing_assumptions': [], 'bottom_boundary': 'free_drainage', 'substeps': 24, 'precipitation_timing': 'explicit_hourly', 'plant_water_stress_method': 'compensated_layer_depletion', 'root_zone_stress_factor': 0.9999999901999573, 'root_zone_depletion_fraction': 0.5431488450801907, 'readily_available_water_adjustment': 'none', 'potential_et_demand_mm': 1.5014648897541683, 'surface_wetness': [0.26427596797664554]}",0.6529905248532505,2015-10-21,True,0.7248354325065574,50.0,[],[]
2016-01-30,wheat,21,BBCH21,0.07060537892295127,1.0,0.6130482650433131,113.25748616858868,0.11226648649036323,0.0870351335022727,0.0,0.0,0.4030774282423586,0.08807243333554063,0.01092277664425461,0.0,0.0,0.0,0.12590121790692546,0.0,0.0,618.2697197251364,0.0880724342148102,617.7287810025095,-0.5409387226268336,2.6978419498391304e-14,0.9403954744338989,provided,explicit_hourly,0.0989952108590648,1.0651108426873173,0.0,618.2697197251364,617.7287810025095,0.9999999900165178,0.9999999900175046,0.5431488450801907,1.164106053546382,0.9999999900165178,0.0989952108590648,atmospheric,,,,,0.11033641475651668,1.0,0.5818086473875282,0.5818086365846253,0.2312090382623359,208.08541647491418,378.94981315764346,0.0,81.27847614278183,288.00610463617363,9.665232378688046,77.93790280762391,0.0,0.0,0.0,0.0,0.0,-4.241051954068098e-14,342.1676640881097,"[0.13480592759548155, 0.21806876431252917, 0.26883890790169507, 0.32772926692657284, 0.33983719605462126, 0.3234737703487004, 0.3284267581663197, 0.32940044433820637]","[0.13480592759548155, 0.21806876431252917, 0.26883890790169507, 0.32772926692657284, 0.33983719605462126, 0.3234737703487004, 0.3284267581663197, 0.32940044433820637]",[],1.0,"{'input_timing_assumptions': [], 'bottom_boundary': 'free_drainage', 'substeps': 24, 'precipitation_timing': 'explicit_hourly', 'plant_water_stress_method': 'compensated_layer_depletion', 'root_zone_stress_factor': 0.9999999900175046, 'root_zone_depletion_fraction': 0.5431488450801907, 'readily_available_water_adjustment': 'none', 'potential_et_demand_mm': 1.164106053546382, 'surface_wetness': [0.2640702788018118]}",0.5020726382221538,2015-10-21,True,0.5373542321753675,50.0,[],[]
2016-01-31,wheat,21,BBCH21,0.07060537892295127,1.0,0.616354269454735,113.25748616858868,0.11226648649036323,0.0,0.0,0.0,0.4566953603009706,0.11330098392878193,0.0,0.0,0.0,0.0,0.1257533309651246,0.0,0.0,617.7287810025095,0.113300985078813,617.0330313273147,-0.6957496751948611,-1.5987211554602254e-14,1.076291799545288,provided,explicit_hourly,0.11330098507881296,1.2190297558796677,0.0,617.7287810025095,617.0330313273147,0.9999999898497699,0.9999999898497705,0.5431488450801907,1.3323307409584806,0.9999999898497699,0.11330098507881296,atmospheric,,,,,0.0,1.0,1.1207346270510221,1.1207346058938834,0.23120903820366528,208.08541647491418,380.0705477635373,0.0,81.27847612215695,289.1268392420675,9.665232399312927,78.24118702063613,0.0,0.0,0.0,0.0,0.0,-2.5091040356528538e-14,342.1676640881097,"[0.13329532019122173, 0.21675844090409835, 0.2679242605747589, 0.3272566889247429, 0.3395765385080791, 0.3233816817954006, 0.32838396615088417, 0.3293731943397828]","[0.13329532019122173, 0.21675844090409835, 0.2679242605747589, 0.3272566889247429, 0.3395765385080791, 0.3233816817954006, 0.32838396615088417, 0.3293731943397828]",[],1.0,"{'input_timing_assumptions': [], 'bottom_boundary': 'free_drainage', 'substeps': 24, 'precipitation_timing': 'explicit_hourly', 'plant_water_stress_method': 'compensated_layer_depletion', 'root_zone_stress_factor': 0.9999999898497705, 'root_zone_depletion_fraction': 0.5431488450801907, 'readily_available_water_adjustment': 'none', 'potential_et_demand_mm': 1.3323307409584806, 'surface_wetness': [0.25947489540516294]}",0.5699963442297525,2015-10-21,True,0.5305927595481528,50.0,[],[]
2016-02-01,wheat,21,BBCH21,0.07060537892295127,1.0,0.6197057891820877,113.25748616858868,0.11226648649036323,0.0,0.0,0.0,0.49927326869217176,0.12639731009872163,0.0,0.0,0.0,0.0,0.12559644241178303,0.0,0.0,617.0330313273147,0.1263973114112291,616.281764306112,-0.7512670212026933,1.687538997430238e-14,1.2006990909576416,provided,explicit_hourly,0.1263973114112291,1.359935958262638,0.0,617.0330313273147,616.281764306112,0.9999999896160175,0.9999999896160178,0.5431488450801907,1.4863332696738671,0.9999999896160175,0.1263973114112291,atmospheric,,,,,0.0,1.0,2.350292462295505,2.350292416905095,0.23120903814364352,208.0854164749142,382.4208401804425,0.0,81.27847610105708,291.4771316589726,9.665232420412792,78.87720430988647,0.0,0.0,0.0,0.0,0.0,8.171241461241152e-14,342.1676640881097,"[0.13134902607398205, 0.2154006866201994, 0.2669589385869287, 0.3267869028138481, 0.33931717577636333, 0.32328955611076143, 0.32834013363095554, 0.3293443273058387]","[0.13134902607398205, 0.2154006866201994, 0.2669589385869287, 0.3267869028138481, 0.33931717577636333, 0.32328955611076143, 0.32834013363095554, 0.3293443273058387]",[],1.0,"{'input_timing_assumptions': [], 'bottom_boundary': 'free_drainage', 'substeps': 24, 'precipitation_timing': 'explicit_hourly', 'plant_water_stress_method': 'compensated_layer_depletion', 'root_zone_stress_factor': 0.9999999896160178, 'root_zone_depletion_fraction': 0.5431488450801907, 'readily_available_water_adjustment': 'none', 'potential_et_demand_mm': 1.4863332696738671, 'surface_wetness': [0.25355411966545927]}",0.6256705787908934,2015-10-21,True,0.3795320191221716,50.0,[],[]
2016-02-02,wheat,21,BBCH21,0.07060537892295127,1.0,0.6231011177794943,113.25748616858868,0.11226648649036323,0.0,0.0,0.0,0.5533398506035773,0.14381203162027173,0.0,0.0,0.0,0.0,0.12543081702428643,0.0,0.0,616.281764306112,0.14381203315230603,615.4591816068639,-0.8225826992480734,-6.206146707654625e-14,1.3661285638809204,provided,explicit_hourly,0.143812033152306,1.547304709137636,0.0,616.281764306112,615.4591816068639,0.9999999893469672,0.9999999893469673,0.5431488450801907,1.691116742289942,0.9999999893469672,0.143812033152306,atmospheric,,,,,0.0,1.0,3.8806624797411655,3.8806624028533734,0.23120903808206658,208.0854164749142,386.30150258329587,0.0,81.27847607941052,295.357794061826,9.665232442059349,79.92735805424844,0.0,0.0,0.0,0.0,0.0,1.3322676295501878e-15,342.1676640881097,"[0.12891007930902507, 0.21392438547758072, 0.26592430501270586, 0.3263191868873868, 0.33905909766846604, 0.32319740227279686, 0.328295289273039, 0.3293138844155564]","[0.12891007930902507, 0.21392438547758072, 0.26592430501270586, 0.3263191868873868, 0.33905909766846604, 0.32319740227279686, 0.328295289273039, 0.3293138844155564]",[],1.0,"{'input_timing_assumptions': [], 'bottom_boundary': 'free_drainage', 'substeps': 24, 'precipitation_timing': 'explicit_hourly', 'plant_water_stress_method': 'compensated_layer_depletion', 'root_zone_stress_factor': 0.9999999893469673, 'root_zone_depletion_fraction': 0.5431488450801907, 'readily_available_water_adjustment': 'none', 'potential_et_demand_mm': 1.691116742289942, 'surface_wetness': [0.24613465684713332]}",0.6971518822238489,2015-10-21,True,0.18490260739820386,50.0,[],[]
2016-02-03,wheat,21,BBCH21,0.07080345377180608,1.0,0.6265385749958211,113.57521634434484,0.11265290072313747,0.0,0.0,0.0,0.5583558235888022,0.14952858867129246,0.0,0.0,0.0,0.0,0.12525671628140583,0.0,0.0,615.4591816068639,0.14952859028649357,614.6260404783225,-0.833141128541456,-4.440892098500626e-14,1.420432448387146,provided,explicit_hourly,0.14952859028649357,1.6088103818253847,0.0,615.4591816068639,614.6260404783225,0.9999999891980449,0.9999999891980451,0.5431488450801907,1.7583389721118783,0.9999999891980449,0.14952859028649357,atmospheric,,,,,0.0,1.0,4.9963929356760675,4.996392835298375,0.23137554025907967,208.38577574016148,391.29789541859424,0.0,81.33748741045837,300.27308451445776,9.687323493678107,81.25749454580787,0.0,0.0,0.0,0.0,0.0,-8.881784197001252e-15,342.6787134313879,"[0.1264849744389315, 0.21235690856070513, 0.2648705005180722, 0.32585297510268335, 0.3388022864266662, 0.32310522878207665, 0.3282494611579881, 0.32928190614512415]","[0.1264849744389315, 0.21235690856070513, 0.2648705005180722, 0.32585297510268335, 0.3388022864266662, 0.32310522878207665, 0.3282494611579881, 0.32928190614512415]",[],1.0,"{'input_timing_assumptions': [], 'bottom_boundary': 'free_drainage', 'substeps': 24, 'precipitation_timing': 'explicit_hourly', 'plant_water_stress_method': 'compensated_layer_depletion', 'root_zone_stress_factor': 0.9999999891980451, 'root_zone_depletion_fraction': 0.5431488450801907, 'readily_available_water_adjustment': 'none', 'potential_et_demand_mm': 1.7583389721118783, 'surface_wetness': [0.23875730213290788]}",0.7078844122600947,2015-10-21,True,-0.05899206909749388,50.0,[],[]
2016-02-04,wheat,21,BBCH21,0.07151867161584446,1.0,0.6300165079700734,114.7224911881935,0.11404818314323469,0.0,0.0,0.0,0.720911242109666,0.20116030764681647,0.0,0.0,0.0,0.0,0.12507439819110158,0.0,0.0,614.6260404783225,0.2011603098341959,613.5788945303748,-1.0471459479476835,9.947598300641403e-14,1.9096180200576782,provided,explicit_hourly,0.20116030983419594,2.162662945559849,0.0,614.6260404783225,613.5788945303748,0.9999999891261879,0.9999999891261877,0.5431488450801907,2.363823255394045,0.9999999891261879,0.20116030983419594,atmospheric,,,,,2.220446049250313e-16,1.0,6.214140391139978,6.214140265467222,0.2321739815801882,209.27952030845705,397.5120356840614,0.0,81.6203428967108,306.1250126566504,9.766680130700223,82.84109641896806,0.0,0.0,0.0,0.0,0.0,-5.684341886080802e-14,344.52403408471645,"[0.12258803508729496, 0.21045794079906383, 0.26359434647944185, 0.32538697596020344, 0.3385467172260645, 0.3230130436400249, 0.3282026767787435, 0.3292484322618198]","[0.12258803508729496, 0.21045794079906383, 0.26359434647944185, 0.32538697596020344, 0.3385467172260645, 0.3230130436400249, 0.3282026767787435, 0.3292484322618198]",[],1.0,"{'input_timing_assumptions': [], 'bottom_boundary': 'free_drainage', 'substeps': 24, 'precipitation_timing': 'explicit_hourly', 'plant_water_stress_method': 'compensated_layer_depletion', 'root_zone_stress_factor': 0.9999999891261877, 'root_zone_depletion_fraction': 0.5431488450801907, 'readily_available_water_adjustment': 'none', 'potential_et_demand_mm': 2.363823255394045, 'surface_wetness': [0.2269025142219268]}",0.9220715497564824,2015-10-21,True,-0.3015025561068505,50.0,[],[]
2016-02-05,wheat,21,BBCH21,0.07183602116524967,1.0,0.6335332922823269,115.23154889386196,0.11466728437372231,0.0,0.0,0.0,0.5986063594226617,0.17497171295612923,0.0,0.0,0.0,0.0,0.12488411713238087,0.0,0.0,613.5788945303748,0.1749717148798539,612.6804323408636,-0.8984621895111786,6.772360450213455e-15,1.6556718349456787,provided,explicit_hourly,0.1749717148798538,1.8741980251975272,0.0,613.5788945303748,612.6804323408636,0.9999999890055105,0.9999999890055113,0.5431488450801907,2.049169740077381,0.9999999890055105,0.1749717148798538,atmospheric,,,,,0.0,1.0,5.4942329484835986,5.494232836136879,0.23247355020478935,209.7219768768694,403.00626852019826,0.0,81.72650502268752,311.47793610259106,9.801827394919727,84.28966164224137,0.0,0.0,0.0,0.0,0.0,-1.9539925233402755e-14,345.342821930578,"[0.1200456631251833, 0.20852014986229997, 0.2624356427248157, 0.32492051960921664, 0.3382923503470186, 0.3229208542890702, 0.3281549630367744, 0.3292135018189702]","[0.1200456631251833, 0.20852014986229997, 0.2624356427248157, 0.32492051960921664, 0.3382923503470186, 0.3229208542890702, 0.3281549630367744, 0.3292135018189702]",[],1.0,"{'input_timing_assumptions': [], 'bottom_boundary': 'free_drainage', 'substeps': 24, 'precipitation_timing': 'explicit_hourly', 'plant_water_stress_method': 'compensated_layer_depletion', 'root_zone_stress_factor': 0.9999999890055113, 'root_zone_depletion_fraction': 0.5431488450801907, 'readily_available_water_adjustment': 'none', 'potential_et_demand_mm': 2.049169740077381, 'surface_wetness': [0.2191684240342]}",0.773578072378791,2015-10-21,True,-0.6911964912705049,50.0,[],[]
2016-02-06,wheat,21,BBCH21,0.07200043304707932,1.0,0.6370873328656667,115.49528059130941,0.11498802722191064,0.0,0.0,0.0,0.559542803317536,0.1691927817245461,0.0,0.0,0.0,0.0,0.12468612370976748,0.0,0.0,612.6804323408636,0.1691927836069435,611.8270106321116,-0.8534217087519664,1.1679546219056647e-13,1.599061369895935,provided,explicit_hourly,0.16919278360694345,1.8098012678706696,0.0,612.6804323408636,611.8270106321116,0.9999999888742453,0.9999999888742455,0.5431488450801907,1.978994051477613,0.9999999888742453,0.16919278360694345,atmospheric,,,,,0.0,1.0,5.07614802017728,5.076147915140353,0.23261214501974806,209.96414284903332,408.08241643533864,0.0,81.7756332237029,316.4868229097824,9.819960301853328,85.64512642881742,0.0,0.0,0.0,0.0,0.0,2.930988785010413e-14,345.76701806008134,"[0.11788609054982709, 0.20662086036274213, 0.2612983580458959, 0.32445424760009284, 0.3380391514712603, 0.32282866760290846, 0.3281063462362943, 0.329177153151514]","[0.11788609054982709, 0.20662086036274213, 0.2612983580458959, 0.32445424760009284, 0.3380391514712603, 0.32282866760290846, 0.3281063462362943, 0.329177153151514]",[],1.0,"{'input_timing_assumptions': [], 'bottom_boundary': 'free_drainage', 'substeps': 24, 'precipitation_timing': 'explicit_hourly', 'plant_water_stress_method': 'compensated_layer_depletion', 'root_zone_stress_factor': 0.9999999888742455, 'root_zone_depletion_fraction': 0.5431488450801907, 'readily_available_water_adjustment': 'none', 'potential_et_demand_mm': 1.978994051477613, 'surface_wetness': [0.21259883889337208]}",0.7287355850420821,2015-10-21,True,-0.9454336874816711,50.0,[],[]
2016-02-07,wheat,21,BBCH21,0.07253682824681328,1.0,0.64067706478473,116.35570755652776,0.11603445356411075,0.0,0.0,0.0,0.6687047966025321,0.21024957409824446,0.0,0.0,0.0,0.0,0.12448066461901605,0.0,0.0,611.8270106321116,0.2102495764591736,610.823575596792,-1.003435035319626,-1.667554982986985e-13,1.9859881401062012,provided,explicit_hourly,0.2102495764591737,2.24754034457137,0.0,611.8270106321116,610.823575596792,0.9999999887708256,0.999999988770825,0.5431488450801907,2.457789921030544,0.9999999887708256,0.2102495764591737,atmospheric,,,,,4.440892098500626e-16,1.0,6.369132989450358,6.369132856433588,0.23321882163655852,210.60579510320304,414.4515492917722,0.0,81.99057775644764,322.5821632760589,9.878808259265668,87.29459856638327,0.0,0.0,0.0,0.0,0.0,-2.1316282072803006e-14,347.1509616356868,"[0.11469063496672076, 0.2045448750910305, 0.25997316410556964, 0.32398722802861935, 0.3377870876130046, 0.32273648996572063, 0.32805685208221513, 0.32913942387214773]","[0.11469063496672076, 0.2045448750910305, 0.25997316410556964, 0.32398722802861935, 0.3377870876130046, 0.32273648996572063, 0.32805685208221513, 0.32913942387214773]",[],1.0,"{'input_timing_assumptions': [], 'bottom_boundary': 'free_drainage', 'substeps': 24, 'precipitation_timing': 'explicit_hourly', 'plant_water_stress_method': 'compensated_layer_depletion', 'root_zone_stress_factor': 0.999999988770825, 'root_zone_depletion_fraction': 0.5431488450801907, 'readily_available_water_adjustment': 'none', 'potential_et_demand_mm': 2.457789921030544, 'surface_wetness': [0.20287801832151037]}",0.8789543707007765,2015-10-21,True,-1.161390945017292,50.0,[],[]
2016-02-08,wheat,21,BBCH21,0.0753609188446306,1.0,0.6443009538865614,120.88580719908015,0.12154382947907309,0.0,0.0,0.0,0.9680152394043589,0.32676731298795386,0.0,0.0,0.0,0.0,0.12426798252482325,0.0,0.0,610.823575596792,0.3267673166392489,609.4045250618748,-1.4190505349172327,9.658940314238862e-14,3.079098701477051,provided,explicit_hourly,0.3267673166392489,3.4833863040986635,0.0,610.823575596792,609.4045250618748,0.999999988826009,0.999999988826009,0.5431488450801907,3.8101536207379123,0.999999988826009,0.3267673166392489,atmospheric,,,,,0.0,1.0,13.27129202505025,13.271291749246748,0.24078271994078082,210.00705107497194,427.7228410410189,0.0,84.66889778002299,332.86670713658043,10.18723612441552,90.07771936458526,0.0,0.0,0.0,0.0,0.0,-4.796163466380676e-14,354.43734682652314,"[0.1088836397073584, 0.20176075068572832, 0.2581450409200291, 0.3234940676102665, 0.33753599231230846, 0.3226443269882993, 0.32800650567741163, 0.32910035086829065]","[0.1088836397073584, 0.20176075068572832, 0.2581450409200291, 0.3234940676102665, 0.33753599231230846, 0.3226443269882993, 0.32800650567741163, 0.32910035086829065]",[],1.0,"{'input_timing_assumptions': [], 'bottom_boundary': 'free_drainage', 'substeps': 24, 'precipitation_timing': 'explicit_hourly', 'plant_water_stress_method': 'compensated_layer_depletion', 'root_zone_stress_factor': 0.999999988826009, 'root_zone_depletion_fraction': 0.5431488450801907, 'readily_available_water_adjustment': 'none', 'potential_et_demand_mm': 3.8101536207379123, 'surface_wetness': [0.1852126940790627]}",1.2947825523923127,2015-10-21,True,-1.480936503327925,50.0,[],[]
2016-02-09,wheat,21,BBCH21,0.0781298466708253,1.0,0.647957497329537,125.32742071013129,0.12694559112499776,0.0,0.0,0.0,0.8055373110222481,0.3040296675101265,0.0,0.0,0.0,0.0,0.12404831594816704,0.0,0.0,609.4045250618748,0.3040296709049223,608.1709097673943,-1.2336152944805008,-4.085620730620576e-14,2.780802011489868,provided,explicit_hourly,0.30402967090492244,3.1321519434818645,0.0,609.4045250618748,608.1709097673943,0.9999999888339984,0.999999988833998,0.5431488450801907,3.436181614386787,0.9999999888339984,0.30402967090492244,atmospheric,,,,,5.551115123125783e-16,1.0,13.570035107359367,13.570034825549035,0.24831158651140176,209.51528663031743,441.292875866568,0.0,87.33579390610359,343.45931170921017,10.497770251254238,92.94420508267137,0.0,0.0,0.0,0.0,0.0,6.572520305780927e-14,361.5814075457057,"[0.10507388054933677, 0.19878189741556407, 0.25642865566493694, 0.3229637746964623, 0.3372855082982388, 0.3225521821444779, 0.327955331474975, 0.32905997029819545]","[0.10507388054933677, 0.19878189741556407, 0.25642865566493694, 0.3229637746964623, 0.3372855082982388, 0.3225521821444779, 0.327955331474975, 0.32905997029819545]",[],1.0,"{'input_timing_assumptions': [], 'bottom_boundary': 'free_drainage', 'substeps': 24, 'precipitation_timing': 'explicit_hourly', 'plant_water_stress_method': 'compensated_layer_depletion', 'root_zone_stress_factor': 0.999999988833998, 'root_zone_depletion_fraction': 0.5431488450801907, 'readily_available_water_adjustment': 'none', 'potential_et_demand_mm': 3.436181614386787, 'surface_wetness': [0.17362311499277347]}",1.1095669785323747,2015-10-21,True,-2.061636029264161,50.0,[],[]
2016-02-10,wheat,21,BBCH21,0.08036465090273243,1.0,0.6516452239961252,128.91225111888716,0.13130535798921983,0.0,0.0,0.0,0.45908545146133967,0.18586735719612016,0.0,0.0,0.0,0.0,0.12382189914378021,0.0,0.0,608.1709097673943,0.1858673592740172,607.4021350595929,-0.7687747078014127,1.7263968032921184e-13,1.6520050764083862,provided,explicit_hourly,0.18586735927401715,1.852625674046102,0.0,608.1709097673943,607.4021350595929,0.9999999888205382,0.9999999888205385,0.5431488450801907,2.038493033320119,0.9999999888205382,0.18586735927401715,atmospheric,,,,,0.0,1.0,11.511177350120933,11.511177110778943,0.2533054809162272,210.15682944503823,452.8040529773469,0.0,89.10558919123362,352.9435365476758,10.754927238437475,95.51074996407161,0.0,0.0,0.0,0.0,0.0,-6.927791673660977e-14,367.34738561750396,"[0.10452988766421313, 0.19650689461695975, 0.2551726813352057, 0.3224311348169705, 0.3370353982765434, 0.3224600564500179, 0.32790335318022684, 0.32901831758133737]","[0.10452988766421313, 0.19650689461695975, 0.2551726813352057, 0.3224311348169705, 0.3370353982765434, 0.3224600564500179, 0.32790335318022684, 0.32901831758133737]",[],1.0,"{'input_timing_assumptions': [], 'bottom_boundary': 'free_drainage', 'substeps': 24, 'precipitation_timing': 'explicit_hourly', 'plant_water_stress_method': 'compensated_layer_depletion', 'root_zone_stress_factor': 0.9999999888205385, 'root_zone_depletion_fraction': 0.5431488450801907, 'readily_available_water_adjustment': 'none', 'potential_et_demand_mm': 2.038493033320119, 'surface_wetness': [0.1719682469806462]}",0.6449528086574599,2015-10-21,True,-2.442611945066325,50.0,[],[]
2016-02-11,wheat,21,BBCH21,0.0828551338906445,1.0,0.6553626947952438,132.9072136395807,0.1361639156434363,0.0,0.0,0.0,0.33158594685708176,0.13760886286450796,0.0,0.0,0.0,0.0,0.12358896194995381,0.0,0.0,607.4021350595929,0.13760886439526954,606.8093512879215,-0.5927837716714066,-1.368904989362818e-13,1.2006620168685913,provided,explicit_hourly,0.13760886439526954,1.3425768568204528,0.0,607.4021350595929,606.8093512879215,0.9999999888759958,0.9999999888759957,0.5431488450801907,1.4801857212157223,0.9999999888759958,0.13760886439526954,atmospheric,,,,,0.0,1.0,8.590301446996653,8.590301269271949,0.25721181164026086,212.27361328410672,461.3943542466189,0.0,90.49103159126955,359.8577152381457,11.045607417203584,97.38180956349618,0.0,0.0,0.0,0.0,0.0,5.5067062021407764e-14,373.7730358339585,"[0.10476228407904874, 0.1948293700821311, 0.2541719675769573, 0.3219010786780503, 0.3367856712077917, 0.3223679503397713, 0.32785059371199976, 0.32897542738340907]","[0.10476228407904874, 0.1948293700821311, 0.2541719675769573, 0.3219010786780503, 0.3367856712077917, 0.3223679503397713, 0.32785059371199976, 0.32897542738340907]",[],1.0,"{'input_timing_assumptions': [], 'bottom_boundary': 'free_drainage', 'substeps': 24, 'precipitation_timing': 'explicit_hourly', 'plant_water_stress_method': 'compensated_layer_depletion', 'root_zone_stress_factor': 0.9999999888759957, 'root_zone_depletion_fraction': 0.5431488450801907, 'readily_available_water_adjustment': 'none', 'potential_et_demand_mm': 1.4801857212157223, 'surface_wetness': [0.17267521467004363]}",0.4691948097215897,2015-10-21,True,-2.4970112335786876,50.0,[],[]
2016-02-12,wheat,22,BBCH22,0.0842839368915202,1.0,0.659108502859919,135.19914434766326,0.13895129535651435,4.34450367842266,0.0,0.0,0.21542836192886322,0.05837857590614966,0.029192325742529182,0.0,0.0,0.0,0.12334935042335395,0.0,0.0,606.8093512879215,0.05837857655415124,610.7275063523432,3.9181550644217396,2.4424906541753444e-14,0.7133201956748962,provided,explicit_hourly,0.08292331039085434,0.7958274885843794,0.0,606.8093512879215,610.5930370227181,0.9999999889000105,0.9999999889560784,0.5431488450801907,0.8787507989752337,0.9999999889000105,0.08292331039085434,atmospheric,,,,,0.29599317394605784,1.0,4.1996847643709785,4.199684677671295,0.25803508911055667,214.6620736771557,465.59403892429015,0.0,90.78380960933085,363.5961085642248,11.214120750734523,98.39346359101302,0.0,0.0,0.0,0.0,0.0,-3.730349362740526e-14,377.45946467382976,"[0.14713693015978158, 0.19410365703638263, 0.25355721778961493, 0.3214029540854778, 0.3365364629010413, 0.3222758647568818, 0.3277970741160133, 0.32893133179489176]","[0.14713693015978158, 0.19410365703638263, 0.25355721778961493, 0.3214029540854778, 0.3365364629010413, 0.3222758647568818, 0.3277970741160133, 0.32893133179489176]",[],1.0,"{'input_timing_assumptions': [], 'bottom_boundary': 'free_drainage', 'substeps': 24, 'precipitation_timing': 'explicit_hourly', 'plant_water_stress_method': 'compensated_layer_depletion', 'root_zone_stress_factor': 0.9999999889560784, 'root_zone_depletion_fraction': 0.5431488450801907, 'readily_available_water_adjustment': 'none', 'potential_et_demand_mm': 0.8787507989752337, 'surface_wetness': [0.30158213283365626]}",0.30299926357754203,2015-10-21,True,-2.4737715920951278,50.0,[],[]
2016-02-13,wheat,22,BBCH22,0.08449669171294592,1.0,0.6628812736458859,135.5404225422215,0.13936634800739636,12.51855381456138,0.0,0.0,1.212118905742416,0.0,0.1794118616351777,0.0,0.0,0.0,0.12310331820527019,0.0,0.0,610.7275063523432,0.0,621.7314260813217,11.00391972897853,-1.4210854715202004e-14,1.290736198425293,provided,explicit_hourly,0.15049301879792382,1.4393437617115437,0.0,610.5930370227181,621.6534323953233,1.0,0.9999999960880959,0.5431488450801907,1.5898367805094675,1.0,0.15049301879792382,atmospheric,,,,,1.0,1.0,2.3072621800664885,2.3072621800664885,0.2580698131045808,215.08859549184731,467.9013011043566,0.0,90.7962812867852,365.8658489328198,11.239170884751601,99.0076825308149,0.0,0.0,0.0,0.0,0.0,-2.930988785010413e-14,378.0083895494388,"[0.2540861158769933, 0.20085306331451908, 0.25335488283113805, 0.3209387402481184, 0.3362881838195923, 0.3221838026259052, 0.32774281514145864, 0.3288860626418508]","[0.2540861158769933, 0.20085306331451908, 0.25335488283113805, 0.3209387402481184, 0.3362881838195923, 0.3221838026259052, 0.32774281514145864, 0.3288860626418508]",[],1.0,"{'input_timing_assumptions': [], 'bottom_boundary': 'free_drainage', 'substeps': 24, 'precipitation_timing': 'explicit_hourly', 'plant_water_stress_method': 'compensated_layer_depletion', 'root_zone_stress_factor': 0.9999999960880959, 'root_zone_depletion_fraction': 0.5431488450801907, 'readily_available_water_adjustment': 'none', 'potential_et_demand_mm': 1.5898367805094675, 'surface_wetness': [0.6269297452868053]}",1.3915307673775936,2015-10-21,True,1.7636930159781574,50.0,[],[]
2016-02-14,wheat,22,BBCH22,0.08449669171294592,1.0,0.6666796649366661,135.5404225422215,0.13936634800739636,0.0,0.0,0.0,1.5732143127822644,0.12704612565469578,0.07799368599843667,0.0,0.0,0.0,0.12285322084018191,0.0,0.0,621.7314260813217,0.12704612601263146,619.8303187360461,-1.9011073452755909,1.199040866595169e-14,1.6525007486343384,provided,explicit_hourly,0.1926968893870942,1.8427225826841593,0.0,621.6534323953233,619.8303187360461,0.9999999971826321,0.9999999971945494,0.5431488450801907,2.0354194720712537,0.9999999971826321,0.1926968893870942,atmospheric,,,,,0.3406944636380813,1.0,2.899770778171729,2.8997707629772616,0.25806981308640387,215.08859549184731,470.8010718673338,0.0,90.79628128039005,368.76561969579706,11.239170891146756,99.7923952443694,0.0,0.0,0.0,0.0,0.0,-6.350475700855895e-14,378.0083895494388,"[0.23502316487953148, 0.20502308337007277, 0.2530418093859742, 0.3204495619056207, 0.3360408888208855, 0.32209176877257817, 0.3276878430176588, 0.32883966048983104]","[0.23502316487953148, 0.20502308337007277, 0.2530418093859742, 0.3204495619056207, 0.3360408888208855, 0.32209176877257817, 0.3276878430176588, 0.32883966048983104]",[],1.0,"{'input_timing_assumptions': [], 'bottom_boundary': 'free_drainage', 'substeps': 24, 'precipitation_timing': 'explicit_hourly', 'plant_water_stress_method': 'compensated_layer_depletion', 'root_zone_stress_factor': 0.9999999971945494, 'root_zone_depletion_fraction': 0.5431488450801907, 'readily_available_water_adjustment': 'none', 'potential_et_demand_mm': 2.0354194720712537, 'surface_wetness': [0.5689387886306719]}",1.7782541244353969,2015-10-21,True,12.458611587699332,50.0,[],[]
2016-02-15,wheat,22,BBCH22,0.08449669171294592,1.0,0.6705023667605599,135.5404225422215,0.13936634800739636,0.0,0.0,0.0,1.6206836354344663,0.2186484919161728,0.0,0.0,0.0,0.0,0.12259640875412695,0.0,0.0,619.8303187360461,0.2186484927169645,617.8683901999414,-1.9619285361047787,1.2656542480726785e-14,1.875052571296692,provided,explicit_hourly,0.21864849271696446,2.0908926787115183,0.0,619.8303187360461,617.8683901999414,0.9999999963375386,0.9999999963375387,0.5431488450801907,2.309541171428483,0.9999999963375386,0.21864849271696446,atmospheric,,,,,0.0,1.0,5.418548507594181,5.418548470685011,0.2580698130627746,215.08859549184731,476.2196203380189,0.0,90.7962812720766,374.1841681664821,11.239170899460206,101.25871938565848,0.0,0.0,0.0,0.0,0.0,8.43769498715119e-14,378.0083895494388,"[0.2175074061721851, 0.20667280803981916, 0.2525008472642413, 0.31993710325975194, 0.3357941987513247, 0.3219997666697869, 0.32763217517363136, 0.3287921518718577]","[0.2175074061721851, 0.20667280803981916, 0.2525008472642413, 0.31993710325975194, 0.3357941987513247, 0.3219997666697869, 0.32763217517363136, 0.3287921518718577]",[],1.0,"{'input_timing_assumptions': [], 'bottom_boundary': 'free_drainage', 'substeps': 24, 'precipitation_timing': 'explicit_hourly', 'plant_water_stress_method': 'compensated_layer_depletion', 'root_zone_stress_factor': 0.9999999963375387, 'root_zone_depletion_fraction': 0.5431488450801907, 'readily_available_water_adjustment': 'none', 'potential_et_demand_mm': 2.309541171428483, 'surface_wetness': [0.5156545093954025]}",1.8393321273506391,2015-10-21,True,10.552316487953147,50.0,[],[]
2016-02-16,wheat,22,BBCH22,0.08612478664244189,1.0,0.674348101224844,138.15203573333204,0.14254251629277992,0.0,0.0,0.0,1.7863735603408597,0.26791718429930694,0.0,0.0,0.0,0.0,0.12233415558983947,0.0,0.0,617.8683901999414,0.2679171855770685,615.6917652997113,-2.176624900230081,7.505107646466058e-14,2.2975635528564453,provided,explicit_hourly,0.26791718557706845,2.562039531662639,0.0,617.8683901999414,615.6917652997113,0.9999999952307592,0.9999999952307596,0.5431488450801907,2.8299567172397078,0.9999999952307592,0.26791718557706845,atmospheric,,,,,0.0,1.0,11.57285895468775,11.572858852035573,0.2615304163968378,215.61599818322085,487.79247919005445,0.0,92.0237164251458,384.3413002937541,11.427462471154541,104.00736104219402,0.0,0.0,0.0,0.0,0.0,-2.1316282072803006e-14,382.209007898129,"[0.19903780177226726, 0.207455396244073, 0.25179845994804756, 0.3193979457505573, 0.3355479033401031, 0.3219077976729973, 0.3275758316907169, 0.3287435676761648]","[0.19903780177226726, 0.207455396244073, 0.25179845994804756, 0.3193979457505573, 0.3355479033401031, 0.3219077976729973, 0.3275758316907169, 0.3287435676761648]",[],1.0,"{'input_timing_assumptions': [], 'bottom_boundary': 'free_drainage', 'substeps': 24, 'precipitation_timing': 'explicit_hourly', 'plant_water_stress_method': 'compensated_layer_depletion', 'root_zone_stress_factor': 0.9999999952307596, 'root_zone_depletion_fraction': 0.5431488450801907, 'readily_available_water_adjustment': 'none', 'potential_et_demand_mm': 2.8299567172397078, 'surface_wetness': [0.4594685585237785]}",2.054290744640167,2015-10-21,True,8.80074061721851,50.0,[],[]
2016-02-17,wheat,22,BBCH22,0.08806250917647714,1.0,0.6782156222723372,141.26031992420863,0.1463227214558666,0.0,0.0,0.0,1.483958044007455,0.2521388818347992,0.0,0.0,0.0,0.0,0.12206666314138212,0.0,0.0,615.6917652997113,0.25213888329345857,613.8336017107276,-1.8581635889836434,7.105427357601002e-15,2.1357316970825195,provided,explicit_hourly,0.25213888329345857,2.37680357679154,0.0,615.6917652997113,613.8336017107276,0.9999999942148575,0.9999999942148573,0.5431488450801907,2.628942460084999,0.9999999942148575,0.25213888329345857,atmospheric,,,,,0.0,1.0,12.954793963391984,12.954793824004804,0.2661806581588652,215.8212520518676,500.74727301405926,0.0,93.67334010064808,395.4206786423669,11.653254271044275,107.00557357659119,0.0,0.0,0.0,0.0,0.0,5.329070518200751e-15,387.20849084207435,"[0.18395659402142617, 0.20795703134341384, 0.25116170667174803, 0.31885303625078765, 0.3353018355564734, 0.3218158617858386, 0.32751883203469284, 0.32869393806080793]","[0.18395659402142617, 0.20795703134341384, 0.25116170667174803, 0.31885303625078765, 0.3353018355564734, 0.3218158617858386, 0.32751883203469284, 0.32869393806080793]",[],1.0,"{'input_timing_assumptions': [], 'bottom_boundary': 'free_drainage', 'substeps': 24, 'precipitation_timing': 'explicit_hourly', 'plant_water_stress_method': 'compensated_layer_depletion', 'root_zone_stress_factor': 0.9999999942148573, 'root_zone_depletion_fraction': 0.5431488450801907, 'readily_available_water_adjustment': 'none', 'potential_et_demand_mm': 2.628942460084999, 'surface_wetness': [0.41359036972092134]}",1.736096925842254,2015-10-21,True,6.953780177226724,50.0,[],[]
2016-02-18,wheat,22,BBCH22,0.09089051962020203,1.0,0.6821037153653344,145.79670735815074,0.15183974440051357,0.0,0.0,0.0,1.6259398883238094,0.3161395933486513,0.0,0.0,0.0,0.0,0.12179412849842339,0.0,0.0,613.8336017107276,0.31613959546595355,611.7697281005569,-2.063873610170731,-1.532107773982716e-13,2.634524345397949,provided,explicit_hourly,0.31613959546595355,2.9240006325271635,0.0,613.8336017107276,611.7697281005569,0.9999999933026351,0.999999993302635,0.5431488450801907,3.240140227993117,0.9999999933026351,0.31613959546595355,atmospheric,,,,,0.0,1.0,16.667801190961,16.667800983345142,0.2751102314436137,214.4848240664566,517.4150739974044,0.0,96.8414811686268,408.58699608347877,11.986596745298826,110.56853683515128,0.0,0.0,0.0,0.0,0.0,1.7763568394002505e-14,394.50498955660333,"[0.167646141871445, 0.20812521391090474, 0.25030472587217356, 0.3182549654944221, 0.33505572223132807, 0.3217239580755583, 0.32746119503075444, 0.32864329245363844]","[0.167646141871445, 0.20812521391090474, 0.25030472587217356, 0.3182549654944221, 0.33505572223132807, 0.3217239580755583, 0.32746119503075444, 0.32864329245363844]",[],1.0,"{'input_timing_assumptions': [], 'bottom_boundary': 'free_drainage', 'substeps': 24, 'precipitation_timing': 'explicit_hourly', 'plant_water_stress_method': 'compensated_layer_depletion', 'root_zone_stress_factor': 0.999999993302635, 'root_zone_depletion_fraction': 0.5431488450801907, 'readily_available_water_adjustment': 'none', 'potential_et_demand_mm': 3.240140227993117, 'surface_wetness': [0.3639727253280131]}",1.9420794816724607,2015-10-21,True,5.445659402142615,50.0,[],[]
2016-02-19,wheat,22,BBCH22,0.09303110496600406,1.0,0.6860111971017506,149.23040205525615,0.15601570439173967,0.0,0.0,0.0,1.4669362826622703,0.3359206747308585,0.0,0.0,0.0,0.0,0.12151674401084567,0.0,0.0,611.7697281005569,0.33592067730381286,609.8453543991529,-1.9243737014039652,-9.325873406851315e-15,2.7153451442718506,provided,explicit_hourly,0.33592067730381286,2.9981337877592393,0.0,611.7697281005569,609.8453543991529,0.9999999923405896,0.9999999923405896,0.5431488450801907,3.334054465063052,0.9999999923405896,0.33592067730381286,atmospheric,,,,,0.0,1.0,13.326277680405257,13.32627749056756,0.28031467039040675,214.83780114092698,530.741351487972,0.0,98.6889504486328,419.8063276701414,12.246073369197774,113.60462239268634,0.0,0.0,0.0,0.0,0.0,1.7763568394002505e-14,400.02787518053754,"[0.15326601757441266, 0.20796471324827512, 0.24937933521719832, 0.3176240511350601, 0.3348091494760847, 0.3216320831934958, 0.327402938812898, 0.3285916595503932]","[0.15326601757441266, 0.20796471324827512, 0.24937933521719832, 0.3176240511350601, 0.3348091494760847, 0.3216320831934958, 0.327402938812898, 0.3285916595503932]",[],1.0,"{'input_timing_assumptions': [], 'bottom_boundary': 'free_drainage', 'substeps': 24, 'precipitation_timing': 'explicit_hourly', 'plant_water_stress_method': 'compensated_layer_depletion', 'root_zone_stress_factor': 0.9999999923405896, 'root_zone_depletion_fraction': 0.5431488450801907, 'readily_available_water_adjustment': 'none', 'potential_et_demand_mm': 3.334054465063052, 'surface_wetness': [0.3202272860762391]}",1.8028569573931288,2015-10-21,True,3.814614187144498,50.0,[],[]
2016-02-20,wheat,22,BBCH22,0.09364630840697968,1.0,0.6899369147681467,150.21724464813,0.15721587375710375,0.0,0.0,0.0,1.0055596216649547,0.2626726035322305,0.0,0.0,0.0,0.0,0.12123469723876193,0.0,0.0,609.8453543991529,0.2626726057610132,608.455887476717,-1.389466922435986,3.885780586188048e-14,2.0869011878967285,provided,explicit_hourly,0.2626726057610132,2.2972957262816043,0.0,609.8453543991529,608.455887476717,0.9999999915149784,0.9999999915149789,0.5431488450801907,2.5599683320426174,0.9999999915149784,0.2626726057610132,atmospheric,,,,,0.0,1.0,8.840354546882974,8.840354407374404,0.281226088999482,215.40202775943297,539.5817058953464,0.0,99.01272732986786,428.24726903803275,12.32170952744579,115.88884226631237,0.0,0.0,0.0,0.0,0.0,3.019806626980426e-14,401.61515047727937,"[0.14393428645289078, 0.20757794984542977, 0.24872285563860244, 0.3170360761457766, 0.33456217734965793, 0.32154023261702264, 0.32734408075367905, 0.328539067307216]","[0.14393428645289078, 0.20757794984542977, 0.24872285563860244, 0.3170360761457766, 0.33456217734965793, 0.32154023261702264, 0.32734408075367905, 0.328539067307216]",[],1.0,"{'input_timing_assumptions': [], 'bottom_boundary': 'free_drainage', 'substeps': 24, 'precipitation_timing': 'explicit_hourly', 'plant_water_stress_method': 'compensated_layer_depletion', 'root_zone_stress_factor': 0.9999999915149789, 'root_zone_depletion_fraction': 0.5431488450801907, 'readily_available_water_adjustment': 'none', 'potential_et_demand_mm': 2.5599683320426174, 'surface_wetness': [0.2918394454388205]}",1.2682322251971851,2015-10-21,True,2.376601757441266,50.0,[],[]
2016-02-21,wheat,22,BBCH22,0.09467331313871573,1.0,0.6938797458341326,151.86465417944348,0.1592194054915148,0.0,0.0,0.0,0.9030633221252096,0.25890529829344905,0.0,0.0,0.0,0.0,0.12094817088671819,0.0,0.0,608.455887476717,0.2589053006455531,607.1729706854117,-1.282916791305297,-7.971401316808624e-14,2.0508313179016113,provided,explicit_hourly,0.25890530064555306,2.256396312362053,0.0,608.455887476717,607.1729706854117,0.9999999909151954,0.9999999909151955,0.5431488450801907,2.5153016130076065,0.9999999909151954,0.25890530064555306,atmospheric,,,,,0.0,1.0,9.966277257185055,9.96627708879098,0.2829756996822333,216.15447691890006,549.5479829841373,0.0,99.63421915424057,437.46612670198795,12.447637127908862,118.38357561065696,0.0,0.0,0.0,0.0,0.0,-9.059419880941277e-14,404.2649068533757,"[0.13602297586942627, 0.20677108258111357, 0.2481034818342594, 0.3164527799457206, 0.3343150569435807, 0.3214484037812925, 0.32728463754313525, 0.32848554293370885]","[0.13602297586942627, 0.20677108258111357, 0.2481034818342594, 0.3164527799457206, 0.3343150569435807, 0.3214484037812925, 0.32728463754313525, 0.32848554293370885]",[],1.0,"{'input_timing_assumptions': [], 'bottom_boundary': 'free_drainage', 'substeps': 24, 'precipitation_timing': 'explicit_hourly', 'plant_water_stress_method': 'compensated_layer_depletion', 'root_zone_stress_factor': 0.9999999909151955, 'root_zone_depletion_fraction': 0.5431488450801907, 'readily_available_water_adjustment': 'none', 'potential_et_demand_mm': 2.5153016130076065, 'surface_wetness': [0.26777263284511527]}",1.1619686204186586,2015-10-21,True,1.4434286452890763,50.0,[],[]
2016-02-22,wheat,22,BBCH22,0.09683700989978576,1.0,0.6978385973924691,155.33542170067338,0.1634404523771687,0.014505855583712115,0.0,0.0,0.7746706615055868,0.2399615520459752,0.002195676407216845,0.0,0.0,0.0,0.12065734277829411,0.0,0.0,607.1729706854117,0.23996155433183558,606.0499913082583,-1.1229793771533423,-1.865174681370263e-14,1.9072483777999878,provided,explicit_hourly,0.24215723073905235,2.0962929982951652,0.0,607.1729706854117,606.0499913082583,0.9999999904740557,0.9999999904721333,0.5431488450801907,2.3384502290342177,0.9999999904740557,0.24215723073905235,atmospheric,,,,,0.009067151951299035,1.0,13.493491790754238,13.493491551692188,0.28819745795447366,216.5434498946882,563.0414745358295,0.0,101.48881715321254,448.83974966766186,12.71290771495515,121.46141426407388,0.0,0.0,0.0,0.0,0.0,-2.842170943040401e-14,409.8474218227984,"[0.1299097433524431, 0.20555414290736174, 0.24759711582199506, 0.315884786992728, 0.3340679262929878, 0.32135659534197747, 0.32722462532238883, 0.32843111289742805]","[0.1299097433524431, 0.20555414290736174, 0.24759711582199506, 0.315884786992728, 0.3340679262929878, 0.32135659534197747, 0.32722462532238883, 0.32843111289742805]",[],1.0,"{'input_timing_assumptions': [], 'bottom_boundary': 'free_drainage', 'substeps': 24, 'precipitation_timing': 'explicit_hourly', 'plant_water_stress_method': 'compensated_layer_depletion', 'root_zone_stress_factor': 0.9999999904721333, 'root_zone_depletion_fraction': 0.5431488450801907, 'readily_available_water_adjustment': 'none', 'potential_et_demand_mm': 2.3384502290342177, 'surface_wetness': [0.24917571141524655]}",1.0168278899587788,2015-10-21,True,0.6522975869426251,50.0,[],[]
2016-02-23,wheat,22,BBCH22,0.09723968612447695,1.0,0.701812405549008,155.98135119845497,0.1642260131150417,0.021758783375568174,0.0,0.0,0.792448311038408,0.2680104496590757,0.003349354288120995,0.0,0.0,0.0,0.12036238589383698,0.0,0.0,606.0499913082583,0.26801045229951675,604.8875795907544,-1.1624117175039146,4.107825191113079e-14,2.1016182899475098,provided,explicit_hourly,0.2713598065876378,2.3029433563186936,0.0,606.0499913082583,604.8875795907544,0.9999999901479923,0.9999999901491474,0.5431488450801907,2.5743031629063315,0.9999999901479923,0.2713598065876378,atmospheric,,,,,0.012342853314348035,1.0,8.57735286344785,8.577352706282692,0.28875814185222304,216.93452161699446,571.6188272421122,0.0,101.68812288141082,457.1677397233084,12.762964637393026,123.71506815922231,0.0,0.0,0.0,0.0,0.0,-1.0658141036401503e-14,410.88635948384916,"[0.12402344196050946, 0.20401354750616696, 0.24693884933344956, 0.31529483428765764, 0.33382081327022595, 0.3212648069417989, 0.327164059764551, 0.32837580293696145]","[0.12402344196050946, 0.20401354750616696, 0.24693884933344956, 0.31529483428765764, 0.33382081327022595, 0.3212648069417989, 0.327164059764551, 0.32837580293696145]",[],1.0,"{'input_timing_assumptions': [], 'bottom_boundary': 'free_drainage', 'substeps': 24, 'precipitation_timing': 'explicit_hourly', 'plant_water_stress_method': 'compensated_layer_depletion', 'root_zone_stress_factor': 0.9999999901491474, 'root_zone_depletion_fraction': 0.5431488450801907, 'readily_available_water_adjustment': 'none', 'potential_et_demand_mm': 2.5743031629063315, 'surface_wetness': [0.2312691318447482]}",1.0638081149856047,2015-10-21,True,0.04097433524430727,50.0,[],[]
2016-02-24,wheat,22,BBCH22,0.09777450325788206,1.0,0.7058001347664272,156.83924680093384,0.16526936088723024,0.0,0.0,0.0,0.7277268349786647,0.2685811990826852,0.0,0.0,0.0,0.0,0.12006346844654046,0.0,0.0,604.8875795907544,0.2685812017665558,603.7712080882466,-1.1163715025078318,-5.861977570020827e-14,2.076387882232666,provided,explicit_hourly,0.2685812017665558,2.274556196823315,0.0,604.8875795907544,603.7712080882466,0.9999999900072283,0.9999999900072282,0.5431488450801907,2.5431373985898706,0.9999999900072283,0.2685812017665558,atmospheric,,,,,0.0,1.0,9.262129647234662,9.262129475097327,0.28957229603525897,217.3949823345903,580.8809567172095,0.0,101.9775034794512,466.0742562123291,12.829197025429252,126.12527823915342,0.0,0.0,0.0,0.0,0.0,4.085620730620576e-14,412.2662315189957,"[0.11896194996705528, 0.20229193623789896, 0.24618866558552052, 0.31469116169605643, 0.3335734801613807, 0.32117303751232107, 0.3271029561007448, 0.3283196380793271]","[0.11896194996705528, 0.20229193623789896, 0.24618866558552052, 0.31469116169605643, 0.3335734801613807, 0.32117303751232107, 0.3271029561007448, 0.3283196380793271]",[],1.0,"{'input_timing_assumptions': [], 'bottom_boundary': 'free_drainage', 'substeps': 24, 'precipitation_timing': 'explicit_hourly', 'plant_water_stress_method': 'compensated_layer_depletion', 'root_zone_stress_factor': 0.9999999900072282, 'root_zone_depletion_fraction': 0.5431488450801907, 'readily_available_water_adjustment': 'none', 'potential_et_demand_mm': 2.5431373985898706, 'surface_wetness': [0.21587168562318218]}",0.9963080340613499,2015-10-21,True,-0.5476558039490556,50.0,[],[]
2016-02-25,wheat,22,BBCH22,0.09954883142450999,1.0,0.7098007771655421,159.68543148056986,0.168730808219697,0.0,0.0,0.0,0.644900721788546,0.2542758256013632,0.0,0.0,0.0,0.0,0.11976075396787039,0.0,0.0,603.7712080882466,0.2542758281618757,602.7522707868887,-1.0189373013578233,4.374278717023117e-14,1.960716724395752,provided,explicit_hourly,0.2542758281618758,2.1468315097046355,0.0,603.7712080882466,602.7522707868887,0.9999999899301772,0.9999999899301769,0.5431488450801907,2.4011073378665113,0.9999999899301772,0.2542758281618758,atmospheric,,,,,4.440892098500626e-16,1.0,14.334924574678356,14.334924306208523,0.29406655076061566,217.55295235943152,595.2158810234181,0.0,103.574215790476,478.5935140647123,13.04815116822975,129.51313941992672,0.0,0.0,0.0,0.0,0.0,4.085620730620576e-14,416.84414360403775,"[0.11500929776372489, 0.20035161627191375, 0.2454852113598941, 0.31409360374773565, 0.33332593813161965, 0.3210812853731707, 0.32704132908147354, 0.32826264265500976]","[0.11500929776372489, 0.20035161627191375, 0.2454852113598941, 0.31409360374773565, 0.33332593813161965, 0.3210812853731707, 0.32704132908147354, 0.32826264265500976]",[],1.0,"{'input_timing_assumptions': [], 'bottom_boundary': 'free_drainage', 'substeps': 24, 'precipitation_timing': 'explicit_hourly', 'plant_water_stress_method': 'compensated_layer_depletion', 'root_zone_stress_factor': 0.9999999899301769, 'root_zone_depletion_fraction': 0.5431488450801907, 'readily_available_water_adjustment': 'none', 'potential_et_demand_mm': 2.4011073378665113, 'surface_wetness': [0.2038474149512058]}",0.8991765473899092,2015-10-21,True,-1.0538050032944728,50.0,[],[]
2016-02-26,wheat,22,BBCH22,0.10119831846405276,1.0,0.7138133517877944,162.33135957296275,0.17194870929366504,0.0,0.0,0.0,0.6729066337484606,0.2862551097383209,0.0,0.0,0.0,0.0,0.1194544013784132,0.0,0.0,602.7522707868887,0.2862551126495091,601.6736546420236,-1.0786161448651228,-7.194245199571014e-14,2.176328659057617,provided,explicit_hourly,0.28625511264950915,2.376706354677052,0.0,602.7522707868887,601.6736546420236,0.999999989830092,0.999999989830092,0.5431488450801907,2.662961467326561,0.999999989830092,0.28625511264950915,atmospheric,,,,,2.220446049250313e-16,1.0,14.35055914939653,14.35055887796262,0.29821631847446944,217.74772994980535,609.5664399013807,0.0,105.04888461216582,491.2638138874849,13.253741401729926,132.94187436767433,0.0,0.0,0.0,0.0,0.0,-7.105427357601002e-15,421.09995534984006,"[0.11100226851119797, 0.19818456556139044, 0.24464529838417892, 0.3134605174403401, 0.33307807567502623, 0.3209895490627312, 0.3269791929941132, 0.3282048403108295]","[0.11100226851119797, 0.19818456556139044, 0.24464529838417892, 0.3134605174403401, 0.33307807567502623, 0.3209895490627312, 0.3269791929941132, 0.3282048403108295]",[],1.0,"{'input_timing_assumptions': [], 'bottom_boundary': 'free_drainage', 'substeps': 24, 'precipitation_timing': 'explicit_hourly', 'plant_water_stress_method': 'compensated_layer_depletion', 'root_zone_stress_factor': 0.999999989830092, 'root_zone_depletion_fraction': 0.5431488450801907, 'readily_available_water_adjustment': 'none', 'potential_et_demand_mm': 2.662961467326561, 'surface_wetness': [0.19165772513171847]}",0.9591617434867815,2015-10-21,True,-1.449070223627512,50.0,[],[]
2016-02-27,wheat,22,BBCH22,0.10317221174953636,1.0,0.7178369038223392,165.49766495775347,0.1757994781514893,0.31187590720847846,0.0,0.0,0.6792399546388626,0.2659617997444215,0.04953629067470507,0.0,0.0,0.0,0.11914456506014144,0.0,0.0,601.6736546420236,0.2659618024721142,600.8716479391138,-0.8020067029098072,1.5520917884259688e-13,2.330721855163574,provided,explicit_hourly,0.3105255264413765,2.5391958903044456,0.0,601.6736546420236,600.8716479391138,0.9999999897440435,0.9999999897290321,0.5431488450801907,2.849721416745822,0.9999999897440435,0.3105255264413765,atmospheric,,,,,0.14351066232770848,1.0,12.543766949112644,12.543766709845865,0.30243433064410635,218.54288250682603,622.1102066112265,0.0,106.54851203109872,502.05987190658425,13.501822673543543,135.8634170261571,0.0,0.0,0.0,0.0,0.0,-2.4868995751603507e-14,426.1927617968976,"[0.10973856024556289, 0.19591352396122194, 0.2438708500439354, 0.3128386207063769, 0.3328296197758113, 0.3208978258822319, 0.3269165616549376, 0.3281462540233907]","[0.10973856024556289, 0.19591352396122194, 0.2438708500439354, 0.3128386207063769, 0.3328296197758113, 0.3208978258822319, 0.3269165616549376, 0.3281462540233907]",[],1.0,"{'input_timing_assumptions': [], 'bottom_boundary': 'free_drainage', 'substeps': 24, 'precipitation_timing': 'explicit_hourly', 'plant_water_stress_method': 'compensated_layer_depletion', 'root_zone_stress_factor': 0.9999999897290321, 'root_zone_depletion_fraction': 0.5431488450801907, 'readily_available_water_adjustment': 'none', 'potential_et_demand_mm': 2.849721416745822, 'surface_wetness': [0.18781342782076177]}",0.9947380450579891,2015-10-21,True,-1.8497731488802032,50.0,[],[]
2016-02-28,wheat,22,BBCH22,0.10493895113331624,1.0,0.721870503800985,168.33167653554426,0.17924612091023617,0.25385247406592515,0.0,0.0,0.7087320642355575,0.2882163516984181,0.040841992070446545,0.0,0.0,0.0,0.11883139492388853,0.0,0.0,600.8716479391138,0.2882163546841126,599.9688786102515,-0.9027693288622913,-9.414691248821327e-14,2.43827223777771,provided,explicit_hourly,0.32905834675455914,2.649875521201594,0.0,600.8716479391138,599.9688786102515,0.9999999896407873,0.9999999896512308,0.5431488450801907,2.9789338679561532,0.9999999896407873,0.32905834675455914,atmospheric,,,,,0.12411778176503785,1.0,14.344866289433485,14.344866013056732,0.3068075816196818,218.83672068774223,636.4550726242833,0.0,108.10343112942604,514.6258324142034,13.725809080653804,139.2639165050291,0.0,0.0,0.0,0.0,0.0,-1.7763568394002505e-15,430.7510942002526,"[0.10728874290082192, 0.19406251894893395, 0.24299693733522792, 0.3121871995714575, 0.33258102140140683, 0.32080611395135405, 0.3268534483888218, 0.3280869061091752]","[0.10728874290082192, 0.19406251894893395, 0.24299693733522792, 0.3121871995714575, 0.33258102140140683, 0.32080611395135405, 0.3268534483888218, 0.3280869061091752]",[],1.0,"{'input_timing_assumptions': [], 'bottom_boundary': 'free_drainage', 'substeps': 24, 'precipitation_timing': 'explicit_hourly', 'plant_water_stress_method': 'compensated_layer_depletion', 'root_zone_stress_factor': 0.9999999896512308, 'root_zone_depletion_fraction': 0.5431488450801907, 'readily_available_water_adjustment': 'none', 'potential_et_demand_mm': 2.9789338679561532, 'surface_wetness': [0.18036089586633178]}",1.037790408004422,2015-10-21,True,-1.976143975443712,50.0,[],[]
2016-02-29,wheat,22,BBCH22,0.10528920720848377,1.0,0.7259132467640643,168.89351931854299,0.17992941782220093,0.0,0.0,0.0,0.5117672291731931,0.2551789973994809,0.0,0.0,0.0,0.0,0.11851503647292148,0.0,0.0,599.9688786102515,0.2551790000859217,599.0834173472059,-0.8854612630456131,1.765254609153999e-14,1.8661811351776123,provided,explicit_hourly,0.25517900008592176,2.022998183111405,0.0,599.9688786102515,599.0834173472059,0.999999989472328,0.9999999894723279,0.5431488450801907,2.278177183197327,0.999999989472328,0.25517900008592176,atmospheric,,,,,2.220446049250313e-16,1.0,9.30290328034378,9.302903098193811,0.3073207102335092,219.1530803392526,645.7579757224771,0.0,108.28602862440553,523.7012977145334,13.770649383538114,141.71984615764745,0.0,0.0,0.0,0.0,0.0,2.6645352591003757e-14,431.6547835794367,"[0.10485160133251753, 0.1921134951549483, 0.2422242908761088, 0.3115728891846594, 0.3323318361652303, 0.32071441139675244, 0.3267898661228228, 0.3280268182380603]","[0.10485160133251753, 0.1921134951549483, 0.2422242908761088, 0.3115728891846594, 0.3323318361652303, 0.32071441139675244, 0.3267898661228228, 0.3280268182380603]",[],1.0,"{'input_timing_assumptions': [], 'bottom_boundary': 'free_drainage', 'substeps': 24, 'precipitation_timing': 'explicit_hourly', 'plant_water_stress_method': 'compensated_layer_depletion', 'root_zone_stress_factor': 0.9999999894723279, 'root_zone_depletion_fraction': 0.5431488450801907, 'readily_available_water_adjustment': 'none', 'potential_et_demand_mm': 2.278177183197327, 'surface_wetness': [0.17294692459445374]}",0.766946226572674,2015-10-21,True,-2.2211257099178088,50.0,[],[]
2016-03-01,wheat,23,BBCH23,0.10791352995089633,1.0,0.7299642514001555,173.10317304797132,0.18504907670329707,0.0,0.0,0.0,0.7244126665711329,0.3843243296263502,0.0,0.0,0.0,0.0,0.1181956308918019,0.0,0.0,599.0834173472059,0.3843243336932161,597.8564847201166,-1.2269326270893544,6.927791673660977e-14,2.8063621520996094,provided,explicit_hourly,0.3843243336932163,3.041278277966673,0.0,599.0834173472059,597.8564847201166,0.999999989418141,0.9999999894181409,0.5431488450801907,3.4256026116598894,0.999999989418141,0.3843243336932163,atmospheric,,,,,4.440892098500626e-16,1.0,19.62210859961132,19.62210821343477,0.31629907726543705,217.86099835087856,665.3800839359118,0.0,111.4785590394295,539.7966535792186,14.104871317263687,146.07544230940485,0.0,0.0,0.0,0.0,0.0,-9.947598300641403e-14,438.4257513313454,"[0.10050486447306362, 0.189822723633702, 0.24099646013646467, 0.31080023753117514, 0.3320817272472453, 0.3206227155423417, 0.3267258273405491, 0.32796601144793724]","[0.10050486447306362, 0.189822723633702, 0.24099646013646467, 0.31080023753117514, 0.3320817272472453, 0.3206227155423417, 0.3267258273405491, 0.32796601144793724]",[],1.0,"{'input_timing_assumptions': [], 'bottom_boundary': 'free_drainage', 'substeps': 24, 'precipitation_timing': 'explicit_hourly', 'plant_water_stress_method': 'compensated_layer_depletion', 'root_zone_stress_factor': 0.9999999894181409, 'root_zone_depletion_fraction': 0.5431488450801907, 'readily_available_water_adjustment': 'none', 'potential_et_demand_mm': 3.4256026116598894, 'surface_wetness': [0.15972381822200535]}",1.1087369961974831,2015-10-21,True,-2.464839866748248,50.0,[],[]
2016-03-02,wheat,23,BBCH23,0.11330808978892007,1.0,0.734022659162409,181.75654047635564,0.19557305141798986,0.0,0.0,0.0,0.9371112523703057,0.5661765821795001,0.0,0.0,0.0,0.0,0.11787331512096585,0.0,0.0,597.8564847201166,0.5661765881486984,596.2353235704458,-1.6211611496707974,2.5757174171303632e-14,4.02706241607666,provided,explicit_hourly,0.5661765881486984,4.341494330607735,0.0,597.8564847201166,596.2353235704458,0.9999999894570025,0.999999989457002,0.5431488450801907,4.907670918756433,0.9999999894570025,0.5661765881486984,atmospheric,,,,,0.0,1.0,33.27115351367653,33.27115286128215,0.34869195383201723,207.00363445611316,698.651236797194,0.0,123.00073483290834,560.8433926165,14.807109347785712,151.77094207520747,0.0,0.0,0.0,0.0,0.0,4.263256414560601e-14,452.34415782483245,"[0.09460915404299121, 0.1867862340848297, 0.23922083402581468, 0.3097557235786157, 0.33182878123695786, 0.32053101715495375, 0.32666134395877006, 0.3279045061535009]","[0.09460915404299121, 0.1867862340848297, 0.23922083402581468, 0.3097557235786157, 0.33182878123695786, 0.32053101715495375, 0.32666134395877006, 0.3279045061535009]",[],1.0,"{'input_timing_assumptions': [], 'bottom_boundary': 'free_drainage', 'substeps': 24, 'precipitation_timing': 'explicit_hourly', 'plant_water_stress_method': 'compensated_layer_depletion', 'root_zone_stress_factor': 0.999999989457002, 'root_zone_depletion_fraction': 0.5431488450801907, 'readily_available_water_adjustment': 'none', 'potential_et_demand_mm': 4.907670918756433, 'surface_wetness': [0.1417886156370034]}",1.5032878345498057,2015-10-21,True,-2.899513552693639,50.0,[],[]
2016-03-03,wheat,23,BBCH23,0.12019614275152488,1.0,0.7380876333640811,192.80560748854512,0.20901060654546688,0.0,0.0,0.0,0.92784840701218,0.7013356544698822,0.0,0.0,0.0,0.0,0.11754822186530732,0.0,0.0,596.2353235704458,0.7013356618356399,594.4885912870984,-1.7467322833473418,-2.7755575615628914e-14,4.5663275718688965,provided,explicit_hourly,0.7013356618356399,4.831238447632795,0.0,596.2353235704458,594.4885912870984,0.9999999894975287,0.9999999894975289,0.5431488450801907,5.532574109468435,0.9999999894975287,0.7013356618356399,atmospheric,,,,,0.0,1.0,43.82034140361114,43.82034054766682,0.39196384893027597,195.88993568400414,742.4715773448607,0.0,138.4062779407158,588.275146191481,15.790153212663995,159.19430328024296,0.0,0.0,0.0,0.0,0.0,-4.263256414560601e-14,470.11589897903247,"[0.0894929491391453, 0.1829945687329793, 0.23713320784772185, 0.3084459455915037, 0.3315706364786839, 0.32043929486297995, 0.3265964268478496, 0.32784232213001424]","[0.0894929491391453, 0.1829945687329793, 0.23713320784772185, 0.3084459455915037, 0.3315706364786839, 0.32043929486297995, 0.3265964268478496, 0.32784232213001424]",[],1.0,"{'input_timing_assumptions': [], 'bottom_boundary': 'free_drainage', 'substeps': 24, 'precipitation_timing': 'explicit_hourly', 'plant_water_stress_method': 'compensated_layer_depletion', 'root_zone_stress_factor': 0.9999999894975289, 'root_zone_depletion_fraction': 0.5431488450801907, 'readily_available_water_adjustment': 'none', 'potential_et_demand_mm': 5.532574109468435, 'surface_wetness': [0.1262247285524524]}",1.629184061482062,2015-10-21,True,-3.4890845957008807,50.0,[],[]
2016-03-04,wheat,23,BBCH23,0.12628939202948988,1.0,0.7421583582557297,202.5797366887293,0.22089761925030985,0.021758783375568174,0.0,0.0,0.5530822259000774,0.5082895628194867,0.0044246345402877045,0.0,0.0,0.0,0.1172204794200748,0.0,0.0,594.4885912870984,0.5082895681618139,593.3273331677941,-1.161258119304307,-5.1514348342607263e-14,3.005850315093994,provided,explicit_hourly,0.5127142027021017,3.101408461280652,0.0,594.4885912870984,593.3273331677941,0.9999999894895989,0.9999999894885563,0.5431488450801907,3.6141226639827537,0.9999999894895989,0.5127142027021017,atmospheric,,,,,0.008629826357391845,1.0,40.76397115789103,40.7639703610457,0.4320200084524679,188.34184440553858,783.2355477059065,0.0,152.67816761156064,613.7935966577811,16.76378343656475,166.09990173884543,0.0,0.0,0.0,0.0,0.0,2.1316282072803006e-14,485.8369814886913,"[0.08823414267339763, 0.17955710659675428, 0.235704715728117, 0.3073598765309279, 0.3313071500033826, 0.32034751918233717, 0.32653108533769093, 0.3277794784557638]","[0.08823414267339763, 0.17955710659675428, 0.235704715728117, 0.3073598765309279, 0.3313071500033826, 0.32034751918233717, 0.32653108533769093, 0.3277794784557638]",[],1.0,"{'input_timing_assumptions': [], 'bottom_boundary': 'free_drainage', 'substeps': 24, 'precipitation_timing': 'explicit_hourly', 'plant_water_stress_method': 'compensated_layer_depletion', 'root_zone_stress_factor': 0.9999999894885563, 'root_zone_depletion_fraction': 0.5431488450801907, 'readily_available_water_adjustment': 'none', 'potential_et_demand_mm': 3.6141226639827537, 'surface_wetness': [0.12239534289210247]}",1.0657964232598518,2015-10-21,True,-4.000705086085471,50.0,[],[]
2016-03-05,wheat,24,BBCH24,0.13047553936062734,1.0,0.7462340380863804,209.2946999208274,0.22906416295130774,0.0,0.0,0.0,0.5197140922801163,0.5564902972324232,0.0,0.0,0.0,0.0,0.11689021133180602,0.0,0.0,593.3273331677941,0.5564903031141012,592.1342385669498,-1.193094600844347,1.5543122344752192e-15,2.99320125579834,provided,explicit_hourly,0.5564903031141013,3.017433851712894,0.0,593.3273331677941,592.1342385669498,0.9999999894307627,0.9999999894307624,0.5431488450801907,3.5739241548269955,0.9999999894307627,0.5564903031141013,atmospheric,,,,,2.220446049250313e-16,1.0,37.95069353580254,37.95069278979775,0.4594107671980814,184.68163359884005,821.1862404957042,0.0,162.44289310987716,641.2449023242186,17.498445061608408,173.5285539741025,0.0,0.0,0.0,0.0,0.0,-4.973799150320701e-14,496.6375846789123,"[0.08664665995850117, 0.17664116823664408, 0.23415962986450783, 0.30616660580521315, 0.3310391296139552, 0.3202556677217584, 0.32646532737377676, 0.32771599344098346]","[0.08664665995850117, 0.17664116823664408, 0.23415962986450783, 0.30616660580521315, 0.3310391296139552, 0.3202556677217584, 0.32646532737377676, 0.32771599344098346]",[],1.0,"{'input_timing_assumptions': [], 'bottom_boundary': 'free_drainage', 'substeps': 24, 'precipitation_timing': 'explicit_hourly', 'plant_water_stress_method': 'compensated_layer_depletion', 'root_zone_stress_factor': 0.9999999894307624, 'root_zone_depletion_fraction': 0.5431488450801907, 'readily_available_water_adjustment': 'none', 'potential_et_demand_mm': 3.5739241548269955, 'surface_wetness': [0.11756609891386537]}",1.0762043895125395,2015-10-21,True,-4.126585732660239,50.0,[],[]
2016-03-06,wheat,24,BBCH24,0.13512159745585678,1.0,0.7503138961508397,216.7474020872322,0.2381279233664857,0.0,0.0,0.0,0.45641135561368085,0.5437692038542357,0.0,0.0,0.0,0.0,0.11655753614034359,0.0,0.0,592.1342385669498,0.5437692096077854,591.0175004713415,-1.116738095608298,3.774758283725532e-14,2.7713851928710938,provided,explicit_hourly,0.5437692096077852,2.7497882485424032,0.0,592.1342385669498,591.0175004713415,0.9999999894191329,0.999999989419133,0.5431488450801907,3.2935574581501883,0.9999999894191329,0.5437692096077852,atmospheric,,,,,0.0,1.0,28.29238925669666,28.292388699935234,0.48120787769049783,184.8124151823323,849.4786291956395,0.0,170.2203484997621,660.8972451521918,18.361035543685546,178.84671341799194,0.0,0.0,0.0,0.0,0.0,1.3855583347321954e-13,508.6247953324971,"[0.0853879015322761, 0.17409161945329188, 0.2326920605751945, 0.30496268889497896, 0.33076612759788965, 0.32016371883826084, 0.3263991599168124, 0.3276518845943096]","[0.0853879015322761, 0.17409161945329188, 0.2326920605751945, 0.30496268889497896, 0.33076612759788965, 0.32016371883826084, 0.3263991599168124, 0.3276518845943096]",[],1.0,"{'input_timing_assumptions': [], 'bottom_boundary': 'free_drainage', 'substeps': 24, 'precipitation_timing': 'explicit_hourly', 'plant_water_stress_method': 'compensated_layer_depletion', 'root_zone_stress_factor': 0.999999989419133, 'root_zone_depletion_fraction': 0.5431488450801907, 'readily_available_water_adjustment': 'none', 'potential_et_demand_mm': 3.2935574581501883, 'surface_wetness': [0.11373685939342179]}",1.0001805594679165,2015-10-21,True,-4.285334004149885,50.0,[],[]
2016-03-07,wheat,24,BBCH24,0.13921262679629315,1.0,0.7543971738251967,223.3097873616655,0.24610890617667747,0.0,0.0,0.0,0.5472242334744648,0.7212877517564439,0.0,0.0,0.0,0.0,0.11622256729983105,0.0,0.0,591.0175004713415,0.7212877594189946,589.6327659188108,-1.384734552530631,-1.0880185641326534e-13,3.5308549404144287,provided,explicit_hourly,0.7212877594189947,3.459328010666359,0.0,591.0175004713415,589.6327659188108,0.9999999893765691,0.9999999893765691,0.5431488450801907,4.180615770085354,0.9999999893765691,0.7212877594189947,atmospheric,,,,,1.1102230246251565e-16,1.0,40.738359258104296,40.738358453195666,0.5095166707973788,181.90956251004616,890.2169876488351,0.0,180.32382754619277,690.7402619674863,19.152898135156107,186.92259134764527,0.0,0.0,0.0,0.0,0.0,-7.815970093361102e-14,519.1799863113101,"[0.0831168581304513, 0.17153872177890717, 0.23080640830776508, 0.3034195273804433, 0.33048673464982514, 0.32007164904940993, 0.326332588982017, 0.3275871686081373]","[0.0831168581304513, 0.17153872177890717, 0.23080640830776508, 0.3034195273804433, 0.33048673464982514, 0.32007164904940993, 0.326332588982017, 0.3275871686081373]",[],1.0,"{'input_timing_assumptions': [], 'bottom_boundary': 'free_drainage', 'substeps': 24, 'precipitation_timing': 'explicit_hourly', 'plant_water_stress_method': 'compensated_layer_depletion', 'root_zone_stress_factor': 0.9999999893765691, 'root_zone_depletion_fraction': 0.5431488450801907, 'readily_available_water_adjustment': 'none', 'potential_et_demand_mm': 4.180615770085354, 'surface_wetness': [0.10682817146273597]}",1.2685119852309086,2015-10-21,True,-4.41120984677239,50.0,[],[]
2016-03-08,wheat,24,BBCH24,0.14032204693646472,1.0,0.7584831295924388,225.08939874676628,0.24827321797480445,0.0,0.0,0.0,0.45193551436620943,0.6696772266617945,0.0,0.0,0.0,0.0,0.11588541314063436,0.0,0.0,589.6327659188108,0.6696772339158584,588.3952677646421,-1.2374981541687475,1.092459456231154e-13,3.1203696727752686,provided,explicit_hourly,0.6696772339158586,3.0073722743716043,0.0,589.6327659188108,588.3952677646421,0.9999999891678206,0.9999999891678203,0.5431488450801907,3.677049508287463,0.9999999891678206,0.6696772339158586,atmospheric,,,,,3.3306690738754696e-16,1.0,20.70629349476699,20.70629307761294,0.5130635242431817,182.75207529119186,910.9232807264482,0.0,181.5908604441281,709.9528760872171,19.379544195102966,192.12175493424894,0.0,0.0,0.0,0.0,0.0,1.1368683772161603e-13,522.0423811955286,"[0.08172289454846521, 0.16911151302283908, 0.2290764508649406, 0.301962484678188, 0.33019986482836805, 0.31997942638155874, 0.32626561942083443, 0.3275218613405209]","[0.08172289454846521, 0.16911151302283908, 0.2290764508649406, 0.301962484678188, 0.33019986482836805, 0.31997942638155874, 0.32626561942083443, 0.3275218613405209]",[],1.0,"{'input_timing_assumptions': [], 'bottom_boundary': 'free_drainage', 'substeps': 24, 'precipitation_timing': 'explicit_hourly', 'plant_water_stress_method': 'compensated_layer_depletion', 'root_zone_stress_factor': 0.9999999891678203, 'root_zone_depletion_fraction': 0.5431488450801907, 'readily_available_water_adjustment': 'none', 'potential_et_demand_mm': 3.677049508287463, 'surface_wetness': [0.10258762750530002]}",1.121612741028004,2015-10-21,True,-4.6383141869548705,50.0,[],[]
2016-03-09,wheat,24,BBCH24,0.14098238778533453,1.0,0.7625710380599862,226.1486458706864,0.24956144363273516,0.0,0.0,0.0,0.31372428030759797,0.4805577304964184,0.0,0.0,0.0,0.0,0.1155461767678105,0.0,0.0,588.3952677646421,0.48055773579410827,587.4854395770703,-0.9098281875717475,-7.938094626069869e-14,2.225860834121704,provided,explicit_hourly,0.48055773579410843,2.140847495986312,0.0,588.3952677646421,587.4854395770703,0.9999999889759555,0.9999999889759552,0.5431488450801907,2.6214052317804204,0.9999999889759555,0.48055773579410843,atmospheric,,,,,3.3306690738754696e-16,1.0,16.335196577709276,16.335196242787354,0.5146371337490343,183.44143688243145,927.2584769692354,0.0,182.1533204458713,725.5904554204845,19.514701102879627,196.35347127152008,0.0,0.0,0.0,0.0,0.0,-1.3500311979441904e-13,523.7461147038757,"[0.08140810280277638, 0.1671292746223775, 0.22783314692215578, 0.3008519966633646, 0.3299076420050936, 0.31988702408491826, 0.326198254861496, 0.3274559777795659]","[0.08140810280277638, 0.1671292746223775, 0.22783314692215578, 0.3008519966633646, 0.3299076420050936, 0.31988702408491826, 0.326198254861496, 0.3274559777795659]",[],1.0,"{'input_timing_assumptions': [], 'bottom_boundary': 'free_drainage', 'substeps': 24, 'precipitation_timing': 'explicit_hourly', 'plant_water_stress_method': 'compensated_layer_depletion', 'root_zone_stress_factor': 0.9999999889759552, 'root_zone_depletion_fraction': 0.5431488450801907, 'readily_available_water_adjustment': 'none', 'potential_et_demand_mm': 2.6214052317804204, 'surface_wetness': [0.10163000691012669]}",0.7942820108040164,2015-10-21,True,-4.7777105451534805,50.0,[],[]
2016-03-10,wheat,24,BBCH24,0.14215623268877142,1.0,0.7666601889708422,228.03160046909102,0.2518514384522692,0.0,0.0,0.0,0.33491924232032944,0.5238626026463302,0.0,0.0,0.0,0.0,0.11520495596944852,0.0,0.0,587.4854395770703,0.5238626084881522,586.5114527761343,-0.973986800936018,-9.015010959956271e-14,2.420071601867676,provided,explicit_hourly,0.5238626084881524,2.3255172281748817,0.0,587.4854395770703,586.5114527761343,0.9999999888485608,0.9999999888485607,0.5431488450801907,2.849379836663034,0.9999999888485608,0.5238626084881524,atmospheric,,,,,2.220446049250313e-16,1.0,23.1680310552277,23.168030574722266,0.5188631867661915,184.14079798070182,950.4265075439578,0.0,183.66312136041336,747.009035286919,19.75435089662537,202.14959562109345,0.0,0.0,0.0,0.0,0.0,9.947598300641403e-14,526.7747307572529,"[0.08061104129059617, 0.1653966034245009, 0.22649067217078278, 0.2996593142142679, 0.3296114908867449, 0.31979442960124616, 0.3261304984037564, 0.3273895320380536]","[0.08061104129059617, 0.1653966034245009, 0.22649067217078278, 0.2996593142142679, 0.3296114908867449, 0.31979442960124616, 0.3261304984037564, 0.3273895320380536]",[],1.0,"{'input_timing_assumptions': [], 'bottom_boundary': 'free_drainage', 'substeps': 24, 'precipitation_timing': 'explicit_hourly', 'plant_water_stress_method': 'compensated_layer_depletion', 'root_zone_stress_factor': 0.9999999888485607, 'root_zone_depletion_fraction': 0.5431488450801907, 'readily_available_water_adjustment': 'none', 'potential_et_demand_mm': 2.849379836663034, 'surface_wetness': [0.09920528475607672]}",0.8587818449666597,2015-10-21,True,-4.809189719722363,50.0,[],[]
2016-03-11,wheat,24,BBCH24,0.1438910922298586,1.0,0.7707498862099538,230.81447386310737,0.25523588843375894,0.0,0.0,0.0,0.31242866383638834,0.5050732821259665,0.0,0.0,0.0,0.0,0.11486184338378572,0.0,0.0,586.5114527761343,0.5050732878024671,585.5790889867882,-0.932363789346141,4.440892098500626e-16,2.3169634342193604,provided,explicit_hourly,0.5050732878024671,2.220987026940424,0.0,586.5114527761343,585.5790889867882,0.9999999887610358,0.999999988761036,0.5431488450801907,2.7260603147428912,0.9999999887610358,0.5050732878024671,atmospheric,,,,,0.0,1.0,27.647084245671905,27.64708366777033,0.5264596344684188,184.68449742592077,978.0735912117281,0.0,186.37706213023992,771.5870618979537,20.109467183534463,208.80070411628964,0.0,0.0,0.0,0.0,0.0,-4.263256414560601e-14,531.2508105537469,"[0.07988543312469573, 0.16382477900312536, 0.22521802881106823, 0.29849768673451044, 0.3293112401424703, 0.3197016325543197, 0.3260623530818584, 0.32732253740344885]","[0.07988543312469573, 0.16382477900312536, 0.22521802881106823, 0.29849768673451044, 0.3293112401424703, 0.3197016325543197, 0.3260623530818584, 0.32732253740344885]",[],1.0,"{'input_timing_assumptions': [], 'bottom_boundary': 'free_drainage', 'substeps': 24, 'precipitation_timing': 'explicit_hourly', 'plant_water_stress_method': 'compensated_layer_depletion', 'root_zone_stress_factor': 0.999999988761036, 'root_zone_depletion_fraction': 0.5431488450801907, 'readily_available_water_adjustment': 'none', 'potential_et_demand_mm': 2.7260603147428912, 'surface_wetness': [0.09699792915286129]}",0.8175019459623548,2015-10-21,True,-4.8888958709403845,50.0,[],[]
2016-03-12,wheat,24,BBCH24,0.14645086083338776,1.0,0.774839446807287,234.92057684890625,0.26022961190107974,0.20308198357582205,0.0,0.0,0.2871860359431329,0.4205847336825811,0.05343738057562243,0.0,0.0,0.0,0.11451692684630675,0.0,0.0,585.5790889867882,0.42058473841769634,584.9064458933162,-0.6726430934719474,1.262323578998803e-13,2.1469366550445557,provided,explicit_hourly,0.4738688892368992,2.0489558355076563,0.0,585.5790889867882,584.9064458933162,0.9999999887415905,0.9999999887386846,0.5431488450801907,2.5228247247445554,0.9999999887415905,0.4738688892368992,atmospheric,,,,,0.11244492311999987,1.0,17.054880848294367,17.054880491182743,0.5327498947081502,187.20808924195325,995.1284717029108,0.0,188.62709955272913,785.8632373277455,20.6381348224362,212.6640082449201,0.0,0.0,0.0,0.0,0.0,1.4210854715202004e-14,537.8552233367991,"[0.08065650202626234, 0.1625483436367597, 0.22417610042749178, 0.2974930695799536, 0.3290076974833029, 0.31960862478282953, 0.3259938218724945, 0.3272550063979955]","[0.08065650202626234, 0.1625483436367597, 0.22417610042749178, 0.2974930695799536, 0.3290076974833029, 0.31960862478282953, 0.3259938218724945, 0.3272550063979955]",[],1.0,"{'input_timing_assumptions': [], 'bottom_boundary': 'free_drainage', 'substeps': 24, 'precipitation_timing': 'explicit_hourly', 'plant_water_stress_method': 'compensated_layer_depletion', 'root_zone_stress_factor': 0.9999999887386846, 'root_zone_depletion_fraction': 0.5431488450801907, 'readily_available_water_adjustment': 'none', 'potential_et_demand_mm': 2.5228247247445554, 'surface_wetness': [0.09934357979507273]}",0.7612081502013365,2015-10-21,True,-4.961456687530428,50.0,[],[]
2016-03-13,wheat,24,BBCH24,0.1495398895268814,1.0,0.7789281999390281,239.87566143119446,0.2662558421848089,0.0,0.0,0.0,0.3896994902669416,0.6613170693461375,0.0,0.0,0.0,0.0,0.11417028973925739,0.0,0.0,584.9064458933162,0.6613170767857309,583.741259043964,-1.165186849352267,-6.94999613415348e-14,2.9659526348114014,provided,explicit_hourly,0.6613170767857307,2.820285789470499,0.0,584.9064458933162,583.741259043964,0.9999999887503384,0.9999999887503386,0.5431488450801907,3.4816028662562295,0.9999999887503384,0.6613170767857307,atmospheric,,,,,0.0,1.0,39.40047079986885,39.40046997550464,0.5525137677205372,186.01000294691377,1034.5289416784155,0.0,195.69102431291432,817.5576771594267,21.280240206074552,221.24090342658351,0.0,0.0,0.0,0.0,0.0,9.237055564881302e-14,545.8251705274934,"[0.07876179601770256, 0.16126347364361165, 0.22261901306853166, 0.29600052613099254, 0.3286997562010976, 0.3195154018379347, 0.32592490786040634, 0.32718695084004973]","[0.07876179601770256, 0.16126347364361165, 0.22261901306853166, 0.29600052613099254, 0.3286997562010976, 0.3195154018379347, 0.32592490786040634, 0.32718695084004973]",[],1.0,"{'input_timing_assumptions': [], 'bottom_boundary': 'free_drainage', 'substeps': 24, 'precipitation_timing': 'explicit_hourly', 'plant_water_stress_method': 'compensated_layer_depletion', 'root_zone_stress_factor': 0.9999999887503386, 'root_zone_depletion_fraction': 0.5431488450801907, 'readily_available_water_adjustment': 'none', 'potential_et_demand_mm': 3.4816028662562295, 'surface_wetness': [0.09357973903226875]}",1.0510165596130792,2015-10-21,True,-4.884349797373767,50.0,[],[]
2016-03-14,wheat,25,BBCH25,0.15370576789551774,1.0,0.7830154859282474,246.55811139340943,0.2743828441891235,0.0,0.0,0.0,0.4771756574093753,0.9075031173301986,0.0,0.0,0.0,0.0,0.11382201135648175,0.0,0.0,583.741259043964,0.9075031275242533,582.2427582578679,-1.4985007860960877,3.197442310920451e-14,3.9458601474761963,provided,explicit_hourly,0.9075031275242531,3.7093025551673513,0.0,583.741259043964,582.2427582578679,0.9999999887669205,0.999999988766921,0.5431488450801907,4.616805682691604,0.9999999887669205,0.9075031275242531,atmospheric,,,,,0.0,1.0,49.86663677491641,49.86663573310966,0.5861081508546043,182.55638235983304,1084.3955774115252,0.0,207.7029392315739,854.5192321503617,22.17340602958953,231.24314308098675,0.0,0.0,0.0,0.0,0.0,0.0,556.5734781333177,"[0.07627196027359749, 0.15954017388629504, 0.22060100557203252, 0.2939809256279262, 0.32838252061706147, 0.3194219420346755, 0.32585561389450074, 0.32711838190244613]","[0.07627196027359749, 0.15954017388629504, 0.22060100557203252, 0.2939809256279262, 0.32838252061706147, 0.3194219420346755, 0.32585561389450074, 0.32711838190244613]",[],1.0,"{'input_timing_assumptions': [], 'bottom_boundary': 'free_drainage', 'substeps': 24, 'precipitation_timing': 'explicit_hourly', 'plant_water_stress_method': 'compensated_layer_depletion', 'root_zone_stress_factor': 0.999999988766921, 'root_zone_depletion_fraction': 0.5431488450801907, 'readily_available_water_adjustment': 'none', 'potential_et_demand_mm': 4.616805682691604, 'surface_wetness': [0.08600546804261383]}",1.384678774739574,2015-10-21,True,-5.073820398229745,50.0,[],[]
2016-03-15,wheat,25,BBCH25,0.15877002297766749,1.0,0.7871006552462803,254.68163977991787,0.28426244401442136,0.0,0.0,0.0,0.366979579993264,0.797330882759629,0.0,0.0,0.0,0.0,0.11347216709884275,0.0,0.0,582.2427582578679,0.7973308916831997,580.9649756280161,-1.2777826298517994,6.350475700855895e-14,3.2983453273773193,provided,explicit_hourly,0.7973308916831999,3.040777038733948,0.0,582.2427582578679,580.9649756280161,0.9999999888081965,0.9999999888081963,0.5431488450801907,3.8381079304171477,0.9999999888081965,0.7973308916831999,atmospheric,,,,,3.3306690738754696e-16,1.0,33.79337194643383,33.79337124302169,0.6124543633159197,183.56179863789518,1118.188948654547,0.0,217.13328207601478,877.7363647832086,23.31930179532344,237.5259773594351,0.0,0.0,0.0,0.0,0.0,4.973799150320701e-14,569.6396712865093,"[0.07503793612396707, 0.15770027652987567, 0.2189172631373126, 0.29216061509514, 0.3280543555239496, 0.3193282055889555, 0.3257859415111966, 0.32704931010260285]","[0.07503793612396707, 0.15770027652987567, 0.2189172631373126, 0.29216061509514, 0.3280543555239496, 0.3193282055889555, 0.3257859415111966, 0.32704931010260285]",[],1.0,"{'input_timing_assumptions': [], 'bottom_boundary': 'free_drainage', 'substeps': 24, 'precipitation_timing': 'explicit_hourly', 'plant_water_stress_method': 'compensated_layer_depletion', 'root_zone_stress_factor': 0.9999999888081963, 'root_zone_depletion_fraction': 0.5431488450801907, 'readily_available_water_adjustment': 'none', 'potential_et_demand_mm': 3.8381079304171477, 'surface_wetness': [0.08225147208556773]}",1.164310462752893,2015-10-21,True,-5.322803972640251,50.0,[],[]
2016-03-16,wheat,25,BBCH25,0.16427812070784942,1.0,0.7911830675160325,263.5171323727992,0.2950079140766697,0.0,0.0,0.0,0.364635058378291,0.8734026225349261,0.0,0.0,0.0,0.0,0.11312082828614813,0.0,0.0,580.9649756280161,0.8734026322489139,579.6138171188168,-1.3511585091993084,-5.684341886080802e-14,3.482590436935425,provided,explicit_hourly,0.8734026322489145,3.1619462910952465,0.0,580.9649756280161,579.6138171188168,0.9999999888779957,0.9999999888779951,0.5431488450801907,4.035348923344161,0.9999999888779957,0.8734026322489145,atmospheric,,,,,6.661338147750939e-16,1.0,64.69236203385447,64.69236069567512,0.6700276570218572,176.93447273306012,1182.8813093502217,0.0,237.7448495935582,920.5212630859406,24.615196670723094,249.1040834893896,0.0,0.0,0.0,0.0,0.0,-3.410605131648481e-13,583.8510148467673,"[0.07380638732683127, 0.15584516324463318, 0.21716387298254333, 0.2901451634329283, 0.3277153998252245, 0.3192341561450057, 0.3257158907134165, 0.3269797452333231]","[0.07380638732683127, 0.15584516324463318, 0.21716387298254333, 0.2901451634329283, 0.3277153998252245, 0.3192341561450057, 0.3257158907134165, 0.3269797452333231]",[],1.0,"{'input_timing_assumptions': [], 'bottom_boundary': 'free_drainage', 'substeps': 24, 'precipitation_timing': 'explicit_hourly', 'plant_water_stress_method': 'compensated_layer_depletion', 'root_zone_stress_factor': 0.9999999888779951, 'root_zone_depletion_fraction': 0.5431488450801907, 'readily_available_water_adjustment': 'none', 'potential_et_demand_mm': 4.035348923344161, 'surface_wetness': [0.0785050063403573]}",1.2380376809132172,2015-10-21,True,-5.446206387603294,50.0,[],[]
2016-03-17,wheat,25,BBCH25,0.1713451321575252,1.0,0.7952620905183312,274.8532651678423,0.30879459029084594,0.0,0.0,0.0,0.39797967457228445,1.1201448401407654,0.0,0.0,0.0,0.0,0.11276806187722471,0.0,0.0,579.6138171188168,1.1201448524607607,577.9829245422266,-1.6308925765902131,-6.150635556423367e-14,4.147111892700195,provided,explicit_hourly,1.1201448524607602,3.641628638539704,0.0,579.6138171188168,577.9829245422266,0.9999999890014267,0.9999999890014271,0.5431488450801907,4.761773491000464,0.9999999890014267,1.1201448524607602,atmospheric,,,,,0.0,1.0,80.27806021001342,80.27805856786851,0.7464989649192195,170.29745784288747,1263.1593679180905,0.0,265.1473337144026,971.5871798862128,26.42485431747508,262.9231324480551,0.0,0.0,0.0,0.0,0.0,2.984279490192421e-13,602.084483564161,"[0.07227352951152788, 0.15385658812340564, 0.2150576863306617, 0.2875323217239096, 0.32736170481065974, 0.3191397512150667, 0.32564546019038243, 0.3269096963113794]","[0.07227352951152788, 0.15385658812340564, 0.2150576863306617, 0.2875323217239096, 0.32736170481065974, 0.3191397512150667, 0.32564546019038243, 0.3269096963113794]",[],1.0,"{'input_timing_assumptions': [], 'bottom_boundary': 'free_drainage', 'substeps': 24, 'precipitation_timing': 'explicit_hourly', 'plant_water_stress_method': 'compensated_layer_depletion', 'root_zone_stress_factor': 0.9999999890014271, 'root_zone_depletion_fraction': 0.5431488450801907, 'readily_available_water_adjustment': 'none', 'potential_et_demand_mm': 4.761773491000464, 'surface_wetness': [0.07384193548951634]}",1.5181245147130498,2015-10-21,True,-5.569361267316874,50.0,[],[]
2016-03-18,wheat,25,BBCH25,0.17915622316692045,1.0,0.7993370992024191,287.3829696387094,0.32403285379060803,0.0,0.0,0.0,0.3011157995468212,1.0099980698919993,0.0,0.0,0.0,0.0,0.11241393026804658,0.0,0.0,577.9829245422266,1.0099980808528588,576.5593967425197,-1.4235277997069034,3.6415315207705135e-14,3.426330804824829,provided,explicit_hourly,1.0099980808528592,2.878172203387943,0.0,577.9829245422266,576.5593967425197,0.9999999891476432,0.9999999891476428,0.5431488450801907,3.888170284240802,0.9999999891476432,1.0099980808528592,atmospheric,,,,,4.440892098500626e-16,1.0,95.6597461053936,95.65974417461915,0.8373579473838473,164.40608516515195,1358.8191120927097,0.0,297.7381493160542,1032.4375868878544,28.643375888801017,279.3899816931063,0.0,0.0,0.0,0.0,0.0,1.4210854715202004e-14,622.2377385267037,"[0.0716285481571117, 0.15198717624444302, 0.21327178014263154, 0.2851306077754167, 0.32699099851017366, 0.3190449312401303, 0.325574646734066, 0.32683917151737624]","[0.0716285481571117, 0.15198717624444302, 0.21327178014263154, 0.2851306077754167, 0.32699099851017366, 0.3190449312401303, 0.325574646734066, 0.32683917151737624]",[],1.0,"{'input_timing_assumptions': [], 'bottom_boundary': 'free_drainage', 'substeps': 24, 'precipitation_timing': 'explicit_hourly', 'plant_water_stress_method': 'compensated_layer_depletion', 'root_zone_stress_factor': 0.9999999891476428, 'root_zone_depletion_fraction': 0.5431488450801907, 'readily_available_water_adjustment': 'none', 'potential_et_demand_mm': 3.888170284240802, 'surface_wetness': [0.0718798528207342]}",1.3111138694388205,2015-10-21,True,-5.722647048847213,50.0,[],[]
2016-03-19,wheat,25,BBCH25,0.18522902857329704,1.0,0.803407474701624,297.12430499883527,0.33587998357745086,0.0,0.0,0.0,0.3285855407992757,1.3189293217419942,0.0,0.0,0.0,0.0,0.1120584909393318,0.0,0.0,576.5593967425197,1.3189293359711018,574.799823389039,-1.7595733534806186,1.687538997430238e-14,4.087131977081299,provided,explicit_hourly,1.3189293359711014,3.257013837488569,0.0,576.5593967425197,574.799823389039,0.9999999892116225,0.9999999892116227,0.5431488450801907,4.57594317345967,0.9999999892116225,1.3189293359711014,atmospheric,,,,,0.0,1.0,83.85385781352261,83.85385613101344,0.9169887381882725,160.15693697256464,1442.6729682237233,0.0,326.32264108271727,1085.7781150092237,30.572212131782123,293.82456772968453,0.0,0.0,0.0,0.0,0.0,1.2789769243681803e-13,637.906074172186,"[0.07058597289688943, 0.15013546550858797, 0.2110706743865121, 0.2819614049982521, 0.32660016976411615, 0.3189496359384846, 0.32550344501781914, 0.3267681780979617]","[0.07058597289688943, 0.15013546550858797, 0.2110706743865121, 0.2819614049982521, 0.32660016976411615, 0.3189496359384846, 0.32550344501781914, 0.3267681780979617]",[],1.0,"{'input_timing_assumptions': [], 'bottom_boundary': 'free_drainage', 'substeps': 24, 'precipitation_timing': 'explicit_hourly', 'plant_water_stress_method': 'compensated_layer_depletion', 'root_zone_stress_factor': 0.9999999892116227, 'root_zone_depletion_fraction': 0.5431488450801907, 'readily_available_water_adjustment': 'none', 'potential_et_demand_mm': 4.57594317345967, 'surface_wetness': [0.0687082590452292]}",1.6475148625412699,2015-10-21,True,-5.787145184288831,50.0,[],[]
2016-03-20,wheat,25,BBCH25,0.19074466414672728,1.0,0.8074726033552074,305.9718889817843,0.346640158837923,0.0,0.0,0.0,0.25839409951891806,1.2038396366143786,0.0,0.0,0.0,0.0,0.11170179602168112,0.0,0.0,574.799823389039,1.2038396495353163,573.2258878568839,-1.573935532155133,1.5498713423767185e-13,3.479327440261841,provided,explicit_hourly,1.203839649535316,2.6475122645648046,0.0,574.799823389039,573.2258878568839,0.9999999892668947,0.9999999892668949,0.5431488450801907,3.8513519141001207,0.9999999892668947,1.203839649535316,atmospheric,,,,,0.0,1.0,83.05426254298366,83.05426088505602,0.9884881436300584,157.80744699926,1525.727229108779,0.0,352.0075233461125,1141.236504783108,32.483200979558376,308.83227250568063,0.0,0.0,0.0,0.0,0.0,-2.4158453015843406e-13,652.136865985789,"[0.0701099753996742, 0.1484571664107086, 0.20982366607721037, 0.2787335974526396, 0.3261560809191992, 0.31885372010129803, 0.32543184626823796, 0.32669672225299656]","[0.0701099753996742, 0.1484571664107086, 0.20982366607721037, 0.2787335974526396, 0.3261560809191992, 0.31885372010129803, 0.32543184626823796, 0.32669672225299656]",[],1.0,"{'input_timing_assumptions': [], 'bottom_boundary': 'free_drainage', 'substeps': 24, 'precipitation_timing': 'explicit_hourly', 'plant_water_stress_method': 'compensated_layer_depletion', 'root_zone_stress_factor': 0.9999999892668949, 'root_zone_depletion_fraction': 0.5431488450801907, 'readily_available_water_adjustment': 'none', 'potential_et_demand_mm': 3.8513519141001207, 'surface_wetness': [0.06726023820978189]}",1.4622337361332967,2015-10-21,True,-5.891402710311058,50.0,[],[]
2016-03-21,wheat,25,BBCH25,0.19651216703151014,1.0,0.8115318757373642,315.22349117081035,0.35789168933324667,0.0,0.0,0.0,0.2432121046379003,1.277736513561628,0.0,0.0,0.0,0.0,0.11134389120807639,0.0,0.0,573.2258878568839,1.2777365271490295,571.5935953474763,-1.6322925094076481,4.3298697960381105e-14,3.4909238815307617,provided,explicit_hourly,1.2777365271490295,2.5484317977103568,0.0,573.2258878568839,571.5935953474763,0.9999999893660382,0.9999999893660381,0.5431488450801907,3.8261683248593865,0.9999999893660382,1.2777365271490295,atmospheric,,,,,0.0,1.0,97.11650260699693,97.11650068626665,1.075916659138409,154.51080131546698,1622.8437297950459,0.0,383.435988413134,1204.7800414292924,34.62769995261931,326.0279149016612,0.0,0.0,0.0,0.0,0.0,1.7053025658242404e-13,667.0174961044781,"[0.06961361711515897, 0.14695197625804657, 0.2085116849676444, 0.2754827566702652, 0.32548771940981625, 0.3187565944785589, 0.32535982741052216, 0.32662480865212473]","[0.06961361711515897, 0.14695197625804657, 0.2085116849676444, 0.2754827566702652, 0.32548771940981625, 0.3187565944785589, 0.32535982741052216, 0.32662480865212473]",[],1.0,"{'input_timing_assumptions': [], 'bottom_boundary': 'free_drainage', 'substeps': 24, 'precipitation_timing': 'explicit_hourly', 'plant_water_stress_method': 'compensated_layer_depletion', 'root_zone_stress_factor': 0.9999999893660381, 'root_zone_depletion_fraction': 0.5431488450801907, 'readily_available_water_adjustment': 'none', 'potential_et_demand_mm': 3.8261683248593865, 'surface_wetness': [0.06575027830026586]}",1.5209486181995284,2015-10-21,True,-5.93900246003258,50.0,[],[]
2016-03-22,wheat,25,BBCH25,0.2026748143526648,1.0,0.8155846856943141,325.10894118021014,0.3699140871804749,0.0,0.0,0.0,0.22900164609731066,1.3777743288923192,0.0,0.0,0.0,0.0,0.11098481037683483,0.0,0.0,571.5935953474763,1.3777743433892586,569.8758345621096,-1.717760785366636,1.7119639039719914e-13,3.5382542610168457,provided,explicit_hourly,1.3777743433892584,2.4552698774688557,0.0,571.5935953474763,569.8758345621096,0.9999999894780016,0.999999989478002,0.5431488450801907,3.833044220858114,0.9999999894780016,1.3777743433892584,atmospheric,,,,,0.0,1.0,71.74557099150125,71.74556958748678,1.141562105786531,156.03231041338597,1694.5892993825323,0.0,407.0601409662027,1250.4183310529177,37.11082736341211,338.37818291242314,0.0,0.0,0.0,0.0,0.0,-3.410605131648481e-13,682.9176312530859,"[0.06912850694877433, 0.14556497110251018, 0.20712949291506366, 0.2721508764120628, 0.3245709381922723, 0.3186572769995796, 0.3252873258459541, 0.32655243845592485]","[0.06912850694877433, 0.14556497110251018, 0.20712949291506366, 0.2721508764120628, 0.3245709381922723, 0.3186572769995796, 0.3252873258459541, 0.32655243845592485]",[],1.0,"{'input_timing_assumptions': [], 'bottom_boundary': 'free_drainage', 'substeps': 24, 'precipitation_timing': 'explicit_hourly', 'plant_water_stress_method': 'compensated_layer_depletion', 'root_zone_stress_factor': 0.999999989478002, 'root_zone_depletion_fraction': 0.5431488450801907, 'readily_available_water_adjustment': 'none', 'potential_et_demand_mm': 3.833044220858114, 'surface_wetness': [0.06427453602741381]}",1.6067759749896298,2015-10-21,True,-5.988638288484104,50.0,[],[]
2016-03-23,wheat,25,BBCH25,0.20691230788621995,1.0,0.8196304293904146,331.9062684176977,0.37818079959813633,0.0,0.0,0.0,0.18225531606923565,1.206736714927984,0.0,0.0,0.0,0.0,0.11062456274382632,0.0,0.0,569.8758345621096,1.2067367275766592,568.3762179683687,-1.4996165937409387,-1.0724754417879012e-13,2.9709150791168213,provided,explicit_hourly,1.2067367275766587,1.9845632798332484,0.0,569.8758345621096,568.3762179683687,0.9999999895182811,0.9999999895182814,0.5431488450801907,3.1913000074099074,0.9999999895182811,1.2067367275766587,atmospheric,,,,,0.0,1.0,60.90618629408459,60.906185106752595,1.1790768257492736,158.3914459500175,1755.495484489285,0.0,420.57137599208977,1296.0077601116586,38.91634838553671,350.71522866887943,0.0,0.0,0.0,0.0,0.0,7.815970093361102e-14,693.8507118536247,"[0.06896468916130166, 0.14436142906234617, 0.20591373972485602, 0.2693623901419312, 0.3235800903980396, 0.3185552046830712, 0.32521424416852207, 0.32647960642455504]","[0.06896468916130166, 0.14436142906234617, 0.20591373972485602, 0.2693623901419312, 0.3235800903980396, 0.3185552046830712, 0.32521424416852207, 0.32647960642455504]",[],1.0,"{'input_timing_assumptions': [], 'bottom_boundary': 'free_drainage', 'substeps': 24, 'precipitation_timing': 'explicit_hourly', 'plant_water_stress_method': 'compensated_layer_depletion', 'root_zone_stress_factor': 0.9999999895182814, 'root_zone_depletion_fraction': 0.5431488450801907, 'readily_available_water_adjustment': 'none', 'potential_et_demand_mm': 3.1913000074099074, 'surface_wetness': [0.06377618977377786]}",1.3889920309972197,2015-10-21,True,-6.037149305122568,50.0,[],[]
2016-03-24,wheat,25,BBCH25,0.2112487078434083,1.0,0.8236685043642105,338.8622506058066,0.3866404635693425,0.0,0.0,0.0,0.20650910062007782,1.4534334624491232,0.0,0.0,0.0,0.0,0.11026312258843009,0.0,0.0,568.3762179683687,1.4534334776141549,566.606012282711,-1.7702056856576291,-1.9984014443252818e-15,3.498075008392334,provided,explicit_hourly,1.4534334776141544,2.2864105649871362,0.0,568.3762179683687,566.606012282711,0.9999999895660642,0.9999999895660643,0.5431488450801907,3.7398440426012907,0.9999999895660642,1.4534334776141544,atmospheric,,,,,0.0,1.0,95.96857461385841,95.96857275153347,1.2420326166426716,157.66466543595928,1851.4640572408184,0.0,443.24833761602605,1367.3998161040795,40.815903520712936,370.03477444101753,0.0,0.0,0.0,0.0,0.0,-4.263256414560601e-14,705.0389791330174,"[0.06845067321998498, 0.14321498362694243, 0.20451669581592907, 0.26607921655568667, 0.32233484303302695, 0.31844992186900856, 0.32514047800472945, 0.32640629990509706]","[0.06845067321998498, 0.14321498362694243, 0.20451669581592907, 0.26607921655568667, 0.32233484303302695, 0.31844992186900856, 0.32514047800472945, 0.32640629990509706]",[],1.0,"{'input_timing_assumptions': [], 'bottom_boundary': 'free_drainage', 'substeps': 24, 'precipitation_timing': 'explicit_hourly', 'plant_water_stress_method': 'compensated_layer_depletion', 'root_zone_stress_factor': 0.9999999895660643, 'root_zone_depletion_fraction': 0.5431488450801907, 'readily_available_water_adjustment': 'none', 'potential_et_demand_mm': 3.7398440426012907, 'surface_wetness': [0.062212513920158634]}",1.659942563069201,2015-10-21,True,-6.053531083869835,50.0,[],[]
2016-03-25,wheat,25,BBCH25,0.21534153296316058,1.0,0.8276983085953228,345.4275164745252,0.394624949674832,0.021758783375568174,0.0,0.0,0.17773786149972812,1.3579482092654749,0.011171658889064027,0.0,0.0,0.0,0.10990042806384497,0.0,0.0,566.606012282711,1.3579482233841056,564.9710129083685,-1.6349993743425557,1.176836406102666e-14,3.1790196895599365,provided,explicit_hourly,1.3691198822731696,2.003366160893238,0.0,566.606012282711,564.9710129083685,0.9999999896029683,0.999999989602858,0.5431488450801907,3.3724860431664077,0.9999999896029683,1.3691198822731696,atmospheric,,,,,0.008159737531906686,1.0,88.47640120915095,88.4763994982886,1.2958576644739552,158.04496023910517,1939.940456739107,0.0,462.64879806741317,1434.5951689472322,42.69648972446163,388.2186420560093,0.0,0.0,0.0,0.0,0.0,2.842170943040401e-14,715.5988033696387,"[0.06824547050630318, 0.14216187028210991, 0.20322780392584908, 0.26312531144144385, 0.32101890869154287, 0.3183410204561586, 0.3250659072222127, 0.32633249859630165]","[0.06824547050630318, 0.14216187028210991, 0.20322780392584908, 0.26312531144144385, 0.32101890869154287, 0.3183410204561586, 0.3250659072222127, 0.32633249859630165]",[],1.0,"{'input_timing_assumptions': [], 'bottom_boundary': 'free_drainage', 'substeps': 24, 'precipitation_timing': 'explicit_hourly', 'plant_water_stress_method': 'compensated_layer_depletion', 'root_zone_stress_factor': 0.999999989602858, 'root_zone_depletion_fraction': 0.5431488450801907, 'readily_available_water_adjustment': 'none', 'potential_et_demand_mm': 3.3724860431664077, 'surface_wetness': [0.06158827155199507]}",1.546857729654267,2015-10-21,True,-6.104932678001504,50.0,[],[]
2016-03-26,wheat,25,BBCH25,0.22029690402658986,1.0,0.8317192395830912,353.37638493522724,0.404292133159547,0.0,0.0,0.0,0.20555579807812807,1.7170717372562554,0.0,0.0,0.0,0.0,0.1095363802411133,0.0,0.0,564.9710129083685,1.717071754994809,562.938848992793,-2.0321639155754383,-5.861977570020827e-14,3.8740994930267334,provided,explicit_hourly,1.7170717549948091,2.366354747427551,0.0,564.9710129083685,562.938848992793,0.9999999896692998,0.9999999896692999,0.5431488450801907,4.08342650242236,0.9999999896692998,1.7170717549948091,atmospheric,,,,,1.1102230246251565e-16,1.0,113.9241346358412,113.92413244695213,1.3808605548385433,156.48118078167593,2053.8645891860588,0.0,493.3011369242184,1515.5029114639074,45.06054079793324,410.1132466186964,0.0,0.0,0.0,0.0,0.0,-4.121147867408581e-13,728.384066830937,"[0.06759823708807494, 0.1411010117139838, 0.20170229418188468, 0.25945303868552344, 0.3193089143970402, 0.3182279721723987, 0.3249904108658917, 0.32625817456365075]","[0.06759823708807494, 0.1411010117139838, 0.20170229418188468, 0.25945303868552344, 0.3193089143970402, 0.3182279721723987, 0.3249904108658917, 0.32625817456365075]",[],1.0,"{'input_timing_assumptions': [], 'bottom_boundary': 'free_drainage', 'substeps': 24, 'precipitation_timing': 'explicit_hourly', 'plant_water_stress_method': 'compensated_layer_depletion', 'root_zone_stress_factor': 0.9999999896692999, 'root_zone_depletion_fraction': 0.5431488450801907, 'readily_available_water_adjustment': 'none', 'potential_et_demand_mm': 4.08342650242236, 'surface_wetness': [0.05961933793264765]}",1.9226275353343834,2015-10-21,True,-6.1254529493696825,50.0,[],[]
2016-03-27,wheat,25,BBCH25,0.22722762549268258,1.0,0.8357306934378763,364.4938961299611,0.41781292811850307,0.0,0.0,0.0,0.24350636909090742,2.2781572920644324,0.0,0.0,0.0,0.0,0.10917084402052915,0.0,0.0,562.938848992793,2.3238377935726313,560.3080144876172,-2.6308345051758124,-5.639932965095795e-14,5.027244567871094,provided,explicit_hourly,2.3238377935726304,2.9229921510982226,0.0,562.938848992793,560.3080144876172,0.98034264627482,0.9999999897842149,0.5431488450801907,5.2468299446708535,0.98034264627482,2.3238377935726304,atmospheric,,,,,0.0,1.0,154.8278434357598,149.21525693120495,1.520924792904856,152.97778363097376,2203.0798461172635,0.0,543.8528730993687,1610.4206764387318,48.8062965791633,435.7991311268389,0.0,0.0,0.0,0.0,0.0,-1.9895196601282805e-13,746.2658962210348,"[0.06661291422245076, 0.1399049396690979, 0.19980543884081642, 0.2552405592431027, 0.31628115256178785, 0.31810821269894685, 0.3249138118712444, 0.32618329135576746]","[0.06661291422245076, 0.1399049396690979, 0.19980543884081642, 0.2552405592431027, 0.31628115256178785, 0.31810821269894685, 0.3249138118712444, 0.32618329135576746]",[],1.0,"{'input_timing_assumptions': [], 'bottom_boundary': 'free_drainage', 'substeps': 24, 'precipitation_timing': 'explicit_hourly', 'plant_water_stress_method': 'compensated_layer_depletion', 'root_zone_stress_factor': 0.9999999897842149, 'root_zone_depletion_fraction': 0.5431488450801907, 'readily_available_water_adjustment': 'none', 'potential_et_demand_mm': 5.2468299446708535, 'surface_wetness': [0.05662191032554124]}",2.52166366115534,2015-10-21,True,-6.190176291192507,50.0,[],[]
2016-03-28,wheat,25,BBCH25,0.23587677402425083,1.0,0.8397320639859491,378.36792152472793,0.434686115771046,0.0,0.0,0.0,0.2377277212750878,2.3862599321305247,0.0,0.0,0.0,0.0,0.1088036305829736,0.0,0.0,560.3080144876172,2.749470719824326,557.5752232036285,-2.7327912839887176,1.3145040611561853e-13,5.592557907104492,provided,explicit_hourly,2.749470719824325,2.9979696529261997,0.0,560.3080144876172,557.5752232036285,0.8678979248351449,0.999999989779407,0.5431488450801907,5.747440372750525,0.8678979248351449,2.749470719824325,atmospheric,,,,,0.0,1.0,156.96730325264377,120.60630902980554,1.624086775445392,156.81394941610623,2323.6861551470697,0.0,581.1644359752227,1687.1399176906505,55.38180148119619,456.56027706060354,0.0,0.0,0.0,0.0,0.0,6.536993168992922e-13,768.5814082738244,"[0.06574361578305937, 0.13859680936613147, 0.1977311250814438, 0.2511994159648068, 0.3127665107636253, 0.3179795790723666, 0.3248358075081463, 0.3261077969310211]","[0.06574361578305937, 0.13859680936613147, 0.1977311250814438, 0.2511994159648068, 0.3127665107636253, 0.3179795790723666, 0.3248358075081463, 0.3261077969310211]",[],1.0,"{'input_timing_assumptions': [], 'bottom_boundary': 'free_drainage', 'substeps': 24, 'precipitation_timing': 'explicit_hourly', 'plant_water_stress_method': 'compensated_layer_depletion', 'root_zone_stress_factor': 0.999999989779407, 'root_zone_depletion_fraction': 0.5431488450801907, 'readily_available_water_adjustment': 'none', 'potential_et_demand_mm': 5.747440372750525, 'surface_wetness': [0.053977437907461664]}",2.6239876534056124,2015-10-21,True,-6.2887085777549245,50.0,[],[]
2016-03-29,wheat,25,BBCH25,0.24451004261240544,1.0,0.8437227418889061,392.2164740376979,0.45152832404288434,0.0,0.0,0.0,0.1947411764459296,2.4193517680971173,0.0,0.0,0.0,0.0,0.10843446332261554,0.0,0.0,557.5752232036285,2.582694981085637,554.8526957957628,-2.722527407865755,9.237055564881302e-14,5.046353340148926,provided,explicit_hourly,2.5826949810856363,2.5480552729207764,0.0,557.5752232036285,554.8526957957628,0.936754741003191,0.9999999894996595,0.5431488450801907,5.130750254006413,0.936754741003191,2.5826949810856363,atmospheric,,,,,0.0,1.0,188.20747408359006,166.67300089088653,1.7751087600046307,156.85308769892418,2490.359156037956,0.0,635.8129573738802,1793.1627805772769,61.38341808679871,485.25133412511434,0.0,0.0,0.0,0.0,0.0,-3.126388037344441e-13,790.8559487711653,"[0.06528202190186103, 0.1373321131426015, 0.19588635115592484, 0.247310805575792, 0.30881424945119607, 0.3178418526457455, 0.32475608361142366, 0.3260316190812509]","[0.06528202190186103, 0.1373321131426015, 0.19588635115592484, 0.247310805575792, 0.30881424945119607, 0.3178418526457455, 0.32475608361142366, 0.3260316190812509]",[],1.0,"{'input_timing_assumptions': [], 'bottom_boundary': 'free_drainage', 'substeps': 24, 'precipitation_timing': 'explicit_hourly', 'plant_water_stress_method': 'compensated_layer_depletion', 'root_zone_stress_factor': 0.9999999894996595, 'root_zone_depletion_fraction': 0.5431488450801907, 'readily_available_water_adjustment': 'none', 'potential_et_demand_mm': 5.130750254006413, 'surface_wetness': [0.05257323397487672]}",2.6140929445430467,2015-10-21,True,-6.375638421694063,50.0,[],[]
2016-03-30,wheat,25,BBCH25,0.2532151392802462,1.0,0.847702113778569,406.1802453607028,0.46851065809275083,0.0,0.0,0.0,0.17162374577293343,2.475451407764402,0.0,0.0,0.0,0.0,0.10806297756584995,0.0,0.0,554.8526957957628,2.6775133399424433,552.0975576646596,-2.7551381311031946,9.325873406851315e-15,4.965529441833496,provided,explicit_hourly,2.677513339942442,2.2969720007438874,0.0,554.8526957957628,552.0975576646596,0.9245337346545638,0.9999999892557685,0.5431488450801907,4.974485340686329,0.9245337346545638,2.677513339942442,atmospheric,,,,,0.0,1.0,192.3999198206015,166.2747437559822,1.9233915184932897,158.2577905148494,2656.633899793938,0.0,689.5398044681904,1898.9323069224006,68.16178840334697,513.8738352860126,0.0,0.0,0.0,0.0,0.0,-2.5579538487363607e-13,813.3158116007698,"[0.06496277911443009, 0.136153262522723, 0.19409094488055026, 0.24356035157468967, 0.30446791593462014, 0.31769497807318114, 0.324674355420709, 0.3259546683912432]","[0.06496277911443009, 0.136153262522723, 0.19409094488055026, 0.24356035157468967, 0.30446791593462014, 0.31769497807318114, 0.324674355420709, 0.3259546683912432]",[],1.0,"{'input_timing_assumptions': [], 'bottom_boundary': 'free_drainage', 'substeps': 24, 'precipitation_timing': 'explicit_hourly', 'plant_water_stress_method': 'compensated_layer_depletion', 'root_zone_stress_factor': 0.9999999892557685, 'root_zone_depletion_fraction': 0.5431488450801907, 'readily_available_water_adjustment': 'none', 'potential_et_demand_mm': 4.974485340686329, 'surface_wetness': [0.051602072969890896]}",2.6470751535373354,2015-10-21,True,-6.421797809813898,50.0,[],[]
2016-03-31,wheat,25,BBCH25,0.2630626517987222,1.0,0.8516695614083594,421.9765562065575,0.4877216736081571,0.0,0.0,0.0,0.19018322973221105,2.6011936351262457,0.0,0.0,0.0,0.0,0.10768873942625411,0.0,0.0,552.0975576646596,3.472016840653287,549.1984920603749,-2.899065604284715,3.9968028886505635e-15,6.157047271728516,provided,explicit_hourly,3.472016840653286,2.6134341721156766,0.0,552.0975576646596,549.1984920603749,0.7491880813103461,0.9999999890723569,0.5431488450801907,6.085451012768963,0.7491880813103461,3.472016840653286,atmospheric,,,,,0.0,1.0,200.168120978888,116.99102379131836,2.0099222224429107,166.46929209479828,2773.624923585256,0.0,721.0090368545613,1973.351818229533,79.26406850116217,534.0126467413226,0.0,0.0,0.0,0.0,0.0,-1.7053025658242404e-13,838.7232009517539,"[0.06439949310899504, 0.1349819093079754, 0.19197143842806086, 0.23993673540319307, 0.29970657869304074, 0.317538776554658, 0.32459036435442123, 0.32587684188861116]","[0.06439949310899504, 0.1349819093079754, 0.19197143842806086, 0.23993673540319307, 0.29970657869304074, 0.317538776554658, 0.32459036435442123, 0.32587684188861116]",[],1.0,"{'input_timing_assumptions': [], 'bottom_boundary': 'free_drainage', 'substeps': 24, 'precipitation_timing': 'explicit_hourly', 'plant_water_stress_method': 'compensated_layer_depletion', 'root_zone_stress_factor': 0.9999999890723569, 'root_zone_depletion_fraction': 0.5431488450801907, 'readily_available_water_adjustment': 'none', 'potential_et_demand_mm': 6.085451012768963, 'surface_wetness': [0.049888513808429485]}",2.791376864858457,2015-10-21,True,-6.453722088556992,50.0,[],[]
2016-04-01,wheat,31,BBCH31,0.2738185845180239,1.0,0.8556244608221601,439.23005614904696,0.5087048802774033,0.1305527083591877,0.0,0.0,0.16207880159442783,2.5701219364863768,0.08986108928566476,0.0,0.0,0.0,0.1073112626635731,0.0,0.0,549.1984920603749,3.1362450812097795,546.3996716787041,-2.7988203816707937,-6.128431095930864e-14,5.587630271911621,provided,explicit_hourly,3.2261061704954437,2.255643445321623,0.0,549.1984920603749,546.3996716787041,0.8194901450415266,0.9999999889474908,0.5431488450801907,5.481749615817067,0.8194901450415266,3.2261061704954437,atmospheric,,,,,0.027854349651444954,1.0,178.3071780602628,123.13259091870788,2.0923177417153926,176.55663663048713,2896.7575145039646,0.0,751.1114019738845,2055.411922646044,90.23418988403574,556.2190942417212,0.0,0.0,0.0,0.0,0.0,6.252776074688882e-13,866.4743888704854,"[0.0644151233397611, 0.1339457994704879, 0.1901746840567578, 0.23650621319165008, 0.29466014731954726, 0.31737291338096835, 0.3245038637781286, 0.32579802565906313]","[0.0644151233397611, 0.1339457994704879, 0.1901746840567578, 0.23650621319165008, 0.29466014731954726, 0.31737291338096835, 0.3245038637781286, 0.32579802565906313]",[],1.0,"{'input_timing_assumptions': [], 'bottom_boundary': 'free_drainage', 'substeps': 24, 'precipitation_timing': 'explicit_hourly', 'plant_water_stress_method': 'compensated_layer_depletion', 'root_zone_stress_factor': 0.9999999889474908, 'root_zone_depletion_fraction': 0.5431488450801907, 'readily_available_water_adjustment': 'none', 'potential_et_demand_mm': 5.481749615817067, 'surface_wetness': [0.049936062167285376]}",2.8220618273664693,2015-10-21,True,-6.510050689100497,50.0,[],[]
2016-04-02,wheat,31,BBCH31,0.28145084591592356,1.0,0.8595661815417182,451.4729015652718,0.5235942741073264,0.0,0.0,0.0,0.12760812976558164,2.5963548703138035,0.0,0.0,0.0,0.0,0.10693001965751629,0.0,0.0,546.3996716787041,2.7439869854574868,543.5687786589671,-2.8308930197370046,1.0302869668521453e-13,4.654246807098389,provided,explicit_hourly,2.743986985457488,1.7911729646870347,0.0,546.3996716787041,543.5687786589671,0.9461979535886649,0.9999999887570605,0.5431488450801907,4.535159950144523,0.9461979535886649,2.743986985457488,atmospheric,,,,,4.440892098500626e-16,1.0,116.46668129577355,105.08283880921553,2.16959728513775,182.3584621114182,3001.8403533131795,0.0,779.4478848339761,2125.4430058932126,96.94946258599083,575.1703444818002,0.0,0.0,0.0,0.0,0.0,-5.400124791776761e-13,886.1662487793808,"[0.06425944839360671, 0.13303873204340566, 0.18866999518212335, 0.23311324316629198, 0.28930907655888716, 0.31719661529418725, 0.32441460768096453, 0.32571809638764615]","[0.06425944839360671, 0.13303873204340566, 0.18866999518212335, 0.23311324316629198, 0.28930907655888716, 0.31719661529418725, 0.32441460768096453, 0.32571809638764615]",[],1.0,"{'input_timing_assumptions': [], 'bottom_boundary': 'free_drainage', 'substeps': 24, 'precipitation_timing': 'explicit_hourly', 'plant_water_stress_method': 'compensated_layer_depletion', 'root_zone_stress_factor': 0.9999999887570605, 'root_zone_depletion_fraction': 0.5431488450801907, 'readily_available_water_adjustment': 'none', 'potential_et_demand_mm': 4.535159950144523, 'surface_wetness': [0.049462487060467644]}",2.7239630000793853,2015-10-21,True,-6.508487666023892,50.0,[],[]
2016-04-03,wheat,31,BBCH31,0.288954157393909,1.0,0.8634940857736781,463.50889951471856,0.5382321060420466,0.22484076830235333,0.0,0.0,0.10379570929023788,2.178666285961203,0.160959509438193,0.0,0.0,0.0,0.10654442339661033,0.0,0.0,543.5687786589671,2.178666310782454,541.2436534991834,-2.3251251597836244,-2.6645352591003757e-13,3.8652377128601074,provided,explicit_hourly,2.3210419440012844,1.4223232796463579,0.0,543.5687786589671,541.2436534991834,0.9999999886071349,0.9999999886138222,0.5431488450801907,3.7433652236476425,0.9999999886071349,2.3210419440012844,atmospheric,,,,,0.061341258216724204,1.0,202.4736466386138,202.4736423483923,2.3375790704687693,180.83480142333931,3204.313995661572,0.0,841.1836239398224,2260.378916107833,102.75145561391622,611.6856185897938,0.0,0.0,0.0,0.0,0.0,2.842170943040401e-14,905.5254073268013,"[0.06479295597624918, 0.13234021644255836, 0.18750064928270374, 0.230045801109619, 0.28514682101965755, 0.316969772831072, 0.3243213936358495, 0.32563689937014995]","[0.06479295597624918, 0.13234021644255836, 0.18750064928270374, 0.230045801109619, 0.28514682101965755, 0.316969772831072, 0.3243213936358495, 0.32563689937014995]",[],1.0,"{'input_timing_assumptions': [], 'bottom_boundary': 'free_drainage', 'substeps': 24, 'precipitation_timing': 'explicit_hourly', 'plant_water_stress_method': 'compensated_layer_depletion', 'root_zone_stress_factor': 0.9999999886138222, 'root_zone_depletion_fraction': 0.5431488450801907, 'readily_available_water_adjustment': 'none', 'potential_et_demand_mm': 3.7433652236476425, 'surface_wetness': [0.05108545797954816]}",2.443421504689634,2015-10-21,True,-6.524055160639329,50.0,[],[]
2016-04-04,wheat,32,BBCH32,0.2964945934358227,1.0,0.867407527637381,475.6044486605437,0.5529423624161661,0.0,0.0,0.0,0.10018243199586042,2.565143454073008,0.0,0.0,0.0,0.0,0.10615343866545378,0.0,0.0,541.2436534991834,2.565143483610865,538.4721741744492,-2.771479324734287,-3.552713678800501e-14,4.1199469566345215,provided,explicit_hourly,2.565143483610866,1.3753102143757103,0.0,541.2436534991834,538.4721741744492,0.9999999884849105,0.99999998848491,0.5431488450801907,3.9404536979865763,0.9999999884849105,2.565143483610866,atmospheric,,,,,3.3306690738754696e-16,1.0,185.44389494185538,185.44389097032294,2.48552331929156,181.8214141692754,3389.7578866318945,0.0,895.8395109552505,2384.9028021422464,109.01557353439767,645.3832741976075,0.0,0.0,0.0,0.0,0.0,-3.126388037344441e-13,924.9803502917017,"[0.06464766022940081, 0.13170294993633033, 0.1862144530857653, 0.22687946907987808, 0.2800967370743085, 0.3165383443055981, 0.324218442323116, 0.3255540675120424]","[0.06464766022940081, 0.13170294993633033, 0.1862144530857653, 0.22687946907987808, 0.2800967370743085, 0.3165383443055981, 0.324218442323116, 0.3255540675120424]",[],1.0,"{'input_timing_assumptions': [], 'bottom_boundary': 'free_drainage', 'substeps': 24, 'precipitation_timing': 'explicit_hourly', 'plant_water_stress_method': 'compensated_layer_depletion', 'root_zone_stress_factor': 0.99999998848491, 'root_zone_depletion_fraction': 0.5431488450801907, 'readily_available_water_adjustment': 'none', 'potential_et_demand_mm': 3.9404536979865763, 'surface_wetness': [0.05064345719179362]}",2.6653258860688687,2015-10-21,True,-6.470704402375083,50.0,[],[]
2016-04-05,wheat,32,BBCH32,0.30570487288474285,1.0,0.8713058524146017,490.3785793742,0.5709102320748702,0.0,0.0,0.0,0.10268804770523872,2.717768943740808,0.0,0.0,0.0,0.0,0.10575404547345431,0.0,0.0,538.4721741744492,2.9780154026646137,535.5459631375295,-2.9262110369196535,1.5232259897857148e-13,4.650290489196777,provided,explicit_hourly,2.978015402664614,1.4246996955941926,0.0,538.4721741744492,535.5459631375295,0.912610774715622,0.9999999884171245,0.5431488450801907,4.402715098258807,0.912610774715622,2.978015402664614,atmospheric,,,,,1.1102230246251565e-16,1.0,224.88715165372457,189.71503254803272,2.6258917532572457,186.04223148395656,3579.4729191799274,0.0,948.1176963612369,2512.2947208968353,119.06050192185495,679.857053824308,0.0,0.0,0.0,0.0,0.0,1.9895196601282805e-13,948.743626098768,"[0.06444361322250924, 0.13108690514959354, 0.18482574412219704, 0.22382593290811836, 0.27521945414715404, 0.3157324199749344, 0.3240920469926403, 0.3254685451279722]","[0.06444361322250924, 0.13108690514959354, 0.18482574412219704, 0.22382593290811836, 0.27521945414715404, 0.3157324199749344, 0.3240920469926403, 0.3254685451279722]",[],1.0,"{'input_timing_assumptions': [], 'bottom_boundary': 'free_drainage', 'substeps': 24, 'precipitation_timing': 'explicit_hourly', 'plant_water_stress_method': 'compensated_layer_depletion', 'root_zone_stress_factor': 0.9999999884171245, 'root_zone_depletion_fraction': 0.5431488450801907, 'readily_available_water_adjustment': 'none', 'potential_et_demand_mm': 4.402715098258807, 'surface_wetness': [0.050022730572182726]}",2.8204569914460467,2015-10-21,True,-6.48523397705992,50.0,[],[]
2016-04-06,wheat,32,BBCH32,0.31531599839509916,1.0,0.8751883958224564,505.79570383636906,0.5896600920982568,0.0,0.0,0.0,0.07833462472549131,2.5403363031028747,0.0,0.0,0.0,0.0,0.10533917227755758,0.0,0.0,535.5459631375295,2.5403363326250745,532.8219530374236,-2.724010100105943,1.9095836023552692e-14,3.8730106353759766,provided,explicit_hourly,2.5403363326250745,1.0937911906397912,0.0,535.5459631375295,532.8219530374236,0.9999999883786256,0.9999999883786256,0.5431488450801907,3.6341275232648655,0.9999999883786256,2.5403363326250745,atmospheric,,,,,0.0,1.0,172.01546721204093,172.01546349409347,2.752883462407602,192.43746495772146,3751.4883826740206,0.0,995.715799949929,2627.801540022644,127.97104270144752,711.1145830840346,0.0,0.0,0.0,0.0,0.0,-2.8421709430404007e-13,973.5411175956958,"[0.06444106070650067, 0.1305162165663748, 0.1836862250028405, 0.22088525752212665, 0.2707873237566778, 0.31493348021524686, 0.3239357721560358, 0.3253784206883594]","[0.06444106070650067, 0.1305162165663748, 0.1836862250028405, 0.22088525752212665, 0.2707873237566778, 0.31493348021524686, 0.3239357721560358, 0.3253784206883594]",[],1.0,"{'input_timing_assumptions': [], 'bottom_boundary': 'free_drainage', 'substeps': 24, 'precipitation_timing': 'explicit_hourly', 'plant_water_stress_method': 'compensated_layer_depletion', 'root_zone_stress_factor': 0.9999999883786256, 'root_zone_depletion_fraction': 0.5431488450801907, 'readily_available_water_adjustment': 'none', 'potential_et_demand_mm': 3.6341275232648655, 'surface_wetness': [0.05001496562302889]}",2.618670927828366,2015-10-21,True,-6.505638677749077,50.0,[],[]
2016-04-07,wheat,33,BBCH33,0.3254563285989641,1.0,0.8790544833107562,522.061721034045,0.6094423508679,0.0,0.0,0.0,0.0808718648060565,2.8595961480410823,0.0,0.0,0.0,0.0,0.1048997239347335,0.0,0.0,532.8219530374236,2.8861433288446436,529.7765853006416,-3.045367736781941,6.88338275267597e-14,4.314791679382324,provided,explicit_hourly,2.8861433288446445,1.13202891784564,0.0,532.8219530374236,529.7765853006416,0.9908018494652556,0.9999999883727312,0.5431488450801907,4.018172246690284,0.9908018494652556,2.8861433288446445,atmospheric,,,,,3.3306690738754696e-16,1.0,257.4573027426863,253.07035551830919,2.9434590222785313,195.29191484769044,4004.5587381923297,0.0,1067.5186145863486,2799.014995943502,138.02512766247906,757.4469957381837,0.0,0.0,0.0,0.0,0.0,-1.4210854715202004e-13,999.7040005728695,"[0.06436642039651932, 0.12998636016278117, 0.18247798891517078, 0.21805558437570877, 0.26638299335381765, 0.31352414363626796, 0.3237377005228584, 0.3252816037520231]","[0.06436642039651932, 0.12998636016278117, 0.18247798891517078, 0.21805558437570877, 0.26638299335381765, 0.31352414363626796, 0.3237377005228584, 0.3252816037520231]",[],1.0,"{'input_timing_assumptions': [], 'bottom_boundary': 'free_drainage', 'substeps': 24, 'precipitation_timing': 'explicit_hourly', 'plant_water_stress_method': 'compensated_layer_depletion', 'root_zone_stress_factor': 0.9999999883727312, 'root_zone_depletion_fraction': 0.5431488450801907, 'readily_available_water_adjustment': 'none', 'potential_et_demand_mm': 4.018172246690284, 'surface_wetness': [0.049787904084576375]}",2.940468012847139,2015-10-21,True,-6.505893929349934,50.0,[],[]
2016-04-08,wheat,33,BBCH33,0.33544965542795085,1.0,0.8829034293851366,538.091931371805,0.6289378281675726,0.0072529277918560574,0.0,0.0,0.09028074699733062,2.9833934068724512,0.005937451251895613,0.0,0.0,0.0,0.10442357086274967,0.0,0.0,529.7765853006416,3.716930303674526,526.599803052449,-3.1767822481925805,9.325873406851315e-15,5.4215779304504395,provided,explicit_hourly,3.7228677549264226,1.273559275323408,0.0,529.7765853006416,526.599803052449,0.8026498113034548,0.9999999883671055,0.5431488450801907,4.996427030249831,0.8026498113034548,3.7228677549264226,atmospheric,,,,,0.0015948595659998066,1.0,270.58459031683054,179.77769338567114,3.0547652422891525,202.6739277442142,4184.336431578001,0.0,1110.1137608694946,2920.6426757995655,153.5799949089406,790.360903251754,0.0,0.0,0.0,0.0,0.0,8.526512829121202e-14,1025.4876027951896,"[0.06418328444028773, 0.12947708150945575, 0.18104655455510033, 0.21533429414728308, 0.2621914517193193, 0.3118299022862561, 0.3234790412970635, 0.32517475172829385]","[0.06418328444028773, 0.12947708150945575, 0.18104655455510033, 0.21533429414728308, 0.2621914517193193, 0.3118299022862561, 0.3234790412970635, 0.32517475172829385]",[],1.0,"{'input_timing_assumptions': [], 'bottom_boundary': 'free_drainage', 'substeps': 24, 'precipitation_timing': 'explicit_hourly', 'plant_water_stress_method': 'compensated_layer_depletion', 'root_zone_stress_factor': 0.9999999883671055, 'root_zone_depletion_fraction': 0.5431488450801907, 'readily_available_water_adjustment': 'none', 'potential_et_demand_mm': 4.996427030249831, 'surface_wetness': [0.04923079048231091]}",3.0796116051216775,2015-10-21,True,-6.513357960348069,50.0,[],[]
2016-04-09,wheat,34,BBCH34,0.34616600318882096,1.0,0.886734536957351,555.2819334200767,0.6498438105378723,0.0,0.0,0.0,0.08765853447784192,3.0801878518733,0.0,0.0,0.0,0.0,0.1038939933222551,0.0,0.0,526.599803052449,3.954897716393165,523.3280626727757,-3.2717403796733606,-3.6415315207705135e-14,5.680795192718506,provided,explicit_hourly,3.9548977163931682,1.2510238167193053,0.0,526.599803052449,523.3280626727757,0.7788287012090939,0.9999999883038978,0.5431488450801907,5.205921533112473,0.7788287012090939,3.9548977163931682,atmospheric,,,,,7.771561172376096e-16,1.0,271.2767599232178,170.4161459110229,3.149418931701205,211.98063481277958,4354.752577489024,0.0,1146.8239444079084,3036.7981293767352,171.13050370438015,821.7939607659657,0.0,0.0,0.0,0.0,0.0,-1.1368683772161603e-13,1053.1366582769806,"[0.06399725343112551, 0.1289714586895371, 0.17962751435188495, 0.21271876665701647, 0.2581956638677019, 0.3098518081172674, 0.32315134255269534, 0.32505396080408455]","[0.06399725343112551, 0.1289714586895371, 0.17962751435188495, 0.21271876665701647, 0.2581956638677019, 0.3098518081172674, 0.32315134255269534, 0.32505396080408455]",[],1.0,"{'input_timing_assumptions': [], 'bottom_boundary': 'free_drainage', 'substeps': 24, 'precipitation_timing': 'explicit_hourly', 'plant_water_stress_method': 'compensated_layer_depletion', 'root_zone_stress_factor': 0.9999999883038978, 'root_zone_depletion_fraction': 0.5431488450801907, 'readily_available_water_adjustment': 'none', 'potential_et_demand_mm': 5.205921533112473, 'surface_wetness': [0.0486648699073454]}",3.1678463863511417,2015-10-21,True,-6.531671555971228,50.0,[],[]
2016-04-10,wheat,34,BBCH34,0.35327935631647556,1.0,0.8905470967241687,566.6924025055382,0.6637208923943863,0.0,75.0,0.0,0.9334449597135356,3.452264045751578,0.0,0.0,0.0,0.0,0.10328267566353058,75.0,0.0,523.3280626727757,3.5619019623781223,593.8390709916472,70.51100831887152,-1.5631940186722204e-13,5.060912132263184,provided,explicit_hourly,3.5619019623781214,1.0549766545391743,0.0,523.3280626727757,593.8390709916472,0.9692192772893323,0.9999999921197503,0.5431488450801907,4.616878616917296,0.9692192772893323,3.5619019623781214,atmospheric,,,,,0.0,1.0,242.78184349957087,229.06736637263057,3.316768727915139,211.82729349368645,4583.819943861655,0.0,1211.0332967149661,3192.9301889213325,179.85645822535577,864.0451668552015,0.0,0.0,0.0,0.0,0.0,5.400124791776761e-13,1071.4896923214937,"[0.4686430967175651, 0.3965670945451097, 0.2193138772278471, 0.21081327847432157, 0.25438229697826376, 0.30803302342497685, 0.32275499206016944, 0.32491500531853523]","[0.4686430967175651, 0.3965670945451097, 0.2193138772278471, 0.21081327847432157, 0.25438229697826376, 0.30803302342497685, 0.32275499206016944, 0.32491500531853523]",[],1.0,"{'input_timing_assumptions': ['source_1_jointing: uniform_24h_duration_assumption'], 'bottom_boundary': 'free_drainage', 'substeps': 24, 'precipitation_timing': 'explicit_hourly', 'plant_water_stress_method': 'compensated_layer_depletion', 'root_zone_stress_factor': 0.9999999921197503, 'root_zone_depletion_fraction': 0.5431488450801907, 'readily_available_water_adjustment': 'none', 'potential_et_demand_mm': 4.616878616917296, 'surface_wetness': [1.2796285104388059]}",4.385709005465114,2015-10-21,True,-6.55027465688745,50.0,[],[]
2016-04-11,wheat,34,BBCH34,0.36015613355636666,1.0,0.894340386576377,577.7233822270882,0.6771364502831094,0.0,0.0,0.0,0.6846758879796893,2.5924866385206338,0.0,0.0,0.0,0.0,0.10260504689370703,0.0,0.0,593.8390709916472,2.5924866491343646,590.4593034182531,-3.3797675733941333,1.0302869668521453e-13,3.619302272796631,provided,explicit_hourly,2.5924866491343637,0.6846758879796889,0.0,593.8390709916472,590.4593034182531,0.9999999959059651,0.9999999959059653,0.5431488450801907,3.2771625371140525,0.9999999959059651,2.5924866491343637,atmospheric,,,,,0.0,1.0,204.832558114621,204.83255655496515,3.465264599798238,213.14172461063896,4788.65250041662,0.0,1268.271875698466,3332.5438293239013,187.83679539425253,901.8262908006808,0.0,0.0,0.0,0.0,0.0,-2.8421709430404007e-13,1089.2323411869902,"[0.3846731273792336, 0.36639295694572055, 0.28297995932449177, 0.21012513525104715, 0.2520320455191076, 0.30700187906914084, 0.3223289199935601, 0.3247562854852513]","[0.3846731273792336, 0.36639295694572055, 0.28297995932449177, 0.21012513525104715, 0.2520320455191076, 0.30700187906914084, 0.3223289199935601, 0.3247562854852513]",[],1.0,"{'input_timing_assumptions': [], 'bottom_boundary': 'free_drainage', 'substeps': 24, 'precipitation_timing': 'explicit_hourly', 'plant_water_stress_method': 'compensated_layer_depletion', 'root_zone_stress_factor': 0.9999999959059653, 'root_zone_depletion_fraction': 0.5431488450801907, 'readily_available_water_adjustment': 'none', 'potential_et_demand_mm': 3.2771625371140525, 'surface_wetness': [1.0241854338152345]}",3.277162526500323,2015-10-21,True,33.914309671756506,50.0,[],[]
2016-04-12,wheat,34,BBCH34,0.3688296304850421,1.0,0.8981136710394445,591.6364646779981,0.6940571379955633,1.827620175793558,0.0,0.0,0.5452866890618996,1.2550030082275825,1.2098956380686376,0.0,0.0,0.0,0.10183405140313796,0.0,0.0,590.4593034182531,1.2550030132740033,589.1749042072854,-1.2843992109676492,-5.062616992290714e-14,3.1417343616485596,provided,explicit_hourly,2.2821720807618178,0.5452866890618997,0.0,590.4593034182531,589.1749042072854,0.9999999959789572,0.9999999959723697,0.5431488450801907,2.8274587698237177,0.9999999959789572,2.2821720807618178,atmospheric,,,,,0.45008396875354484,1.0,187.3991875879687,187.39918618649594,3.591631116129478,218.76487592421205,4976.051686603116,0.0,1317.4520207289868,3460.274904071068,198.32476180306122,936.3918501027445,0.0,0.0,0.0,0.0,0.0,1.4210854715202004e-13,1111.6106740997902,"[0.3694037073036348, 0.3565216655486853, 0.29355610401943805, 0.21126840281464912, 0.2510965398957229, 0.3064424972316922, 0.3219094263460287, 0.3245785514562479]","[0.3694037073036348, 0.3565216655486853, 0.29355610401943805, 0.21126840281464912, 0.2510965398957229, 0.3064424972316922, 0.3219094263460287, 0.3245785514562479]",[],1.0,"{'input_timing_assumptions': [], 'bottom_boundary': 'free_drainage', 'substeps': 24, 'precipitation_timing': 'explicit_hourly', 'plant_water_stress_method': 'compensated_layer_depletion', 'root_zone_stress_factor': 0.9999999959723697, 'root_zone_depletion_fraction': 0.5431488450801907, 'readily_available_water_adjustment': 'none', 'potential_et_demand_mm': 2.8274587698237177, 'surface_wetness': [0.977734688708339]}",3.01018533535812,2015-10-21,True,25.517312737923355,50.0,[],[]
2016-04-13,wheat,37,BBCH37,0.37936421694805544,1.0,0.9018662007474549,608.5349049785386,0.714608531416961,0.009669947877121879,0.0,0.0,0.8498635884350464,3.8607857700841524,0.008465673905800306,0.0,0.0,0.0,0.10098581790184655,0.0,0.0,589.1749042072854,3.860785785593541,584.3644733048358,-4.810430902449639,-8.43769498715119e-14,5.268953323364258,provided,explicit_hourly,3.8692514594993397,0.8498635884350463,0.0,589.1749042072854,584.3644733048358,0.9999999959828415,0.9999999959830059,0.5431488450801907,4.719115047934386,0.9999999959828415,3.8692514594993397,atmospheric,,,,,0.0021879358305894048,1.0,291.84732642620537,291.8473242457212,3.784170077950417,223.16524221980978,5267.899010848837,0.0,1392.7857075871448,3663.622689313944,211.49061394774805,991.4201973054041,0.0,0.0,0.0,0.0,0.0,0.0,1138.7907705368557,"[0.35122239108901104, 0.344625653358571, 0.29413014399200654, 0.21151913520021146, 0.24782354948971672, 0.30466583107922723, 0.3214689145778112, 0.32438361196918725]","[0.35122239108901104, 0.344625653358571, 0.29413014399200654, 0.21151913520021146, 0.24782354948971672, 0.30466583107922723, 0.3214689145778112, 0.32438361196918725]",[],1.0,"{'input_timing_assumptions': [], 'bottom_boundary': 'free_drainage', 'substeps': 24, 'precipitation_timing': 'explicit_hourly', 'plant_water_stress_method': 'compensated_layer_depletion', 'root_zone_stress_factor': 0.9999999959830059, 'root_zone_depletion_fraction': 0.5431488450801907, 'readily_available_water_adjustment': 'none', 'potential_et_demand_mm': 4.719115047934386, 'surface_wetness': [0.92242573257169]}",4.719115032424999,2015-10-21,True,23.99037073036348,50.0,[],[]
2016-04-14,wheat,37,BBCH37,0.3897344069573005,1.0,0.9055972119519836,625.1696383296534,0.7348392120879971,0.0,0.0,0.0,0.9286658362172275,4.798608073654597,0.0,0.0,0.0,0.0,0.10006431461757812,0.0,0.0,584.3644733048358,4.798608093471053,578.5371350803463,-5.827338224489495,9.237055564881302e-14,6.437739372253418,provided,explicit_hourly,4.798608093471053,0.9286658362172276,0.0,584.3644733048358,578.5371350803463,0.9999999958703741,0.999999995870374,0.5431488450801907,5.72727392968828,0.9999999958703741,4.798608093471053,atmospheric,,,,,0.0,1.0,297.4633395730136,297.46333728834924,3.978418289374038,227.49004340700043,5565.362348137186,0.0,1469.3418594362884,3870.88349249202,225.13699620887752,1047.507454047163,0.0,0.0,0.0,0.0,0.0,-1.7053025658242404e-13,1165.5467106500803,"[0.33495050905509577, 0.3326902503218278, 0.2905370287565164, 0.21117455831514792, 0.24461589797988842, 0.30217363882272735, 0.3209589304445292, 0.324169762920092]","[0.33495050905509577, 0.3326902503218278, 0.2905370287565164, 0.21117455831514792, 0.24461589797988842, 0.30217363882272735, 0.3209589304445292, 0.324169762920092]",[],1.0,"{'input_timing_assumptions': [], 'bottom_boundary': 'free_drainage', 'substeps': 24, 'precipitation_timing': 'explicit_hourly', 'plant_water_stress_method': 'compensated_layer_depletion', 'root_zone_stress_factor': 0.999999995870374, 'root_zone_depletion_fraction': 0.5431488450801907, 'readily_available_water_adjustment': 'none', 'potential_et_demand_mm': 5.72727392968828, 'surface_wetness': [0.8729254214253133]}",5.727273909871824,2015-10-21,True,22.172239108901103,50.0,[],[]
2016-04-15,wheat,39,BBCH39,0.40064976942338903,1.0,0.9093059260676354,642.6788781692585,0.7561334422094494,0.0,0.0,0.0,0.7205830701401464,4.223093624347002,0.0,0.0,0.0,0.0,0.09905916762539745,0.0,0.0,578.5371350803463,4.223093642237477,573.4943992182335,-5.04273586211275,2.0339285811132868e-13,5.590971946716309,provided,explicit_hourly,4.223093642237478,0.7205830701401463,0.0,578.5371350803463,573.4943992182335,0.9999999957636566,0.9999999957636563,0.5431488450801907,4.943676712377624,0.9999999957636566,4.223093642237478,atmospheric,,,,,2.220446049250313e-16,1.0,284.4116193683606,284.41161712749016,4.140675141264468,234.64223671884022,5849.773965264676,0.0,1533.9990714262353,4075.549971935118,240.22492190332315,1102.8926557010145,0.0,0.0,0.0,0.0,0.0,-1.7053025658242404e-13,1193.7092403815936,"[0.32294394513696495, 0.32276897640239693, 0.28651015108645156, 0.21083930024095895, 0.24200281250822506, 0.29985689955823697, 0.3203709049914583, 0.32393356732363593]","[0.32294394513696495, 0.32276897640239693, 0.28651015108645156, 0.21083930024095895, 0.24200281250822506, 0.29985689955823697, 0.3203709049914583, 0.32393356732363593]",[],1.0,"{'input_timing_assumptions': [], 'bottom_boundary': 'free_drainage', 'substeps': 24, 'precipitation_timing': 'explicit_hourly', 'plant_water_stress_method': 'compensated_layer_depletion', 'root_zone_stress_factor': 0.9999999957636563, 'root_zone_depletion_fraction': 0.5431488450801907, 'readily_available_water_adjustment': 'none', 'potential_et_demand_mm': 4.943676712377624, 'surface_wetness': [0.8364005345986028]}",4.943676694487149,2015-10-21,True,20.545050905509576,50.0,[],[]
2016-04-16,wheat,39,BBCH39,0.40953832888911007,1.0,0.9129915492560188,656.9369406016709,0.7734736845787991,5.550549984204876,0.0,0.0,0.4195048292305831,0.903523152060495,2.173950148836625,0.0,0.0,0.0,0.09795947427473214,0.0,0.0,573.4943992182335,0.9035231558573438,575.4500115980361,1.9556123798025737,-1.3278267374516872e-13,3.576112985610962,provided,explicit_hourly,2.72799739124615,0.4195048292305829,0.0,573.4943992182335,575.4500115980361,0.9999999957977295,0.999999995785813,0.5431488450801907,3.1475022204767327,0.9999999957977295,2.72799739124615,atmospheric,,,,,0.6687961803934812,1.0,121.83918216888948,121.8391812166433,4.192680190481763,245.09461808364514,5971.61314648132,0.0,1555.3734538025992,4163.227108789419,253.01258388930165,1126.6191394824384,0.0,0.0,0.0,0.0,0.0,4.405364961712621e-13,1216.6424522654306,"[0.34390496164686984, 0.3246673943027997, 0.28584396404778645, 0.21189766496266677, 0.24168621003227453, 0.2994170284151263, 0.3197754554747434, 0.3236736663400907]","[0.34390496164686984, 0.3246673943027997, 0.28584396404778645, 0.21189766496266677, 0.24168621003227453, 0.2994170284151263, 0.3197754554747434, 0.3236736663400907]",[],1.0,"{'input_timing_assumptions': [], 'bottom_boundary': 'free_drainage', 'substeps': 24, 'precipitation_timing': 'explicit_hourly', 'plant_water_stress_method': 'compensated_layer_depletion', 'root_zone_stress_factor': 0.999999995785813, 'root_zone_depletion_fraction': 0.5431488450801907, 'readily_available_water_adjustment': 'none', 'potential_et_demand_mm': 3.1475022204767327, 'surface_wetness': [0.900165551885603]}",3.4969781301277028,2015-10-21,True,19.344394513696493,50.0,[],[]
2016-04-17,wheat,43,BBCH43,0.41832218706914914,1.0,0.9166532720499786,671.0270525946714,0.7906096704904956,0.0,0.0,0.0,0.5780629799836176,3.8856618420803573,0.0,0.0,0.0,0.0,0.0967757643005179,0.0,0.0,575.4500115980361,3.885661858395186,570.8895110116716,-4.560500586364469,-2.3092638912203256e-14,5.078658580780029,provided,explicit_hourly,3.885661858395184,0.5780629799836174,0.0,575.4500115980361,570.8895110116716,0.9999999958012742,0.9999999958012746,0.5431488450801907,4.463724838378802,0.9999999958012742,3.885661858395184,atmospheric,,,,,0.0,1.0,269.89379997634614,269.8937978687438,4.317801972991836,250.8427189175035,6241.506944350063,0.0,1605.9495632979906,4369.782029014786,265.77535203728695,1182.515375839295,0.0,0.0,0.0,0.0,0.0,-1.7053025658242404e-13,1239.3055262514101,"[0.329241723373435, 0.32053851110606213, 0.2826706553978292, 0.2114081183250938, 0.23947548508805416, 0.29711080812049884, 0.31916302919406536, 0.32339293573238365]","[0.329241723373435, 0.32053851110606213, 0.2826706553978292, 0.2114081183250938, 0.23947548508805416, 0.29711080812049884, 0.31916302919406536, 0.32339293573238365]",[],1.0,"{'input_timing_assumptions': [], 'bottom_boundary': 'free_drainage', 'substeps': 24, 'precipitation_timing': 'explicit_hourly', 'plant_water_stress_method': 'compensated_layer_depletion', 'root_zone_stress_factor': 0.9999999958012746, 'root_zone_depletion_fraction': 0.5431488450801907, 'readily_available_water_adjustment': 'none', 'potential_et_demand_mm': 4.463724838378802, 'surface_wetness': [0.8555588582385104]}",4.463724822063975,2015-10-21,True,21.440496164686984,50.0,[],[]
2016-04-18,wheat,45,BBCH45,0.42681429571350793,1.0,0.9202902690199531,684.6491716456885,0.8071764969473498,0.3771279618042487,0.0,0.0,0.4993429938250805,3.3162867240871274,0.3463050159845926,0.0,0.0,0.0,0.09551408298653755,0.0,0.0,570.8895110116716,3.316286738238112,567.0091901565924,-3.880320855079276,1.865174681370263e-13,4.717260360717773,provided,explicit_hourly,3.633499430478341,0.4993429938250808,0.0,570.8895110116716,567.0091901565924,0.9999999957328828,0.9999999957372934,0.5431488450801907,4.132842424303422,0.9999999957328828,3.633499430478341,atmospheric,,,,,0.087302254564677,1.0,320.80560180453233,320.80559925855357,4.453904908364758,255.49188612221607,6562.312543608617,0.0,1661.213482384208,4622.632039469472,278.4670217549365,1250.9396183206086,0.0,0.0,0.0,0.0,0.0,-3.410605131648481e-13,1261.2158625249886,"[0.3193251018695687, 0.3148016356223624, 0.2799440924214551, 0.2110571457181196, 0.23770586824904308, 0.2951079437166875, 0.31849907863282545, 0.3230905102136662]","[0.3193251018695687, 0.3148016356223624, 0.2799440924214551, 0.2110571457181196, 0.23770586824904308, 0.2951079437166875, 0.31849907863282545, 0.3230905102136662]",[],1.0,"{'input_timing_assumptions': [], 'bottom_boundary': 'free_drainage', 'substeps': 24, 'precipitation_timing': 'explicit_hourly', 'plant_water_stress_method': 'compensated_layer_depletion', 'root_zone_stress_factor': 0.9999999957372934, 'root_zone_depletion_fraction': 0.5431488450801907, 'readily_available_water_adjustment': 'none', 'potential_et_demand_mm': 4.132842424303422, 'surface_wetness': [0.8253917362707437]}",4.161934733896801,2015-10-21,True,19.974172337343497,50.0,[],[]
2016-04-19,wheat,45,BBCH45,0.4364319250706744,1.0,0.9239016984843627,700.0767288730574,0.8259390449974585,0.019339895754243757,0.0,0.0,0.3923220590934409,3.0922334027797547,0.017879211120549843,0.0,0.0,0.0,0.09417404310931014,0.0,0.0,567.0091901565924,3.092233416100244,563.4319213362435,-3.577268820348877,6.483702463810914e-14,4.01066780090332,provided,explicit_hourly,3.1101126272207944,0.3923220590934408,0.0,567.0091901565924,563.4319213362435,0.9999999956922757,0.9999999956925084,0.5431488450801907,3.5024346863142353,0.9999999956922757,3.1101126272207944,atmospheric,,,,,0.005748734294721558,1.0,178.1937909521814,178.19378952454133,4.508187267185735,266.5165201807375,6740.5063331331585,0.0,1684.1571197482824,4763.079405875716,293.2698075091601,1288.9463585123985,0.0,0.0,0.0,0.0,0.0,5.684341886080801e-13,1286.0301344797097,"[0.3115309551005939, 0.30909881198829847, 0.2772562532161816, 0.21069916768534352, 0.23613791522172917, 0.29319790806201107, 0.31779095390676154, 0.322765632076984]","[0.3115309551005939, 0.30909881198829847, 0.2772562532161816, 0.21069916768534352, 0.23613791522172917, 0.29319790806201107, 0.31779095390676154, 0.322765632076984]",[],1.0,"{'input_timing_assumptions': [], 'bottom_boundary': 'free_drainage', 'substeps': 24, 'precipitation_timing': 'explicit_hourly', 'plant_water_stress_method': 'compensated_layer_depletion', 'root_zone_stress_factor': 0.9999999956925084, 'root_zone_depletion_fraction': 0.5431488450801907, 'readily_available_water_adjustment': 'none', 'potential_et_demand_mm': 3.5024346863142353, 'surface_wetness': [0.8016813449723903]}",3.5024346729937452,2015-10-21,True,18.982510186956866,50.0,[],[]
2016-04-20,wheat,47,BBCH47,0.4468556609233189,1.0,0.9274867022659693,716.7973546549006,0.8462741855538111,0.0,0.0,0.0,0.4125148419838186,3.3833308402629756,0.0,0.0,0.0,0.0,0.09275731339079388,0.0,0.0,563.4319213362435,3.3833308549478742,559.5433183406059,-3.888602995637598,9.769962616701378e-15,4.351978778839111,provided,explicit_hourly,3.3833308549478733,0.4125148419838189,0.0,563.4319213362435,559.5433183406059,0.9999999956596327,0.9999999956596329,0.5431488450801907,3.7958456969316923,0.9999999956596327,3.3833308549478733,atmospheric,,,,,0.0,1.0,291.4600628648392,291.4600605120458,4.601029632669433,276.12146907275206,7031.966393645204,0.0,1723.0393848064518,4999.460762977993,309.46624586075933,1352.9139860689208,0.0,0.0,0.0,0.0,0.0,5.684341886080802e-14,1312.924227257257,"[0.3038152335849829, 0.3033256681473944, 0.27418436577474203, 0.21012303025256845, 0.23446784991008368, 0.2910214195592597, 0.3170418964668415, 0.32241815624520725]","[0.3038152335849829, 0.3033256681473944, 0.27418436577474203, 0.21012303025256845, 0.23446784991008368, 0.2910214195592597, 0.3170418964668415, 0.32241815624520725]",[],1.0,"{'input_timing_assumptions': [], 'bottom_boundary': 'free_drainage', 'substeps': 24, 'precipitation_timing': 'explicit_hourly', 'plant_water_stress_method': 'compensated_layer_depletion', 'root_zone_stress_factor': 0.9999999956596329, 'root_zone_depletion_fraction': 0.5431488450801907, 'readily_available_water_adjustment': 'none', 'potential_et_demand_mm': 3.7958456969316923, 'surface_wetness': [0.778209529300086]}",3.795845682246794,2015-10-21,True,18.20309551005939,50.0,[],[]
2016-04-21,wheat,49,BBCH49,0.45907125519944464,1.0,0.9310444054961776,736.3922852518905,0.8701049723365913,0.0,0.0,0.0,0.6160980006291756,5.354697840303345,0.0,0.0,0.0,0.0,0.09126634754392737,0.0,0.0,559.5433183406059,5.3546978639714435,553.4812561521295,-6.062062188476375,-7.283063041541027e-14,6.8593525886535645,provided,explicit_hourly,5.354697863971442,0.6160980006291753,0.0,559.5433183406059,553.4812561521295,0.9999999955799376,0.9999999955799379,0.5431488450801907,5.970795864600617,0.9999999955799376,5.354697863971442,atmospheric,,,,,0.0,1.0,324.7291606622554,324.72915799276757,4.681750476931103,288.7678633145485,7356.695551637972,0.0,1757.6551242547544,5270.245158137713,328.7952692455049,1426.1914879414585,0.0,0.0,0.0,0.0,0.0,2.2737367544323206e-13,1344.4414616192205,"[0.2927859058559198, 0.2958712662186352, 0.26925532787984174, 0.2086393392932163, 0.23182313417068248, 0.28730009811584895, 0.3162019811680177, 0.32204701725446977]","[0.2927859058559198, 0.2958712662186352, 0.26925532787984174, 0.2086393392932163, 0.23182313417068248, 0.28730009811584895, 0.3162019811680177, 0.32204701725446977]",[],1.0,"{'input_timing_assumptions': [], 'bottom_boundary': 'free_drainage', 'substeps': 24, 'precipitation_timing': 'explicit_hourly', 'plant_water_stress_method': 'compensated_layer_depletion', 'root_zone_stress_factor': 0.9999999955799379, 'root_zone_depletion_fraction': 0.5431488450801907, 'readily_available_water_adjustment': 'none', 'potential_et_demand_mm': 5.970795864600617, 'surface_wetness': [0.7446574697911699]}",5.970795840932521,2015-10-21,True,17.43152335849829,50.0,[],[]
2016-04-22,wheat,49,BBCH49,0.47120834135061934,1.0,0.9345739164692689,755.8612816352071,0.8937826015779425,0.0,0.0,0.0,0.5247108002243227,4.795299296898087,0.0,0.0,0.0,0.0,0.08969480669503914,0.0,0.0,553.4812561521295,4.795299318653069,548.0715512483122,-5.409704903817328,-1.2079226507921703e-13,6.121899127960205,provided,explicit_hourly,4.795299318653068,0.5247108002243226,0.0,553.4812561521295,548.0715512483122,0.9999999954632692,0.9999999954632697,0.5431488450801907,5.320010118877391,0.9999999954632692,4.795299318653068,atmospheric,,,,,0.0,1.0,331.71705750500234,331.7170547060915,4.7638710980935635,300.88420035606345,7688.4126063440635,0.0,1793.242978956023,5546.856604359469,348.31302302857154,1501.0458596511885,0.0,0.0,0.0,0.0,0.0,-1.1368683772161603e-13,1375.7561385846736,"[0.28364071945198843, 0.2891653332296836, 0.2648919123260568, 0.20734224928859124, 0.22959708915163787, 0.28390975421903286, 0.31524145425558914, 0.32164827890794745]","[0.28364071945198843, 0.2891653332296836, 0.2648919123260568, 0.20734224928859124, 0.22959708915163787, 0.28390975421903286, 0.31524145425558914, 0.32164827890794745]",[],1.0,"{'input_timing_assumptions': [], 'bottom_boundary': 'free_drainage', 'substeps': 24, 'precipitation_timing': 'explicit_hourly', 'plant_water_stress_method': 'compensated_layer_depletion', 'root_zone_stress_factor': 0.9999999954632697, 'root_zone_depletion_fraction': 0.5431488450801907, 'readily_available_water_adjustment': 'none', 'potential_et_demand_mm': 5.320010118877391, 'surface_wetness': [0.7168371124690923]}",5.3200100971224105,2015-10-21,True,16.328590585591975,50.0,[],[]
2016-04-23,wheat,51,BBCH51,0.4813640176942104,1.0,0.9380743265485677,772.1519154447374,0.9135947983575986,0.0,0.0,0.0,0.38612082341076903,3.7140718992714405,0.0,0.0,0.0,0.0,0.08803322263428214,0.0,0.0,548.0715512483122,3.7140719164341958,543.8833253029957,-4.188225945316503,1.1546319456101628e-14,4.725976467132568,provided,explicit_hourly,3.7140719164341984,0.38622462478988295,0.0,548.0715512483122,543.8833253029957,0.9999999953789922,0.9999999953789915,0.5431488450801907,4.100296541224082,0.9999999953789922,3.7140719164341984,atmospheric,,,,,6.661338147750939e-16,1.0,223.66284472737982,223.66284280513455,4.79719338800325,313.1113354255807,7912.075449149199,0.0,1808.6717207510376,5738.475379328486,364.9283490696749,1552.9001961365807,0.0,0.0,0.0,0.0,0.0,8.242295734817162e-13,1401.9586158600346,"[0.27703663319860294, 0.28375064222689084, 0.26153895825782997, 0.20643193940574397, 0.22798371961103014, 0.2813280531725077, 0.3142077848530849, 0.32121955613046865]","[0.27703663319860294, 0.28375064222689084, 0.26153895825782997, 0.20643193940574397, 0.22798371961103014, 0.2813280531725077, 0.3142077848530849, 0.32121955613046865]",[],1.0,"{'input_timing_assumptions': [], 'bottom_boundary': 'free_drainage', 'substeps': 24, 'precipitation_timing': 'explicit_hourly', 'plant_water_stress_method': 'compensated_layer_depletion', 'root_zone_stress_factor': 0.9999999953789915, 'root_zone_depletion_fraction': 0.5431488450801907, 'readily_available_water_adjustment': 'none', 'potential_et_demand_mm': 4.100296541224082, 'surface_wetness': [0.696746976386571]}",4.10019272268221,2015-10-21,True,15.41407194519884,50.0,[],[]
2016-04-24,wheat,51,BBCH51,0.49242404401789214,1.0,0.9415447101265481,789.8932093445344,0.9351712459027433,0.0,0.0,0.0,0.4637267454833519,4.652038268714673,0.0,0.0,0.0,0.0,0.08628362383460816,0.0,0.0,543.8833253029957,4.652038290513529,538.681276664963,-5.202048638032693,6.039613253960852e-14,5.911871910095215,provided,explicit_hourly,4.652038290513528,0.4738925079917405,0.0,543.8833253029957,538.681276664963,0.999999995314128,0.9999999953141281,0.5431488450801907,5.1259307985052684,0.999999995314128,4.652038290513528,atmospheric,,,,,0.0,1.0,320.597961374702,320.5979585806825,4.8592024221955095,324.4245892901992,8232.673407729882,0.0,1836.4275034497168,6013.141422692341,383.10448158782407,1627.2281185231188,0.0,0.0,0.0,0.0,0.0,1.0800249583553523e-12,1430.494390200071,"[0.26894668140060257, 0.2777950580293143, 0.2574081367531934, 0.20515186952745254, 0.22600357255447492, 0.27789897670333763, 0.313106710130466, 0.3207610449756188]","[0.26894668140060257, 0.2777950580293143, 0.2574081367531934, 0.20515186952745254, 0.22600357255447492, 0.27789897670333763, 0.313106710130466, 0.3207610449756188]",[],1.0,"{'input_timing_assumptions': [], 'bottom_boundary': 'free_drainage', 'substeps': 24, 'precipitation_timing': 'explicit_hourly', 'plant_water_stress_method': 'compensated_layer_depletion', 'root_zone_stress_factor': 0.9999999953141281, 'root_zone_depletion_fraction': 0.5431488450801907, 'readily_available_water_adjustment': 'none', 'potential_et_demand_mm': 5.1259307985052684, 'surface_wetness': [0.6721367235390181]}",5.115765014198025,2015-10-21,True,14.753663319860292,50.0,[],[]
2016-04-25,wheat,55,BBCH55,0.5047447312517882,1.0,0.9449841246408848,809.6567186587928,0.9592070532364999,0.0,0.0,0.0,0.47075994921165887,5.0931988807722215,0.0,0.0,0.0,0.0,0.08444571562189343,0.0,0.0,538.681276664963,5.09319890504225,533.0328721193573,-5.648404545605672,-1.021405182655144e-13,6.457454681396484,provided,explicit_hourly,5.09319890504225,0.4993403814767042,0.0,538.681276664963,533.0328721193573,0.9999999952348162,0.9999999952348161,0.5431488450801907,5.592539286518955,0.9999999952348162,5.09319890504225,atmospheric,,,,,0.0,1.0,329.11536299049385,329.1153600736978,4.881447358332561,339.932699907082,8561.788767803579,0.0,1848.064822207507,6310.147002922862,403.57694267321,1707.6013872584126,0.0,0.0,0.0,0.0,0.0,-1.6484591469634324e-12,1462.28277300598,"[0.26054738617173895, 0.271720073693214, 0.2529847394986868, 0.2037188934727955, 0.22392185784560728, 0.27410248787459335, 0.3117032978941036, 0.320266966334221]","[0.26054738617173895, 0.271720073693214, 0.2529847394986868, 0.2037188934727955, 0.22392185784560728, 0.27410248787459335, 0.3117032978941036, 0.320266966334221]",[],1.0,"{'input_timing_assumptions': [], 'bottom_boundary': 'free_drainage', 'substeps': 24, 'precipitation_timing': 'explicit_hourly', 'plant_water_stress_method': 'compensated_layer_depletion', 'root_zone_stress_factor': 0.9999999952348161, 'root_zone_depletion_fraction': 0.5431488450801907, 'readily_available_water_adjustment': 'none', 'potential_et_demand_mm': 5.592539286518955, 'surface_wetness': [0.646585424287189]}",5.56395882998388,2015-10-21,True,13.944668140060257,50.0,[],[]
2016-04-26,wheat,55,BBCH55,0.5160916970428369,1.0,0.9483916106484257,827.8582897110147,0.9813432765168087,0.009669947877121879,0.0,0.0,0.31234423474641365,3.5302487363837516,0.009100003523728797,0.0,0.0,0.0,0.08249247660583688,0.0,0.0,533.0328721193573,3.530248753416604,529.1083566159748,-3.9245155033825085,-1.0036416142611415e-13,4.483743190765381,provided,explicit_hourly,3.5393487569403335,0.3422730911956179,0.0,533.0328721193573,529.1083566159748,0.9999999951751694,0.999999995175203,0.5431488450801907,3.8816218481359512,0.9999999951751694,3.5393487569403335,atmospheric,,,,,0.00257109546096157,1.0,257.74508163807377,257.74507932520646,4.890872872024463,354.7641742983061,8819.533847128785,0.0,1854.2969252769954,6542.745465721447,422.49145613034335,1770.5453182896645,0.0,0.0,0.0,0.0,0.0,0.0,1491.5588746879596,"[0.25514056204723995, 0.2672268368208998, 0.24996861111351815, 0.20282660799756366, 0.22257612290502143, 0.27175059037491567, 0.31001323176282664, 0.3197272642989947]","[0.25514056204723995, 0.2672268368208998, 0.24996861111351815, 0.20282660799756366, 0.22257612290502143, 0.27175059037491567, 0.31001323176282664, 0.3197272642989947]",[],1.0,"{'input_timing_assumptions': [], 'bottom_boundary': 'free_drainage', 'substeps': 24, 'precipitation_timing': 'explicit_hourly', 'plant_water_stress_method': 'compensated_layer_depletion', 'root_zone_stress_factor': 0.999999995175203, 'root_zone_depletion_fraction': 0.5431488450801907, 'readily_available_water_adjustment': 'none', 'potential_et_demand_mm': 3.8816218481359512, 'surface_wetness': [0.6301374512796046]}",3.8516929746538944,2015-10-21,True,13.104738617173892,50.0,[],[]
2016-04-27,wheat,61,BBCH61,0.5260324448142625,1.0,0.9517661919590444,843.804158430964,1.0008467369832574,0.08702953629760149,0.0,0.0,0.2175768792476754,2.452552366999473,0.08192800222556676,0.0,0.0,0.0,0.080410489983727,0.0,0.0,529.1083566159748,2.452552378961901,526.362918413816,-2.745438202158766,-7.416289804496046e-14,3.2096526622772217,provided,explicit_hourly,2.5344803811874677,0.2436777432349894,0.0,529.1083566159748,526.362918413816,0.9999999951224577,0.9999999951214467,0.5431488450801907,2.778158124422457,0.9999999951224577,2.5344803811874677,atmospheric,,,,,0.03232536453376744,1.0,184.9231524606456,184.9231507831145,4.863283576224982,370.26739266043285,9004.456997911899,0.0,1844.6077322186538,6720.690277069317,439.15898862392925,1818.6993163775555,0.0,0.0,10426.959963424635,0.0,0.0,-8.242295734817162e-13,1517.206818632653,"[0.2516202422465205, 0.26384582904340725, 0.2479164614855571, 0.2022858549017713, 0.22170478239766248, 0.2703328199260419, 0.30836466432274695, 0.31914224317344275]","[0.2516202422465205, 0.26384582904340725, 0.2479164614855571, 0.2022858549017713, 0.22170478239766248, 0.2703328199260419, 0.30836466432274695, 0.31914224317344275]",[],1.0,"{'input_timing_assumptions': [], 'bottom_boundary': 'free_drainage', 'substeps': 24, 'precipitation_timing': 'explicit_hourly', 'plant_water_stress_method': 'compensated_layer_depletion', 'root_zone_stress_factor': 0.9999999951214467, 'root_zone_depletion_fraction': 0.5431488450801907, 'readily_available_water_adjustment': 'none', 'potential_et_demand_mm': 2.778158124422457, 'surface_wetness': [0.619428368881689]}",2.752057248472715,2015-10-21,True,12.564056204723995,50.0,[],[]
2016-04-28,wheat,61,BBCH61,0.5379109784708701,1.0,0.9551068758312828,862.8584129628243,1.0275000461530268,0.0,0.0,0.0,0.3253763943660103,3.81115642937276,0.0,0.0,0.0,0.0,0.07821815656847247,0.0,0.0,526.362918413816,3.8111564482060913,522.1481674335087,-4.214750980307372,1.2878587085651816e-13,4.8312811851501465,provided,explicit_hourly,3.811156448206092,0.3727087864410296,0.0,526.362918413816,522.1481674335087,0.9999999950583683,0.9999999950583682,0.5431488450801907,4.183865234647121,0.9999999950583683,3.811156448206092,atmospheric,,,,,1.1102230246251565e-16,1.0,299.4047641833861,299.4047614316465,4.831737322258632,387.18567467440937,9303.861759343545,0.0,1833.8863351771631,7008.796571840891,461.1788523254914,1896.6643318362985,0.0,0.0,10426.959963424635,0.0,0.0,-5.115907697472721e-13,1547.8544089724423,"[0.2458651671075452, 0.2595286136878766, 0.2448780802051621, 0.20131474262337964, 0.22033776678731198, 0.2678252537775664, 0.306167157542664, 0.31850844625340924]","[0.2458651671075452, 0.2595286136878766, 0.2448780802051621, 0.20131474262337964, 0.22033776678731198, 0.2678252537775664, 0.306167157542664, 0.31850844625340924]",[],1.0,"{'input_timing_assumptions': [], 'bottom_boundary': 'free_drainage', 'substeps': 24, 'precipitation_timing': 'explicit_hourly', 'plant_water_stress_method': 'compensated_layer_depletion', 'root_zone_stress_factor': 0.9999999950583682, 'root_zone_depletion_fraction': 0.5431488450801907, 'readily_available_water_adjustment': 'none', 'potential_et_demand_mm': 4.183865234647121, 'surface_wetness': [0.6019209896211775]}",4.13653282373877,2015-10-21,True,12.212024224652053,50.0,[],[]
2016-04-29,wheat,61,BBCH61,0.5509338179988922,1.0,0.9584126532316387,883.7482387837472,1.0567209734360492,0.0,0.0,0.0,0.44304307453527714,5.2690684952504405,0.0,0.0,0.0,0.0,0.07588107879067467,0.0,0.0,522.1481674335087,5.26906852205066,516.3601747849322,-5.787992648576505,1.127986593019159e-13,6.68725061416626,provided,explicit_hourly,5.269068522050662,0.5254133786048794,0.0,522.1481674335087,516.3601747849322,0.9999999949136703,0.99999999491367,0.5431488450801907,5.7944819006555415,0.9999999949136703,5.269068522050662,atmospheric,,,,,3.3306690738754696e-16,1.0,330.90781631223797,330.9078131819104,4.787872722986932,405.5783962777789,9634.769572525456,0.0,1818.6047237170922,7327.217105672548,488.947743135816,1982.832743610326,0.0,0.0,10426.959963424635,0.0,0.0,1.0800249583553523e-12,1581.4544022421182,"[0.23786548783518263, 0.2541936334332702, 0.24090513394761084, 0.19992256899868727, 0.21849172507980727, 0.26418622831699173, 0.3030992479352271, 0.3178051767941169]","[0.23786548783518263, 0.2541936334332702, 0.24090513394761084, 0.19992256899868727, 0.21849172507980727, 0.26418622831699173, 0.3030992479352271, 0.3178051767941169]",[],1.0,"{'input_timing_assumptions': [], 'bottom_boundary': 'free_drainage', 'substeps': 24, 'precipitation_timing': 'explicit_hourly', 'plant_water_stress_method': 'compensated_layer_depletion', 'root_zone_stress_factor': 0.99999999491367, 'root_zone_depletion_fraction': 0.5431488450801907, 'readily_available_water_adjustment': 'none', 'potential_et_demand_mm': 5.7944819006555415, 'surface_wetness': [0.5775853527091216]}",5.712111569785717,2015-10-21,True,11.636516710754519,50.0,[],[]
2016-04-30,wheat,61,BBCH61,0.5616206337875871,1.0,0.9616824991592852,900.8908688473176,1.0807002804356138,0.0,0.0,0.0,0.4103201493278083,4.942949491849899,0.0,0.0,0.0,0.0,0.07335514925950688,0.0,0.0,516.3601747849322,4.942949518327915,510.933549994495,-5.426624790437131,-8.348877145181177e-14,6.283812999725342,provided,explicit_hourly,4.942949518327916,0.5064375149620852,0.0,516.3601747849322,510.933549994495,0.999999994643276,0.9999999946432756,0.5431488450801907,5.449387033290002,0.999999994643276,4.942949518327916,atmospheric,,,,,2.220446049250313e-16,1.0,323.5963601646122,323.5963569407152,4.72073715975055,427.8362169597213,9958.365929466172,0.0,1794.4330550322788,7638.602091515713,525.3307829181792,2067.097251798635,0.0,0.0,10426.959963424635,0.0,0.0,6.252776074688882e-13,1609.027262815403,"[0.23070863697204178, 0.2492396174779121, 0.23733943116934703, 0.19866042821653443, 0.21683735558060344, 0.2608112454188688, 0.2999068782250597, 0.31702479325781224]","[0.23070863697204178, 0.2492396174779121, 0.23733943116934703, 0.19866042821653443, 0.21683735558060344, 0.2608112454188688, 0.2999068782250597, 0.31702479325781224]",[],1.0,"{'input_timing_assumptions': [], 'bottom_boundary': 'free_drainage', 'substeps': 24, 'precipitation_timing': 'explicit_hourly', 'plant_water_stress_method': 'compensated_layer_depletion', 'root_zone_stress_factor': 0.9999999946432756, 'root_zone_depletion_fraction': 0.5431488450801907, 'readily_available_water_adjustment': 'none', 'potential_et_demand_mm': 5.449387033290002, 'surface_wetness': [0.5558136643564593]}",5.353269641177707,2015-10-21,True,10.836548783518262,50.0,[],[]
2016-05-01,wheat,65,BBCH65,0.5706077487233012,1.0,0.964915373037918,915.3070232686105,1.1008657621230438,0.0,0.0,0.0,0.517336964098958,6.142229107086766,0.0,0.0,0.0,0.0,0.07064490808821346,0.0,0.0,510.933549994495,6.243957094539881,504.20333901522116,-6.730210979273863,-7.37188088351104e-14,7.958711624145508,provided,explicit_hourly,6.243957094539878,0.666893087954484,0.0,510.933549994495,504.20333901522116,0.9837077696222364,0.9999999943408036,0.5431488450801907,6.910850182494362,0.9837077696222364,6.243957094539878,atmospheric,,,,,0.0,1.0,314.7451673134724,305.2748870936728,4.616029758362465,453.71586910737926,10263.640816559844,349.50383164342236,1754.9138043837127,7591.767436244323,567.4557442883863,1951.6529531738317,208.60450618067642,140.89932546274596,10426.959963424635,577.586703513318,0.0,-7.389644451905042e-13,1632.2147558889403,"[0.22198505220879444, 0.24334728144606077, 0.23334386443584332, 0.19707547740911704, 0.2148157755637331, 0.2568351041777103, 0.2949515776385992, 0.3161491238776676]","[0.22198505220879444, 0.24334728144606077, 0.23334386443584332, 0.19707547740911704, 0.2148157755637331, 0.2568351041777103, 0.2949515776385992, 0.3161491238776676]",[],1.0,"{'input_timing_assumptions': [], 'bottom_boundary': 'free_drainage', 'substeps': 24, 'precipitation_timing': 'explicit_hourly', 'plant_water_stress_method': 'compensated_layer_depletion', 'root_zone_stress_factor': 0.9999999943408036, 'root_zone_depletion_fraction': 0.5431488450801907, 'readily_available_water_adjustment': 'none', 'potential_et_demand_mm': 6.910850182494362, 'surface_wetness': [0.5292758515089657]}",6.659566071185724,2015-10-21,True,10.120863697204177,50.0,[],[]
2016-05-02,wheat,65,BBCH65,0.5813621142980285,1.0,0.9681102191763283,932.5580093678536,1.1249966387846158,8.818992550391227,0.0,0.0,0.3033903069199114,0.9007051851949829,2.6324560008723563,0.0,0.0,0.0,0.067739660898719,0.0,0.0,504.20333901522116,0.9007051904164858,509.11804041172655,4.914701396505393,-1.3500311979441904e-13,3.981158971786499,provided,explicit_hourly,3.1098655039863052,0.35448494730350394,0.0,504.20333901522116,509.0775732238885,0.9999999942028724,0.9999999943592387,0.5431488450801907,3.464350451289809,0.9999999942028724,3.1098655039863052,atmospheric,,,,,0.7103716577897214,1.0,83.3573962920197,83.35739539327726,4.5415410295989025,470.79373918031894,10346.998211953123,538.34478287921,1726.671667489583,7485.572373271396,596.4093883129328,1826.7235579299133,56.9608868520728,131.88006438371485,10426.959963424635,577.586703513318,0.0,1.8900436771218665e-12,1659.9619004462345,"[0.2786237287657747, 0.24357361179504813, 0.2327100523077091, 0.19695031996721044, 0.21458587161046772, 0.2565946217783775, 0.29410538189285085, 0.31522126659183153]","[0.2786237287657747, 0.24357361179504813, 0.2327100523077091, 0.19695031996721044, 0.21458587161046772, 0.2565946217783775, 0.29410538189285085, 0.31522126659183153]",[],1.0,"{'input_timing_assumptions': [], 'bottom_boundary': 'free_drainage', 'substeps': 24, 'precipitation_timing': 'explicit_hourly', 'plant_water_stress_method': 'compensated_layer_depletion', 'root_zone_stress_factor': 0.9999999943592387, 'root_zone_depletion_fraction': 0.5431488450801907, 'readily_available_water_adjustment': 'none', 'potential_et_demand_mm': 3.464350451289809, 'surface_wetness': [0.7015750426317842]}",3.8365514929872506,2015-10-21,True,9.248505220879442,50.0,[],[]
2016-05-03,wheat,65,BBCH65,0.5925611283536147,1.0,0.9712659672991726,950.5222523030343,1.1501252272660811,0.0,0.0,0.0,0.6281806294884357,5.36860072840436,0.04046718783802186,0.0,0.0,0.0,0.06491844548747175,0.0,0.0,509.11804041172655,5.36860075789296,503.0158734205083,-6.102166991218269,-2.042810365310288e-14,6.947174072265625,provided,explicit_hourly,5.409067945730984,0.6458913745038283,0.0,509.0775732238885,503.0158734205083,0.9999999945072093,0.9999999945079829,0.5431488450801907,6.054959320234812,0.9999999945072093,5.409067945730984,atmospheric,,,,,0.007481360604826959,1.0,346.65998487326624,346.65998133186594,4.4760829894084555,486.63508573018817,10693.658193284988,577.586703513318,1702.679550381262,7784.7041054244555,628.687833965952,1907.6721888510274,39.24192063410794,0.0,10426.959963424635,577.586703513318,0.0,-1.5347723092418164e-12,1688.85627452533,"[0.265105006775864, 0.24228965582000186, 0.22952182751320047, 0.19567699081946635, 0.21297118715425695, 0.2529270014781639, 0.29003595324307363, 0.31427799958592983]","[0.265105006775864, 0.24228965582000186, 0.22952182751320047, 0.19567699081946635, 0.21297118715425695, 0.2529270014781639, 0.29003595324307363, 0.31427799958592983]",[],1.0,"{'input_timing_assumptions': [], 'bottom_boundary': 'free_drainage', 'substeps': 24, 'precipitation_timing': 'explicit_hourly', 'plant_water_stress_method': 'compensated_layer_depletion', 'root_zone_stress_factor': 0.9999999945079829, 'root_zone_depletion_fraction': 0.5431488450801907, 'readily_available_water_adjustment': 'none', 'potential_et_demand_mm': 6.054959320234812, 'surface_wetness': [0.6604500551590886]}",6.037248545730818,2015-10-21,True,14.912372876577466,50.0,[],[]
2016-05-04,wheat,69,BBCH69,0.6048414665590731,1.0,0.974381533149276,970.2210380848946,1.1776801141200945,0.0,0.0,0.0,0.5232699378967975,4.565340144587035,0.0,0.0,0.0,0.0,0.0617453025092289,0.0,0.0,503.0158734205083,4.565340170772624,497.8655180355152,-5.150355384993077,1.5987211554602254e-14,5.8811259269714355,provided,explicit_hourly,4.565340170772627,0.5679368660413968,0.0,503.0158734205083,497.8655180355152,0.9999999942642632,0.9999999942642627,0.5431488450801907,5.1332770368140235,0.9999999942642632,4.565340170772627,atmospheric,,,,,5.551115123125783e-16,1.0,335.2711015613772,335.27109798483303,4.378595628310391,506.06416301467937,11028.92929126982,980.9439794817699,1665.7027152959909,7715.62384690131,666.6587495907504,1794.4841684603268,273.804730020947,129.552545947505,10426.959963424635,2067.15241257398,0.0,-5.115907697472721e-13,1720.5405535310636,"[0.2548017362117743, 0.24002224556159682, 0.22743294141282833, 0.19464821805781174, 0.21166266211624873, 0.24984631878021327, 0.28652265676574934, 0.3130396939309783]","[0.2548017362117743, 0.24002224556159682, 0.22743294141282833, 0.19464821805781174, 0.21166266211624873, 0.24984631878021327, 0.28652265676574934, 0.3130396939309783]",[],1.0,"{'input_timing_assumptions': [], 'bottom_boundary': 'free_drainage', 'substeps': 24, 'precipitation_timing': 'explicit_hourly', 'plant_water_stress_method': 'compensated_layer_depletion', 'root_zone_stress_factor': 0.9999999942642627, 'root_zone_depletion_fraction': 0.5431488450801907, 'readily_available_water_adjustment': 'none', 'potential_et_demand_mm': 5.1332770368140235, 'surface_wetness': [0.6291067171429496]}",5.088610082483832,2015-10-21,True,13.560500677586399,50.0,[],[]
2016-05-05,wheat,69,BBCH69,0.6175001027557878,1.0,0.9774558191626492,990.5266484481947,1.2060838341391045,0.0,75.0,0.0,0.554094289629321,4.189482000868376,0.0,0.0,0.0,0.0,0.057829688850180666,75.0,0.0,497.8655180355152,4.189482024683326,568.0641120561673,70.19859402065214,-1.4210854715202004e-14,5.422354698181152,provided,explicit_hourly,4.189482024683324,0.5540942896293212,0.0,497.8655180355152,568.0641120561673,0.9999999943155383,0.999999994315539,0.5431488450801907,4.743576314312645,0.9999999943155383,4.189482024683324,atmospheric,,,,,0.0,1.0,272.29588044193366,272.2958775631524,4.257151413331257,528.8299817433132,11301.225168832974,1325.0431507900867,1619.589729084354,7643.013194470872,713.5790944876601,1686.0506795335102,222.37496667657445,121.7242046317425,10426.959963424635,2067.15241257398,0.0,1.7621459846850485e-12,1753.2008723576666,"[0.48447521876688543, 0.4810043669378406, 0.38202170993329015, 0.20427550592725205, 0.21051198654907827, 0.24723044017517629, 0.2835323635837764, 0.31147471862654996]","[0.48447521876688543, 0.4810043669378406, 0.38202170993329015, 0.20427550592725205, 0.21051198654907827, 0.24723044017517629, 0.2835323635837764, 0.31147471862654996]",[],1.0,"{'input_timing_assumptions': ['source_2_anthesis: uniform_24h_duration_assumption'], 'bottom_boundary': 'free_drainage', 'substeps': 24, 'precipitation_timing': 'explicit_hourly', 'plant_water_stress_method': 'compensated_layer_depletion', 'root_zone_stress_factor': 0.999999994315539, 'root_zone_depletion_fraction': 0.5431488450801907, 'readily_available_water_adjustment': 'none', 'potential_et_demand_mm': 4.743576314312645, 'surface_wetness': [1.327791038037969]}",4.743576290497697,2015-10-21,True,12.53017362117743,50.0,[],[]
2016-05-06,wheat,69,BBCH69,0.6293755543888674,1.0,0.980487715217215,1009.5759591323988,1.2327302277982275,0.00453296694656229,0.0,0.0,0.6597403789080569,4.615784148318904,0.004149219693993281,0.0,0.0,0.0,0.053456048402405004,0.0,0.0,568.0641120561673,4.615784165368671,562.7355152277905,-5.328596828376817,1.9539925233402755e-14,6.017091751098633,provided,explicit_hourly,4.619933385062664,0.6597403789080567,0.0,568.0641120561673,562.7355152277905,0.9999999963062036,0.9999999963055509,0.5431488450801907,5.27967376397072,0.9999999963062036,4.619933385062664,atmospheric,,,,,0.000898112450583799,1.0,306.3856903953356,306.3856882904927,4.152500198982291,547.598076399212,11607.610857123465,1689.7931419833308,1579.8738105917762,7583.7404564177305,754.203448130628,1586.4703007085564,250.21497877056902,114.53501242267511,10426.959963424635,2067.15241257398,0.0,-1.5916157281026244e-12,1783.8405108241661,"[0.41878113174854414, 0.41492240674246056, 0.3665575773622494, 0.2479709792232578, 0.2093128366747865, 0.2447360876840215, 0.28068073097641527, 0.3096233028945434]","[0.41878113174854414, 0.41492240674246056, 0.3665575773622494, 0.2479709792232578, 0.2093128366747865, 0.2447360876840215, 0.28068073097641527, 0.3096233028945434]",[],1.0,"{'input_timing_assumptions': [], 'bottom_boundary': 'free_drainage', 'substeps': 24, 'precipitation_timing': 'explicit_hourly', 'plant_water_stress_method': 'compensated_layer_depletion', 'root_zone_stress_factor': 0.9999999963055509, 'root_zone_depletion_fraction': 0.5431488450801907, 'readily_available_water_adjustment': 'none', 'potential_et_demand_mm': 5.27967376397072, 'surface_wetness': [1.1279445948848534]}",5.279673746920955,2015-10-21,True,35.49752187668854,50.0,[],[]
2016-05-07,wheat,69,BBCH69,0.6415295771917645,1.0,0.9834760994560573,1029.0721234542982,1.2600016854365905,0.0,0.0,0.0,0.5664371291461363,3.711358090481598,0.0,0.0,0.0,0.0,0.04904100647961849,0.0,0.0,562.7355152277905,3.7113581016184978,558.4086790016833,-4.326836226107275,-7.72715225139109e-14,4.861884117126465,provided,explicit_hourly,3.711358101618498,0.5664371291461362,0.0,562.7355152277905,558.4086790016833,0.9999999969992387,0.9999999969992385,0.5431488450801907,4.277795230764634,0.9999999969992387,3.711358101618498,atmospheric,,,,,1.1102230246251565e-16,1.0,243.07688334235684,243.07688198575198,4.040256998844121,566.8568923402322,11850.687739109218,1995.9277568021078,1537.2467615870394,7519.961999372438,797.5512213476318,1490.7130143201514,198.51278695503078,107.62182786374623,10426.959963424635,2067.15241257398,0.0,1.0800249583553523e-12,1815.1988857391073,"[0.39876853809812873, 0.3945796362000628, 0.3579593646458891, 0.2588257412225949, 0.20845099748205392, 0.24297077482783788, 0.278611388933101, 0.30777570583034225]","[0.39876853809812873, 0.3945796362000628, 0.3579593646458891, 0.2588257412225949, 0.20845099748205392, 0.24297077482783788, 0.278611388933101, 0.30777570583034225]",[],1.0,"{'input_timing_assumptions': [], 'bottom_boundary': 'free_drainage', 'substeps': 24, 'precipitation_timing': 'explicit_hourly', 'plant_water_stress_method': 'compensated_layer_depletion', 'root_zone_stress_factor': 0.9999999969992385, 'root_zone_depletion_fraction': 0.5431488450801907, 'readily_available_water_adjustment': 'none', 'potential_et_demand_mm': 4.277795230764634, 'surface_wetness': [1.0670647525607257]}",4.277795219627734,2015-10-21,True,28.92811317485441,50.0,[],[]
2016-05-08,wheat,69,BBCH69,0.6532416435281807,1.0,0.9864198391857693,1047.8593491775648,1.286281471654791,0.19945054902606438,0.0,0.0,0.5613202721256264,3.242813229245918,0.18030218520700786,0.0,0.0,0.0,0.044893366117447334,0.0,0.0,558.4086790016833,3.2428132391448017,554.5788004980132,-3.829878503670102,1.6608936448392342e-13,4.514301776885986,provided,explicit_hourly,3.423115424351809,0.5613202721256265,0.0,558.4086790016833,554.5788004980132,0.9999999969474396,0.9999999969475497,0.5431488450801907,3.9844356964774352,0.9999999969474396,3.423115424351809,atmospheric,,,,,0.052671956056272506,1.0,193.11571435602687,193.11571325964928,3.9313556695691365,584.9551196359283,12043.803452368868,2067.15241257398,1496.0232423654584,7639.881742591863,840.746054837565,1523.1647337153272,71.22465577187245,0.0,10426.959963424635,2067.15241257398,0.0,-2.2737367544323206e-13,1845.4169767499661,"[0.3849963457548586, 0.3812133628147864, 0.3518654727472886, 0.264516020129242, 0.20778938496817412, 0.24168613376961204, 0.2767710905370665, 0.30585236746862016]","[0.3849963457548586, 0.3812133628147864, 0.3518654727472886, 0.264516020129242, 0.20778938496817412, 0.24168613376961204, 0.2767710905370665, 0.30585236746862016]",[],1.0,"{'input_timing_assumptions': [], 'bottom_boundary': 'free_drainage', 'substeps': 24, 'precipitation_timing': 'explicit_hourly', 'plant_water_stress_method': 'compensated_layer_depletion', 'root_zone_stress_factor': 0.9999999969475497, 'root_zone_depletion_fraction': 0.5431488450801907, 'readily_available_water_adjustment': 'none', 'potential_et_demand_mm': 3.9844356964774352, 'surface_wetness': [1.0251686888639324]}",3.984435686578552,2015-10-21,True,26.92685380981287,50.0,[],[]
2016-05-09,wheat,71,BBCH71,0.663574951419425,1.0,0.9893177918502611,1064.4349202377455,1.3094675700347493,0.05439560335874748,0.0,0.0,0.4219344983939641,2.350038404880393,0.04883282859704675,0.0,0.0,0.0,0.041157557515725626,0.0,0.0,554.5788004980132,2.350038412216161,551.7712328119849,-2.8075676860282783,-1.0347278589506459e-13,3.185617685317993,provided,explicit_hourly,2.398871240813208,0.42193449839396424,0.0,554.5788004980132,551.7712328119849,0.9999999968784477,0.9999999968778651,0.5431488450801907,2.820805739207172,0.9999999968784477,2.398871240813208,atmospheric,,,,,0.020356585950187522,1.0,173.48020427040123,173.48020326324044,3.8293051151309303,601.4332599518739,12217.283655632109,2319.1163683705013,1457.2176416222526,7561.133635206753,879.8160104326007,1426.7259176562877,148.96166786870245,103.00228792781846,10426.959963424635,3039.9300184911476,0.0,1.0516032489249483e-12,1872.0777579760736,"[0.37538148429364254, 0.3716597495066112, 0.3473507180373658, 0.2684034792090069, 0.2074133926835515, 0.2408627751026525, 0.27550637367024616, 0.3041299668958143]","[0.37538148429364254, 0.3716597495066112, 0.3473507180373658, 0.2684034792090069, 0.2074133926835515, 0.2408627751026525, 0.27550637367024616, 0.3041299668958143]",[],1.0,"{'input_timing_assumptions': [], 'bottom_boundary': 'free_drainage', 'substeps': 24, 'precipitation_timing': 'explicit_hourly', 'plant_water_stress_method': 'compensated_layer_depletion', 'root_zone_stress_factor': 0.9999999968778651, 'root_zone_depletion_fraction': 0.5431488450801907, 'readily_available_water_adjustment': 'none', 'potential_et_demand_mm': 2.820805739207172, 'surface_wetness': [0.9959195440528092]}",2.820805731871404,2015-10-21,True,25.549634575485854,50.0,[],[]
2016-05-10,wheat,71,BBCH71,0.6755051565322201,1.0,0.9921688060801149,1083.5720605117933,1.3362368207286857,0.0,0.0,0.0,0.6960920287865735,3.704211706876479,0.0,0.0,0.0,0.0,0.03745626259219298,0.0,0.0,551.7712328119849,3.7042117187679766,547.3334728137295,-4.4377599982553875,1.4210854715202004e-13,4.953471660614014,provided,explicit_hourly,3.7042117187679784,0.6960920287865738,0.0,551.7712328119849,547.3334728137295,0.999999996789736,0.9999999967897356,0.5431488450801907,4.400303747554553,0.999999996789736,3.7042117187679784,atmospheric,,,,,4.440892098500626e-16,1.0,324.1558020957541,324.1558001603449,3.7087240767844056,620.3764775437961,12541.439455792453,2694.350700586213,1411.384227364883,7509.561143858572,926.1433839827846,1342.0975172318454,278.3417804043495,96.89255181136197,10426.959963424635,3039.9300184911476,0.0,-5.115907697472721e-13,1888.6549098790924,"[0.36413914819638377, 0.362460630245321, 0.34254352314515957, 0.2700696506810976, 0.2067529843741505, 0.23942152211864703, 0.2733873963640698, 0.3018471298121496]","[0.36413914819638377, 0.362460630245321, 0.34254352314515957, 0.2700696506810976, 0.2067529843741505, 0.23942152211864703, 0.2733873963640698, 0.3018471298121496]",[],1.0,"{'input_timing_assumptions': [], 'bottom_boundary': 'free_drainage', 'substeps': 24, 'precipitation_timing': 'explicit_hourly', 'plant_water_stress_method': 'compensated_layer_depletion', 'root_zone_stress_factor': 0.9999999967897356, 'root_zone_depletion_fraction': 0.5431488450801907, 'readily_available_water_adjustment': 'none', 'potential_et_demand_mm': 4.400303747554553, 'surface_wetness': [0.9617194967769901]}",4.400303735663052,2015-10-21,True,24.588148429364253,50.0,[],[]
2016-05-11,wheat,71,BBCH71,0.6883382299922097,1.0,0.9949717228173058,1104.1574842014154,1.3650319468288838,0.0,0.0,0.0,1.0040749732261334,4.938284501036193,0.0,0.0,0.0,0.0,0.03323656225100336,0.0,0.0,547.3334728137295,4.938284517765383,541.3578767772162,-5.975596036513252,-7.815970093361102e-14,6.662479877471924,provided,explicit_hourly,4.938284517765384,1.0040749732261336,0.0,547.3334728137295,541.3578767772162,0.999999996612348,0.9999999966123478,0.5431488450801907,5.942359490991517,0.999999996612348,4.938284517765384,atmospheric,,,,,2.220446049250313e-16,1.0,311.3984723620812,311.3984704001059,3.5615466143758825,643.0112966811554,12852.83792619256,3039.9300184911476,1355.4255140068028,7474.905777100514,982.5766165940947,1275.687174875815,267.38748658355763,78.19183132137687,10426.959963424635,3039.9300184911476,0.0,9.094947017729282e-13,1888.6549098790924,"[0.3511915060225549, 0.3527374514555674, 0.33716103441502204, 0.2699828888531191, 0.20582741294376122, 0.23743242148854665, 0.2704698231024175, 0.2991127279365653]","[0.3511915060225549, 0.3527374514555674, 0.33716103441502204, 0.2699828888531191, 0.20582741294376122, 0.23743242148854665, 0.2704698231024175, 0.2991127279365653]",[],1.0,"{'input_timing_assumptions': [], 'bottom_boundary': 'free_drainage', 'substeps': 24, 'precipitation_timing': 'explicit_hourly', 'plant_water_stress_method': 'compensated_layer_depletion', 'root_zone_stress_factor': 0.9999999966123478, 'root_zone_depletion_fraction': 0.5431488450801907, 'readily_available_water_adjustment': 'none', 'potential_et_demand_mm': 5.942359490991517, 'surface_wetness': [0.9223317778345447]}",5.942359474262327,2015-10-21,True,23.463914819638376,50.0,[],[]
2016-05-12,wheat,71,BBCH71,0.6990630880453809,1.0,0.9977253765148089,1121.3611375369867,1.3890966138792693,3.4541208386103923,0.0,0.0,0.7333288149954803,1.5363827025470485,2.024584241651764,0.0,0.0,0.0,0.030044993676080944,0.0,0.0,541.3578767772162,1.5363827079477554,540.4876568629563,-0.8702199142599056,-7.549516567451064e-14,4.467822074890137,provided,explicit_hourly,3.2727260199078216,0.7333288149954803,0.0,541.3578767772162,540.4876568629563,0.9999999964847905,0.9999999964820181,0.5431488450801907,4.006054834903302,0.9999999964847905,3.2727260199078216,atmospheric,,,,,0.5305495484186518,1.0,90.95757038568615,90.95756979102673,3.4511302326856113,659.7747738422552,12943.795495983584,3039.9300184911476,1313.5091338702268,7564.882657201149,1025.4736864210618,1300.035996735252,0.0,0.0,10426.959963424635,3039.9300184911476,0.0,-2.6574298317427747e-12,1888.6549098790924,"[0.3548784053433495, 0.34919693974774335, 0.33420193418069666, 0.27140560893577753, 0.20572927115284118, 0.23697397985896265, 0.2697047789374774, 0.29777982700333405]","[0.3548784053433495, 0.34919693974774335, 0.33420193418069666, 0.27140560893577753, 0.20572927115284118, 0.23697397985896265, 0.2697047789374774, 0.29777982700333405]",[],1.0,"{'input_timing_assumptions': [], 'bottom_boundary': 'free_drainage', 'substeps': 24, 'precipitation_timing': 'explicit_hourly', 'plant_water_stress_method': 'compensated_layer_depletion', 'root_zone_stress_factor': 0.9999999964820181, 'root_zone_depletion_fraction': 0.5431488450801907, 'readily_available_water_adjustment': 'none', 'potential_et_demand_mm': 4.006054834903302, 'surface_wetness': [0.9335476078881495]}",4.294295759194293,2015-10-21,True,22.169150602255485,50.0,[],[]
2016-05-13,wheat,71,BBCH71,0.7094391257196137,1.0,1.0,1138.005251077636,1.4123785902648531,0.00906593389312458,0.0,0.0,0.9033610613993746,3.7373241816686327,0.007841022724696044,0.0,0.0,0.0,0.02763483275351857,0.0,0.0,540.4876568629563,3.7373241951567224,535.8205616983033,-4.667095164653006,-9.14823772291129e-14,5.162328243255615,provided,explicit_hourly,3.7451652178814188,0.903361061399375,0.0,540.4876568629563,535.8205616983033,0.9999999963909768,0.9999999963908526,0.5431488450801907,4.6485262792807935,0.9999999963909768,3.7451652178814188,atmospheric,,,,,0.002093638669733222,1.0,308.8363002963026,308.8362982233171,3.3432939559819395,674.838246618743,13252.631794206904,3039.9300184911476,1272.822717990525,7870.389132800775,1069.489924924455,1382.7097096152697,0.0,0.0,10426.959963424635,3039.9300184911476,0.0,2.2168933355715126e-12,1888.6549098790924,"[0.34259252511942156, 0.3432620697903151, 0.3303558935844903, 0.2709848220263889, 0.20512795681361012, 0.23554129867503615, 0.26751304636534484, 0.2955943549857694]","[0.34259252511942156, 0.3432620697903151, 0.3303558935844903, 0.2709848220263889, 0.20512795681361012, 0.23554129867503615, 0.26751304636534484, 0.2955943549857694]",[],1.0,"{'input_timing_assumptions': [], 'bottom_boundary': 'free_drainage', 'substeps': 24, 'precipitation_timing': 'explicit_hourly', 'plant_water_stress_method': 'compensated_layer_depletion', 'root_zone_stress_factor': 0.9999999963908526, 'root_zone_depletion_fraction': 0.5431488450801907, 'readily_available_water_adjustment': 'none', 'potential_et_demand_mm': 4.6485262792807935, 'surface_wetness': [0.8961730194709043]}",4.648526265792703,2015-10-21,True,22.537840534334947,50.0,[],[]
2016-05-14,wheat,73,BBCH73,0.7183322439683261,1.0,1.0,1152.2706262149652,1.4323331601653555,5.126785921365408,0.0,0.0,0.2750684783518173,0.09354154623338751,1.1452022909339779,0.0,0.0,0.0,0.025712888538652015,0.0,0.0,535.8205616983033,0.09354154657722014,539.407822415611,3.587260717307686,-1.127986593019159e-13,1.4765974283218384,provided,explicit_hourly,1.06044069559927,0.27506847835181725,0.0,535.8205616983033,538.613634431025,0.9999999963242789,0.99999999632579,0.5431488450801907,1.3355091739510874,0.9999999963242789,1.06044069559927,atmospheric,,,,,0.911789931331937,1.0,43.865153215738616,43.86515291586348,3.236586222218308,689.0889739572755,13296.496947122767,3171.5574548895484,1232.201234338058,7782.597526608687,1110.1407312864724,1290.9721461551308,38.425873954296414,93.2015624441043,10426.959963424635,4103.905524963048,0.0,-1.9184653865522705e-13,1888.6549098790924,"[0.36714611416679327, 0.3440191982551871, 0.3289787504319433, 0.27259615275710797, 0.20538893219482404, 0.2357043750452796, 0.26764964833261157, 0.29491464463380135]","[0.36714611416679327, 0.3440191982551871, 0.3289787504319433, 0.27259615275710797, 0.20538893219482404, 0.2357043750452796, 0.26764964833261157, 0.29491464463380135]",[],1.0,"{'input_timing_assumptions': [], 'bottom_boundary': 'free_drainage', 'substeps': 24, 'precipitation_timing': 'explicit_hourly', 'plant_water_stress_method': 'compensated_layer_depletion', 'root_zone_stress_factor': 0.99999999632579, 'root_zone_depletion_fraction': 0.5431488450801907, 'readily_available_water_adjustment': 'none', 'potential_et_demand_mm': 1.3355091739510874, 'surface_wetness': [0.9708669175136694]}",1.5138123155191827,2015-10-21,True,21.309252511942155,50.0,[],[]
2016-05-15,wheat,73,BBCH73,0.7294282765834327,1.0,1.0,1170.0696774997552,1.4572306766768963,0.00453296694656229,0.0,0.0,1.0474991558631095,3.0774768328068083,0.7980273400707713,0.0,0.0,0.0,0.02433190473457774,0.0,0.0,539.407822415611,3.077476844232986,534.4650201490821,-4.942802266528929,2.2470914018413168e-13,5.285624027252197,provided,explicit_hourly,3.7552360569029064,1.047499155863109,0.0,538.613634431025,534.4650201490821,0.9999999962871604,0.9999999962968604,0.5431488450801907,4.802735212766016,0.9999999962871604,3.7552360569029064,atmospheric,,,,,0.1804837838154163,1.0,274.07782711632984,274.07782522373196,3.092893525412281,706.7897792320846,13570.574772346497,3499.191509192815,1177.515526783228,7728.858083658255,1165.0096527121996,1212.5776110743302,240.0921748959892,87.54187940727775,10426.959963424635,4103.905524963048,0.0,-1.4210854715202004e-12,1888.6549098790924,"[0.3479556392012122, 0.34400167525401915, 0.32675885205474114, 0.2720879851334218, 0.2049656752960352, 0.23456550296129508, 0.2658435209025873, 0.29305246558984455]","[0.3479556392012122, 0.34400167525401915, 0.32675885205474114, 0.2720879851334218, 0.2049656752960352, 0.23456550296129508, 0.2658435209025873, 0.29305246558984455]",[],1.0,"{'input_timing_assumptions': [], 'bottom_boundary': 'free_drainage', 'substeps': 24, 'precipitation_timing': 'explicit_hourly', 'plant_water_stress_method': 'compensated_layer_depletion', 'root_zone_stress_factor': 0.9999999962968604, 'root_zone_depletion_fraction': 0.5431488450801907, 'readily_available_water_adjustment': 'none', 'potential_et_demand_mm': 4.802735212766016, 'surface_wetness': [0.9124880231815274]}",4.9230033287406885,2015-10-21,True,23.764611416679323,50.0,[],[]
2016-05-16,wheat,73,BBCH73,0.7424307595362999,1.0,1.0,1190.9268495120843,1.4864059274389838,0.0,0.0,0.0,1.5064354176829418,4.890643318548164,0.0,0.0,0.0,0.0,0.02170424284797984,0.0,0.0,534.4650201490821,4.890643337476204,528.046237170003,-6.418782979079083,-2.6645352591003757e-15,6.993558883666992,provided,explicit_hourly,4.8906433374762015,1.5064354176829422,0.0,534.4650201490821,528.046237170003,0.9999999961297442,0.9999999961297443,0.5431488450801907,6.397078755159144,0.9999999961297442,4.8906433374762015,atmospheric,,,,,0.0,1.0,319.50238662877956,319.5023843289692,2.9123622943491436,727.521751113044,13890.077156675468,3861.440962627632,1108.8071122514305,7685.897435549633,1233.9316462467716,1140.87563478612,279.88408867217703,82.36536476264011,10426.959963424635,4103.905524963048,0.0,1.7621459846850485e-12,1888.6549098790924,"[0.33036684344314965, 0.3361351402712039, 0.32320043256183567, 0.2702223164566788, 0.2041217824324441, 0.23265898468471288, 0.2628560536419965, 0.29047459460695485]","[0.33036684344314965, 0.3361351402712039, 0.32320043256183567, 0.2702223164566788, 0.2041217824324441, 0.23265898468471288, 0.2628560536419965, 0.29047459460695485]",[],1.0,"{'input_timing_assumptions': [], 'bottom_boundary': 'free_drainage', 'substeps': 24, 'precipitation_timing': 'explicit_hourly', 'plant_water_stress_method': 'compensated_layer_depletion', 'root_zone_stress_factor': 0.9999999961297443, 'root_zone_depletion_fraction': 0.5431488450801907, 'readily_available_water_adjustment': 'none', 'potential_et_demand_mm': 6.397078755159144, 'surface_wetness': [0.8589815596452577]}",6.397078736231105,2015-10-21,True,21.845563920121215,50.0,[],[]
2016-05-17,wheat,73,BBCH73,0.7551336489663797,1.0,1.0,1211.3034461096092,1.5149089438143233,0.0,0.0,0.0,1.750269898865808,5.004673639083464,0.0,0.0,0.0,0.0,0.019070680085289903,0.0,0.0,528.046237170003,5.004673659445066,521.2722229519685,-6.774014218034495,-6.750155989720952e-14,7.317767143249512,provided,explicit_hourly,5.004673659445063,1.7502698988658087,0.0,528.046237170003,521.2722229519685,0.9999999959314826,0.9999999959314833,0.5431488450801907,6.754943558310872,0.9999999959314826,5.004673659445063,atmospheric,,,,,0.0,1.0,309.89776888457345,309.89776653962724,2.705876378485218,750.2444760655212,14199.974923215093,4103.905524963048,1030.2317054585333,7752.9671128461605,1312.8705799473526,1159.0254930923486,242.4645623354163,0.0,10426.959963424635,4103.905524963048,0.0,-2.1600499167107046e-12,1888.6549098790924,"[0.3127942295075361, 0.32689669674193583, 0.31905806501385786, 0.2680768145148989, 0.2032520169158597, 0.2307334952177662, 0.25978103365232613, 0.2878656373621838]","[0.3127942295075361, 0.32689669674193583, 0.31905806501385786, 0.2680768145148989, 0.2032520169158597, 0.2307334952177662, 0.25978103365232613, 0.2878656373621838]",[],1.0,"{'input_timing_assumptions': [], 'bottom_boundary': 'free_drainage', 'substeps': 24, 'precipitation_timing': 'explicit_hourly', 'plant_water_stress_method': 'compensated_layer_depletion', 'root_zone_stress_factor': 0.9999999959314833, 'root_zone_depletion_fraction': 0.5431488450801907, 'readily_available_water_adjustment': 'none', 'potential_et_demand_mm': 6.754943558310872, 'surface_wetness': [0.8055243224519809]}",6.754943537949272,2015-10-21,True,20.08668434431496,50.0,[],[]
2016-05-18,wheat,75,BBCH75,0.7679907244529053,1.0,1.0,1231.927371245295,1.5437579261776309,0.0,0.0,0.0,1.7011797440590397,4.190925451320208,0.0,0.0,0.0,0.0,0.01686132872270701,0.0,0.0,521.2722229519685,4.190925469131074,515.3632564278665,-5.90896652410197,1.5987211554602254e-14,6.309745788574219,provided,explicit_hourly,4.190925469131074,1.7011797440590395,0.0,521.2722229519685,515.3632564278665,0.9999999957501352,0.9999999957501351,0.5431488450801907,5.8921052131901135,0.9999999957501352,4.190925469131074,atmospheric,,,,,0.0,1.0,265.8651663488757,265.8651642474463,2.4956246383261176,773.057611212616,14465.840087462542,4419.969971565264,950.180742834367,7702.767830491392,1392.9215425715188,1088.1415317826927,237.50621339438533,78.55823320783028,10426.959963424635,5213.479981712318,0.0,2.5011104298755527e-12,1888.6549098790924,"[0.29721771143482667, 0.31821592979097935, 0.3150998252916158, 0.2662740604237301, 0.20256168022759352, 0.22916747789249176, 0.25722924522894797, 0.28560952059806244]","[0.29721771143482667, 0.31821592979097935, 0.3150998252916158, 0.2662740604237301, 0.20256168022759352, 0.22916747789249176, 0.25722924522894797, 0.28560952059806244]",[],1.0,"{'input_timing_assumptions': [], 'bottom_boundary': 'free_drainage', 'substeps': 24, 'precipitation_timing': 'explicit_hourly', 'plant_water_stress_method': 'compensated_layer_depletion', 'root_zone_stress_factor': 0.9999999957501351, 'root_zone_depletion_fraction': 0.5431488450801907, 'readily_available_water_adjustment': 'none', 'potential_et_demand_mm': 5.8921052131901135, 'surface_wetness': [0.7581393617222262]}",5.892105195379248,2015-10-21,True,18.32942295075361,50.0,[],[]
2016-05-19,wheat,75,BBCH75,0.7813803628304463,1.0,1.0,1253.405575972468,1.5738018846042243,0.0,0.0,0.0,1.803287139442002,3.798378790508473,0.0,0.0,0.0,0.0,0.015098364110918876,0.0,0.0,515.3632564278665,3.798378807231806,509.7464921338051,-5.616764294061454,6.039613253960852e-14,5.920604705810547,provided,explicit_hourly,3.7983788072318054,1.803287139442002,0.0,515.3632564278665,509.7464921338051,0.9999999955972446,0.9999999955972447,0.5431488450801907,5.6016659466738075,0.9999999955972446,3.7983788072318054,atmospheric,,,,,0.0,1.0,288.4766199103034,288.476617548121,2.2956795636265817,794.5358159397888,14754.316705010662,4751.505050207492,874.0539260501308,7659.709369397285,1469.048359355755,1022.6391892689775,257.7057783429881,73.82930029923945,10426.959963424635,5213.479981712318,0.0,-1.0231815394945443e-12,1888.6549098790924,"[0.2812854428378263, 0.3100969074875877, 0.3112102824336852, 0.2645655662520982, 0.20195344356211056, 0.22777665879004758, 0.2549259583334437, 0.28353344017388904]","[0.2812854428378263, 0.3100969074875877, 0.3112102824336852, 0.2645655662520982, 0.20195344356211056, 0.22777665879004758, 0.2549259583334437, 0.28353344017388904]",[],1.0,"{'input_timing_assumptions': [], 'bottom_boundary': 'free_drainage', 'substeps': 24, 'precipitation_timing': 'explicit_hourly', 'plant_water_stress_method': 'compensated_layer_depletion', 'root_zone_stress_factor': 0.9999999955972447, 'root_zone_depletion_fraction': 0.5431488450801907, 'readily_available_water_adjustment': 'none', 'potential_et_demand_mm': 5.6016659466738075, 'surface_wetness': [0.7096721806564226]}",5.6016659299504745,2015-10-21,True,16.771771143482667,50.0,[],[]
2016-05-20,wheat,75,BBCH75,0.7947365365204198,1.0,1.0,1274.8301002797189,1.6037707542454682,0.0,0.0,0.0,1.7188544739669,3.1582957411573997,0.0,0.0,0.0,0.0,0.01366721555876254,0.0,0.0,509.7464921338051,3.158295755472999,504.855674703122,-4.890817430683057,-5.329070518200751e-15,5.116328239440918,provided,explicit_hourly,3.158295755473,1.7499334916982514,0.0,509.7464921338051,504.855674703122,0.9999999954673024,0.9999999954673022,0.5431488450801907,4.908229247171251,0.9999999954673024,3.158295755473,atmospheric,,,,,3.3306690738754696e-16,1.0,243.14300713059743,243.14300508086686,2.096790164799037,815.9603402470398,14997.45971009153,5038.043474735728,798.3290458667907,7616.313949949917,1544.7732395390954,960.3269064015361,217.2077512055744,69.33067332266126,10426.959963424635,5213.479981712318,0.0,1.6768808563938364e-12,1888.6549098790924,"[0.26683596198411846, 0.3027068423861208, 0.3076499690946954, 0.26314568413092065, 0.20147844687038666, 0.22665082691750169, 0.25303942760820103, 0.28174256746114906]","[0.26683596198411846, 0.3027068423861208, 0.3076499690946954, 0.26314568413092065, 0.20147844687038666, 0.22665082691750169, 0.25303942760820103, 0.28174256746114906]",[],1.0,"{'input_timing_assumptions': [], 'bottom_boundary': 'free_drainage', 'substeps': 24, 'precipitation_timing': 'explicit_hourly', 'plant_water_stress_method': 'compensated_layer_depletion', 'root_zone_stress_factor': 0.9999999954673022, 'root_zone_depletion_fraction': 0.5431488450801907, 'readily_available_water_adjustment': 'none', 'potential_et_demand_mm': 4.908229247171251, 'surface_wetness': [0.6657157534483492]}",4.8771502151243,2015-10-21,True,15.17854428378263,50.0,[],[]
2016-05-21,wheat,77,BBCH77,0.8071968622108326,1.0,1.0,1294.817602451162,1.6317295008873867,0.0,0.0,0.0,2.1348866353048326,3.59786851372782,0.0,0.0,0.0,0.0,0.012406735086471301,0.0,0.0,504.855674703122,3.597868530483112,499.11051281900296,-5.745161884119057,-6.750155989720952e-14,6.095891952514648,provided,explicit_hourly,3.597868530483113,2.339908173821002,0.0,504.855674703122,499.11051281900296,0.9999999953429949,0.9999999953429946,0.5431488450801907,5.937776704304115,0.9999999953429949,3.597868530483113,atmospheric,,,,,2.220446049250313e-16,1.0,261.0343340106632,261.0343317497567,1.8868918298015551,839.1495435093689,15258.494041841288,5340.846024787995,718.4126382449398,7574.545731647406,1624.6896471609462,901.5500400607449,237.71526478011174,65.08728527215582,10426.959963424635,6323.054438461586,0.0,5.684341886080801e-13,1888.6549098790924,"[0.24824642786435763, 0.2950826046830307, 0.30374832876291774, 0.26130972929853974, 0.20090433164226265, 0.225365218721492, 0.25084570527610855, 0.2797802064461704]","[0.24824642786435763, 0.2950826046830307, 0.30374832876291774, 0.26130972929853974, 0.20090433164226265, 0.225365218721492, 0.25084570527610855, 0.2797802064461704]",[],1.0,"{'input_timing_assumptions': [], 'bottom_boundary': 'free_drainage', 'substeps': 24, 'precipitation_timing': 'explicit_hourly', 'plant_water_stress_method': 'compensated_layer_depletion', 'root_zone_stress_factor': 0.9999999953429946, 'root_zone_depletion_fraction': 0.5431488450801907, 'readily_available_water_adjustment': 'none', 'potential_et_demand_mm': 5.937776704304115, 'surface_wetness': [0.6091649671854931]}",5.732755149032652,2015-10-21,True,13.733596198411847,50.0,[],[]
2016-05-22,wheat,77,BBCH77,0.8203945217855008,1.0,1.0,1315.9878556179476,1.6613426931491537,0.0,0.0,0.0,1.9600490628288727,3.013559573816026,0.0,0.0,0.0,0.0,0.011272057319561015,0.0,0.0,499.11051281900296,3.0135595884943536,494.1256321250384,-4.984880693964556,9.592326932761353e-14,5.400376319885254,provided,explicit_hourly,3.0135595884943553,2.3412998510640266,0.0,499.11051281900296,494.1256321250384,0.9999999951292393,0.9999999951292388,0.5431488450801907,5.354859439558382,0.9999999951292393,3.0135595884943553,atmospheric,,,,,5.551115123125783e-16,1.0,242.1113876458529,242.11138545259215,1.6905271971401412,861.6398484562683,15500.605427293878,5622.427611244345,643.6490341102389,7535.075530643648,1699.453251295647,846.3041848983175,220.48276835216058,61.098818104189384,10426.959963424635,6323.054438461586,0.0,-1.9610979506978765e-12,1888.6549098790924,"[0.23224217485952955, 0.2877608939338894, 0.3002022302818294, 0.25975464107555996, 0.20044766247070409, 0.22431425198224647, 0.24904780000800836, 0.2780729805694682]","[0.23224217485952955, 0.2877608939338894, 0.3002022302818294, 0.25975464107555996, 0.20044766247070409, 0.22431425198224647, 0.24904780000800836, 0.2780729805694682]",[],1.0,"{'input_timing_assumptions': [], 'bottom_boundary': 'free_drainage', 'substeps': 24, 'precipitation_timing': 'explicit_hourly', 'plant_water_stress_method': 'compensated_layer_depletion', 'root_zone_stress_factor': 0.9999999951292388, 'root_zone_depletion_fraction': 0.5431488450801907, 'readily_available_water_adjustment': 'none', 'potential_et_demand_mm': 5.354859439558382, 'surface_wetness': [0.5604788040389608]}",4.973608636644899,2015-10-21,True,11.874642786435762,50.0,[],[]
2016-05-23,wheat,77,BBCH77,0.8336857256585081,1.0,1.0,1337.3081623959017,1.6911657821184423,0.02719780167937374,0.0,0.0,1.2253715830906267,1.6661517523895952,0.016995326300165734,0.0,0.0,0.0,0.010455059913089077,0.0,0.0,494.1256321250384,1.6661517609755656,491.23385620502427,-2.8917759200141404,3.730349362740526e-14,3.2111542224884033,provided,explicit_hourly,1.683147087275732,1.560115032559677,0.0,494.1256321250384,491.23385620502427,0.9999999948468258,0.9999999948461586,0.5431488450801907,3.243262119835409,0.9999999948468258,1.683147087275732,atmospheric,,,,,0.010097350628859303,1.0,89.06395968947172,89.0639588358704,1.5122792201916972,882.9601552342224,15589.669386129748,5760.664972940554,575.7831409207907,7485.902127783308,1767.3191444850952,791.327493564079,81.1075785131993,57.12978318301103,10426.959963424635,6323.054438461586,0.0,-4.689582056016661e-13,1888.6549098790924,"[0.22452810877048918, 0.2817505899887075, 0.2975414538863221, 0.25902731455243444, 0.20026602038485328, 0.22377571752269618, 0.2481526805104754, 0.27695084673036957]","[0.22452810877048918, 0.2817505899887075, 0.2975414538863221, 0.25902731455243444, 0.20026602038485328, 0.22377571752269618, 0.2481526805104754, 0.27695084673036957]",[],1.0,"{'input_timing_assumptions': [], 'bottom_boundary': 'free_drainage', 'substeps': 24, 'precipitation_timing': 'explicit_hourly', 'plant_water_stress_method': 'compensated_layer_depletion', 'root_zone_stress_factor': 0.9999999948461586, 'root_zone_depletion_fraction': 0.5431488450801907, 'readily_available_water_adjustment': 'none', 'potential_et_demand_mm': 3.243262119835409, 'surface_wetness': [0.5370120243010467]}",2.9085186617803873,2015-10-21,True,10.274217485952954,50.0,[],[]
2016-05-24,wheat,77,BBCH77,0.8467270478152805,1.0,1.0,1358.227636043973,1.7204281811211732,0.0,0.0,0.0,2.552803531902314,3.211832170547546,0.0,0.0,0.0,0.0,0.00968318986249719,0.0,0.0,491.23385620502427,3.211832188208788,485.45953731271186,-5.774318892312408,5.062616992290714e-14,6.556298732757568,provided,explicit_hourly,3.211832188208787,3.532264500293778,0.0,491.23385620502427,485.45953731271186,0.9999999945011941,0.9999999945011946,0.5431488450801907,6.744096688502565,0.9999999945011941,3.211832188208787,atmospheric,,,,,0.0,1.0,226.22509765137664,226.22509533778117,1.352809268093055,903.8796288822937,15815.894481467529,6020.331891412992,515.0667674654937,7452.460304648651,1828.0355179403923,743.1451456937128,206.01565348760604,53.65126498483151,10426.959963424635,6323.054438461586,0.0,-5.115907697472721e-13,1888.6549098790924,"[0.20354183940509107, 0.2743926331213308, 0.2937352701187675, 0.25708080387011484, 0.1997592700361017, 0.22266509957236044, 0.24616031607429312, 0.27511952362941045]","[0.20354183940509107, 0.2743926331213308, 0.2937352701187675, 0.25708080387011484, 0.1997592700361017, 0.22266509957236044, 0.24616031607429312, 0.27511952362941045]",[],1.0,"{'input_timing_assumptions': [], 'bottom_boundary': 'free_drainage', 'substeps': 24, 'precipitation_timing': 'explicit_hourly', 'plant_water_stress_method': 'compensated_layer_depletion', 'root_zone_stress_factor': 0.9999999945011946, 'root_zone_depletion_fraction': 0.5431488450801907, 'readily_available_water_adjustment': 'none', 'potential_et_demand_mm': 6.744096688502565, 'surface_wetness': [0.47317018589392995]}",5.76463570244986,2015-10-21,True,9.502810877048917,50.0,[],[]
2016-05-25,wheat,77,BBCH77,0.8598180152831432,1.0,1.0,1379.2267453121615,1.7498019753401461,0.0,0.0,0.0,1.589611465101966,1.8713673614099569,0.0,0.0,0.0,0.0,0.00891850329410711,0.0,0.0,485.45953731271186,1.871367372370313,481.98963998290577,-3.469897329806088,5.773159728050814e-14,4.103227138519287,provided,explicit_hourly,1.8713673723703137,2.424873320097713,0.0,485.45953731271186,481.98963998290577,0.9999999941431296,0.9999999941431292,0.5431488450801907,4.296240692468027,0.9999999941431296,1.8713673723703137,atmospheric,,,,,3.3306690738754696e-16,1.0,100.81303126495895,100.81303016681179,1.2096421878708241,924.8787381504821,15916.70751163434,6162.341783849348,460.5575273554791,7411.263442379107,1882.544758050407,695.3794411715579,91.8070661385766,50.20282629777924,10426.959963424635,6323.054438461586,0.0,-1.9895196601282805e-13,1888.6549098790924,"[0.1933479966777519, 0.2677107553133338, 0.2908591447134115, 0.2560165092022587, 0.1995205161999169, 0.2220539635911147, 0.24508664518210613, 0.27389489998496336]","[0.1933479966777519, 0.2677107553133338, 0.2908591447134115, 0.2560165092022587, 0.1995205161999169, 0.2220539635911147, 0.24508664518210613, 0.27389489998496336]",[],1.0,"{'input_timing_assumptions': [], 'bottom_boundary': 'free_drainage', 'substeps': 24, 'precipitation_timing': 'explicit_hourly', 'plant_water_stress_method': 'compensated_layer_depletion', 'root_zone_stress_factor': 0.9999999941431292, 'root_zone_depletion_fraction': 0.5431488450801907, 'readily_available_water_adjustment': 'none', 'potential_et_demand_mm': 4.296240692468027, 'surface_wetness': [0.4421597357364871]}",3.460978826511923,2015-10-21,True,7.404183940509105,50.0,[],[]
2016-05-26,wheat,83,BBCH83,0.8735183482670896,1.0,1.0,1401.2033326076937,1.7805430770035475,0.0,0.0,0.0,2.068225878409428,2.2664820988500303,0.0,0.0,0.0,0.0,0.008314419583537193,0.0,0.0,481.98963998290577,2.2664821127871884,477.6466175860627,-4.343022396843082,8.704148513061227e-14,5.358954429626465,provided,explicit_hourly,2.266482112787189,3.4411692308149053,0.0,481.98963998290577,477.6466175860627,0.9999999938507531,0.9999999938507531,0.5431488450801907,5.707651343602095,0.9999999938507531,2.266482112787189,atmospheric,,,,,2.220446049250313e-16,1.0,154.27155941161618,154.27155764726083,1.0760091593080114,946.8553254460145,16070.979069281602,6357.781298470559,409.6782691541395,7370.095485405157,1933.4240162517465,650.0105947061517,148.5120861617631,46.92742845944785,10426.959963424635,9195.788305935721,0.0,1.1084466677857563e-12,1888.6549098790924,"[0.17859260623936915, 0.2606777794547352, 0.28765542069601424, 0.25459102174505377, 0.1991959066426165, 0.2213016878420489, 0.2437311168852661, 0.2724875839787882]","[0.17859260623936915, 0.2606777794547352, 0.28765542069601424, 0.25459102174505377, 0.1991959066426165, 0.2213016878420489, 0.2437311168852661, 0.2724875839787882]",[],1.0,"{'input_timing_assumptions': [], 'bottom_boundary': 'free_drainage', 'substeps': 24, 'precipitation_timing': 'explicit_hourly', 'plant_water_stress_method': 'compensated_layer_depletion', 'root_zone_stress_factor': 0.9999999938507531, 'root_zone_depletion_fraction': 0.5431488450801907, 'readily_available_water_adjustment': 'none', 'potential_et_demand_mm': 5.707651343602095, 'surface_wetness': [0.39727270814718524]}",4.334707977259458,2015-10-21,True,6.384799667775189,50.0,[],[]
2016-05-27,wheat,83,BBCH83,0.8862796533664635,1.0,1.0,1421.6736332821322,1.8091771677134023,0.0,0.0,0.0,1.4551687702867095,1.481357366555054,0.0,0.0,0.0,0.0,0.007781137343143143,0.0,0.0,477.6466175860627,1.481357376078769,474.7023103118778,-2.9443072741848937,-1.2878587085651816e-14,3.804029703140259,provided,explicit_hourly,1.4813573760787684,2.639555492620888,0.0,477.6466175860627,474.7023103118778,0.9999999935709537,0.999999993570954,0.5431488450801907,4.120912868699657,0.9999999935709537,1.4813573760787684,atmospheric,,,,,0.0,1.0,78.9923856586813,78.99238471416373,0.9648497235371349,967.325626120453,16149.971453995766,6477.645999910124,367.35557621716646,7329.223168679756,1975.7467091887195,606.9872769543033,76.04333568483496,43.82136575473045,10426.959963424635,9195.788305935721,0.0,-1.7053025658242404e-13,1888.6549098790924,"[0.1703234199524166, 0.25431443020514355, 0.28499864234473027, 0.2536987677961636, 0.199024072337197, 0.22083496482848056, 0.24291296151720027, 0.27145203162099846]","[0.1703234199524166, 0.25431443020514355, 0.28499864234473027, 0.2536987677961636, 0.199024072337197, 0.22083496482848056, 0.24291296151720027, 0.27145203162099846]",[],1.0,"{'input_timing_assumptions': [], 'bottom_boundary': 'free_drainage', 'substeps': 24, 'precipitation_timing': 'explicit_hourly', 'plant_water_stress_method': 'compensated_layer_depletion', 'root_zone_stress_factor': 0.999999993570954, 'root_zone_depletion_fraction': 0.5431488450801907, 'readily_available_water_adjustment': 'none', 'potential_et_demand_mm': 4.120912868699657, 'surface_wetness': [0.3721172102595808]}",2.9365261368417634,2015-10-21,True,4.909260623936914,50.0,[],[]
2016-05-28,wheat,83,BBCH83,0.8986472394725388,1.0,1.0,1441.5123726772738,1.836927823282375,0.0,0.0,0.0,1.5974157053026263,1.5158817035476249,0.0,0.0,0.0,0.0,0.007354638307048586,0.0,0.0,474.7023103118778,1.5158817136695184,471.5816582647205,-3.120652047157307,7.549516567451064e-15,4.216757297515869,provided,explicit_hourly,1.5158817136695184,3.1207971576347036,0.0,474.7023103118778,471.5816582647205,0.9999999933227682,0.999999993322768,0.5431488450801907,4.6366788713042215,0.9999999933227682,1.5158817136695184,atmospheric,,,,,0.0,1.0,115.34645440319495,115.34645297074665,0.8680893902854879,987.1643655155946,16265.317906966511,6629.635361405382,330.51517806032774,7292.580260155244,2012.5871073455583,567.2034284564651,111.04018539317211,40.94917610208672,10426.959963424635,9195.788305935721,0.0,-1.3500311979441904e-12,1888.6549098790924,"[0.16054374879878475, 0.24820108051612166, 0.28228353868649586, 0.2527409811992364, 0.19884070286300404, 0.2203567557171747, 0.24206024008693172, 0.2704029959618484]","[0.16054374879878475, 0.24820108051612166, 0.28228353868649586, 0.2527409811992364, 0.19884070286300404, 0.2203567557171747, 0.24206024008693172, 0.2704029959618484]",[],1.0,"{'input_timing_assumptions': [], 'bottom_boundary': 'free_drainage', 'substeps': 24, 'precipitation_timing': 'explicit_hourly', 'plant_water_stress_method': 'compensated_layer_depletion', 'root_zone_stress_factor': 0.999999993322768, 'root_zone_depletion_fraction': 0.5431488450801907, 'readily_available_water_adjustment': 'none', 'potential_et_demand_mm': 4.6366788713042215, 'surface_wetness': [0.34236670174403067]}",3.113297408850251,2015-10-21,True,4.0823419952416575,50.0,[],[]
2016-05-29,wheat,83,BBCH83,0.9117942549321955,1.0,1.0,1462.6013880510907,1.8664273791901904,0.0,0.0,0.0,1.97404614397125,1.8109036870138173,0.0,0.0,0.0,0.0,0.006921298585760277,0.0,0.0,471.5816582647205,1.8109036996519747,467.7897871351496,-3.791871129570893,6.572520305780927e-14,5.45747709274292,provided,explicit_hourly,1.810903699651974,4.272203148441276,0.0,471.5816582647205,467.7897871351496,0.999999993021077,0.9999999930210773,0.5431488450801907,6.083106848093251,0.999999993021077,1.810903699651974,atmospheric,,,,,0.0,1.0,148.8830526386565,148.8830507061902,0.7698816991108908,1009.7026746128845,16414.200957672703,6811.253306892299,293.1237148093014,7259.845365374517,2049.9785705965846,530.414375847127,143.32475014649245,38.293195340425385,10426.959963424635,9195.788305935721,0.0,1.8758328224066645e-12,1888.6549098790924,"[0.14754859288987368, 0.24147082094685396, 0.27930593974812146, 0.25152248698093177, 0.1985937252410863, 0.21977511481189002, 0.24098934807105465, 0.26921042406801443]","[0.14754859288987368, 0.24147082094685396, 0.27930593974812146, 0.25152248698093177, 0.1985937252410863, 0.21977511481189002, 0.24098934807105465, 0.26921042406801443]",[],1.0,"{'input_timing_assumptions': [], 'bottom_boundary': 'free_drainage', 'substeps': 24, 'precipitation_timing': 'explicit_hourly', 'plant_water_stress_method': 'compensated_layer_depletion', 'root_zone_stress_factor': 0.9999999930210773, 'root_zone_depletion_fraction': 0.5431488450801907, 'readily_available_water_adjustment': 'none', 'potential_et_demand_mm': 6.083106848093251, 'surface_wetness': [0.30283444238116]}",3.7849498309850675,2015-10-21,True,3.1043748798784723,50.0,[],[]
2016-05-30,wheat,85,BBCH85,0.9206090907345356,1.0,1.0,1476.74119098383,1.8862062972546967,0.0,0.0,0.0,2.5438636024163195,2.3409307682456126,0.0,0.0,0.0,0.0,0.00643870314685611,0.0,0.0,467.7897871351496,2.3409307856742387,462.8985540613408,-4.891233073808792,3.552713678800501e-15,7.748762130737305,provided,explicit_hourly,2.3409307856742387,6.421402863413064,0.0,467.7897871351496,462.8985540613408,0.9999999925548306,0.9999999925548309,0.5431488450801907,8.762333649087303,0.9999999925548306,2.3409307856742387,atmospheric,,,,,0.0,1.0,131.37475388767922,131.37475206854495,0.6680113593108564,1036.3473365162658,16545.575709741246,6975.7632124397505,254.3377396840882,7226.710211895611,2088.7645457217977,495.3627589677258,128.74725702717404,35.76264852027752,10426.959963424635,9849.373259911317,0.0,-2.0747847884194925e-12,1888.6549098790924,"[0.13052562076915206, 0.23297033153768187, 0.2758285279685155, 0.24985447448707457, 0.19823686979390673, 0.21901001572597928, 0.2395236593930544, 0.267742321144096]","[0.13052562076915206, 0.23297033153768187, 0.2758285279685155, 0.24985447448707457, 0.19823686979390673, 0.21901001572597928, 0.2395236593930544, 0.267742321144096]",[],1.0,"{'input_timing_assumptions': [], 'bottom_boundary': 'free_drainage', 'substeps': 24, 'precipitation_timing': 'explicit_hourly', 'plant_water_stress_method': 'compensated_layer_depletion', 'root_zone_stress_factor': 0.9999999925548309, 'root_zone_depletion_fraction': 0.5431488450801907, 'readily_available_water_adjustment': 'none', 'potential_et_demand_mm': 8.762333649087303, 'surface_wetness': [0.25104925767692543]}",4.884794370661933,2015-10-21,True,1.804859288987366,50.0,[],[]
2016-05-31,wheat,85,BBCH85,0.932833806994781,1.0,1.0,1496.350754077749,1.9136363783923445,0.00906593389312458,0.0,0.0,1.7343959624297653,1.547846597889411,0.0029120877691628613,0.0,0.0,0.0,0.005999240459327624,0.0,0.0,462.8985540613408,1.5478466100514416,459.6164661066863,-3.2820879546545143,-2.7533531010703882e-14,5.755553722381592,provided,explicit_hourly,1.550758697820605,5.059934574867643,0.0,462.8985540613408,459.6164661066863,0.9999999921426125,0.9999999921426073,0.5431488450801907,6.610693272688248,0.9999999921426125,1.550758697820605,atmospheric,,,,,0.0018778471294443877,1.0,76.83343368772691,76.83343256491588,0.5896861911572797,1059.7598674153137,16622.40914230616,7084.44259289316,224.51632130415518,7194.8642640071175,2118.585964101731,462.3959833773606,75.29676391361757,33.38261653979126,10426.959963424635,9849.373259911317,0.0,-1.7053025658242404e-13,1888.6549098790924,"[0.12230025693675825, 0.224835284129782, 0.27285419884580475, 0.248758551570871, 0.19803119504109615, 0.21852423859955686, 0.23860586196149575, 0.2666654040716533]","[0.12230025693675825, 0.224835284129782, 0.27285419884580475, 0.248758551570871, 0.19803119504109615, 0.21852423859955686, 0.23860586196149575, 0.2666654040716533]",[],1.0,"{'input_timing_assumptions': [], 'bottom_boundary': 'free_drainage', 'substeps': 24, 'precipitation_timing': 'explicit_hourly', 'plant_water_stress_method': 'compensated_layer_depletion', 'root_zone_stress_factor': 0.9999999921426073, 'root_zone_depletion_fraction': 0.5431488450801907, 'readily_available_water_adjustment': 'none', 'potential_et_demand_mm': 6.610693272688248, 'surface_wetness': [0.2260270710517388]}",3.285154648088339,2015-10-21,True,0.10256207691520558,50.0,[],[]
2016-06-01,wheat,85,BBCH85,0.9453709037546437,1.0,1.0,1516.4614040669503,1.9417673856102309,0.0,0.0,0.0,1.88921501289374,1.647355491675163,0.0,0.0,0.0,0.0,0.005644087160068575,0.0,0.0,459.6164661066863,1.6473555050321684,456.0742515149572,-3.5422145917290777,1.0613732115416497e-13,6.779953956604004,provided,explicit_hourly,1.647355505032169,6.2375483236154965,0.0,459.6164661066863,456.0742515149572,0.9999999918918501,0.9999999918918498,0.5431488450801907,7.884903828647666,0.9999999918918501,1.647355505032169,atmospheric,,,,,4.440892098500626e-16,1.0,105.4428732166395,105.44287162656579,0.5213664284619921,1082.8763015126037,16727.852013932727,7218.949874078896,198.50434743952098,7165.799854447947,2144.597937966365,431.79339847526046,103.33401419403447,31.173266991701666,10426.959963424635,9849.373259911317,0.0,-1.0516032489249483e-12,1888.6549098790924,"[0.11245044931671386, 0.2169446344797688, 0.2696813144494787, 0.24755762991680016, 0.19780207448277712, 0.21800545133487828, 0.23760570651225596, 0.2655343783663525]","[0.11245044931671386, 0.2169446344797688, 0.2696813144494787, 0.24755762991680016, 0.19780207448277712, 0.21800545133487828, 0.23760570651225596, 0.2655343783663525]",[],1.0,"{'input_timing_assumptions': [], 'bottom_boundary': 'free_drainage', 'substeps': 24, 'precipitation_timing': 'explicit_hourly', 'plant_water_stress_method': 'compensated_layer_depletion', 'root_zone_stress_factor': 0.9999999918918498, 'root_zone_depletion_fraction': 0.5431488450801907, 'readily_available_water_adjustment': 'none', 'potential_et_demand_mm': 7.884903828647666, 'surface_wetness': [0.1960632020347487]}",3.536570504568903,2015-10-21,True,-0.7199743063241755,50.0,[],[]
2016-06-02,wheat,87,BBCH87,0.9580727307207721,1.0,1.0,1536.8362963751122,1.9702680180061165,0.0,0.0,0.0,1.596405734609373,1.368661994094346,0.0,0.0,0.0,0.0,0.005319976463659124,0.0,0.0,456.0742515149572,1.3686620055214909,453.10386380978974,-2.970387705167468,8.970602038971265e-14,6.252737998962402,provided,explicit_hourly,1.3686620055214904,5.985032728819201,0.0,456.0742515149572,453.10386380978974,0.9999999916508643,0.9999999916508644,0.5431488450801907,7.353694734340691,0.9999999916508643,1.3686620055214904,atmospheric,,,,,0.0,1.0,103.29457276143995,103.29457115746611,0.46134560937042557,1105.8365924214172,16831.146585090195,7346.653729454592,175.65210211620033,7141.390570229716,2167.450183289686,403.91839042086656,98.54302088422267,29.1608344914738,10426.959963424635,10274.963462500078,0.0,2.3447910280083306e-12,1888.6549098790924,"[0.10549737739466514, 0.2095797531893259, 0.26662250182682223, 0.24654618190210664, 0.19762327738671437, 0.2175834698131972, 0.23679396418774534, 0.26454567371953985]","[0.10549737739466514, 0.2095797531893259, 0.26662250182682223, 0.24654618190210664, 0.19762327738671437, 0.2175834698131972, 0.23679396418774534, 0.26454567371953985]",[],1.0,"{'input_timing_assumptions': [], 'bottom_boundary': 'free_drainage', 'substeps': 24, 'precipitation_timing': 'explicit_hourly', 'plant_water_stress_method': 'compensated_layer_depletion', 'root_zone_stress_factor': 0.9999999916508644, 'root_zone_depletion_fraction': 0.5431488450801907, 'readily_available_water_adjustment': 'none', 'potential_et_demand_mm': 7.353694734340691, 'surface_wetness': [0.17491142482500863]}",2.965067728703719,2015-10-21,True,-1.7049550683286157,50.0,[],[]
2016-06-03,wheat,87,BBCH87,0.970835858637302,1.0,1.0,1557.3095210150047,1.998906198792291,0.1541208812491033,0.0,0.0,1.1106358520269246,0.8544798100409848,0.036183149959377346,0.0,0.0,0.0,0.005069073036604186,0.0,0.0,453.10386380978974,0.8544798173350929,451.251616805975,-1.852247003814739,-4.884981308350689e-14,4.522757530212402,provided,explicit_hourly,0.8906629672944697,4.482479332464119,0.0,453.10386380978974,451.251616805975,0.9999999914636859,0.9999999914638373,0.5431488450801907,5.373142299758589,0.9999999914636859,0.8906629672944697,atmospheric,,,,,0.040624962851311563,1.0,43.831080706445285,43.83108001057094,0.4083608909895967,1128.7387778614807,16874.977665100763,7415.702645211762,155.4787722424684,7116.172734483118,2187.6235131634176,377.2299409038132,41.81485033008468,27.234065427084495,10426.959963424635,10274.963462500078,0.0,-2.6858515411731787e-12,1888.6549098790924,"[0.10332911306455506, 0.20414442741700473, 0.26390507938341545, 0.2458981612626565, 0.19754061794012082, 0.2173370360888921, 0.2363298679533929, 0.26382020383080224]","[0.10332911306455506, 0.20414442741700473, 0.26390507938341545, 0.2458981612626565, 0.19754061794012082, 0.2173370360888921, 0.2363298679533929, 0.26382020383080224]",[],1.0,"{'input_timing_assumptions': [], 'bottom_boundary': 'free_drainage', 'substeps': 24, 'precipitation_timing': 'explicit_hourly', 'plant_water_stress_method': 'compensated_layer_depletion', 'root_zone_stress_factor': 0.9999999914638373, 'root_zone_depletion_fraction': 0.5431488450801907, 'readily_available_water_adjustment': 'none', 'potential_et_demand_mm': 5.373142299758589, 'surface_wetness': [0.16831539870065906]}",2.0012988120272865,2015-10-21,True,-2.400262260533488,50.0,[],[]
2016-06-04,wheat,89,BBCH89,0.982538212886103,1.0,1.0,1576.0811676613578,2.0,0.0,0.0,0.0,1.3730094262406918,1.0424340155921246,0.0,0.0,0.0,0.0,0.004853454518946057,0.0,0.0,451.251616805975,1.0424340246488455,448.8313199096232,-2.4202968963518288,6.616929226765933e-14,5.892882347106934,provided,explicit_hourly,1.0424340246488462,6.022670781515438,0.0,451.251616805975,448.8313199096232,0.999999991311948,0.9999999913119474,0.5431488450801907,7.065104806164284,0.999999991311948,1.0424340246488462,atmospheric,,,,,6.661338147750939e-16,1.0,0.0,0.0,0.0,0.0,16874.977665100767,7415.702645211762,0.0,7116.172734483118,2343.102285405886,377.2299409038132,0.0,0.0,10426.959963424635,10426.959963424635,0.0,3.637978807091713e-12,1888.6549098790924,"[0.09708912370563916, 0.19897812551111735, 0.2610210947752787, 0.24508191639033702, 0.19741895993454114, 0.21702676953845465, 0.23571742874894594, 0.2629934514584427]","[0.09708912370563916, 0.19897812551111735, 0.2610210947752787, 0.24508191639033702, 0.19741895993454114, 0.21702676953845465, 0.23571742874894594, 0.2629934514584427]",[],1.0,"{'input_timing_assumptions': [], 'bottom_boundary': 'free_drainage', 'substeps': 24, 'precipitation_timing': 'explicit_hourly', 'plant_water_stress_method': 'compensated_layer_depletion', 'root_zone_stress_factor': 0.9999999913119474, 'root_zone_depletion_fraction': 0.5431488450801907, 'readily_available_water_adjustment': 'none', 'potential_et_demand_mm': 7.065104806164284, 'surface_wetness': [0.1493328732513828]}",2.4154434418328163,2015-10-21,True,-2.6170886935444955,50.0,[],[]
2016-06-05,wheat,89,BBCH89,0.9961717591811886,1.0,1.0,1597.9506229988822,2.0,0.19038461006695437,0.0,0.0,1.1954653752846496,0.0,0.0,0.0,0.0,0.0,0.004706413296340383,0.0,0.0,448.8313199096232,0.0,447.8215327311092,-1.0097871785139887,-4.6851411639181606e-14,4.410313129425049,provided,explicit_hourly,0.0,5.712064858012136,0.0,448.8313199096232,447.8215327311092,1.0,0.9999999912011447,0.5431488450801907,5.712064858012136,1.0,0.0,atmospheric,,,,,0.0,1.0,0.0,0.0,0.0,0.0,16874.977665100767,7415.702645211762,0.0,7116.172734483118,2343.102285405886,377.2299409038132,0.0,0.0,10426.959963424635,10426.959963424635,0.0,0.0,1888.6549098790924,"[0.09433907498314603, 0.1944522065168876, 0.2590268012958395, 0.24509621162648823, 0.19749574382397433, 0.21706892693073612, 0.23588431461410073, 0.26275532159119935]","[0.09433907498314603, 0.1944522065168876, 0.2590268012958395, 0.24509621162648823, 0.19749574382397433, 0.21706892693073612, 0.23588431461410073, 0.26275532159119935]",[],1.0,"{'input_timing_assumptions': [], 'bottom_boundary': 'free_drainage', 'substeps': 24, 'precipitation_timing': 'explicit_hourly', 'plant_water_stress_method': 'compensated_layer_depletion', 'root_zone_stress_factor': 0.9999999912011447, 'root_zone_depletion_fraction': 0.5431488450801907, 'readily_available_water_adjustment': 'none', 'potential_et_demand_mm': 5.712064858012136, 'surface_wetness': [0.140967014455985]}",1.1954653752846496,2015-10-21,True,-3.2410876294360857,50.0,[],[]
2016-06-06,wheat,92,BBCH92,1.0,1.0,1.0,1617.5468874712567,2.0,0.0,0.0,0.0,1.3719179419096126,0.0,0.0,0.0,0.0,0.0,0.004644161293246596,0.0,0.0,447.8215327311092,0.0,446.4449706279063,-1.3765621032029003,4.107825191113079e-14,5.60029411315918,provided,explicit_hourly,0.0,7.253281628662741,0.0,447.8215327311092,446.4449706279063,1.0,0.9999999911529783,0.5431488450801907,7.253281628662741,1.0,0.0,atmospheric,,,,,0.0,1.0,0.0,0.0,0.0,0.0,16874.977665100767,7415.702645211762,0.0,7116.172734483118,2343.102285405886,377.2299409038132,0.0,0.0,10426.959963424635,10426.959963424635,0.0,0.0,1888.6549098790924,"[0.08833547214051904, 0.1896314979872056, 0.25697724080635576, 0.24509828384328836, 0.19757234418395211, 0.2171116775581146, 0.2360447118245232, 0.2625217189403736]","[0.08833547214051904, 0.1896314979872056, 0.25697724080635576, 0.24509828384328836, 0.19757234418395211, 0.2171116775581146, 0.2360447118245232, 0.2625217189403736]",[],1.0,"{'input_timing_assumptions': [], 'bottom_boundary': 'free_drainage', 'substeps': 24, 'precipitation_timing': 'explicit_hourly', 'plant_water_stress_method': 'compensated_layer_depletion', 'root_zone_stress_factor': 0.9999999911529783, 'root_zone_depletion_fraction': 0.5431488450801907, 'readily_available_water_adjustment': 'none', 'potential_et_demand_mm': 7.253281628662741, 'surface_wetness': [0.12270359489026422]}",1.3719179419096126,2015-10-21,True,-3.5160925016853977,50.0,[],[]
2016-06-07,wheat,92,BBCH92,1.0,1.0,1.0,1637.1808787127118,2.0,3.921016323498959,0.0,0.0,1.13727502111771,0.0,0.0,0.0,0.0,0.0,0.004583721286366445,0.0,0.0,446.4449706279063,0.0,449.2241282090012,2.779157581094921,-3.863576125695545e-14,3.6599977016448975,provided,explicit_hourly,0.0,4.74028569819405,0.0,446.4449706279063,449.2241282090012,1.0,0.9999999911088778,0.5431488450801907,4.74028569819405,1.0,0.0,atmospheric,,,,,0.0,1.0,0.0,0.0,0.0,0.0,16874.977665100767,7415.702645211762,0.0,7116.172734483118,2343.102285405886,377.2299409038132,0.0,0.0,10426.959963424635,10426.959963424635,0.0,0.0,1888.6549098790924,"[0.12081619448605373, 0.18797737460655908, 0.2548873339822411, 0.24508928653009665, 0.19764870893131298, 0.21715499705318134, 0.23619886800993373, 0.2622924754293779]","[0.12081619448605373, 0.18797737460655908, 0.2548873339822411, 0.24508928653009665, 0.19764870893131298, 0.21715499705318134, 0.23619886800993373, 0.2622924754293779]",[],1.0,"{'input_timing_assumptions': [], 'bottom_boundary': 'free_drainage', 'substeps': 24, 'precipitation_timing': 'explicit_hourly', 'plant_water_stress_method': 'compensated_layer_depletion', 'root_zone_stress_factor': 0.9999999911088778, 'root_zone_depletion_fraction': 0.5431488450801907, 'readily_available_water_adjustment': 'none', 'potential_et_demand_mm': 4.74028569819405, 'surface_wetness': [0.22151243943645216]}",1.13727502111771,2015-10-21,True,-4.116452785948097,50.0,[],[]
2016-06-08,wheat,92,BBCH92,1.0,1.0,1.0,1655.7053775788663,2.0,0.03626373557249832,0.0,0.0,1.9106271922052613,0.0,0.0,0.0,0.0,0.0,0.004525273303225149,0.0,0.0,449.2241282090012,0.0,447.3452394790653,-1.878888729935909,-7.904787935331115e-14,5.301610946655273,provided,explicit_hourly,0.0,6.866438887796138,0.0,449.2241282090012,447.3452394790653,1.0,0.9999999911325246,0.5431488450801907,6.866438887796138,1.0,0.0,atmospheric,,,,,0.0,1.0,0.0,0.0,0.0,0.0,16874.977665100767,7415.702645211762,0.0,7116.172734483118,2343.102285405886,377.2299409038132,0.0,0.0,10426.959963424635,10426.959963424635,0.0,0.0,1888.6549098790924,"[0.1034824202571511, 0.1891588912044768, 0.2530813048592624, 0.24507118682481607, 0.19772479425997289, 0.21719885894476568, 0.2363470459085589, 0.2620674136493808]","[0.1034824202571511, 0.1891588912044768, 0.2530813048592624, 0.24507118682481607, 0.19772479425997289, 0.21719885894476568, 0.2363470459085589, 0.2620674136493808]",[],1.0,"{'input_timing_assumptions': [], 'bottom_boundary': 'free_drainage', 'substeps': 24, 'precipitation_timing': 'explicit_hourly', 'plant_water_stress_method': 'compensated_layer_depletion', 'root_zone_stress_factor': 0.9999999911325246, 'root_zone_depletion_fraction': 0.5431488450801907, 'readily_available_water_adjustment': 'none', 'potential_et_demand_mm': 6.866438887796138, 'surface_wetness': [0.16878177091984453]}",1.9106271922052613,2015-10-21,True,-0.8683805513946279,50.0,[],[]
2016-06-09,wheat,92,BBCH92,1.0,1.0,1.0,1669.255935375638,2.0,0.0,0.0,0.0,2.072719756379267,0.0,0.0,0.0,0.0,0.0,0.004468456555385197,0.0,0.0,447.3452394790653,0.0,445.26805126613067,-2.0771882129346295,-2.2648549702353193e-14,7.842623233795166,provided,explicit_hourly,0.0,10.157458496429006,0.0,447.3452394790653,445.26805126613067,1.0,0.9999999911389699,0.5431488450801907,10.157458496429006,1.0,0.0,atmospheric,,,,,0.0,1.0,0.0,0.0,0.0,0.0,16874.977665100767,7415.702645211762,0.0,7116.172734483118,2343.102285405886,377.2299409038132,0.0,0.0,10426.959963424635,10426.959963424635,0.0,0.0,1888.6549098790924,"[0.08738861660770275, 0.18688121911012495, 0.25144675667529554, 0.24504616057087, 0.197800566080248, 0.21724323979747276, 0.23648946803906842, 0.2618463853445113]","[0.08738861660770275, 0.18688121911012495, 0.25144675667529554, 0.24504616057087, 0.197800566080248, 0.21724323979747276, 0.23648946803906842, 0.2618463853445113]",[],1.0,"{'input_timing_assumptions': [], 'bottom_boundary': 'free_drainage', 'substeps': 24, 'precipitation_timing': 'explicit_hourly', 'plant_water_stress_method': 'compensated_layer_depletion', 'root_zone_stress_factor': 0.9999999911389699, 'root_zone_depletion_fraction': 0.5431488450801907, 'readily_available_water_adjustment': 'none', 'potential_et_demand_mm': 10.157458496429006, 'surface_wetness': [0.11982318785514777]}",2.072719756379267,2015-10-21,True,-2.601757974284892,50.0,[],[]
2016-06-10,wheat,92,BBCH92,1.0,1.0,1.0,1681.920572574453,2.0,0.00906593389312458,0.0,0.0,1.462203892151884,0.0,0.0,0.0,0.0,0.0,0.00441328235035078,0.0,0.0,445.26805126613067,0.0,443.81050002552155,-1.4575512406091207,1.021405182655144e-14,7.137994766235352,provided,explicit_hourly,0.0,9.244851298393598,0.0,445.26805126613067,443.81050002552155,1.0,0.9999999910853744,0.5431488450801907,9.244851298393598,1.0,0.0,atmospheric,,,,,0.0,1.0,0.0,0.0,0.0,0.0,16874.977665100767,7415.702645211762,0.0,7116.172734483118,2343.102285405886,377.2299409038132,0.0,0.0,10426.959963424635,10426.959963424635,0.0,0.0,1888.6549098790924,"[0.08113482408810122, 0.18110638077791524, 0.24972671379311492, 0.24501515687582628, 0.19787599845113865, 0.21728811576160006, 0.23662635527694387, 0.26162924435434703]","[0.08113482408810122, 0.18110638077791524, 0.24972671379311492, 0.24501515687582628, 0.19787599845113865, 0.21728811576160006, 0.23662635527694387, 0.26162924435434703]",[],1.0,"{'input_timing_assumptions': [], 'bottom_boundary': 'free_drainage', 'substeps': 24, 'precipitation_timing': 'explicit_hourly', 'plant_water_stress_method': 'compensated_layer_depletion', 'root_zone_stress_factor': 0.9999999910853744, 'root_zone_depletion_fraction': 0.5431488450801907, 'readily_available_water_adjustment': 'none', 'potential_et_demand_mm': 9.244851298393598, 'surface_wetness': [0.10079867213410584]}",1.462203892151884,2015-10-21,True,-4.211138339229725,50.0,[],[]
