representative_id,source_zone_id,crop,harvest_year,start_date,end_date,represented_area_ha,policy,quota_fraction,maximum_daily_residual_mm,maximum_carbon_residual_kg_ha,maximum_grain_ceiling_excess_kg_ha,storage_continuity_error_mm,root_extraction_fraction_day,precipitation_mm,irrigation_field_mm,capillary_rise_mm,soil_evaporation_mm,transpiration_mm,canopy_evaporation_mm,application_evaporation_mm,runoff_mm,off_field_drift_mm,bottom_drainage_mm,pump_input_mm,conveyance_loss_mm,et_mm,yield_kg_ha,biomass_kg_ha,initial_storage_mm,final_storage_mm,balance_residual_mm,parameter_version,nutrient_process,anthesis_date,maturity_date,season_end_date,season_end_reason,maturity_definition,germination_start_date,germination_water_response,sowing_depth_mm
21,ag_099_048,fallow,1996,1996-01-01,1996-10-11,615113.668369401,adaptive_95,1.0,3.694822225952521e-13,0.0,0.0,0.0,1.0,1099.6,0.0,0.0,694.2960099457056,0.0,0.0,0.0,146.8012446603033,0.0,153.3883869502053,0.0,0.0,694.2960099457056,0.0,0.0,602.822236268816,707.9365947125993,2.495115225542577e-12,unvalidated-engineering-priors,fixed independent scenario factor; no N cycle,,,,right_censored,BBCH89_full_ripeness,,,
21,ag_099_048,wheat,1997,1996-10-12,1997-06-10,615113.668369401,adaptive_95,1.0,1.043165553937797e-12,3.325340003357269e-12,0.0,0.0,0.04267140235271844,591.17,300.0,0.0,315.02850550672514,181.66176290753234,52.19691746461677,0.0,143.02189744512384,0.0,236.63560259838323,300.0,0.0,548.8871858788742,7264.035736404304,16916.989576426815,707.9365947125993,670.5619087902198,-1.7990053891026037e-12,unvalidated-engineering-priors,fixed independent scenario factor; no N cycle,1997-04-19,1997-05-28,1997-05-28,full_ripeness,BBCH89_full_ripeness,1996-10-12,seed_layer_available_water,50.0
21,ag_099_048,fallow,1997,1997-06-11,1997-06-14,615113.668369401,adaptive_95,1.0,1.425526363618701e-13,0.0,0.0,0.0,1.0,0.32,0.0,0.0,10.940007124636717,0.0,0.0,0.0,0.0,0.0,1.4996579689394398,0.0,0.0,10.940007124636717,0.0,0.0,670.5619087902198,658.4422436966436,1.0302869668521453e-13,unvalidated-engineering-priors,fixed independent scenario factor; no N cycle,,,,right_censored,BBCH89_full_ripeness,,,
21,ag_099_048,maize,1997,1997-06-15,1997-10-05,615113.668369401,adaptive_95,1.0,9.57900425646585e-13,3.581135388230905e-12,0.0,0.0,0.03354275471250856,422.09,80.0,0.0,19.42870542265526,237.1800392056015,78.63951100374811,0.0,88.03040223491239,0.0,148.76845657904408,80.0,0.0,335.2482556320048,9448.769479139197,18068.52358649676,658.4422436966436,588.4851292506843,-2.0407009415635002e-12,unvalidated-engineering-priors,fixed independent scenario factor; no N cycle,1997-08-10,1997-09-24,1997-09-24,physiological_maturity,R6_physiological_maturity,1997-06-16,seed_layer_available_water,50.0
21,ag_099_048,fallow,1997,1997-10-06,1997-10-11,615113.668369401,adaptive_95,1.0,1.8429702208777599e-13,0.0,0.0,0.0,1.0,0.26,0.0,0.0,15.171406698819915,0.0,0.0,0.0,0.0,0.0,0.08174230577570121,0.0,0.0,15.171406698819915,0.0,0.0,588.4851292506843,573.4919802460886,7.638334409421077e-14,unvalidated-engineering-priors,fixed independent scenario factor; no N cycle,,,,right_censored,BBCH89_full_ripeness,,,
21,ag_099_048,wheat,1998,1997-10-12,1998-06-10,615113.668369401,adaptive_95,1.0,1.0293987884324451e-12,3.0269120543380268e-12,0.0,0.0,0.04267140235271844,785.3,300.0,0.0,327.52449699876706,154.7343139754499,72.7809004066349,0.0,207.4467999900387,0.0,168.77506817478888,300.0,0.0,555.0397113808518,6662.46919396096,15842.82356631238,573.4919802460886,727.5304007004133,-4.1698866581896255e-12,unvalidated-engineering-priors,fixed independent scenario factor; no N cycle,1998-04-21,1998-05-31,1998-05-31,full_ripeness,BBCH89_full_ripeness,1997-10-13,seed_layer_available_water,50.0
21,ag_099_048,fallow,1998,1998-06-11,1998-06-14,615113.668369401,adaptive_95,1.0,1.092459456231154e-13,0.0,0.0,0.0,1.0,8.49,0.0,0.0,14.93548305976323,0.0,0.0,0.0,0.0,0.0,6.27404576980172,0.0,0.0,14.93548305976323,0.0,0.0,727.5304007004133,714.8108718708484,2.930988785010413e-14,unvalidated-engineering-priors,fixed independent scenario factor; no N cycle,,,,right_censored,BBCH89_full_ripeness,,,
21,ag_099_048,maize,1998,1998-06-15,1998-10-05,615113.668369401,adaptive_95,1.0,1.050270981295398e-12,2.1316282072803006e-12,0.0,0.0,0.03354275471250856,687.6899999999999,80.0,0.0,19.964422043069067,180.89086330601364,103.78469626066342,0.0,153.01385458012604,0.0,361.65701354630636,80.0,0.0,304.63998160974614,7934.619023477663,14977.769103191646,714.8108718708484,663.1900221346713,-1.4150902671872245e-12,unvalidated-engineering-priors,fixed independent scenario factor; no N cycle,1998-08-08,1998-09-18,1998-09-18,physiological_maturity,R6_physiological_maturity,1998-06-15,seed_layer_available_water,50.0
21,ag_099_048,fallow,1998,1998-10-06,1998-10-11,615113.668369401,adaptive_95,1.0,1.0969003483296547e-13,0.0,0.0,0.0,1.0,0.81,0.0,0.0,15.526530621616919,0.0,0.0,0.0,0.0,0.0,0.8254678558596179,0.0,0.0,15.526530621616919,0.0,0.0,663.1900221346713,647.6480236571948,-8.304468224196171e-14,unvalidated-engineering-priors,fixed independent scenario factor; no N cycle,,,,right_censored,BBCH89_full_ripeness,,,
21,ag_099_048,wheat,1999,1998-10-12,1999-06-10,615113.668369401,adaptive_95,1.0,1.1866063687193673e-12,4.661160346586257e-12,0.0,0.0,0.04267140235271844,338.57,300.0,0.0,251.7780948073041,188.49256955975002,63.91839274550223,0.0,96.1883987416665,0.0,30.447843373293946,300.0,0.0,504.1890571125563,7316.932441481074,17103.317190313923,647.6480236571948,655.3927244296755,2.569666701646156e-12,unvalidated-engineering-priors,fixed independent scenario factor; no N cycle,1999-04-15,1999-05-24,1999-05-24,full_ripeness,BBCH89_full_ripeness,1998-10-12,seed_layer_available_water,50.0
21,ag_099_048,fallow,1999,1999-06-11,1999-06-14,615113.668369401,adaptive_95,1.0,1.163513729807164e-13,0.0,0.0,0.0,1.0,3.82,0.0,0.0,6.216539062240807,0.0,0.0,0.0,0.0,0.0,1.0978507918150229,0.0,0.0,6.216539062240807,0.0,0.0,655.3927244296755,651.8983345756195,1.234568003383174e-13,unvalidated-engineering-priors,fixed independent scenario factor; no N cycle,,,,right_censored,BBCH89_full_ripeness,,,
21,ag_099_048,maize,1999,1999-06-15,1999-10-05,615113.668369401,adaptive_95,1.0,1.0178524689763435e-12,3.069544618483633e-12,0.0,0.0,0.03354275471250856,330.17,80.0,0.0,20.57756486861721,213.92533167868476,72.76215944683794,0.0,17.855097869440396,0.0,91.96047949000857,80.0,0.0,307.2650559941399,7756.777110671324,15592.0983129282,651.8983345756195,644.9877012220339,-3.2772673463909996e-12,unvalidated-engineering-priors,fixed independent scenario factor; no N cycle,1999-08-12,1999-09-25,1999-09-25,physiological_maturity,R6_physiological_maturity,1999-06-16,seed_layer_available_water,50.0
21,ag_099_048,fallow,1999,1999-10-06,1999-10-11,615113.668369401,adaptive_95,1.0,1.780797731498751e-13,0.0,0.0,0.0,1.0,7.02,0.0,0.0,13.503175500000001,0.0,0.0,0.0,0.0,0.0,0.09209503768292696,0.0,0.0,13.503175500000001,0.0,0.0,644.9877012220339,638.4124306843512,-1.8895995879120164e-13,unvalidated-engineering-priors,fixed independent scenario factor; no N cycle,,,,right_censored,BBCH89_full_ripeness,,,
21,ag_099_048,wheat,2000,1999-10-12,2000-06-10,615113.668369401,adaptive_95,1.0,7.540634783254063e-13,4.774847184307873e-12,0.0,0.0,0.04267140235271844,426.53,300.0,0.0,298.8455293301294,279.6431673712173,41.34878874129118,0.0,90.00554568017155,0.0,39.430071384345815,300.0,0.0,619.8374854426379,9461.849516730557,21176.000821197063,638.4124306843512,615.6693281771973,-1.2819745265346683e-12,unvalidated-engineering-priors,fixed independent scenario factor; no N cycle,2000-04-17,2000-05-25,2000-05-25,full_ripeness,BBCH89_full_ripeness,1999-10-12,seed_layer_available_water,50.0
21,ag_099_048,fallow,2000,2000-06-11,2000-06-14,615113.668369401,adaptive_95,1.0,1.5365486660812167e-13,0.0,0.0,0.0,1.0,0.72,0.0,0.0,13.333248178548551,0.0,0.0,0.0,0.0,0.0,0.052224967475839275,0.0,0.0,13.333248178548551,0.0,0.0,615.6693281771973,603.003855031173,-1.0746958878371515e-13,unvalidated-engineering-priors,fixed independent scenario factor; no N cycle,,,,right_censored,BBCH89_full_ripeness,,,
21,ag_099_048,maize,2000,2000-06-15,2000-10-05,615113.668369401,adaptive_95,1.0,6.501466032204917e-13,2.2737367544323206e-12,0.0,0.0,0.03354275471250856,766.89,80.0,0.0,21.780897370676744,127.76821070726626,89.54374639312569,0.0,121.17419004220694,0.0,310.8773687286422,80.0,0.0,239.0928544710687,6647.811110424284,12541.97186563045,603.003855031173,778.7494417892565,-1.3576362256628727e-12,unvalidated-engineering-priors,fixed independent scenario factor; no N cycle,2000-08-09,2000-09-20,2000-09-20,physiological_maturity,R6_physiological_maturity,2000-06-16,seed_layer_available_water,50.0
21,ag_099_048,fallow,2000,2000-10-06,2000-10-11,615113.668369401,adaptive_95,1.0,2.282618538629322e-13,0.0,0.0,0.0,1.0,13.17,0.0,0.0,15.577848399999997,0.0,0.0,0.0,0.0,0.0,15.782765045232672,0.0,0.0,15.577848399999997,0.0,0.0,778.7494417892565,760.5588283440242,-3.552713678800501e-13,unvalidated-engineering-priors,fixed independent scenario factor; no N cycle,,,,right_censored,BBCH89_full_ripeness,,,
21,ag_099_048,wheat,2001,2000-10-12,2001-06-10,615113.668369401,adaptive_95,1.0,1.1226575225009583e-12,3.424815986363683e-12,0.0,0.0,0.04267140235271844,416.41,300.0,0.0,322.4741551206344,186.81720240230862,42.48609486327278,0.0,97.1396248599779,0.0,189.71851073447814,300.0,0.0,551.7774523862158,7384.633013822576,16585.54342835782,760.5588283440242,638.3332403633582,-5.8539839642435254e-12,unvalidated-engineering-priors,fixed independent scenario factor; no N cycle,2001-04-17,2001-05-27,2001-05-27,full_ripeness,BBCH89_full_ripeness,2000-10-12,seed_layer_available_water,50.0
21,ag_099_048,fallow,2001,2001-06-11,2001-06-14,615113.668369401,adaptive_95,1.0,2.504663143554353e-13,0.0,0.0,0.0,1.0,5.64,0.0,0.0,16.830098846892827,0.0,0.0,0.0,0.0,0.0,0.3618766947376304,0.0,0.0,16.830098846892827,0.0,0.0,638.3332403633582,626.781264821728,-2.4646951146678475e-13,unvalidated-engineering-priors,fixed independent scenario factor; no N cycle,,,,right_censored,BBCH89_full_ripeness,,,
21,ag_099_048,maize,2001,2001-06-15,2001-10-05,615113.668369401,adaptive_95,1.0,8.739675649849232e-13,5.5138116294983774e-12,0.0,0.0,0.03354275471250856,210.65,80.0,0.0,18.593995178851607,298.50250857978926,75.69406402867953,0.0,18.202718696251715,0.0,25.876031196987462,80.0,0.0,392.7905677873204,9675.17944968492,19132.497114950544,626.781264821728,480.56194714116907,-6.893374759897597e-13,unvalidated-engineering-priors,fixed independent scenario factor; no N cycle,2001-08-10,2001-09-20,2001-09-20,physiological_maturity,R6_physiological_maturity,2001-06-15,seed_layer_available_water,50.0
21,ag_099_048,fallow,2001,2001-10-06,2001-10-11,615113.668369401,adaptive_95,1.0,6.128431095930864e-14,0.0,0.0,0.0,1.0,5.3,0.0,0.0,11.663041038051913,0.0,0.0,0.0,0.0,0.0,0.006090884496046029,0.0,0.0,11.663041038051913,0.0,0.0,480.56194714116907,474.19281521862115,-3.7969627442180354e-14,unvalidated-engineering-priors,fixed independent scenario factor; no N cycle,,,,right_censored,BBCH89_full_ripeness,,,
21,ag_099_048,wheat,2002,2001-10-12,2002-06-10,615113.668369401,adaptive_95,1.0,1.1750600492632657e-12,4.064304448547773e-12,0.0,0.0,0.04267140235271844,554.61,300.0,0.0,264.5088233396252,165.68060960219555,73.49027328599493,0.0,120.28843826777161,0.0,17.77428033417641,300.0,0.0,503.6797062278157,6753.869382203891,16807.32511544337,474.19281521862115,687.0603903888546,2.8573809984777654e-12,unvalidated-engineering-priors,fixed independent scenario factor; no N cycle,2002-04-10,2002-05-24,2002-05-24,full_ripeness,BBCH89_full_ripeness,2001-10-13,seed_layer_available_water,50.0
21,ag_099_048,fallow,2002,2002-06-11,2002-06-14,615113.668369401,adaptive_95,1.0,1.5187850976872141e-13,0.0,0.0,0.0,1.0,0.0,0.0,0.0,18.3171144868272,0.0,0.0,0.0,0.0,0.0,1.8770082984262393,0.0,0.0,18.3171144868272,0.0,0.0,687.0603903888546,666.8662676036012,-4.263256414560601e-14,unvalidated-engineering-priors,fixed independent scenario factor; no N cycle,,,,right_censored,BBCH89_full_ripeness,,,
21,ag_099_048,maize,2002,2002-06-15,2002-10-05,615113.668369401,adaptive_95,1.0,9.9298347322474e-13,2.6147972675971687e-12,0.0,0.0,0.03354275471250856,680.97,80.0,0.0,19.20152373407502,197.67668030947922,82.39202692541512,0.0,256.5880728881046,0.0,207.17507559864853,80.0,0.0,299.2702309689694,8830.787699863231,16368.208662896202,666.8662676036012,664.8028881478741,4.597433544972773e-12,unvalidated-engineering-priors,fixed independent scenario factor; no N cycle,2002-08-11,2002-09-26,2002-09-26,physiological_maturity,R6_physiological_maturity,2002-06-16,seed_layer_available_water,50.0
21,ag_099_048,fallow,2002,2002-10-06,2002-10-11,615113.668369401,adaptive_95,1.0,1.0480505352461478e-13,0.0,0.0,0.0,1.0,0.0,0.0,0.0,18.447012373042497,0.0,0.0,0.0,0.0,0.0,0.7414436563010421,0.0,0.0,18.447012373042497,0.0,0.0,664.8028881478741,645.6144321185308,-1.9539925233402755e-13,unvalidated-engineering-priors,fixed independent scenario factor; no N cycle,,,,right_censored,BBCH89_full_ripeness,,,
21,ag_099_048,wheat,2003,2002-10-12,2003-06-10,615113.668369401,adaptive_95,0.75,1.0338396805309458e-12,2.8990143619012088e-12,0.0,0.0,0.04267140235271844,514.5,225.0,0.0,271.94776288730577,155.20828196319982,69.45667987421724,0.0,70.49402006148667,0.0,148.84466419295921,225.0,0.0,496.61272472472285,6620.238785076431,15558.87185873279,645.6144321185308,669.163023139363,-9.00390872971002e-13,unvalidated-engineering-priors,fixed independent scenario factor; no N cycle,2003-04-22,2003-05-30,2003-05-30,full_ripeness,BBCH89_full_ripeness,2002-10-12,seed_layer_available_water,50.0
21,ag_099_048,fallow,2003,2003-06-11,2003-06-14,615113.668369401,adaptive_95,0.75,1.6120438317557273e-13,0.0,0.0,0.0,1.0,11.120000000000001,0.0,0.0,14.56958146150011,0.0,0.0,0.0,0.0,0.0,2.0113174002540832,0.0,0.0,14.56958146150011,0.0,0.0,669.163023139363,663.702124277609,-1.9051427102567686e-13,unvalidated-engineering-priors,fixed independent scenario factor; no N cycle,,,,right_censored,BBCH89_full_ripeness,,,
21,ag_099_048,maize,2003,2003-06-15,2003-10-05,615113.668369401,adaptive_95,0.75,9.698908343125368e-13,2.2950530365051236e-12,0.0,0.0,0.03354275471250856,978.8199999999999,60.0,0.0,19.976251747184048,109.88310925842633,84.10380697266235,0.0,232.8157878243483,0.0,478.058505815941,60.0,0.0,213.96316797827274,6251.964223063703,11566.616666239617,663.702124277609,777.68466265905,-3.0397906414236786e-12,unvalidated-engineering-priors,fixed independent scenario factor; no N cycle,2003-08-12,2003-09-28,2003-09-28,physiological_maturity,R6_physiological_maturity,2003-06-16,seed_layer_available_water,50.0
21,ag_099_048,fallow,2003,2003-10-06,2003-10-11,615113.668369401,adaptive_95,0.75,1.2079226507921703e-13,0.0,0.0,0.0,1.0,75.24,0.0,0.0,11.526430600000001,0.0,0.0,0.0,28.304659616264303,0.0,10.983739187700262,0.0,0.0,11.526430600000001,0.0,0.0,777.68466265905,802.1098332550855,-7.505107646466058e-14,unvalidated-engineering-priors,fixed independent scenario factor; no N cycle,,,,right_censored,BBCH89_full_ripeness,,,
21,ag_099_048,wheat,2004,2003-10-12,2004-06-10,615113.668369401,adaptive_95,0.5,9.046097204645775e-13,5.7696070143720135e-12,0.0,0.0,0.04267140235271844,406.76,150.0,0.0,331.3288071222624,228.40830961480498,57.38335611420031,0.0,12.139683596681957,0.0,114.0147716810103,150.0,0.0,617.1204728512677,8456.627736183598,19660.698998598567,802.1098332550855,615.5949051261272,-1.5762946503627973e-12,unvalidated-engineering-priors,fixed independent scenario factor; no N cycle,2004-04-12,2004-05-21,2004-05-21,full_ripeness,BBCH89_full_ripeness,2003-10-12,seed_layer_available_water,50.0
21,ag_099_048,fallow,2004,2004-06-11,2004-06-14,615113.668369401,adaptive_95,0.5,9.50350909079134e-14,0.0,0.0,0.0,1.0,43.69,0.0,0.0,8.990404137491826,0.0,0.0,0.0,0.0,0.0,0.10509779116375738,0.0,0.0,8.990404137491826,0.0,0.0,615.5949051261272,650.1894031974714,1.942890293094024e-13,unvalidated-engineering-priors,fixed independent scenario factor; no N cycle,,,,right_censored,BBCH89_full_ripeness,,,
21,ag_099_048,maize,2004,2004-06-15,2004-10-05,615113.668369401,adaptive_95,0.5,1.0365042157900461e-12,4.945377440890297e-12,0.0,0.0,0.03354275471250856,608.57,40.0,0.0,15.851032183562364,205.111436617284,108.37865604203475,0.0,134.50192743568834,0.0,139.24498479618921,40.0,0.0,329.34112484288113,9731.761079958811,18492.521633130567,650.1894031974714,695.6713661227114,1.2780887459484802e-12,unvalidated-engineering-priors,fixed independent scenario factor; no N cycle,2004-08-10,2004-09-25,2004-09-25,physiological_maturity,R6_physiological_maturity,2004-06-15,seed_layer_available_water,50.0
21,ag_099_048,fallow,2004,2004-10-06,2004-10-11,615113.668369401,adaptive_95,0.5,2.1804780203638074e-13,0.0,0.0,0.0,1.0,0.01,0.0,0.0,17.67626948002229,0.0,0.0,0.0,0.0,0.0,1.4844651888675828,0.0,0.0,17.67626948002229,0.0,0.0,695.6713661227114,676.5206314538218,-2.3359092438113294e-13,unvalidated-engineering-priors,fixed independent scenario factor; no N cycle,,,,right_censored,BBCH89_full_ripeness,,,
21,ag_099_048,wheat,2005,2004-10-12,2005-06-10,615113.668369401,adaptive_95,0.5,1.0267342531733448e-12,4.462208380573429e-12,0.0,0.0,0.04267140235271844,395.83,150.0,0.0,220.39705861194187,239.55044263859904,75.96968525460012,0.0,0.0,0.0,24.88772808945636,150.0,0.0,535.917186505141,8881.605433113185,21215.62816037719,676.5206314538218,661.5457168592279,-3.5158542743829457e-12,unvalidated-engineering-priors,fixed independent scenario factor; no N cycle,2005-04-24,2005-05-31,2005-05-31,full_ripeness,BBCH89_full_ripeness,2004-10-12,seed_layer_available_water,50.0
21,ag_099_048,fallow,2005,2005-06-11,2005-06-14,615113.668369401,adaptive_95,0.5,2.042810365310288e-13,0.0,0.0,0.0,1.0,0.0,0.0,0.0,23.489193084908727,0.0,0.0,0.0,0.0,0.0,0.1464318826226448,0.0,0.0,23.489193084908727,0.0,0.0,661.5457168592279,637.9100918916969,-3.268496584496461e-13,unvalidated-engineering-priors,fixed independent scenario factor; no N cycle,,,,right_censored,BBCH89_full_ripeness,,,
21,ag_099_048,maize,2005,2005-06-15,2005-10-05,615113.668369401,adaptive_95,0.5,1.0720313525780512e-12,2.3021584638627246e-12,0.0,0.0,0.03354275471250856,912.67,40.0,0.0,18.152358527086946,142.4354750639451,116.28076641370713,0.0,228.3461178687893,0.0,304.46837383587933,40.0,0.0,276.86860000473916,7056.084174546857,14642.512560582996,637.9100918916969,780.8970001822901,-9.866552019843766e-13,unvalidated-engineering-priors,fixed independent scenario factor; no N cycle,2005-08-08,2005-09-22,2005-09-22,physiological_maturity,R6_physiological_maturity,2005-06-15,seed_layer_available_water,50.0
21,ag_099_048,fallow,2005,2005-10-06,2005-10-11,615113.668369401,adaptive_95,0.5,1.3322676295501878e-13,0.0,0.0,0.0,1.0,3.69,0.0,0.0,18.520511699999993,0.0,0.0,0.0,0.0,0.0,16.568799221726454,0.0,0.0,18.520511699999993,0.0,0.0,780.8970001822901,749.4976892605637,-5.0182080713057076e-14,unvalidated-engineering-priors,fixed independent scenario factor; no N cycle,,,,right_censored,BBCH89_full_ripeness,,,
21,ag_099_048,wheat,2006,2005-10-12,2006-06-10,615113.668369401,adaptive_95,0.5,9.228173780684301e-13,5.4569682106375694e-12,0.0,0.0,0.04267140235271844,273.54,150.0,0.0,239.8573575994387,255.61836610378109,55.1417480598625,0.0,0.0,0.0,64.2589618943539,150.0,0.0,550.6174717630823,9120.837600223955,21388.93207979157,749.4976892605637,558.1612556031263,1.209143896119258e-12,unvalidated-engineering-priors,fixed independent scenario factor; no N cycle,2006-04-18,2006-05-27,2006-05-27,full_ripeness,BBCH89_full_ripeness,2005-10-12,seed_layer_available_water,50.0
21,ag_099_048,fallow,2006,2006-06-11,2006-06-14,615113.668369401,adaptive_95,0.5,1.8207657603852567e-13,0.0,0.0,0.0,1.0,5.6899999999999995,0.0,0.0,6.170869450602154,0.0,0.0,0.0,0.0,0.0,0.029347970921228893,0.0,0.0,6.170869450602154,0.0,0.0,558.1612556031263,557.6510381816026,2.5068835896036035e-13,unvalidated-engineering-priors,fixed independent scenario factor; no N cycle,,,,right_censored,BBCH89_full_ripeness,,,
21,ag_099_048,maize,2006,2006-06-15,2006-10-05,615113.668369401,adaptive_95,0.5,1.1315393066979595e-12,2.6147972675971687e-12,0.0,0.0,0.03354275471250856,471.99,40.0,0.0,22.49298363785992,154.97515144392904,98.062871994266,0.0,8.647867885953415,0.0,85.00640092969478,40.0,0.0,275.53100707605495,7392.852077321493,14886.729780791833,557.6510381816026,700.4557622899102,-1.0746514789161665e-11,unvalidated-engineering-priors,fixed independent scenario factor; no N cycle,2006-08-09,2006-09-23,2006-09-23,physiological_maturity,R6_physiological_maturity,2006-06-16,seed_layer_available_water,50.0
21,ag_099_048,fallow,2006,2006-10-06,2006-10-11,615113.668369401,adaptive_95,0.5,2.4558133304708463e-13,0.0,0.0,0.0,1.0,0.36,0.0,0.0,18.890206575542372,0.0,0.0,0.0,0.0,0.0,1.3797388964227606,0.0,0.0,18.890206575542372,0.0,0.0,700.4557622899102,680.5458168179447,4.2454928461665986e-13,unvalidated-engineering-priors,fixed independent scenario factor; no N cycle,,,,right_censored,BBCH89_full_ripeness,,,
21,ag_099_048,wheat,2007,2006-10-12,2007-06-10,615113.668369401,adaptive_95,0.75,8.424372310855688e-13,5.4569682106375694e-12,0.0,0.0,0.04267140235271844,345.03000000000003,225.0,0.0,298.424035589034,227.13035774043968,58.765734510891726,0.0,35.9086276413402,0.0,30.40109672138442,225.0,0.0,584.3201278403654,8870.960934356252,19899.52479350365,680.5458168179447,599.9459646148523,2.302047441560262e-12,unvalidated-engineering-priors,fixed independent scenario factor; no N cycle,2007-04-15,2007-05-25,2007-05-25,full_ripeness,BBCH89_full_ripeness,2006-10-12,seed_layer_available_water,50.0
21,ag_099_048,fallow,2007,2007-06-11,2007-06-14,615113.668369401,adaptive_95,0.75,1.936228954946273e-13,0.0,0.0,0.0,1.0,0.02,0.0,0.0,5.6364325356987,0.0,0.0,0.0,0.0,0.0,0.126635064535495,0.0,0.0,5.6364325356987,0.0,0.0,599.9459646148523,594.2028970146183,-2.0983215165415459e-13,unvalidated-engineering-priors,fixed independent scenario factor; no N cycle,,,,right_censored,BBCH89_full_ripeness,,,
21,ag_099_048,maize,2007,2007-06-15,2007-10-05,615113.668369401,adaptive_95,0.75,1.0684786388992507e-12,2.5863755581667647e-12,0.0,0.0,0.03354275471250856,799.02,60.0,0.0,21.03344474267525,145.5248332287755,84.94003990440103,0.0,142.95389570022584,0.0,358.0503757469754,60.0,0.0,251.49831787585177,6832.279492257003,13350.51898714491,594.2028970146183,700.7203076915646,7.047695760320494e-13,unvalidated-engineering-priors,fixed independent scenario factor; no N cycle,2007-08-11,2007-09-23,2007-09-23,physiological_maturity,R6_physiological_maturity,2007-06-16,seed_layer_available_water,50.0
21,ag_099_048,fallow,2007,2007-10-06,2007-10-11,615113.668369401,adaptive_95,0.75,2.278177646530821e-13,0.0,0.0,0.0,1.0,0.03,0.0,0.0,20.170393662289808,0.0,0.0,0.0,0.0,0.0,1.8202418132331286,0.0,0.0,20.170393662289808,0.0,0.0,700.7203076915646,678.7596722160416,2.7977620220553945e-14,unvalidated-engineering-priors,fixed independent scenario factor; no N cycle,,,,right_censored,BBCH89_full_ripeness,,,
21,ag_099_048,wheat,2008,2007-10-12,2008-06-10,615113.668369401,adaptive_95,0.5,7.833733661755105e-13,6.195932655828074e-12,0.0,0.0,0.04267140235271844,430.25,150.0,0.0,251.1124743608202,255.25303563858486,58.6644391571657,0.0,14.919922166757834,0.0,35.55235401555453,150.0,0.0,565.0299491565708,10173.636553900176,22608.237985499723,678.7596722160416,643.5074468771595,-1.0186851362448124e-12,unvalidated-engineering-priors,fixed independent scenario factor; no N cycle,2008-04-18,2008-05-28,2008-05-28,full_ripeness,BBCH89_full_ripeness,2007-10-12,seed_layer_available_water,50.0
21,ag_099_048,fallow,2008,2008-06-11,2008-06-14,615113.668369401,adaptive_95,0.5,2.8199664825478976e-13,0.0,0.0,0.0,1.0,1.51,0.0,0.0,7.242338179266543,0.0,0.0,0.0,0.0,0.0,0.6018959891301476,0.0,0.0,7.242338179266543,0.0,0.0,643.5074468771595,637.1732127087632,-4.127809205556332e-13,unvalidated-engineering-priors,fixed independent scenario factor; no N cycle,,,,right_censored,BBCH89_full_ripeness,,,
21,ag_099_048,maize,2008,2008-06-15,2008-10-05,615113.668369401,adaptive_95,0.5,1.3580248037214915e-12,2.5579538487363607e-12,0.0,0.0,0.03354275471250856,617.89,40.0,0.0,17.789439679276597,154.5921189187914,89.59742789509868,0.0,47.539420264964455,0.0,256.15350342709047,40.0,0.0,261.9789864931667,7792.733874223705,14671.14858141625,637.1732127087632,729.3913025235414,2.013944566670034e-13,unvalidated-engineering-priors,fixed independent scenario factor; no N cycle,2008-08-10,2008-09-22,2008-09-22,physiological_maturity,R6_physiological_maturity,2008-06-16,seed_layer_available_water,50.0
21,ag_099_048,fallow,2008,2008-10-06,2008-10-11,615113.668369401,adaptive_95,0.5,1.5587531265737198e-13,0.0,0.0,0.0,1.0,0.21000000000000002,0.0,0.0,14.821354499999998,0.0,0.0,0.0,0.0,0.0,3.652806657559753,0.0,0.0,14.821354499999998,0.0,0.0,729.3913025235414,711.1271413659816,3.197442310920451e-14,unvalidated-engineering-priors,fixed independent scenario factor; no N cycle,,,,right_censored,BBCH89_full_ripeness,,,
21,ag_099_048,wheat,2009,2008-10-12,2009-06-10,615113.668369401,adaptive_95,0.5,8.633094239485217e-13,5.343281372915953e-12,0.0,0.0,0.04267140235271844,321.76,150.0,0.0,284.6360354549486,216.56346124894222,55.7010534898817,0.0,0.0,0.0,39.71308504873698,150.0,0.0,556.9005501937726,8175.358538369035,18412.298747188615,711.1271413659816,586.2735061234742,-2.1600499167107046e-12,unvalidated-engineering-priors,fixed independent scenario factor; no N cycle,2009-04-15,2009-05-24,2009-05-24,full_ripeness,BBCH89_full_ripeness,2008-10-12,seed_layer_available_water,50.0
21,ag_099_048,fallow,2009,2009-06-11,2009-06-14,615113.668369401,adaptive_95,0.5,1.6431300764452317e-13,0.0,0.0,0.0,1.0,0.5700000000000001,0.0,0.0,10.004511704541455,0.0,0.0,0.0,0.0,0.0,0.0370345193169894,0.0,0.0,10.004511704541455,0.0,0.0,586.2735061234742,576.8019598996159,-9.08162434143378e-14,unvalidated-engineering-priors,fixed independent scenario factor; no N cycle,,,,right_censored,BBCH89_full_ripeness,,,
21,ag_099_048,maize,2009,2009-06-15,2009-10-05,615113.668369401,adaptive_95,0.5,1.0080825063596421e-12,3.296918293926865e-12,0.0,0.0,0.03354275471250856,397.37,40.0,0.0,18.088386097344216,199.66048354960813,81.59250219406407,0.0,1.669004364118905,0.0,16.022358341422244,40.0,0.0,299.34137184101644,8006.981201517843,15821.955246599024,576.8019598996159,697.139225353062,-3.665401315799954e-12,unvalidated-engineering-priors,fixed independent scenario factor; no N cycle,2009-08-10,2009-09-25,2009-09-25,physiological_maturity,R6_physiological_maturity,2009-06-16,seed_layer_available_water,50.0
21,ag_099_048,fallow,2009,2009-10-06,2009-10-11,615113.668369401,adaptive_95,0.5,1.4477308241112041e-13,0.0,0.0,0.0,1.0,1.85,0.0,0.0,17.143835009137604,0.0,0.0,0.0,0.0,0.0,1.2738211657620004,0.0,0.0,17.143835009137604,0.0,0.0,697.139225353062,680.5715691781627,-3.05089287166993e-13,unvalidated-engineering-priors,fixed independent scenario factor; no N cycle,,,,right_censored,BBCH89_full_ripeness,,,
21,ag_099_048,wheat,2010,2009-10-12,2010-06-10,615113.668369401,adaptive_95,0.75,9.032774528350274e-13,3.865352482534945e-12,0.0,0.0,0.04267140235271844,438.37,225.0,0.0,277.6527536928416,209.8719295749832,65.98258002826375,0.0,35.63879987707679,0.0,45.99620799374395,225.0,0.0,553.5072632960886,8163.18403675278,18993.429553937633,680.5715691781627,708.7992980112507,2.6666446828471635e-12,unvalidated-engineering-priors,fixed independent scenario factor; no N cycle,2010-04-29,2010-06-06,2010-06-06,full_ripeness,BBCH89_full_ripeness,2009-10-12,seed_layer_available_water,50.0
21,ag_099_048,fallow,2010,2010-06-11,2010-06-14,615113.668369401,adaptive_95,0.75,2.1316282072803006e-13,0.0,0.0,0.0,1.0,0.09,0.0,0.0,20.141544155296156,0.0,0.0,0.0,0.0,0.0,0.8504212455144533,0.0,0.0,20.141544155296156,0.0,0.0,708.7992980112507,687.8973326104406,-4.82280881897168e-13,unvalidated-engineering-priors,fixed independent scenario factor; no N cycle,,,,right_censored,BBCH89_full_ripeness,,,
21,ag_099_048,maize,2010,2010-06-15,2010-10-05,615113.668369401,adaptive_95,0.75,1.1102230246251565e-12,3.751665644813329e-12,0.0,0.0,0.03354275471250856,445.4,60.0,0.0,18.522177841720126,175.1197983990477,111.01161608741664,0.0,22.608482428497283,0.0,147.81883572427216,60.0,0.0,304.65359232818446,7601.219191462543,15577.854411159233,687.8973326104406,718.2164221294834,3.308575635685429e-12,unvalidated-engineering-priors,fixed independent scenario factor; no N cycle,2010-08-08,2010-09-20,2010-09-20,physiological_maturity,R6_physiological_maturity,2010-06-15,seed_layer_available_water,50.0
21,ag_099_048,fallow,2010,2010-10-06,2010-10-11,615113.668369401,adaptive_95,0.75,2.389199948993337e-13,0.0,0.0,0.0,1.0,0.6,0.0,0.0,20.70856301188645,0.0,0.0,0.0,0.0,0.0,2.6997094481122366,0.0,0.0,20.70856301188645,0.0,0.0,718.2164221294834,695.4081496694846,7.37188088351104e-14,unvalidated-engineering-priors,fixed independent scenario factor; no N cycle,,,,right_censored,BBCH89_full_ripeness,,,
21,ag_099_048,wheat,2011,2010-10-12,2011-06-10,615113.668369401,adaptive_95,0.75,7.043254868221993e-13,3.979039320256561e-12,0.0,0.0,0.04267140235271844,152.6,225.0,0.0,216.7845160651703,301.718311098267,31.700777814588587,0.0,0.0,0.0,35.33639911808372,225.0,0.0,550.203604978026,8752.870788346432,20011.33055862195,695.4081496694846,487.4681455733721,2.866595849582154e-12,unvalidated-engineering-priors,fixed independent scenario factor; no N cycle,2011-04-19,2011-05-30,2011-05-30,full_ripeness,BBCH89_full_ripeness,2010-10-12,seed_layer_available_water,50.0
21,ag_099_048,fallow,2011,2011-06-11,2011-06-14,615113.668369401,adaptive_95,0.75,6.128431095930864e-14,0.0,0.0,0.0,1.0,21.4,0.0,0.0,7.372281563128807,0.0,0.0,0.0,0.0,0.0,0.002156405316439212,0.0,0.0,7.372281563128807,0.0,0.0,487.4681455733721,501.4937076049268,8.348877145181177e-14,unvalidated-engineering-priors,fixed independent scenario factor; no N cycle,,,,right_censored,BBCH89_full_ripeness,,,
21,ag_099_048,maize,2011,2011-06-15,2011-10-05,615113.668369401,adaptive_95,0.75,1.1119993814645568e-12,3.439026841078885e-12,0.0,0.0,0.03354275471250856,406.55,60.0,0.0,18.96003957441211,169.20672769344574,96.16786306163365,0.0,0.0,0.0,8.887303771629872,60.0,0.0,284.3346303294915,7493.64192890605,14965.240973297143,501.4937076049268,674.8217735038027,2.730871084821729e-12,unvalidated-engineering-priors,fixed independent scenario factor; no N cycle,2011-08-10,2011-09-27,2011-09-27,physiological_maturity,R6_physiological_maturity,2011-06-15,seed_layer_available_water,50.0
21,ag_099_048,fallow,2011,2011-10-06,2011-10-11,615113.668369401,adaptive_95,0.75,1.3100631690576847e-13,0.0,0.0,0.0,1.0,2.54,0.0,0.0,19.952507281176562,0.0,0.0,0.0,0.0,0.0,0.7541484180526143,0.0,0.0,19.952507281176562,0.0,0.0,674.8217735038027,656.6551178045735,5.773159728050814e-15,unvalidated-engineering-priors,fixed independent scenario factor; no N cycle,,,,right_censored,BBCH89_full_ripeness,,,
21,ag_099_048,wheat,2012,2011-10-12,2012-06-10,615113.668369401,adaptive_95,0.75,8.553158181712206e-13,3.637978807091713e-12,0.0,0.0,0.04267140235271844,272.93,225.0,0.0,278.5709595716274,219.5383989827902,38.12269344923873,0.0,7.50484837402697,0.0,34.74762274544647,225.0,0.0,536.2320520036563,7543.886603272744,17357.203833955573,656.6551178045735,576.1005946814469,-3.130939951745404e-12,unvalidated-engineering-priors,fixed independent scenario factor; no N cycle,2012-04-22,2012-05-28,2012-05-28,full_ripeness,BBCH89_full_ripeness,2011-10-12,seed_layer_available_water,50.0
21,ag_099_048,fallow,2012,2012-06-11,2012-06-14,615113.668369401,adaptive_95,0.75,1.0724754417879012e-13,0.0,0.0,0.0,1.0,0.44,0.0,0.0,4.480343384724157,0.0,0.0,0.0,0.0,0.0,0.07286686553024325,0.0,0.0,4.480343384724157,0.0,0.0,576.1005946814469,571.9873844311927,-2.446931546273845e-13,unvalidated-engineering-priors,fixed independent scenario factor; no N cycle,,,,right_censored,BBCH89_full_ripeness,,,
21,ag_099_048,maize,2012,2012-06-15,2012-10-05,615113.668369401,adaptive_95,0.75,1.1652900866465643e-12,3.183231456205249e-12,0.0,0.0,0.03354275471250856,462.43,60.0,0.0,22.784171598171405,221.49592586435907,68.29990622924605,0.0,10.36806240546423,0.0,74.233797959297,60.0,0.0,312.5800036917765,8250.422856336678,15546.846934332247,571.9873844311927,697.235520374658,-3.0098146197587994e-12,unvalidated-engineering-priors,fixed independent scenario factor; no N cycle,2012-08-10,2012-09-23,2012-09-23,physiological_maturity,R6_physiological_maturity,2012-06-16,seed_layer_available_water,50.0
21,ag_099_048,fallow,2012,2012-10-06,2012-10-11,615113.668369401,adaptive_95,0.75,1.0258460747536446e-13,0.0,0.0,0.0,1.0,0.02,0.0,0.0,19.722607860216876,0.0,0.0,0.0,0.0,0.0,2.116330777783838,0.0,0.0,19.722607860216876,0.0,0.0,697.235520374658,675.4165817366571,1.603162047558726e-13,unvalidated-engineering-priors,fixed independent scenario factor; no N cycle,,,,right_censored,BBCH89_full_ripeness,,,
21,ag_099_048,wheat,2013,2012-10-12,2013-06-10,615113.668369401,adaptive_95,0.75,9.992007221626409e-13,4.973799150320701e-12,0.0,0.0,0.04267140235271844,339.04,225.0,0.0,314.26769946269394,245.68223022012188,49.864119456239294,0.0,1.0886838011456792,0.0,31.765789524806827,225.0,0.0,609.8140491390551,8103.513018546633,18850.68603433355,675.4165817366571,596.7880592716524,-2.8791968809116497e-12,unvalidated-engineering-priors,fixed independent scenario factor; no N cycle,2013-04-20,2013-05-30,2013-05-30,full_ripeness,BBCH89_full_ripeness,2012-10-12,seed_layer_available_water,50.0
21,ag_099_048,fallow,2013,2013-06-11,2013-06-14,615113.668369401,adaptive_95,0.75,4.75175454539567e-14,0.0,0.0,0.0,1.0,1.55,0.0,0.0,9.457602295517004,0.0,0.0,0.0,0.0,0.0,0.057904152287002776,0.0,0.0,9.457602295517004,0.0,0.0,596.7880592716524,588.8225528238484,3.863576125695545e-14,unvalidated-engineering-priors,fixed independent scenario factor; no N cycle,,,,right_censored,BBCH89_full_ripeness,,,
21,ag_099_048,maize,2013,2013-06-15,2013-10-05,615113.668369401,adaptive_95,0.75,8.775202786637237e-13,3.637978807091713e-12,0.0,0.0,0.03354275471250856,423.51,60.0,0.0,21.30443353577744,281.2340129710712,71.0607822263081,0.0,22.222661538932115,0.0,7.964985760575846,60.0,0.0,373.59922873315674,8330.417888750046,17784.202979870923,588.8225528238484,668.5456767911776,6.057543355808548e-12,unvalidated-engineering-priors,fixed independent scenario factor; no N cycle,2013-08-10,2013-09-24,2013-09-24,physiological_maturity,R6_physiological_maturity,2013-06-16,seed_layer_available_water,50.0
21,ag_099_048,fallow,2013,2013-10-06,2013-10-11,615113.668369401,adaptive_95,0.75,1.7763568394002505e-13,0.0,0.0,0.0,1.0,0.0,0.0,0.0,21.732471103446308,0.0,0.0,0.0,0.0,0.0,0.3708888784939431,0.0,0.0,21.732471103446308,0.0,0.0,668.5456767911776,646.4423168092372,9.14823772291129e-14,unvalidated-engineering-priors,fixed independent scenario factor; no N cycle,,,,right_censored,BBCH89_full_ripeness,,,
21,ag_099_048,wheat,2014,2013-10-12,2014-06-10,615113.668369401,adaptive_95,1.0,8.966161146872764e-13,4.177991286269389e-12,0.0,0.0,0.04267140235271844,302.25,300.0,0.0,285.51071437498257,205.40044111055278,63.20315591079876,0.0,55.33608715247987,0.0,18.498396569252172,300.0,0.0,554.1143113963342,8282.08327840652,18788.35322549579,646.4423168092372,620.74352169117,1.017297357464031e-12,unvalidated-engineering-priors,fixed independent scenario factor; no N cycle,2014-04-13,2014-05-23,2014-05-23,full_ripeness,BBCH89_full_ripeness,2013-10-12,seed_layer_available_water,50.0
21,ag_099_048,fallow,2014,2014-06-11,2014-06-14,615113.668369401,adaptive_95,1.0,8.193445921733655e-14,0.0,0.0,0.0,1.0,3.7199999999999998,0.0,0.0,5.63187717957881,0.0,0.0,0.0,0.0,0.0,0.3085794849588587,0.0,0.0,5.63187717957881,0.0,0.0,620.74352169117,618.5230650266325,-1.1834977442504169e-13,unvalidated-engineering-priors,fixed independent scenario factor; no N cycle,,,,right_censored,BBCH89_full_ripeness,,,
21,ag_099_048,maize,2014,2014-06-15,2014-10-05,615113.668369401,adaptive_95,1.0,7.691625114603085e-13,3.353761712787673e-12,0.0,0.0,0.03354275471250856,444.9,80.0,0.0,16.595879989989008,179.10320702676367,90.30545933085028,0.0,22.925144693877755,0.0,71.9186753504671,80.0,0.0,286.00454634760297,7167.2375193144935,15508.647675077631,618.5230650266325,762.574698634686,-1.3450907054846084e-12,unvalidated-engineering-priors,fixed independent scenario factor; no N cycle,2014-08-12,2014-09-28,2014-09-28,physiological_maturity,R6_physiological_maturity,2014-06-16,seed_layer_available_water,50.0
21,ag_099_048,fallow,2014,2014-10-06,2014-10-11,615113.668369401,adaptive_95,1.0,2.5845992013273644e-13,0.0,0.0,0.0,1.0,0.0,0.0,0.0,19.943190500000004,0.0,0.0,0.0,0.0,0.0,10.35500407332261,0.0,0.0,19.943190500000004,0.0,0.0,762.574698634686,732.2765040613635,-1.4921397450962104e-13,unvalidated-engineering-priors,fixed independent scenario factor; no N cycle,,,,right_censored,BBCH89_full_ripeness,,,
21,ag_099_048,wheat,2015,2014-10-12,2015-06-10,615113.668369401,adaptive_95,0.75,9.316991622654314e-13,4.547473508864641e-12,0.0,0.0,0.04267140235271844,401.98,225.0,0.0,319.8396263163151,186.84367803840092,59.25108317992256,0.0,29.21839833871023,0.0,104.82302676883275,225.0,0.0,565.9343875346386,7612.4162416443405,17371.779259961975,732.2765040613635,659.2806914191876,-5.667910585316349e-12,unvalidated-engineering-priors,fixed independent scenario factor; no N cycle,2015-04-18,2015-05-25,2015-05-25,full_ripeness,BBCH89_full_ripeness,2014-10-12,seed_layer_available_water,50.0
21,ag_099_048,fallow,2015,2015-06-11,2015-06-14,615113.668369401,adaptive_95,0.75,6.17284001691587e-14,0.0,0.0,0.0,1.0,0.0,0.0,0.0,8.682945402499087,0.0,0.0,0.0,0.0,0.0,1.0138887081575974,0.0,0.0,8.682945402499087,0.0,0.0,659.2806914191876,649.5838573085309,2.6201263381153694e-14,unvalidated-engineering-priors,fixed independent scenario factor; no N cycle,,,,right_censored,BBCH89_full_ripeness,,,
21,ag_099_048,maize,2015,2015-06-15,2015-10-05,615113.668369401,adaptive_95,0.75,1.2119194536808209e-12,2.2168933355715126e-12,0.0,0.0,0.03354275471250856,508.64,60.0,0.0,18.52298993105146,220.2506510199496,51.10455673402629,0.0,97.93837914198394,0.0,176.26844484454173,60.0,0.0,289.8781976850274,8783.055990482664,16320.920104915902,649.5838573085309,654.1388356369856,-7.733591544933915e-12,unvalidated-engineering-priors,fixed independent scenario factor; no N cycle,2015-08-13,2015-09-27,2015-09-27,physiological_maturity,R6_physiological_maturity,2015-06-16,seed_layer_available_water,50.0
21,ag_099_048,fallow,2015,2015-10-06,2015-10-11,615113.668369401,adaptive_95,0.75,3.0730973321624333e-13,0.0,0.0,0.0,1.0,5.1899999999999995,0.0,0.0,17.49621864089783,0.0,0.0,0.0,0.0,0.0,0.2881061944683968,0.0,0.0,17.49621864089783,0.0,0.0,654.1388356369856,641.5445108016198,-4.3209880118411093e-13,unvalidated-engineering-priors,fixed independent scenario factor; no N cycle,,,,right_censored,BBCH89_full_ripeness,,,
21,ag_099_048,wheat,2016,2015-10-12,2016-06-10,615113.668369401,adaptive_95,0.75,1.1728396032140154e-12,3.979039320256561e-12,0.0,0.0,0.04267140235271844,450.44,225.0,0.0,345.9463829826995,178.92577439981403,49.842882224173295,0.0,13.39649265875592,0.0,21.719580490358293,225.0,0.0,574.7150396066868,7025.143077859903,16144.993613945673,641.5445108016198,707.1533980458203,-1.4648282586904315e-12,unvalidated-engineering-priors,fixed independent scenario factor; no N cycle,2016-04-14,2016-05-23,2016-05-23,full_ripeness,BBCH89_full_ripeness,2015-10-12,seed_layer_available_water,50.0
21,ag_099_048,fallow,2016,2016-06-11,2016-06-14,615113.668369401,adaptive_95,0.75,2.611244553918368e-13,0.0,0.0,0.0,1.0,8.44,0.0,0.0,20.043145554941376,0.0,0.0,0.0,0.0,0.0,1.2832370068411612,0.0,0.0,20.043145554941376,0.0,0.0,707.1533980458203,694.267015484038,-2.55351295663786e-13,unvalidated-engineering-priors,fixed independent scenario factor; no N cycle,,,,right_censored,BBCH89_full_ripeness,,,
21,ag_099_048,maize,2016,2016-06-15,2016-10-05,615113.668369401,adaptive_95,0.75,1.0969003483296547e-12,3.666400516522117e-12,0.0,0.0,0.03354275471250856,478.68,60.0,0.0,18.572627346515933,238.3218144547839,64.74945871617129,0.0,98.10915490334118,0.0,155.58126724090576,60.0,0.0,321.64390051747114,9036.747578706414,17109.035186956477,694.267015484038,657.6126928223216,-1.66644475996236e-12,unvalidated-engineering-priors,fixed independent scenario factor; no N cycle,2016-08-10,2016-09-20,2016-09-20,physiological_maturity,R6_physiological_maturity,2016-06-15,seed_layer_available_water,50.0
21,ag_099_048,fallow,2016,2016-10-06,2016-10-11,615113.668369401,adaptive_95,0.75,1.7075230118734908e-13,0.0,0.0,0.0,1.0,0.25,0.0,0.0,15.942508599999996,0.0,0.0,0.0,0.0,0.0,0.16938437774242213,0.0,0.0,15.942508599999996,0.0,0.0,657.6126928223216,641.7507998445794,-2.4558133304708463e-13,unvalidated-engineering-priors,fixed independent scenario factor; no N cycle,,,,right_censored,BBCH89_full_ripeness,,,
21,ag_099_048,wheat,2017,2016-10-12,2017-06-10,615113.668369401,adaptive_95,0.75,8.739675649849232e-13,3.637978807091713e-12,0.0,0.0,0.04267140235271844,537.22,225.0,0.0,348.07873351227363,170.35805076302373,49.47248138123825,0.0,27.733456962436517,0.0,106.8537633672118,225.0,0.0,567.9092656565356,6628.081644304503,15393.964589485393,641.7507998445794,701.4743138583952,2.610134330893743e-13,unvalidated-engineering-priors,fixed independent scenario factor; no N cycle,2017-04-13,2017-05-21,2017-05-21,full_ripeness,BBCH89_full_ripeness,2016-10-12,seed_layer_available_water,50.0
21,ag_099_048,fallow,2017,2017-06-11,2017-06-14,615113.668369401,adaptive_95,0.75,2.2737367544323206e-13,0.0,0.0,0.0,1.0,0.19,0.0,0.0,18.6842909,0.0,0.0,0.0,0.0,0.0,0.5388113152829637,0.0,0.0,18.6842909,0.0,0.0,701.4743138583952,682.4412116431124,-1.2612133559741778e-13,unvalidated-engineering-priors,fixed independent scenario factor; no N cycle,,,,right_censored,BBCH89_full_ripeness,,,
21,ag_099_048,maize,2017,2017-06-15,2017-10-05,615113.668369401,adaptive_95,0.75,9.299228054260311e-13,2.9700686354772188e-12,0.0,0.0,0.03354275471250856,761.44,60.0,0.0,16.378157515855456,205.02468096785185,86.91806926259947,0.0,118.09501329493095,0.0,272.4521868806032,60.0,0.0,308.3209077463068,8066.289556963628,16732.865642001794,682.4412116431124,805.0131037212747,-3.223976641208992e-12,unvalidated-engineering-priors,fixed independent scenario factor; no N cycle,2017-08-08,2017-09-20,2017-09-20,physiological_maturity,R6_physiological_maturity,2017-06-15,seed_layer_available_water,50.0
21,ag_099_048,fallow,2017,2017-10-06,2017-10-11,615113.668369401,adaptive_95,0.75,2.5934809855243657e-13,0.0,0.0,0.0,1.0,42.489999999999995,0.0,0.0,12.20742934,0.0,0.0,0.0,0.38142636282676534,0.0,30.465220857766543,0.0,0.0,12.20742934,0.0,0.0,805.0131037212747,804.4490271606812,1.2256862191861728e-13,unvalidated-engineering-priors,fixed independent scenario factor; no N cycle,,,,right_censored,BBCH89_full_ripeness,,,
21,ag_099_048,wheat,2018,2017-10-12,2018-06-10,615113.668369401,adaptive_95,1.0,1.0369483049998962e-12,5.5138116294983774e-12,0.0,0.0,0.04267140235271844,456.65999999999997,300.0,0.0,278.9851439475268,219.23753818756123,67.04324874187047,0.0,152.44340465041472,0.0,145.44336819447537,300.0,0.0,565.2659308769585,8113.178668859852,19106.578353545818,804.4490271606812,697.9563234388293,3.3881786265510527e-12,unvalidated-engineering-priors,fixed independent scenario factor; no N cycle,2018-04-14,2018-05-24,2018-05-24,full_ripeness,BBCH89_full_ripeness,2017-10-12,seed_layer_available_water,50.0
21,ag_099_048,fallow,2018,2018-06-11,2018-06-14,615113.668369401,adaptive_95,1.0,2.1671553440683056e-13,0.0,0.0,0.0,1.0,0.0,0.0,0.0,11.117032684497149,0.0,0.0,0.0,0.0,0.0,3.427159621383727,0.0,0.0,11.117032684497149,0.0,0.0,697.9563234388293,683.412131132948,3.348432642269472e-13,unvalidated-engineering-priors,fixed independent scenario factor; no N cycle,,,,right_censored,BBCH89_full_ripeness,,,
21,ag_099_048,maize,2018,2018-06-15,2018-10-05,615113.668369401,adaptive_95,1.0,1.085354028873553e-12,3.069544618483633e-12,0.0,0.0,0.03354275471250856,421.13,80.0,0.0,19.037692978578413,231.42403074912846,74.86522958148049,0.0,85.65123301147156,0.0,119.02441310410272,80.0,0.0,325.32695330918733,7728.83653036204,16031.58898470327,683.412131132948,654.5395317081867,-2.6911806116913795e-13,unvalidated-engineering-priors,fixed independent scenario factor; no N cycle,2018-08-10,2018-09-21,2018-09-21,physiological_maturity,R6_physiological_maturity,2018-06-16,seed_layer_available_water,50.0
21,ag_099_048,fallow,2018,2018-10-06,2018-10-11,615113.668369401,adaptive_95,1.0,1.0391687510491465e-13,0.0,0.0,0.0,1.0,0.9199999999999999,0.0,0.0,18.715525339633867,0.0,0.0,0.0,0.0,0.0,0.48437454551834064,0.0,0.0,18.715525339633867,0.0,0.0,654.5395317081867,636.2596318230345,-1.7319479184152442e-14,unvalidated-engineering-priors,fixed independent scenario factor; no N cycle,,,,right_censored,BBCH89_full_ripeness,,,
21,ag_099_048,wheat,2019,2018-10-12,2019-06-10,615113.668369401,adaptive_95,1.0,1.1834977442504169e-12,4.604316927725449e-12,0.0,0.0,0.04267140235271844,312.57,300.0,0.0,293.5143157865679,219.71633487696838,48.42936981890911,0.0,65.56471166023042,0.0,21.602306554670363,300.0,0.0,561.6600204824454,8427.919304127892,19132.16477532369,636.2596318230345,600.002593125685,3.2959190932047022e-12,unvalidated-engineering-priors,fixed independent scenario factor; no N cycle,2019-04-18,2019-05-27,2019-05-27,full_ripeness,BBCH89_full_ripeness,2018-10-12,seed_layer_available_water,50.0
21,ag_099_048,fallow,2019,2019-06-11,2019-06-14,615113.668369401,adaptive_95,1.0,2.893241202173158e-13,0.0,0.0,0.0,1.0,0.07,0.0,0.0,5.979444484714902,0.0,0.0,0.0,0.0,0.0,0.15525156459660627,0.0,0.0,5.979444484714902,0.0,0.0,600.002593125685,593.9378970763736,-4.3076653355456074e-14,unvalidated-engineering-priors,fixed independent scenario factor; no N cycle,,,,right_censored,BBCH89_full_ripeness,,,
21,ag_099_048,maize,2019,2019-06-15,2019-10-05,615113.668369401,adaptive_95,1.0,1.0018652574217413e-12,4.348521542851813e-12,1.4210854715202004e-14,0.0,0.03354275471250856,302.6,80.0,0.0,17.350794801237853,295.85860313716813,66.18554220526953,0.0,8.298350518149928,0.0,23.640733899828646,80.0,0.0,379.3949401436755,9200.521402844275,18753.968968557543,593.9378970763736,565.2038725147193,2.3947510641164627e-13,unvalidated-engineering-priors,fixed independent scenario factor; no N cycle,2019-08-10,2019-09-22,2019-09-22,physiological_maturity,R6_physiological_maturity,2019-06-16,seed_layer_available_water,50.0
21,ag_099_048,fallow,2019,2019-10-06,2019-10-11,615113.668369401,adaptive_95,1.0,1.41886502547095e-13,0.0,0.0,0.0,1.0,15.930000000000001,0.0,0.0,11.176694,0.0,0.0,0.0,0.0,0.0,0.012217496859734677,0.0,0.0,11.176694,0.0,0.0,565.2038725147193,569.9449610178597,-1.504352198367087e-13,unvalidated-engineering-priors,fixed independent scenario factor; no N cycle,,,,right_censored,BBCH89_full_ripeness,,,
21,ag_099_048,wheat,2020,2019-10-12,2020-06-10,615113.668369401,adaptive_95,0.75,9.778844400898379e-13,6.16751094639767e-12,0.0,0.0,0.04267140235271844,252.18,225.0,0.0,230.3745407916077,226.76869428354857,52.78279271793633,0.0,11.610727908459554,0.0,1.5236356950815664,225.0,0.0,509.9260277930926,8317.256525821891,19099.23966454468,569.9449610178597,524.0645696212277,-1.7912893390814588e-12,unvalidated-engineering-priors,fixed independent scenario factor; no N cycle,2020-04-12,2020-05-24,2020-05-24,full_ripeness,BBCH89_full_ripeness,2019-10-12,seed_layer_available_water,50.0
21,ag_099_048,fallow,2020,2020-06-11,2020-06-14,615113.668369401,adaptive_95,0.75,1.4432899320127035e-13,0.0,0.0,0.0,1.0,35.089999999999996,0.0,0.0,11.491439473349077,0.0,0.0,0.0,0.0,0.0,0.007739872246417815,0.0,0.0,11.491439473349077,0.0,0.0,524.0645696212277,547.6553902756322,9.370282327836321e-14,unvalidated-engineering-priors,fixed independent scenario factor; no N cycle,,,,right_censored,BBCH89_full_ripeness,,,
21,ag_099_048,maize,2020,2020-06-15,2020-10-05,615113.668369401,adaptive_95,0.75,1.0684786388992507e-12,2.4442670110147446e-12,0.0,0.0,0.03354275471250856,738.0,60.0,0.0,18.793344757166423,170.41471129738326,66.93452348652575,0.0,159.3241238855255,0.0,227.6235845536545,60.0,0.0,256.1425795410754,6665.493361252491,13815.43680508165,547.6553902756322,702.5651022953774,-6.477041125663163e-13,unvalidated-engineering-priors,fixed independent scenario factor; no N cycle,2020-08-11,2020-09-22,2020-09-22,physiological_maturity,R6_physiological_maturity,2020-06-15,seed_layer_available_water,50.0
21,ag_099_048,fallow,2020,2020-10-06,2020-10-11,615113.668369401,adaptive_95,0.75,3.206324095117452e-13,0.0,0.0,0.0,1.0,0.03,0.0,0.0,13.2510859,0.0,0.0,0.0,0.0,0.0,0.9119019056895189,0.0,0.0,13.2510859,0.0,0.0,702.5651022953774,688.4321144896876,3.035349749325178e-13,unvalidated-engineering-priors,fixed independent scenario factor; no N cycle,,,,right_censored,BBCH89_full_ripeness,,,
21,ag_099_048,wheat,2021,2020-10-12,2021-06-10,615113.668369401,adaptive_95,0.5,1.0023093466315913e-12,3.893774191965349e-12,0.0,0.0,0.04267140235271844,414.96,150.0,0.0,259.06150415260305,185.32086296771863,65.30746971757378,0.0,4.077437800861734,0.0,68.55792417877853,150.0,0.0,509.6898368378954,7396.219038165812,17222.587958819648,688.4321144896876,671.0669156721491,2.7963187321233818e-12,unvalidated-engineering-priors,fixed independent scenario factor; no N cycle,2021-04-12,2021-05-23,2021-05-23,full_ripeness,BBCH89_full_ripeness,2020-10-12,seed_layer_available_water,50.0
21,ag_099_048,fallow,2021,2021-06-11,2021-06-14,615113.668369401,adaptive_95,0.5,1.2967404927621828e-13,0.0,0.0,0.0,1.0,48.949999999999996,0.0,0.0,9.861880477872843,0.0,0.0,0.0,0.0,0.0,2.5757361866674993,0.0,0.0,9.861880477872843,0.0,0.0,671.0669156721491,707.5792990076088,-7.505107646466058e-14,unvalidated-engineering-priors,fixed independent scenario factor; no N cycle,,,,right_censored,BBCH89_full_ripeness,,,
21,ag_099_048,maize,2021,2021-06-15,2021-10-05,615113.668369401,adaptive_95,0.5,8.739675649849232e-13,2.2453150450019166e-12,0.0,0.0,0.03354275471250856,578.51,40.0,0.0,18.44097039757138,162.7330717631507,90.0539808510333,0.0,34.310969256596145,0.0,303.8653089655454,40.0,0.0,271.2280230117554,7025.81159166381,13733.982436119772,707.5792990076088,716.6849977737149,-3.0304647680168273e-12,unvalidated-engineering-priors,fixed independent scenario factor; no N cycle,2021-08-09,2021-09-20,2021-09-20,physiological_maturity,R6_physiological_maturity,2021-06-15,seed_layer_available_water,50.0
21,ag_099_048,fallow,2021,2021-10-06,2021-10-11,615113.668369401,adaptive_95,0.5,8.171241461241152e-14,0.0,0.0,0.0,1.0,12.77,0.0,0.0,10.816151900000001,0.0,0.0,0.0,0.0,0.0,2.495973236996694,0.0,0.0,10.816151900000001,0.0,0.0,716.6849977737149,716.1428726367183,-2.2426505097428162e-14,unvalidated-engineering-priors,fixed independent scenario factor; no N cycle,,,,right_censored,BBCH89_full_ripeness,,,
21,ag_099_048,wheat,2022,2021-10-12,2022-06-10,615113.668369401,adaptive_95,0.5,1.0302869668521453e-12,3.950617610826157e-12,0.0,0.0,0.04267140235271844,366.48,150.0,0.0,262.66486657027536,235.11421222379695,54.057860993775854,0.0,14.937409152953249,0.0,55.377124806441365,150.0,0.0,551.8369397878481,8520.373581811664,19751.890110144202,716.1428726367183,610.4713988894686,6.946776487382067e-12,unvalidated-engineering-priors,fixed independent scenario factor; no N cycle,2022-04-10,2022-05-20,2022-05-20,full_ripeness,BBCH89_full_ripeness,2021-10-12,seed_layer_available_water,50.0
21,ag_099_048,fallow,2022,2022-06-11,2022-06-14,615113.668369401,adaptive_95,0.5,2.311484337269576e-13,0.0,0.0,0.0,1.0,1.53,0.0,0.0,6.257657005040512,0.0,0.0,0.0,0.0,0.0,0.25858297735113706,0.0,0.0,6.257657005040512,0.0,0.0,610.4713988894686,605.485158907077,-8.237854842718662e-14,unvalidated-engineering-priors,fixed independent scenario factor; no N cycle,,,,right_censored,BBCH89_full_ripeness,,,
21,ag_099_048,maize,2022,2022-06-15,2022-10-05,615113.668369401,adaptive_95,0.5,9.396927680427325e-13,3.723243935382925e-12,0.0,0.0,0.03354275471250856,469.17,40.0,0.0,22.04035675079823,260.8715512433656,65.37579730141874,0.0,28.54219398495234,0.0,82.37640623648234,40.0,0.0,348.28770529558255,8802.333572475785,17636.076414319996,605.485158907077,655.4488533900565,3.28037597085995e-12,unvalidated-engineering-priors,fixed independent scenario factor; no N cycle,2022-08-10,2022-09-23,2022-09-23,physiological_maturity,R6_physiological_maturity,2022-06-16,seed_layer_available_water,50.0
21,ag_099_048,fallow,2022,2022-10-06,2022-10-11,615113.668369401,adaptive_95,0.5,2.851052727237402e-13,0.0,0.0,0.0,1.0,25.27,0.0,0.0,13.6669859,0.0,0.0,0.0,0.0,0.0,0.1639223678979338,0.0,0.0,13.6669859,0.0,0.0,655.4488533900565,666.8879451221584,1.3811174426336947e-13,unvalidated-engineering-priors,fixed independent scenario factor; no N cycle,,,,right_censored,BBCH89_full_ripeness,,,
21,ag_099_048,wheat,2023,2022-10-12,2023-06-10,615113.668369401,adaptive_95,0.75,9.658940314238862e-13,3.552713678800501e-12,0.0,0.0,0.04267140235271844,367.25,225.0,0.0,311.57410135829826,216.28359355415438,47.98346474569552,0.0,19.900806632383038,0.0,19.05114549827387,225.0,0.0,575.8411596581482,7482.242581942668,17156.00533326989,666.8879451221584,644.3448333333592,-5.93008975258158e-12,unvalidated-engineering-priors,fixed independent scenario factor; no N cycle,2023-04-13,2023-05-23,2023-05-23,full_ripeness,BBCH89_full_ripeness,2022-10-12,seed_layer_available_water,50.0
21,ag_099_048,fallow,2023,2023-06-11,2023-06-14,615113.668369401,adaptive_95,0.75,9.903189379656396e-14,0.0,0.0,0.0,1.0,5.76,0.0,0.0,13.115002456936507,0.0,0.0,0.0,0.0,0.0,0.2537398800565266,0.0,0.0,13.115002456936507,0.0,0.0,644.3448333333592,636.7360909963661,1.127986593019159e-13,unvalidated-engineering-priors,fixed independent scenario factor; no N cycle,,,,right_censored,BBCH89_full_ripeness,,,
21,ag_099_048,maize,2023,2023-06-15,2023-10-05,615113.668369401,adaptive_95,0.75,9.103828801926284e-13,2.0463630789890885e-12,0.0,0.0,0.03354275471250856,647.21,60.0,0.0,18.441666620303952,208.0044741379472,75.16086267070237,0.0,115.99727109314858,0.0,152.04290840226747,60.0,0.0,301.60700342895353,8309.24216683458,16348.416576963411,636.7360909963661,774.2989080719899,6.591394097199554e-12,unvalidated-engineering-priors,fixed independent scenario factor; no N cycle,2023-08-09,2023-09-19,2023-09-19,physiological_maturity,R6_physiological_maturity,2023-06-16,seed_layer_available_water,50.0
21,ag_099_048,fallow,2023,2023-10-06,2023-10-11,615113.668369401,adaptive_95,0.75,1.8118839761882555e-13,0.0,0.0,0.0,1.0,1.5499999999999998,0.0,0.0,14.1893832,0.0,0.0,0.0,0.0,0.0,12.679725083302708,0.0,0.0,14.1893832,0.0,0.0,774.2989080719899,748.9797997886872,2.930988785010413e-14,unvalidated-engineering-priors,fixed independent scenario factor; no N cycle,,,,right_censored,BBCH89_full_ripeness,,,
21,ag_099_048,wheat,2024,2023-10-12,2024-06-10,615113.668369401,adaptive_95,0.5,9.636735853746359e-13,3.296918293926865e-12,0.0,0.0,0.04267140235271844,364.35,150.0,0.0,275.9723937736571,227.756212997317,59.38728883458385,0.0,10.664083010304418,0.0,79.19311174894129,150.0,0.0,563.1158956055579,9040.440995754521,19846.587500984977,748.9797997886872,610.3567094238867,-3.1908919950751624e-12,unvalidated-engineering-priors,fixed independent scenario factor; no N cycle,2024-04-15,2024-05-25,2024-05-25,full_ripeness,BBCH89_full_ripeness,2023-10-12,seed_layer_available_water,50.0
21,ag_099_048,fallow,2024,2024-06-11,2024-06-14,615113.668369401,adaptive_95,0.5,1.6286971771251046e-13,0.0,0.0,0.0,1.0,0.02,0.0,0.0,3.6385277389243984,0.0,0.0,0.0,0.0,0.0,0.3717271240867237,0.0,0.0,3.6385277389243984,0.0,0.0,610.3567094238867,606.3664545608755,1.5132339825640884e-13,unvalidated-engineering-priors,fixed independent scenario factor; no N cycle,,,,right_censored,BBCH89_full_ripeness,,,
21,ag_099_048,maize,2024,2024-06-15,2024-10-05,615113.668369401,adaptive_95,0.5,1.0524914273446484e-12,2.6147972675971687e-12,0.0,0.0,0.03354275471250856,573.12,40.0,0.0,22.52200781643902,197.89702743149417,80.50596152528222,0.0,56.15520552725138,0.0,184.67019762277894,40.0,0.0,300.9249967732154,6954.595901020528,14068.529320133679,606.3664545608755,677.7360546376309,-1.177724584522366e-12,unvalidated-engineering-priors,fixed independent scenario factor; no N cycle,2024-08-09,2024-09-19,2024-09-19,physiological_maturity,R6_physiological_maturity,2024-06-16,seed_layer_available_water,50.0
21,ag_099_048,fallow,2024,2024-10-06,2024-10-11,615113.668369401,adaptive_95,0.5,1.1590728377086634e-13,0.0,0.0,0.0,1.0,8.35,0.0,0.0,15.0938332,0.0,0.0,0.0,0.0,0.0,0.6699551439185429,0.0,0.0,15.0938332,0.0,0.0,677.7360546376309,670.322266293712,3.5282887722587475e-13,unvalidated-engineering-priors,fixed independent scenario factor; no N cycle,,,,right_censored,BBCH89_full_ripeness,,,
21,ag_099_048,wheat,2025,2024-10-12,2025-06-10,615113.668369401,adaptive_95,0.5,3.8058445284150366e-13,4.462208380573429e-12,0.0,0.0,0.04267140235271844,357.48,150.0,0.0,315.6036323531638,289.79624122369324,41.33264302990032,0.0,0.0,0.0,21.65206028331094,150.0,0.0,646.7325166067574,8739.546801006607,20135.61690747873,670.322266293712,509.41768940364614,-2.4507063045575705e-12,unvalidated-engineering-priors,fixed independent scenario factor; no N cycle,2025-04-12,2025-05-22,2025-05-22,full_ripeness,BBCH89_full_ripeness,2024-10-12,seed_layer_available_water,50.0
21,ag_099_048,fallow,2025,2025-06-11,2025-06-14,615113.668369401,adaptive_95,0.5,3.375077994860476e-14,0.0,0.0,0.0,1.0,23.310000000000002,0.0,0.0,9.18043334391106,0.0,0.0,0.0,0.0,0.0,0.002764101032050108,0.0,0.0,9.18043334391106,0.0,0.0,509.41768940364614,523.544491958703,7.105427357601002e-15,unvalidated-engineering-priors,fixed independent scenario factor; no N cycle,,,,right_censored,BBCH89_full_ripeness,,,
21,ag_099_048,maize,2025,2025-06-15,2025-10-05,615113.668369401,adaptive_95,0.5,9.07718344933528e-13,3.0304647680168273e-12,0.0,0.0,0.03354275471250856,693.18,40.0,0.0,17.26162897426205,186.82162046101197,119.77180915210087,0.0,50.3818559570244,0.0,92.84644105476187,40.0,0.0,323.8550585873749,7955.366927982399,16963.255029230022,523.544491958703,789.6411363595423,-4.697353617189037e-13,unvalidated-engineering-priors,fixed independent scenario factor; no N cycle,2025-08-11,2025-09-23,2025-09-23,physiological_maturity,R6_physiological_maturity,2025-06-15,seed_layer_available_water,50.0
21,ag_099_048,fallow,1996,1996-01-01,1996-10-11,615113.668369401,adaptive_98,1.0,3.694822225952521e-13,0.0,0.0,0.0,1.0,1099.6,0.0,0.0,694.2960099457056,0.0,0.0,0.0,146.8012446603033,0.0,153.3883869502053,0.0,0.0,694.2960099457056,0.0,0.0,602.822236268816,707.9365947125993,2.495115225542577e-12,unvalidated-engineering-priors,fixed independent scenario factor; no N cycle,,,,right_censored,BBCH89_full_ripeness,,,
21,ag_099_048,wheat,1997,1996-10-12,1997-06-10,615113.668369401,adaptive_98,1.0,1.043165553937797e-12,3.325340003357269e-12,0.0,0.0,0.04267140235271844,591.17,300.0,0.0,315.02850550672514,181.66176290753234,52.19691746461677,0.0,143.02189744512384,0.0,236.63560259838323,300.0,0.0,548.8871858788742,7264.035736404304,16916.989576426815,707.9365947125993,670.5619087902198,-1.7990053891026037e-12,unvalidated-engineering-priors,fixed independent scenario factor; no N cycle,1997-04-19,1997-05-28,1997-05-28,full_ripeness,BBCH89_full_ripeness,1996-10-12,seed_layer_available_water,50.0
21,ag_099_048,fallow,1997,1997-06-11,1997-06-14,615113.668369401,adaptive_98,1.0,1.425526363618701e-13,0.0,0.0,0.0,1.0,0.32,0.0,0.0,10.940007124636717,0.0,0.0,0.0,0.0,0.0,1.4996579689394398,0.0,0.0,10.940007124636717,0.0,0.0,670.5619087902198,658.4422436966436,1.0302869668521453e-13,unvalidated-engineering-priors,fixed independent scenario factor; no N cycle,,,,right_censored,BBCH89_full_ripeness,,,
21,ag_099_048,maize,1997,1997-06-15,1997-10-05,615113.668369401,adaptive_98,1.0,9.57900425646585e-13,3.581135388230905e-12,0.0,0.0,0.03354275471250856,422.09,80.0,0.0,19.42870542265526,237.1800392056015,78.63951100374811,0.0,88.03040223491239,0.0,148.76845657904408,80.0,0.0,335.2482556320048,9448.769479139197,18068.52358649676,658.4422436966436,588.4851292506843,-2.0407009415635002e-12,unvalidated-engineering-priors,fixed independent scenario factor; no N cycle,1997-08-10,1997-09-24,1997-09-24,physiological_maturity,R6_physiological_maturity,1997-06-16,seed_layer_available_water,50.0
21,ag_099_048,fallow,1997,1997-10-06,1997-10-11,615113.668369401,adaptive_98,1.0,1.8429702208777599e-13,0.0,0.0,0.0,1.0,0.26,0.0,0.0,15.171406698819915,0.0,0.0,0.0,0.0,0.0,0.08174230577570121,0.0,0.0,15.171406698819915,0.0,0.0,588.4851292506843,573.4919802460886,7.638334409421077e-14,unvalidated-engineering-priors,fixed independent scenario factor; no N cycle,,,,right_censored,BBCH89_full_ripeness,,,
21,ag_099_048,wheat,1998,1997-10-12,1998-06-10,615113.668369401,adaptive_98,1.0,1.0293987884324451e-12,3.0269120543380268e-12,0.0,0.0,0.04267140235271844,785.3,300.0,0.0,327.52449699876706,154.7343139754499,72.7809004066349,0.0,207.4467999900387,0.0,168.77506817478888,300.0,0.0,555.0397113808518,6662.46919396096,15842.82356631238,573.4919802460886,727.5304007004133,-4.1698866581896255e-12,unvalidated-engineering-priors,fixed independent scenario factor; no N cycle,1998-04-21,1998-05-31,1998-05-31,full_ripeness,BBCH89_full_ripeness,1997-10-13,seed_layer_available_water,50.0
21,ag_099_048,fallow,1998,1998-06-11,1998-06-14,615113.668369401,adaptive_98,1.0,1.092459456231154e-13,0.0,0.0,0.0,1.0,8.49,0.0,0.0,14.93548305976323,0.0,0.0,0.0,0.0,0.0,6.27404576980172,0.0,0.0,14.93548305976323,0.0,0.0,727.5304007004133,714.8108718708484,2.930988785010413e-14,unvalidated-engineering-priors,fixed independent scenario factor; no N cycle,,,,right_censored,BBCH89_full_ripeness,,,
21,ag_099_048,maize,1998,1998-06-15,1998-10-05,615113.668369401,adaptive_98,1.0,1.050270981295398e-12,2.1316282072803006e-12,0.0,0.0,0.03354275471250856,687.6899999999999,80.0,0.0,19.964422043069067,180.89086330601364,103.78469626066342,0.0,153.01385458012604,0.0,361.65701354630636,80.0,0.0,304.63998160974614,7934.619023477663,14977.769103191646,714.8108718708484,663.1900221346713,-1.4150902671872245e-12,unvalidated-engineering-priors,fixed independent scenario factor; no N cycle,1998-08-08,1998-09-18,1998-09-18,physiological_maturity,R6_physiological_maturity,1998-06-15,seed_layer_available_water,50.0
21,ag_099_048,fallow,1998,1998-10-06,1998-10-11,615113.668369401,adaptive_98,1.0,1.0969003483296547e-13,0.0,0.0,0.0,1.0,0.81,0.0,0.0,15.526530621616919,0.0,0.0,0.0,0.0,0.0,0.8254678558596179,0.0,0.0,15.526530621616919,0.0,0.0,663.1900221346713,647.6480236571948,-8.304468224196171e-14,unvalidated-engineering-priors,fixed independent scenario factor; no N cycle,,,,right_censored,BBCH89_full_ripeness,,,
21,ag_099_048,wheat,1999,1998-10-12,1999-06-10,615113.668369401,adaptive_98,1.0,1.1866063687193673e-12,4.661160346586257e-12,0.0,0.0,0.04267140235271844,338.57,300.0,0.0,251.7780948073041,188.49256955975002,63.91839274550223,0.0,96.1883987416665,0.0,30.447843373293946,300.0,0.0,504.1890571125563,7316.932441481074,17103.317190313923,647.6480236571948,655.3927244296755,2.569666701646156e-12,unvalidated-engineering-priors,fixed independent scenario factor; no N cycle,1999-04-15,1999-05-24,1999-05-24,full_ripeness,BBCH89_full_ripeness,1998-10-12,seed_layer_available_water,50.0
21,ag_099_048,fallow,1999,1999-06-11,1999-06-14,615113.668369401,adaptive_98,1.0,1.163513729807164e-13,0.0,0.0,0.0,1.0,3.82,0.0,0.0,6.216539062240807,0.0,0.0,0.0,0.0,0.0,1.0978507918150229,0.0,0.0,6.216539062240807,0.0,0.0,655.3927244296755,651.8983345756195,1.234568003383174e-13,unvalidated-engineering-priors,fixed independent scenario factor; no N cycle,,,,right_censored,BBCH89_full_ripeness,,,
21,ag_099_048,maize,1999,1999-06-15,1999-10-05,615113.668369401,adaptive_98,1.0,1.0178524689763435e-12,3.069544618483633e-12,0.0,0.0,0.03354275471250856,330.17,80.0,0.0,20.57756486861721,213.92533167868476,72.76215944683794,0.0,17.855097869440396,0.0,91.96047949000857,80.0,0.0,307.2650559941399,7756.777110671324,15592.0983129282,651.8983345756195,644.9877012220339,-3.2772673463909996e-12,unvalidated-engineering-priors,fixed independent scenario factor; no N cycle,1999-08-12,1999-09-25,1999-09-25,physiological_maturity,R6_physiological_maturity,1999-06-16,seed_layer_available_water,50.0
21,ag_099_048,fallow,1999,1999-10-06,1999-10-11,615113.668369401,adaptive_98,1.0,1.780797731498751e-13,0.0,0.0,0.0,1.0,7.02,0.0,0.0,13.503175500000001,0.0,0.0,0.0,0.0,0.0,0.09209503768292696,0.0,0.0,13.503175500000001,0.0,0.0,644.9877012220339,638.4124306843512,-1.8895995879120164e-13,unvalidated-engineering-priors,fixed independent scenario factor; no N cycle,,,,right_censored,BBCH89_full_ripeness,,,
21,ag_099_048,wheat,2000,1999-10-12,2000-06-10,615113.668369401,adaptive_98,1.0,7.540634783254063e-13,4.774847184307873e-12,0.0,0.0,0.04267140235271844,426.53,300.0,0.0,298.8455293301294,279.6431673712173,41.34878874129118,0.0,90.00554568017155,0.0,39.430071384345815,300.0,0.0,619.8374854426379,9461.849516730557,21176.000821197063,638.4124306843512,615.6693281771973,-1.2819745265346683e-12,unvalidated-engineering-priors,fixed independent scenario factor; no N cycle,2000-04-17,2000-05-25,2000-05-25,full_ripeness,BBCH89_full_ripeness,1999-10-12,seed_layer_available_water,50.0
21,ag_099_048,fallow,2000,2000-06-11,2000-06-14,615113.668369401,adaptive_98,1.0,1.5365486660812167e-13,0.0,0.0,0.0,1.0,0.72,0.0,0.0,13.333248178548551,0.0,0.0,0.0,0.0,0.0,0.052224967475839275,0.0,0.0,13.333248178548551,0.0,0.0,615.6693281771973,603.003855031173,-1.0746958878371515e-13,unvalidated-engineering-priors,fixed independent scenario factor; no N cycle,,,,right_censored,BBCH89_full_ripeness,,,
21,ag_099_048,maize,2000,2000-06-15,2000-10-05,615113.668369401,adaptive_98,1.0,6.501466032204917e-13,2.2737367544323206e-12,0.0,0.0,0.03354275471250856,766.89,80.0,0.0,21.780897370676744,127.76821070726626,89.54374639312569,0.0,121.17419004220694,0.0,310.8773687286422,80.0,0.0,239.0928544710687,6647.811110424284,12541.97186563045,603.003855031173,778.7494417892565,-1.3576362256628727e-12,unvalidated-engineering-priors,fixed independent scenario factor; no N cycle,2000-08-09,2000-09-20,2000-09-20,physiological_maturity,R6_physiological_maturity,2000-06-16,seed_layer_available_water,50.0
21,ag_099_048,fallow,2000,2000-10-06,2000-10-11,615113.668369401,adaptive_98,1.0,2.282618538629322e-13,0.0,0.0,0.0,1.0,13.17,0.0,0.0,15.577848399999997,0.0,0.0,0.0,0.0,0.0,15.782765045232672,0.0,0.0,15.577848399999997,0.0,0.0,778.7494417892565,760.5588283440242,-3.552713678800501e-13,unvalidated-engineering-priors,fixed independent scenario factor; no N cycle,,,,right_censored,BBCH89_full_ripeness,,,
21,ag_099_048,wheat,2001,2000-10-12,2001-06-10,615113.668369401,adaptive_98,1.0,1.1226575225009583e-12,3.424815986363683e-12,0.0,0.0,0.04267140235271844,416.41,300.0,0.0,322.4741551206344,186.81720240230862,42.48609486327278,0.0,97.1396248599779,0.0,189.71851073447814,300.0,0.0,551.7774523862158,7384.633013822576,16585.54342835782,760.5588283440242,638.3332403633582,-5.8539839642435254e-12,unvalidated-engineering-priors,fixed independent scenario factor; no N cycle,2001-04-17,2001-05-27,2001-05-27,full_ripeness,BBCH89_full_ripeness,2000-10-12,seed_layer_available_water,50.0
21,ag_099_048,fallow,2001,2001-06-11,2001-06-14,615113.668369401,adaptive_98,1.0,2.504663143554353e-13,0.0,0.0,0.0,1.0,5.64,0.0,0.0,16.830098846892827,0.0,0.0,0.0,0.0,0.0,0.3618766947376304,0.0,0.0,16.830098846892827,0.0,0.0,638.3332403633582,626.781264821728,-2.4646951146678475e-13,unvalidated-engineering-priors,fixed independent scenario factor; no N cycle,,,,right_censored,BBCH89_full_ripeness,,,
21,ag_099_048,maize,2001,2001-06-15,2001-10-05,615113.668369401,adaptive_98,1.0,8.739675649849232e-13,5.5138116294983774e-12,0.0,0.0,0.03354275471250856,210.65,80.0,0.0,18.593995178851607,298.50250857978926,75.69406402867953,0.0,18.202718696251715,0.0,25.876031196987462,80.0,0.0,392.7905677873204,9675.17944968492,19132.497114950544,626.781264821728,480.56194714116907,-6.893374759897597e-13,unvalidated-engineering-priors,fixed independent scenario factor; no N cycle,2001-08-10,2001-09-20,2001-09-20,physiological_maturity,R6_physiological_maturity,2001-06-15,seed_layer_available_water,50.0
21,ag_099_048,fallow,2001,2001-10-06,2001-10-11,615113.668369401,adaptive_98,1.0,6.128431095930864e-14,0.0,0.0,0.0,1.0,5.3,0.0,0.0,11.663041038051913,0.0,0.0,0.0,0.0,0.0,0.006090884496046029,0.0,0.0,11.663041038051913,0.0,0.0,480.56194714116907,474.19281521862115,-3.7969627442180354e-14,unvalidated-engineering-priors,fixed independent scenario factor; no N cycle,,,,right_censored,BBCH89_full_ripeness,,,
21,ag_099_048,wheat,2002,2001-10-12,2002-06-10,615113.668369401,adaptive_98,1.0,1.1750600492632657e-12,4.064304448547773e-12,0.0,0.0,0.04267140235271844,554.61,300.0,0.0,264.5088233396252,165.68060960219555,73.49027328599493,0.0,120.28843826777161,0.0,17.77428033417641,300.0,0.0,503.6797062278157,6753.869382203891,16807.32511544337,474.19281521862115,687.0603903888546,2.8573809984777654e-12,unvalidated-engineering-priors,fixed independent scenario factor; no N cycle,2002-04-10,2002-05-24,2002-05-24,full_ripeness,BBCH89_full_ripeness,2001-10-13,seed_layer_available_water,50.0
21,ag_099_048,fallow,2002,2002-06-11,2002-06-14,615113.668369401,adaptive_98,1.0,1.5187850976872141e-13,0.0,0.0,0.0,1.0,0.0,0.0,0.0,18.3171144868272,0.0,0.0,0.0,0.0,0.0,1.8770082984262393,0.0,0.0,18.3171144868272,0.0,0.0,687.0603903888546,666.8662676036012,-4.263256414560601e-14,unvalidated-engineering-priors,fixed independent scenario factor; no N cycle,,,,right_censored,BBCH89_full_ripeness,,,
21,ag_099_048,maize,2002,2002-06-15,2002-10-05,615113.668369401,adaptive_98,1.0,9.9298347322474e-13,2.6147972675971687e-12,0.0,0.0,0.03354275471250856,680.97,80.0,0.0,19.20152373407502,197.67668030947922,82.39202692541512,0.0,256.5880728881046,0.0,207.17507559864853,80.0,0.0,299.2702309689694,8830.787699863231,16368.208662896202,666.8662676036012,664.8028881478741,4.597433544972773e-12,unvalidated-engineering-priors,fixed independent scenario factor; no N cycle,2002-08-11,2002-09-26,2002-09-26,physiological_maturity,R6_physiological_maturity,2002-06-16,seed_layer_available_water,50.0
21,ag_099_048,fallow,2002,2002-10-06,2002-10-11,615113.668369401,adaptive_98,1.0,1.0480505352461478e-13,0.0,0.0,0.0,1.0,0.0,0.0,0.0,18.447012373042497,0.0,0.0,0.0,0.0,0.0,0.7414436563010421,0.0,0.0,18.447012373042497,0.0,0.0,664.8028881478741,645.6144321185308,-1.9539925233402755e-13,unvalidated-engineering-priors,fixed independent scenario factor; no N cycle,,,,right_censored,BBCH89_full_ripeness,,,
21,ag_099_048,wheat,2003,2002-10-12,2003-06-10,615113.668369401,adaptive_98,1.0,8.246736626915663e-13,2.682298827494378e-12,0.0,0.0,0.04267140235271844,514.5,300.0,0.0,275.2834428209924,155.20828208448688,69.45667992680514,0.0,129.75506385556625,0.0,161.22301029141187,300.0,0.0,499.94840483228444,6620.238788896963,15558.871869877628,645.6144321185308,669.1879531392653,2.8750335445693054e-12,unvalidated-engineering-priors,fixed independent scenario factor; no N cycle,2003-04-22,2003-05-30,2003-05-30,full_ripeness,BBCH89_full_ripeness,2002-10-12,seed_layer_available_water,50.0
21,ag_099_048,fallow,2003,2003-06-11,2003-06-14,615113.668369401,adaptive_98,1.0,3.0020430585864233e-13,0.0,0.0,0.0,1.0,11.120000000000001,0.0,0.0,14.570167090085937,0.0,0.0,0.0,0.0,0.0,2.012820339201242,0.0,0.0,14.570167090085937,0.0,0.0,669.1879531392653,663.7249657099783,-1.0880185641326534e-13,unvalidated-engineering-priors,fixed independent scenario factor; no N cycle,,,,right_censored,BBCH89_full_ripeness,,,
21,ag_099_048,maize,2003,2003-06-15,2003-10-05,615113.668369401,adaptive_98,1.0,9.912071163853398e-13,2.2950530365051236e-12,0.0,0.0,0.03354275471250856,978.8199999999999,80.0,0.0,19.982020241565973,109.88310925842633,84.10380697266235,0.0,239.78976818552005,0.0,491.09627640108073,80.0,0.0,213.96893647265466,6251.964223063703,11566.616666239617,663.7249657099783,777.6899846507257,-2.8606006452491783e-12,unvalidated-engineering-priors,fixed independent scenario factor; no N cycle,2003-08-12,2003-09-28,2003-09-28,physiological_maturity,R6_physiological_maturity,2003-06-16,seed_layer_available_water,50.0
21,ag_099_048,fallow,2003,2003-10-06,2003-10-11,615113.668369401,adaptive_98,1.0,2.0605739337042905e-13,0.0,0.0,0.0,1.0,75.24,0.0,0.0,11.526430600000001,0.0,0.0,0.0,28.35550475006265,0.0,10.945677404018868,0.0,0.0,11.526430600000001,0.0,0.0,777.6899846507257,802.1023718966441,1.2878587085651816e-13,unvalidated-engineering-priors,fixed independent scenario factor; no N cycle,,,,right_censored,BBCH89_full_ripeness,,,
21,ag_099_048,wheat,2004,2003-10-12,2004-06-10,615113.668369401,adaptive_98,0.75,8.29558643999917e-13,7.02016222930979e-12,0.0,0.0,0.04267140235271844,406.76,225.0,0.0,333.3029341266198,228.40830944902348,57.38335608928783,0.0,55.131837971843005,0.0,115.57427304110075,225.0,0.0,619.0945996649311,8456.627728547359,19660.69898191355,802.1023718966441,644.0616612187696,-4.1455727739503345e-13,unvalidated-engineering-priors,fixed independent scenario factor; no N cycle,2004-04-12,2004-05-21,2004-05-21,full_ripeness,BBCH89_full_ripeness,2003-10-12,seed_layer_available_water,50.0
21,ag_099_048,fallow,2004,2004-06-11,2004-06-14,615113.668369401,adaptive_98,0.75,1.9184653865522705e-13,0.0,0.0,0.0,1.0,43.69,0.0,0.0,9.231557029094951,0.0,0.0,0.0,0.0,0.0,0.32839378481972076,0.0,0.0,9.231557029094951,0.0,0.0,644.0616612187696,678.1917104048546,3.375077994860476e-13,unvalidated-engineering-priors,fixed independent scenario factor; no N cycle,,,,right_censored,BBCH89_full_ripeness,,,
21,ag_099_048,maize,2004,2004-06-15,2004-10-05,615113.668369401,adaptive_98,0.75,9.841016890277388e-13,4.945377440890297e-12,0.0,0.0,0.03354275471250856,608.57,60.0,0.0,15.851032183562364,205.111436617284,108.37865604203475,0.0,155.07589629607094,0.0,166.66977845087058,60.0,0.0,329.34112484288113,9731.761079958811,18492.521633130567,678.1917104048546,695.6749108150335,-1.5750178938844783e-12,unvalidated-engineering-priors,fixed independent scenario factor; no N cycle,2004-08-10,2004-09-25,2004-09-25,physiological_maturity,R6_physiological_maturity,2004-06-15,seed_layer_available_water,50.0
21,ag_099_048,fallow,2004,2004-10-06,2004-10-11,615113.668369401,adaptive_98,0.75,1.5365486660812167e-13,0.0,0.0,0.0,1.0,0.01,0.0,0.0,17.67632070273399,0.0,0.0,0.0,0.0,0.0,1.4846358510240998,0.0,0.0,17.67632070273399,0.0,0.0,695.6749108150335,676.5239542612758,-3.5216274341109965e-13,unvalidated-engineering-priors,fixed independent scenario factor; no N cycle,,,,right_censored,BBCH89_full_ripeness,,,
21,ag_099_048,wheat,2005,2004-10-12,2005-06-10,615113.668369401,adaptive_98,0.75,1.1590728377086634e-12,4.547473508864641e-12,0.0,0.0,0.04267140235271844,395.83,225.0,0.0,227.5929794298969,241.2527385161938,76.30503075563969,0.0,18.83686916393637,0.0,32.411550172762425,225.0,0.0,545.1507487017304,8933.915059019366,21374.327163907437,676.5239542612758,700.9547862228427,3.875955112420115e-12,unvalidated-engineering-priors,fixed independent scenario factor; no N cycle,2005-04-24,2005-05-31,2005-05-31,full_ripeness,BBCH89_full_ripeness,2004-10-12,seed_layer_available_water,50.0
21,ag_099_048,fallow,2005,2005-06-11,2005-06-14,615113.668369401,adaptive_98,0.75,3.6060043839825084e-13,0.0,0.0,0.0,1.0,0.0,0.0,0.0,23.675897325090908,0.0,0.0,0.0,0.0,0.0,0.689578037136644,0.0,0.0,23.675897325090908,0.0,0.0,700.9547862228427,676.5893108606145,6.021849685566849e-13,unvalidated-engineering-priors,fixed independent scenario factor; no N cycle,,,,right_censored,BBCH89_full_ripeness,,,
21,ag_099_048,maize,2005,2005-06-15,2005-10-05,615113.668369401,adaptive_98,0.75,1.0533796057643485e-12,2.3021584638627246e-12,0.0,0.0,0.03354275471250856,912.67,60.0,0.0,18.152366589452672,142.4354750639451,116.28076641370713,0.0,236.283177563786,0.0,355.19611780529544,60.0,0.0,276.8686080671049,7056.084174546857,14642.512560582996,676.5893108606145,780.9114074244286,-3.8768988019910466e-13,unvalidated-engineering-priors,fixed independent scenario factor; no N cycle,2005-08-08,2005-09-22,2005-09-22,physiological_maturity,R6_physiological_maturity,2005-06-15,seed_layer_available_water,50.0
21,ag_099_048,fallow,2005,2005-10-06,2005-10-11,615113.668369401,adaptive_98,0.75,1.8829382497642655e-13,0.0,0.0,0.0,1.0,3.69,0.0,0.0,18.520511699999993,0.0,0.0,0.0,0.0,0.0,16.576157950463084,0.0,0.0,18.520511699999993,0.0,0.0,780.9114074244286,749.5047377739651,4.4986236957811343e-13,unvalidated-engineering-priors,fixed independent scenario factor; no N cycle,,,,right_censored,BBCH89_full_ripeness,,,
21,ag_099_048,wheat,2006,2005-10-12,2006-06-10,615113.668369401,adaptive_98,0.75,9.832135106080386e-13,4.590106073010247e-12,0.0,0.0,0.04267140235271844,273.54,225.0,0.0,244.95138867749148,256.55571035504147,55.246872976427866,0.0,21.2920903927483,0.0,76.03447153061506,225.0,0.0,556.7539720089608,9152.90558602388,21477.041003265374,749.5047377739651,593.9642038416413,-3.991251773527438e-13,unvalidated-engineering-priors,fixed independent scenario factor; no N cycle,2006-04-18,2006-05-27,2006-05-27,full_ripeness,BBCH89_full_ripeness,2005-10-12,seed_layer_available_water,50.0
21,ag_099_048,fallow,2006,2006-06-11,2006-06-14,615113.668369401,adaptive_98,0.75,1.674216321134736e-13,0.0,0.0,0.0,1.0,5.6899999999999995,0.0,0.0,6.42710401127532,0.0,0.0,0.0,0.0,0.0,0.13559516154407103,0.0,0.0,6.42710401127532,0.0,0.0,593.9642038416413,593.0915046688218,7.505107646466058e-14,unvalidated-engineering-priors,fixed independent scenario factor; no N cycle,,,,right_censored,BBCH89_full_ripeness,,,
21,ag_099_048,maize,2006,2006-06-15,2006-10-05,615113.668369401,adaptive_98,0.75,1.085354028873553e-12,2.6147972675971687e-12,0.0,0.0,0.03354275471250856,471.99,60.0,0.0,22.504820497720576,154.97515144392904,98.062871994266,0.0,10.77949188251574,0.0,138.22252379228567,60.0,0.0,275.54284393591564,7392.852077321493,14886.729780791833,593.0915046688218,700.5366450581125,-7.75324249246978e-12,unvalidated-engineering-priors,fixed independent scenario factor; no N cycle,2006-08-09,2006-09-23,2006-09-23,physiological_maturity,R6_physiological_maturity,2006-06-16,seed_layer_available_water,50.0
21,ag_099_048,fallow,2006,2006-10-06,2006-10-11,615113.668369401,adaptive_98,0.75,1.5498713423767185e-13,0.0,0.0,0.0,1.0,0.36,0.0,0.0,18.890976687701066,0.0,0.0,0.0,0.0,0.0,1.3835293437020662,0.0,0.0,18.890976687701066,0.0,0.0,700.5366450581125,680.6221390267091,3.1663560662309465e-13,unvalidated-engineering-priors,fixed independent scenario factor; no N cycle,,,,right_censored,BBCH89_full_ripeness,,,
21,ag_099_048,wheat,2007,2006-10-12,2007-06-10,615113.668369401,adaptive_98,1.0,1.007194327939942e-12,7.077005648170598e-12,0.0,0.0,0.04267140235271844,345.03000000000003,300.0,0.0,301.5339684982606,229.70677482302827,59.40668626177186,0.0,87.32656396759684,0.0,37.4404000893911,300.0,0.0,590.6474295830608,8940.485204491768,20101.524160922607,680.6221390267091,610.2377453866554,4.958589094883337e-12,unvalidated-engineering-priors,fixed independent scenario factor; no N cycle,2007-04-15,2007-05-25,2007-05-25,full_ripeness,BBCH89_full_ripeness,2006-10-12,seed_layer_available_water,50.0
21,ag_099_048,fallow,2007,2007-06-11,2007-06-14,615113.668369401,adaptive_98,1.0,1.4654943925052066e-13,0.0,0.0,0.0,1.0,0.02,0.0,0.0,5.76826532479498,0.0,0.0,0.0,0.0,0.0,0.1866706305315729,0.0,0.0,5.76826532479498,0.0,0.0,610.2377453866554,604.3028094313291,-2.569056078982612e-13,unvalidated-engineering-priors,fixed independent scenario factor; no N cycle,,,,right_censored,BBCH89_full_ripeness,,,
21,ag_099_048,maize,2007,2007-06-15,2007-10-05,615113.668369401,adaptive_98,1.0,9.912071163853398e-13,2.5863755581667647e-12,0.0,0.0,0.03354275471250856,799.02,80.0,0.0,21.03982010053811,145.5248332287755,84.94003990440103,0.0,144.29129841282176,0.0,386.80972140209053,80.0,0.0,251.50469323371462,6832.279492257003,13350.51898714491,604.3028094313291,700.7170963827023,-6.161737786669619e-14,unvalidated-engineering-priors,fixed independent scenario factor; no N cycle,2007-08-11,2007-09-23,2007-09-23,physiological_maturity,R6_physiological_maturity,2007-06-16,seed_layer_available_water,50.0
21,ag_099_048,fallow,2007,2007-10-06,2007-10-11,615113.668369401,adaptive_98,1.0,1.616484723854228e-13,0.0,0.0,0.0,1.0,0.03,0.0,0.0,20.170311071665743,0.0,0.0,0.0,0.0,0.0,1.8200683332743308,0.0,0.0,20.170311071665743,0.0,0.0,700.7170963827023,678.7567169777623,-7.283063041541027e-14,unvalidated-engineering-priors,fixed independent scenario factor; no N cycle,,,,right_censored,BBCH89_full_ripeness,,,
21,ag_099_048,wheat,2008,2007-10-12,2008-06-10,615113.668369401,adaptive_98,0.75,9.761080832504376e-13,5.002220859751105e-12,0.0,0.0,0.04267140235271844,430.25,225.0,0.0,255.78059886239117,255.6998043621684,58.71741157248704,0.0,57.906264669874815,0.0,48.53329542255582,225.0,0.0,570.1978147970466,10193.442825804197,22658.410642576782,678.7567169777623,657.3693420882829,2.1119772597444353e-12,unvalidated-engineering-priors,fixed independent scenario factor; no N cycle,2008-04-18,2008-05-28,2008-05-28,full_ripeness,BBCH89_full_ripeness,2007-10-12,seed_layer_available_water,50.0
21,ag_099_048,fallow,2008,2008-06-11,2008-06-14,615113.668369401,adaptive_98,0.75,1.7696955012524995e-13,0.0,0.0,0.0,1.0,1.51,0.0,0.0,7.416259928943516,0.0,0.0,0.0,0.0,0.0,1.006451466509787,0.0,0.0,7.416259928943516,0.0,0.0,657.3693420882829,650.4566306928297,-5.995204332975845e-14,unvalidated-engineering-priors,fixed independent scenario factor; no N cycle,,,,right_censored,BBCH89_full_ripeness,,,
21,ag_099_048,maize,2008,2008-06-15,2008-10-05,615113.668369401,adaptive_98,0.75,1.2012613126444194e-12,2.5579538487363607e-12,0.0,0.0,0.03354275471250856,617.89,60.0,0.0,17.795403881690845,154.5921189187914,89.59742789509868,0.0,56.1896686130195,0.0,280.7825099119623,60.0,0.0,261.98495069558095,7792.733874223705,14671.14858141625,650.4566306928297,729.3895014722667,2.544631172440859e-13,unvalidated-engineering-priors,fixed independent scenario factor; no N cycle,2008-08-10,2008-09-22,2008-09-22,physiological_maturity,R6_physiological_maturity,2008-06-16,seed_layer_available_water,50.0
21,ag_099_048,fallow,2008,2008-10-06,2008-10-11,615113.668369401,adaptive_98,0.75,3.503863865716994e-13,0.0,0.0,0.0,1.0,0.21000000000000002,0.0,0.0,14.821354499999998,0.0,0.0,0.0,0.0,0.0,3.652575073198587,0.0,0.0,14.821354499999998,0.0,0.0,729.3895014722667,711.1255718990681,6.750155989720952e-14,unvalidated-engineering-priors,fixed independent scenario factor; no N cycle,,,,right_censored,BBCH89_full_ripeness,,,
21,ag_099_048,wheat,2009,2008-10-12,2009-06-10,615113.668369401,adaptive_98,0.75,1.3384848784880887e-12,3.1086244689504383e-12,0.0,0.0,0.04267140235271844,321.76,225.0,0.0,292.3051280116957,217.2737865637777,55.88013272027098,0.0,6.173421408577479,0.0,48.17571614689071,225.0,0.0,565.4590472957443,8203.026873317294,18476.305637331985,711.1255718990681,638.0773870478606,-5.064837438339964e-12,unvalidated-engineering-priors,fixed independent scenario factor; no N cycle,2009-04-15,2009-05-24,2009-05-24,full_ripeness,BBCH89_full_ripeness,2008-10-12,seed_layer_available_water,50.0
21,ag_099_048,fallow,2009,2009-06-11,2009-06-14,615113.668369401,adaptive_98,0.75,2.6423307986078726e-13,0.0,0.0,0.0,1.0,0.5700000000000001,0.0,0.0,10.816078740840709,0.0,0.0,0.0,0.0,0.0,0.3033222671938595,0.0,0.0,10.816078740840709,0.0,0.0,638.0773870478606,627.5279860398261,-1.0258460747536446e-13,unvalidated-engineering-priors,fixed independent scenario factor; no N cycle,,,,right_censored,BBCH89_full_ripeness,,,
21,ag_099_048,maize,2009,2009-06-15,2009-10-05,615113.668369401,adaptive_98,0.75,1.3073986337985843e-12,2.8421709430404007e-12,0.0,0.0,0.03354275471250856,397.37,60.0,0.0,18.099961364464885,199.6755279782305,81.59399878531023,0.0,2.582225685469842,0.0,69.92804165518949,60.0,0.0,299.3694881280056,8007.168598202941,15822.396818454872,627.5279860398261,713.0182305711614,-2.404743071338089e-13,unvalidated-engineering-priors,fixed independent scenario factor; no N cycle,2009-08-10,2009-09-25,2009-09-25,physiological_maturity,R6_physiological_maturity,2009-06-16,seed_layer_available_water,50.0
21,ag_099_048,fallow,2009,2009-10-06,2009-10-11,615113.668369401,adaptive_98,0.75,1.0391687510491465e-13,0.0,0.0,0.0,1.0,1.85,0.0,0.0,17.154950999999997,0.0,0.0,0.0,0.0,0.0,2.305303961508438,0.0,0.0,17.154950999999997,0.0,0.0,713.0182305711614,695.407975609653,-1.9984014443252818e-14,unvalidated-engineering-priors,fixed independent scenario factor; no N cycle,,,,right_censored,BBCH89_full_ripeness,,,
21,ag_099_048,wheat,2010,2009-10-12,2010-06-10,615113.668369401,adaptive_98,1.0,9.188205751797796e-13,5.002220859751105e-12,0.0,0.0,0.04267140235271844,438.37,300.0,0.0,283.0926581113291,209.87192972610475,65.9825800739753,0.0,94.98339324261818,0.0,66.76371140899246,300.0,0.0,558.9471679114092,8163.184041853969,18993.429565992425,695.407975609653,713.0837030466396,-6.398104268612315e-12,unvalidated-engineering-priors,fixed independent scenario factor; no N cycle,2010-04-29,2010-06-06,2010-06-06,full_ripeness,BBCH89_full_ripeness,2009-10-12,seed_layer_available_water,50.0
21,ag_099_048,fallow,2010,2010-06-11,2010-06-14,615113.668369401,adaptive_98,1.0,2.3359092438113294e-13,0.0,0.0,0.0,1.0,0.09,0.0,0.0,20.16286405988994,0.0,0.0,0.0,0.0,0.0,0.9948015656880123,0.0,0.0,20.16286405988994,0.0,0.0,713.0837030466396,692.0160374210619,-2.9398705692074145e-13,unvalidated-engineering-priors,fixed independent scenario factor; no N cycle,,,,right_censored,BBCH89_full_ripeness,,,
21,ag_099_048,maize,2010,2010-06-15,2010-10-05,615113.668369401,adaptive_98,1.0,1.0320633236915455e-12,3.751665644813329e-12,0.0,0.0,0.03354275471250856,445.4,80.0,0.0,18.522177841720126,175.1197983990477,111.01161608741664,0.0,39.916122792048775,0.0,154.6067347977505,80.0,0.0,304.65359232818446,7601.219191462543,15577.854411159233,692.0160374210619,718.2395875030758,2.3919755065548998e-12,unvalidated-engineering-priors,fixed independent scenario factor; no N cycle,2010-08-08,2010-09-20,2010-09-20,physiological_maturity,R6_physiological_maturity,2010-06-15,seed_layer_available_water,50.0
21,ag_099_048,fallow,2010,2010-10-06,2010-10-11,615113.668369401,adaptive_98,1.0,2.1183055309847987e-13,0.0,0.0,0.0,1.0,0.6,0.0,0.0,20.708882564223785,0.0,0.0,0.0,0.0,0.0,2.701922429044143,0.0,0.0,20.708882564223785,0.0,0.0,718.2395875030758,695.4287825098081,-2.744471316873387e-13,unvalidated-engineering-priors,fixed independent scenario factor; no N cycle,,,,right_censored,BBCH89_full_ripeness,,,
21,ag_099_048,wheat,2011,2010-10-12,2011-06-10,615113.668369401,adaptive_98,1.0,9.192646643896296e-13,4.064304448547773e-12,0.0,0.0,0.04267140235271844,152.6,300.0,0.0,223.70358218707105,306.1397276988282,32.21307608574654,0.0,30.071383908706792,0.0,42.95325407771044,300.0,0.0,562.0563859716458,8859.765382452311,20273.704549291684,695.4287825098081,512.9477585517475,-2.3979707108878756e-12,unvalidated-engineering-priors,fixed independent scenario factor; no N cycle,2011-04-19,2011-05-30,2011-05-30,full_ripeness,BBCH89_full_ripeness,2010-10-12,seed_layer_available_water,50.0
21,ag_099_048,fallow,2011,2011-06-11,2011-06-14,615113.668369401,adaptive_98,1.0,6.750155989720952e-14,0.0,0.0,0.0,1.0,21.4,0.0,0.0,7.534491242492641,0.0,0.0,0.0,0.0,0.0,0.004243150766302305,0.0,0.0,7.534491242492641,0.0,0.0,512.9477585517475,526.8090241584886,-2.930988785010413e-14,unvalidated-engineering-priors,fixed independent scenario factor; no N cycle,,,,right_censored,BBCH89_full_ripeness,,,
21,ag_099_048,maize,2011,2011-06-15,2011-10-05,615113.668369401,adaptive_98,1.0,1.2283507544452732e-12,3.439026841078885e-12,0.0,0.0,0.03354275471250856,406.55,80.0,0.0,18.96003957441211,169.20672769344574,96.16786306163365,0.0,1.6748655939256185,0.0,30.852680856589675,80.0,0.0,284.3346303294915,7493.64192890605,14965.240973297143,526.8090241584886,696.4968473784791,2.6942337250090986e-12,unvalidated-engineering-priors,fixed independent scenario factor; no N cycle,2011-08-10,2011-09-27,2011-09-27,physiological_maturity,R6_physiological_maturity,2011-06-15,seed_layer_available_water,50.0
21,ag_099_048,fallow,2011,2011-10-06,2011-10-11,615113.668369401,adaptive_98,1.0,1.5987211554602254e-13,0.0,0.0,0.0,1.0,2.54,0.0,0.0,20.332259094333303,0.0,0.0,0.0,0.0,0.0,1.6149504172008853,0.0,0.0,20.332259094333303,0.0,0.0,696.4968473784791,677.0896378669447,1.5765166949677223e-13,unvalidated-engineering-priors,fixed independent scenario factor; no N cycle,,,,right_censored,BBCH89_full_ripeness,,,
21,ag_099_048,wheat,2012,2011-10-12,2012-06-10,615113.668369401,adaptive_98,1.0,1.0205170042354439e-12,3.410605131648481e-12,0.0,0.0,0.04267140235271844,272.93,300.0,0.0,282.36323976310047,219.538399071194,38.12269346225646,0.0,69.52640662532136,0.0,49.965886076577775,300.0,0.0,540.0243322965509,7543.886605791858,17357.203841208895,677.0896378669447,590.5030128684941,5.658806756514423e-13,unvalidated-engineering-priors,fixed independent scenario factor; no N cycle,2012-04-22,2012-05-28,2012-05-28,full_ripeness,BBCH89_full_ripeness,2011-10-12,seed_layer_available_water,50.0
21,ag_099_048,fallow,2012,2012-06-11,2012-06-14,615113.668369401,adaptive_98,1.0,2.6556534749033744e-13,0.0,0.0,0.0,1.0,0.44,0.0,0.0,4.625169015543441,0.0,0.0,0.0,0.0,0.0,0.13224685807228972,0.0,0.0,4.625169015543441,0.0,0.0,590.5030128684941,586.1855969948782,1.8351986597053838e-13,unvalidated-engineering-priors,fixed independent scenario factor; no N cycle,,,,right_censored,BBCH89_full_ripeness,,,
21,ag_099_048,maize,2012,2012-06-15,2012-10-05,615113.668369401,adaptive_98,1.0,1.2421175199506251e-12,3.183231456205249e-12,0.0,0.0,0.03354275471250856,462.43,80.0,0.0,22.794726427530588,221.49592586435907,68.29990622924605,0.0,13.665190755962817,0.0,104.79145015631094,80.0,0.0,312.5905585211357,8250.422856336678,15546.846934332247,586.1855969948782,697.5683975614713,-2.5809354653461014e-12,unvalidated-engineering-priors,fixed independent scenario factor; no N cycle,2012-08-10,2012-09-23,2012-09-23,physiological_maturity,R6_physiological_maturity,2012-06-16,seed_layer_available_water,50.0
21,ag_099_048,fallow,2012,2012-10-06,2012-10-11,615113.668369401,adaptive_98,1.0,1.9539925233402755e-13,0.0,0.0,0.0,1.0,0.02,0.0,0.0,19.73127368230911,0.0,0.0,0.0,0.0,0.0,2.139849984067516,0.0,0.0,19.73127368230911,0.0,0.0,697.5683975614713,675.7172738950949,-1.7363888105137448e-13,unvalidated-engineering-priors,fixed independent scenario factor; no N cycle,,,,right_censored,BBCH89_full_ripeness,,,
21,ag_099_048,wheat,2013,2012-10-12,2013-06-10,615113.668369401,adaptive_98,1.0,1.077360423096252e-12,3.836930773104541e-12,0.0,0.0,0.04267140235271844,339.04,300.0,0.0,318.8690902688008,247.1724436355469,50.0185311640568,0.0,44.986913074104365,0.0,38.83743218295412,300.0,0.0,616.0600650684045,8152.879883684074,18982.740934660465,675.7172738950949,614.8728635696305,1.4491186028919856e-12,unvalidated-engineering-priors,fixed independent scenario factor; no N cycle,2013-04-20,2013-05-30,2013-05-30,full_ripeness,BBCH89_full_ripeness,2012-10-12,seed_layer_available_water,50.0
21,ag_099_048,fallow,2013,2013-06-11,2013-06-14,615113.668369401,adaptive_98,1.0,1.5432100042289676e-13,0.0,0.0,0.0,1.0,1.55,0.0,0.0,9.682728738887944,0.0,0.0,0.0,0.0,0.0,0.12477772011729651,0.0,0.0,9.682728738887944,0.0,0.0,614.8728635696305,606.615357110625,1.7252865802674933e-13,unvalidated-engineering-priors,fixed independent scenario factor; no N cycle,,,,right_censored,BBCH89_full_ripeness,,,
21,ag_099_048,maize,2013,2013-06-15,2013-10-05,615113.668369401,adaptive_98,1.0,8.979483823168266e-13,3.183231456205249e-12,0.0,0.0,0.03354275471250856,423.51,80.0,0.0,21.308716629811823,281.3844790555532,71.0659351574202,0.0,28.12781974507623,0.0,22.522561977779695,80.0,0.0,373.75913084278517,8331.71043273717,17787.056304483653,606.615357110625,685.7158445449865,-2.519484620933099e-12,unvalidated-engineering-priors,fixed independent scenario factor; no N cycle,2013-08-10,2013-09-24,2013-09-24,physiological_maturity,R6_physiological_maturity,2013-06-16,seed_layer_available_water,50.0
21,ag_099_048,fallow,2013,2013-10-06,2013-10-11,615113.668369401,adaptive_98,1.0,1.8118839761882555e-13,0.0,0.0,0.0,1.0,0.0,0.0,0.0,21.907017475032184,0.0,0.0,0.0,0.0,0.0,0.734340280045385,0.0,0.0,21.907017475032184,0.0,0.0,685.7158445449865,663.0744867899092,-3.19300141882195e-13,unvalidated-engineering-priors,fixed independent scenario factor; no N cycle,,,,right_censored,BBCH89_full_ripeness,,,
21,ag_099_048,wheat,2014,2013-10-12,2014-06-10,615113.668369401,adaptive_98,1.0,1.014743844507393e-12,5.087485988042317e-12,0.0,0.0,0.04267140235271844,302.25,300.0,0.0,285.830671856839,207.9837373148218,63.707410695875744,0.0,56.5887150737199,0.0,26.090352222022783,300.0,0.0,557.5218198675366,8372.356768048041,19039.871390762764,663.0744867899092,625.1235996266312,-1.1796119636642288e-12,unvalidated-engineering-priors,fixed independent scenario factor; no N cycle,2014-04-13,2014-05-23,2014-05-23,full_ripeness,BBCH89_full_ripeness,2013-10-12,seed_layer_available_water,50.0
21,ag_099_048,fallow,2014,2014-06-11,2014-06-14,615113.668369401,adaptive_98,1.0,9.592326932761353e-14,0.0,0.0,0.0,1.0,3.7199999999999998,0.0,0.0,5.6711574520711725,0.0,0.0,0.0,0.0,0.0,0.36544045848225293,0.0,0.0,5.6711574520711725,0.0,0.0,625.1235996266312,622.8070017160777,4.3298697960381105e-14,unvalidated-engineering-priors,fixed independent scenario factor; no N cycle,,,,right_censored,BBCH89_full_ripeness,,,
21,ag_099_048,maize,2014,2014-06-15,2014-10-05,615113.668369401,adaptive_98,1.0,1.0684786388992507e-12,3.353761712787673e-12,0.0,0.0,0.03354275471250856,444.9,80.0,0.0,16.595888368034,179.10320702676367,90.30545933085028,0.0,23.644448761176562,0.0,75.55034106309085,80.0,0.0,286.00455472564795,7167.2375193144935,15508.647675077631,622.8070017160777,762.5076571661632,-8.641420912169906e-13,unvalidated-engineering-priors,fixed independent scenario factor; no N cycle,2014-08-12,2014-09-28,2014-09-28,physiological_maturity,R6_physiological_maturity,2014-06-16,seed_layer_available_water,50.0
21,ag_099_048,fallow,2014,2014-10-06,2014-10-11,615113.668369401,adaptive_98,1.0,1.7497114868092467e-13,0.0,0.0,0.0,1.0,0.0,0.0,0.0,19.943190500000004,0.0,0.0,0.0,0.0,0.0,10.330563103079005,0.0,0.0,19.943190500000004,0.0,0.0,762.5076571661632,732.2339035630839,2.779998453661392e-13,unvalidated-engineering-priors,fixed independent scenario factor; no N cycle,,,,right_censored,BBCH89_full_ripeness,,,
21,ag_099_048,wheat,2015,2014-10-12,2015-06-10,615113.668369401,adaptive_98,1.0,1.048938713665848e-12,2.8705926524708048e-12,0.0,0.0,0.04267140235271844,401.98,300.0,0.0,320.4695112218574,186.84367804896564,59.251083182535616,0.0,87.01818304523202,0.0,118.5144966088859,300.0,0.0,566.5642724533586,7612.416242063673,17371.779260897973,732.2339035630839,662.1169514556095,-2.1589396936860794e-12,unvalidated-engineering-priors,fixed independent scenario factor; no N cycle,2015-04-18,2015-05-25,2015-05-25,full_ripeness,BBCH89_full_ripeness,2014-10-12,seed_layer_available_water,50.0
21,ag_099_048,fallow,2015,2015-06-11,2015-06-14,615113.668369401,adaptive_98,1.0,8.482103908136196e-14,0.0,0.0,0.0,1.0,0.0,0.0,0.0,8.736797342215452,0.0,0.0,0.0,0.0,0.0,1.1210389646234948,0.0,0.0,8.736797342215452,0.0,0.0,662.1169514556095,652.2591151487705,3.019806626980426e-14,unvalidated-engineering-priors,fixed independent scenario factor; no N cycle,,,,right_censored,BBCH89_full_ripeness,,,
21,ag_099_048,maize,2015,2015-06-15,2015-10-05,615113.668369401,adaptive_98,1.0,9.592326932761353e-13,2.2168933355715126e-12,0.0,0.0,0.03354275471250856,508.64,80.0,0.0,18.525717809795882,220.2506510199496,51.10455673402629,0.0,106.48587914219878,0.0,190.39596536697908,80.0,0.0,289.88092556377177,8783.055990482664,16320.920104915902,652.2591151487705,654.1363450758281,-7.193245998848852e-12,unvalidated-engineering-priors,fixed independent scenario factor; no N cycle,2015-08-13,2015-09-27,2015-09-27,physiological_maturity,R6_physiological_maturity,2015-06-16,seed_layer_available_water,50.0
21,ag_099_048,fallow,2015,2015-10-06,2015-10-11,615113.668369401,adaptive_98,1.0,1.5409895581797173e-13,0.0,0.0,0.0,1.0,5.1899999999999995,0.0,0.0,17.49620903704367,0.0,0.0,0.0,0.0,0.0,0.2880809729679973,0.0,0.0,17.49620903704367,0.0,0.0,654.1363450758281,641.5420550658164,5.262457136723242e-14,unvalidated-engineering-priors,fixed independent scenario factor; no N cycle,,,,right_censored,BBCH89_full_ripeness,,,
21,ag_099_048,wheat,2016,2015-10-12,2016-06-10,615113.668369401,adaptive_98,1.0,7.887024366937112e-13,2.5579538487363607e-12,0.0,0.0,0.04267140235271844,450.44,300.0,0.0,350.63854639749525,178.92577450671567,49.842882254949494,0.0,58.39145282433823,0.0,30.421551651652813,300.0,0.0,579.4072031591604,7025.143081764672,16144.993623035809,641.5420550658164,723.7618474306621,2.821298750177448e-12,unvalidated-engineering-priors,fixed independent scenario factor; no N cycle,2016-04-14,2016-05-23,2016-05-23,full_ripeness,BBCH89_full_ripeness,2015-10-12,seed_layer_available_water,50.0
21,ag_099_048,fallow,2016,2016-06-11,2016-06-14,615113.668369401,adaptive_98,1.0,1.9939605522267811e-13,0.0,0.0,0.0,1.0,8.44,0.0,0.0,20.160427948903145,0.0,0.0,0.0,0.0,0.0,2.5445003450232377,0.0,0.0,20.160427948903145,0.0,0.0,723.7618474306621,709.4969191367361,-3.7703173916270316e-13,unvalidated-engineering-priors,fixed independent scenario factor; no N cycle,,,,right_censored,BBCH89_full_ripeness,,,
21,ag_099_048,maize,2016,2016-06-15,2016-10-05,615113.668369401,adaptive_98,1.0,1.0969003483296547e-12,3.666400516522117e-12,0.0,0.0,0.03354275471250856,478.68,80.0,0.0,18.572628644932593,238.3218144547839,64.74945871617129,0.0,115.98989977863572,0.0,172.92842609099952,80.0,0.0,321.6439018158878,9036.747578706414,17109.035186956477,709.4969191367361,657.6146914512149,-1.780797731498751e-12,unvalidated-engineering-priors,fixed independent scenario factor; no N cycle,2016-08-10,2016-09-20,2016-09-20,physiological_maturity,R6_physiological_maturity,2016-06-15,seed_layer_available_water,50.0
21,ag_099_048,fallow,2016,2016-10-06,2016-10-11,615113.668369401,adaptive_98,1.0,1.5365486660812167e-13,0.0,0.0,0.0,1.0,0.25,0.0,0.0,15.942508599999996,0.0,0.0,0.0,0.0,0.0,0.1693935193568977,0.0,0.0,15.942508599999996,0.0,0.0,657.6146914512149,641.7527893318585,-5.071498776487715e-13,unvalidated-engineering-priors,fixed independent scenario factor; no N cycle,,,,right_censored,BBCH89_full_ripeness,,,
21,ag_099_048,wheat,2017,2016-10-12,2017-06-10,615113.668369401,adaptive_98,1.0,9.725553695716371e-13,2.8990143619012088e-12,0.0,0.0,0.04267140235271844,537.22,300.0,0.0,348.9423747657633,170.3580507642662,49.47248138149969,0.0,78.41041600995408,0.0,121.271658350965,300.0,0.0,568.7729069115292,6628.081644372447,15393.964589620118,641.7527893318585,710.5178080594069,3.331224185387782e-12,unvalidated-engineering-priors,fixed independent scenario factor; no N cycle,2017-04-13,2017-05-21,2017-05-21,full_ripeness,BBCH89_full_ripeness,2016-10-12,seed_layer_available_water,50.0
21,ag_099_048,fallow,2017,2017-06-11,2017-06-14,615113.668369401,adaptive_98,1.0,1.0391687510491465e-13,0.0,0.0,0.0,1.0,0.19,0.0,0.0,18.6842909,0.0,0.0,0.0,0.0,0.0,0.7534527529470574,0.0,0.0,18.6842909,0.0,0.0,710.5178080594069,691.2700644064599,-1.0746958878371515e-13,unvalidated-engineering-priors,fixed independent scenario factor; no N cycle,,,,right_censored,BBCH89_full_ripeness,,,
21,ag_099_048,maize,2017,2017-06-15,2017-10-05,615113.668369401,adaptive_98,1.0,9.14823772291129e-13,2.9700686354772188e-12,0.0,0.0,0.03354275471250856,761.44,80.0,0.0,16.378157515855456,205.02468096785185,86.91806926259947,0.0,137.41693601904012,0.0,281.9268268242507,80.0,0.0,308.3209077463068,8066.289556963628,16732.865642001794,691.2700644064599,805.045393816866,-3.619216037975548e-12,unvalidated-engineering-priors,fixed independent scenario factor; no N cycle,2017-08-08,2017-09-20,2017-09-20,physiological_maturity,R6_physiological_maturity,2017-06-15,seed_layer_available_water,50.0
21,ag_099_048,fallow,2017,2017-10-06,2017-10-11,615113.668369401,adaptive_98,1.0,2.495781359357352e-13,0.0,0.0,0.0,1.0,42.489999999999995,0.0,0.0,12.20742934,0.0,0.0,0.0,0.4839687751600916,0.0,30.331273703503715,0.0,0.0,12.20742934,0.0,0.0,805.045393816866,804.5127219982019,2.717825964282383e-13,unvalidated-engineering-priors,fixed independent scenario factor; no N cycle,,,,right_censored,BBCH89_full_ripeness,,,
21,ag_099_048,wheat,2018,2017-10-12,2018-06-10,615113.668369401,adaptive_98,1.0,9.281464485866309e-13,5.5990767577895895e-12,0.0,0.0,0.04267140235271844,456.65999999999997,300.0,0.0,278.98744101583367,219.23753818775347,67.0432487419256,0.0,152.5428128572132,0.0,145.43733647380688,300.0,0.0,565.2682279455128,8113.178668865097,19106.57835356115,804.5127219982019,697.9243447216708,-1.7171819521877296e-12,unvalidated-engineering-priors,fixed independent scenario factor; no N cycle,2018-04-14,2018-05-24,2018-05-24,full_ripeness,BBCH89_full_ripeness,2017-10-12,seed_layer_available_water,50.0
21,ag_099_048,fallow,2018,2018-06-11,2018-06-14,615113.668369401,adaptive_98,1.0,1.1679546219056647e-13,0.0,0.0,0.0,1.0,0.0,0.0,0.0,11.11616768014985,0.0,0.0,0.0,0.0,0.0,3.42331558865401,0.0,0.0,11.11616768014985,0.0,0.0,697.9243447216708,683.3848614528669,4.618527782440651e-14,unvalidated-engineering-priors,fixed independent scenario factor; no N cycle,,,,right_censored,BBCH89_full_ripeness,,,
21,ag_099_048,maize,2018,2018-06-15,2018-10-05,615113.668369401,adaptive_98,1.0,1.0960121699099545e-12,3.069544618483633e-12,0.0,0.0,0.03354275471250856,421.13,80.0,0.0,19.037692104455196,231.42403074912846,74.86522958148049,0.0,85.66485891499578,0.0,118.99572618171557,80.0,0.0,325.32695243506413,7728.83653036204,16031.58898470327,683.3848614528669,654.5273239210936,-2.2308821456817896e-12,unvalidated-engineering-priors,fixed independent scenario factor; no N cycle,2018-08-10,2018-09-21,2018-09-21,physiological_maturity,R6_physiological_maturity,2018-06-16,seed_layer_available_water,50.0
21,ag_099_048,fallow,2018,2018-10-06,2018-10-11,615113.668369401,adaptive_98,1.0,1.0835776720341528e-13,0.0,0.0,0.0,1.0,0.9199999999999999,0.0,0.0,18.7152797547813,0.0,0.0,0.0,0.0,0.0,0.48416723046469445,0.0,0.0,18.7152797547813,0.0,0.0,654.5273239210936,636.2478769358476,7.638334409421077e-14,unvalidated-engineering-priors,fixed independent scenario factor; no N cycle,,,,right_censored,BBCH89_full_ripeness,,,
21,ag_099_048,wheat,2019,2018-10-12,2019-06-10,615113.668369401,adaptive_98,1.0,9.592326932761353e-13,4.618527782440651e-12,0.0,0.0,0.04267140235271844,312.57,300.0,0.0,293.5154581607148,219.71633487680776,48.429369818857424,0.0,65.56771263108033,0.0,21.595318259130195,300.0,0.0,561.66116285638,8427.919304123407,19132.16477531015,636.2478769358476,599.9936831892626,-5.544453784978032e-12,unvalidated-engineering-priors,fixed independent scenario factor; no N cycle,2019-04-18,2019-05-27,2019-05-27,full_ripeness,BBCH89_full_ripeness,2018-10-12,seed_layer_available_water,50.0
21,ag_099_048,fallow,2019,2019-06-11,2019-06-14,615113.668369401,adaptive_98,1.0,9.525713551283843e-14,0.0,0.0,0.0,1.0,0.07,0.0,0.0,5.979685246688218,0.0,0.0,0.0,0.0,0.0,0.15517206177911771,0.0,0.0,5.979685246688218,0.0,0.0,599.9936831892626,593.9288258807953,-8.237854842718662e-14,unvalidated-engineering-priors,fixed independent scenario factor; no N cycle,,,,right_censored,BBCH89_full_ripeness,,,
21,ag_099_048,maize,2019,2019-06-15,2019-10-05,615113.668369401,adaptive_98,1.0,9.78328529299688e-13,4.234834705130197e-12,0.0,0.0,0.03354275471250856,302.6,80.0,0.0,17.350801933733667,295.85824770228123,66.18553404733251,0.0,8.29830314151073,0.0,23.635378670439742,80.0,0.0,379.3945836833474,9200.517846856967,18753.962407425985,593.9288258807953,565.200560385497,3.9968028886505635e-13,unvalidated-engineering-priors,fixed independent scenario factor; no N cycle,2019-08-10,2019-09-22,2019-09-22,physiological_maturity,R6_physiological_maturity,2019-06-16,seed_layer_available_water,50.0
21,ag_099_048,fallow,2019,2019-10-06,2019-10-11,615113.668369401,adaptive_98,1.0,5.995204332975845e-14,0.0,0.0,0.0,1.0,15.930000000000001,0.0,0.0,11.176694,0.0,0.0,0.0,0.0,0.0,0.012215843382846751,0.0,0.0,11.176694,0.0,0.0,565.200560385497,569.9416505421143,-9.336975637097567e-14,unvalidated-engineering-priors,fixed independent scenario factor; no N cycle,,,,right_censored,BBCH89_full_ripeness,,,
21,ag_099_048,wheat,2020,2019-10-12,2020-06-10,615113.668369401,adaptive_98,1.0,9.050538096744276e-13,4.320099833421409e-12,0.0,0.0,0.04267140235271844,252.18,300.0,0.0,235.45818955797594,228.5906988838052,53.20198542307026,0.0,53.8148272799658,0.0,2.1507673059200587,300.0,0.0,517.2508738648514,8393.016210987465,19263.2210027931,569.9416505421143,548.905182091385,-7.899569887115376e-12,unvalidated-engineering-priors,fixed independent scenario factor; no N cycle,2020-04-12,2020-05-24,2020-05-24,full_ripeness,BBCH89_full_ripeness,2019-10-12,seed_layer_available_water,50.0
21,ag_099_048,fallow,2020,2020-06-11,2020-06-14,615113.668369401,adaptive_98,1.0,1.6342482922482304e-13,0.0,0.0,0.0,1.0,35.089999999999996,0.0,0.0,11.507381432995274,0.0,0.0,0.0,0.0,0.0,0.023690800175196938,0.0,0.0,11.507381432995274,0.0,0.0,548.905182091385,572.4641098582143,1.723066134218243e-13,unvalidated-engineering-priors,fixed independent scenario factor; no N cycle,,,,right_censored,BBCH89_full_ripeness,,,
21,ag_099_048,maize,2020,2020-06-15,2020-10-05,615113.668369401,adaptive_98,1.0,1.0293987884324451e-12,2.4442670110147446e-12,0.0,0.0,0.03354275471250856,738.0,80.0,0.0,18.793344757166423,170.41471129738326,66.93452348652575,0.0,184.87202073766989,0.0,246.88424567483193,80.0,0.0,256.1425795410754,6665.493361252491,13815.43680508165,572.4641098582143,702.5652639046381,-9.829359548518823e-13,unvalidated-engineering-priors,fixed independent scenario factor; no N cycle,2020-08-11,2020-09-22,2020-09-22,physiological_maturity,R6_physiological_maturity,2020-06-15,seed_layer_available_water,50.0
21,ag_099_048,fallow,2020,2020-10-06,2020-10-11,615113.668369401,adaptive_98,1.0,2.6778579353958776e-13,0.0,0.0,0.0,1.0,0.03,0.0,0.0,13.2510859,0.0,0.0,0.0,0.0,0.0,0.9119017596700391,0.0,0.0,13.2510859,0.0,0.0,702.5652639046381,688.4322762449674,6.366018823200648e-13,unvalidated-engineering-priors,fixed independent scenario factor; no N cycle,,,,right_censored,BBCH89_full_ripeness,,,
21,ag_099_048,wheat,2021,2020-10-12,2021-06-10,615113.668369401,adaptive_98,0.75,1.0649259252204502e-12,3.637978807091713e-12,0.0,0.0,0.04267140235271844,414.96,225.0,0.0,261.6606257494278,185.84332803012293,65.45305541885857,0.0,42.255260325152776,0.0,99.7371767870602,225.0,0.0,512.9570091984093,7416.636873384403,17277.11152889325,688.4322762449674,673.4428299343452,-1.6497914145929826e-13,unvalidated-engineering-priors,fixed independent scenario factor; no N cycle,2021-04-12,2021-05-23,2021-05-23,full_ripeness,BBCH89_full_ripeness,2020-10-12,seed_layer_available_water,50.0
21,ag_099_048,fallow,2021,2021-06-11,2021-06-14,615113.668369401,adaptive_98,0.75,1.6342482922482304e-13,0.0,0.0,0.0,1.0,48.949999999999996,0.0,0.0,9.89461999250125,0.0,0.0,0.0,0.0,0.0,2.7730897307593834,0.0,0.0,9.89461999250125,0.0,0.0,673.4428299343452,709.7251202110846,3.5083047578154947e-14,unvalidated-engineering-priors,fixed independent scenario factor; no N cycle,,,,right_censored,BBCH89_full_ripeness,,,
21,ag_099_048,maize,2021,2021-06-15,2021-10-05,615113.668369401,adaptive_98,0.75,1.1119993814645568e-12,2.2453150450019166e-12,0.0,0.0,0.03354275471250856,578.51,60.0,0.0,18.44097039757138,162.7330717631507,90.0539808510333,0.0,53.07602168150821,0.0,307.2461649529388,60.0,0.0,271.2280230117554,7025.81159166381,13733.982436119772,709.7251202110846,716.6849105648819,3.164135620181696e-13,unvalidated-engineering-priors,fixed independent scenario factor; no N cycle,2021-08-09,2021-09-20,2021-09-20,physiological_maturity,R6_physiological_maturity,2021-06-15,seed_layer_available_water,50.0
21,ag_099_048,fallow,2021,2021-10-06,2021-10-11,615113.668369401,adaptive_98,0.75,2.0339285811132868e-13,0.0,0.0,0.0,1.0,12.77,0.0,0.0,10.816151900000001,0.0,0.0,0.0,0.0,0.0,2.4959677872737527,0.0,0.0,10.816151900000001,0.0,0.0,716.6849105648819,716.1427908776085,-3.708144902248023e-13,unvalidated-engineering-priors,fixed independent scenario factor; no N cycle,,,,right_censored,BBCH89_full_ripeness,,,
21,ag_099_048,wheat,2022,2021-10-12,2022-06-10,615113.668369401,adaptive_98,0.75,1.1937117960769683e-12,4.206412995699793e-12,0.0,0.0,0.04267140235271844,366.48,225.0,0.0,268.33184793480024,235.40000194968243,54.09815125899049,0.0,52.24285672966955,0.0,69.62650793827507,225.0,0.0,557.8300011434732,8532.543382904581,19785.93302879628,716.1427908776085,627.923425066194,-3.265943071539823e-12,unvalidated-engineering-priors,fixed independent scenario factor; no N cycle,2022-04-10,2022-05-20,2022-05-20,full_ripeness,BBCH89_full_ripeness,2021-10-12,seed_layer_available_water,50.0
21,ag_099_048,fallow,2022,2022-06-11,2022-06-14,615113.668369401,adaptive_98,0.75,1.5987211554602254e-13,0.0,0.0,0.0,1.0,1.53,0.0,0.0,6.558346031248147,0.0,0.0,0.0,0.0,0.0,0.47733592792080193,0.0,0.0,6.558346031248147,0.0,0.0,627.923425066194,622.4177431070248,2.8821389719269064e-13,unvalidated-engineering-priors,fixed independent scenario factor; no N cycle,,,,right_censored,BBCH89_full_ripeness,,,
21,ag_099_048,maize,2022,2022-06-15,2022-10-05,615113.668369401,adaptive_98,0.75,9.121592370320286e-13,3.723243935382925e-12,0.0,0.0,0.03354275471250856,469.17,60.0,0.0,22.05782284032173,260.8715512433656,65.37579730141874,0.0,30.96511287941221,0.0,116.83749477943915,60.0,0.0,348.30517138510606,8802.333572475785,17636.076414319996,622.4177431070248,655.4799640630639,3.420930205777495e-12,unvalidated-engineering-priors,fixed independent scenario factor; no N cycle,2022-08-10,2022-09-23,2022-09-23,physiological_maturity,R6_physiological_maturity,2022-06-16,seed_layer_available_water,50.0
21,ag_099_048,fallow,2022,2022-10-06,2022-10-11,615113.668369401,adaptive_98,0.75,3.090860900556436e-13,0.0,0.0,0.0,1.0,25.27,0.0,0.0,13.6669859,0.0,0.0,0.0,0.0,0.0,0.16414813909512194,0.0,0.0,13.6669859,0.0,0.0,655.4799640630639,666.9188300239687,1.1501910535116622e-13,unvalidated-engineering-priors,fixed independent scenario factor; no N cycle,,,,right_censored,BBCH89_full_ripeness,,,
21,ag_099_048,wheat,2023,2022-10-12,2023-06-10,615113.668369401,adaptive_98,1.0,9.814371537686384e-13,4.362732397567015e-12,0.0,0.0,0.04267140235271844,367.25,300.0,0.0,312.4141931758151,217.2843324740769,48.14186123395008,0.0,73.68916706647215,0.0,22.088961237457607,300.0,0.0,577.840386883842,7523.075950146997,17245.24232469252,666.9188300239687,660.5503148361994,-2.54513077280194e-12,unvalidated-engineering-priors,fixed independent scenario factor; no N cycle,2023-04-13,2023-05-23,2023-05-23,full_ripeness,BBCH89_full_ripeness,2022-10-12,seed_layer_available_water,50.0
21,ag_099_048,fallow,2023,2023-06-11,2023-06-14,615113.668369401,adaptive_98,1.0,1.9451107391432743e-13,0.0,0.0,0.0,1.0,5.76,0.0,0.0,13.330381484723839,0.0,0.0,0.0,0.0,0.0,0.48106409584032855,0.0,0.0,13.330381484723839,0.0,0.0,660.5503148361994,652.498869255635,2.3669954885008337e-13,unvalidated-engineering-priors,fixed independent scenario factor; no N cycle,,,,right_censored,BBCH89_full_ripeness,,,
21,ag_099_048,maize,2023,2023-06-15,2023-10-05,615113.668369401,adaptive_98,1.0,9.112710586123285e-13,2.0463630789890885e-12,0.0,0.0,0.03354275471250856,647.21,80.0,0.0,18.444400902879682,208.0044741379472,75.16086267070237,0.0,127.75929030717128,0.0,176.06586659075728,80.0,0.0,301.60973771152925,8309.24216683458,16348.416576963411,652.498869255635,774.2739746461721,5.076383757796066e-12,unvalidated-engineering-priors,fixed independent scenario factor; no N cycle,2023-08-09,2023-09-19,2023-09-19,physiological_maturity,R6_physiological_maturity,2023-06-16,seed_layer_available_water,50.0
21,ag_099_048,fallow,2023,2023-10-06,2023-10-11,615113.668369401,adaptive_98,1.0,3.0730973321624333e-13,0.0,0.0,0.0,1.0,1.5499999999999998,0.0,0.0,14.1893832,0.0,0.0,0.0,0.0,0.0,12.654016964879725,0.0,0.0,14.1893832,0.0,0.0,774.2739746461721,748.9805744812923,8.704148513061227e-14,unvalidated-engineering-priors,fixed independent scenario factor; no N cycle,,,,right_censored,BBCH89_full_ripeness,,,
21,ag_099_048,wheat,2024,2023-10-12,2024-06-10,615113.668369401,adaptive_98,0.75,9.07718344933528e-13,3.751665644813329e-12,0.0,0.0,0.04267140235271844,364.35,225.0,0.0,282.5286122530232,228.04119793527656,59.45162485641958,0.0,53.882965998603275,0.0,92.81322702509262,225.0,0.0,570.0214350447193,9047.904314590196,19867.669565990524,748.9805744812923,621.6129464128736,3.4129366000001937e-12,unvalidated-engineering-priors,fixed independent scenario factor; no N cycle,2024-04-15,2024-05-25,2024-05-25,full_ripeness,BBCH89_full_ripeness,2023-10-12,seed_layer_available_water,50.0
21,ag_099_048,fallow,2024,2024-06-11,2024-06-14,615113.668369401,adaptive_98,0.75,2.1094237467877974e-13,0.0,0.0,0.0,1.0,0.02,0.0,0.0,3.922149678781776,0.0,0.0,0.0,0.0,0.0,0.5232025610631812,0.0,0.0,3.922149678781776,0.0,0.0,621.6129464128736,617.1875941730287,-8.748557434046234e-14,unvalidated-engineering-priors,fixed independent scenario factor; no N cycle,,,,right_censored,BBCH89_full_ripeness,,,
21,ag_099_048,maize,2024,2024-06-15,2024-10-05,615113.668369401,adaptive_98,0.75,1.2070344723724702e-12,2.6147972675971687e-12,0.0,0.0,0.03354275471250856,573.12,60.0,0.0,22.543114030584203,197.89702743149417,80.50596152528222,0.0,58.30074763553071,0.0,213.3613339306036,60.0,0.0,300.9461029873606,6954.595901020528,14068.529320133679,617.1875941730287,677.6994096195338,8.881784197001252e-14,unvalidated-engineering-priors,fixed independent scenario factor; no N cycle,2024-08-09,2024-09-19,2024-09-19,physiological_maturity,R6_physiological_maturity,2024-06-16,seed_layer_available_water,50.0
21,ag_099_048,fallow,2024,2024-10-06,2024-10-11,615113.668369401,adaptive_98,0.75,8.08242361927114e-14,0.0,0.0,0.0,1.0,8.35,0.0,0.0,15.0938332,0.0,0.0,0.0,0.0,0.0,0.6690425898933596,0.0,0.0,15.0938332,0.0,0.0,677.6994096195338,670.2865338296402,1.5876189252139739e-13,unvalidated-engineering-priors,fixed independent scenario factor; no N cycle,,,,right_censored,BBCH89_full_ripeness,,,
21,ag_099_048,wheat,2025,2024-10-12,2025-06-10,615113.668369401,adaptive_98,0.75,8.251177519014163e-13,4.462208380573429e-12,0.0,0.0,0.04267140235271844,357.48,225.0,0.0,328.0030833726527,292.33976814829754,41.60810454099261,0.0,6.40148028501657,0.0,28.112324416208953,225.0,0.0,661.9509560619429,8815.119475143292,20338.742017722452,670.2865338296402,556.3017730664704,1.3737899706711687e-12,unvalidated-engineering-priors,fixed independent scenario factor; no N cycle,2025-04-12,2025-05-22,2025-05-22,full_ripeness,BBCH89_full_ripeness,2024-10-12,seed_layer_available_water,50.0
21,ag_099_048,fallow,2025,2025-06-11,2025-06-14,615113.668369401,adaptive_98,0.75,1.8252066524837574e-13,0.0,0.0,0.0,1.0,23.310000000000002,0.0,0.0,9.926869165933478,0.0,0.0,0.0,0.0,0.0,0.015220379772356164,0.0,0.0,9.926869165933478,0.0,0.0,556.3017730664704,569.6696835207647,-8.126832540256146e-14,unvalidated-engineering-priors,fixed independent scenario factor; no N cycle,,,,right_censored,BBCH89_full_ripeness,,,
21,ag_099_048,maize,2025,2025-06-15,2025-10-05,615113.668369401,adaptive_98,0.75,9.228173780684301e-13,3.637978807091713e-12,0.0,0.0,0.03354275471250856,693.18,60.0,0.0,17.10023686747702,192.2358695446588,120.58512389236132,0.0,63.06740963271646,0.0,140.25622690011002,60.0,0.0,329.92123030449716,8018.563823913911,17113.825823117902,569.6696835207647,789.6048166834407,3.241851231905457e-13,unvalidated-engineering-priors,fixed independent scenario factor; no N cycle,2025-08-11,2025-09-23,2025-09-23,physiological_maturity,R6_physiological_maturity,2025-06-15,seed_layer_available_water,50.0
21,ag_099_048,fallow,1996,1996-01-01,1996-10-11,615113.668369401,rain_95_matched,1.0,3.694822225952521e-13,0.0,0.0,0.0,1.0,1099.6,0.0,0.0,694.2960099457056,0.0,0.0,0.0,146.8012446603033,0.0,153.3883869502053,0.0,0.0,694.2960099457056,0.0,0.0,602.822236268816,707.9365947125993,2.495115225542577e-12,unvalidated-engineering-priors,fixed independent scenario factor; no N cycle,,,,right_censored,BBCH89_full_ripeness,,,
21,ag_099_048,wheat,1997,1996-10-12,1997-06-10,615113.668369401,rain_95_matched,1.0,1.043165553937797e-12,3.325340003357269e-12,0.0,0.0,0.04267140235271844,591.17,300.0,0.0,315.02850550672514,181.66176290753234,52.19691746461677,0.0,143.02189744512384,0.0,236.63560259838323,300.0,0.0,548.8871858788742,7264.035736404304,16916.989576426815,707.9365947125993,670.5619087902198,-1.7990053891026037e-12,unvalidated-engineering-priors,fixed independent scenario factor; no N cycle,1997-04-19,1997-05-28,1997-05-28,full_ripeness,BBCH89_full_ripeness,1996-10-12,seed_layer_available_water,50.0
21,ag_099_048,fallow,1997,1997-06-11,1997-06-14,615113.668369401,rain_95_matched,1.0,1.425526363618701e-13,0.0,0.0,0.0,1.0,0.32,0.0,0.0,10.940007124636717,0.0,0.0,0.0,0.0,0.0,1.4996579689394398,0.0,0.0,10.940007124636717,0.0,0.0,670.5619087902198,658.4422436966436,1.0302869668521453e-13,unvalidated-engineering-priors,fixed independent scenario factor; no N cycle,,,,right_censored,BBCH89_full_ripeness,,,
21,ag_099_048,maize,1997,1997-06-15,1997-10-05,615113.668369401,rain_95_matched,1.0,9.57900425646585e-13,3.581135388230905e-12,0.0,0.0,0.03354275471250856,422.09,80.0,0.0,19.42870542265526,237.1800392056015,78.63951100374811,0.0,88.03040223491239,0.0,148.76845657904408,80.0,0.0,335.2482556320048,9448.769479139197,18068.52358649676,658.4422436966436,588.4851292506843,-2.0407009415635002e-12,unvalidated-engineering-priors,fixed independent scenario factor; no N cycle,1997-08-10,1997-09-24,1997-09-24,physiological_maturity,R6_physiological_maturity,1997-06-16,seed_layer_available_water,50.0
21,ag_099_048,fallow,1997,1997-10-06,1997-10-11,615113.668369401,rain_95_matched,1.0,1.8429702208777599e-13,0.0,0.0,0.0,1.0,0.26,0.0,0.0,15.171406698819915,0.0,0.0,0.0,0.0,0.0,0.08174230577570121,0.0,0.0,15.171406698819915,0.0,0.0,588.4851292506843,573.4919802460886,7.638334409421077e-14,unvalidated-engineering-priors,fixed independent scenario factor; no N cycle,,,,right_censored,BBCH89_full_ripeness,,,
21,ag_099_048,wheat,1998,1997-10-12,1998-06-10,615113.668369401,rain_95_matched,1.0,1.0293987884324451e-12,3.0269120543380268e-12,0.0,0.0,0.04267140235271844,785.3,300.0,0.0,327.52449699876706,154.7343139754499,72.7809004066349,0.0,207.4467999900387,0.0,168.77506817478888,300.0,0.0,555.0397113808518,6662.46919396096,15842.82356631238,573.4919802460886,727.5304007004133,-4.1698866581896255e-12,unvalidated-engineering-priors,fixed independent scenario factor; no N cycle,1998-04-21,1998-05-31,1998-05-31,full_ripeness,BBCH89_full_ripeness,1997-10-13,seed_layer_available_water,50.0
21,ag_099_048,fallow,1998,1998-06-11,1998-06-14,615113.668369401,rain_95_matched,1.0,1.092459456231154e-13,0.0,0.0,0.0,1.0,8.49,0.0,0.0,14.93548305976323,0.0,0.0,0.0,0.0,0.0,6.27404576980172,0.0,0.0,14.93548305976323,0.0,0.0,727.5304007004133,714.8108718708484,2.930988785010413e-14,unvalidated-engineering-priors,fixed independent scenario factor; no N cycle,,,,right_censored,BBCH89_full_ripeness,,,
21,ag_099_048,maize,1998,1998-06-15,1998-10-05,615113.668369401,rain_95_matched,1.0,1.050270981295398e-12,2.1316282072803006e-12,0.0,0.0,0.03354275471250856,687.6899999999999,80.0,0.0,19.964422043069067,180.89086330601364,103.78469626066342,0.0,153.01385458012604,0.0,361.65701354630636,80.0,0.0,304.63998160974614,7934.619023477663,14977.769103191646,714.8108718708484,663.1900221346713,-1.4150902671872245e-12,unvalidated-engineering-priors,fixed independent scenario factor; no N cycle,1998-08-08,1998-09-18,1998-09-18,physiological_maturity,R6_physiological_maturity,1998-06-15,seed_layer_available_water,50.0
21,ag_099_048,fallow,1998,1998-10-06,1998-10-11,615113.668369401,rain_95_matched,1.0,1.0969003483296547e-13,0.0,0.0,0.0,1.0,0.81,0.0,0.0,15.526530621616919,0.0,0.0,0.0,0.0,0.0,0.8254678558596179,0.0,0.0,15.526530621616919,0.0,0.0,663.1900221346713,647.6480236571948,-8.304468224196171e-14,unvalidated-engineering-priors,fixed independent scenario factor; no N cycle,,,,right_censored,BBCH89_full_ripeness,,,
21,ag_099_048,wheat,1999,1998-10-12,1999-06-10,615113.668369401,rain_95_matched,1.0,1.1866063687193673e-12,4.661160346586257e-12,0.0,0.0,0.04267140235271844,338.57,300.0,0.0,251.7780948073041,188.49256955975002,63.91839274550223,0.0,96.1883987416665,0.0,30.447843373293946,300.0,0.0,504.1890571125563,7316.932441481074,17103.317190313923,647.6480236571948,655.3927244296755,2.569666701646156e-12,unvalidated-engineering-priors,fixed independent scenario factor; no N cycle,1999-04-15,1999-05-24,1999-05-24,full_ripeness,BBCH89_full_ripeness,1998-10-12,seed_layer_available_water,50.0
21,ag_099_048,fallow,1999,1999-06-11,1999-06-14,615113.668369401,rain_95_matched,1.0,1.163513729807164e-13,0.0,0.0,0.0,1.0,3.82,0.0,0.0,6.216539062240807,0.0,0.0,0.0,0.0,0.0,1.0978507918150229,0.0,0.0,6.216539062240807,0.0,0.0,655.3927244296755,651.8983345756195,1.234568003383174e-13,unvalidated-engineering-priors,fixed independent scenario factor; no N cycle,,,,right_censored,BBCH89_full_ripeness,,,
21,ag_099_048,maize,1999,1999-06-15,1999-10-05,615113.668369401,rain_95_matched,1.0,1.0178524689763435e-12,3.069544618483633e-12,0.0,0.0,0.03354275471250856,330.17,80.0,0.0,20.57756486861721,213.92533167868476,72.76215944683794,0.0,17.855097869440396,0.0,91.96047949000857,80.0,0.0,307.2650559941399,7756.777110671324,15592.0983129282,651.8983345756195,644.9877012220339,-3.2772673463909996e-12,unvalidated-engineering-priors,fixed independent scenario factor; no N cycle,1999-08-12,1999-09-25,1999-09-25,physiological_maturity,R6_physiological_maturity,1999-06-16,seed_layer_available_water,50.0
21,ag_099_048,fallow,1999,1999-10-06,1999-10-11,615113.668369401,rain_95_matched,1.0,1.780797731498751e-13,0.0,0.0,0.0,1.0,7.02,0.0,0.0,13.503175500000001,0.0,0.0,0.0,0.0,0.0,0.09209503768292696,0.0,0.0,13.503175500000001,0.0,0.0,644.9877012220339,638.4124306843512,-1.8895995879120164e-13,unvalidated-engineering-priors,fixed independent scenario factor; no N cycle,,,,right_censored,BBCH89_full_ripeness,,,
21,ag_099_048,wheat,2000,1999-10-12,2000-06-10,615113.668369401,rain_95_matched,1.0,7.540634783254063e-13,4.774847184307873e-12,0.0,0.0,0.04267140235271844,426.53,300.0,0.0,298.8455293301294,279.6431673712173,41.34878874129118,0.0,90.00554568017155,0.0,39.430071384345815,300.0,0.0,619.8374854426379,9461.849516730557,21176.000821197063,638.4124306843512,615.6693281771973,-1.2819745265346683e-12,unvalidated-engineering-priors,fixed independent scenario factor; no N cycle,2000-04-17,2000-05-25,2000-05-25,full_ripeness,BBCH89_full_ripeness,1999-10-12,seed_layer_available_water,50.0
21,ag_099_048,fallow,2000,2000-06-11,2000-06-14,615113.668369401,rain_95_matched,1.0,1.5365486660812167e-13,0.0,0.0,0.0,1.0,0.72,0.0,0.0,13.333248178548551,0.0,0.0,0.0,0.0,0.0,0.052224967475839275,0.0,0.0,13.333248178548551,0.0,0.0,615.6693281771973,603.003855031173,-1.0746958878371515e-13,unvalidated-engineering-priors,fixed independent scenario factor; no N cycle,,,,right_censored,BBCH89_full_ripeness,,,
21,ag_099_048,maize,2000,2000-06-15,2000-10-05,615113.668369401,rain_95_matched,1.0,6.501466032204917e-13,2.2737367544323206e-12,0.0,0.0,0.03354275471250856,766.89,80.0,0.0,21.780897370676744,127.76821070726626,89.54374639312569,0.0,121.17419004220694,0.0,310.8773687286422,80.0,0.0,239.0928544710687,6647.811110424284,12541.97186563045,603.003855031173,778.7494417892565,-1.3576362256628727e-12,unvalidated-engineering-priors,fixed independent scenario factor; no N cycle,2000-08-09,2000-09-20,2000-09-20,physiological_maturity,R6_physiological_maturity,2000-06-16,seed_layer_available_water,50.0
21,ag_099_048,fallow,2000,2000-10-06,2000-10-11,615113.668369401,rain_95_matched,1.0,2.282618538629322e-13,0.0,0.0,0.0,1.0,13.17,0.0,0.0,15.577848399999997,0.0,0.0,0.0,0.0,0.0,15.782765045232672,0.0,0.0,15.577848399999997,0.0,0.0,778.7494417892565,760.5588283440242,-3.552713678800501e-13,unvalidated-engineering-priors,fixed independent scenario factor; no N cycle,,,,right_censored,BBCH89_full_ripeness,,,
21,ag_099_048,wheat,2001,2000-10-12,2001-06-10,615113.668369401,rain_95_matched,1.0,1.1226575225009583e-12,3.424815986363683e-12,0.0,0.0,0.04267140235271844,416.41,300.0,0.0,322.4741551206344,186.81720240230862,42.48609486327278,0.0,97.1396248599779,0.0,189.71851073447814,300.0,0.0,551.7774523862158,7384.633013822576,16585.54342835782,760.5588283440242,638.3332403633582,-5.8539839642435254e-12,unvalidated-engineering-priors,fixed independent scenario factor; no N cycle,2001-04-17,2001-05-27,2001-05-27,full_ripeness,BBCH89_full_ripeness,2000-10-12,seed_layer_available_water,50.0
21,ag_099_048,fallow,2001,2001-06-11,2001-06-14,615113.668369401,rain_95_matched,1.0,2.504663143554353e-13,0.0,0.0,0.0,1.0,5.64,0.0,0.0,16.830098846892827,0.0,0.0,0.0,0.0,0.0,0.3618766947376304,0.0,0.0,16.830098846892827,0.0,0.0,638.3332403633582,626.781264821728,-2.4646951146678475e-13,unvalidated-engineering-priors,fixed independent scenario factor; no N cycle,,,,right_censored,BBCH89_full_ripeness,,,
21,ag_099_048,maize,2001,2001-06-15,2001-10-05,615113.668369401,rain_95_matched,1.0,8.739675649849232e-13,5.5138116294983774e-12,0.0,0.0,0.03354275471250856,210.65,80.0,0.0,18.593995178851607,298.50250857978926,75.69406402867953,0.0,18.202718696251715,0.0,25.876031196987462,80.0,0.0,392.7905677873204,9675.17944968492,19132.497114950544,626.781264821728,480.56194714116907,-6.893374759897597e-13,unvalidated-engineering-priors,fixed independent scenario factor; no N cycle,2001-08-10,2001-09-20,2001-09-20,physiological_maturity,R6_physiological_maturity,2001-06-15,seed_layer_available_water,50.0
21,ag_099_048,fallow,2001,2001-10-06,2001-10-11,615113.668369401,rain_95_matched,1.0,6.128431095930864e-14,0.0,0.0,0.0,1.0,5.3,0.0,0.0,11.663041038051913,0.0,0.0,0.0,0.0,0.0,0.006090884496046029,0.0,0.0,11.663041038051913,0.0,0.0,480.56194714116907,474.19281521862115,-3.7969627442180354e-14,unvalidated-engineering-priors,fixed independent scenario factor; no N cycle,,,,right_censored,BBCH89_full_ripeness,,,
21,ag_099_048,wheat,2002,2001-10-12,2002-06-10,615113.668369401,rain_95_matched,1.0,1.1750600492632657e-12,4.064304448547773e-12,0.0,0.0,0.04267140235271844,554.61,300.0,0.0,264.5088233396252,165.68060960219555,73.49027328599493,0.0,120.28843826777161,0.0,17.77428033417641,300.0,0.0,503.6797062278157,6753.869382203891,16807.32511544337,474.19281521862115,687.0603903888546,2.8573809984777654e-12,unvalidated-engineering-priors,fixed independent scenario factor; no N cycle,2002-04-10,2002-05-24,2002-05-24,full_ripeness,BBCH89_full_ripeness,2001-10-13,seed_layer_available_water,50.0
21,ag_099_048,fallow,2002,2002-06-11,2002-06-14,615113.668369401,rain_95_matched,1.0,1.5187850976872141e-13,0.0,0.0,0.0,1.0,0.0,0.0,0.0,18.3171144868272,0.0,0.0,0.0,0.0,0.0,1.8770082984262393,0.0,0.0,18.3171144868272,0.0,0.0,687.0603903888546,666.8662676036012,-4.263256414560601e-14,unvalidated-engineering-priors,fixed independent scenario factor; no N cycle,,,,right_censored,BBCH89_full_ripeness,,,
21,ag_099_048,maize,2002,2002-06-15,2002-10-05,615113.668369401,rain_95_matched,1.0,9.9298347322474e-13,2.6147972675971687e-12,0.0,0.0,0.03354275471250856,680.97,80.0,0.0,19.20152373407502,197.67668030947922,82.39202692541512,0.0,256.5880728881046,0.0,207.17507559864853,80.0,0.0,299.2702309689694,8830.787699863231,16368.208662896202,666.8662676036012,664.8028881478741,4.597433544972773e-12,unvalidated-engineering-priors,fixed independent scenario factor; no N cycle,2002-08-11,2002-09-26,2002-09-26,physiological_maturity,R6_physiological_maturity,2002-06-16,seed_layer_available_water,50.0
21,ag_099_048,fallow,2002,2002-10-06,2002-10-11,615113.668369401,rain_95_matched,1.0,1.0480505352461478e-13,0.0,0.0,0.0,1.0,0.0,0.0,0.0,18.447012373042497,0.0,0.0,0.0,0.0,0.0,0.7414436563010421,0.0,0.0,18.447012373042497,0.0,0.0,664.8028881478741,645.6144321185308,-1.9539925233402755e-13,unvalidated-engineering-priors,fixed independent scenario factor; no N cycle,,,,right_censored,BBCH89_full_ripeness,,,
21,ag_099_048,wheat,2003,2002-10-12,2003-06-10,615113.668369401,rain_95_matched,0.75,1.0338396805309458e-12,2.8990143619012088e-12,0.0,0.0,0.04267140235271844,514.5,225.0,0.0,271.94776288730577,155.20828196319982,69.45667987421724,0.0,70.49402006148667,0.0,148.84466419295921,225.0,0.0,496.61272472472285,6620.238785076431,15558.87185873279,645.6144321185308,669.163023139363,-9.00390872971002e-13,unvalidated-engineering-priors,fixed independent scenario factor; no N cycle,2003-04-22,2003-05-30,2003-05-30,full_ripeness,BBCH89_full_ripeness,2002-10-12,seed_layer_available_water,50.0
21,ag_099_048,fallow,2003,2003-06-11,2003-06-14,615113.668369401,rain_95_matched,0.75,1.6120438317557273e-13,0.0,0.0,0.0,1.0,11.120000000000001,0.0,0.0,14.56958146150011,0.0,0.0,0.0,0.0,0.0,2.0113174002540832,0.0,0.0,14.56958146150011,0.0,0.0,669.163023139363,663.702124277609,-1.9051427102567686e-13,unvalidated-engineering-priors,fixed independent scenario factor; no N cycle,,,,right_censored,BBCH89_full_ripeness,,,
21,ag_099_048,maize,2003,2003-06-15,2003-10-05,615113.668369401,rain_95_matched,0.75,9.698908343125368e-13,2.2950530365051236e-12,0.0,0.0,0.03354275471250856,978.8199999999999,60.0,0.0,19.976251747184048,109.88310925842633,84.10380697266235,0.0,232.8157878243483,0.0,478.058505815941,60.0,0.0,213.96316797827274,6251.964223063703,11566.616666239617,663.702124277609,777.68466265905,-3.0397906414236786e-12,unvalidated-engineering-priors,fixed independent scenario factor; no N cycle,2003-08-12,2003-09-28,2003-09-28,physiological_maturity,R6_physiological_maturity,2003-06-16,seed_layer_available_water,50.0
21,ag_099_048,fallow,2003,2003-10-06,2003-10-11,615113.668369401,rain_95_matched,0.75,1.2079226507921703e-13,0.0,0.0,0.0,1.0,75.24,0.0,0.0,11.526430600000001,0.0,0.0,0.0,28.304659616264303,0.0,10.983739187700262,0.0,0.0,11.526430600000001,0.0,0.0,777.68466265905,802.1098332550855,-7.505107646466058e-14,unvalidated-engineering-priors,fixed independent scenario factor; no N cycle,,,,right_censored,BBCH89_full_ripeness,,,
21,ag_099_048,wheat,2004,2003-10-12,2004-06-10,615113.668369401,rain_95_matched,0.5,9.046097204645775e-13,5.7696070143720135e-12,0.0,0.0,0.04267140235271844,406.76,150.0,0.0,331.3288071222624,228.40830961480498,57.38335611420031,0.0,12.139683596681957,0.0,114.0147716810103,150.0,0.0,617.1204728512677,8456.627736183598,19660.698998598567,802.1098332550855,615.5949051261272,-1.5762946503627973e-12,unvalidated-engineering-priors,fixed independent scenario factor; no N cycle,2004-04-12,2004-05-21,2004-05-21,full_ripeness,BBCH89_full_ripeness,2003-10-12,seed_layer_available_water,50.0
21,ag_099_048,fallow,2004,2004-06-11,2004-06-14,615113.668369401,rain_95_matched,0.5,9.50350909079134e-14,0.0,0.0,0.0,1.0,43.69,0.0,0.0,8.990404137491826,0.0,0.0,0.0,0.0,0.0,0.10509779116375738,0.0,0.0,8.990404137491826,0.0,0.0,615.5949051261272,650.1894031974714,1.942890293094024e-13,unvalidated-engineering-priors,fixed independent scenario factor; no N cycle,,,,right_censored,BBCH89_full_ripeness,,,
21,ag_099_048,maize,2004,2004-06-15,2004-10-05,615113.668369401,rain_95_matched,0.5,1.0365042157900461e-12,4.945377440890297e-12,0.0,0.0,0.03354275471250856,608.57,40.0,0.0,15.851032183562364,205.111436617284,108.37865604203475,0.0,134.50192743568834,0.0,139.24498479618921,40.0,0.0,329.34112484288113,9731.761079958811,18492.521633130567,650.1894031974714,695.6713661227114,1.2780887459484802e-12,unvalidated-engineering-priors,fixed independent scenario factor; no N cycle,2004-08-10,2004-09-25,2004-09-25,physiological_maturity,R6_physiological_maturity,2004-06-15,seed_layer_available_water,50.0
21,ag_099_048,fallow,2004,2004-10-06,2004-10-11,615113.668369401,rain_95_matched,0.5,2.1804780203638074e-13,0.0,0.0,0.0,1.0,0.01,0.0,0.0,17.67626948002229,0.0,0.0,0.0,0.0,0.0,1.4844651888675828,0.0,0.0,17.67626948002229,0.0,0.0,695.6713661227114,676.5206314538218,-2.3359092438113294e-13,unvalidated-engineering-priors,fixed independent scenario factor; no N cycle,,,,right_censored,BBCH89_full_ripeness,,,
21,ag_099_048,wheat,2005,2004-10-12,2005-06-10,615113.668369401,rain_95_matched,0.5,1.0267342531733448e-12,4.462208380573429e-12,0.0,0.0,0.04267140235271844,395.83,150.0,0.0,220.39705861194187,239.55044263859904,75.96968525460012,0.0,0.0,0.0,24.88772808945636,150.0,0.0,535.917186505141,8881.605433113185,21215.62816037719,676.5206314538218,661.5457168592279,-3.5158542743829457e-12,unvalidated-engineering-priors,fixed independent scenario factor; no N cycle,2005-04-24,2005-05-31,2005-05-31,full_ripeness,BBCH89_full_ripeness,2004-10-12,seed_layer_available_water,50.0
21,ag_099_048,fallow,2005,2005-06-11,2005-06-14,615113.668369401,rain_95_matched,0.5,2.042810365310288e-13,0.0,0.0,0.0,1.0,0.0,0.0,0.0,23.489193084908727,0.0,0.0,0.0,0.0,0.0,0.1464318826226448,0.0,0.0,23.489193084908727,0.0,0.0,661.5457168592279,637.9100918916969,-3.268496584496461e-13,unvalidated-engineering-priors,fixed independent scenario factor; no N cycle,,,,right_censored,BBCH89_full_ripeness,,,
21,ag_099_048,maize,2005,2005-06-15,2005-10-05,615113.668369401,rain_95_matched,0.5,1.0720313525780512e-12,2.3021584638627246e-12,0.0,0.0,0.03354275471250856,912.67,40.0,0.0,18.152358527086946,142.4354750639451,116.28076641370713,0.0,228.3461178687893,0.0,304.46837383587933,40.0,0.0,276.86860000473916,7056.084174546857,14642.512560582996,637.9100918916969,780.8970001822901,-9.866552019843766e-13,unvalidated-engineering-priors,fixed independent scenario factor; no N cycle,2005-08-08,2005-09-22,2005-09-22,physiological_maturity,R6_physiological_maturity,2005-06-15,seed_layer_available_water,50.0
21,ag_099_048,fallow,2005,2005-10-06,2005-10-11,615113.668369401,rain_95_matched,0.5,1.3322676295501878e-13,0.0,0.0,0.0,1.0,3.69,0.0,0.0,18.520511699999993,0.0,0.0,0.0,0.0,0.0,16.568799221726454,0.0,0.0,18.520511699999993,0.0,0.0,780.8970001822901,749.4976892605637,-5.0182080713057076e-14,unvalidated-engineering-priors,fixed independent scenario factor; no N cycle,,,,right_censored,BBCH89_full_ripeness,,,
21,ag_099_048,wheat,2006,2005-10-12,2006-06-10,615113.668369401,rain_95_matched,0.5,9.228173780684301e-13,5.4569682106375694e-12,0.0,0.0,0.04267140235271844,273.54,150.0,0.0,239.8573575994387,255.61836610378109,55.1417480598625,0.0,0.0,0.0,64.2589618943539,150.0,0.0,550.6174717630823,9120.837600223955,21388.93207979157,749.4976892605637,558.1612556031263,1.209143896119258e-12,unvalidated-engineering-priors,fixed independent scenario factor; no N cycle,2006-04-18,2006-05-27,2006-05-27,full_ripeness,BBCH89_full_ripeness,2005-10-12,seed_layer_available_water,50.0
21,ag_099_048,fallow,2006,2006-06-11,2006-06-14,615113.668369401,rain_95_matched,0.5,1.8207657603852567e-13,0.0,0.0,0.0,1.0,5.6899999999999995,0.0,0.0,6.170869450602154,0.0,0.0,0.0,0.0,0.0,0.029347970921228893,0.0,0.0,6.170869450602154,0.0,0.0,558.1612556031263,557.6510381816026,2.5068835896036035e-13,unvalidated-engineering-priors,fixed independent scenario factor; no N cycle,,,,right_censored,BBCH89_full_ripeness,,,
21,ag_099_048,maize,2006,2006-06-15,2006-10-05,615113.668369401,rain_95_matched,0.5,1.1315393066979595e-12,2.6147972675971687e-12,0.0,0.0,0.03354275471250856,471.99,40.0,0.0,22.49298363785992,154.97515144392904,98.062871994266,0.0,8.647867885953415,0.0,85.00640092969478,40.0,0.0,275.53100707605495,7392.852077321493,14886.729780791833,557.6510381816026,700.4557622899102,-1.0746514789161665e-11,unvalidated-engineering-priors,fixed independent scenario factor; no N cycle,2006-08-09,2006-09-23,2006-09-23,physiological_maturity,R6_physiological_maturity,2006-06-16,seed_layer_available_water,50.0
21,ag_099_048,fallow,2006,2006-10-06,2006-10-11,615113.668369401,rain_95_matched,0.5,2.4558133304708463e-13,0.0,0.0,0.0,1.0,0.36,0.0,0.0,18.890206575542372,0.0,0.0,0.0,0.0,0.0,1.3797388964227606,0.0,0.0,18.890206575542372,0.0,0.0,700.4557622899102,680.5458168179447,4.2454928461665986e-13,unvalidated-engineering-priors,fixed independent scenario factor; no N cycle,,,,right_censored,BBCH89_full_ripeness,,,
21,ag_099_048,wheat,2007,2006-10-12,2007-06-10,615113.668369401,rain_95_matched,0.75,8.424372310855688e-13,5.4569682106375694e-12,0.0,0.0,0.04267140235271844,345.03000000000003,225.0,0.0,298.424035589034,227.13035774043968,58.765734510891726,0.0,35.9086276413402,0.0,30.40109672138442,225.0,0.0,584.3201278403654,8870.960934356252,19899.52479350365,680.5458168179447,599.9459646148523,2.302047441560262e-12,unvalidated-engineering-priors,fixed independent scenario factor; no N cycle,2007-04-15,2007-05-25,2007-05-25,full_ripeness,BBCH89_full_ripeness,2006-10-12,seed_layer_available_water,50.0
21,ag_099_048,fallow,2007,2007-06-11,2007-06-14,615113.668369401,rain_95_matched,0.75,1.936228954946273e-13,0.0,0.0,0.0,1.0,0.02,0.0,0.0,5.6364325356987,0.0,0.0,0.0,0.0,0.0,0.126635064535495,0.0,0.0,5.6364325356987,0.0,0.0,599.9459646148523,594.2028970146183,-2.0983215165415459e-13,unvalidated-engineering-priors,fixed independent scenario factor; no N cycle,,,,right_censored,BBCH89_full_ripeness,,,
21,ag_099_048,maize,2007,2007-06-15,2007-10-05,615113.668369401,rain_95_matched,0.75,1.0684786388992507e-12,2.5863755581667647e-12,0.0,0.0,0.03354275471250856,799.02,60.0,0.0,21.03344474267525,145.5248332287755,84.94003990440103,0.0,142.95389570022584,0.0,358.0503757469754,60.0,0.0,251.49831787585177,6832.279492257003,13350.51898714491,594.2028970146183,700.7203076915646,7.047695760320494e-13,unvalidated-engineering-priors,fixed independent scenario factor; no N cycle,2007-08-11,2007-09-23,2007-09-23,physiological_maturity,R6_physiological_maturity,2007-06-16,seed_layer_available_water,50.0
21,ag_099_048,fallow,2007,2007-10-06,2007-10-11,615113.668369401,rain_95_matched,0.75,2.278177646530821e-13,0.0,0.0,0.0,1.0,0.03,0.0,0.0,20.170393662289808,0.0,0.0,0.0,0.0,0.0,1.8202418132331286,0.0,0.0,20.170393662289808,0.0,0.0,700.7203076915646,678.7596722160416,2.7977620220553945e-14,unvalidated-engineering-priors,fixed independent scenario factor; no N cycle,,,,right_censored,BBCH89_full_ripeness,,,
21,ag_099_048,wheat,2008,2007-10-12,2008-06-10,615113.668369401,rain_95_matched,0.5,7.833733661755105e-13,6.195932655828074e-12,0.0,0.0,0.04267140235271844,430.25,150.0,0.0,251.1124743608202,255.25303563858486,58.6644391571657,0.0,14.919922166757834,0.0,35.55235401555453,150.0,0.0,565.0299491565708,10173.636553900176,22608.237985499723,678.7596722160416,643.5074468771595,-1.0186851362448124e-12,unvalidated-engineering-priors,fixed independent scenario factor; no N cycle,2008-04-18,2008-05-28,2008-05-28,full_ripeness,BBCH89_full_ripeness,2007-10-12,seed_layer_available_water,50.0
21,ag_099_048,fallow,2008,2008-06-11,2008-06-14,615113.668369401,rain_95_matched,0.5,2.8199664825478976e-13,0.0,0.0,0.0,1.0,1.51,0.0,0.0,7.242338179266543,0.0,0.0,0.0,0.0,0.0,0.6018959891301476,0.0,0.0,7.242338179266543,0.0,0.0,643.5074468771595,637.1732127087632,-4.127809205556332e-13,unvalidated-engineering-priors,fixed independent scenario factor; no N cycle,,,,right_censored,BBCH89_full_ripeness,,,
21,ag_099_048,maize,2008,2008-06-15,2008-10-05,615113.668369401,rain_95_matched,0.5,1.3580248037214915e-12,2.5579538487363607e-12,0.0,0.0,0.03354275471250856,617.89,40.0,0.0,17.789439679276597,154.5921189187914,89.59742789509868,0.0,47.539420264964455,0.0,256.15350342709047,40.0,0.0,261.9789864931667,7792.733874223705,14671.14858141625,637.1732127087632,729.3913025235414,2.013944566670034e-13,unvalidated-engineering-priors,fixed independent scenario factor; no N cycle,2008-08-10,2008-09-22,2008-09-22,physiological_maturity,R6_physiological_maturity,2008-06-16,seed_layer_available_water,50.0
21,ag_099_048,fallow,2008,2008-10-06,2008-10-11,615113.668369401,rain_95_matched,0.5,1.5587531265737198e-13,0.0,0.0,0.0,1.0,0.21000000000000002,0.0,0.0,14.821354499999998,0.0,0.0,0.0,0.0,0.0,3.652806657559753,0.0,0.0,14.821354499999998,0.0,0.0,729.3913025235414,711.1271413659816,3.197442310920451e-14,unvalidated-engineering-priors,fixed independent scenario factor; no N cycle,,,,right_censored,BBCH89_full_ripeness,,,
21,ag_099_048,wheat,2009,2008-10-12,2009-06-10,615113.668369401,rain_95_matched,0.5,8.633094239485217e-13,5.343281372915953e-12,0.0,0.0,0.04267140235271844,321.76,150.0,0.0,284.6360354549486,216.56346124894222,55.7010534898817,0.0,0.0,0.0,39.71308504873698,150.0,0.0,556.9005501937726,8175.358538369035,18412.298747188615,711.1271413659816,586.2735061234742,-2.1600499167107046e-12,unvalidated-engineering-priors,fixed independent scenario factor; no N cycle,2009-04-15,2009-05-24,2009-05-24,full_ripeness,BBCH89_full_ripeness,2008-10-12,seed_layer_available_water,50.0
21,ag_099_048,fallow,2009,2009-06-11,2009-06-14,615113.668369401,rain_95_matched,0.5,1.6431300764452317e-13,0.0,0.0,0.0,1.0,0.5700000000000001,0.0,0.0,10.004511704541455,0.0,0.0,0.0,0.0,0.0,0.0370345193169894,0.0,0.0,10.004511704541455,0.0,0.0,586.2735061234742,576.8019598996159,-9.08162434143378e-14,unvalidated-engineering-priors,fixed independent scenario factor; no N cycle,,,,right_censored,BBCH89_full_ripeness,,,
21,ag_099_048,maize,2009,2009-06-15,2009-10-05,615113.668369401,rain_95_matched,0.5,1.0080825063596421e-12,3.296918293926865e-12,0.0,0.0,0.03354275471250856,397.37,40.0,0.0,18.088386097344216,199.66048354960813,81.59250219406407,0.0,1.669004364118905,0.0,16.022358341422244,40.0,0.0,299.34137184101644,8006.981201517843,15821.955246599024,576.8019598996159,697.139225353062,-3.665401315799954e-12,unvalidated-engineering-priors,fixed independent scenario factor; no N cycle,2009-08-10,2009-09-25,2009-09-25,physiological_maturity,R6_physiological_maturity,2009-06-16,seed_layer_available_water,50.0
21,ag_099_048,fallow,2009,2009-10-06,2009-10-11,615113.668369401,rain_95_matched,0.5,1.4477308241112041e-13,0.0,0.0,0.0,1.0,1.85,0.0,0.0,17.143835009137604,0.0,0.0,0.0,0.0,0.0,1.2738211657620004,0.0,0.0,17.143835009137604,0.0,0.0,697.139225353062,680.5715691781627,-3.05089287166993e-13,unvalidated-engineering-priors,fixed independent scenario factor; no N cycle,,,,right_censored,BBCH89_full_ripeness,,,
21,ag_099_048,wheat,2010,2009-10-12,2010-06-10,615113.668369401,rain_95_matched,0.75,9.032774528350274e-13,3.865352482534945e-12,0.0,0.0,0.04267140235271844,438.37,225.0,0.0,277.6527536928416,209.8719295749832,65.98258002826375,0.0,35.63879987707679,0.0,45.99620799374395,225.0,0.0,553.5072632960886,8163.18403675278,18993.429553937633,680.5715691781627,708.7992980112507,2.6666446828471635e-12,unvalidated-engineering-priors,fixed independent scenario factor; no N cycle,2010-04-29,2010-06-06,2010-06-06,full_ripeness,BBCH89_full_ripeness,2009-10-12,seed_layer_available_water,50.0
21,ag_099_048,fallow,2010,2010-06-11,2010-06-14,615113.668369401,rain_95_matched,0.75,2.1316282072803006e-13,0.0,0.0,0.0,1.0,0.09,0.0,0.0,20.141544155296156,0.0,0.0,0.0,0.0,0.0,0.8504212455144533,0.0,0.0,20.141544155296156,0.0,0.0,708.7992980112507,687.8973326104406,-4.82280881897168e-13,unvalidated-engineering-priors,fixed independent scenario factor; no N cycle,,,,right_censored,BBCH89_full_ripeness,,,
21,ag_099_048,maize,2010,2010-06-15,2010-10-05,615113.668369401,rain_95_matched,0.75,1.1102230246251565e-12,3.751665644813329e-12,0.0,0.0,0.03354275471250856,445.4,60.0,0.0,18.522177841720126,175.1197983990477,111.01161608741664,0.0,22.608482428497283,0.0,147.81883572427216,60.0,0.0,304.65359232818446,7601.219191462543,15577.854411159233,687.8973326104406,718.2164221294834,3.308575635685429e-12,unvalidated-engineering-priors,fixed independent scenario factor; no N cycle,2010-08-08,2010-09-20,2010-09-20,physiological_maturity,R6_physiological_maturity,2010-06-15,seed_layer_available_water,50.0
21,ag_099_048,fallow,2010,2010-10-06,2010-10-11,615113.668369401,rain_95_matched,0.75,2.389199948993337e-13,0.0,0.0,0.0,1.0,0.6,0.0,0.0,20.70856301188645,0.0,0.0,0.0,0.0,0.0,2.6997094481122366,0.0,0.0,20.70856301188645,0.0,0.0,718.2164221294834,695.4081496694846,7.37188088351104e-14,unvalidated-engineering-priors,fixed independent scenario factor; no N cycle,,,,right_censored,BBCH89_full_ripeness,,,
21,ag_099_048,wheat,2011,2010-10-12,2011-06-10,615113.668369401,rain_95_matched,0.75,7.043254868221993e-13,3.979039320256561e-12,0.0,0.0,0.04267140235271844,152.6,225.0,0.0,216.7845160651703,301.718311098267,31.700777814588587,0.0,0.0,0.0,35.33639911808372,225.0,0.0,550.203604978026,8752.870788346432,20011.33055862195,695.4081496694846,487.4681455733721,2.866595849582154e-12,unvalidated-engineering-priors,fixed independent scenario factor; no N cycle,2011-04-19,2011-05-30,2011-05-30,full_ripeness,BBCH89_full_ripeness,2010-10-12,seed_layer_available_water,50.0
21,ag_099_048,fallow,2011,2011-06-11,2011-06-14,615113.668369401,rain_95_matched,0.75,6.128431095930864e-14,0.0,0.0,0.0,1.0,21.4,0.0,0.0,7.372281563128807,0.0,0.0,0.0,0.0,0.0,0.002156405316439212,0.0,0.0,7.372281563128807,0.0,0.0,487.4681455733721,501.4937076049268,8.348877145181177e-14,unvalidated-engineering-priors,fixed independent scenario factor; no N cycle,,,,right_censored,BBCH89_full_ripeness,,,
21,ag_099_048,maize,2011,2011-06-15,2011-10-05,615113.668369401,rain_95_matched,0.75,1.1119993814645568e-12,3.439026841078885e-12,0.0,0.0,0.03354275471250856,406.55,60.0,0.0,18.96003957441211,169.20672769344574,96.16786306163365,0.0,0.0,0.0,8.887303771629872,60.0,0.0,284.3346303294915,7493.64192890605,14965.240973297143,501.4937076049268,674.8217735038027,2.730871084821729e-12,unvalidated-engineering-priors,fixed independent scenario factor; no N cycle,2011-08-10,2011-09-27,2011-09-27,physiological_maturity,R6_physiological_maturity,2011-06-15,seed_layer_available_water,50.0
21,ag_099_048,fallow,2011,2011-10-06,2011-10-11,615113.668369401,rain_95_matched,0.75,1.3100631690576847e-13,0.0,0.0,0.0,1.0,2.54,0.0,0.0,19.952507281176562,0.0,0.0,0.0,0.0,0.0,0.7541484180526143,0.0,0.0,19.952507281176562,0.0,0.0,674.8217735038027,656.6551178045735,5.773159728050814e-15,unvalidated-engineering-priors,fixed independent scenario factor; no N cycle,,,,right_censored,BBCH89_full_ripeness,,,
21,ag_099_048,wheat,2012,2011-10-12,2012-06-10,615113.668369401,rain_95_matched,0.75,8.553158181712206e-13,3.637978807091713e-12,0.0,0.0,0.04267140235271844,272.93,225.0,0.0,278.5709595716274,219.5383989827902,38.12269344923873,0.0,7.50484837402697,0.0,34.74762274544647,225.0,0.0,536.2320520036563,7543.886603272744,17357.203833955573,656.6551178045735,576.1005946814469,-3.130939951745404e-12,unvalidated-engineering-priors,fixed independent scenario factor; no N cycle,2012-04-22,2012-05-28,2012-05-28,full_ripeness,BBCH89_full_ripeness,2011-10-12,seed_layer_available_water,50.0
21,ag_099_048,fallow,2012,2012-06-11,2012-06-14,615113.668369401,rain_95_matched,0.75,1.0724754417879012e-13,0.0,0.0,0.0,1.0,0.44,0.0,0.0,4.480343384724157,0.0,0.0,0.0,0.0,0.0,0.07286686553024325,0.0,0.0,4.480343384724157,0.0,0.0,576.1005946814469,571.9873844311927,-2.446931546273845e-13,unvalidated-engineering-priors,fixed independent scenario factor; no N cycle,,,,right_censored,BBCH89_full_ripeness,,,
21,ag_099_048,maize,2012,2012-06-15,2012-10-05,615113.668369401,rain_95_matched,0.75,1.1652900866465643e-12,3.183231456205249e-12,0.0,0.0,0.03354275471250856,462.43,60.0,0.0,22.784171598171405,221.49592586435907,68.29990622924605,0.0,10.36806240546423,0.0,74.233797959297,60.0,0.0,312.5800036917765,8250.422856336678,15546.846934332247,571.9873844311927,697.235520374658,-3.0098146197587994e-12,unvalidated-engineering-priors,fixed independent scenario factor; no N cycle,2012-08-10,2012-09-23,2012-09-23,physiological_maturity,R6_physiological_maturity,2012-06-16,seed_layer_available_water,50.0
21,ag_099_048,fallow,2012,2012-10-06,2012-10-11,615113.668369401,rain_95_matched,0.75,1.0258460747536446e-13,0.0,0.0,0.0,1.0,0.02,0.0,0.0,19.722607860216876,0.0,0.0,0.0,0.0,0.0,2.116330777783838,0.0,0.0,19.722607860216876,0.0,0.0,697.235520374658,675.4165817366571,1.603162047558726e-13,unvalidated-engineering-priors,fixed independent scenario factor; no N cycle,,,,right_censored,BBCH89_full_ripeness,,,
21,ag_099_048,wheat,2013,2012-10-12,2013-06-10,615113.668369401,rain_95_matched,0.75,9.992007221626409e-13,4.973799150320701e-12,0.0,0.0,0.04267140235271844,339.04,225.0,0.0,314.26769946269394,245.68223022012188,49.864119456239294,0.0,1.0886838011456792,0.0,31.765789524806827,225.0,0.0,609.8140491390551,8103.513018546633,18850.68603433355,675.4165817366571,596.7880592716524,-2.8791968809116497e-12,unvalidated-engineering-priors,fixed independent scenario factor; no N cycle,2013-04-20,2013-05-30,2013-05-30,full_ripeness,BBCH89_full_ripeness,2012-10-12,seed_layer_available_water,50.0
21,ag_099_048,fallow,2013,2013-06-11,2013-06-14,615113.668369401,rain_95_matched,0.75,4.75175454539567e-14,0.0,0.0,0.0,1.0,1.55,0.0,0.0,9.457602295517004,0.0,0.0,0.0,0.0,0.0,0.057904152287002776,0.0,0.0,9.457602295517004,0.0,0.0,596.7880592716524,588.8225528238484,3.863576125695545e-14,unvalidated-engineering-priors,fixed independent scenario factor; no N cycle,,,,right_censored,BBCH89_full_ripeness,,,
21,ag_099_048,maize,2013,2013-06-15,2013-10-05,615113.668369401,rain_95_matched,0.75,8.775202786637237e-13,3.637978807091713e-12,0.0,0.0,0.03354275471250856,423.51,60.0,0.0,21.30443353577744,281.2340129710712,71.0607822263081,0.0,22.222661538932115,0.0,7.964985760575846,60.0,0.0,373.59922873315674,8330.417888750046,17784.202979870923,588.8225528238484,668.5456767911776,6.057543355808548e-12,unvalidated-engineering-priors,fixed independent scenario factor; no N cycle,2013-08-10,2013-09-24,2013-09-24,physiological_maturity,R6_physiological_maturity,2013-06-16,seed_layer_available_water,50.0
21,ag_099_048,fallow,2013,2013-10-06,2013-10-11,615113.668369401,rain_95_matched,0.75,1.7763568394002505e-13,0.0,0.0,0.0,1.0,0.0,0.0,0.0,21.732471103446308,0.0,0.0,0.0,0.0,0.0,0.3708888784939431,0.0,0.0,21.732471103446308,0.0,0.0,668.5456767911776,646.4423168092372,9.14823772291129e-14,unvalidated-engineering-priors,fixed independent scenario factor; no N cycle,,,,right_censored,BBCH89_full_ripeness,,,
21,ag_099_048,wheat,2014,2013-10-12,2014-06-10,615113.668369401,rain_95_matched,1.0,8.966161146872764e-13,4.177991286269389e-12,0.0,0.0,0.04267140235271844,302.25,300.0,0.0,285.51071437498257,205.40044111055278,63.20315591079876,0.0,55.33608715247987,0.0,18.498396569252172,300.0,0.0,554.1143113963342,8282.08327840652,18788.35322549579,646.4423168092372,620.74352169117,1.017297357464031e-12,unvalidated-engineering-priors,fixed independent scenario factor; no N cycle,2014-04-13,2014-05-23,2014-05-23,full_ripeness,BBCH89_full_ripeness,2013-10-12,seed_layer_available_water,50.0
21,ag_099_048,fallow,2014,2014-06-11,2014-06-14,615113.668369401,rain_95_matched,1.0,8.193445921733655e-14,0.0,0.0,0.0,1.0,3.7199999999999998,0.0,0.0,5.63187717957881,0.0,0.0,0.0,0.0,0.0,0.3085794849588587,0.0,0.0,5.63187717957881,0.0,0.0,620.74352169117,618.5230650266325,-1.1834977442504169e-13,unvalidated-engineering-priors,fixed independent scenario factor; no N cycle,,,,right_censored,BBCH89_full_ripeness,,,
21,ag_099_048,maize,2014,2014-06-15,2014-10-05,615113.668369401,rain_95_matched,1.0,7.691625114603085e-13,3.353761712787673e-12,0.0,0.0,0.03354275471250856,444.9,80.0,0.0,16.595879989989008,179.10320702676367,90.30545933085028,0.0,22.925144693877755,0.0,71.9186753504671,80.0,0.0,286.00454634760297,7167.2375193144935,15508.647675077631,618.5230650266325,762.574698634686,-1.3450907054846084e-12,unvalidated-engineering-priors,fixed independent scenario factor; no N cycle,2014-08-12,2014-09-28,2014-09-28,physiological_maturity,R6_physiological_maturity,2014-06-16,seed_layer_available_water,50.0
21,ag_099_048,fallow,2014,2014-10-06,2014-10-11,615113.668369401,rain_95_matched,1.0,2.5845992013273644e-13,0.0,0.0,0.0,1.0,0.0,0.0,0.0,19.943190500000004,0.0,0.0,0.0,0.0,0.0,10.35500407332261,0.0,0.0,19.943190500000004,0.0,0.0,762.574698634686,732.2765040613635,-1.4921397450962104e-13,unvalidated-engineering-priors,fixed independent scenario factor; no N cycle,,,,right_censored,BBCH89_full_ripeness,,,
21,ag_099_048,wheat,2015,2014-10-12,2015-06-10,615113.668369401,rain_95_matched,0.75,9.316991622654314e-13,4.547473508864641e-12,0.0,0.0,0.04267140235271844,401.98,225.0,0.0,319.8396263163151,186.84367803840092,59.25108317992256,0.0,29.21839833871023,0.0,104.82302676883275,225.0,0.0,565.9343875346386,7612.4162416443405,17371.779259961975,732.2765040613635,659.2806914191876,-5.667910585316349e-12,unvalidated-engineering-priors,fixed independent scenario factor; no N cycle,2015-04-18,2015-05-25,2015-05-25,full_ripeness,BBCH89_full_ripeness,2014-10-12,seed_layer_available_water,50.0
21,ag_099_048,fallow,2015,2015-06-11,2015-06-14,615113.668369401,rain_95_matched,0.75,6.17284001691587e-14,0.0,0.0,0.0,1.0,0.0,0.0,0.0,8.682945402499087,0.0,0.0,0.0,0.0,0.0,1.0138887081575974,0.0,0.0,8.682945402499087,0.0,0.0,659.2806914191876,649.5838573085309,2.6201263381153694e-14,unvalidated-engineering-priors,fixed independent scenario factor; no N cycle,,,,right_censored,BBCH89_full_ripeness,,,
21,ag_099_048,maize,2015,2015-06-15,2015-10-05,615113.668369401,rain_95_matched,0.75,1.2119194536808209e-12,2.2168933355715126e-12,0.0,0.0,0.03354275471250856,508.64,60.0,0.0,18.52298993105146,220.2506510199496,51.10455673402629,0.0,97.93837914198394,0.0,176.26844484454173,60.0,0.0,289.8781976850274,8783.055990482664,16320.920104915902,649.5838573085309,654.1388356369856,-7.733591544933915e-12,unvalidated-engineering-priors,fixed independent scenario factor; no N cycle,2015-08-13,2015-09-27,2015-09-27,physiological_maturity,R6_physiological_maturity,2015-06-16,seed_layer_available_water,50.0
21,ag_099_048,fallow,2015,2015-10-06,2015-10-11,615113.668369401,rain_95_matched,0.75,3.0730973321624333e-13,0.0,0.0,0.0,1.0,5.1899999999999995,0.0,0.0,17.49621864089783,0.0,0.0,0.0,0.0,0.0,0.2881061944683968,0.0,0.0,17.49621864089783,0.0,0.0,654.1388356369856,641.5445108016198,-4.3209880118411093e-13,unvalidated-engineering-priors,fixed independent scenario factor; no N cycle,,,,right_censored,BBCH89_full_ripeness,,,
21,ag_099_048,wheat,2016,2015-10-12,2016-06-10,615113.668369401,rain_95_matched,0.75,1.1728396032140154e-12,3.979039320256561e-12,0.0,0.0,0.04267140235271844,450.44,225.0,0.0,345.9463829826995,178.92577439981403,49.842882224173295,0.0,13.39649265875592,0.0,21.719580490358293,225.0,0.0,574.7150396066868,7025.143077859903,16144.993613945673,641.5445108016198,707.1533980458203,-1.4648282586904315e-12,unvalidated-engineering-priors,fixed independent scenario factor; no N cycle,2016-04-14,2016-05-23,2016-05-23,full_ripeness,BBCH89_full_ripeness,2015-10-12,seed_layer_available_water,50.0
21,ag_099_048,fallow,2016,2016-06-11,2016-06-14,615113.668369401,rain_95_matched,0.75,2.611244553918368e-13,0.0,0.0,0.0,1.0,8.44,0.0,0.0,20.043145554941376,0.0,0.0,0.0,0.0,0.0,1.2832370068411612,0.0,0.0,20.043145554941376,0.0,0.0,707.1533980458203,694.267015484038,-2.55351295663786e-13,unvalidated-engineering-priors,fixed independent scenario factor; no N cycle,,,,right_censored,BBCH89_full_ripeness,,,
21,ag_099_048,maize,2016,2016-06-15,2016-10-05,615113.668369401,rain_95_matched,0.75,1.0969003483296547e-12,3.666400516522117e-12,0.0,0.0,0.03354275471250856,478.68,60.0,0.0,18.572627346515933,238.3218144547839,64.74945871617129,0.0,98.10915490334118,0.0,155.58126724090576,60.0,0.0,321.64390051747114,9036.747578706414,17109.035186956477,694.267015484038,657.6126928223216,-1.66644475996236e-12,unvalidated-engineering-priors,fixed independent scenario factor; no N cycle,2016-08-10,2016-09-20,2016-09-20,physiological_maturity,R6_physiological_maturity,2016-06-15,seed_layer_available_water,50.0
21,ag_099_048,fallow,2016,2016-10-06,2016-10-11,615113.668369401,rain_95_matched,0.75,1.7075230118734908e-13,0.0,0.0,0.0,1.0,0.25,0.0,0.0,15.942508599999996,0.0,0.0,0.0,0.0,0.0,0.16938437774242213,0.0,0.0,15.942508599999996,0.0,0.0,657.6126928223216,641.7507998445794,-2.4558133304708463e-13,unvalidated-engineering-priors,fixed independent scenario factor; no N cycle,,,,right_censored,BBCH89_full_ripeness,,,
21,ag_099_048,wheat,2017,2016-10-12,2017-06-10,615113.668369401,rain_95_matched,0.75,8.739675649849232e-13,3.637978807091713e-12,0.0,0.0,0.04267140235271844,537.22,225.0,0.0,348.07873351227363,170.35805076302373,49.47248138123825,0.0,27.733456962436517,0.0,106.8537633672118,225.0,0.0,567.9092656565356,6628.081644304503,15393.964589485393,641.7507998445794,701.4743138583952,2.610134330893743e-13,unvalidated-engineering-priors,fixed independent scenario factor; no N cycle,2017-04-13,2017-05-21,2017-05-21,full_ripeness,BBCH89_full_ripeness,2016-10-12,seed_layer_available_water,50.0
21,ag_099_048,fallow,2017,2017-06-11,2017-06-14,615113.668369401,rain_95_matched,0.75,2.2737367544323206e-13,0.0,0.0,0.0,1.0,0.19,0.0,0.0,18.6842909,0.0,0.0,0.0,0.0,0.0,0.5388113152829637,0.0,0.0,18.6842909,0.0,0.0,701.4743138583952,682.4412116431124,-1.2612133559741778e-13,unvalidated-engineering-priors,fixed independent scenario factor; no N cycle,,,,right_censored,BBCH89_full_ripeness,,,
21,ag_099_048,maize,2017,2017-06-15,2017-10-05,615113.668369401,rain_95_matched,0.75,9.299228054260311e-13,2.9700686354772188e-12,0.0,0.0,0.03354275471250856,761.44,60.0,0.0,16.378157515855456,205.02468096785185,86.91806926259947,0.0,118.09501329493095,0.0,272.4521868806032,60.0,0.0,308.3209077463068,8066.289556963628,16732.865642001794,682.4412116431124,805.0131037212747,-3.223976641208992e-12,unvalidated-engineering-priors,fixed independent scenario factor; no N cycle,2017-08-08,2017-09-20,2017-09-20,physiological_maturity,R6_physiological_maturity,2017-06-15,seed_layer_available_water,50.0
21,ag_099_048,fallow,2017,2017-10-06,2017-10-11,615113.668369401,rain_95_matched,0.75,2.5934809855243657e-13,0.0,0.0,0.0,1.0,42.489999999999995,0.0,0.0,12.20742934,0.0,0.0,0.0,0.38142636282676534,0.0,30.465220857766543,0.0,0.0,12.20742934,0.0,0.0,805.0131037212747,804.4490271606812,1.2256862191861728e-13,unvalidated-engineering-priors,fixed independent scenario factor; no N cycle,,,,right_censored,BBCH89_full_ripeness,,,
21,ag_099_048,wheat,2018,2017-10-12,2018-06-10,615113.668369401,rain_95_matched,1.0,1.0369483049998962e-12,5.5138116294983774e-12,0.0,0.0,0.04267140235271844,456.65999999999997,300.0,0.0,278.9851439475268,219.23753818756123,67.04324874187047,0.0,152.44340465041472,0.0,145.44336819447537,300.0,0.0,565.2659308769585,8113.178668859852,19106.578353545818,804.4490271606812,697.9563234388293,3.3881786265510527e-12,unvalidated-engineering-priors,fixed independent scenario factor; no N cycle,2018-04-14,2018-05-24,2018-05-24,full_ripeness,BBCH89_full_ripeness,2017-10-12,seed_layer_available_water,50.0
21,ag_099_048,fallow,2018,2018-06-11,2018-06-14,615113.668369401,rain_95_matched,1.0,2.1671553440683056e-13,0.0,0.0,0.0,1.0,0.0,0.0,0.0,11.117032684497149,0.0,0.0,0.0,0.0,0.0,3.427159621383727,0.0,0.0,11.117032684497149,0.0,0.0,697.9563234388293,683.412131132948,3.348432642269472e-13,unvalidated-engineering-priors,fixed independent scenario factor; no N cycle,,,,right_censored,BBCH89_full_ripeness,,,
21,ag_099_048,maize,2018,2018-06-15,2018-10-05,615113.668369401,rain_95_matched,1.0,1.085354028873553e-12,3.069544618483633e-12,0.0,0.0,0.03354275471250856,421.13,80.0,0.0,19.037692978578413,231.42403074912846,74.86522958148049,0.0,85.65123301147156,0.0,119.02441310410272,80.0,0.0,325.32695330918733,7728.83653036204,16031.58898470327,683.412131132948,654.5395317081867,-2.6911806116913795e-13,unvalidated-engineering-priors,fixed independent scenario factor; no N cycle,2018-08-10,2018-09-21,2018-09-21,physiological_maturity,R6_physiological_maturity,2018-06-16,seed_layer_available_water,50.0
21,ag_099_048,fallow,2018,2018-10-06,2018-10-11,615113.668369401,rain_95_matched,1.0,1.0391687510491465e-13,0.0,0.0,0.0,1.0,0.9199999999999999,0.0,0.0,18.715525339633867,0.0,0.0,0.0,0.0,0.0,0.48437454551834064,0.0,0.0,18.715525339633867,0.0,0.0,654.5395317081867,636.2596318230345,-1.7319479184152442e-14,unvalidated-engineering-priors,fixed independent scenario factor; no N cycle,,,,right_censored,BBCH89_full_ripeness,,,
21,ag_099_048,wheat,2019,2018-10-12,2019-06-10,615113.668369401,rain_95_matched,1.0,1.1834977442504169e-12,4.604316927725449e-12,0.0,0.0,0.04267140235271844,312.57,300.0,0.0,293.5143157865679,219.71633487696838,48.42936981890911,0.0,65.56471166023042,0.0,21.602306554670363,300.0,0.0,561.6600204824454,8427.919304127892,19132.16477532369,636.2596318230345,600.002593125685,3.2959190932047022e-12,unvalidated-engineering-priors,fixed independent scenario factor; no N cycle,2019-04-18,2019-05-27,2019-05-27,full_ripeness,BBCH89_full_ripeness,2018-10-12,seed_layer_available_water,50.0
21,ag_099_048,fallow,2019,2019-06-11,2019-06-14,615113.668369401,rain_95_matched,1.0,2.893241202173158e-13,0.0,0.0,0.0,1.0,0.07,0.0,0.0,5.979444484714902,0.0,0.0,0.0,0.0,0.0,0.15525156459660627,0.0,0.0,5.979444484714902,0.0,0.0,600.002593125685,593.9378970763736,-4.3076653355456074e-14,unvalidated-engineering-priors,fixed independent scenario factor; no N cycle,,,,right_censored,BBCH89_full_ripeness,,,
21,ag_099_048,maize,2019,2019-06-15,2019-10-05,615113.668369401,rain_95_matched,1.0,1.0018652574217413e-12,4.348521542851813e-12,1.4210854715202004e-14,0.0,0.03354275471250856,302.6,80.0,0.0,17.350794801237853,295.85860313716813,66.18554220526953,0.0,8.298350518149928,0.0,23.640733899828646,80.0,0.0,379.3949401436755,9200.521402844275,18753.968968557543,593.9378970763736,565.2038725147193,2.3947510641164627e-13,unvalidated-engineering-priors,fixed independent scenario factor; no N cycle,2019-08-10,2019-09-22,2019-09-22,physiological_maturity,R6_physiological_maturity,2019-06-16,seed_layer_available_water,50.0
21,ag_099_048,fallow,2019,2019-10-06,2019-10-11,615113.668369401,rain_95_matched,1.0,1.41886502547095e-13,0.0,0.0,0.0,1.0,15.930000000000001,0.0,0.0,11.176694,0.0,0.0,0.0,0.0,0.0,0.012217496859734677,0.0,0.0,11.176694,0.0,0.0,565.2038725147193,569.9449610178597,-1.504352198367087e-13,unvalidated-engineering-priors,fixed independent scenario factor; no N cycle,,,,right_censored,BBCH89_full_ripeness,,,
21,ag_099_048,wheat,2020,2019-10-12,2020-06-10,615113.668369401,rain_95_matched,0.75,9.778844400898379e-13,6.16751094639767e-12,0.0,0.0,0.04267140235271844,252.18,225.0,0.0,230.3745407916077,226.76869428354857,52.78279271793633,0.0,11.610727908459554,0.0,1.5236356950815664,225.0,0.0,509.9260277930926,8317.256525821891,19099.23966454468,569.9449610178597,524.0645696212277,-1.7912893390814588e-12,unvalidated-engineering-priors,fixed independent scenario factor; no N cycle,2020-04-12,2020-05-24,2020-05-24,full_ripeness,BBCH89_full_ripeness,2019-10-12,seed_layer_available_water,50.0
21,ag_099_048,fallow,2020,2020-06-11,2020-06-14,615113.668369401,rain_95_matched,0.75,1.4432899320127035e-13,0.0,0.0,0.0,1.0,35.089999999999996,0.0,0.0,11.491439473349077,0.0,0.0,0.0,0.0,0.0,0.007739872246417815,0.0,0.0,11.491439473349077,0.0,0.0,524.0645696212277,547.6553902756322,9.370282327836321e-14,unvalidated-engineering-priors,fixed independent scenario factor; no N cycle,,,,right_censored,BBCH89_full_ripeness,,,
21,ag_099_048,maize,2020,2020-06-15,2020-10-05,615113.668369401,rain_95_matched,0.75,1.0684786388992507e-12,2.4442670110147446e-12,0.0,0.0,0.03354275471250856,738.0,60.0,0.0,18.793344757166423,170.41471129738326,66.93452348652575,0.0,159.3241238855255,0.0,227.6235845536545,60.0,0.0,256.1425795410754,6665.493361252491,13815.43680508165,547.6553902756322,702.5651022953774,-6.477041125663163e-13,unvalidated-engineering-priors,fixed independent scenario factor; no N cycle,2020-08-11,2020-09-22,2020-09-22,physiological_maturity,R6_physiological_maturity,2020-06-15,seed_layer_available_water,50.0
21,ag_099_048,fallow,2020,2020-10-06,2020-10-11,615113.668369401,rain_95_matched,0.75,3.206324095117452e-13,0.0,0.0,0.0,1.0,0.03,0.0,0.0,13.2510859,0.0,0.0,0.0,0.0,0.0,0.9119019056895189,0.0,0.0,13.2510859,0.0,0.0,702.5651022953774,688.4321144896876,3.035349749325178e-13,unvalidated-engineering-priors,fixed independent scenario factor; no N cycle,,,,right_censored,BBCH89_full_ripeness,,,
21,ag_099_048,wheat,2021,2020-10-12,2021-06-10,615113.668369401,rain_95_matched,0.5,1.0023093466315913e-12,3.893774191965349e-12,0.0,0.0,0.04267140235271844,414.96,150.0,0.0,259.06150415260305,185.32086296771863,65.30746971757378,0.0,4.077437800861734,0.0,68.55792417877853,150.0,0.0,509.6898368378954,7396.219038165812,17222.587958819648,688.4321144896876,671.0669156721491,2.7963187321233818e-12,unvalidated-engineering-priors,fixed independent scenario factor; no N cycle,2021-04-12,2021-05-23,2021-05-23,full_ripeness,BBCH89_full_ripeness,2020-10-12,seed_layer_available_water,50.0
21,ag_099_048,fallow,2021,2021-06-11,2021-06-14,615113.668369401,rain_95_matched,0.5,1.2967404927621828e-13,0.0,0.0,0.0,1.0,48.949999999999996,0.0,0.0,9.861880477872843,0.0,0.0,0.0,0.0,0.0,2.5757361866674993,0.0,0.0,9.861880477872843,0.0,0.0,671.0669156721491,707.5792990076088,-7.505107646466058e-14,unvalidated-engineering-priors,fixed independent scenario factor; no N cycle,,,,right_censored,BBCH89_full_ripeness,,,
21,ag_099_048,maize,2021,2021-06-15,2021-10-05,615113.668369401,rain_95_matched,0.5,8.739675649849232e-13,2.2453150450019166e-12,0.0,0.0,0.03354275471250856,578.51,40.0,0.0,18.44097039757138,162.7330717631507,90.0539808510333,0.0,34.310969256596145,0.0,303.8653089655454,40.0,0.0,271.2280230117554,7025.81159166381,13733.982436119772,707.5792990076088,716.6849977737149,-3.0304647680168273e-12,unvalidated-engineering-priors,fixed independent scenario factor; no N cycle,2021-08-09,2021-09-20,2021-09-20,physiological_maturity,R6_physiological_maturity,2021-06-15,seed_layer_available_water,50.0
21,ag_099_048,fallow,2021,2021-10-06,2021-10-11,615113.668369401,rain_95_matched,0.5,8.171241461241152e-14,0.0,0.0,0.0,1.0,12.77,0.0,0.0,10.816151900000001,0.0,0.0,0.0,0.0,0.0,2.495973236996694,0.0,0.0,10.816151900000001,0.0,0.0,716.6849977737149,716.1428726367183,-2.2426505097428162e-14,unvalidated-engineering-priors,fixed independent scenario factor; no N cycle,,,,right_censored,BBCH89_full_ripeness,,,
21,ag_099_048,wheat,2022,2021-10-12,2022-06-10,615113.668369401,rain_95_matched,0.5,1.0302869668521453e-12,3.950617610826157e-12,0.0,0.0,0.04267140235271844,366.48,150.0,0.0,262.66486657027536,235.11421222379695,54.057860993775854,0.0,14.937409152953249,0.0,55.377124806441365,150.0,0.0,551.8369397878481,8520.373581811664,19751.890110144202,716.1428726367183,610.4713988894686,6.946776487382067e-12,unvalidated-engineering-priors,fixed independent scenario factor; no N cycle,2022-04-10,2022-05-20,2022-05-20,full_ripeness,BBCH89_full_ripeness,2021-10-12,seed_layer_available_water,50.0
21,ag_099_048,fallow,2022,2022-06-11,2022-06-14,615113.668369401,rain_95_matched,0.5,2.311484337269576e-13,0.0,0.0,0.0,1.0,1.53,0.0,0.0,6.257657005040512,0.0,0.0,0.0,0.0,0.0,0.25858297735113706,0.0,0.0,6.257657005040512,0.0,0.0,610.4713988894686,605.485158907077,-8.237854842718662e-14,unvalidated-engineering-priors,fixed independent scenario factor; no N cycle,,,,right_censored,BBCH89_full_ripeness,,,
21,ag_099_048,maize,2022,2022-06-15,2022-10-05,615113.668369401,rain_95_matched,0.5,9.396927680427325e-13,3.723243935382925e-12,0.0,0.0,0.03354275471250856,469.17,40.0,0.0,22.04035675079823,260.8715512433656,65.37579730141874,0.0,28.54219398495234,0.0,82.37640623648234,40.0,0.0,348.28770529558255,8802.333572475785,17636.076414319996,605.485158907077,655.4488533900565,3.28037597085995e-12,unvalidated-engineering-priors,fixed independent scenario factor; no N cycle,2022-08-10,2022-09-23,2022-09-23,physiological_maturity,R6_physiological_maturity,2022-06-16,seed_layer_available_water,50.0
21,ag_099_048,fallow,2022,2022-10-06,2022-10-11,615113.668369401,rain_95_matched,0.5,2.851052727237402e-13,0.0,0.0,0.0,1.0,25.27,0.0,0.0,13.6669859,0.0,0.0,0.0,0.0,0.0,0.1639223678979338,0.0,0.0,13.6669859,0.0,0.0,655.4488533900565,666.8879451221584,1.3811174426336947e-13,unvalidated-engineering-priors,fixed independent scenario factor; no N cycle,,,,right_censored,BBCH89_full_ripeness,,,
21,ag_099_048,wheat,2023,2022-10-12,2023-06-10,615113.668369401,rain_95_matched,0.75,9.658940314238862e-13,3.552713678800501e-12,0.0,0.0,0.04267140235271844,367.25,225.0,0.0,311.57410135829826,216.28359355415438,47.98346474569552,0.0,19.900806632383038,0.0,19.05114549827387,225.0,0.0,575.8411596581482,7482.242581942668,17156.00533326989,666.8879451221584,644.3448333333592,-5.93008975258158e-12,unvalidated-engineering-priors,fixed independent scenario factor; no N cycle,2023-04-13,2023-05-23,2023-05-23,full_ripeness,BBCH89_full_ripeness,2022-10-12,seed_layer_available_water,50.0
21,ag_099_048,fallow,2023,2023-06-11,2023-06-14,615113.668369401,rain_95_matched,0.75,9.903189379656396e-14,0.0,0.0,0.0,1.0,5.76,0.0,0.0,13.115002456936507,0.0,0.0,0.0,0.0,0.0,0.2537398800565266,0.0,0.0,13.115002456936507,0.0,0.0,644.3448333333592,636.7360909963661,1.127986593019159e-13,unvalidated-engineering-priors,fixed independent scenario factor; no N cycle,,,,right_censored,BBCH89_full_ripeness,,,
21,ag_099_048,maize,2023,2023-06-15,2023-10-05,615113.668369401,rain_95_matched,0.75,9.103828801926284e-13,2.0463630789890885e-12,0.0,0.0,0.03354275471250856,647.21,60.0,0.0,18.441666620303952,208.0044741379472,75.16086267070237,0.0,115.99727109314858,0.0,152.04290840226747,60.0,0.0,301.60700342895353,8309.24216683458,16348.416576963411,636.7360909963661,774.2989080719899,6.591394097199554e-12,unvalidated-engineering-priors,fixed independent scenario factor; no N cycle,2023-08-09,2023-09-19,2023-09-19,physiological_maturity,R6_physiological_maturity,2023-06-16,seed_layer_available_water,50.0
21,ag_099_048,fallow,2023,2023-10-06,2023-10-11,615113.668369401,rain_95_matched,0.75,1.8118839761882555e-13,0.0,0.0,0.0,1.0,1.5499999999999998,0.0,0.0,14.1893832,0.0,0.0,0.0,0.0,0.0,12.679725083302708,0.0,0.0,14.1893832,0.0,0.0,774.2989080719899,748.9797997886872,2.930988785010413e-14,unvalidated-engineering-priors,fixed independent scenario factor; no N cycle,,,,right_censored,BBCH89_full_ripeness,,,
21,ag_099_048,wheat,2024,2023-10-12,2024-06-10,615113.668369401,rain_95_matched,0.5,9.636735853746359e-13,3.296918293926865e-12,0.0,0.0,0.04267140235271844,364.35,150.0,0.0,275.9723937736571,227.756212997317,59.38728883458385,0.0,10.664083010304418,0.0,79.19311174894129,150.0,0.0,563.1158956055579,9040.440995754521,19846.587500984977,748.9797997886872,610.3567094238867,-3.1908919950751624e-12,unvalidated-engineering-priors,fixed independent scenario factor; no N cycle,2024-04-15,2024-05-25,2024-05-25,full_ripeness,BBCH89_full_ripeness,2023-10-12,seed_layer_available_water,50.0
21,ag_099_048,fallow,2024,2024-06-11,2024-06-14,615113.668369401,rain_95_matched,0.5,1.6286971771251046e-13,0.0,0.0,0.0,1.0,0.02,0.0,0.0,3.6385277389243984,0.0,0.0,0.0,0.0,0.0,0.3717271240867237,0.0,0.0,3.6385277389243984,0.0,0.0,610.3567094238867,606.3664545608755,1.5132339825640884e-13,unvalidated-engineering-priors,fixed independent scenario factor; no N cycle,,,,right_censored,BBCH89_full_ripeness,,,
21,ag_099_048,maize,2024,2024-06-15,2024-10-05,615113.668369401,rain_95_matched,0.5,1.0524914273446484e-12,2.6147972675971687e-12,0.0,0.0,0.03354275471250856,573.12,40.0,0.0,22.52200781643902,197.89702743149417,80.50596152528222,0.0,56.15520552725138,0.0,184.67019762277894,40.0,0.0,300.9249967732154,6954.595901020528,14068.529320133679,606.3664545608755,677.7360546376309,-1.177724584522366e-12,unvalidated-engineering-priors,fixed independent scenario factor; no N cycle,2024-08-09,2024-09-19,2024-09-19,physiological_maturity,R6_physiological_maturity,2024-06-16,seed_layer_available_water,50.0
21,ag_099_048,fallow,2024,2024-10-06,2024-10-11,615113.668369401,rain_95_matched,0.5,1.1590728377086634e-13,0.0,0.0,0.0,1.0,8.35,0.0,0.0,15.0938332,0.0,0.0,0.0,0.0,0.0,0.6699551439185429,0.0,0.0,15.0938332,0.0,0.0,677.7360546376309,670.322266293712,3.5282887722587475e-13,unvalidated-engineering-priors,fixed independent scenario factor; no N cycle,,,,right_censored,BBCH89_full_ripeness,,,
21,ag_099_048,wheat,2025,2024-10-12,2025-06-10,615113.668369401,rain_95_matched,0.5,3.8058445284150366e-13,4.462208380573429e-12,0.0,0.0,0.04267140235271844,357.48,150.0,0.0,315.6036323531638,289.79624122369324,41.33264302990032,0.0,0.0,0.0,21.65206028331094,150.0,0.0,646.7325166067574,8739.546801006607,20135.61690747873,670.322266293712,509.41768940364614,-2.4507063045575705e-12,unvalidated-engineering-priors,fixed independent scenario factor; no N cycle,2025-04-12,2025-05-22,2025-05-22,full_ripeness,BBCH89_full_ripeness,2024-10-12,seed_layer_available_water,50.0
21,ag_099_048,fallow,2025,2025-06-11,2025-06-14,615113.668369401,rain_95_matched,0.5,3.375077994860476e-14,0.0,0.0,0.0,1.0,23.310000000000002,0.0,0.0,9.18043334391106,0.0,0.0,0.0,0.0,0.0,0.002764101032050108,0.0,0.0,9.18043334391106,0.0,0.0,509.41768940364614,523.544491958703,7.105427357601002e-15,unvalidated-engineering-priors,fixed independent scenario factor; no N cycle,,,,right_censored,BBCH89_full_ripeness,,,
21,ag_099_048,maize,2025,2025-06-15,2025-10-05,615113.668369401,rain_95_matched,0.5,9.07718344933528e-13,3.0304647680168273e-12,0.0,0.0,0.03354275471250856,693.18,40.0,0.0,17.26162897426205,186.82162046101197,119.77180915210087,0.0,50.3818559570244,0.0,92.84644105476187,40.0,0.0,323.8550585873749,7955.366927982399,16963.255029230022,523.544491958703,789.6411363595423,-4.697353617189037e-13,unvalidated-engineering-priors,fixed independent scenario factor; no N cycle,2025-08-11,2025-09-23,2025-09-23,physiological_maturity,R6_physiological_maturity,2025-06-15,seed_layer_available_water,50.0
21,ag_099_048,fallow,1996,1996-01-01,1996-10-11,615113.668369401,rain_98_matched,1.0,3.694822225952521e-13,0.0,0.0,0.0,1.0,1099.6,0.0,0.0,694.2960099457056,0.0,0.0,0.0,146.8012446603033,0.0,153.3883869502053,0.0,0.0,694.2960099457056,0.0,0.0,602.822236268816,707.9365947125993,2.495115225542577e-12,unvalidated-engineering-priors,fixed independent scenario factor; no N cycle,,,,right_censored,BBCH89_full_ripeness,,,
21,ag_099_048,wheat,1997,1996-10-12,1997-06-10,615113.668369401,rain_98_matched,1.0,1.043165553937797e-12,3.325340003357269e-12,0.0,0.0,0.04267140235271844,591.17,300.0,0.0,315.02850550672514,181.66176290753234,52.19691746461677,0.0,143.02189744512384,0.0,236.63560259838323,300.0,0.0,548.8871858788742,7264.035736404304,16916.989576426815,707.9365947125993,670.5619087902198,-1.7990053891026037e-12,unvalidated-engineering-priors,fixed independent scenario factor; no N cycle,1997-04-19,1997-05-28,1997-05-28,full_ripeness,BBCH89_full_ripeness,1996-10-12,seed_layer_available_water,50.0
21,ag_099_048,fallow,1997,1997-06-11,1997-06-14,615113.668369401,rain_98_matched,1.0,1.425526363618701e-13,0.0,0.0,0.0,1.0,0.32,0.0,0.0,10.940007124636717,0.0,0.0,0.0,0.0,0.0,1.4996579689394398,0.0,0.0,10.940007124636717,0.0,0.0,670.5619087902198,658.4422436966436,1.0302869668521453e-13,unvalidated-engineering-priors,fixed independent scenario factor; no N cycle,,,,right_censored,BBCH89_full_ripeness,,,
21,ag_099_048,maize,1997,1997-06-15,1997-10-05,615113.668369401,rain_98_matched,1.0,9.57900425646585e-13,3.581135388230905e-12,0.0,0.0,0.03354275471250856,422.09,80.0,0.0,19.42870542265526,237.1800392056015,78.63951100374811,0.0,88.03040223491239,0.0,148.76845657904408,80.0,0.0,335.2482556320048,9448.769479139197,18068.52358649676,658.4422436966436,588.4851292506843,-2.0407009415635002e-12,unvalidated-engineering-priors,fixed independent scenario factor; no N cycle,1997-08-10,1997-09-24,1997-09-24,physiological_maturity,R6_physiological_maturity,1997-06-16,seed_layer_available_water,50.0
21,ag_099_048,fallow,1997,1997-10-06,1997-10-11,615113.668369401,rain_98_matched,1.0,1.8429702208777599e-13,0.0,0.0,0.0,1.0,0.26,0.0,0.0,15.171406698819915,0.0,0.0,0.0,0.0,0.0,0.08174230577570121,0.0,0.0,15.171406698819915,0.0,0.0,588.4851292506843,573.4919802460886,7.638334409421077e-14,unvalidated-engineering-priors,fixed independent scenario factor; no N cycle,,,,right_censored,BBCH89_full_ripeness,,,
21,ag_099_048,wheat,1998,1997-10-12,1998-06-10,615113.668369401,rain_98_matched,1.0,1.0293987884324451e-12,3.0269120543380268e-12,0.0,0.0,0.04267140235271844,785.3,300.0,0.0,327.52449699876706,154.7343139754499,72.7809004066349,0.0,207.4467999900387,0.0,168.77506817478888,300.0,0.0,555.0397113808518,6662.46919396096,15842.82356631238,573.4919802460886,727.5304007004133,-4.1698866581896255e-12,unvalidated-engineering-priors,fixed independent scenario factor; no N cycle,1998-04-21,1998-05-31,1998-05-31,full_ripeness,BBCH89_full_ripeness,1997-10-13,seed_layer_available_water,50.0
21,ag_099_048,fallow,1998,1998-06-11,1998-06-14,615113.668369401,rain_98_matched,1.0,1.092459456231154e-13,0.0,0.0,0.0,1.0,8.49,0.0,0.0,14.93548305976323,0.0,0.0,0.0,0.0,0.0,6.27404576980172,0.0,0.0,14.93548305976323,0.0,0.0,727.5304007004133,714.8108718708484,2.930988785010413e-14,unvalidated-engineering-priors,fixed independent scenario factor; no N cycle,,,,right_censored,BBCH89_full_ripeness,,,
21,ag_099_048,maize,1998,1998-06-15,1998-10-05,615113.668369401,rain_98_matched,1.0,1.050270981295398e-12,2.1316282072803006e-12,0.0,0.0,0.03354275471250856,687.6899999999999,80.0,0.0,19.964422043069067,180.89086330601364,103.78469626066342,0.0,153.01385458012604,0.0,361.65701354630636,80.0,0.0,304.63998160974614,7934.619023477663,14977.769103191646,714.8108718708484,663.1900221346713,-1.4150902671872245e-12,unvalidated-engineering-priors,fixed independent scenario factor; no N cycle,1998-08-08,1998-09-18,1998-09-18,physiological_maturity,R6_physiological_maturity,1998-06-15,seed_layer_available_water,50.0
21,ag_099_048,fallow,1998,1998-10-06,1998-10-11,615113.668369401,rain_98_matched,1.0,1.0969003483296547e-13,0.0,0.0,0.0,1.0,0.81,0.0,0.0,15.526530621616919,0.0,0.0,0.0,0.0,0.0,0.8254678558596179,0.0,0.0,15.526530621616919,0.0,0.0,663.1900221346713,647.6480236571948,-8.304468224196171e-14,unvalidated-engineering-priors,fixed independent scenario factor; no N cycle,,,,right_censored,BBCH89_full_ripeness,,,
21,ag_099_048,wheat,1999,1998-10-12,1999-06-10,615113.668369401,rain_98_matched,1.0,1.1866063687193673e-12,4.661160346586257e-12,0.0,0.0,0.04267140235271844,338.57,300.0,0.0,251.7780948073041,188.49256955975002,63.91839274550223,0.0,96.1883987416665,0.0,30.447843373293946,300.0,0.0,504.1890571125563,7316.932441481074,17103.317190313923,647.6480236571948,655.3927244296755,2.569666701646156e-12,unvalidated-engineering-priors,fixed independent scenario factor; no N cycle,1999-04-15,1999-05-24,1999-05-24,full_ripeness,BBCH89_full_ripeness,1998-10-12,seed_layer_available_water,50.0
21,ag_099_048,fallow,1999,1999-06-11,1999-06-14,615113.668369401,rain_98_matched,1.0,1.163513729807164e-13,0.0,0.0,0.0,1.0,3.82,0.0,0.0,6.216539062240807,0.0,0.0,0.0,0.0,0.0,1.0978507918150229,0.0,0.0,6.216539062240807,0.0,0.0,655.3927244296755,651.8983345756195,1.234568003383174e-13,unvalidated-engineering-priors,fixed independent scenario factor; no N cycle,,,,right_censored,BBCH89_full_ripeness,,,
21,ag_099_048,maize,1999,1999-06-15,1999-10-05,615113.668369401,rain_98_matched,1.0,1.0178524689763435e-12,3.069544618483633e-12,0.0,0.0,0.03354275471250856,330.17,80.0,0.0,20.57756486861721,213.92533167868476,72.76215944683794,0.0,17.855097869440396,0.0,91.96047949000857,80.0,0.0,307.2650559941399,7756.777110671324,15592.0983129282,651.8983345756195,644.9877012220339,-3.2772673463909996e-12,unvalidated-engineering-priors,fixed independent scenario factor; no N cycle,1999-08-12,1999-09-25,1999-09-25,physiological_maturity,R6_physiological_maturity,1999-06-16,seed_layer_available_water,50.0
21,ag_099_048,fallow,1999,1999-10-06,1999-10-11,615113.668369401,rain_98_matched,1.0,1.780797731498751e-13,0.0,0.0,0.0,1.0,7.02,0.0,0.0,13.503175500000001,0.0,0.0,0.0,0.0,0.0,0.09209503768292696,0.0,0.0,13.503175500000001,0.0,0.0,644.9877012220339,638.4124306843512,-1.8895995879120164e-13,unvalidated-engineering-priors,fixed independent scenario factor; no N cycle,,,,right_censored,BBCH89_full_ripeness,,,
21,ag_099_048,wheat,2000,1999-10-12,2000-06-10,615113.668369401,rain_98_matched,1.0,7.540634783254063e-13,4.774847184307873e-12,0.0,0.0,0.04267140235271844,426.53,300.0,0.0,298.8455293301294,279.6431673712173,41.34878874129118,0.0,90.00554568017155,0.0,39.430071384345815,300.0,0.0,619.8374854426379,9461.849516730557,21176.000821197063,638.4124306843512,615.6693281771973,-1.2819745265346683e-12,unvalidated-engineering-priors,fixed independent scenario factor; no N cycle,2000-04-17,2000-05-25,2000-05-25,full_ripeness,BBCH89_full_ripeness,1999-10-12,seed_layer_available_water,50.0
21,ag_099_048,fallow,2000,2000-06-11,2000-06-14,615113.668369401,rain_98_matched,1.0,1.5365486660812167e-13,0.0,0.0,0.0,1.0,0.72,0.0,0.0,13.333248178548551,0.0,0.0,0.0,0.0,0.0,0.052224967475839275,0.0,0.0,13.333248178548551,0.0,0.0,615.6693281771973,603.003855031173,-1.0746958878371515e-13,unvalidated-engineering-priors,fixed independent scenario factor; no N cycle,,,,right_censored,BBCH89_full_ripeness,,,
21,ag_099_048,maize,2000,2000-06-15,2000-10-05,615113.668369401,rain_98_matched,1.0,6.501466032204917e-13,2.2737367544323206e-12,0.0,0.0,0.03354275471250856,766.89,80.0,0.0,21.780897370676744,127.76821070726626,89.54374639312569,0.0,121.17419004220694,0.0,310.8773687286422,80.0,0.0,239.0928544710687,6647.811110424284,12541.97186563045,603.003855031173,778.7494417892565,-1.3576362256628727e-12,unvalidated-engineering-priors,fixed independent scenario factor; no N cycle,2000-08-09,2000-09-20,2000-09-20,physiological_maturity,R6_physiological_maturity,2000-06-16,seed_layer_available_water,50.0
21,ag_099_048,fallow,2000,2000-10-06,2000-10-11,615113.668369401,rain_98_matched,1.0,2.282618538629322e-13,0.0,0.0,0.0,1.0,13.17,0.0,0.0,15.577848399999997,0.0,0.0,0.0,0.0,0.0,15.782765045232672,0.0,0.0,15.577848399999997,0.0,0.0,778.7494417892565,760.5588283440242,-3.552713678800501e-13,unvalidated-engineering-priors,fixed independent scenario factor; no N cycle,,,,right_censored,BBCH89_full_ripeness,,,
21,ag_099_048,wheat,2001,2000-10-12,2001-06-10,615113.668369401,rain_98_matched,1.0,1.1226575225009583e-12,3.424815986363683e-12,0.0,0.0,0.04267140235271844,416.41,300.0,0.0,322.4741551206344,186.81720240230862,42.48609486327278,0.0,97.1396248599779,0.0,189.71851073447814,300.0,0.0,551.7774523862158,7384.633013822576,16585.54342835782,760.5588283440242,638.3332403633582,-5.8539839642435254e-12,unvalidated-engineering-priors,fixed independent scenario factor; no N cycle,2001-04-17,2001-05-27,2001-05-27,full_ripeness,BBCH89_full_ripeness,2000-10-12,seed_layer_available_water,50.0
21,ag_099_048,fallow,2001,2001-06-11,2001-06-14,615113.668369401,rain_98_matched,1.0,2.504663143554353e-13,0.0,0.0,0.0,1.0,5.64,0.0,0.0,16.830098846892827,0.0,0.0,0.0,0.0,0.0,0.3618766947376304,0.0,0.0,16.830098846892827,0.0,0.0,638.3332403633582,626.781264821728,-2.4646951146678475e-13,unvalidated-engineering-priors,fixed independent scenario factor; no N cycle,,,,right_censored,BBCH89_full_ripeness,,,
21,ag_099_048,maize,2001,2001-06-15,2001-10-05,615113.668369401,rain_98_matched,1.0,8.739675649849232e-13,5.5138116294983774e-12,0.0,0.0,0.03354275471250856,210.65,80.0,0.0,18.593995178851607,298.50250857978926,75.69406402867953,0.0,18.202718696251715,0.0,25.876031196987462,80.0,0.0,392.7905677873204,9675.17944968492,19132.497114950544,626.781264821728,480.56194714116907,-6.893374759897597e-13,unvalidated-engineering-priors,fixed independent scenario factor; no N cycle,2001-08-10,2001-09-20,2001-09-20,physiological_maturity,R6_physiological_maturity,2001-06-15,seed_layer_available_water,50.0
21,ag_099_048,fallow,2001,2001-10-06,2001-10-11,615113.668369401,rain_98_matched,1.0,6.128431095930864e-14,0.0,0.0,0.0,1.0,5.3,0.0,0.0,11.663041038051913,0.0,0.0,0.0,0.0,0.0,0.006090884496046029,0.0,0.0,11.663041038051913,0.0,0.0,480.56194714116907,474.19281521862115,-3.7969627442180354e-14,unvalidated-engineering-priors,fixed independent scenario factor; no N cycle,,,,right_censored,BBCH89_full_ripeness,,,
21,ag_099_048,wheat,2002,2001-10-12,2002-06-10,615113.668369401,rain_98_matched,1.0,1.1750600492632657e-12,4.064304448547773e-12,0.0,0.0,0.04267140235271844,554.61,300.0,0.0,264.5088233396252,165.68060960219555,73.49027328599493,0.0,120.28843826777161,0.0,17.77428033417641,300.0,0.0,503.6797062278157,6753.869382203891,16807.32511544337,474.19281521862115,687.0603903888546,2.8573809984777654e-12,unvalidated-engineering-priors,fixed independent scenario factor; no N cycle,2002-04-10,2002-05-24,2002-05-24,full_ripeness,BBCH89_full_ripeness,2001-10-13,seed_layer_available_water,50.0
21,ag_099_048,fallow,2002,2002-06-11,2002-06-14,615113.668369401,rain_98_matched,1.0,1.5187850976872141e-13,0.0,0.0,0.0,1.0,0.0,0.0,0.0,18.3171144868272,0.0,0.0,0.0,0.0,0.0,1.8770082984262393,0.0,0.0,18.3171144868272,0.0,0.0,687.0603903888546,666.8662676036012,-4.263256414560601e-14,unvalidated-engineering-priors,fixed independent scenario factor; no N cycle,,,,right_censored,BBCH89_full_ripeness,,,
21,ag_099_048,maize,2002,2002-06-15,2002-10-05,615113.668369401,rain_98_matched,1.0,9.9298347322474e-13,2.6147972675971687e-12,0.0,0.0,0.03354275471250856,680.97,80.0,0.0,19.20152373407502,197.67668030947922,82.39202692541512,0.0,256.5880728881046,0.0,207.17507559864853,80.0,0.0,299.2702309689694,8830.787699863231,16368.208662896202,666.8662676036012,664.8028881478741,4.597433544972773e-12,unvalidated-engineering-priors,fixed independent scenario factor; no N cycle,2002-08-11,2002-09-26,2002-09-26,physiological_maturity,R6_physiological_maturity,2002-06-16,seed_layer_available_water,50.0
21,ag_099_048,fallow,2002,2002-10-06,2002-10-11,615113.668369401,rain_98_matched,1.0,1.0480505352461478e-13,0.0,0.0,0.0,1.0,0.0,0.0,0.0,18.447012373042497,0.0,0.0,0.0,0.0,0.0,0.7414436563010421,0.0,0.0,18.447012373042497,0.0,0.0,664.8028881478741,645.6144321185308,-1.9539925233402755e-13,unvalidated-engineering-priors,fixed independent scenario factor; no N cycle,,,,right_censored,BBCH89_full_ripeness,,,
21,ag_099_048,wheat,2003,2002-10-12,2003-06-10,615113.668369401,rain_98_matched,1.0,8.246736626915663e-13,2.682298827494378e-12,0.0,0.0,0.04267140235271844,514.5,300.0,0.0,275.2834428209924,155.20828208448688,69.45667992680514,0.0,129.75506385556625,0.0,161.22301029141187,300.0,0.0,499.94840483228444,6620.238788896963,15558.871869877628,645.6144321185308,669.1879531392653,2.8750335445693054e-12,unvalidated-engineering-priors,fixed independent scenario factor; no N cycle,2003-04-22,2003-05-30,2003-05-30,full_ripeness,BBCH89_full_ripeness,2002-10-12,seed_layer_available_water,50.0
21,ag_099_048,fallow,2003,2003-06-11,2003-06-14,615113.668369401,rain_98_matched,1.0,3.0020430585864233e-13,0.0,0.0,0.0,1.0,11.120000000000001,0.0,0.0,14.570167090085937,0.0,0.0,0.0,0.0,0.0,2.012820339201242,0.0,0.0,14.570167090085937,0.0,0.0,669.1879531392653,663.7249657099783,-1.0880185641326534e-13,unvalidated-engineering-priors,fixed independent scenario factor; no N cycle,,,,right_censored,BBCH89_full_ripeness,,,
21,ag_099_048,maize,2003,2003-06-15,2003-10-05,615113.668369401,rain_98_matched,1.0,9.912071163853398e-13,2.2950530365051236e-12,0.0,0.0,0.03354275471250856,978.8199999999999,80.0,0.0,19.982020241565973,109.88310925842633,84.10380697266235,0.0,239.78976818552005,0.0,491.09627640108073,80.0,0.0,213.96893647265466,6251.964223063703,11566.616666239617,663.7249657099783,777.6899846507257,-2.8606006452491783e-12,unvalidated-engineering-priors,fixed independent scenario factor; no N cycle,2003-08-12,2003-09-28,2003-09-28,physiological_maturity,R6_physiological_maturity,2003-06-16,seed_layer_available_water,50.0
21,ag_099_048,fallow,2003,2003-10-06,2003-10-11,615113.668369401,rain_98_matched,1.0,2.0605739337042905e-13,0.0,0.0,0.0,1.0,75.24,0.0,0.0,11.526430600000001,0.0,0.0,0.0,28.35550475006265,0.0,10.945677404018868,0.0,0.0,11.526430600000001,0.0,0.0,777.6899846507257,802.1023718966441,1.2878587085651816e-13,unvalidated-engineering-priors,fixed independent scenario factor; no N cycle,,,,right_censored,BBCH89_full_ripeness,,,
21,ag_099_048,wheat,2004,2003-10-12,2004-06-10,615113.668369401,rain_98_matched,0.75,8.29558643999917e-13,7.02016222930979e-12,0.0,0.0,0.04267140235271844,406.76,225.0,0.0,333.3029341266198,228.40830944902348,57.38335608928783,0.0,55.131837971843005,0.0,115.57427304110075,225.0,0.0,619.0945996649311,8456.627728547359,19660.69898191355,802.1023718966441,644.0616612187696,-4.1455727739503345e-13,unvalidated-engineering-priors,fixed independent scenario factor; no N cycle,2004-04-12,2004-05-21,2004-05-21,full_ripeness,BBCH89_full_ripeness,2003-10-12,seed_layer_available_water,50.0
21,ag_099_048,fallow,2004,2004-06-11,2004-06-14,615113.668369401,rain_98_matched,0.75,1.9184653865522705e-13,0.0,0.0,0.0,1.0,43.69,0.0,0.0,9.231557029094951,0.0,0.0,0.0,0.0,0.0,0.32839378481972076,0.0,0.0,9.231557029094951,0.0,0.0,644.0616612187696,678.1917104048546,3.375077994860476e-13,unvalidated-engineering-priors,fixed independent scenario factor; no N cycle,,,,right_censored,BBCH89_full_ripeness,,,
21,ag_099_048,maize,2004,2004-06-15,2004-10-05,615113.668369401,rain_98_matched,0.75,9.841016890277388e-13,4.945377440890297e-12,0.0,0.0,0.03354275471250856,608.57,60.0,0.0,15.851032183562364,205.111436617284,108.37865604203475,0.0,155.07589629607094,0.0,166.66977845087058,60.0,0.0,329.34112484288113,9731.761079958811,18492.521633130567,678.1917104048546,695.6749108150335,-1.5750178938844783e-12,unvalidated-engineering-priors,fixed independent scenario factor; no N cycle,2004-08-10,2004-09-25,2004-09-25,physiological_maturity,R6_physiological_maturity,2004-06-15,seed_layer_available_water,50.0
21,ag_099_048,fallow,2004,2004-10-06,2004-10-11,615113.668369401,rain_98_matched,0.75,1.5365486660812167e-13,0.0,0.0,0.0,1.0,0.01,0.0,0.0,17.67632070273399,0.0,0.0,0.0,0.0,0.0,1.4846358510240998,0.0,0.0,17.67632070273399,0.0,0.0,695.6749108150335,676.5239542612758,-3.5216274341109965e-13,unvalidated-engineering-priors,fixed independent scenario factor; no N cycle,,,,right_censored,BBCH89_full_ripeness,,,
21,ag_099_048,wheat,2005,2004-10-12,2005-06-10,615113.668369401,rain_98_matched,0.75,1.1590728377086634e-12,4.547473508864641e-12,0.0,0.0,0.04267140235271844,395.83,225.0,0.0,227.5929794298969,241.2527385161938,76.30503075563969,0.0,18.83686916393637,0.0,32.411550172762425,225.0,0.0,545.1507487017304,8933.915059019366,21374.327163907437,676.5239542612758,700.9547862228427,3.875955112420115e-12,unvalidated-engineering-priors,fixed independent scenario factor; no N cycle,2005-04-24,2005-05-31,2005-05-31,full_ripeness,BBCH89_full_ripeness,2004-10-12,seed_layer_available_water,50.0
21,ag_099_048,fallow,2005,2005-06-11,2005-06-14,615113.668369401,rain_98_matched,0.75,3.6060043839825084e-13,0.0,0.0,0.0,1.0,0.0,0.0,0.0,23.675897325090908,0.0,0.0,0.0,0.0,0.0,0.689578037136644,0.0,0.0,23.675897325090908,0.0,0.0,700.9547862228427,676.5893108606145,6.021849685566849e-13,unvalidated-engineering-priors,fixed independent scenario factor; no N cycle,,,,right_censored,BBCH89_full_ripeness,,,
21,ag_099_048,maize,2005,2005-06-15,2005-10-05,615113.668369401,rain_98_matched,0.75,1.0533796057643485e-12,2.3021584638627246e-12,0.0,0.0,0.03354275471250856,912.67,60.0,0.0,18.152366589452672,142.4354750639451,116.28076641370713,0.0,236.283177563786,0.0,355.19611780529544,60.0,0.0,276.8686080671049,7056.084174546857,14642.512560582996,676.5893108606145,780.9114074244286,-3.8768988019910466e-13,unvalidated-engineering-priors,fixed independent scenario factor; no N cycle,2005-08-08,2005-09-22,2005-09-22,physiological_maturity,R6_physiological_maturity,2005-06-15,seed_layer_available_water,50.0
21,ag_099_048,fallow,2005,2005-10-06,2005-10-11,615113.668369401,rain_98_matched,0.75,1.8829382497642655e-13,0.0,0.0,0.0,1.0,3.69,0.0,0.0,18.520511699999993,0.0,0.0,0.0,0.0,0.0,16.576157950463084,0.0,0.0,18.520511699999993,0.0,0.0,780.9114074244286,749.5047377739651,4.4986236957811343e-13,unvalidated-engineering-priors,fixed independent scenario factor; no N cycle,,,,right_censored,BBCH89_full_ripeness,,,
21,ag_099_048,wheat,2006,2005-10-12,2006-06-10,615113.668369401,rain_98_matched,0.75,9.832135106080386e-13,4.590106073010247e-12,0.0,0.0,0.04267140235271844,273.54,225.0,0.0,244.95138867749148,256.55571035504147,55.246872976427866,0.0,21.2920903927483,0.0,76.03447153061506,225.0,0.0,556.7539720089608,9152.90558602388,21477.041003265374,749.5047377739651,593.9642038416413,-3.991251773527438e-13,unvalidated-engineering-priors,fixed independent scenario factor; no N cycle,2006-04-18,2006-05-27,2006-05-27,full_ripeness,BBCH89_full_ripeness,2005-10-12,seed_layer_available_water,50.0
21,ag_099_048,fallow,2006,2006-06-11,2006-06-14,615113.668369401,rain_98_matched,0.75,1.674216321134736e-13,0.0,0.0,0.0,1.0,5.6899999999999995,0.0,0.0,6.42710401127532,0.0,0.0,0.0,0.0,0.0,0.13559516154407103,0.0,0.0,6.42710401127532,0.0,0.0,593.9642038416413,593.0915046688218,7.505107646466058e-14,unvalidated-engineering-priors,fixed independent scenario factor; no N cycle,,,,right_censored,BBCH89_full_ripeness,,,
21,ag_099_048,maize,2006,2006-06-15,2006-10-05,615113.668369401,rain_98_matched,0.75,1.085354028873553e-12,2.6147972675971687e-12,0.0,0.0,0.03354275471250856,471.99,60.0,0.0,22.504820497720576,154.97515144392904,98.062871994266,0.0,10.77949188251574,0.0,138.22252379228567,60.0,0.0,275.54284393591564,7392.852077321493,14886.729780791833,593.0915046688218,700.5366450581125,-7.75324249246978e-12,unvalidated-engineering-priors,fixed independent scenario factor; no N cycle,2006-08-09,2006-09-23,2006-09-23,physiological_maturity,R6_physiological_maturity,2006-06-16,seed_layer_available_water,50.0
21,ag_099_048,fallow,2006,2006-10-06,2006-10-11,615113.668369401,rain_98_matched,0.75,1.5498713423767185e-13,0.0,0.0,0.0,1.0,0.36,0.0,0.0,18.890976687701066,0.0,0.0,0.0,0.0,0.0,1.3835293437020662,0.0,0.0,18.890976687701066,0.0,0.0,700.5366450581125,680.6221390267091,3.1663560662309465e-13,unvalidated-engineering-priors,fixed independent scenario factor; no N cycle,,,,right_censored,BBCH89_full_ripeness,,,
21,ag_099_048,wheat,2007,2006-10-12,2007-06-10,615113.668369401,rain_98_matched,1.0,1.007194327939942e-12,7.077005648170598e-12,0.0,0.0,0.04267140235271844,345.03000000000003,300.0,0.0,301.5339684982606,229.70677482302827,59.40668626177186,0.0,87.32656396759684,0.0,37.4404000893911,300.0,0.0,590.6474295830608,8940.485204491768,20101.524160922607,680.6221390267091,610.2377453866554,4.958589094883337e-12,unvalidated-engineering-priors,fixed independent scenario factor; no N cycle,2007-04-15,2007-05-25,2007-05-25,full_ripeness,BBCH89_full_ripeness,2006-10-12,seed_layer_available_water,50.0
21,ag_099_048,fallow,2007,2007-06-11,2007-06-14,615113.668369401,rain_98_matched,1.0,1.4654943925052066e-13,0.0,0.0,0.0,1.0,0.02,0.0,0.0,5.76826532479498,0.0,0.0,0.0,0.0,0.0,0.1866706305315729,0.0,0.0,5.76826532479498,0.0,0.0,610.2377453866554,604.3028094313291,-2.569056078982612e-13,unvalidated-engineering-priors,fixed independent scenario factor; no N cycle,,,,right_censored,BBCH89_full_ripeness,,,
21,ag_099_048,maize,2007,2007-06-15,2007-10-05,615113.668369401,rain_98_matched,1.0,9.912071163853398e-13,2.5863755581667647e-12,0.0,0.0,0.03354275471250856,799.02,80.0,0.0,21.03982010053811,145.5248332287755,84.94003990440103,0.0,144.29129841282176,0.0,386.80972140209053,80.0,0.0,251.50469323371462,6832.279492257003,13350.51898714491,604.3028094313291,700.7170963827023,-6.161737786669619e-14,unvalidated-engineering-priors,fixed independent scenario factor; no N cycle,2007-08-11,2007-09-23,2007-09-23,physiological_maturity,R6_physiological_maturity,2007-06-16,seed_layer_available_water,50.0
21,ag_099_048,fallow,2007,2007-10-06,2007-10-11,615113.668369401,rain_98_matched,1.0,1.616484723854228e-13,0.0,0.0,0.0,1.0,0.03,0.0,0.0,20.170311071665743,0.0,0.0,0.0,0.0,0.0,1.8200683332743308,0.0,0.0,20.170311071665743,0.0,0.0,700.7170963827023,678.7567169777623,-7.283063041541027e-14,unvalidated-engineering-priors,fixed independent scenario factor; no N cycle,,,,right_censored,BBCH89_full_ripeness,,,
21,ag_099_048,wheat,2008,2007-10-12,2008-06-10,615113.668369401,rain_98_matched,0.75,9.761080832504376e-13,5.002220859751105e-12,0.0,0.0,0.04267140235271844,430.25,225.0,0.0,255.78059886239117,255.6998043621684,58.71741157248704,0.0,57.906264669874815,0.0,48.53329542255582,225.0,0.0,570.1978147970466,10193.442825804197,22658.410642576782,678.7567169777623,657.3693420882829,2.1119772597444353e-12,unvalidated-engineering-priors,fixed independent scenario factor; no N cycle,2008-04-18,2008-05-28,2008-05-28,full_ripeness,BBCH89_full_ripeness,2007-10-12,seed_layer_available_water,50.0
21,ag_099_048,fallow,2008,2008-06-11,2008-06-14,615113.668369401,rain_98_matched,0.75,1.7696955012524995e-13,0.0,0.0,0.0,1.0,1.51,0.0,0.0,7.416259928943516,0.0,0.0,0.0,0.0,0.0,1.006451466509787,0.0,0.0,7.416259928943516,0.0,0.0,657.3693420882829,650.4566306928297,-5.995204332975845e-14,unvalidated-engineering-priors,fixed independent scenario factor; no N cycle,,,,right_censored,BBCH89_full_ripeness,,,
21,ag_099_048,maize,2008,2008-06-15,2008-10-05,615113.668369401,rain_98_matched,0.75,1.2012613126444194e-12,2.5579538487363607e-12,0.0,0.0,0.03354275471250856,617.89,60.0,0.0,17.795403881690845,154.5921189187914,89.59742789509868,0.0,56.1896686130195,0.0,280.7825099119623,60.0,0.0,261.98495069558095,7792.733874223705,14671.14858141625,650.4566306928297,729.3895014722667,2.544631172440859e-13,unvalidated-engineering-priors,fixed independent scenario factor; no N cycle,2008-08-10,2008-09-22,2008-09-22,physiological_maturity,R6_physiological_maturity,2008-06-16,seed_layer_available_water,50.0
21,ag_099_048,fallow,2008,2008-10-06,2008-10-11,615113.668369401,rain_98_matched,0.75,3.503863865716994e-13,0.0,0.0,0.0,1.0,0.21000000000000002,0.0,0.0,14.821354499999998,0.0,0.0,0.0,0.0,0.0,3.652575073198587,0.0,0.0,14.821354499999998,0.0,0.0,729.3895014722667,711.1255718990681,6.750155989720952e-14,unvalidated-engineering-priors,fixed independent scenario factor; no N cycle,,,,right_censored,BBCH89_full_ripeness,,,
21,ag_099_048,wheat,2009,2008-10-12,2009-06-10,615113.668369401,rain_98_matched,0.75,1.3384848784880887e-12,3.1086244689504383e-12,0.0,0.0,0.04267140235271844,321.76,225.0,0.0,292.3051280116957,217.2737865637777,55.88013272027098,0.0,6.173421408577479,0.0,48.17571614689071,225.0,0.0,565.4590472957443,8203.026873317294,18476.305637331985,711.1255718990681,638.0773870478606,-5.064837438339964e-12,unvalidated-engineering-priors,fixed independent scenario factor; no N cycle,2009-04-15,2009-05-24,2009-05-24,full_ripeness,BBCH89_full_ripeness,2008-10-12,seed_layer_available_water,50.0
21,ag_099_048,fallow,2009,2009-06-11,2009-06-14,615113.668369401,rain_98_matched,0.75,2.6423307986078726e-13,0.0,0.0,0.0,1.0,0.5700000000000001,0.0,0.0,10.816078740840709,0.0,0.0,0.0,0.0,0.0,0.3033222671938595,0.0,0.0,10.816078740840709,0.0,0.0,638.0773870478606,627.5279860398261,-1.0258460747536446e-13,unvalidated-engineering-priors,fixed independent scenario factor; no N cycle,,,,right_censored,BBCH89_full_ripeness,,,
21,ag_099_048,maize,2009,2009-06-15,2009-10-05,615113.668369401,rain_98_matched,0.75,1.3073986337985843e-12,2.8421709430404007e-12,0.0,0.0,0.03354275471250856,397.37,60.0,0.0,18.099961364464885,199.6755279782305,81.59399878531023,0.0,2.582225685469842,0.0,69.92804165518949,60.0,0.0,299.3694881280056,8007.168598202941,15822.396818454872,627.5279860398261,713.0182305711614,-2.404743071338089e-13,unvalidated-engineering-priors,fixed independent scenario factor; no N cycle,2009-08-10,2009-09-25,2009-09-25,physiological_maturity,R6_physiological_maturity,2009-06-16,seed_layer_available_water,50.0
21,ag_099_048,fallow,2009,2009-10-06,2009-10-11,615113.668369401,rain_98_matched,0.75,1.0391687510491465e-13,0.0,0.0,0.0,1.0,1.85,0.0,0.0,17.154950999999997,0.0,0.0,0.0,0.0,0.0,2.305303961508438,0.0,0.0,17.154950999999997,0.0,0.0,713.0182305711614,695.407975609653,-1.9984014443252818e-14,unvalidated-engineering-priors,fixed independent scenario factor; no N cycle,,,,right_censored,BBCH89_full_ripeness,,,
21,ag_099_048,wheat,2010,2009-10-12,2010-06-10,615113.668369401,rain_98_matched,1.0,9.188205751797796e-13,5.002220859751105e-12,0.0,0.0,0.04267140235271844,438.37,300.0,0.0,283.0926581113291,209.87192972610475,65.9825800739753,0.0,94.98339324261818,0.0,66.76371140899246,300.0,0.0,558.9471679114092,8163.184041853969,18993.429565992425,695.407975609653,713.0837030466396,-6.398104268612315e-12,unvalidated-engineering-priors,fixed independent scenario factor; no N cycle,2010-04-29,2010-06-06,2010-06-06,full_ripeness,BBCH89_full_ripeness,2009-10-12,seed_layer_available_water,50.0
21,ag_099_048,fallow,2010,2010-06-11,2010-06-14,615113.668369401,rain_98_matched,1.0,2.3359092438113294e-13,0.0,0.0,0.0,1.0,0.09,0.0,0.0,20.16286405988994,0.0,0.0,0.0,0.0,0.0,0.9948015656880123,0.0,0.0,20.16286405988994,0.0,0.0,713.0837030466396,692.0160374210619,-2.9398705692074145e-13,unvalidated-engineering-priors,fixed independent scenario factor; no N cycle,,,,right_censored,BBCH89_full_ripeness,,,
21,ag_099_048,maize,2010,2010-06-15,2010-10-05,615113.668369401,rain_98_matched,1.0,1.0320633236915455e-12,3.751665644813329e-12,0.0,0.0,0.03354275471250856,445.4,80.0,0.0,18.522177841720126,175.1197983990477,111.01161608741664,0.0,39.916122792048775,0.0,154.6067347977505,80.0,0.0,304.65359232818446,7601.219191462543,15577.854411159233,692.0160374210619,718.2395875030758,2.3919755065548998e-12,unvalidated-engineering-priors,fixed independent scenario factor; no N cycle,2010-08-08,2010-09-20,2010-09-20,physiological_maturity,R6_physiological_maturity,2010-06-15,seed_layer_available_water,50.0
21,ag_099_048,fallow,2010,2010-10-06,2010-10-11,615113.668369401,rain_98_matched,1.0,2.1183055309847987e-13,0.0,0.0,0.0,1.0,0.6,0.0,0.0,20.708882564223785,0.0,0.0,0.0,0.0,0.0,2.701922429044143,0.0,0.0,20.708882564223785,0.0,0.0,718.2395875030758,695.4287825098081,-2.744471316873387e-13,unvalidated-engineering-priors,fixed independent scenario factor; no N cycle,,,,right_censored,BBCH89_full_ripeness,,,
21,ag_099_048,wheat,2011,2010-10-12,2011-06-10,615113.668369401,rain_98_matched,1.0,9.192646643896296e-13,4.064304448547773e-12,0.0,0.0,0.04267140235271844,152.6,300.0,0.0,223.70358218707105,306.1397276988282,32.21307608574654,0.0,30.071383908706792,0.0,42.95325407771044,300.0,0.0,562.0563859716458,8859.765382452311,20273.704549291684,695.4287825098081,512.9477585517475,-2.3979707108878756e-12,unvalidated-engineering-priors,fixed independent scenario factor; no N cycle,2011-04-19,2011-05-30,2011-05-30,full_ripeness,BBCH89_full_ripeness,2010-10-12,seed_layer_available_water,50.0
21,ag_099_048,fallow,2011,2011-06-11,2011-06-14,615113.668369401,rain_98_matched,1.0,6.750155989720952e-14,0.0,0.0,0.0,1.0,21.4,0.0,0.0,7.534491242492641,0.0,0.0,0.0,0.0,0.0,0.004243150766302305,0.0,0.0,7.534491242492641,0.0,0.0,512.9477585517475,526.8090241584886,-2.930988785010413e-14,unvalidated-engineering-priors,fixed independent scenario factor; no N cycle,,,,right_censored,BBCH89_full_ripeness,,,
21,ag_099_048,maize,2011,2011-06-15,2011-10-05,615113.668369401,rain_98_matched,1.0,1.2283507544452732e-12,3.439026841078885e-12,0.0,0.0,0.03354275471250856,406.55,80.0,0.0,18.96003957441211,169.20672769344574,96.16786306163365,0.0,1.6748655939256185,0.0,30.852680856589675,80.0,0.0,284.3346303294915,7493.64192890605,14965.240973297143,526.8090241584886,696.4968473784791,2.6942337250090986e-12,unvalidated-engineering-priors,fixed independent scenario factor; no N cycle,2011-08-10,2011-09-27,2011-09-27,physiological_maturity,R6_physiological_maturity,2011-06-15,seed_layer_available_water,50.0
21,ag_099_048,fallow,2011,2011-10-06,2011-10-11,615113.668369401,rain_98_matched,1.0,1.5987211554602254e-13,0.0,0.0,0.0,1.0,2.54,0.0,0.0,20.332259094333303,0.0,0.0,0.0,0.0,0.0,1.6149504172008853,0.0,0.0,20.332259094333303,0.0,0.0,696.4968473784791,677.0896378669447,1.5765166949677223e-13,unvalidated-engineering-priors,fixed independent scenario factor; no N cycle,,,,right_censored,BBCH89_full_ripeness,,,
21,ag_099_048,wheat,2012,2011-10-12,2012-06-10,615113.668369401,rain_98_matched,1.0,1.0205170042354439e-12,3.410605131648481e-12,0.0,0.0,0.04267140235271844,272.93,300.0,0.0,282.36323976310047,219.538399071194,38.12269346225646,0.0,69.52640662532136,0.0,49.965886076577775,300.0,0.0,540.0243322965509,7543.886605791858,17357.203841208895,677.0896378669447,590.5030128684941,5.658806756514423e-13,unvalidated-engineering-priors,fixed independent scenario factor; no N cycle,2012-04-22,2012-05-28,2012-05-28,full_ripeness,BBCH89_full_ripeness,2011-10-12,seed_layer_available_water,50.0
21,ag_099_048,fallow,2012,2012-06-11,2012-06-14,615113.668369401,rain_98_matched,1.0,2.6556534749033744e-13,0.0,0.0,0.0,1.0,0.44,0.0,0.0,4.625169015543441,0.0,0.0,0.0,0.0,0.0,0.13224685807228972,0.0,0.0,4.625169015543441,0.0,0.0,590.5030128684941,586.1855969948782,1.8351986597053838e-13,unvalidated-engineering-priors,fixed independent scenario factor; no N cycle,,,,right_censored,BBCH89_full_ripeness,,,
21,ag_099_048,maize,2012,2012-06-15,2012-10-05,615113.668369401,rain_98_matched,1.0,1.2421175199506251e-12,3.183231456205249e-12,0.0,0.0,0.03354275471250856,462.43,80.0,0.0,22.794726427530588,221.49592586435907,68.29990622924605,0.0,13.665190755962817,0.0,104.79145015631094,80.0,0.0,312.5905585211357,8250.422856336678,15546.846934332247,586.1855969948782,697.5683975614713,-2.5809354653461014e-12,unvalidated-engineering-priors,fixed independent scenario factor; no N cycle,2012-08-10,2012-09-23,2012-09-23,physiological_maturity,R6_physiological_maturity,2012-06-16,seed_layer_available_water,50.0
21,ag_099_048,fallow,2012,2012-10-06,2012-10-11,615113.668369401,rain_98_matched,1.0,1.9539925233402755e-13,0.0,0.0,0.0,1.0,0.02,0.0,0.0,19.73127368230911,0.0,0.0,0.0,0.0,0.0,2.139849984067516,0.0,0.0,19.73127368230911,0.0,0.0,697.5683975614713,675.7172738950949,-1.7363888105137448e-13,unvalidated-engineering-priors,fixed independent scenario factor; no N cycle,,,,right_censored,BBCH89_full_ripeness,,,
21,ag_099_048,wheat,2013,2012-10-12,2013-06-10,615113.668369401,rain_98_matched,1.0,1.077360423096252e-12,3.836930773104541e-12,0.0,0.0,0.04267140235271844,339.04,300.0,0.0,318.8690902688008,247.1724436355469,50.0185311640568,0.0,44.986913074104365,0.0,38.83743218295412,300.0,0.0,616.0600650684045,8152.879883684074,18982.740934660465,675.7172738950949,614.8728635696305,1.4491186028919856e-12,unvalidated-engineering-priors,fixed independent scenario factor; no N cycle,2013-04-20,2013-05-30,2013-05-30,full_ripeness,BBCH89_full_ripeness,2012-10-12,seed_layer_available_water,50.0
21,ag_099_048,fallow,2013,2013-06-11,2013-06-14,615113.668369401,rain_98_matched,1.0,1.5432100042289676e-13,0.0,0.0,0.0,1.0,1.55,0.0,0.0,9.682728738887944,0.0,0.0,0.0,0.0,0.0,0.12477772011729651,0.0,0.0,9.682728738887944,0.0,0.0,614.8728635696305,606.615357110625,1.7252865802674933e-13,unvalidated-engineering-priors,fixed independent scenario factor; no N cycle,,,,right_censored,BBCH89_full_ripeness,,,
21,ag_099_048,maize,2013,2013-06-15,2013-10-05,615113.668369401,rain_98_matched,1.0,8.979483823168266e-13,3.183231456205249e-12,0.0,0.0,0.03354275471250856,423.51,80.0,0.0,21.308716629811823,281.3844790555532,71.0659351574202,0.0,28.12781974507623,0.0,22.522561977779695,80.0,0.0,373.75913084278517,8331.71043273717,17787.056304483653,606.615357110625,685.7158445449865,-2.519484620933099e-12,unvalidated-engineering-priors,fixed independent scenario factor; no N cycle,2013-08-10,2013-09-24,2013-09-24,physiological_maturity,R6_physiological_maturity,2013-06-16,seed_layer_available_water,50.0
21,ag_099_048,fallow,2013,2013-10-06,2013-10-11,615113.668369401,rain_98_matched,1.0,1.8118839761882555e-13,0.0,0.0,0.0,1.0,0.0,0.0,0.0,21.907017475032184,0.0,0.0,0.0,0.0,0.0,0.734340280045385,0.0,0.0,21.907017475032184,0.0,0.0,685.7158445449865,663.0744867899092,-3.19300141882195e-13,unvalidated-engineering-priors,fixed independent scenario factor; no N cycle,,,,right_censored,BBCH89_full_ripeness,,,
21,ag_099_048,wheat,2014,2013-10-12,2014-06-10,615113.668369401,rain_98_matched,1.0,1.014743844507393e-12,5.087485988042317e-12,0.0,0.0,0.04267140235271844,302.25,300.0,0.0,285.830671856839,207.9837373148218,63.707410695875744,0.0,56.5887150737199,0.0,26.090352222022783,300.0,0.0,557.5218198675366,8372.356768048041,19039.871390762764,663.0744867899092,625.1235996266312,-1.1796119636642288e-12,unvalidated-engineering-priors,fixed independent scenario factor; no N cycle,2014-04-13,2014-05-23,2014-05-23,full_ripeness,BBCH89_full_ripeness,2013-10-12,seed_layer_available_water,50.0
21,ag_099_048,fallow,2014,2014-06-11,2014-06-14,615113.668369401,rain_98_matched,1.0,9.592326932761353e-14,0.0,0.0,0.0,1.0,3.7199999999999998,0.0,0.0,5.6711574520711725,0.0,0.0,0.0,0.0,0.0,0.36544045848225293,0.0,0.0,5.6711574520711725,0.0,0.0,625.1235996266312,622.8070017160777,4.3298697960381105e-14,unvalidated-engineering-priors,fixed independent scenario factor; no N cycle,,,,right_censored,BBCH89_full_ripeness,,,
21,ag_099_048,maize,2014,2014-06-15,2014-10-05,615113.668369401,rain_98_matched,1.0,1.0684786388992507e-12,3.353761712787673e-12,0.0,0.0,0.03354275471250856,444.9,80.0,0.0,16.595888368034,179.10320702676367,90.30545933085028,0.0,23.644448761176562,0.0,75.55034106309085,80.0,0.0,286.00455472564795,7167.2375193144935,15508.647675077631,622.8070017160777,762.5076571661632,-8.641420912169906e-13,unvalidated-engineering-priors,fixed independent scenario factor; no N cycle,2014-08-12,2014-09-28,2014-09-28,physiological_maturity,R6_physiological_maturity,2014-06-16,seed_layer_available_water,50.0
21,ag_099_048,fallow,2014,2014-10-06,2014-10-11,615113.668369401,rain_98_matched,1.0,1.7497114868092467e-13,0.0,0.0,0.0,1.0,0.0,0.0,0.0,19.943190500000004,0.0,0.0,0.0,0.0,0.0,10.330563103079005,0.0,0.0,19.943190500000004,0.0,0.0,762.5076571661632,732.2339035630839,2.779998453661392e-13,unvalidated-engineering-priors,fixed independent scenario factor; no N cycle,,,,right_censored,BBCH89_full_ripeness,,,
21,ag_099_048,wheat,2015,2014-10-12,2015-06-10,615113.668369401,rain_98_matched,1.0,1.048938713665848e-12,2.8705926524708048e-12,0.0,0.0,0.04267140235271844,401.98,300.0,0.0,320.4695112218574,186.84367804896564,59.251083182535616,0.0,87.01818304523202,0.0,118.5144966088859,300.0,0.0,566.5642724533586,7612.416242063673,17371.779260897973,732.2339035630839,662.1169514556095,-2.1589396936860794e-12,unvalidated-engineering-priors,fixed independent scenario factor; no N cycle,2015-04-18,2015-05-25,2015-05-25,full_ripeness,BBCH89_full_ripeness,2014-10-12,seed_layer_available_water,50.0
21,ag_099_048,fallow,2015,2015-06-11,2015-06-14,615113.668369401,rain_98_matched,1.0,8.482103908136196e-14,0.0,0.0,0.0,1.0,0.0,0.0,0.0,8.736797342215452,0.0,0.0,0.0,0.0,0.0,1.1210389646234948,0.0,0.0,8.736797342215452,0.0,0.0,662.1169514556095,652.2591151487705,3.019806626980426e-14,unvalidated-engineering-priors,fixed independent scenario factor; no N cycle,,,,right_censored,BBCH89_full_ripeness,,,
21,ag_099_048,maize,2015,2015-06-15,2015-10-05,615113.668369401,rain_98_matched,1.0,9.592326932761353e-13,2.2168933355715126e-12,0.0,0.0,0.03354275471250856,508.64,80.0,0.0,18.525717809795882,220.2506510199496,51.10455673402629,0.0,106.48587914219878,0.0,190.39596536697908,80.0,0.0,289.88092556377177,8783.055990482664,16320.920104915902,652.2591151487705,654.1363450758281,-7.193245998848852e-12,unvalidated-engineering-priors,fixed independent scenario factor; no N cycle,2015-08-13,2015-09-27,2015-09-27,physiological_maturity,R6_physiological_maturity,2015-06-16,seed_layer_available_water,50.0
21,ag_099_048,fallow,2015,2015-10-06,2015-10-11,615113.668369401,rain_98_matched,1.0,1.5409895581797173e-13,0.0,0.0,0.0,1.0,5.1899999999999995,0.0,0.0,17.49620903704367,0.0,0.0,0.0,0.0,0.0,0.2880809729679973,0.0,0.0,17.49620903704367,0.0,0.0,654.1363450758281,641.5420550658164,5.262457136723242e-14,unvalidated-engineering-priors,fixed independent scenario factor; no N cycle,,,,right_censored,BBCH89_full_ripeness,,,
21,ag_099_048,wheat,2016,2015-10-12,2016-06-10,615113.668369401,rain_98_matched,1.0,7.887024366937112e-13,2.5579538487363607e-12,0.0,0.0,0.04267140235271844,450.44,300.0,0.0,350.63854639749525,178.92577450671567,49.842882254949494,0.0,58.39145282433823,0.0,30.421551651652813,300.0,0.0,579.4072031591604,7025.143081764672,16144.993623035809,641.5420550658164,723.7618474306621,2.821298750177448e-12,unvalidated-engineering-priors,fixed independent scenario factor; no N cycle,2016-04-14,2016-05-23,2016-05-23,full_ripeness,BBCH89_full_ripeness,2015-10-12,seed_layer_available_water,50.0
21,ag_099_048,fallow,2016,2016-06-11,2016-06-14,615113.668369401,rain_98_matched,1.0,1.9939605522267811e-13,0.0,0.0,0.0,1.0,8.44,0.0,0.0,20.160427948903145,0.0,0.0,0.0,0.0,0.0,2.5445003450232377,0.0,0.0,20.160427948903145,0.0,0.0,723.7618474306621,709.4969191367361,-3.7703173916270316e-13,unvalidated-engineering-priors,fixed independent scenario factor; no N cycle,,,,right_censored,BBCH89_full_ripeness,,,
21,ag_099_048,maize,2016,2016-06-15,2016-10-05,615113.668369401,rain_98_matched,1.0,1.0969003483296547e-12,3.666400516522117e-12,0.0,0.0,0.03354275471250856,478.68,80.0,0.0,18.572628644932593,238.3218144547839,64.74945871617129,0.0,115.98989977863572,0.0,172.92842609099952,80.0,0.0,321.6439018158878,9036.747578706414,17109.035186956477,709.4969191367361,657.6146914512149,-1.780797731498751e-12,unvalidated-engineering-priors,fixed independent scenario factor; no N cycle,2016-08-10,2016-09-20,2016-09-20,physiological_maturity,R6_physiological_maturity,2016-06-15,seed_layer_available_water,50.0
21,ag_099_048,fallow,2016,2016-10-06,2016-10-11,615113.668369401,rain_98_matched,1.0,1.5365486660812167e-13,0.0,0.0,0.0,1.0,0.25,0.0,0.0,15.942508599999996,0.0,0.0,0.0,0.0,0.0,0.1693935193568977,0.0,0.0,15.942508599999996,0.0,0.0,657.6146914512149,641.7527893318585,-5.071498776487715e-13,unvalidated-engineering-priors,fixed independent scenario factor; no N cycle,,,,right_censored,BBCH89_full_ripeness,,,
21,ag_099_048,wheat,2017,2016-10-12,2017-06-10,615113.668369401,rain_98_matched,1.0,9.725553695716371e-13,2.8990143619012088e-12,0.0,0.0,0.04267140235271844,537.22,300.0,0.0,348.9423747657633,170.3580507642662,49.47248138149969,0.0,78.41041600995408,0.0,121.271658350965,300.0,0.0,568.7729069115292,6628.081644372447,15393.964589620118,641.7527893318585,710.5178080594069,3.331224185387782e-12,unvalidated-engineering-priors,fixed independent scenario factor; no N cycle,2017-04-13,2017-05-21,2017-05-21,full_ripeness,BBCH89_full_ripeness,2016-10-12,seed_layer_available_water,50.0
21,ag_099_048,fallow,2017,2017-06-11,2017-06-14,615113.668369401,rain_98_matched,1.0,1.0391687510491465e-13,0.0,0.0,0.0,1.0,0.19,0.0,0.0,18.6842909,0.0,0.0,0.0,0.0,0.0,0.7534527529470574,0.0,0.0,18.6842909,0.0,0.0,710.5178080594069,691.2700644064599,-1.0746958878371515e-13,unvalidated-engineering-priors,fixed independent scenario factor; no N cycle,,,,right_censored,BBCH89_full_ripeness,,,
21,ag_099_048,maize,2017,2017-06-15,2017-10-05,615113.668369401,rain_98_matched,1.0,9.14823772291129e-13,2.9700686354772188e-12,0.0,0.0,0.03354275471250856,761.44,80.0,0.0,16.378157515855456,205.02468096785185,86.91806926259947,0.0,137.41693601904012,0.0,281.9268268242507,80.0,0.0,308.3209077463068,8066.289556963628,16732.865642001794,691.2700644064599,805.045393816866,-3.619216037975548e-12,unvalidated-engineering-priors,fixed independent scenario factor; no N cycle,2017-08-08,2017-09-20,2017-09-20,physiological_maturity,R6_physiological_maturity,2017-06-15,seed_layer_available_water,50.0
21,ag_099_048,fallow,2017,2017-10-06,2017-10-11,615113.668369401,rain_98_matched,1.0,2.495781359357352e-13,0.0,0.0,0.0,1.0,42.489999999999995,0.0,0.0,12.20742934,0.0,0.0,0.0,0.4839687751600916,0.0,30.331273703503715,0.0,0.0,12.20742934,0.0,0.0,805.045393816866,804.5127219982019,2.717825964282383e-13,unvalidated-engineering-priors,fixed independent scenario factor; no N cycle,,,,right_censored,BBCH89_full_ripeness,,,
21,ag_099_048,wheat,2018,2017-10-12,2018-06-10,615113.668369401,rain_98_matched,1.0,9.281464485866309e-13,5.5990767577895895e-12,0.0,0.0,0.04267140235271844,456.65999999999997,300.0,0.0,278.98744101583367,219.23753818775347,67.0432487419256,0.0,152.5428128572132,0.0,145.43733647380688,300.0,0.0,565.2682279455128,8113.178668865097,19106.57835356115,804.5127219982019,697.9243447216708,-1.7171819521877296e-12,unvalidated-engineering-priors,fixed independent scenario factor; no N cycle,2018-04-14,2018-05-24,2018-05-24,full_ripeness,BBCH89_full_ripeness,2017-10-12,seed_layer_available_water,50.0
21,ag_099_048,fallow,2018,2018-06-11,2018-06-14,615113.668369401,rain_98_matched,1.0,1.1679546219056647e-13,0.0,0.0,0.0,1.0,0.0,0.0,0.0,11.11616768014985,0.0,0.0,0.0,0.0,0.0,3.42331558865401,0.0,0.0,11.11616768014985,0.0,0.0,697.9243447216708,683.3848614528669,4.618527782440651e-14,unvalidated-engineering-priors,fixed independent scenario factor; no N cycle,,,,right_censored,BBCH89_full_ripeness,,,
21,ag_099_048,maize,2018,2018-06-15,2018-10-05,615113.668369401,rain_98_matched,1.0,1.0960121699099545e-12,3.069544618483633e-12,0.0,0.0,0.03354275471250856,421.13,80.0,0.0,19.037692104455196,231.42403074912846,74.86522958148049,0.0,85.66485891499578,0.0,118.99572618171557,80.0,0.0,325.32695243506413,7728.83653036204,16031.58898470327,683.3848614528669,654.5273239210936,-2.2308821456817896e-12,unvalidated-engineering-priors,fixed independent scenario factor; no N cycle,2018-08-10,2018-09-21,2018-09-21,physiological_maturity,R6_physiological_maturity,2018-06-16,seed_layer_available_water,50.0
21,ag_099_048,fallow,2018,2018-10-06,2018-10-11,615113.668369401,rain_98_matched,1.0,1.0835776720341528e-13,0.0,0.0,0.0,1.0,0.9199999999999999,0.0,0.0,18.7152797547813,0.0,0.0,0.0,0.0,0.0,0.48416723046469445,0.0,0.0,18.7152797547813,0.0,0.0,654.5273239210936,636.2478769358476,7.638334409421077e-14,unvalidated-engineering-priors,fixed independent scenario factor; no N cycle,,,,right_censored,BBCH89_full_ripeness,,,
21,ag_099_048,wheat,2019,2018-10-12,2019-06-10,615113.668369401,rain_98_matched,1.0,9.592326932761353e-13,4.618527782440651e-12,0.0,0.0,0.04267140235271844,312.57,300.0,0.0,293.5154581607148,219.71633487680776,48.429369818857424,0.0,65.56771263108033,0.0,21.595318259130195,300.0,0.0,561.66116285638,8427.919304123407,19132.16477531015,636.2478769358476,599.9936831892626,-5.544453784978032e-12,unvalidated-engineering-priors,fixed independent scenario factor; no N cycle,2019-04-18,2019-05-27,2019-05-27,full_ripeness,BBCH89_full_ripeness,2018-10-12,seed_layer_available_water,50.0
21,ag_099_048,fallow,2019,2019-06-11,2019-06-14,615113.668369401,rain_98_matched,1.0,9.525713551283843e-14,0.0,0.0,0.0,1.0,0.07,0.0,0.0,5.979685246688218,0.0,0.0,0.0,0.0,0.0,0.15517206177911771,0.0,0.0,5.979685246688218,0.0,0.0,599.9936831892626,593.9288258807953,-8.237854842718662e-14,unvalidated-engineering-priors,fixed independent scenario factor; no N cycle,,,,right_censored,BBCH89_full_ripeness,,,
21,ag_099_048,maize,2019,2019-06-15,2019-10-05,615113.668369401,rain_98_matched,1.0,9.78328529299688e-13,4.234834705130197e-12,0.0,0.0,0.03354275471250856,302.6,80.0,0.0,17.350801933733667,295.85824770228123,66.18553404733251,0.0,8.29830314151073,0.0,23.635378670439742,80.0,0.0,379.3945836833474,9200.517846856967,18753.962407425985,593.9288258807953,565.200560385497,3.9968028886505635e-13,unvalidated-engineering-priors,fixed independent scenario factor; no N cycle,2019-08-10,2019-09-22,2019-09-22,physiological_maturity,R6_physiological_maturity,2019-06-16,seed_layer_available_water,50.0
21,ag_099_048,fallow,2019,2019-10-06,2019-10-11,615113.668369401,rain_98_matched,1.0,5.995204332975845e-14,0.0,0.0,0.0,1.0,15.930000000000001,0.0,0.0,11.176694,0.0,0.0,0.0,0.0,0.0,0.012215843382846751,0.0,0.0,11.176694,0.0,0.0,565.200560385497,569.9416505421143,-9.336975637097567e-14,unvalidated-engineering-priors,fixed independent scenario factor; no N cycle,,,,right_censored,BBCH89_full_ripeness,,,
21,ag_099_048,wheat,2020,2019-10-12,2020-06-10,615113.668369401,rain_98_matched,1.0,9.050538096744276e-13,4.320099833421409e-12,0.0,0.0,0.04267140235271844,252.18,300.0,0.0,235.45818955797594,228.5906988838052,53.20198542307026,0.0,53.8148272799658,0.0,2.1507673059200587,300.0,0.0,517.2508738648514,8393.016210987465,19263.2210027931,569.9416505421143,548.905182091385,-7.899569887115376e-12,unvalidated-engineering-priors,fixed independent scenario factor; no N cycle,2020-04-12,2020-05-24,2020-05-24,full_ripeness,BBCH89_full_ripeness,2019-10-12,seed_layer_available_water,50.0
21,ag_099_048,fallow,2020,2020-06-11,2020-06-14,615113.668369401,rain_98_matched,1.0,1.6342482922482304e-13,0.0,0.0,0.0,1.0,35.089999999999996,0.0,0.0,11.507381432995274,0.0,0.0,0.0,0.0,0.0,0.023690800175196938,0.0,0.0,11.507381432995274,0.0,0.0,548.905182091385,572.4641098582143,1.723066134218243e-13,unvalidated-engineering-priors,fixed independent scenario factor; no N cycle,,,,right_censored,BBCH89_full_ripeness,,,
21,ag_099_048,maize,2020,2020-06-15,2020-10-05,615113.668369401,rain_98_matched,1.0,1.0293987884324451e-12,2.4442670110147446e-12,0.0,0.0,0.03354275471250856,738.0,80.0,0.0,18.793344757166423,170.41471129738326,66.93452348652575,0.0,184.87202073766989,0.0,246.88424567483193,80.0,0.0,256.1425795410754,6665.493361252491,13815.43680508165,572.4641098582143,702.5652639046381,-9.829359548518823e-13,unvalidated-engineering-priors,fixed independent scenario factor; no N cycle,2020-08-11,2020-09-22,2020-09-22,physiological_maturity,R6_physiological_maturity,2020-06-15,seed_layer_available_water,50.0
21,ag_099_048,fallow,2020,2020-10-06,2020-10-11,615113.668369401,rain_98_matched,1.0,2.6778579353958776e-13,0.0,0.0,0.0,1.0,0.03,0.0,0.0,13.2510859,0.0,0.0,0.0,0.0,0.0,0.9119017596700391,0.0,0.0,13.2510859,0.0,0.0,702.5652639046381,688.4322762449674,6.366018823200648e-13,unvalidated-engineering-priors,fixed independent scenario factor; no N cycle,,,,right_censored,BBCH89_full_ripeness,,,
21,ag_099_048,wheat,2021,2020-10-12,2021-06-10,615113.668369401,rain_98_matched,0.75,1.0649259252204502e-12,3.637978807091713e-12,0.0,0.0,0.04267140235271844,414.96,225.0,0.0,261.6606257494278,185.84332803012293,65.45305541885857,0.0,42.255260325152776,0.0,99.7371767870602,225.0,0.0,512.9570091984093,7416.636873384403,17277.11152889325,688.4322762449674,673.4428299343452,-1.6497914145929826e-13,unvalidated-engineering-priors,fixed independent scenario factor; no N cycle,2021-04-12,2021-05-23,2021-05-23,full_ripeness,BBCH89_full_ripeness,2020-10-12,seed_layer_available_water,50.0
21,ag_099_048,fallow,2021,2021-06-11,2021-06-14,615113.668369401,rain_98_matched,0.75,1.6342482922482304e-13,0.0,0.0,0.0,1.0,48.949999999999996,0.0,0.0,9.89461999250125,0.0,0.0,0.0,0.0,0.0,2.7730897307593834,0.0,0.0,9.89461999250125,0.0,0.0,673.4428299343452,709.7251202110846,3.5083047578154947e-14,unvalidated-engineering-priors,fixed independent scenario factor; no N cycle,,,,right_censored,BBCH89_full_ripeness,,,
21,ag_099_048,maize,2021,2021-06-15,2021-10-05,615113.668369401,rain_98_matched,0.75,1.1119993814645568e-12,2.2453150450019166e-12,0.0,0.0,0.03354275471250856,578.51,60.0,0.0,18.44097039757138,162.7330717631507,90.0539808510333,0.0,53.07602168150821,0.0,307.2461649529388,60.0,0.0,271.2280230117554,7025.81159166381,13733.982436119772,709.7251202110846,716.6849105648819,3.164135620181696e-13,unvalidated-engineering-priors,fixed independent scenario factor; no N cycle,2021-08-09,2021-09-20,2021-09-20,physiological_maturity,R6_physiological_maturity,2021-06-15,seed_layer_available_water,50.0
21,ag_099_048,fallow,2021,2021-10-06,2021-10-11,615113.668369401,rain_98_matched,0.75,2.0339285811132868e-13,0.0,0.0,0.0,1.0,12.77,0.0,0.0,10.816151900000001,0.0,0.0,0.0,0.0,0.0,2.4959677872737527,0.0,0.0,10.816151900000001,0.0,0.0,716.6849105648819,716.1427908776085,-3.708144902248023e-13,unvalidated-engineering-priors,fixed independent scenario factor; no N cycle,,,,right_censored,BBCH89_full_ripeness,,,
21,ag_099_048,wheat,2022,2021-10-12,2022-06-10,615113.668369401,rain_98_matched,0.75,1.1937117960769683e-12,4.206412995699793e-12,0.0,0.0,0.04267140235271844,366.48,225.0,0.0,268.33184793480024,235.40000194968243,54.09815125899049,0.0,52.24285672966955,0.0,69.62650793827507,225.0,0.0,557.8300011434732,8532.543382904581,19785.93302879628,716.1427908776085,627.923425066194,-3.265943071539823e-12,unvalidated-engineering-priors,fixed independent scenario factor; no N cycle,2022-04-10,2022-05-20,2022-05-20,full_ripeness,BBCH89_full_ripeness,2021-10-12,seed_layer_available_water,50.0
21,ag_099_048,fallow,2022,2022-06-11,2022-06-14,615113.668369401,rain_98_matched,0.75,1.5987211554602254e-13,0.0,0.0,0.0,1.0,1.53,0.0,0.0,6.558346031248147,0.0,0.0,0.0,0.0,0.0,0.47733592792080193,0.0,0.0,6.558346031248147,0.0,0.0,627.923425066194,622.4177431070248,2.8821389719269064e-13,unvalidated-engineering-priors,fixed independent scenario factor; no N cycle,,,,right_censored,BBCH89_full_ripeness,,,
21,ag_099_048,maize,2022,2022-06-15,2022-10-05,615113.668369401,rain_98_matched,0.75,9.121592370320286e-13,3.723243935382925e-12,0.0,0.0,0.03354275471250856,469.17,60.0,0.0,22.05782284032173,260.8715512433656,65.37579730141874,0.0,30.96511287941221,0.0,116.83749477943915,60.0,0.0,348.30517138510606,8802.333572475785,17636.076414319996,622.4177431070248,655.4799640630639,3.420930205777495e-12,unvalidated-engineering-priors,fixed independent scenario factor; no N cycle,2022-08-10,2022-09-23,2022-09-23,physiological_maturity,R6_physiological_maturity,2022-06-16,seed_layer_available_water,50.0
21,ag_099_048,fallow,2022,2022-10-06,2022-10-11,615113.668369401,rain_98_matched,0.75,3.090860900556436e-13,0.0,0.0,0.0,1.0,25.27,0.0,0.0,13.6669859,0.0,0.0,0.0,0.0,0.0,0.16414813909512194,0.0,0.0,13.6669859,0.0,0.0,655.4799640630639,666.9188300239687,1.1501910535116622e-13,unvalidated-engineering-priors,fixed independent scenario factor; no N cycle,,,,right_censored,BBCH89_full_ripeness,,,
21,ag_099_048,wheat,2023,2022-10-12,2023-06-10,615113.668369401,rain_98_matched,1.0,9.814371537686384e-13,4.362732397567015e-12,0.0,0.0,0.04267140235271844,367.25,300.0,0.0,312.4141931758151,217.2843324740769,48.14186123395008,0.0,73.68916706647215,0.0,22.088961237457607,300.0,0.0,577.840386883842,7523.075950146997,17245.24232469252,666.9188300239687,660.5503148361994,-2.54513077280194e-12,unvalidated-engineering-priors,fixed independent scenario factor; no N cycle,2023-04-13,2023-05-23,2023-05-23,full_ripeness,BBCH89_full_ripeness,2022-10-12,seed_layer_available_water,50.0
21,ag_099_048,fallow,2023,2023-06-11,2023-06-14,615113.668369401,rain_98_matched,1.0,1.9451107391432743e-13,0.0,0.0,0.0,1.0,5.76,0.0,0.0,13.330381484723839,0.0,0.0,0.0,0.0,0.0,0.48106409584032855,0.0,0.0,13.330381484723839,0.0,0.0,660.5503148361994,652.498869255635,2.3669954885008337e-13,unvalidated-engineering-priors,fixed independent scenario factor; no N cycle,,,,right_censored,BBCH89_full_ripeness,,,
21,ag_099_048,maize,2023,2023-06-15,2023-10-05,615113.668369401,rain_98_matched,1.0,9.112710586123285e-13,2.0463630789890885e-12,0.0,0.0,0.03354275471250856,647.21,80.0,0.0,18.444400902879682,208.0044741379472,75.16086267070237,0.0,127.75929030717128,0.0,176.06586659075728,80.0,0.0,301.60973771152925,8309.24216683458,16348.416576963411,652.498869255635,774.2739746461721,5.076383757796066e-12,unvalidated-engineering-priors,fixed independent scenario factor; no N cycle,2023-08-09,2023-09-19,2023-09-19,physiological_maturity,R6_physiological_maturity,2023-06-16,seed_layer_available_water,50.0
21,ag_099_048,fallow,2023,2023-10-06,2023-10-11,615113.668369401,rain_98_matched,1.0,3.0730973321624333e-13,0.0,0.0,0.0,1.0,1.5499999999999998,0.0,0.0,14.1893832,0.0,0.0,0.0,0.0,0.0,12.654016964879725,0.0,0.0,14.1893832,0.0,0.0,774.2739746461721,748.9805744812923,8.704148513061227e-14,unvalidated-engineering-priors,fixed independent scenario factor; no N cycle,,,,right_censored,BBCH89_full_ripeness,,,
21,ag_099_048,wheat,2024,2023-10-12,2024-06-10,615113.668369401,rain_98_matched,0.75,9.07718344933528e-13,3.751665644813329e-12,0.0,0.0,0.04267140235271844,364.35,225.0,0.0,282.5286122530232,228.04119793527656,59.45162485641958,0.0,53.882965998603275,0.0,92.81322702509262,225.0,0.0,570.0214350447193,9047.904314590196,19867.669565990524,748.9805744812923,621.6129464128736,3.4129366000001937e-12,unvalidated-engineering-priors,fixed independent scenario factor; no N cycle,2024-04-15,2024-05-25,2024-05-25,full_ripeness,BBCH89_full_ripeness,2023-10-12,seed_layer_available_water,50.0
21,ag_099_048,fallow,2024,2024-06-11,2024-06-14,615113.668369401,rain_98_matched,0.75,2.1094237467877974e-13,0.0,0.0,0.0,1.0,0.02,0.0,0.0,3.922149678781776,0.0,0.0,0.0,0.0,0.0,0.5232025610631812,0.0,0.0,3.922149678781776,0.0,0.0,621.6129464128736,617.1875941730287,-8.748557434046234e-14,unvalidated-engineering-priors,fixed independent scenario factor; no N cycle,,,,right_censored,BBCH89_full_ripeness,,,
21,ag_099_048,maize,2024,2024-06-15,2024-10-05,615113.668369401,rain_98_matched,0.75,1.2070344723724702e-12,2.6147972675971687e-12,0.0,0.0,0.03354275471250856,573.12,60.0,0.0,22.543114030584203,197.89702743149417,80.50596152528222,0.0,58.30074763553071,0.0,213.3613339306036,60.0,0.0,300.9461029873606,6954.595901020528,14068.529320133679,617.1875941730287,677.6994096195338,8.881784197001252e-14,unvalidated-engineering-priors,fixed independent scenario factor; no N cycle,2024-08-09,2024-09-19,2024-09-19,physiological_maturity,R6_physiological_maturity,2024-06-16,seed_layer_available_water,50.0
21,ag_099_048,fallow,2024,2024-10-06,2024-10-11,615113.668369401,rain_98_matched,0.75,8.08242361927114e-14,0.0,0.0,0.0,1.0,8.35,0.0,0.0,15.0938332,0.0,0.0,0.0,0.0,0.0,0.6690425898933596,0.0,0.0,15.0938332,0.0,0.0,677.6994096195338,670.2865338296402,1.5876189252139739e-13,unvalidated-engineering-priors,fixed independent scenario factor; no N cycle,,,,right_censored,BBCH89_full_ripeness,,,
21,ag_099_048,wheat,2025,2024-10-12,2025-06-10,615113.668369401,rain_98_matched,0.75,8.251177519014163e-13,4.462208380573429e-12,0.0,0.0,0.04267140235271844,357.48,225.0,0.0,328.0030833726527,292.33976814829754,41.60810454099261,0.0,6.40148028501657,0.0,28.112324416208953,225.0,0.0,661.9509560619429,8815.119475143292,20338.742017722452,670.2865338296402,556.3017730664704,1.3737899706711687e-12,unvalidated-engineering-priors,fixed independent scenario factor; no N cycle,2025-04-12,2025-05-22,2025-05-22,full_ripeness,BBCH89_full_ripeness,2024-10-12,seed_layer_available_water,50.0
21,ag_099_048,fallow,2025,2025-06-11,2025-06-14,615113.668369401,rain_98_matched,0.75,1.8252066524837574e-13,0.0,0.0,0.0,1.0,23.310000000000002,0.0,0.0,9.926869165933478,0.0,0.0,0.0,0.0,0.0,0.015220379772356164,0.0,0.0,9.926869165933478,0.0,0.0,556.3017730664704,569.6696835207647,-8.126832540256146e-14,unvalidated-engineering-priors,fixed independent scenario factor; no N cycle,,,,right_censored,BBCH89_full_ripeness,,,
21,ag_099_048,maize,2025,2025-06-15,2025-10-05,615113.668369401,rain_98_matched,0.75,9.228173780684301e-13,3.637978807091713e-12,0.0,0.0,0.03354275471250856,693.18,60.0,0.0,17.10023686747702,192.2358695446588,120.58512389236132,0.0,63.06740963271646,0.0,140.25622690011002,60.0,0.0,329.92123030449716,8018.563823913911,17113.825823117902,569.6696835207647,789.6048166834407,3.241851231905457e-13,unvalidated-engineering-priors,fixed independent scenario factor; no N cycle,2025-08-11,2025-09-23,2025-09-23,physiological_maturity,R6_physiological_maturity,2025-06-15,seed_layer_available_water,50.0
21,ag_099_048,fallow,1996,1996-01-01,1996-10-11,615113.668369401,rain_95_available,1.0,3.694822225952521e-13,0.0,0.0,0.0,1.0,1099.6,0.0,0.0,694.2960099457056,0.0,0.0,0.0,146.8012446603033,0.0,153.3883869502053,0.0,0.0,694.2960099457056,0.0,0.0,602.822236268816,707.9365947125993,2.495115225542577e-12,unvalidated-engineering-priors,fixed independent scenario factor; no N cycle,,,,right_censored,BBCH89_full_ripeness,,,
21,ag_099_048,wheat,1997,1996-10-12,1997-06-10,615113.668369401,rain_95_available,1.0,1.043165553937797e-12,3.325340003357269e-12,0.0,0.0,0.04267140235271844,591.17,300.0,0.0,315.02850550672514,181.66176290753234,52.19691746461677,0.0,143.02189744512384,0.0,236.63560259838323,300.0,0.0,548.8871858788742,7264.035736404304,16916.989576426815,707.9365947125993,670.5619087902198,-1.7990053891026037e-12,unvalidated-engineering-priors,fixed independent scenario factor; no N cycle,1997-04-19,1997-05-28,1997-05-28,full_ripeness,BBCH89_full_ripeness,1996-10-12,seed_layer_available_water,50.0
21,ag_099_048,fallow,1997,1997-06-11,1997-06-14,615113.668369401,rain_95_available,1.0,1.425526363618701e-13,0.0,0.0,0.0,1.0,0.32,0.0,0.0,10.940007124636717,0.0,0.0,0.0,0.0,0.0,1.4996579689394398,0.0,0.0,10.940007124636717,0.0,0.0,670.5619087902198,658.4422436966436,1.0302869668521453e-13,unvalidated-engineering-priors,fixed independent scenario factor; no N cycle,,,,right_censored,BBCH89_full_ripeness,,,
21,ag_099_048,maize,1997,1997-06-15,1997-10-05,615113.668369401,rain_95_available,1.0,9.57900425646585e-13,3.581135388230905e-12,0.0,0.0,0.03354275471250856,422.09,80.0,0.0,19.42870542265526,237.1800392056015,78.63951100374811,0.0,88.03040223491239,0.0,148.76845657904408,80.0,0.0,335.2482556320048,9448.769479139197,18068.52358649676,658.4422436966436,588.4851292506843,-2.0407009415635002e-12,unvalidated-engineering-priors,fixed independent scenario factor; no N cycle,1997-08-10,1997-09-24,1997-09-24,physiological_maturity,R6_physiological_maturity,1997-06-16,seed_layer_available_water,50.0
21,ag_099_048,fallow,1997,1997-10-06,1997-10-11,615113.668369401,rain_95_available,1.0,1.8429702208777599e-13,0.0,0.0,0.0,1.0,0.26,0.0,0.0,15.171406698819915,0.0,0.0,0.0,0.0,0.0,0.08174230577570121,0.0,0.0,15.171406698819915,0.0,0.0,588.4851292506843,573.4919802460886,7.638334409421077e-14,unvalidated-engineering-priors,fixed independent scenario factor; no N cycle,,,,right_censored,BBCH89_full_ripeness,,,
21,ag_099_048,wheat,1998,1997-10-12,1998-06-10,615113.668369401,rain_95_available,1.0,1.0293987884324451e-12,3.0269120543380268e-12,0.0,0.0,0.04267140235271844,785.3,300.0,0.0,327.52449699876706,154.7343139754499,72.7809004066349,0.0,207.4467999900387,0.0,168.77506817478888,300.0,0.0,555.0397113808518,6662.46919396096,15842.82356631238,573.4919802460886,727.5304007004133,-4.1698866581896255e-12,unvalidated-engineering-priors,fixed independent scenario factor; no N cycle,1998-04-21,1998-05-31,1998-05-31,full_ripeness,BBCH89_full_ripeness,1997-10-13,seed_layer_available_water,50.0
21,ag_099_048,fallow,1998,1998-06-11,1998-06-14,615113.668369401,rain_95_available,1.0,1.092459456231154e-13,0.0,0.0,0.0,1.0,8.49,0.0,0.0,14.93548305976323,0.0,0.0,0.0,0.0,0.0,6.27404576980172,0.0,0.0,14.93548305976323,0.0,0.0,727.5304007004133,714.8108718708484,2.930988785010413e-14,unvalidated-engineering-priors,fixed independent scenario factor; no N cycle,,,,right_censored,BBCH89_full_ripeness,,,
21,ag_099_048,maize,1998,1998-06-15,1998-10-05,615113.668369401,rain_95_available,1.0,1.050270981295398e-12,2.1316282072803006e-12,0.0,0.0,0.03354275471250856,687.6899999999999,80.0,0.0,19.964422043069067,180.89086330601364,103.78469626066342,0.0,153.01385458012604,0.0,361.65701354630636,80.0,0.0,304.63998160974614,7934.619023477663,14977.769103191646,714.8108718708484,663.1900221346713,-1.4150902671872245e-12,unvalidated-engineering-priors,fixed independent scenario factor; no N cycle,1998-08-08,1998-09-18,1998-09-18,physiological_maturity,R6_physiological_maturity,1998-06-15,seed_layer_available_water,50.0
21,ag_099_048,fallow,1998,1998-10-06,1998-10-11,615113.668369401,rain_95_available,1.0,1.0969003483296547e-13,0.0,0.0,0.0,1.0,0.81,0.0,0.0,15.526530621616919,0.0,0.0,0.0,0.0,0.0,0.8254678558596179,0.0,0.0,15.526530621616919,0.0,0.0,663.1900221346713,647.6480236571948,-8.304468224196171e-14,unvalidated-engineering-priors,fixed independent scenario factor; no N cycle,,,,right_censored,BBCH89_full_ripeness,,,
21,ag_099_048,wheat,1999,1998-10-12,1999-06-10,615113.668369401,rain_95_available,1.0,1.1866063687193673e-12,4.661160346586257e-12,0.0,0.0,0.04267140235271844,338.57,300.0,0.0,251.7780948073041,188.49256955975002,63.91839274550223,0.0,96.1883987416665,0.0,30.447843373293946,300.0,0.0,504.1890571125563,7316.932441481074,17103.317190313923,647.6480236571948,655.3927244296755,2.569666701646156e-12,unvalidated-engineering-priors,fixed independent scenario factor; no N cycle,1999-04-15,1999-05-24,1999-05-24,full_ripeness,BBCH89_full_ripeness,1998-10-12,seed_layer_available_water,50.0
21,ag_099_048,fallow,1999,1999-06-11,1999-06-14,615113.668369401,rain_95_available,1.0,1.163513729807164e-13,0.0,0.0,0.0,1.0,3.82,0.0,0.0,6.216539062240807,0.0,0.0,0.0,0.0,0.0,1.0978507918150229,0.0,0.0,6.216539062240807,0.0,0.0,655.3927244296755,651.8983345756195,1.234568003383174e-13,unvalidated-engineering-priors,fixed independent scenario factor; no N cycle,,,,right_censored,BBCH89_full_ripeness,,,
21,ag_099_048,maize,1999,1999-06-15,1999-10-05,615113.668369401,rain_95_available,1.0,1.0178524689763435e-12,3.069544618483633e-12,0.0,0.0,0.03354275471250856,330.17,80.0,0.0,20.57756486861721,213.92533167868476,72.76215944683794,0.0,17.855097869440396,0.0,91.96047949000857,80.0,0.0,307.2650559941399,7756.777110671324,15592.0983129282,651.8983345756195,644.9877012220339,-3.2772673463909996e-12,unvalidated-engineering-priors,fixed independent scenario factor; no N cycle,1999-08-12,1999-09-25,1999-09-25,physiological_maturity,R6_physiological_maturity,1999-06-16,seed_layer_available_water,50.0
21,ag_099_048,fallow,1999,1999-10-06,1999-10-11,615113.668369401,rain_95_available,1.0,1.780797731498751e-13,0.0,0.0,0.0,1.0,7.02,0.0,0.0,13.503175500000001,0.0,0.0,0.0,0.0,0.0,0.09209503768292696,0.0,0.0,13.503175500000001,0.0,0.0,644.9877012220339,638.4124306843512,-1.8895995879120164e-13,unvalidated-engineering-priors,fixed independent scenario factor; no N cycle,,,,right_censored,BBCH89_full_ripeness,,,
21,ag_099_048,wheat,2000,1999-10-12,2000-06-10,615113.668369401,rain_95_available,1.0,7.540634783254063e-13,4.774847184307873e-12,0.0,0.0,0.04267140235271844,426.53,300.0,0.0,298.8455293301294,279.6431673712173,41.34878874129118,0.0,90.00554568017155,0.0,39.430071384345815,300.0,0.0,619.8374854426379,9461.849516730557,21176.000821197063,638.4124306843512,615.6693281771973,-1.2819745265346683e-12,unvalidated-engineering-priors,fixed independent scenario factor; no N cycle,2000-04-17,2000-05-25,2000-05-25,full_ripeness,BBCH89_full_ripeness,1999-10-12,seed_layer_available_water,50.0
21,ag_099_048,fallow,2000,2000-06-11,2000-06-14,615113.668369401,rain_95_available,1.0,1.5365486660812167e-13,0.0,0.0,0.0,1.0,0.72,0.0,0.0,13.333248178548551,0.0,0.0,0.0,0.0,0.0,0.052224967475839275,0.0,0.0,13.333248178548551,0.0,0.0,615.6693281771973,603.003855031173,-1.0746958878371515e-13,unvalidated-engineering-priors,fixed independent scenario factor; no N cycle,,,,right_censored,BBCH89_full_ripeness,,,
21,ag_099_048,maize,2000,2000-06-15,2000-10-05,615113.668369401,rain_95_available,1.0,6.501466032204917e-13,2.2737367544323206e-12,0.0,0.0,0.03354275471250856,766.89,80.0,0.0,21.780897370676744,127.76821070726626,89.54374639312569,0.0,121.17419004220694,0.0,310.8773687286422,80.0,0.0,239.0928544710687,6647.811110424284,12541.97186563045,603.003855031173,778.7494417892565,-1.3576362256628727e-12,unvalidated-engineering-priors,fixed independent scenario factor; no N cycle,2000-08-09,2000-09-20,2000-09-20,physiological_maturity,R6_physiological_maturity,2000-06-16,seed_layer_available_water,50.0
21,ag_099_048,fallow,2000,2000-10-06,2000-10-11,615113.668369401,rain_95_available,1.0,2.282618538629322e-13,0.0,0.0,0.0,1.0,13.17,0.0,0.0,15.577848399999997,0.0,0.0,0.0,0.0,0.0,15.782765045232672,0.0,0.0,15.577848399999997,0.0,0.0,778.7494417892565,760.5588283440242,-3.552713678800501e-13,unvalidated-engineering-priors,fixed independent scenario factor; no N cycle,,,,right_censored,BBCH89_full_ripeness,,,
21,ag_099_048,wheat,2001,2000-10-12,2001-06-10,615113.668369401,rain_95_available,1.0,1.1226575225009583e-12,3.424815986363683e-12,0.0,0.0,0.04267140235271844,416.41,300.0,0.0,322.4741551206344,186.81720240230862,42.48609486327278,0.0,97.1396248599779,0.0,189.71851073447814,300.0,0.0,551.7774523862158,7384.633013822576,16585.54342835782,760.5588283440242,638.3332403633582,-5.8539839642435254e-12,unvalidated-engineering-priors,fixed independent scenario factor; no N cycle,2001-04-17,2001-05-27,2001-05-27,full_ripeness,BBCH89_full_ripeness,2000-10-12,seed_layer_available_water,50.0
21,ag_099_048,fallow,2001,2001-06-11,2001-06-14,615113.668369401,rain_95_available,1.0,2.504663143554353e-13,0.0,0.0,0.0,1.0,5.64,0.0,0.0,16.830098846892827,0.0,0.0,0.0,0.0,0.0,0.3618766947376304,0.0,0.0,16.830098846892827,0.0,0.0,638.3332403633582,626.781264821728,-2.4646951146678475e-13,unvalidated-engineering-priors,fixed independent scenario factor; no N cycle,,,,right_censored,BBCH89_full_ripeness,,,
21,ag_099_048,maize,2001,2001-06-15,2001-10-05,615113.668369401,rain_95_available,1.0,8.739675649849232e-13,5.5138116294983774e-12,0.0,0.0,0.03354275471250856,210.65,80.0,0.0,18.593995178851607,298.50250857978926,75.69406402867953,0.0,18.202718696251715,0.0,25.876031196987462,80.0,0.0,392.7905677873204,9675.17944968492,19132.497114950544,626.781264821728,480.56194714116907,-6.893374759897597e-13,unvalidated-engineering-priors,fixed independent scenario factor; no N cycle,2001-08-10,2001-09-20,2001-09-20,physiological_maturity,R6_physiological_maturity,2001-06-15,seed_layer_available_water,50.0
21,ag_099_048,fallow,2001,2001-10-06,2001-10-11,615113.668369401,rain_95_available,1.0,6.128431095930864e-14,0.0,0.0,0.0,1.0,5.3,0.0,0.0,11.663041038051913,0.0,0.0,0.0,0.0,0.0,0.006090884496046029,0.0,0.0,11.663041038051913,0.0,0.0,480.56194714116907,474.19281521862115,-3.7969627442180354e-14,unvalidated-engineering-priors,fixed independent scenario factor; no N cycle,,,,right_censored,BBCH89_full_ripeness,,,
21,ag_099_048,wheat,2002,2001-10-12,2002-06-10,615113.668369401,rain_95_available,1.0,1.1750600492632657e-12,4.064304448547773e-12,0.0,0.0,0.04267140235271844,554.61,300.0,0.0,264.5088233396252,165.68060960219555,73.49027328599493,0.0,120.28843826777161,0.0,17.77428033417641,300.0,0.0,503.6797062278157,6753.869382203891,16807.32511544337,474.19281521862115,687.0603903888546,2.8573809984777654e-12,unvalidated-engineering-priors,fixed independent scenario factor; no N cycle,2002-04-10,2002-05-24,2002-05-24,full_ripeness,BBCH89_full_ripeness,2001-10-13,seed_layer_available_water,50.0
21,ag_099_048,fallow,2002,2002-06-11,2002-06-14,615113.668369401,rain_95_available,1.0,1.5187850976872141e-13,0.0,0.0,0.0,1.0,0.0,0.0,0.0,18.3171144868272,0.0,0.0,0.0,0.0,0.0,1.8770082984262393,0.0,0.0,18.3171144868272,0.0,0.0,687.0603903888546,666.8662676036012,-4.263256414560601e-14,unvalidated-engineering-priors,fixed independent scenario factor; no N cycle,,,,right_censored,BBCH89_full_ripeness,,,
21,ag_099_048,maize,2002,2002-06-15,2002-10-05,615113.668369401,rain_95_available,1.0,9.9298347322474e-13,2.6147972675971687e-12,0.0,0.0,0.03354275471250856,680.97,80.0,0.0,19.20152373407502,197.67668030947922,82.39202692541512,0.0,256.5880728881046,0.0,207.17507559864853,80.0,0.0,299.2702309689694,8830.787699863231,16368.208662896202,666.8662676036012,664.8028881478741,4.597433544972773e-12,unvalidated-engineering-priors,fixed independent scenario factor; no N cycle,2002-08-11,2002-09-26,2002-09-26,physiological_maturity,R6_physiological_maturity,2002-06-16,seed_layer_available_water,50.0
21,ag_099_048,fallow,2002,2002-10-06,2002-10-11,615113.668369401,rain_95_available,1.0,1.0480505352461478e-13,0.0,0.0,0.0,1.0,0.0,0.0,0.0,18.447012373042497,0.0,0.0,0.0,0.0,0.0,0.7414436563010421,0.0,0.0,18.447012373042497,0.0,0.0,664.8028881478741,645.6144321185308,-1.9539925233402755e-13,unvalidated-engineering-priors,fixed independent scenario factor; no N cycle,,,,right_censored,BBCH89_full_ripeness,,,
21,ag_099_048,wheat,2003,2002-10-12,2003-06-10,615113.668369401,rain_95_available,0.75,1.0338396805309458e-12,2.8990143619012088e-12,0.0,0.0,0.04267140235271844,514.5,225.0,0.0,271.94776288730577,155.20828196319982,69.45667987421724,0.0,70.49402006148667,0.0,148.84466419295921,225.0,0.0,496.61272472472285,6620.238785076431,15558.87185873279,645.6144321185308,669.163023139363,-9.00390872971002e-13,unvalidated-engineering-priors,fixed independent scenario factor; no N cycle,2003-04-22,2003-05-30,2003-05-30,full_ripeness,BBCH89_full_ripeness,2002-10-12,seed_layer_available_water,50.0
21,ag_099_048,fallow,2003,2003-06-11,2003-06-14,615113.668369401,rain_95_available,0.75,1.6120438317557273e-13,0.0,0.0,0.0,1.0,11.120000000000001,0.0,0.0,14.56958146150011,0.0,0.0,0.0,0.0,0.0,2.0113174002540832,0.0,0.0,14.56958146150011,0.0,0.0,669.163023139363,663.702124277609,-1.9051427102567686e-13,unvalidated-engineering-priors,fixed independent scenario factor; no N cycle,,,,right_censored,BBCH89_full_ripeness,,,
21,ag_099_048,maize,2003,2003-06-15,2003-10-05,615113.668369401,rain_95_available,0.75,9.698908343125368e-13,2.2950530365051236e-12,0.0,0.0,0.03354275471250856,978.8199999999999,60.0,0.0,19.976251747184048,109.88310925842633,84.10380697266235,0.0,232.8157878243483,0.0,478.058505815941,60.0,0.0,213.96316797827274,6251.964223063703,11566.616666239617,663.702124277609,777.68466265905,-3.0397906414236786e-12,unvalidated-engineering-priors,fixed independent scenario factor; no N cycle,2003-08-12,2003-09-28,2003-09-28,physiological_maturity,R6_physiological_maturity,2003-06-16,seed_layer_available_water,50.0
21,ag_099_048,fallow,2003,2003-10-06,2003-10-11,615113.668369401,rain_95_available,0.75,1.2079226507921703e-13,0.0,0.0,0.0,1.0,75.24,0.0,0.0,11.526430600000001,0.0,0.0,0.0,28.304659616264303,0.0,10.983739187700262,0.0,0.0,11.526430600000001,0.0,0.0,777.68466265905,802.1098332550855,-7.505107646466058e-14,unvalidated-engineering-priors,fixed independent scenario factor; no N cycle,,,,right_censored,BBCH89_full_ripeness,,,
21,ag_099_048,wheat,2004,2003-10-12,2004-06-10,615113.668369401,rain_95_available,0.5,9.046097204645775e-13,5.7696070143720135e-12,0.0,0.0,0.04267140235271844,406.76,150.0,0.0,331.3288071222624,228.40830961480498,57.38335611420031,0.0,12.139683596681957,0.0,114.0147716810103,150.0,0.0,617.1204728512677,8456.627736183598,19660.698998598567,802.1098332550855,615.5949051261272,-1.5762946503627973e-12,unvalidated-engineering-priors,fixed independent scenario factor; no N cycle,2004-04-12,2004-05-21,2004-05-21,full_ripeness,BBCH89_full_ripeness,2003-10-12,seed_layer_available_water,50.0
21,ag_099_048,fallow,2004,2004-06-11,2004-06-14,615113.668369401,rain_95_available,0.5,9.50350909079134e-14,0.0,0.0,0.0,1.0,43.69,0.0,0.0,8.990404137491826,0.0,0.0,0.0,0.0,0.0,0.10509779116375738,0.0,0.0,8.990404137491826,0.0,0.0,615.5949051261272,650.1894031974714,1.942890293094024e-13,unvalidated-engineering-priors,fixed independent scenario factor; no N cycle,,,,right_censored,BBCH89_full_ripeness,,,
21,ag_099_048,maize,2004,2004-06-15,2004-10-05,615113.668369401,rain_95_available,0.5,1.0365042157900461e-12,4.945377440890297e-12,0.0,0.0,0.03354275471250856,608.57,40.0,0.0,15.851032183562364,205.111436617284,108.37865604203475,0.0,134.50192743568834,0.0,139.24498479618921,40.0,0.0,329.34112484288113,9731.761079958811,18492.521633130567,650.1894031974714,695.6713661227114,1.2780887459484802e-12,unvalidated-engineering-priors,fixed independent scenario factor; no N cycle,2004-08-10,2004-09-25,2004-09-25,physiological_maturity,R6_physiological_maturity,2004-06-15,seed_layer_available_water,50.0
21,ag_099_048,fallow,2004,2004-10-06,2004-10-11,615113.668369401,rain_95_available,0.5,2.1804780203638074e-13,0.0,0.0,0.0,1.0,0.01,0.0,0.0,17.67626948002229,0.0,0.0,0.0,0.0,0.0,1.4844651888675828,0.0,0.0,17.67626948002229,0.0,0.0,695.6713661227114,676.5206314538218,-2.3359092438113294e-13,unvalidated-engineering-priors,fixed independent scenario factor; no N cycle,,,,right_censored,BBCH89_full_ripeness,,,
21,ag_099_048,wheat,2005,2004-10-12,2005-06-10,615113.668369401,rain_95_available,0.5,1.0267342531733448e-12,4.462208380573429e-12,0.0,0.0,0.04267140235271844,395.83,150.0,0.0,220.39705861194187,239.55044263859904,75.96968525460012,0.0,0.0,0.0,24.88772808945636,150.0,0.0,535.917186505141,8881.605433113185,21215.62816037719,676.5206314538218,661.5457168592279,-3.5158542743829457e-12,unvalidated-engineering-priors,fixed independent scenario factor; no N cycle,2005-04-24,2005-05-31,2005-05-31,full_ripeness,BBCH89_full_ripeness,2004-10-12,seed_layer_available_water,50.0
21,ag_099_048,fallow,2005,2005-06-11,2005-06-14,615113.668369401,rain_95_available,0.5,2.042810365310288e-13,0.0,0.0,0.0,1.0,0.0,0.0,0.0,23.489193084908727,0.0,0.0,0.0,0.0,0.0,0.1464318826226448,0.0,0.0,23.489193084908727,0.0,0.0,661.5457168592279,637.9100918916969,-3.268496584496461e-13,unvalidated-engineering-priors,fixed independent scenario factor; no N cycle,,,,right_censored,BBCH89_full_ripeness,,,
21,ag_099_048,maize,2005,2005-06-15,2005-10-05,615113.668369401,rain_95_available,0.5,1.0720313525780512e-12,2.3021584638627246e-12,0.0,0.0,0.03354275471250856,912.67,40.0,0.0,18.152358527086946,142.4354750639451,116.28076641370713,0.0,228.3461178687893,0.0,304.46837383587933,40.0,0.0,276.86860000473916,7056.084174546857,14642.512560582996,637.9100918916969,780.8970001822901,-9.866552019843766e-13,unvalidated-engineering-priors,fixed independent scenario factor; no N cycle,2005-08-08,2005-09-22,2005-09-22,physiological_maturity,R6_physiological_maturity,2005-06-15,seed_layer_available_water,50.0
21,ag_099_048,fallow,2005,2005-10-06,2005-10-11,615113.668369401,rain_95_available,0.5,1.3322676295501878e-13,0.0,0.0,0.0,1.0,3.69,0.0,0.0,18.520511699999993,0.0,0.0,0.0,0.0,0.0,16.568799221726454,0.0,0.0,18.520511699999993,0.0,0.0,780.8970001822901,749.4976892605637,-5.0182080713057076e-14,unvalidated-engineering-priors,fixed independent scenario factor; no N cycle,,,,right_censored,BBCH89_full_ripeness,,,
21,ag_099_048,wheat,2006,2005-10-12,2006-06-10,615113.668369401,rain_95_available,0.5,9.228173780684301e-13,5.4569682106375694e-12,0.0,0.0,0.04267140235271844,273.54,150.0,0.0,239.8573575994387,255.61836610378109,55.1417480598625,0.0,0.0,0.0,64.2589618943539,150.0,0.0,550.6174717630823,9120.837600223955,21388.93207979157,749.4976892605637,558.1612556031263,1.209143896119258e-12,unvalidated-engineering-priors,fixed independent scenario factor; no N cycle,2006-04-18,2006-05-27,2006-05-27,full_ripeness,BBCH89_full_ripeness,2005-10-12,seed_layer_available_water,50.0
21,ag_099_048,fallow,2006,2006-06-11,2006-06-14,615113.668369401,rain_95_available,0.5,1.8207657603852567e-13,0.0,0.0,0.0,1.0,5.6899999999999995,0.0,0.0,6.170869450602154,0.0,0.0,0.0,0.0,0.0,0.029347970921228893,0.0,0.0,6.170869450602154,0.0,0.0,558.1612556031263,557.6510381816026,2.5068835896036035e-13,unvalidated-engineering-priors,fixed independent scenario factor; no N cycle,,,,right_censored,BBCH89_full_ripeness,,,
21,ag_099_048,maize,2006,2006-06-15,2006-10-05,615113.668369401,rain_95_available,0.5,1.1315393066979595e-12,2.6147972675971687e-12,0.0,0.0,0.03354275471250856,471.99,40.0,0.0,22.49298363785992,154.97515144392904,98.062871994266,0.0,8.647867885953415,0.0,85.00640092969478,40.0,0.0,275.53100707605495,7392.852077321493,14886.729780791833,557.6510381816026,700.4557622899102,-1.0746514789161665e-11,unvalidated-engineering-priors,fixed independent scenario factor; no N cycle,2006-08-09,2006-09-23,2006-09-23,physiological_maturity,R6_physiological_maturity,2006-06-16,seed_layer_available_water,50.0
21,ag_099_048,fallow,2006,2006-10-06,2006-10-11,615113.668369401,rain_95_available,0.5,2.4558133304708463e-13,0.0,0.0,0.0,1.0,0.36,0.0,0.0,18.890206575542372,0.0,0.0,0.0,0.0,0.0,1.3797388964227606,0.0,0.0,18.890206575542372,0.0,0.0,700.4557622899102,680.5458168179447,4.2454928461665986e-13,unvalidated-engineering-priors,fixed independent scenario factor; no N cycle,,,,right_censored,BBCH89_full_ripeness,,,
21,ag_099_048,wheat,2007,2006-10-12,2007-06-10,615113.668369401,rain_95_available,0.75,8.424372310855688e-13,5.4569682106375694e-12,0.0,0.0,0.04267140235271844,345.03000000000003,225.0,0.0,298.424035589034,227.13035774043968,58.765734510891726,0.0,35.9086276413402,0.0,30.40109672138442,225.0,0.0,584.3201278403654,8870.960934356252,19899.52479350365,680.5458168179447,599.9459646148523,2.302047441560262e-12,unvalidated-engineering-priors,fixed independent scenario factor; no N cycle,2007-04-15,2007-05-25,2007-05-25,full_ripeness,BBCH89_full_ripeness,2006-10-12,seed_layer_available_water,50.0
21,ag_099_048,fallow,2007,2007-06-11,2007-06-14,615113.668369401,rain_95_available,0.75,1.936228954946273e-13,0.0,0.0,0.0,1.0,0.02,0.0,0.0,5.6364325356987,0.0,0.0,0.0,0.0,0.0,0.126635064535495,0.0,0.0,5.6364325356987,0.0,0.0,599.9459646148523,594.2028970146183,-2.0983215165415459e-13,unvalidated-engineering-priors,fixed independent scenario factor; no N cycle,,,,right_censored,BBCH89_full_ripeness,,,
21,ag_099_048,maize,2007,2007-06-15,2007-10-05,615113.668369401,rain_95_available,0.75,1.0684786388992507e-12,2.5863755581667647e-12,0.0,0.0,0.03354275471250856,799.02,60.0,0.0,21.03344474267525,145.5248332287755,84.94003990440103,0.0,142.95389570022584,0.0,358.0503757469754,60.0,0.0,251.49831787585177,6832.279492257003,13350.51898714491,594.2028970146183,700.7203076915646,7.047695760320494e-13,unvalidated-engineering-priors,fixed independent scenario factor; no N cycle,2007-08-11,2007-09-23,2007-09-23,physiological_maturity,R6_physiological_maturity,2007-06-16,seed_layer_available_water,50.0
21,ag_099_048,fallow,2007,2007-10-06,2007-10-11,615113.668369401,rain_95_available,0.75,2.278177646530821e-13,0.0,0.0,0.0,1.0,0.03,0.0,0.0,20.170393662289808,0.0,0.0,0.0,0.0,0.0,1.8202418132331286,0.0,0.0,20.170393662289808,0.0,0.0,700.7203076915646,678.7596722160416,2.7977620220553945e-14,unvalidated-engineering-priors,fixed independent scenario factor; no N cycle,,,,right_censored,BBCH89_full_ripeness,,,
21,ag_099_048,wheat,2008,2007-10-12,2008-06-10,615113.668369401,rain_95_available,0.5,7.833733661755105e-13,6.195932655828074e-12,0.0,0.0,0.04267140235271844,430.25,150.0,0.0,251.1124743608202,255.25303563858486,58.6644391571657,0.0,14.919922166757834,0.0,35.55235401555453,150.0,0.0,565.0299491565708,10173.636553900176,22608.237985499723,678.7596722160416,643.5074468771595,-1.0186851362448124e-12,unvalidated-engineering-priors,fixed independent scenario factor; no N cycle,2008-04-18,2008-05-28,2008-05-28,full_ripeness,BBCH89_full_ripeness,2007-10-12,seed_layer_available_water,50.0
21,ag_099_048,fallow,2008,2008-06-11,2008-06-14,615113.668369401,rain_95_available,0.5,2.8199664825478976e-13,0.0,0.0,0.0,1.0,1.51,0.0,0.0,7.242338179266543,0.0,0.0,0.0,0.0,0.0,0.6018959891301476,0.0,0.0,7.242338179266543,0.0,0.0,643.5074468771595,637.1732127087632,-4.127809205556332e-13,unvalidated-engineering-priors,fixed independent scenario factor; no N cycle,,,,right_censored,BBCH89_full_ripeness,,,
21,ag_099_048,maize,2008,2008-06-15,2008-10-05,615113.668369401,rain_95_available,0.5,1.3580248037214915e-12,2.5579538487363607e-12,0.0,0.0,0.03354275471250856,617.89,40.0,0.0,17.789439679276597,154.5921189187914,89.59742789509868,0.0,47.539420264964455,0.0,256.15350342709047,40.0,0.0,261.9789864931667,7792.733874223705,14671.14858141625,637.1732127087632,729.3913025235414,2.013944566670034e-13,unvalidated-engineering-priors,fixed independent scenario factor; no N cycle,2008-08-10,2008-09-22,2008-09-22,physiological_maturity,R6_physiological_maturity,2008-06-16,seed_layer_available_water,50.0
21,ag_099_048,fallow,2008,2008-10-06,2008-10-11,615113.668369401,rain_95_available,0.5,1.5587531265737198e-13,0.0,0.0,0.0,1.0,0.21000000000000002,0.0,0.0,14.821354499999998,0.0,0.0,0.0,0.0,0.0,3.652806657559753,0.0,0.0,14.821354499999998,0.0,0.0,729.3913025235414,711.1271413659816,3.197442310920451e-14,unvalidated-engineering-priors,fixed independent scenario factor; no N cycle,,,,right_censored,BBCH89_full_ripeness,,,
21,ag_099_048,wheat,2009,2008-10-12,2009-06-10,615113.668369401,rain_95_available,0.5,8.633094239485217e-13,5.343281372915953e-12,0.0,0.0,0.04267140235271844,321.76,150.0,0.0,284.6360354549486,216.56346124894222,55.7010534898817,0.0,0.0,0.0,39.71308504873698,150.0,0.0,556.9005501937726,8175.358538369035,18412.298747188615,711.1271413659816,586.2735061234742,-2.1600499167107046e-12,unvalidated-engineering-priors,fixed independent scenario factor; no N cycle,2009-04-15,2009-05-24,2009-05-24,full_ripeness,BBCH89_full_ripeness,2008-10-12,seed_layer_available_water,50.0
21,ag_099_048,fallow,2009,2009-06-11,2009-06-14,615113.668369401,rain_95_available,0.5,1.6431300764452317e-13,0.0,0.0,0.0,1.0,0.5700000000000001,0.0,0.0,10.004511704541455,0.0,0.0,0.0,0.0,0.0,0.0370345193169894,0.0,0.0,10.004511704541455,0.0,0.0,586.2735061234742,576.8019598996159,-9.08162434143378e-14,unvalidated-engineering-priors,fixed independent scenario factor; no N cycle,,,,right_censored,BBCH89_full_ripeness,,,
21,ag_099_048,maize,2009,2009-06-15,2009-10-05,615113.668369401,rain_95_available,0.5,1.0080825063596421e-12,3.296918293926865e-12,0.0,0.0,0.03354275471250856,397.37,40.0,0.0,18.088386097344216,199.66048354960813,81.59250219406407,0.0,1.669004364118905,0.0,16.022358341422244,40.0,0.0,299.34137184101644,8006.981201517843,15821.955246599024,576.8019598996159,697.139225353062,-3.665401315799954e-12,unvalidated-engineering-priors,fixed independent scenario factor; no N cycle,2009-08-10,2009-09-25,2009-09-25,physiological_maturity,R6_physiological_maturity,2009-06-16,seed_layer_available_water,50.0
21,ag_099_048,fallow,2009,2009-10-06,2009-10-11,615113.668369401,rain_95_available,0.5,1.4477308241112041e-13,0.0,0.0,0.0,1.0,1.85,0.0,0.0,17.143835009137604,0.0,0.0,0.0,0.0,0.0,1.2738211657620004,0.0,0.0,17.143835009137604,0.0,0.0,697.139225353062,680.5715691781627,-3.05089287166993e-13,unvalidated-engineering-priors,fixed independent scenario factor; no N cycle,,,,right_censored,BBCH89_full_ripeness,,,
21,ag_099_048,wheat,2010,2009-10-12,2010-06-10,615113.668369401,rain_95_available,0.75,9.032774528350274e-13,3.865352482534945e-12,0.0,0.0,0.04267140235271844,438.37,225.0,0.0,277.6527536928416,209.8719295749832,65.98258002826375,0.0,35.63879987707679,0.0,45.99620799374395,225.0,0.0,553.5072632960886,8163.18403675278,18993.429553937633,680.5715691781627,708.7992980112507,2.6666446828471635e-12,unvalidated-engineering-priors,fixed independent scenario factor; no N cycle,2010-04-29,2010-06-06,2010-06-06,full_ripeness,BBCH89_full_ripeness,2009-10-12,seed_layer_available_water,50.0
21,ag_099_048,fallow,2010,2010-06-11,2010-06-14,615113.668369401,rain_95_available,0.75,2.1316282072803006e-13,0.0,0.0,0.0,1.0,0.09,0.0,0.0,20.141544155296156,0.0,0.0,0.0,0.0,0.0,0.8504212455144533,0.0,0.0,20.141544155296156,0.0,0.0,708.7992980112507,687.8973326104406,-4.82280881897168e-13,unvalidated-engineering-priors,fixed independent scenario factor; no N cycle,,,,right_censored,BBCH89_full_ripeness,,,
21,ag_099_048,maize,2010,2010-06-15,2010-10-05,615113.668369401,rain_95_available,0.75,1.1102230246251565e-12,3.751665644813329e-12,0.0,0.0,0.03354275471250856,445.4,60.0,0.0,18.522177841720126,175.1197983990477,111.01161608741664,0.0,22.608482428497283,0.0,147.81883572427216,60.0,0.0,304.65359232818446,7601.219191462543,15577.854411159233,687.8973326104406,718.2164221294834,3.308575635685429e-12,unvalidated-engineering-priors,fixed independent scenario factor; no N cycle,2010-08-08,2010-09-20,2010-09-20,physiological_maturity,R6_physiological_maturity,2010-06-15,seed_layer_available_water,50.0
21,ag_099_048,fallow,2010,2010-10-06,2010-10-11,615113.668369401,rain_95_available,0.75,2.389199948993337e-13,0.0,0.0,0.0,1.0,0.6,0.0,0.0,20.70856301188645,0.0,0.0,0.0,0.0,0.0,2.6997094481122366,0.0,0.0,20.70856301188645,0.0,0.0,718.2164221294834,695.4081496694846,7.37188088351104e-14,unvalidated-engineering-priors,fixed independent scenario factor; no N cycle,,,,right_censored,BBCH89_full_ripeness,,,
21,ag_099_048,wheat,2011,2010-10-12,2011-06-10,615113.668369401,rain_95_available,0.75,7.043254868221993e-13,3.979039320256561e-12,0.0,0.0,0.04267140235271844,152.6,225.0,0.0,216.7845160651703,301.718311098267,31.700777814588587,0.0,0.0,0.0,35.33639911808372,225.0,0.0,550.203604978026,8752.870788346432,20011.33055862195,695.4081496694846,487.4681455733721,2.866595849582154e-12,unvalidated-engineering-priors,fixed independent scenario factor; no N cycle,2011-04-19,2011-05-30,2011-05-30,full_ripeness,BBCH89_full_ripeness,2010-10-12,seed_layer_available_water,50.0
21,ag_099_048,fallow,2011,2011-06-11,2011-06-14,615113.668369401,rain_95_available,0.75,6.128431095930864e-14,0.0,0.0,0.0,1.0,21.4,0.0,0.0,7.372281563128807,0.0,0.0,0.0,0.0,0.0,0.002156405316439212,0.0,0.0,7.372281563128807,0.0,0.0,487.4681455733721,501.4937076049268,8.348877145181177e-14,unvalidated-engineering-priors,fixed independent scenario factor; no N cycle,,,,right_censored,BBCH89_full_ripeness,,,
21,ag_099_048,maize,2011,2011-06-15,2011-10-05,615113.668369401,rain_95_available,0.75,1.1119993814645568e-12,3.439026841078885e-12,0.0,0.0,0.03354275471250856,406.55,60.0,0.0,18.96003957441211,169.20672769344574,96.16786306163365,0.0,0.0,0.0,8.887303771629872,60.0,0.0,284.3346303294915,7493.64192890605,14965.240973297143,501.4937076049268,674.8217735038027,2.730871084821729e-12,unvalidated-engineering-priors,fixed independent scenario factor; no N cycle,2011-08-10,2011-09-27,2011-09-27,physiological_maturity,R6_physiological_maturity,2011-06-15,seed_layer_available_water,50.0
21,ag_099_048,fallow,2011,2011-10-06,2011-10-11,615113.668369401,rain_95_available,0.75,1.3100631690576847e-13,0.0,0.0,0.0,1.0,2.54,0.0,0.0,19.952507281176562,0.0,0.0,0.0,0.0,0.0,0.7541484180526143,0.0,0.0,19.952507281176562,0.0,0.0,674.8217735038027,656.6551178045735,5.773159728050814e-15,unvalidated-engineering-priors,fixed independent scenario factor; no N cycle,,,,right_censored,BBCH89_full_ripeness,,,
21,ag_099_048,wheat,2012,2011-10-12,2012-06-10,615113.668369401,rain_95_available,0.75,8.553158181712206e-13,3.637978807091713e-12,0.0,0.0,0.04267140235271844,272.93,225.0,0.0,278.5709595716274,219.5383989827902,38.12269344923873,0.0,7.50484837402697,0.0,34.74762274544647,225.0,0.0,536.2320520036563,7543.886603272744,17357.203833955573,656.6551178045735,576.1005946814469,-3.130939951745404e-12,unvalidated-engineering-priors,fixed independent scenario factor; no N cycle,2012-04-22,2012-05-28,2012-05-28,full_ripeness,BBCH89_full_ripeness,2011-10-12,seed_layer_available_water,50.0
21,ag_099_048,fallow,2012,2012-06-11,2012-06-14,615113.668369401,rain_95_available,0.75,1.0724754417879012e-13,0.0,0.0,0.0,1.0,0.44,0.0,0.0,4.480343384724157,0.0,0.0,0.0,0.0,0.0,0.07286686553024325,0.0,0.0,4.480343384724157,0.0,0.0,576.1005946814469,571.9873844311927,-2.446931546273845e-13,unvalidated-engineering-priors,fixed independent scenario factor; no N cycle,,,,right_censored,BBCH89_full_ripeness,,,
21,ag_099_048,maize,2012,2012-06-15,2012-10-05,615113.668369401,rain_95_available,0.75,1.1652900866465643e-12,3.183231456205249e-12,0.0,0.0,0.03354275471250856,462.43,60.0,0.0,22.784171598171405,221.49592586435907,68.29990622924605,0.0,10.36806240546423,0.0,74.233797959297,60.0,0.0,312.5800036917765,8250.422856336678,15546.846934332247,571.9873844311927,697.235520374658,-3.0098146197587994e-12,unvalidated-engineering-priors,fixed independent scenario factor; no N cycle,2012-08-10,2012-09-23,2012-09-23,physiological_maturity,R6_physiological_maturity,2012-06-16,seed_layer_available_water,50.0
21,ag_099_048,fallow,2012,2012-10-06,2012-10-11,615113.668369401,rain_95_available,0.75,1.0258460747536446e-13,0.0,0.0,0.0,1.0,0.02,0.0,0.0,19.722607860216876,0.0,0.0,0.0,0.0,0.0,2.116330777783838,0.0,0.0,19.722607860216876,0.0,0.0,697.235520374658,675.4165817366571,1.603162047558726e-13,unvalidated-engineering-priors,fixed independent scenario factor; no N cycle,,,,right_censored,BBCH89_full_ripeness,,,
21,ag_099_048,wheat,2013,2012-10-12,2013-06-10,615113.668369401,rain_95_available,0.75,9.992007221626409e-13,4.973799150320701e-12,0.0,0.0,0.04267140235271844,339.04,225.0,0.0,314.26769946269394,245.68223022012188,49.864119456239294,0.0,1.0886838011456792,0.0,31.765789524806827,225.0,0.0,609.8140491390551,8103.513018546633,18850.68603433355,675.4165817366571,596.7880592716524,-2.8791968809116497e-12,unvalidated-engineering-priors,fixed independent scenario factor; no N cycle,2013-04-20,2013-05-30,2013-05-30,full_ripeness,BBCH89_full_ripeness,2012-10-12,seed_layer_available_water,50.0
21,ag_099_048,fallow,2013,2013-06-11,2013-06-14,615113.668369401,rain_95_available,0.75,4.75175454539567e-14,0.0,0.0,0.0,1.0,1.55,0.0,0.0,9.457602295517004,0.0,0.0,0.0,0.0,0.0,0.057904152287002776,0.0,0.0,9.457602295517004,0.0,0.0,596.7880592716524,588.8225528238484,3.863576125695545e-14,unvalidated-engineering-priors,fixed independent scenario factor; no N cycle,,,,right_censored,BBCH89_full_ripeness,,,
21,ag_099_048,maize,2013,2013-06-15,2013-10-05,615113.668369401,rain_95_available,0.75,8.775202786637237e-13,3.637978807091713e-12,0.0,0.0,0.03354275471250856,423.51,60.0,0.0,21.30443353577744,281.2340129710712,71.0607822263081,0.0,22.222661538932115,0.0,7.964985760575846,60.0,0.0,373.59922873315674,8330.417888750046,17784.202979870923,588.8225528238484,668.5456767911776,6.057543355808548e-12,unvalidated-engineering-priors,fixed independent scenario factor; no N cycle,2013-08-10,2013-09-24,2013-09-24,physiological_maturity,R6_physiological_maturity,2013-06-16,seed_layer_available_water,50.0
21,ag_099_048,fallow,2013,2013-10-06,2013-10-11,615113.668369401,rain_95_available,0.75,1.7763568394002505e-13,0.0,0.0,0.0,1.0,0.0,0.0,0.0,21.732471103446308,0.0,0.0,0.0,0.0,0.0,0.3708888784939431,0.0,0.0,21.732471103446308,0.0,0.0,668.5456767911776,646.4423168092372,9.14823772291129e-14,unvalidated-engineering-priors,fixed independent scenario factor; no N cycle,,,,right_censored,BBCH89_full_ripeness,,,
21,ag_099_048,wheat,2014,2013-10-12,2014-06-10,615113.668369401,rain_95_available,0.75,1.0107470416187425e-12,3.907985046680551e-12,0.0,0.0,0.04267140235271844,302.25,225.0,0.0,280.8837301324857,202.8167053894163,62.69188363690776,0.0,12.446514724605866,0.0,13.711569062261297,225.0,0.0,546.3923191588098,8193.727047941244,18543.804346836787,646.4423168092372,601.1419138635606,-3.1252778143198157e-13,unvalidated-engineering-priors,fixed independent scenario factor; no N cycle,2014-04-13,2014-05-23,2014-05-23,full_ripeness,BBCH89_full_ripeness,2013-10-12,seed_layer_available_water,50.0
21,ag_099_048,fallow,2014,2014-06-11,2014-06-14,615113.668369401,rain_95_available,0.75,2.1893598045608087e-13,0.0,0.0,0.0,1.0,3.7199999999999998,0.0,0.0,5.48023708416498,0.0,0.0,0.0,0.0,0.0,0.14124509126091,0.0,0.0,5.48023708416498,0.0,0.0,601.1419138635606,599.240431688135,-2.9043434324194095e-13,unvalidated-engineering-priors,fixed independent scenario factor; no N cycle,,,,right_censored,BBCH89_full_ripeness,,,
21,ag_099_048,maize,2014,2014-06-15,2014-10-05,615113.668369401,rain_95_available,0.75,7.926992395823618e-13,3.637978807091713e-12,0.0,0.0,0.03354275471250856,444.9,60.0,0.0,16.598444459014953,179.0013097662852,90.29422232887183,0.0,14.416075847677467,0.0,42.33022130479928,60.0,0.0,285.893976554172,7166.132469086441,15506.03609559757,599.240431688135,761.5001579814879,-1.5956680421425062e-12,unvalidated-engineering-priors,fixed independent scenario factor; no N cycle,2014-08-12,2014-09-28,2014-09-28,physiological_maturity,R6_physiological_maturity,2014-06-16,seed_layer_available_water,50.0
21,ag_099_048,fallow,2014,2014-10-06,2014-10-11,615113.668369401,rain_95_available,0.75,2.646771690706373e-13,0.0,0.0,0.0,1.0,0.0,0.0,0.0,19.943190500000004,0.0,0.0,0.0,0.0,0.0,9.947689586676665,0.0,0.0,19.943190500000004,0.0,0.0,761.5001579814879,731.6092778948112,3.6415315207705135e-14,unvalidated-engineering-priors,fixed independent scenario factor; no N cycle,,,,right_censored,BBCH89_full_ripeness,,,
21,ag_099_048,wheat,2015,2014-10-12,2015-06-10,615113.668369401,rain_95_available,0.75,9.601208716958354e-13,3.666400516522117e-12,0.0,0.0,0.04267140235271844,401.98,225.0,0.0,319.8359894963595,186.84367803829593,59.25108317989771,0.0,29.226294577045998,0.0,104.16059250525775,225.0,0.0,565.9307507145531,7612.41624163924,17371.779259950792,731.6092778948112,659.2716400979573,-3.038125306886741e-12,unvalidated-engineering-priors,fixed independent scenario factor; no N cycle,2015-04-18,2015-05-25,2015-05-25,full_ripeness,BBCH89_full_ripeness,2014-10-12,seed_layer_available_water,50.0
21,ag_099_048,fallow,2015,2015-06-11,2015-06-14,615113.668369401,rain_95_available,0.75,1.3500311979441904e-13,0.0,0.0,0.0,1.0,0.0,0.0,0.0,8.682795772766795,0.0,0.0,0.0,0.0,0.0,1.0135568209503623,0.0,0.0,8.682795772766795,0.0,0.0,659.2716400979573,649.5752875042402,-1.0658141036401503e-13,unvalidated-engineering-priors,fixed independent scenario factor; no N cycle,,,,right_censored,BBCH89_full_ripeness,,,
21,ag_099_048,maize,2015,2015-06-15,2015-10-05,615113.668369401,rain_95_available,0.75,9.947598300641403e-13,2.2168933355715126e-12,0.0,0.0,0.03354275471250856,508.64,60.0,0.0,18.522989820247602,220.2506510199496,51.10455673402629,0.0,98.07792715677432,0.0,176.1223348151115,60.0,0.0,289.8781975742235,8783.055990482664,16320.920104915902,649.5752875042402,654.1368279581371,-6.184830425581822e-12,unvalidated-engineering-priors,fixed independent scenario factor; no N cycle,2015-08-13,2015-09-27,2015-09-27,physiological_maturity,R6_physiological_maturity,2015-06-16,seed_layer_available_water,50.0
21,ag_099_048,fallow,2015,2015-10-06,2015-10-11,615113.668369401,rain_95_available,0.75,1.6187051699034782e-13,0.0,0.0,0.0,1.0,5.1899999999999995,0.0,0.0,17.49621090342924,0.0,0.0,0.0,0.0,0.0,0.28808585933505104,0.0,0.0,17.49621090342924,0.0,0.0,654.1368279581371,641.5425311953729,-8.859579736508749e-14,unvalidated-engineering-priors,fixed independent scenario factor; no N cycle,,,,right_censored,BBCH89_full_ripeness,,,
21,ag_099_048,wheat,2016,2015-10-12,2016-06-10,615113.668369401,rain_95_available,0.75,1.0098588631990424e-12,2.9558577807620168e-12,0.0,0.0,0.04267140235271844,450.44,225.0,0.0,345.9466409025842,178.9257743998222,49.84288222417644,0.0,13.39633629176626,0.0,21.7223066002457,225.0,0.0,574.7152975265828,7025.143077860147,16144.993613946255,641.5425311953729,707.1485907767805,-2.2554180745260055e-12,unvalidated-engineering-priors,fixed independent scenario factor; no N cycle,2016-04-14,2016-05-23,2016-05-23,full_ripeness,BBCH89_full_ripeness,2015-10-12,seed_layer_available_water,50.0
21,ag_099_048,fallow,2016,2016-06-11,2016-06-14,615113.668369401,rain_95_available,0.75,1.5187850976872141e-13,0.0,0.0,0.0,1.0,8.44,0.0,0.0,20.023809671298608,0.0,0.0,0.0,0.0,0.0,1.287131811309937,0.0,0.0,20.023809671298608,0.0,0.0,707.1485907767805,694.2776492941721,-1.7008616737257398e-13,unvalidated-engineering-priors,fixed independent scenario factor; no N cycle,,,,right_censored,BBCH89_full_ripeness,,,
21,ag_099_048,maize,2016,2016-06-15,2016-10-05,615113.668369401,rain_95_available,0.75,1.042721464727947e-12,3.666400516522117e-12,0.0,0.0,0.03354275471250856,478.68,60.0,0.0,18.572628273840817,238.3218144547839,64.74945871617129,0.0,98.09323157958728,0.0,155.60655824380376,60.0,0.0,321.64390144479603,9036.747578706414,17109.035186956477,694.2776492941721,657.6139580259878,-2.758460126983664e-12,unvalidated-engineering-priors,fixed independent scenario factor; no N cycle,2016-08-10,2016-09-20,2016-09-20,physiological_maturity,R6_physiological_maturity,2016-06-15,seed_layer_available_water,50.0
21,ag_099_048,fallow,2016,2016-10-06,2016-10-11,615113.668369401,rain_95_available,0.75,1.3145040611561853e-13,0.0,0.0,0.0,1.0,0.25,0.0,0.0,15.942508599999996,0.0,0.0,0.0,0.0,0.0,0.16938764472456433,0.0,0.0,15.942508599999996,0.0,0.0,657.6139580259878,641.752061781263,2.291500322826323e-13,unvalidated-engineering-priors,fixed independent scenario factor; no N cycle,,,,right_censored,BBCH89_full_ripeness,,,
21,ag_099_048,wheat,2017,2016-10-12,2017-06-10,615113.668369401,rain_95_available,0.75,1.0036416142611415e-12,2.7711166694643907e-12,0.0,0.0,0.04267140235271844,537.22,225.0,0.0,348.07868282358027,170.35805076302333,49.47248138123816,0.0,27.733742186929035,0.0,106.85504402022536,225.0,0.0,567.9092149678418,6628.081644304479,15393.964589485351,641.752061781263,701.4740606062683,-1.3987699887252347e-12,unvalidated-engineering-priors,fixed independent scenario factor; no N cycle,2017-04-13,2017-05-21,2017-05-21,full_ripeness,BBCH89_full_ripeness,2016-10-12,seed_layer_available_water,50.0
21,ag_099_048,fallow,2017,2017-06-11,2017-06-14,615113.668369401,rain_95_available,0.75,1.3322676295501878e-13,0.0,0.0,0.0,1.0,0.19,0.0,0.0,18.6842909,0.0,0.0,0.0,0.0,0.0,0.5388062388000465,0.0,0.0,18.6842909,0.0,0.0,701.4740606062683,682.4409634674681,9.681144774731365e-14,unvalidated-engineering-priors,fixed independent scenario factor; no N cycle,,,,right_censored,BBCH89_full_ripeness,,,
21,ag_099_048,maize,2017,2017-06-15,2017-10-05,615113.668369401,rain_95_available,0.75,9.325873406851315e-13,2.9700686354772188e-12,0.0,0.0,0.03354275471250856,761.44,60.0,0.0,16.378157515855456,205.02468096785185,86.91806926259947,0.0,117.98368905354258,0.0,272.7143817948605,60.0,0.0,308.3209077463068,8066.289556963628,16732.865642001794,682.4409634674681,804.8619848727609,-2.6683100173841012e-12,unvalidated-engineering-priors,fixed independent scenario factor; no N cycle,2017-08-08,2017-09-20,2017-09-20,physiological_maturity,R6_physiological_maturity,2017-06-15,seed_layer_available_water,50.0
21,ag_099_048,fallow,2017,2017-10-06,2017-10-11,615113.668369401,rain_95_available,0.75,9.947598300641403e-14,0.0,0.0,0.0,1.0,42.489999999999995,0.0,0.0,12.20742934,0.0,0.0,0.0,0.4204987155662092,0.0,30.24838832884796,0.0,0.0,12.20742934,0.0,0.0,804.8619848727609,804.4756684883466,1.021405182655144e-13,unvalidated-engineering-priors,fixed independent scenario factor; no N cycle,,,,right_censored,BBCH89_full_ripeness,,,
21,ag_099_048,wheat,2018,2017-10-12,2018-06-10,615113.668369401,rain_95_available,0.5,8.455458555545192e-13,4.689582056016661e-12,0.0,0.0,0.04267140235271844,456.65999999999997,150.0,0.0,278.1742746345733,219.23753818763552,67.04324874189177,0.0,31.839071026709014,0.0,130.59170184519084,150.0,0.0,564.4550615641006,8113.178668861877,19106.578353551748,804.4756684883466,684.2498340523425,3.6555203308807904e-12,unvalidated-engineering-priors,fixed independent scenario factor; no N cycle,2018-04-14,2018-05-24,2018-05-24,full_ripeness,BBCH89_full_ripeness,2017-10-12,seed_layer_available_water,50.0
21,ag_099_048,fallow,2018,2018-06-11,2018-06-14,615113.668369401,rain_95_available,0.5,1.2967404927621828e-13,0.0,0.0,0.0,1.0,0.0,0.0,0.0,10.813492515301899,0.0,0.0,0.0,0.0,0.0,2.083160582129775,0.0,0.0,10.813492515301899,0.0,0.0,684.2498340523425,671.3531809549108,7.549516567451064e-15,unvalidated-engineering-priors,fixed independent scenario factor; no N cycle,,,,right_censored,BBCH89_full_ripeness,,,
21,ag_099_048,maize,2018,2018-06-15,2018-10-05,615113.668369401,rain_95_available,0.5,1.056932319443149e-12,3.069544618483633e-12,0.0,0.0,0.03354275471250856,421.13,40.0,0.0,19.020237814222597,231.42403074912846,74.86522958148049,0.0,71.28567339595692,0.0,81.66485120489087,40.0,0.0,325.30949814483154,7728.83653036204,16031.58898470327,671.3531809549108,654.2231582092335,-1.9610979506978765e-12,unvalidated-engineering-priors,fixed independent scenario factor; no N cycle,2018-08-10,2018-09-21,2018-09-21,physiological_maturity,R6_physiological_maturity,2018-06-16,seed_layer_available_water,50.0
21,ag_099_048,fallow,2018,2018-10-06,2018-10-11,615113.668369401,rain_95_available,0.5,1.4566126083082054e-13,0.0,0.0,0.0,1.0,0.9199999999999999,0.0,0.0,18.70902078763039,0.0,0.0,0.0,0.0,0.0,0.4790573011627436,0.0,0.0,18.70902078763039,0.0,0.0,654.2231582092335,635.9550801204405,-1.3145040611561853e-13,unvalidated-engineering-priors,fixed independent scenario factor; no N cycle,,,,right_censored,BBCH89_full_ripeness,,,
21,ag_099_048,wheat,2019,2018-10-12,2019-06-10,615113.668369401,rain_95_available,0.75,9.166001291305292e-13,4.490630090003833e-12,0.0,0.0,0.04267140235271844,312.57,225.0,0.0,287.34787901231886,219.6714600448651,48.41431868900152,0.0,16.146533404663526,0.0,16.707508289994518,225.0,0.0,555.4336577461854,8426.631967735932,19128.366168412005,635.9550801204405,585.237380679594,2.9252711364335937e-12,unvalidated-engineering-priors,fixed independent scenario factor; no N cycle,2019-04-18,2019-05-27,2019-05-27,full_ripeness,BBCH89_full_ripeness,2018-10-12,seed_layer_available_water,50.0
21,ag_099_048,fallow,2019,2019-06-11,2019-06-14,615113.668369401,rain_95_available,0.75,1.2145839889399213e-13,0.0,0.0,0.0,1.0,0.07,0.0,0.0,5.822702927635621,0.0,0.0,0.0,0.0,0.0,0.08569146452908723,0.0,0.0,5.822702927635621,0.0,0.0,585.237380679594,579.3989862874294,-3.552713678800501e-14,unvalidated-engineering-priors,fixed independent scenario factor; no N cycle,,,,right_censored,BBCH89_full_ripeness,,,
21,ag_099_048,maize,2019,2019-06-15,2019-10-05,615113.668369401,rain_95_available,0.75,9.07718344933528e-13,3.637978807091713e-12,0.0,0.0,0.03354275471250856,302.6,60.0,0.0,17.386511850357458,293.5368808459568,66.13164759264633,0.0,5.387050427985264,0.0,9.308865073924382,60.0,0.0,377.0550402889605,9177.04322532633,18711.295337362506,579.3989862874294,550.2480304965557,3.494593503461374e-12,unvalidated-engineering-priors,fixed independent scenario factor; no N cycle,2019-08-10,2019-09-22,2019-09-22,physiological_maturity,R6_physiological_maturity,2019-06-16,seed_layer_available_water,50.0
21,ag_099_048,fallow,2019,2019-10-06,2019-10-11,615113.668369401,rain_95_available,0.75,9.50350909079134e-14,0.0,0.0,0.0,1.0,15.930000000000001,0.0,0.0,11.176694,0.0,0.0,0.0,0.0,0.0,0.005994188440820784,0.0,0.0,11.176694,0.0,0.0,550.2480304965557,554.9953423081148,3.5860203695392556e-14,unvalidated-engineering-priors,fixed independent scenario factor; no N cycle,,,,right_censored,BBCH89_full_ripeness,,,
21,ag_099_048,wheat,2020,2019-10-12,2020-06-10,615113.668369401,rain_95_available,0.75,6.092903959142859e-13,4.988010005035903e-12,0.0,0.0,0.04267140235271844,252.18,225.0,0.0,231.0954572596051,223.00010782168937,52.090618816825945,0.0,10.932885951772535,0.0,0.855846745017877,225.0,0.0,506.1861838981204,8148.393569599844,18737.931630297568,554.9953423081148,514.2004257132049,-9.531819777919281e-13,unvalidated-engineering-priors,fixed independent scenario factor; no N cycle,2020-04-12,2020-05-24,2020-05-24,full_ripeness,BBCH89_full_ripeness,2019-10-12,seed_layer_available_water,50.0
21,ag_099_048,fallow,2020,2020-06-11,2020-06-14,615113.668369401,rain_95_available,0.75,1.4921397450962104e-13,0.0,0.0,0.0,1.0,35.089999999999996,0.0,0.0,11.48571492250398,0.0,0.0,0.0,0.0,0.0,0.00479316319671122,0.0,0.0,11.48571492250398,0.0,0.0,514.2004257132049,537.7999176275042,2.9753977059954195e-14,unvalidated-engineering-priors,fixed independent scenario factor; no N cycle,,,,right_censored,BBCH89_full_ripeness,,,
21,ag_099_048,maize,2020,2020-06-15,2020-10-05,615113.668369401,rain_95_available,0.75,9.676703882632864e-13,2.4442670110147446e-12,0.0,0.0,0.03354275471250856,738.0,60.0,0.0,18.793344757166423,170.41471129738326,66.93452348652575,0.0,159.1032660917,0.0,217.98923564576185,60.0,0.0,256.1425795410754,6665.493361252491,13815.43680508165,537.7999176275042,702.5648363489677,-7.085998454670062e-13,unvalidated-engineering-priors,fixed independent scenario factor; no N cycle,2020-08-11,2020-09-22,2020-09-22,physiological_maturity,R6_physiological_maturity,2020-06-15,seed_layer_available_water,50.0
21,ag_099_048,fallow,2020,2020-10-06,2020-10-11,615113.668369401,rain_95_available,0.75,2.2293278334473143e-13,0.0,0.0,0.0,1.0,0.03,0.0,0.0,13.2510859,0.0,0.0,0.0,0.0,0.0,0.9118995237997445,0.0,0.0,13.2510859,0.0,0.0,702.5648363489677,688.4318509251681,-1.4810375148499588e-13,unvalidated-engineering-priors,fixed independent scenario factor; no N cycle,,,,right_censored,BBCH89_full_ripeness,,,
21,ag_099_048,wheat,2021,2020-10-12,2021-06-10,615113.668369401,rain_95_available,0.5,1.013855666087693e-12,3.126388037344441e-12,0.0,0.0,0.04267140235271844,414.96,150.0,0.0,259.0614588348477,185.32085274475284,65.30746687053839,0.0,4.077442537873461,0.0,68.55773330150863,150.0,0.0,509.68977845013893,7396.2186399879065,17222.5868971668,688.4318509251681,671.0668966356452,1.8045565042257294e-12,unvalidated-engineering-priors,fixed independent scenario factor; no N cycle,2021-04-12,2021-05-23,2021-05-23,full_ripeness,BBCH89_full_ripeness,2020-10-12,seed_layer_available_water,50.0
21,ag_099_048,fallow,2021,2021-06-11,2021-06-14,615113.668369401,rain_95_available,0.5,3.730349362740526e-13,0.0,0.0,0.0,1.0,48.949999999999996,0.0,0.0,9.861880242005833,0.0,0.0,0.0,0.0,0.0,2.5757346236129743,0.0,0.0,9.861880242005833,0.0,0.0,671.0668966356452,707.5792817700267,-2.8421709430404007e-13,unvalidated-engineering-priors,fixed independent scenario factor; no N cycle,,,,right_censored,BBCH89_full_ripeness,,,
21,ag_099_048,maize,2021,2021-06-15,2021-10-05,615113.668369401,rain_95_available,0.5,1.1537437671904627e-12,2.2453150450019166e-12,0.0,0.0,0.03354275471250856,578.51,40.0,0.0,18.44097039757138,162.7330717631507,90.0539808510333,0.0,34.30910201715047,0.0,303.8670225596192,40.0,0.0,271.2280230117554,7025.81159166381,13733.982436119772,707.5792817700267,716.6851341815034,-1.7550405573274475e-12,unvalidated-engineering-priors,fixed independent scenario factor; no N cycle,2021-08-09,2021-09-20,2021-09-20,physiological_maturity,R6_physiological_maturity,2021-06-15,seed_layer_available_water,50.0
21,ag_099_048,fallow,2021,2021-10-06,2021-10-11,615113.668369401,rain_95_available,0.5,1.2967404927621828e-13,0.0,0.0,0.0,1.0,12.77,0.0,0.0,10.816151900000001,0.0,0.0,0.0,0.0,0.0,2.4959816075011467,0.0,0.0,10.816151900000001,0.0,0.0,716.6851341815034,716.1430006740022,-1.1102230246251565e-15,unvalidated-engineering-priors,fixed independent scenario factor; no N cycle,,,,right_censored,BBCH89_full_ripeness,,,
21,ag_099_048,wheat,2022,2021-10-12,2022-06-10,615113.668369401,rain_95_available,0.5,1.0387246618392965e-12,5.002220859751105e-12,0.0,0.0,0.04267140235271844,366.48,150.0,0.0,262.6656151507525,235.11427273376972,54.057869504211446,0.0,14.937359631077797,0.0,55.37621928675856,150.0,0.0,551.8377573887337,8520.376138539543,19751.897257192908,716.1430006740022,610.4716643674298,2.426059353410892e-12,unvalidated-engineering-priors,fixed independent scenario factor; no N cycle,2022-04-10,2022-05-20,2022-05-20,full_ripeness,BBCH89_full_ripeness,2021-10-12,seed_layer_available_water,50.0
21,ag_099_048,fallow,2022,2022-06-11,2022-06-14,615113.668369401,rain_95_available,0.5,1.412203687323199e-13,0.0,0.0,0.0,1.0,1.53,0.0,0.0,6.257659706987084,0.0,0.0,0.0,0.0,0.0,0.25858563066755913,0.0,0.0,6.257659706987084,0.0,0.0,610.4716643674298,605.4854190297748,3.204103649068202e-13,unvalidated-engineering-priors,fixed independent scenario factor; no N cycle,,,,right_censored,BBCH89_full_ripeness,,,
21,ag_099_048,maize,2022,2022-06-15,2022-10-05,615113.668369401,rain_95_available,0.5,9.618972285352356e-13,3.723243935382925e-12,0.0,0.0,0.03354275471250856,469.17,40.0,0.0,22.04035676425253,260.8715512433656,65.37579730141874,0.0,28.542228635997432,0.0,82.33778597532971,40.0,0.0,348.2877053090369,8802.333572475785,17636.076414319996,605.4854190297748,655.4876991094088,1.956879103204301e-12,unvalidated-engineering-priors,fixed independent scenario factor; no N cycle,2022-08-10,2022-09-23,2022-09-23,physiological_maturity,R6_physiological_maturity,2022-06-16,seed_layer_available_water,50.0
21,ag_099_048,fallow,2022,2022-10-06,2022-10-11,615113.668369401,rain_95_available,0.5,1.6964207816272392e-13,0.0,0.0,0.0,1.0,25.27,0.0,0.0,13.6669859,0.0,0.0,0.0,0.0,0.0,0.16413555144010178,0.0,0.0,13.6669859,0.0,0.0,655.4876991094088,666.9265776579688,-5.750955267558311e-14,unvalidated-engineering-priors,fixed independent scenario factor; no N cycle,,,,right_censored,BBCH89_full_ripeness,,,
21,ag_099_048,wheat,2023,2022-10-12,2023-06-10,615113.668369401,rain_95_available,0.75,1.120437076451708e-12,3.623767952376511e-12,0.0,0.0,0.04267140235271844,367.25,225.0,0.0,311.5699913010958,216.29291012641622,47.98494518417334,0.0,19.90962052921256,0.0,19.06707673373879,225.0,0.0,575.8478466116853,7482.622619059282,17156.83665454205,666.9265776579688,644.3520337833337,-1.6089907184380081e-12,unvalidated-engineering-priors,fixed independent scenario factor; no N cycle,2023-04-13,2023-05-23,2023-05-23,full_ripeness,BBCH89_full_ripeness,2022-10-12,seed_layer_available_water,50.0
21,ag_099_048,fallow,2023,2023-06-11,2023-06-14,615113.668369401,rain_95_available,0.75,1.9273471707492718e-13,0.0,0.0,0.0,1.0,5.76,0.0,0.0,13.114899765305584,0.0,0.0,0.0,0.0,0.0,0.2538244732660232,0.0,0.0,13.114899765305584,0.0,0.0,644.3520337833337,636.743309544762,4.618527782440651e-14,unvalidated-engineering-priors,fixed independent scenario factor; no N cycle,,,,right_censored,BBCH89_full_ripeness,,,
21,ag_099_048,maize,2023,2023-06-15,2023-10-05,615113.668369401,rain_95_available,0.75,9.636735853746359e-13,2.0463630789890885e-12,0.0,0.0,0.03354275471250856,647.21,60.0,0.0,18.44166655243759,208.0044741379472,75.16086267070237,0.0,115.99206568273569,0.0,152.1059698167909,60.0,0.0,301.60700336108715,8309.24216683458,16348.416576963411,636.743309544762,774.2482706841436,4.727884750366229e-12,unvalidated-engineering-priors,fixed independent scenario factor; no N cycle,2023-08-09,2023-09-19,2023-09-19,physiological_maturity,R6_physiological_maturity,2023-06-16,seed_layer_available_water,50.0
21,ag_099_048,fallow,2023,2023-10-06,2023-10-11,615113.668369401,rain_95_available,0.75,2.433608869978343e-13,0.0,0.0,0.0,1.0,1.5499999999999998,0.0,0.0,14.1893832,0.0,0.0,0.0,0.0,0.0,12.676134512535846,0.0,0.0,14.1893832,0.0,0.0,774.2482706841436,748.9327529716076,1.5987211554602254e-13,unvalidated-engineering-priors,fixed independent scenario factor; no N cycle,,,,right_censored,BBCH89_full_ripeness,,,
21,ag_099_048,wheat,2024,2023-10-12,2024-06-10,615113.668369401,rain_95_available,0.5,9.734435479913373e-13,3.979039320256561e-12,0.0,0.0,0.04267140235271844,364.35,150.0,0.0,275.9539731254372,227.75394405269242,59.3867770650128,0.0,10.622379613002904,0.0,79.19228512921788,150.0,0.0,563.0946942431425,9040.38165727225,19846.41995415333,748.9327529716076,610.373393986245,-6.651346140529313e-13,unvalidated-engineering-priors,fixed independent scenario factor; no N cycle,2024-04-15,2024-05-25,2024-05-25,full_ripeness,BBCH89_full_ripeness,2023-10-12,seed_layer_available_water,50.0
21,ag_099_048,fallow,2024,2024-06-11,2024-06-14,615113.668369401,rain_95_available,0.5,1.511013536514838e-13,0.0,0.0,0.0,1.0,0.02,0.0,0.0,3.638703755385604,0.0,0.0,0.0,0.0,0.0,0.37195923450660673,0.0,0.0,3.638703755385604,0.0,0.0,610.373393986245,606.3827309963526,1.6042722705833512e-13,unvalidated-engineering-priors,fixed independent scenario factor; no N cycle,,,,right_censored,BBCH89_full_ripeness,,,
21,ag_099_048,maize,2024,2024-06-15,2024-10-05,615113.668369401,rain_95_available,0.5,1.0027534358414414e-12,2.6147972675971687e-12,0.0,0.0,0.03354275471250856,573.12,40.0,0.0,22.52200857007669,197.89702743149417,80.50596152528222,0.0,55.51243528945078,0.0,185.40590883138935,40.0,0.0,300.9249975268531,6954.595901020528,14068.529320133679,606.3827309963526,677.6593893486597,-3.100852907778062e-13,unvalidated-engineering-priors,fixed independent scenario factor; no N cycle,2024-08-09,2024-09-19,2024-09-19,physiological_maturity,R6_physiological_maturity,2024-06-16,seed_layer_available_water,50.0
21,ag_099_048,fallow,2024,2024-10-06,2024-10-11,615113.668369401,rain_95_available,0.5,1.0702549957386509e-13,0.0,0.0,0.0,1.0,8.35,0.0,0.0,15.0938332,0.0,0.0,0.0,0.0,0.0,0.668047020197813,0.0,0.0,15.0938332,0.0,0.0,677.6593893486597,670.2475091284621,-1.6897594434794883e-13,unvalidated-engineering-priors,fixed independent scenario factor; no N cycle,,,,right_censored,BBCH89_full_ripeness,,,
21,ag_099_048,wheat,2025,2024-10-12,2025-06-10,615113.668369401,rain_95_available,0.5,7.300826609935029e-13,4.050093593832571e-12,0.0,0.0,0.04267140235271844,357.48,150.0,0.0,315.59772354333563,289.7852423845745,41.331393252730294,0.0,0.0,0.0,21.617786465350676,150.0,0.0,646.7143591806405,8739.22234868513,20134.742100359028,670.2475091284621,509.3953634824696,1.3740120152760937e-12,unvalidated-engineering-priors,fixed independent scenario factor; no N cycle,2025-04-12,2025-05-22,2025-05-22,full_ripeness,BBCH89_full_ripeness,2024-10-12,seed_layer_available_water,50.0
21,ag_099_048,fallow,2025,2025-06-11,2025-06-14,615113.668369401,rain_95_available,0.5,5.417888360170764e-14,0.0,0.0,0.0,1.0,23.310000000000002,0.0,0.0,9.180149151412563,0.0,0.0,0.0,0.0,0.0,0.0027618963332946716,0.0,0.0,9.180149151412563,0.0,0.0,509.3953634824696,523.5224524347236,1.0036416142611415e-13,unvalidated-engineering-priors,fixed independent scenario factor; no N cycle,,,,right_censored,BBCH89_full_ripeness,,,
21,ag_099_048,maize,2025,2025-06-15,2025-10-05,615113.668369401,rain_95_available,0.5,9.183764859699295e-13,3.609557097661309e-12,0.0,0.0,0.03354275471250856,693.18,40.0,0.0,17.26173965417379,186.81811109758016,119.77126665488338,0.0,50.26943870529862,0.0,92.91642854168236,40.0,0.0,323.85111740663734,7955.3248773701025,16963.15405583073,523.5224524347236,789.6654677811048,5.071498776487715e-13,unvalidated-engineering-priors,fixed independent scenario factor; no N cycle,2025-08-11,2025-09-23,2025-09-23,physiological_maturity,R6_physiological_maturity,2025-06-15,seed_layer_available_water,50.0
21,ag_099_048,fallow,1996,1996-01-01,1996-10-11,615113.668369401,rain_98_available,1.0,3.694822225952521e-13,0.0,0.0,0.0,1.0,1099.6,0.0,0.0,694.2960099457056,0.0,0.0,0.0,146.8012446603033,0.0,153.3883869502053,0.0,0.0,694.2960099457056,0.0,0.0,602.822236268816,707.9365947125993,2.495115225542577e-12,unvalidated-engineering-priors,fixed independent scenario factor; no N cycle,,,,right_censored,BBCH89_full_ripeness,,,
21,ag_099_048,wheat,1997,1996-10-12,1997-06-10,615113.668369401,rain_98_available,1.0,1.043165553937797e-12,3.325340003357269e-12,0.0,0.0,0.04267140235271844,591.17,300.0,0.0,315.02850550672514,181.66176290753234,52.19691746461677,0.0,143.02189744512384,0.0,236.63560259838323,300.0,0.0,548.8871858788742,7264.035736404304,16916.989576426815,707.9365947125993,670.5619087902198,-1.7990053891026037e-12,unvalidated-engineering-priors,fixed independent scenario factor; no N cycle,1997-04-19,1997-05-28,1997-05-28,full_ripeness,BBCH89_full_ripeness,1996-10-12,seed_layer_available_water,50.0
21,ag_099_048,fallow,1997,1997-06-11,1997-06-14,615113.668369401,rain_98_available,1.0,1.425526363618701e-13,0.0,0.0,0.0,1.0,0.32,0.0,0.0,10.940007124636717,0.0,0.0,0.0,0.0,0.0,1.4996579689394398,0.0,0.0,10.940007124636717,0.0,0.0,670.5619087902198,658.4422436966436,1.0302869668521453e-13,unvalidated-engineering-priors,fixed independent scenario factor; no N cycle,,,,right_censored,BBCH89_full_ripeness,,,
21,ag_099_048,maize,1997,1997-06-15,1997-10-05,615113.668369401,rain_98_available,1.0,9.57900425646585e-13,3.581135388230905e-12,0.0,0.0,0.03354275471250856,422.09,80.0,0.0,19.42870542265526,237.1800392056015,78.63951100374811,0.0,88.03040223491239,0.0,148.76845657904408,80.0,0.0,335.2482556320048,9448.769479139197,18068.52358649676,658.4422436966436,588.4851292506843,-2.0407009415635002e-12,unvalidated-engineering-priors,fixed independent scenario factor; no N cycle,1997-08-10,1997-09-24,1997-09-24,physiological_maturity,R6_physiological_maturity,1997-06-16,seed_layer_available_water,50.0
21,ag_099_048,fallow,1997,1997-10-06,1997-10-11,615113.668369401,rain_98_available,1.0,1.8429702208777599e-13,0.0,0.0,0.0,1.0,0.26,0.0,0.0,15.171406698819915,0.0,0.0,0.0,0.0,0.0,0.08174230577570121,0.0,0.0,15.171406698819915,0.0,0.0,588.4851292506843,573.4919802460886,7.638334409421077e-14,unvalidated-engineering-priors,fixed independent scenario factor; no N cycle,,,,right_censored,BBCH89_full_ripeness,,,
21,ag_099_048,wheat,1998,1997-10-12,1998-06-10,615113.668369401,rain_98_available,1.0,1.0293987884324451e-12,3.0269120543380268e-12,0.0,0.0,0.04267140235271844,785.3,300.0,0.0,327.52449699876706,154.7343139754499,72.7809004066349,0.0,207.4467999900387,0.0,168.77506817478888,300.0,0.0,555.0397113808518,6662.46919396096,15842.82356631238,573.4919802460886,727.5304007004133,-4.1698866581896255e-12,unvalidated-engineering-priors,fixed independent scenario factor; no N cycle,1998-04-21,1998-05-31,1998-05-31,full_ripeness,BBCH89_full_ripeness,1997-10-13,seed_layer_available_water,50.0
21,ag_099_048,fallow,1998,1998-06-11,1998-06-14,615113.668369401,rain_98_available,1.0,1.092459456231154e-13,0.0,0.0,0.0,1.0,8.49,0.0,0.0,14.93548305976323,0.0,0.0,0.0,0.0,0.0,6.27404576980172,0.0,0.0,14.93548305976323,0.0,0.0,727.5304007004133,714.8108718708484,2.930988785010413e-14,unvalidated-engineering-priors,fixed independent scenario factor; no N cycle,,,,right_censored,BBCH89_full_ripeness,,,
21,ag_099_048,maize,1998,1998-06-15,1998-10-05,615113.668369401,rain_98_available,1.0,1.050270981295398e-12,2.1316282072803006e-12,0.0,0.0,0.03354275471250856,687.6899999999999,80.0,0.0,19.964422043069067,180.89086330601364,103.78469626066342,0.0,153.01385458012604,0.0,361.65701354630636,80.0,0.0,304.63998160974614,7934.619023477663,14977.769103191646,714.8108718708484,663.1900221346713,-1.4150902671872245e-12,unvalidated-engineering-priors,fixed independent scenario factor; no N cycle,1998-08-08,1998-09-18,1998-09-18,physiological_maturity,R6_physiological_maturity,1998-06-15,seed_layer_available_water,50.0
21,ag_099_048,fallow,1998,1998-10-06,1998-10-11,615113.668369401,rain_98_available,1.0,1.0969003483296547e-13,0.0,0.0,0.0,1.0,0.81,0.0,0.0,15.526530621616919,0.0,0.0,0.0,0.0,0.0,0.8254678558596179,0.0,0.0,15.526530621616919,0.0,0.0,663.1900221346713,647.6480236571948,-8.304468224196171e-14,unvalidated-engineering-priors,fixed independent scenario factor; no N cycle,,,,right_censored,BBCH89_full_ripeness,,,
21,ag_099_048,wheat,1999,1998-10-12,1999-06-10,615113.668369401,rain_98_available,1.0,1.1866063687193673e-12,4.661160346586257e-12,0.0,0.0,0.04267140235271844,338.57,300.0,0.0,251.7780948073041,188.49256955975002,63.91839274550223,0.0,96.1883987416665,0.0,30.447843373293946,300.0,0.0,504.1890571125563,7316.932441481074,17103.317190313923,647.6480236571948,655.3927244296755,2.569666701646156e-12,unvalidated-engineering-priors,fixed independent scenario factor; no N cycle,1999-04-15,1999-05-24,1999-05-24,full_ripeness,BBCH89_full_ripeness,1998-10-12,seed_layer_available_water,50.0
21,ag_099_048,fallow,1999,1999-06-11,1999-06-14,615113.668369401,rain_98_available,1.0,1.163513729807164e-13,0.0,0.0,0.0,1.0,3.82,0.0,0.0,6.216539062240807,0.0,0.0,0.0,0.0,0.0,1.0978507918150229,0.0,0.0,6.216539062240807,0.0,0.0,655.3927244296755,651.8983345756195,1.234568003383174e-13,unvalidated-engineering-priors,fixed independent scenario factor; no N cycle,,,,right_censored,BBCH89_full_ripeness,,,
21,ag_099_048,maize,1999,1999-06-15,1999-10-05,615113.668369401,rain_98_available,1.0,1.0178524689763435e-12,3.069544618483633e-12,0.0,0.0,0.03354275471250856,330.17,80.0,0.0,20.57756486861721,213.92533167868476,72.76215944683794,0.0,17.855097869440396,0.0,91.96047949000857,80.0,0.0,307.2650559941399,7756.777110671324,15592.0983129282,651.8983345756195,644.9877012220339,-3.2772673463909996e-12,unvalidated-engineering-priors,fixed independent scenario factor; no N cycle,1999-08-12,1999-09-25,1999-09-25,physiological_maturity,R6_physiological_maturity,1999-06-16,seed_layer_available_water,50.0
21,ag_099_048,fallow,1999,1999-10-06,1999-10-11,615113.668369401,rain_98_available,1.0,1.780797731498751e-13,0.0,0.0,0.0,1.0,7.02,0.0,0.0,13.503175500000001,0.0,0.0,0.0,0.0,0.0,0.09209503768292696,0.0,0.0,13.503175500000001,0.0,0.0,644.9877012220339,638.4124306843512,-1.8895995879120164e-13,unvalidated-engineering-priors,fixed independent scenario factor; no N cycle,,,,right_censored,BBCH89_full_ripeness,,,
21,ag_099_048,wheat,2000,1999-10-12,2000-06-10,615113.668369401,rain_98_available,1.0,7.540634783254063e-13,4.774847184307873e-12,0.0,0.0,0.04267140235271844,426.53,300.0,0.0,298.8455293301294,279.6431673712173,41.34878874129118,0.0,90.00554568017155,0.0,39.430071384345815,300.0,0.0,619.8374854426379,9461.849516730557,21176.000821197063,638.4124306843512,615.6693281771973,-1.2819745265346683e-12,unvalidated-engineering-priors,fixed independent scenario factor; no N cycle,2000-04-17,2000-05-25,2000-05-25,full_ripeness,BBCH89_full_ripeness,1999-10-12,seed_layer_available_water,50.0
21,ag_099_048,fallow,2000,2000-06-11,2000-06-14,615113.668369401,rain_98_available,1.0,1.5365486660812167e-13,0.0,0.0,0.0,1.0,0.72,0.0,0.0,13.333248178548551,0.0,0.0,0.0,0.0,0.0,0.052224967475839275,0.0,0.0,13.333248178548551,0.0,0.0,615.6693281771973,603.003855031173,-1.0746958878371515e-13,unvalidated-engineering-priors,fixed independent scenario factor; no N cycle,,,,right_censored,BBCH89_full_ripeness,,,
21,ag_099_048,maize,2000,2000-06-15,2000-10-05,615113.668369401,rain_98_available,1.0,6.501466032204917e-13,2.2737367544323206e-12,0.0,0.0,0.03354275471250856,766.89,80.0,0.0,21.780897370676744,127.76821070726626,89.54374639312569,0.0,121.17419004220694,0.0,310.8773687286422,80.0,0.0,239.0928544710687,6647.811110424284,12541.97186563045,603.003855031173,778.7494417892565,-1.3576362256628727e-12,unvalidated-engineering-priors,fixed independent scenario factor; no N cycle,2000-08-09,2000-09-20,2000-09-20,physiological_maturity,R6_physiological_maturity,2000-06-16,seed_layer_available_water,50.0
21,ag_099_048,fallow,2000,2000-10-06,2000-10-11,615113.668369401,rain_98_available,1.0,2.282618538629322e-13,0.0,0.0,0.0,1.0,13.17,0.0,0.0,15.577848399999997,0.0,0.0,0.0,0.0,0.0,15.782765045232672,0.0,0.0,15.577848399999997,0.0,0.0,778.7494417892565,760.5588283440242,-3.552713678800501e-13,unvalidated-engineering-priors,fixed independent scenario factor; no N cycle,,,,right_censored,BBCH89_full_ripeness,,,
21,ag_099_048,wheat,2001,2000-10-12,2001-06-10,615113.668369401,rain_98_available,1.0,1.1226575225009583e-12,3.424815986363683e-12,0.0,0.0,0.04267140235271844,416.41,300.0,0.0,322.4741551206344,186.81720240230862,42.48609486327278,0.0,97.1396248599779,0.0,189.71851073447814,300.0,0.0,551.7774523862158,7384.633013822576,16585.54342835782,760.5588283440242,638.3332403633582,-5.8539839642435254e-12,unvalidated-engineering-priors,fixed independent scenario factor; no N cycle,2001-04-17,2001-05-27,2001-05-27,full_ripeness,BBCH89_full_ripeness,2000-10-12,seed_layer_available_water,50.0
21,ag_099_048,fallow,2001,2001-06-11,2001-06-14,615113.668369401,rain_98_available,1.0,2.504663143554353e-13,0.0,0.0,0.0,1.0,5.64,0.0,0.0,16.830098846892827,0.0,0.0,0.0,0.0,0.0,0.3618766947376304,0.0,0.0,16.830098846892827,0.0,0.0,638.3332403633582,626.781264821728,-2.4646951146678475e-13,unvalidated-engineering-priors,fixed independent scenario factor; no N cycle,,,,right_censored,BBCH89_full_ripeness,,,
21,ag_099_048,maize,2001,2001-06-15,2001-10-05,615113.668369401,rain_98_available,1.0,8.739675649849232e-13,5.5138116294983774e-12,0.0,0.0,0.03354275471250856,210.65,80.0,0.0,18.593995178851607,298.50250857978926,75.69406402867953,0.0,18.202718696251715,0.0,25.876031196987462,80.0,0.0,392.7905677873204,9675.17944968492,19132.497114950544,626.781264821728,480.56194714116907,-6.893374759897597e-13,unvalidated-engineering-priors,fixed independent scenario factor; no N cycle,2001-08-10,2001-09-20,2001-09-20,physiological_maturity,R6_physiological_maturity,2001-06-15,seed_layer_available_water,50.0
21,ag_099_048,fallow,2001,2001-10-06,2001-10-11,615113.668369401,rain_98_available,1.0,6.128431095930864e-14,0.0,0.0,0.0,1.0,5.3,0.0,0.0,11.663041038051913,0.0,0.0,0.0,0.0,0.0,0.006090884496046029,0.0,0.0,11.663041038051913,0.0,0.0,480.56194714116907,474.19281521862115,-3.7969627442180354e-14,unvalidated-engineering-priors,fixed independent scenario factor; no N cycle,,,,right_censored,BBCH89_full_ripeness,,,
21,ag_099_048,wheat,2002,2001-10-12,2002-06-10,615113.668369401,rain_98_available,1.0,1.1750600492632657e-12,4.064304448547773e-12,0.0,0.0,0.04267140235271844,554.61,300.0,0.0,264.5088233396252,165.68060960219555,73.49027328599493,0.0,120.28843826777161,0.0,17.77428033417641,300.0,0.0,503.6797062278157,6753.869382203891,16807.32511544337,474.19281521862115,687.0603903888546,2.8573809984777654e-12,unvalidated-engineering-priors,fixed independent scenario factor; no N cycle,2002-04-10,2002-05-24,2002-05-24,full_ripeness,BBCH89_full_ripeness,2001-10-13,seed_layer_available_water,50.0
21,ag_099_048,fallow,2002,2002-06-11,2002-06-14,615113.668369401,rain_98_available,1.0,1.5187850976872141e-13,0.0,0.0,0.0,1.0,0.0,0.0,0.0,18.3171144868272,0.0,0.0,0.0,0.0,0.0,1.8770082984262393,0.0,0.0,18.3171144868272,0.0,0.0,687.0603903888546,666.8662676036012,-4.263256414560601e-14,unvalidated-engineering-priors,fixed independent scenario factor; no N cycle,,,,right_censored,BBCH89_full_ripeness,,,
21,ag_099_048,maize,2002,2002-06-15,2002-10-05,615113.668369401,rain_98_available,1.0,9.9298347322474e-13,2.6147972675971687e-12,0.0,0.0,0.03354275471250856,680.97,80.0,0.0,19.20152373407502,197.67668030947922,82.39202692541512,0.0,256.5880728881046,0.0,207.17507559864853,80.0,0.0,299.2702309689694,8830.787699863231,16368.208662896202,666.8662676036012,664.8028881478741,4.597433544972773e-12,unvalidated-engineering-priors,fixed independent scenario factor; no N cycle,2002-08-11,2002-09-26,2002-09-26,physiological_maturity,R6_physiological_maturity,2002-06-16,seed_layer_available_water,50.0
21,ag_099_048,fallow,2002,2002-10-06,2002-10-11,615113.668369401,rain_98_available,1.0,1.0480505352461478e-13,0.0,0.0,0.0,1.0,0.0,0.0,0.0,18.447012373042497,0.0,0.0,0.0,0.0,0.0,0.7414436563010421,0.0,0.0,18.447012373042497,0.0,0.0,664.8028881478741,645.6144321185308,-1.9539925233402755e-13,unvalidated-engineering-priors,fixed independent scenario factor; no N cycle,,,,right_censored,BBCH89_full_ripeness,,,
21,ag_099_048,wheat,2003,2002-10-12,2003-06-10,615113.668369401,rain_98_available,1.0,8.246736626915663e-13,2.682298827494378e-12,0.0,0.0,0.04267140235271844,514.5,300.0,0.0,275.2834428209924,155.20828208448688,69.45667992680514,0.0,129.75506385556625,0.0,161.22301029141187,300.0,0.0,499.94840483228444,6620.238788896963,15558.871869877628,645.6144321185308,669.1879531392653,2.8750335445693054e-12,unvalidated-engineering-priors,fixed independent scenario factor; no N cycle,2003-04-22,2003-05-30,2003-05-30,full_ripeness,BBCH89_full_ripeness,2002-10-12,seed_layer_available_water,50.0
21,ag_099_048,fallow,2003,2003-06-11,2003-06-14,615113.668369401,rain_98_available,1.0,3.0020430585864233e-13,0.0,0.0,0.0,1.0,11.120000000000001,0.0,0.0,14.570167090085937,0.0,0.0,0.0,0.0,0.0,2.012820339201242,0.0,0.0,14.570167090085937,0.0,0.0,669.1879531392653,663.7249657099783,-1.0880185641326534e-13,unvalidated-engineering-priors,fixed independent scenario factor; no N cycle,,,,right_censored,BBCH89_full_ripeness,,,
21,ag_099_048,maize,2003,2003-06-15,2003-10-05,615113.668369401,rain_98_available,1.0,9.912071163853398e-13,2.2950530365051236e-12,0.0,0.0,0.03354275471250856,978.8199999999999,80.0,0.0,19.982020241565973,109.88310925842633,84.10380697266235,0.0,239.78976818552005,0.0,491.09627640108073,80.0,0.0,213.96893647265466,6251.964223063703,11566.616666239617,663.7249657099783,777.6899846507257,-2.8606006452491783e-12,unvalidated-engineering-priors,fixed independent scenario factor; no N cycle,2003-08-12,2003-09-28,2003-09-28,physiological_maturity,R6_physiological_maturity,2003-06-16,seed_layer_available_water,50.0
21,ag_099_048,fallow,2003,2003-10-06,2003-10-11,615113.668369401,rain_98_available,1.0,2.0605739337042905e-13,0.0,0.0,0.0,1.0,75.24,0.0,0.0,11.526430600000001,0.0,0.0,0.0,28.35550475006265,0.0,10.945677404018868,0.0,0.0,11.526430600000001,0.0,0.0,777.6899846507257,802.1023718966441,1.2878587085651816e-13,unvalidated-engineering-priors,fixed independent scenario factor; no N cycle,,,,right_censored,BBCH89_full_ripeness,,,
21,ag_099_048,wheat,2004,2003-10-12,2004-06-10,615113.668369401,rain_98_available,0.75,8.29558643999917e-13,7.02016222930979e-12,0.0,0.0,0.04267140235271844,406.76,225.0,0.0,333.3029341266198,228.40830944902348,57.38335608928783,0.0,55.131837971843005,0.0,115.57427304110075,225.0,0.0,619.0945996649311,8456.627728547359,19660.69898191355,802.1023718966441,644.0616612187696,-4.1455727739503345e-13,unvalidated-engineering-priors,fixed independent scenario factor; no N cycle,2004-04-12,2004-05-21,2004-05-21,full_ripeness,BBCH89_full_ripeness,2003-10-12,seed_layer_available_water,50.0
21,ag_099_048,fallow,2004,2004-06-11,2004-06-14,615113.668369401,rain_98_available,0.75,1.9184653865522705e-13,0.0,0.0,0.0,1.0,43.69,0.0,0.0,9.231557029094951,0.0,0.0,0.0,0.0,0.0,0.32839378481972076,0.0,0.0,9.231557029094951,0.0,0.0,644.0616612187696,678.1917104048546,3.375077994860476e-13,unvalidated-engineering-priors,fixed independent scenario factor; no N cycle,,,,right_censored,BBCH89_full_ripeness,,,
21,ag_099_048,maize,2004,2004-06-15,2004-10-05,615113.668369401,rain_98_available,0.75,9.841016890277388e-13,4.945377440890297e-12,0.0,0.0,0.03354275471250856,608.57,60.0,0.0,15.851032183562364,205.111436617284,108.37865604203475,0.0,155.07589629607094,0.0,166.66977845087058,60.0,0.0,329.34112484288113,9731.761079958811,18492.521633130567,678.1917104048546,695.6749108150335,-1.5750178938844783e-12,unvalidated-engineering-priors,fixed independent scenario factor; no N cycle,2004-08-10,2004-09-25,2004-09-25,physiological_maturity,R6_physiological_maturity,2004-06-15,seed_layer_available_water,50.0
21,ag_099_048,fallow,2004,2004-10-06,2004-10-11,615113.668369401,rain_98_available,0.75,1.5365486660812167e-13,0.0,0.0,0.0,1.0,0.01,0.0,0.0,17.67632070273399,0.0,0.0,0.0,0.0,0.0,1.4846358510240998,0.0,0.0,17.67632070273399,0.0,0.0,695.6749108150335,676.5239542612758,-3.5216274341109965e-13,unvalidated-engineering-priors,fixed independent scenario factor; no N cycle,,,,right_censored,BBCH89_full_ripeness,,,
21,ag_099_048,wheat,2005,2004-10-12,2005-06-10,615113.668369401,rain_98_available,0.75,1.1590728377086634e-12,4.547473508864641e-12,0.0,0.0,0.04267140235271844,395.83,225.0,0.0,227.5929794298969,241.2527385161938,76.30503075563969,0.0,18.83686916393637,0.0,32.411550172762425,225.0,0.0,545.1507487017304,8933.915059019366,21374.327163907437,676.5239542612758,700.9547862228427,3.875955112420115e-12,unvalidated-engineering-priors,fixed independent scenario factor; no N cycle,2005-04-24,2005-05-31,2005-05-31,full_ripeness,BBCH89_full_ripeness,2004-10-12,seed_layer_available_water,50.0
21,ag_099_048,fallow,2005,2005-06-11,2005-06-14,615113.668369401,rain_98_available,0.75,3.6060043839825084e-13,0.0,0.0,0.0,1.0,0.0,0.0,0.0,23.675897325090908,0.0,0.0,0.0,0.0,0.0,0.689578037136644,0.0,0.0,23.675897325090908,0.0,0.0,700.9547862228427,676.5893108606145,6.021849685566849e-13,unvalidated-engineering-priors,fixed independent scenario factor; no N cycle,,,,right_censored,BBCH89_full_ripeness,,,
21,ag_099_048,maize,2005,2005-06-15,2005-10-05,615113.668369401,rain_98_available,0.75,1.0533796057643485e-12,2.3021584638627246e-12,0.0,0.0,0.03354275471250856,912.67,60.0,0.0,18.152366589452672,142.4354750639451,116.28076641370713,0.0,236.283177563786,0.0,355.19611780529544,60.0,0.0,276.8686080671049,7056.084174546857,14642.512560582996,676.5893108606145,780.9114074244286,-3.8768988019910466e-13,unvalidated-engineering-priors,fixed independent scenario factor; no N cycle,2005-08-08,2005-09-22,2005-09-22,physiological_maturity,R6_physiological_maturity,2005-06-15,seed_layer_available_water,50.0
21,ag_099_048,fallow,2005,2005-10-06,2005-10-11,615113.668369401,rain_98_available,0.75,1.8829382497642655e-13,0.0,0.0,0.0,1.0,3.69,0.0,0.0,18.520511699999993,0.0,0.0,0.0,0.0,0.0,16.576157950463084,0.0,0.0,18.520511699999993,0.0,0.0,780.9114074244286,749.5047377739651,4.4986236957811343e-13,unvalidated-engineering-priors,fixed independent scenario factor; no N cycle,,,,right_censored,BBCH89_full_ripeness,,,
21,ag_099_048,wheat,2006,2005-10-12,2006-06-10,615113.668369401,rain_98_available,0.75,9.832135106080386e-13,4.590106073010247e-12,0.0,0.0,0.04267140235271844,273.54,225.0,0.0,244.95138867749148,256.55571035504147,55.246872976427866,0.0,21.2920903927483,0.0,76.03447153061506,225.0,0.0,556.7539720089608,9152.90558602388,21477.041003265374,749.5047377739651,593.9642038416413,-3.991251773527438e-13,unvalidated-engineering-priors,fixed independent scenario factor; no N cycle,2006-04-18,2006-05-27,2006-05-27,full_ripeness,BBCH89_full_ripeness,2005-10-12,seed_layer_available_water,50.0
21,ag_099_048,fallow,2006,2006-06-11,2006-06-14,615113.668369401,rain_98_available,0.75,1.674216321134736e-13,0.0,0.0,0.0,1.0,5.6899999999999995,0.0,0.0,6.42710401127532,0.0,0.0,0.0,0.0,0.0,0.13559516154407103,0.0,0.0,6.42710401127532,0.0,0.0,593.9642038416413,593.0915046688218,7.505107646466058e-14,unvalidated-engineering-priors,fixed independent scenario factor; no N cycle,,,,right_censored,BBCH89_full_ripeness,,,
21,ag_099_048,maize,2006,2006-06-15,2006-10-05,615113.668369401,rain_98_available,0.75,1.085354028873553e-12,2.6147972675971687e-12,0.0,0.0,0.03354275471250856,471.99,60.0,0.0,22.504820497720576,154.97515144392904,98.062871994266,0.0,10.77949188251574,0.0,138.22252379228567,60.0,0.0,275.54284393591564,7392.852077321493,14886.729780791833,593.0915046688218,700.5366450581125,-7.75324249246978e-12,unvalidated-engineering-priors,fixed independent scenario factor; no N cycle,2006-08-09,2006-09-23,2006-09-23,physiological_maturity,R6_physiological_maturity,2006-06-16,seed_layer_available_water,50.0
21,ag_099_048,fallow,2006,2006-10-06,2006-10-11,615113.668369401,rain_98_available,0.75,1.5498713423767185e-13,0.0,0.0,0.0,1.0,0.36,0.0,0.0,18.890976687701066,0.0,0.0,0.0,0.0,0.0,1.3835293437020662,0.0,0.0,18.890976687701066,0.0,0.0,700.5366450581125,680.6221390267091,3.1663560662309465e-13,unvalidated-engineering-priors,fixed independent scenario factor; no N cycle,,,,right_censored,BBCH89_full_ripeness,,,
21,ag_099_048,wheat,2007,2006-10-12,2007-06-10,615113.668369401,rain_98_available,1.0,1.007194327939942e-12,7.077005648170598e-12,0.0,0.0,0.04267140235271844,345.03000000000003,300.0,0.0,301.5339684982606,229.70677482302827,59.40668626177186,0.0,87.32656396759684,0.0,37.4404000893911,300.0,0.0,590.6474295830608,8940.485204491768,20101.524160922607,680.6221390267091,610.2377453866554,4.958589094883337e-12,unvalidated-engineering-priors,fixed independent scenario factor; no N cycle,2007-04-15,2007-05-25,2007-05-25,full_ripeness,BBCH89_full_ripeness,2006-10-12,seed_layer_available_water,50.0
21,ag_099_048,fallow,2007,2007-06-11,2007-06-14,615113.668369401,rain_98_available,1.0,1.4654943925052066e-13,0.0,0.0,0.0,1.0,0.02,0.0,0.0,5.76826532479498,0.0,0.0,0.0,0.0,0.0,0.1866706305315729,0.0,0.0,5.76826532479498,0.0,0.0,610.2377453866554,604.3028094313291,-2.569056078982612e-13,unvalidated-engineering-priors,fixed independent scenario factor; no N cycle,,,,right_censored,BBCH89_full_ripeness,,,
21,ag_099_048,maize,2007,2007-06-15,2007-10-05,615113.668369401,rain_98_available,1.0,9.912071163853398e-13,2.5863755581667647e-12,0.0,0.0,0.03354275471250856,799.02,80.0,0.0,21.03982010053811,145.5248332287755,84.94003990440103,0.0,144.29129841282176,0.0,386.80972140209053,80.0,0.0,251.50469323371462,6832.279492257003,13350.51898714491,604.3028094313291,700.7170963827023,-6.161737786669619e-14,unvalidated-engineering-priors,fixed independent scenario factor; no N cycle,2007-08-11,2007-09-23,2007-09-23,physiological_maturity,R6_physiological_maturity,2007-06-16,seed_layer_available_water,50.0
21,ag_099_048,fallow,2007,2007-10-06,2007-10-11,615113.668369401,rain_98_available,1.0,1.616484723854228e-13,0.0,0.0,0.0,1.0,0.03,0.0,0.0,20.170311071665743,0.0,0.0,0.0,0.0,0.0,1.8200683332743308,0.0,0.0,20.170311071665743,0.0,0.0,700.7170963827023,678.7567169777623,-7.283063041541027e-14,unvalidated-engineering-priors,fixed independent scenario factor; no N cycle,,,,right_censored,BBCH89_full_ripeness,,,
21,ag_099_048,wheat,2008,2007-10-12,2008-06-10,615113.668369401,rain_98_available,0.75,9.761080832504376e-13,5.002220859751105e-12,0.0,0.0,0.04267140235271844,430.25,225.0,0.0,255.78059886239117,255.6998043621684,58.71741157248704,0.0,57.906264669874815,0.0,48.53329542255582,225.0,0.0,570.1978147970466,10193.442825804197,22658.410642576782,678.7567169777623,657.3693420882829,2.1119772597444353e-12,unvalidated-engineering-priors,fixed independent scenario factor; no N cycle,2008-04-18,2008-05-28,2008-05-28,full_ripeness,BBCH89_full_ripeness,2007-10-12,seed_layer_available_water,50.0
21,ag_099_048,fallow,2008,2008-06-11,2008-06-14,615113.668369401,rain_98_available,0.75,1.7696955012524995e-13,0.0,0.0,0.0,1.0,1.51,0.0,0.0,7.416259928943516,0.0,0.0,0.0,0.0,0.0,1.006451466509787,0.0,0.0,7.416259928943516,0.0,0.0,657.3693420882829,650.4566306928297,-5.995204332975845e-14,unvalidated-engineering-priors,fixed independent scenario factor; no N cycle,,,,right_censored,BBCH89_full_ripeness,,,
21,ag_099_048,maize,2008,2008-06-15,2008-10-05,615113.668369401,rain_98_available,0.75,1.2012613126444194e-12,2.5579538487363607e-12,0.0,0.0,0.03354275471250856,617.89,60.0,0.0,17.795403881690845,154.5921189187914,89.59742789509868,0.0,56.1896686130195,0.0,280.7825099119623,60.0,0.0,261.98495069558095,7792.733874223705,14671.14858141625,650.4566306928297,729.3895014722667,2.544631172440859e-13,unvalidated-engineering-priors,fixed independent scenario factor; no N cycle,2008-08-10,2008-09-22,2008-09-22,physiological_maturity,R6_physiological_maturity,2008-06-16,seed_layer_available_water,50.0
21,ag_099_048,fallow,2008,2008-10-06,2008-10-11,615113.668369401,rain_98_available,0.75,3.503863865716994e-13,0.0,0.0,0.0,1.0,0.21000000000000002,0.0,0.0,14.821354499999998,0.0,0.0,0.0,0.0,0.0,3.652575073198587,0.0,0.0,14.821354499999998,0.0,0.0,729.3895014722667,711.1255718990681,6.750155989720952e-14,unvalidated-engineering-priors,fixed independent scenario factor; no N cycle,,,,right_censored,BBCH89_full_ripeness,,,
21,ag_099_048,wheat,2009,2008-10-12,2009-06-10,615113.668369401,rain_98_available,0.75,1.3384848784880887e-12,3.1086244689504383e-12,0.0,0.0,0.04267140235271844,321.76,225.0,0.0,292.3051280116957,217.2737865637777,55.88013272027098,0.0,6.173421408577479,0.0,48.17571614689071,225.0,0.0,565.4590472957443,8203.026873317294,18476.305637331985,711.1255718990681,638.0773870478606,-5.064837438339964e-12,unvalidated-engineering-priors,fixed independent scenario factor; no N cycle,2009-04-15,2009-05-24,2009-05-24,full_ripeness,BBCH89_full_ripeness,2008-10-12,seed_layer_available_water,50.0
21,ag_099_048,fallow,2009,2009-06-11,2009-06-14,615113.668369401,rain_98_available,0.75,2.6423307986078726e-13,0.0,0.0,0.0,1.0,0.5700000000000001,0.0,0.0,10.816078740840709,0.0,0.0,0.0,0.0,0.0,0.3033222671938595,0.0,0.0,10.816078740840709,0.0,0.0,638.0773870478606,627.5279860398261,-1.0258460747536446e-13,unvalidated-engineering-priors,fixed independent scenario factor; no N cycle,,,,right_censored,BBCH89_full_ripeness,,,
21,ag_099_048,maize,2009,2009-06-15,2009-10-05,615113.668369401,rain_98_available,0.75,1.3073986337985843e-12,2.8421709430404007e-12,0.0,0.0,0.03354275471250856,397.37,60.0,0.0,18.099961364464885,199.6755279782305,81.59399878531023,0.0,2.582225685469842,0.0,69.92804165518949,60.0,0.0,299.3694881280056,8007.168598202941,15822.396818454872,627.5279860398261,713.0182305711614,-2.404743071338089e-13,unvalidated-engineering-priors,fixed independent scenario factor; no N cycle,2009-08-10,2009-09-25,2009-09-25,physiological_maturity,R6_physiological_maturity,2009-06-16,seed_layer_available_water,50.0
21,ag_099_048,fallow,2009,2009-10-06,2009-10-11,615113.668369401,rain_98_available,0.75,1.0391687510491465e-13,0.0,0.0,0.0,1.0,1.85,0.0,0.0,17.154950999999997,0.0,0.0,0.0,0.0,0.0,2.305303961508438,0.0,0.0,17.154950999999997,0.0,0.0,713.0182305711614,695.407975609653,-1.9984014443252818e-14,unvalidated-engineering-priors,fixed independent scenario factor; no N cycle,,,,right_censored,BBCH89_full_ripeness,,,
21,ag_099_048,wheat,2010,2009-10-12,2010-06-10,615113.668369401,rain_98_available,1.0,9.188205751797796e-13,5.002220859751105e-12,0.0,0.0,0.04267140235271844,438.37,300.0,0.0,283.0926581113291,209.87192972610475,65.9825800739753,0.0,94.98339324261818,0.0,66.76371140899246,300.0,0.0,558.9471679114092,8163.184041853969,18993.429565992425,695.407975609653,713.0837030466396,-6.398104268612315e-12,unvalidated-engineering-priors,fixed independent scenario factor; no N cycle,2010-04-29,2010-06-06,2010-06-06,full_ripeness,BBCH89_full_ripeness,2009-10-12,seed_layer_available_water,50.0
21,ag_099_048,fallow,2010,2010-06-11,2010-06-14,615113.668369401,rain_98_available,1.0,2.3359092438113294e-13,0.0,0.0,0.0,1.0,0.09,0.0,0.0,20.16286405988994,0.0,0.0,0.0,0.0,0.0,0.9948015656880123,0.0,0.0,20.16286405988994,0.0,0.0,713.0837030466396,692.0160374210619,-2.9398705692074145e-13,unvalidated-engineering-priors,fixed independent scenario factor; no N cycle,,,,right_censored,BBCH89_full_ripeness,,,
21,ag_099_048,maize,2010,2010-06-15,2010-10-05,615113.668369401,rain_98_available,1.0,1.0320633236915455e-12,3.751665644813329e-12,0.0,0.0,0.03354275471250856,445.4,80.0,0.0,18.522177841720126,175.1197983990477,111.01161608741664,0.0,39.916122792048775,0.0,154.6067347977505,80.0,0.0,304.65359232818446,7601.219191462543,15577.854411159233,692.0160374210619,718.2395875030758,2.3919755065548998e-12,unvalidated-engineering-priors,fixed independent scenario factor; no N cycle,2010-08-08,2010-09-20,2010-09-20,physiological_maturity,R6_physiological_maturity,2010-06-15,seed_layer_available_water,50.0
21,ag_099_048,fallow,2010,2010-10-06,2010-10-11,615113.668369401,rain_98_available,1.0,2.1183055309847987e-13,0.0,0.0,0.0,1.0,0.6,0.0,0.0,20.708882564223785,0.0,0.0,0.0,0.0,0.0,2.701922429044143,0.0,0.0,20.708882564223785,0.0,0.0,718.2395875030758,695.4287825098081,-2.744471316873387e-13,unvalidated-engineering-priors,fixed independent scenario factor; no N cycle,,,,right_censored,BBCH89_full_ripeness,,,
21,ag_099_048,wheat,2011,2010-10-12,2011-06-10,615113.668369401,rain_98_available,1.0,9.192646643896296e-13,4.064304448547773e-12,0.0,0.0,0.04267140235271844,152.6,300.0,0.0,223.70358218707105,306.1397276988282,32.21307608574654,0.0,30.071383908706792,0.0,42.95325407771044,300.0,0.0,562.0563859716458,8859.765382452311,20273.704549291684,695.4287825098081,512.9477585517475,-2.3979707108878756e-12,unvalidated-engineering-priors,fixed independent scenario factor; no N cycle,2011-04-19,2011-05-30,2011-05-30,full_ripeness,BBCH89_full_ripeness,2010-10-12,seed_layer_available_water,50.0
21,ag_099_048,fallow,2011,2011-06-11,2011-06-14,615113.668369401,rain_98_available,1.0,6.750155989720952e-14,0.0,0.0,0.0,1.0,21.4,0.0,0.0,7.534491242492641,0.0,0.0,0.0,0.0,0.0,0.004243150766302305,0.0,0.0,7.534491242492641,0.0,0.0,512.9477585517475,526.8090241584886,-2.930988785010413e-14,unvalidated-engineering-priors,fixed independent scenario factor; no N cycle,,,,right_censored,BBCH89_full_ripeness,,,
21,ag_099_048,maize,2011,2011-06-15,2011-10-05,615113.668369401,rain_98_available,1.0,1.2283507544452732e-12,3.439026841078885e-12,0.0,0.0,0.03354275471250856,406.55,80.0,0.0,18.96003957441211,169.20672769344574,96.16786306163365,0.0,1.6748655939256185,0.0,30.852680856589675,80.0,0.0,284.3346303294915,7493.64192890605,14965.240973297143,526.8090241584886,696.4968473784791,2.6942337250090986e-12,unvalidated-engineering-priors,fixed independent scenario factor; no N cycle,2011-08-10,2011-09-27,2011-09-27,physiological_maturity,R6_physiological_maturity,2011-06-15,seed_layer_available_water,50.0
21,ag_099_048,fallow,2011,2011-10-06,2011-10-11,615113.668369401,rain_98_available,1.0,1.5987211554602254e-13,0.0,0.0,0.0,1.0,2.54,0.0,0.0,20.332259094333303,0.0,0.0,0.0,0.0,0.0,1.6149504172008853,0.0,0.0,20.332259094333303,0.0,0.0,696.4968473784791,677.0896378669447,1.5765166949677223e-13,unvalidated-engineering-priors,fixed independent scenario factor; no N cycle,,,,right_censored,BBCH89_full_ripeness,,,
21,ag_099_048,wheat,2012,2011-10-12,2012-06-10,615113.668369401,rain_98_available,1.0,1.0205170042354439e-12,3.410605131648481e-12,0.0,0.0,0.04267140235271844,272.93,300.0,0.0,282.36323976310047,219.538399071194,38.12269346225646,0.0,69.52640662532136,0.0,49.965886076577775,300.0,0.0,540.0243322965509,7543.886605791858,17357.203841208895,677.0896378669447,590.5030128684941,5.658806756514423e-13,unvalidated-engineering-priors,fixed independent scenario factor; no N cycle,2012-04-22,2012-05-28,2012-05-28,full_ripeness,BBCH89_full_ripeness,2011-10-12,seed_layer_available_water,50.0
21,ag_099_048,fallow,2012,2012-06-11,2012-06-14,615113.668369401,rain_98_available,1.0,2.6556534749033744e-13,0.0,0.0,0.0,1.0,0.44,0.0,0.0,4.625169015543441,0.0,0.0,0.0,0.0,0.0,0.13224685807228972,0.0,0.0,4.625169015543441,0.0,0.0,590.5030128684941,586.1855969948782,1.8351986597053838e-13,unvalidated-engineering-priors,fixed independent scenario factor; no N cycle,,,,right_censored,BBCH89_full_ripeness,,,
21,ag_099_048,maize,2012,2012-06-15,2012-10-05,615113.668369401,rain_98_available,1.0,1.2421175199506251e-12,3.183231456205249e-12,0.0,0.0,0.03354275471250856,462.43,80.0,0.0,22.794726427530588,221.49592586435907,68.29990622924605,0.0,13.665190755962817,0.0,104.79145015631094,80.0,0.0,312.5905585211357,8250.422856336678,15546.846934332247,586.1855969948782,697.5683975614713,-2.5809354653461014e-12,unvalidated-engineering-priors,fixed independent scenario factor; no N cycle,2012-08-10,2012-09-23,2012-09-23,physiological_maturity,R6_physiological_maturity,2012-06-16,seed_layer_available_water,50.0
21,ag_099_048,fallow,2012,2012-10-06,2012-10-11,615113.668369401,rain_98_available,1.0,1.9539925233402755e-13,0.0,0.0,0.0,1.0,0.02,0.0,0.0,19.73127368230911,0.0,0.0,0.0,0.0,0.0,2.139849984067516,0.0,0.0,19.73127368230911,0.0,0.0,697.5683975614713,675.7172738950949,-1.7363888105137448e-13,unvalidated-engineering-priors,fixed independent scenario factor; no N cycle,,,,right_censored,BBCH89_full_ripeness,,,
21,ag_099_048,wheat,2013,2012-10-12,2013-06-10,615113.668369401,rain_98_available,1.0,1.077360423096252e-12,3.836930773104541e-12,0.0,0.0,0.04267140235271844,339.04,300.0,0.0,318.8690902688008,247.1724436355469,50.0185311640568,0.0,44.986913074104365,0.0,38.83743218295412,300.0,0.0,616.0600650684045,8152.879883684074,18982.740934660465,675.7172738950949,614.8728635696305,1.4491186028919856e-12,unvalidated-engineering-priors,fixed independent scenario factor; no N cycle,2013-04-20,2013-05-30,2013-05-30,full_ripeness,BBCH89_full_ripeness,2012-10-12,seed_layer_available_water,50.0
21,ag_099_048,fallow,2013,2013-06-11,2013-06-14,615113.668369401,rain_98_available,1.0,1.5432100042289676e-13,0.0,0.0,0.0,1.0,1.55,0.0,0.0,9.682728738887944,0.0,0.0,0.0,0.0,0.0,0.12477772011729651,0.0,0.0,9.682728738887944,0.0,0.0,614.8728635696305,606.615357110625,1.7252865802674933e-13,unvalidated-engineering-priors,fixed independent scenario factor; no N cycle,,,,right_censored,BBCH89_full_ripeness,,,
21,ag_099_048,maize,2013,2013-06-15,2013-10-05,615113.668369401,rain_98_available,1.0,8.979483823168266e-13,3.183231456205249e-12,0.0,0.0,0.03354275471250856,423.51,80.0,0.0,21.308716629811823,281.3844790555532,71.0659351574202,0.0,28.12781974507623,0.0,22.522561977779695,80.0,0.0,373.75913084278517,8331.71043273717,17787.056304483653,606.615357110625,685.7158445449865,-2.519484620933099e-12,unvalidated-engineering-priors,fixed independent scenario factor; no N cycle,2013-08-10,2013-09-24,2013-09-24,physiological_maturity,R6_physiological_maturity,2013-06-16,seed_layer_available_water,50.0
21,ag_099_048,fallow,2013,2013-10-06,2013-10-11,615113.668369401,rain_98_available,1.0,1.8118839761882555e-13,0.0,0.0,0.0,1.0,0.0,0.0,0.0,21.907017475032184,0.0,0.0,0.0,0.0,0.0,0.734340280045385,0.0,0.0,21.907017475032184,0.0,0.0,685.7158445449865,663.0744867899092,-3.19300141882195e-13,unvalidated-engineering-priors,fixed independent scenario factor; no N cycle,,,,right_censored,BBCH89_full_ripeness,,,
21,ag_099_048,wheat,2014,2013-10-12,2014-06-10,615113.668369401,rain_98_available,1.0,1.014743844507393e-12,5.087485988042317e-12,0.0,0.0,0.04267140235271844,302.25,300.0,0.0,285.830671856839,207.9837373148218,63.707410695875744,0.0,56.5887150737199,0.0,26.090352222022783,300.0,0.0,557.5218198675366,8372.356768048041,19039.871390762764,663.0744867899092,625.1235996266312,-1.1796119636642288e-12,unvalidated-engineering-priors,fixed independent scenario factor; no N cycle,2014-04-13,2014-05-23,2014-05-23,full_ripeness,BBCH89_full_ripeness,2013-10-12,seed_layer_available_water,50.0
21,ag_099_048,fallow,2014,2014-06-11,2014-06-14,615113.668369401,rain_98_available,1.0,9.592326932761353e-14,0.0,0.0,0.0,1.0,3.7199999999999998,0.0,0.0,5.6711574520711725,0.0,0.0,0.0,0.0,0.0,0.36544045848225293,0.0,0.0,5.6711574520711725,0.0,0.0,625.1235996266312,622.8070017160777,4.3298697960381105e-14,unvalidated-engineering-priors,fixed independent scenario factor; no N cycle,,,,right_censored,BBCH89_full_ripeness,,,
21,ag_099_048,maize,2014,2014-06-15,2014-10-05,615113.668369401,rain_98_available,1.0,1.0684786388992507e-12,3.353761712787673e-12,0.0,0.0,0.03354275471250856,444.9,80.0,0.0,16.595888368034,179.10320702676367,90.30545933085028,0.0,23.644448761176562,0.0,75.55034106309085,80.0,0.0,286.00455472564795,7167.2375193144935,15508.647675077631,622.8070017160777,762.5076571661632,-8.641420912169906e-13,unvalidated-engineering-priors,fixed independent scenario factor; no N cycle,2014-08-12,2014-09-28,2014-09-28,physiological_maturity,R6_physiological_maturity,2014-06-16,seed_layer_available_water,50.0
21,ag_099_048,fallow,2014,2014-10-06,2014-10-11,615113.668369401,rain_98_available,1.0,1.7497114868092467e-13,0.0,0.0,0.0,1.0,0.0,0.0,0.0,19.943190500000004,0.0,0.0,0.0,0.0,0.0,10.330563103079005,0.0,0.0,19.943190500000004,0.0,0.0,762.5076571661632,732.2339035630839,2.779998453661392e-13,unvalidated-engineering-priors,fixed independent scenario factor; no N cycle,,,,right_censored,BBCH89_full_ripeness,,,
21,ag_099_048,wheat,2015,2014-10-12,2015-06-10,615113.668369401,rain_98_available,1.0,1.048938713665848e-12,2.8705926524708048e-12,0.0,0.0,0.04267140235271844,401.98,300.0,0.0,320.4695112218574,186.84367804896564,59.251083182535616,0.0,87.01818304523202,0.0,118.5144966088859,300.0,0.0,566.5642724533586,7612.416242063673,17371.779260897973,732.2339035630839,662.1169514556095,-2.1589396936860794e-12,unvalidated-engineering-priors,fixed independent scenario factor; no N cycle,2015-04-18,2015-05-25,2015-05-25,full_ripeness,BBCH89_full_ripeness,2014-10-12,seed_layer_available_water,50.0
21,ag_099_048,fallow,2015,2015-06-11,2015-06-14,615113.668369401,rain_98_available,1.0,8.482103908136196e-14,0.0,0.0,0.0,1.0,0.0,0.0,0.0,8.736797342215452,0.0,0.0,0.0,0.0,0.0,1.1210389646234948,0.0,0.0,8.736797342215452,0.0,0.0,662.1169514556095,652.2591151487705,3.019806626980426e-14,unvalidated-engineering-priors,fixed independent scenario factor; no N cycle,,,,right_censored,BBCH89_full_ripeness,,,
21,ag_099_048,maize,2015,2015-06-15,2015-10-05,615113.668369401,rain_98_available,1.0,9.592326932761353e-13,2.2168933355715126e-12,0.0,0.0,0.03354275471250856,508.64,80.0,0.0,18.525717809795882,220.2506510199496,51.10455673402629,0.0,106.48587914219878,0.0,190.39596536697908,80.0,0.0,289.88092556377177,8783.055990482664,16320.920104915902,652.2591151487705,654.1363450758281,-7.193245998848852e-12,unvalidated-engineering-priors,fixed independent scenario factor; no N cycle,2015-08-13,2015-09-27,2015-09-27,physiological_maturity,R6_physiological_maturity,2015-06-16,seed_layer_available_water,50.0
21,ag_099_048,fallow,2015,2015-10-06,2015-10-11,615113.668369401,rain_98_available,1.0,1.5409895581797173e-13,0.0,0.0,0.0,1.0,5.1899999999999995,0.0,0.0,17.49620903704367,0.0,0.0,0.0,0.0,0.0,0.2880809729679973,0.0,0.0,17.49620903704367,0.0,0.0,654.1363450758281,641.5420550658164,5.262457136723242e-14,unvalidated-engineering-priors,fixed independent scenario factor; no N cycle,,,,right_censored,BBCH89_full_ripeness,,,
21,ag_099_048,wheat,2016,2015-10-12,2016-06-10,615113.668369401,rain_98_available,1.0,7.887024366937112e-13,2.5579538487363607e-12,0.0,0.0,0.04267140235271844,450.44,300.0,0.0,350.63854639749525,178.92577450671567,49.842882254949494,0.0,58.39145282433823,0.0,30.421551651652813,300.0,0.0,579.4072031591604,7025.143081764672,16144.993623035809,641.5420550658164,723.7618474306621,2.821298750177448e-12,unvalidated-engineering-priors,fixed independent scenario factor; no N cycle,2016-04-14,2016-05-23,2016-05-23,full_ripeness,BBCH89_full_ripeness,2015-10-12,seed_layer_available_water,50.0
21,ag_099_048,fallow,2016,2016-06-11,2016-06-14,615113.668369401,rain_98_available,1.0,1.9939605522267811e-13,0.0,0.0,0.0,1.0,8.44,0.0,0.0,20.160427948903145,0.0,0.0,0.0,0.0,0.0,2.5445003450232377,0.0,0.0,20.160427948903145,0.0,0.0,723.7618474306621,709.4969191367361,-3.7703173916270316e-13,unvalidated-engineering-priors,fixed independent scenario factor; no N cycle,,,,right_censored,BBCH89_full_ripeness,,,
21,ag_099_048,maize,2016,2016-06-15,2016-10-05,615113.668369401,rain_98_available,1.0,1.0969003483296547e-12,3.666400516522117e-12,0.0,0.0,0.03354275471250856,478.68,80.0,0.0,18.572628644932593,238.3218144547839,64.74945871617129,0.0,115.98989977863572,0.0,172.92842609099952,80.0,0.0,321.6439018158878,9036.747578706414,17109.035186956477,709.4969191367361,657.6146914512149,-1.780797731498751e-12,unvalidated-engineering-priors,fixed independent scenario factor; no N cycle,2016-08-10,2016-09-20,2016-09-20,physiological_maturity,R6_physiological_maturity,2016-06-15,seed_layer_available_water,50.0
21,ag_099_048,fallow,2016,2016-10-06,2016-10-11,615113.668369401,rain_98_available,1.0,1.5365486660812167e-13,0.0,0.0,0.0,1.0,0.25,0.0,0.0,15.942508599999996,0.0,0.0,0.0,0.0,0.0,0.1693935193568977,0.0,0.0,15.942508599999996,0.0,0.0,657.6146914512149,641.7527893318585,-5.071498776487715e-13,unvalidated-engineering-priors,fixed independent scenario factor; no N cycle,,,,right_censored,BBCH89_full_ripeness,,,
21,ag_099_048,wheat,2017,2016-10-12,2017-06-10,615113.668369401,rain_98_available,1.0,9.725553695716371e-13,2.8990143619012088e-12,0.0,0.0,0.04267140235271844,537.22,300.0,0.0,348.9423747657633,170.3580507642662,49.47248138149969,0.0,78.41041600995408,0.0,121.271658350965,300.0,0.0,568.7729069115292,6628.081644372447,15393.964589620118,641.7527893318585,710.5178080594069,3.331224185387782e-12,unvalidated-engineering-priors,fixed independent scenario factor; no N cycle,2017-04-13,2017-05-21,2017-05-21,full_ripeness,BBCH89_full_ripeness,2016-10-12,seed_layer_available_water,50.0
21,ag_099_048,fallow,2017,2017-06-11,2017-06-14,615113.668369401,rain_98_available,1.0,1.0391687510491465e-13,0.0,0.0,0.0,1.0,0.19,0.0,0.0,18.6842909,0.0,0.0,0.0,0.0,0.0,0.7534527529470574,0.0,0.0,18.6842909,0.0,0.0,710.5178080594069,691.2700644064599,-1.0746958878371515e-13,unvalidated-engineering-priors,fixed independent scenario factor; no N cycle,,,,right_censored,BBCH89_full_ripeness,,,
21,ag_099_048,maize,2017,2017-06-15,2017-10-05,615113.668369401,rain_98_available,1.0,9.14823772291129e-13,2.9700686354772188e-12,0.0,0.0,0.03354275471250856,761.44,80.0,0.0,16.378157515855456,205.02468096785185,86.91806926259947,0.0,137.41693601904012,0.0,281.9268268242507,80.0,0.0,308.3209077463068,8066.289556963628,16732.865642001794,691.2700644064599,805.045393816866,-3.619216037975548e-12,unvalidated-engineering-priors,fixed independent scenario factor; no N cycle,2017-08-08,2017-09-20,2017-09-20,physiological_maturity,R6_physiological_maturity,2017-06-15,seed_layer_available_water,50.0
21,ag_099_048,fallow,2017,2017-10-06,2017-10-11,615113.668369401,rain_98_available,1.0,2.495781359357352e-13,0.0,0.0,0.0,1.0,42.489999999999995,0.0,0.0,12.20742934,0.0,0.0,0.0,0.4839687751600916,0.0,30.331273703503715,0.0,0.0,12.20742934,0.0,0.0,805.045393816866,804.5127219982019,2.717825964282383e-13,unvalidated-engineering-priors,fixed independent scenario factor; no N cycle,,,,right_censored,BBCH89_full_ripeness,,,
21,ag_099_048,wheat,2018,2017-10-12,2018-06-10,615113.668369401,rain_98_available,0.75,8.597567102697212e-13,5.5990767577895895e-12,0.0,0.0,0.04267140235271844,456.65999999999997,225.0,0.0,278.9111916753711,219.23753818775347,67.0432487419256,0.0,80.74713875090563,0.0,143.30370475690833,225.0,0.0,565.1919786050502,8113.178668865097,19106.57835356115,804.5127219982019,696.9298998853399,-2.1130874827690604e-12,unvalidated-engineering-priors,fixed independent scenario factor; no N cycle,2018-04-14,2018-05-24,2018-05-24,full_ripeness,BBCH89_full_ripeness,2017-10-12,seed_layer_available_water,50.0
21,ag_099_048,fallow,2018,2018-06-11,2018-06-14,615113.668369401,rain_98_available,0.75,2.1760371282653068e-13,0.0,0.0,0.0,1.0,0.0,0.0,0.0,11.08827619574176,0.0,0.0,0.0,0.0,0.0,3.3063358118768953,0.0,0.0,11.08827619574176,0.0,0.0,696.9298998853399,682.5352878777211,1.2034817586936697e-13,unvalidated-engineering-priors,fixed independent scenario factor; no N cycle,,,,right_censored,BBCH89_full_ripeness,,,
21,ag_099_048,maize,2018,2018-06-15,2018-10-05,615113.668369401,rain_98_available,0.75,1.0373923942097463e-12,3.069544618483633e-12,0.0,0.0,0.03354275471250856,421.13,60.0,0.0,19.032081341157678,231.42403074912846,74.86522958148049,0.0,78.1000767995769,0.0,105.74692290094148,60.0,0.0,325.3213416717666,7728.83653036204,16031.58898470327,682.5352878777211,654.4969465054387,-2.6081359294494177e-12,unvalidated-engineering-priors,fixed independent scenario factor; no N cycle,2018-08-10,2018-09-21,2018-09-21,physiological_maturity,R6_physiological_maturity,2018-06-16,seed_layer_available_water,50.0
21,ag_099_048,fallow,2018,2018-10-06,2018-10-11,615113.668369401,rain_98_available,0.75,1.816324868286756e-13,0.0,0.0,0.0,1.0,0.9199999999999999,0.0,0.0,18.71465182232737,0.0,0.0,0.0,0.0,0.0,0.4836550861210631,0.0,0.0,18.71465182232737,0.0,0.0,654.4969465054387,636.2186395969903,-6.039613253960852e-14,unvalidated-engineering-priors,fixed independent scenario factor; no N cycle,,,,right_censored,BBCH89_full_ripeness,,,
21,ag_099_048,wheat,2019,2018-10-12,2019-06-10,615113.668369401,rain_98_available,1.0,8.930634010084759e-13,5.172751116333529e-12,0.0,0.0,0.04267140235271844,312.57,300.0,0.0,293.5061328472512,219.71633487670655,48.42936981882922,0.0,65.53095357609055,0.0,21.588393606514575,300.0,0.0,561.6518375427869,8427.91930412011,19132.164775301095,636.2186395969903,600.0174548716044,-6.139422303874653e-12,unvalidated-engineering-priors,fixed independent scenario factor; no N cycle,2019-04-18,2019-05-27,2019-05-27,full_ripeness,BBCH89_full_ripeness,2018-10-12,seed_layer_available_water,50.0
21,ag_099_048,fallow,2019,2019-06-11,2019-06-14,615113.668369401,rain_98_available,1.0,1.6653345369377348e-13,0.0,0.0,0.0,1.0,0.07,0.0,0.0,5.979511577743573,0.0,0.0,0.0,0.0,0.0,0.15534982299519656,0.0,0.0,5.979511577743573,0.0,0.0,600.0174548716044,593.9525934708653,3.494982081519993e-13,unvalidated-engineering-priors,fixed independent scenario factor; no N cycle,,,,right_censored,BBCH89_full_ripeness,,,
21,ag_099_048,maize,2019,2019-06-15,2019-10-05,615113.668369401,rain_98_available,1.0,8.908429549592256e-13,4.206412995699793e-12,0.0,0.0,0.03354275471250856,302.6,80.0,0.0,17.350783398902376,295.85921529837935,66.18555626470426,0.0,8.29811721045051,0.0,23.649451779508365,80.0,0.0,379.39555496198597,9200.527527477016,18753.980270317,593.9525934708653,565.2094695189178,2.6285640331025206e-12,unvalidated-engineering-priors,fixed independent scenario factor; no N cycle,2019-08-10,2019-09-22,2019-09-22,physiological_maturity,R6_physiological_maturity,2019-06-16,seed_layer_available_water,50.0
21,ag_099_048,fallow,2019,2019-10-06,2019-10-11,615113.668369401,rain_98_available,1.0,1.3011813848606835e-13,0.0,0.0,0.0,1.0,15.930000000000001,0.0,0.0,11.176694,0.0,0.0,0.0,0.0,0.0,0.012220262981683844,0.0,0.0,11.176694,0.0,0.0,565.2094695189178,569.9505552559361,-3.47499806707674e-14,unvalidated-engineering-priors,fixed independent scenario factor; no N cycle,,,,right_censored,BBCH89_full_ripeness,,,
21,ag_099_048,wheat,2020,2019-10-12,2020-06-10,615113.668369401,rain_98_available,1.0,9.64561763794336e-13,3.637978807091713e-12,0.0,0.0,0.04267140235271844,252.18,300.0,0.0,235.4570535809489,228.59195520512915,53.20225198874736,0.0,53.81859802197877,0.0,2.151365875949804,300.0,0.0,517.2512607748254,8393.069949737754,19263.33676546811,569.9505552559361,548.9093305831856,-3.4083846855992306e-12,unvalidated-engineering-priors,fixed independent scenario factor; no N cycle,2020-04-12,2020-05-24,2020-05-24,full_ripeness,BBCH89_full_ripeness,2019-10-12,seed_layer_available_water,50.0
21,ag_099_048,fallow,2020,2020-06-11,2020-06-14,615113.668369401,rain_98_available,1.0,2.877698079828406e-13,0.0,0.0,0.0,1.0,35.089999999999996,0.0,0.0,11.507381869447151,0.0,0.0,0.0,0.0,0.0,0.023695561986827738,0.0,0.0,11.507381869447151,0.0,0.0,548.9093305831856,572.4682531517517,-9.636735853746359e-14,unvalidated-engineering-priors,fixed independent scenario factor; no N cycle,,,,right_censored,BBCH89_full_ripeness,,,
21,ag_099_048,maize,2020,2020-06-15,2020-10-05,615113.668369401,rain_98_available,1.0,1.028066520802895e-12,2.4442670110147446e-12,0.0,0.0,0.03354275471250856,738.0,80.0,0.0,18.793344757166423,170.41471129738326,66.93452348652575,0.0,185.0548920772907,0.0,246.70510531097466,80.0,0.0,256.1425795410754,6665.493361252491,13815.43680508165,572.4682531517517,702.5656762224122,-1.3254397579487431e-12,unvalidated-engineering-priors,fixed independent scenario factor; no N cycle,2020-08-11,2020-09-22,2020-09-22,physiological_maturity,R6_physiological_maturity,2020-06-15,seed_layer_available_water,50.0
21,ag_099_048,fallow,2020,2020-10-06,2020-10-11,615113.668369401,rain_98_available,1.0,8.171241461241152e-14,0.0,0.0,0.0,1.0,0.03,0.0,0.0,13.2510859,0.0,0.0,0.0,0.0,0.0,0.9118963615844801,0.0,0.0,13.2510859,0.0,0.0,702.5656762224122,688.4326939608275,2.6334490144108713e-13,unvalidated-engineering-priors,fixed independent scenario factor; no N cycle,,,,right_censored,BBCH89_full_ripeness,,,
21,ag_099_048,wheat,2021,2020-10-12,2021-06-10,615113.668369401,rain_98_available,0.75,1.2092549184217205e-12,3.865352482534945e-12,0.0,0.0,0.04267140235271844,414.96,225.0,0.0,261.6604504496829,185.84333668748627,65.45305782605378,0.0,42.25539691235789,0.0,99.73761944383477,225.0,0.0,512.956844963223,7416.637211778173,17277.112433399456,688.4326939608275,673.4428326414111,7.077671781985373e-13,unvalidated-engineering-priors,fixed independent scenario factor; no N cycle,2021-04-12,2021-05-23,2021-05-23,full_ripeness,BBCH89_full_ripeness,2020-10-12,seed_layer_available_water,50.0
21,ag_099_048,fallow,2021,2021-06-11,2021-06-14,615113.668369401,rain_98_available,0.75,2.4158453015843406e-13,0.0,0.0,0.0,1.0,48.949999999999996,0.0,0.0,9.894620043170551,0.0,0.0,0.0,0.0,0.0,2.773089944105016,0.0,0.0,9.894620043170551,0.0,0.0,673.4428326414111,709.7251226541355,3.907985046680551e-14,unvalidated-engineering-priors,fixed independent scenario factor; no N cycle,,,,right_censored,BBCH89_full_ripeness,,,
21,ag_099_048,maize,2021,2021-06-15,2021-10-05,615113.668369401,rain_98_available,0.75,9.592326932761353e-13,2.2453150450019166e-12,0.0,0.0,0.03354275471250856,578.51,60.0,0.0,18.44097039757138,162.7330717631507,90.0539808510333,0.0,52.779843829576876,0.0,307.54197995560327,60.0,0.0,271.2280230117554,7025.81159166381,13733.982436119772,709.7251226541355,716.6852758572035,-3.495204126124918e-12,unvalidated-engineering-priors,fixed independent scenario factor; no N cycle,2021-08-09,2021-09-20,2021-09-20,physiological_maturity,R6_physiological_maturity,2021-06-15,seed_layer_available_water,50.0
21,ag_099_048,fallow,2021,2021-10-06,2021-10-11,615113.668369401,rain_98_available,0.75,1.1368683772161603e-13,0.0,0.0,0.0,1.0,12.77,0.0,0.0,10.816151900000001,0.0,0.0,0.0,0.0,0.0,2.4959894860958385,0.0,0.0,10.816151900000001,0.0,0.0,716.6852758572035,716.143134471108,-4.3232084578903596e-13,unvalidated-engineering-priors,fixed independent scenario factor; no N cycle,,,,right_censored,BBCH89_full_ripeness,,,
21,ag_099_048,wheat,2022,2021-10-12,2022-06-10,615113.668369401,rain_98_available,0.75,9.796607969292381e-13,4.860112312599085e-12,0.0,0.0,0.04267140235271844,366.48,225.0,0.0,268.32588821037945,235.39979700095606,54.09812240320285,0.0,52.29663496901337,0.0,69.62152572335944,225.0,0.0,557.8238076145384,8532.53461548857,19785.908484442552,716.143134471108,627.8811661642015,-4.66349181493797e-12,unvalidated-engineering-priors,fixed independent scenario factor; no N cycle,2022-04-10,2022-05-20,2022-05-20,full_ripeness,BBCH89_full_ripeness,2021-10-12,seed_layer_available_water,50.0
21,ag_099_048,fallow,2022,2022-06-11,2022-06-14,615113.668369401,rain_98_available,0.75,9.259260025373806e-14,0.0,0.0,0.0,1.0,1.53,0.0,0.0,6.557908104457216,0.0,0.0,0.0,0.0,0.0,0.4765706098989487,0.0,0.0,6.557908104457216,0.0,0.0,627.8811661642015,622.3766874498456,-1.949551631241775e-13,unvalidated-engineering-priors,fixed independent scenario factor; no N cycle,,,,right_censored,BBCH89_full_ripeness,,,
21,ag_099_048,maize,2022,2022-06-15,2022-10-05,615113.668369401,rain_98_available,0.75,9.849898674474389e-13,3.723243935382925e-12,0.0,0.0,0.03354275471250856,469.17,60.0,0.0,22.05782174423108,260.8715512433656,65.37579730141874,0.0,30.962760949689272,0.0,116.75923979109932,60.0,0.0,348.30517028901545,8802.333572475785,17636.076414319996,622.3766874498456,655.519516420038,3.5244029916725594e-12,unvalidated-engineering-priors,fixed independent scenario factor; no N cycle,2022-08-10,2022-09-23,2022-09-23,physiological_maturity,R6_physiological_maturity,2022-06-16,seed_layer_available_water,50.0
21,ag_099_048,fallow,2022,2022-10-06,2022-10-11,615113.668369401,rain_98_available,0.75,1.9895196601282805e-13,0.0,0.0,0.0,1.0,25.27,0.0,0.0,13.6669859,0.0,0.0,0.0,0.0,0.0,0.16436041012156896,0.0,0.0,13.6669859,0.0,0.0,655.519516420038,666.9581701099169,-4.0123460109953157e-13,unvalidated-engineering-priors,fixed independent scenario factor; no N cycle,,,,right_censored,BBCH89_full_ripeness,,,
21,ag_099_048,wheat,2023,2022-10-12,2023-06-10,615113.668369401,rain_98_available,1.0,9.015010959956271e-13,4.334310688136611e-12,0.0,0.0,0.04267140235271844,367.25,300.0,0.0,312.4114399228504,217.29314042672385,48.14325209669925,0.0,73.69705684015761,0.0,22.106278543347656,300.0,0.0,577.8478324462735,7523.435331025026,17246.027032561422,666.9581701099169,660.5570022801365,1.5974443989819065e-12,unvalidated-engineering-priors,fixed independent scenario factor; no N cycle,2023-04-13,2023-05-23,2023-05-23,full_ripeness,BBCH89_full_ripeness,2022-10-12,seed_layer_available_water,50.0
21,ag_099_048,fallow,2023,2023-06-11,2023-06-14,615113.668369401,rain_98_available,1.0,2.6334490144108713e-13,0.0,0.0,0.0,1.0,5.76,0.0,0.0,13.330568476195944,0.0,0.0,0.0,0.0,0.0,0.4811789510775783,0.0,0.0,13.330568476195944,0.0,0.0,660.5570022801365,652.505254852863,1.6431300764452317e-14,unvalidated-engineering-priors,fixed independent scenario factor; no N cycle,,,,right_censored,BBCH89_full_ripeness,,,
21,ag_099_048,maize,2023,2023-06-15,2023-10-05,615113.668369401,rain_98_available,1.0,8.93507490218326e-13,2.0463630789890885e-12,0.0,0.0,0.03354275471250856,647.21,80.0,0.0,18.444401083258843,208.0044741379472,75.16086267070237,0.0,127.81241310189112,0.0,175.99483356833346,80.0,0.0,301.6097378919084,8309.24216683458,16348.416576963411,652.505254852863,774.2982702907233,6.70419275650147e-12,unvalidated-engineering-priors,fixed independent scenario factor; no N cycle,2023-08-09,2023-09-19,2023-09-19,physiological_maturity,R6_physiological_maturity,2023-06-16,seed_layer_available_water,50.0
21,ag_099_048,fallow,2023,2023-10-06,2023-10-11,615113.668369401,rain_98_available,1.0,1.305622276959184e-13,0.0,0.0,0.0,1.0,1.5499999999999998,0.0,0.0,14.1893832,0.0,0.0,0.0,0.0,0.0,12.679619691923214,0.0,0.0,14.1893832,0.0,0.0,774.2982702907233,748.9792673988,1.1812772982011666e-13,unvalidated-engineering-priors,fixed independent scenario factor; no N cycle,,,,right_censored,BBCH89_full_ripeness,,,
21,ag_099_048,wheat,2024,2023-10-12,2024-06-10,615113.668369401,rain_98_available,0.75,1.1333156635373598e-12,3.467448550509289e-12,0.0,0.0,0.04267140235271844,364.35,225.0,0.0,282.52896199094636,228.0412041404055,59.45162625243709,0.0,53.88279954587177,0.0,92.81168272465162,225.0,0.0,570.0217923837889,9047.9044766209,19867.670023890452,748.9792673988,621.6129927444879,-2.616795669041494e-13,unvalidated-engineering-priors,fixed independent scenario factor; no N cycle,2024-04-15,2024-05-25,2024-05-25,full_ripeness,BBCH89_full_ripeness,2023-10-12,seed_layer_available_water,50.0
21,ag_099_048,fallow,2024,2024-06-11,2024-06-14,615113.668369401,rain_98_available,0.75,2.2670754162845697e-13,0.0,0.0,0.0,1.0,0.02,0.0,0.0,3.922150247534094,0.0,0.0,0.0,0.0,0.0,0.5232034556009476,0.0,0.0,3.922150247534094,0.0,0.0,621.6129927444879,617.1876390413529,-5.3734794391857577e-14,unvalidated-engineering-priors,fixed independent scenario factor; no N cycle,,,,right_censored,BBCH89_full_ripeness,,,
21,ag_099_048,maize,2024,2024-06-15,2024-10-05,615113.668369401,rain_98_available,0.75,1.0755840662568517e-12,2.6147972675971687e-12,0.0,0.0,0.03354275471250856,573.12,60.0,0.0,22.543114031787695,197.89702743149417,80.50596152528222,0.0,58.300228582660324,0.0,213.3505511639338,60.0,0.0,300.94610298856406,6954.595901020528,14068.529320133679,617.1876390413529,677.7107563061945,1.6575629757653587e-13,unvalidated-engineering-priors,fixed independent scenario factor; no N cycle,2024-08-09,2024-09-19,2024-09-19,physiological_maturity,R6_physiological_maturity,2024-06-16,seed_layer_available_water,50.0
21,ag_099_048,fallow,2024,2024-10-06,2024-10-11,615113.668369401,rain_98_available,0.75,1.8118839761882555e-13,0.0,0.0,0.0,1.0,8.35,0.0,0.0,15.0938332,0.0,0.0,0.0,0.0,0.0,0.6693246195926742,0.0,0.0,15.0938332,0.0,0.0,677.7107563061945,670.2975984866016,2.502442697505103e-13,unvalidated-engineering-priors,fixed independent scenario factor; no N cycle,,,,right_censored,BBCH89_full_ripeness,,,
21,ag_099_048,wheat,2025,2024-10-12,2025-06-10,615113.668369401,rain_98_available,0.75,9.343636975245317e-13,3.581135388230905e-12,0.0,0.0,0.04267140235271844,357.48,225.0,0.0,327.99166481934526,292.3409358308279,41.60823454855847,0.0,6.40099520741296,0.0,28.118736223320937,225.0,0.0,661.9408351987316,8815.154226930998,20338.83618991588,670.2975984866016,556.3170318571372,-1.1537437671904627e-12,unvalidated-engineering-priors,fixed independent scenario factor; no N cycle,2025-04-12,2025-05-22,2025-05-22,full_ripeness,BBCH89_full_ripeness,2024-10-12,seed_layer_available_water,50.0
21,ag_099_048,fallow,2025,2025-06-11,2025-06-14,615113.668369401,rain_98_available,0.75,2.831068712794149e-13,0.0,0.0,0.0,1.0,23.310000000000002,0.0,0.0,9.92675651152048,0.0,0.0,0.0,0.0,0.0,0.01523340825732614,0.0,0.0,9.92675651152048,0.0,0.0,556.3170318571372,569.6850419373592,1.8962609260597674e-13,unvalidated-engineering-priors,fixed independent scenario factor; no N cycle,,,,right_censored,BBCH89_full_ripeness,,,
21,ag_099_048,maize,2025,2025-06-15,2025-10-05,615113.668369401,rain_98_available,0.75,7.647216193618078e-13,3.836930773104541e-12,0.0,0.0,0.03354275471250856,693.18,60.0,0.0,17.100793060497004,192.2162541135336,120.58225175103243,0.0,63.56141576164973,0.0,139.83599331904563,60.0,0.0,329.899298925063,8018.3410524111605,17113.298434566575,569.6850419373592,789.5683339315997,1.0965672814222671e-12,unvalidated-engineering-priors,fixed independent scenario factor; no N cycle,2025-08-11,2025-09-23,2025-09-23,physiological_maturity,R6_physiological_maturity,2025-06-15,seed_layer_available_water,50.0
