representative_id,source_zone_id,crop,harvest_year,start_date,end_date,represented_area_ha,policy,quota_fraction,maximum_daily_residual_mm,maximum_carbon_residual_kg_ha,maximum_grain_ceiling_excess_kg_ha,storage_continuity_error_mm,root_extraction_fraction_day,precipitation_mm,irrigation_field_mm,capillary_rise_mm,soil_evaporation_mm,transpiration_mm,canopy_evaporation_mm,application_evaporation_mm,runoff_mm,off_field_drift_mm,bottom_drainage_mm,pump_input_mm,conveyance_loss_mm,et_mm,yield_kg_ha,biomass_kg_ha,initial_storage_mm,final_storage_mm,balance_residual_mm,parameter_version,nutrient_process,anthesis_date,maturity_date,season_end_date,season_end_reason,maturity_definition,germination_start_date,germination_water_response,sowing_depth_mm
23,ag_075_044,fallow,1996,1996-01-01,1996-10-11,601375.5459775862,adaptive_95,1.0,2.2537527399890678e-13,0.0,0.0,0.0,1.0,754.98,0.0,0.0,552.3186758139509,0.0,0.0,0.0,0.0,0.0,82.18796312053631,0.0,0.0,552.3186758139509,0.0,0.0,486.589374113015,607.0627351785278,7.505107646466058e-14,unvalidated-engineering-priors,fixed independent scenario factor; no N cycle,,,,right_censored,BBCH89_full_ripeness,,,
23,ag_075_044,wheat,1997,1996-10-12,1997-06-10,601375.5459775862,adaptive_95,1.0,9.134915046615788e-13,7.062794793455396e-12,0.0,0.0,0.04267140235271844,202.71,300.0,0.0,255.70057171503393,241.37880755844012,36.13797247100474,0.0,0.0,0.0,78.86675379574069,300.0,0.0,533.2173517444787,8646.913332196864,19086.739009381738,607.0627351785278,497.6886296383086,-3.3489877537817847e-13,unvalidated-engineering-priors,fixed independent scenario factor; no N cycle,1997-04-27,1997-06-03,1997-06-03,full_ripeness,BBCH89_full_ripeness,1996-10-12,seed_layer_available_water,50.0
23,ag_075_044,fallow,1997,1997-06-11,1997-06-14,601375.5459775862,adaptive_95,1.0,1.822986206434507e-13,0.0,0.0,0.0,1.0,2.9899999999999998,0.0,0.0,5.469218820845822,0.0,0.0,0.0,0.0,0.0,0.35556427459241,0.0,0.0,5.469218820845822,0.0,0.0,497.6886296383086,494.8538465428704,7.771561172376096e-15,unvalidated-engineering-priors,fixed independent scenario factor; no N cycle,,,,right_censored,BBCH89_full_ripeness,,,
23,ag_075_044,maize,1997,1997-06-15,1997-10-05,601375.5459775862,adaptive_95,1.0,9.485745522397337e-13,3.865352482534945e-12,0.0,0.0,0.03354275471250856,224.66,80.0,0.0,19.72492534136477,312.21924959603064,70.26080498496779,0.0,0.0,0.0,9.701160519398133,80.0,0.0,402.2049799223632,11473.222449062952,21500.234919611263,494.8538465428704,387.6077061011067,2.3695490014574716e-12,unvalidated-engineering-priors,fixed independent scenario factor; no N cycle,1997-08-11,1997-09-29,1997-09-29,physiological_maturity,R6_physiological_maturity,1997-06-16,seed_layer_available_water,50.0
23,ag_075_044,fallow,1997,1997-10-06,1997-10-11,601375.5459775862,adaptive_95,1.0,7.638334409421077e-14,0.0,0.0,0.0,1.0,0.0,0.0,0.0,13.016170256419109,0.0,0.0,0.0,0.0,0.0,0.004515379103937516,0.0,0.0,13.016170256419109,0.0,0.0,387.6077061011067,374.5870204655837,-2.220446049250313e-14,unvalidated-engineering-priors,fixed independent scenario factor; no N cycle,,,,right_censored,BBCH89_full_ripeness,,,
23,ag_075_044,wheat,1998,1997-10-12,1998-06-10,601375.5459775862,adaptive_95,1.0,1.1683987111155147e-12,3.495870259939693e-12,0.0,0.0,0.04267140235271844,393.03,300.0,0.0,261.7347467728341,166.72521663741313,64.48154367857292,0.0,0.0,0.0,9.409910771769733,300.0,0.0,492.9415070888201,6704.269411117002,15753.267314383445,374.5870204655837,565.2656026049928,1.0592637877948619e-12,unvalidated-engineering-priors,fixed independent scenario factor; no N cycle,1998-04-26,1998-06-03,1998-06-03,full_ripeness,BBCH89_full_ripeness,1997-10-13,seed_layer_available_water,50.0
23,ag_075_044,fallow,1998,1998-06-11,1998-06-14,601375.5459775862,adaptive_95,1.0,1.412203687323199e-13,0.0,0.0,0.0,1.0,39.29,0.0,0.0,13.395240891797012,0.0,0.0,0.0,0.0,0.0,1.662251092048749,0.0,0.0,13.395240891797012,0.0,0.0,565.2656026049928,589.498110621147,-3.241851231905457e-14,unvalidated-engineering-priors,fixed independent scenario factor; no N cycle,,,,right_censored,BBCH89_full_ripeness,,,
23,ag_075_044,maize,1998,1998-06-15,1998-10-05,601375.5459775862,adaptive_95,1.0,1.1617373729677638e-12,4.746425474877469e-12,0.0,0.0,0.03354275471250856,598.98,80.0,0.0,18.590382786291325,211.22857234051972,112.39911531969412,0.0,0.0,0.0,356.0332790134096,80.0,0.0,342.2180704465052,9124.967242070063,17761.473013945455,589.498110621147,570.2267611612275,4.728550884181004e-12,unvalidated-engineering-priors,fixed independent scenario factor; no N cycle,1998-08-09,1998-09-20,1998-09-20,physiological_maturity,R6_physiological_maturity,1998-06-15,seed_layer_available_water,50.0
23,ag_075_044,fallow,1998,1998-10-06,1998-10-11,601375.5459775862,adaptive_95,1.0,2.3314683517128287e-13,0.0,0.0,0.0,1.0,0.56,0.0,0.0,14.18415121616878,0.0,0.0,0.0,0.0,0.0,1.985330782245533,0.0,0.0,14.18415121616878,0.0,0.0,570.2267611612275,554.6172791628132,-6.128431095930864e-14,unvalidated-engineering-priors,fixed independent scenario factor; no N cycle,,,,right_censored,BBCH89_full_ripeness,,,
23,ag_075_044,wheat,1999,1998-10-12,1999-06-10,601375.5459775862,adaptive_95,1.0,9.07718344933528e-13,3.126388037344441e-12,0.0,0.0,0.04267140235271844,210.58,300.0,0.0,231.7357014067933,231.54412654821152,45.237122196154964,0.0,0.0,0.0,37.437147959366555,300.0,0.0,508.5169501511598,7572.884184145808,17645.92943945134,554.6172791628132,519.2431810522855,1.3563594691845537e-12,unvalidated-engineering-priors,fixed independent scenario factor; no N cycle,1999-04-21,1999-05-28,1999-05-28,full_ripeness,BBCH89_full_ripeness,1998-10-12,seed_layer_available_water,50.0
23,ag_075_044,fallow,1999,1999-06-11,1999-06-14,601375.5459775862,adaptive_95,1.0,2.0294876890147862e-13,0.0,0.0,0.0,1.0,1.57,0.0,0.0,5.241114316218745,0.0,0.0,0.0,0.0,0.0,0.5690345787909697,0.0,0.0,5.241114316218745,0.0,0.0,519.2431810522855,515.0030321572759,-1.0369483049998962e-13,unvalidated-engineering-priors,fixed independent scenario factor; no N cycle,,,,right_censored,BBCH89_full_ripeness,,,
23,ag_075_044,maize,1999,1999-06-15,1999-10-05,601375.5459775862,adaptive_95,1.0,9.778844400898379e-13,4.035882739117369e-12,0.0,0.0,0.03354275471250856,475.67,80.0,0.0,18.388068480385137,245.61186991087072,88.30781139133688,0.0,0.0,0.0,116.85966359921616,80.0,0.0,352.30774978259274,10079.43397439555,19770.938324369825,515.0030321572759,601.5056187754681,-1.0491052471195417e-12,unvalidated-engineering-priors,fixed independent scenario factor; no N cycle,1999-08-12,1999-09-26,1999-09-26,physiological_maturity,R6_physiological_maturity,1999-06-16,seed_layer_available_water,50.0
23,ag_075_044,fallow,1999,1999-10-06,1999-10-11,601375.5459775862,adaptive_95,1.0,2.2648549702353193e-13,0.0,0.0,0.0,1.0,6.74,0.0,0.0,14.299601500000001,0.0,0.0,0.0,0.0,0.0,1.0938872552086223,0.0,0.0,14.299601500000001,0.0,0.0,601.5056187754681,592.8521300202589,5.724309914967307e-13,unvalidated-engineering-priors,fixed independent scenario factor; no N cycle,,,,right_censored,BBCH89_full_ripeness,,,
23,ag_075_044,wheat,2000,1999-10-12,2000-06-10,601375.5459775862,adaptive_95,1.0,5.782041512247815e-13,4.519051799434237e-12,0.0,0.0,0.04267140235271844,156.28,300.0,0.0,239.310255994939,307.4632647405073,40.31538881436742,0.0,0.0,0.0,54.91590825626703,300.0,0.0,587.0889095498138,9500.473301929873,21495.469919158226,592.8521300202589,407.12731221417937,-1.3062884107739592e-12,unvalidated-engineering-priors,fixed independent scenario factor; no N cycle,2000-04-23,2000-05-31,2000-05-31,full_ripeness,BBCH89_full_ripeness,1999-10-12,seed_layer_available_water,50.0
23,ag_075_044,fallow,2000,2000-06-11,2000-06-14,601375.5459775862,adaptive_95,1.0,6.061817714453355e-14,0.0,0.0,0.0,1.0,6.2700000000000005,0.0,0.0,8.069388473199464,0.0,0.0,0.0,0.0,0.0,0.007766402652231431,0.0,0.0,8.069388473199464,0.0,0.0,407.12731221417937,405.3201573383276,8.504308368628699e-14,unvalidated-engineering-priors,fixed independent scenario factor; no N cycle,,,,right_censored,BBCH89_full_ripeness,,,
23,ag_075_044,maize,2000,2000-06-15,2000-10-05,601375.5459775862,adaptive_95,1.0,1.1257661469699087e-12,2.1316282072803006e-12,0.0,0.0,0.03354275471250856,746.61,80.0,0.0,20.751064871968392,158.8163237017598,84.76442285952186,0.0,0.0,0.0,309.21069101438883,80.0,0.0,264.33181143325004,7327.158845123638,14687.763856093581,405.3201573383276,658.3876548906879,7.924771949774367e-13,unvalidated-engineering-priors,fixed independent scenario factor; no N cycle,2000-08-10,2000-09-23,2000-09-23,physiological_maturity,R6_physiological_maturity,2000-06-16,seed_layer_available_water,50.0
23,ag_075_044,fallow,2000,2000-10-06,2000-10-11,601375.5459775862,adaptive_95,1.0,1.7763568394002505e-13,0.0,0.0,0.0,1.0,40.85,0.0,0.0,12.280764199999998,0.0,0.0,0.0,0.0,0.0,7.4683121671844805,0.0,0.0,12.280764199999998,0.0,0.0,658.3876548906879,679.4885785235036,-1.7186252421197423e-13,unvalidated-engineering-priors,fixed independent scenario factor; no N cycle,,,,right_censored,BBCH89_full_ripeness,,,
23,ag_075_044,wheat,2001,2000-10-12,2001-06-10,601375.5459775862,adaptive_95,1.0,8.921752225887758e-13,4.348521542851813e-12,0.0,0.0,0.04267140235271844,151.93,300.0,0.0,273.6017649719313,273.47053426044204,20.795567220758187,0.0,0.0,0.0,138.97200724569066,300.0,0.0,567.8678664531316,8653.10239561094,18941.601731595452,679.4885785235036,424.5787048246781,3.3719693703915254e-12,unvalidated-engineering-priors,fixed independent scenario factor; no N cycle,2001-04-25,2001-06-04,2001-06-04,full_ripeness,BBCH89_full_ripeness,2000-10-12,seed_layer_available_water,50.0
23,ag_075_044,fallow,2001,2001-06-11,2001-06-14,601375.5459775862,adaptive_95,1.0,5.184741524999481e-14,0.0,0.0,0.0,1.0,0.67,0.0,0.0,2.7344365033580993,0.0,0.0,0.0,0.0,0.0,0.024850638633581904,0.0,0.0,2.7344365033580993,0.0,0.0,424.5787048246781,422.48941768268634,6.578071420904053e-14,unvalidated-engineering-priors,fixed independent scenario factor; no N cycle,,,,right_censored,BBCH89_full_ripeness,,,
23,ag_075_044,maize,2001,2001-06-15,2001-10-05,601375.5459775862,adaptive_95,1.0,8.562039965909207e-13,3.979039320256561e-12,0.0,0.0,0.03354275471250856,452.56,80.0,0.0,16.750160635273183,253.8367659857137,85.02394314872329,0.0,0.0,0.0,107.88792898860328,80.0,0.0,355.6108697697102,9920.297693663779,19691.305324734505,422.48941768268634,491.5506189243758,-2.886357819420482e-12,unvalidated-engineering-priors,fixed independent scenario factor; no N cycle,2001-08-11,2001-09-25,2001-09-25,physiological_maturity,R6_physiological_maturity,2001-06-16,seed_layer_available_water,50.0
23,ag_075_044,fallow,2001,2001-10-06,2001-10-11,601375.5459775862,adaptive_95,1.0,1.709743457922741e-13,0.0,0.0,0.0,1.0,3.56,0.0,0.0,12.747012524534124,0.0,0.0,0.0,0.0,0.0,0.3855112765414953,0.0,0.0,12.747012524534124,0.0,0.0,491.5506189243758,481.97809512330014,2.6867397195928788e-14,unvalidated-engineering-priors,fixed independent scenario factor; no N cycle,,,,right_censored,BBCH89_full_ripeness,,,
23,ag_075_044,wheat,2002,2001-10-12,2002-06-10,601375.5459775862,adaptive_95,1.0,4.75175454539567e-13,3.353761712787673e-12,0.0,0.0,0.04267140235271844,274.8,300.0,0.0,247.82461746339604,215.55684025953857,48.130093477183244,0.0,0.0,0.0,12.694062862267353,300.0,0.0,511.5115512001179,7149.192055885689,16920.51347375359,481.97809512330014,532.5724810609156,-6.953881914739668e-13,unvalidated-engineering-priors,fixed independent scenario factor; no N cycle,2002-04-15,2002-05-28,2002-05-28,full_ripeness,BBCH89_full_ripeness,2001-10-12,seed_layer_available_water,50.0
23,ag_075_044,fallow,2002,2002-06-11,2002-06-14,601375.5459775862,adaptive_95,1.0,1.1368683772161603e-13,0.0,0.0,0.0,1.0,1.25,0.0,0.0,19.500345719798077,0.0,0.0,0.0,0.0,0.0,0.32390218528993187,0.0,0.0,19.500345719798077,0.0,0.0,532.5724810609156,513.9982331558278,-2.495781359357352e-13,unvalidated-engineering-priors,fixed independent scenario factor; no N cycle,,,,right_censored,BBCH89_full_ripeness,,,
23,ag_075_044,maize,2002,2002-06-15,2002-10-05,601375.5459775862,adaptive_95,1.0,1.0276224315930449e-12,4.405364961712621e-12,0.0,0.0,0.03354275471250856,283.73,80.0,0.0,18.70203375785685,264.6671127454901,91.54814386112781,0.0,0.0,0.0,29.839860550435745,80.0,0.0,374.91729036447475,10488.379368451948,19988.755979775735,513.9982331558278,472.97108224091653,8.273381979506667e-13,unvalidated-engineering-priors,fixed independent scenario factor; no N cycle,2002-08-11,2002-09-27,2002-09-27,physiological_maturity,R6_physiological_maturity,2002-06-15,seed_layer_available_water,50.0
23,ag_075_044,fallow,2002,2002-10-06,2002-10-11,601375.5459775862,adaptive_95,1.0,8.881784197001252e-14,0.0,0.0,0.0,1.0,0.0,0.0,0.0,14.412605625568059,0.0,0.0,0.0,0.0,0.0,0.11298721369877432,0.0,0.0,14.412605625568059,0.0,0.0,472.97108224091653,458.44548940164975,-5.46229728115577e-14,unvalidated-engineering-priors,fixed independent scenario factor; no N cycle,,,,right_censored,BBCH89_full_ripeness,,,
23,ag_075_044,wheat,2003,2002-10-12,2003-06-10,601375.5459775862,adaptive_95,0.75,4.636291350834654e-13,3.979039320256561e-12,0.0,0.0,0.04267140235271844,280.31,225.0,0.0,246.84781067201635,195.9246959701262,43.015185207760496,0.0,0.0,0.0,4.708760059928079,225.0,0.0,485.78769184990307,7294.254948817632,16254.79770662252,458.44548940164975,473.2590374918178,7.818190539410352e-13,unvalidated-engineering-priors,fixed independent scenario factor; no N cycle,2003-04-29,2003-06-06,2003-06-06,full_ripeness,BBCH89_full_ripeness,2002-10-12,seed_layer_available_water,50.0
23,ag_075_044,fallow,2003,2003-06-11,2003-06-14,601375.5459775862,adaptive_95,0.75,5.861977570020827e-14,0.0,0.0,0.0,1.0,0.44,0.0,0.0,10.427464793604713,0.0,0.0,0.0,0.0,0.0,0.08265619513108888,0.0,0.0,10.427464793604713,0.0,0.0,473.2590374918178,463.1889165030819,1.3389289676979388e-13,unvalidated-engineering-priors,fixed independent scenario factor; no N cycle,,,,right_censored,BBCH89_full_ripeness,,,
23,ag_075_044,maize,2003,2003-06-15,2003-10-05,601375.5459775862,adaptive_95,0.75,9.610090501155355e-13,2.1103119252074976e-12,0.0,0.0,0.03354275471250856,647.95,60.0,0.0,19.114307332461518,122.68558211177967,101.07653052663778,0.0,0.0,0.0,239.8881347819899,60.0,0.0,242.87641997087897,7458.82491830704,14191.47673444006,463.1889165030819,688.3743617502106,2.4394375408576252e-12,unvalidated-engineering-priors,fixed independent scenario factor; no N cycle,2003-08-12,2003-10-02,2003-10-02,physiological_maturity,R6_physiological_maturity,2003-06-16,seed_layer_available_water,50.0
23,ag_075_044,fallow,2003,2003-10-06,2003-10-11,601375.5459775862,adaptive_95,0.75,9.547918011776346e-14,0.0,0.0,0.0,1.0,75.55,0.0,0.0,11.587539099999997,0.0,0.0,0.0,0.0,0.0,11.596516879981461,0.0,0.0,11.587539099999997,0.0,0.0,688.3743617502106,740.740305770229,9.325873406851315e-14,unvalidated-engineering-priors,fixed independent scenario factor; no N cycle,,,,right_censored,BBCH89_full_ripeness,,,
23,ag_075_044,wheat,2004,2003-10-12,2004-06-10,601375.5459775862,adaptive_95,0.5,3.383959779057477e-13,3.851141627819743e-12,0.0,0.0,0.04267140235271844,183.91,150.0,0.0,252.83310593750417,260.1725674667204,41.683340403622275,0.0,0.0,0.0,153.23010446817557,150.0,0.0,554.6890138078469,8841.324856262478,20018.337869626786,740.740305770229,366.73118749420587,7.581713035165194e-13,unvalidated-engineering-priors,fixed independent scenario factor; no N cycle,2004-04-19,2004-05-27,2004-05-27,full_ripeness,BBCH89_full_ripeness,2003-10-12,seed_layer_available_water,50.0
23,ag_075_044,fallow,2004,2004-06-11,2004-06-14,601375.5459775862,adaptive_95,0.5,7.005507285384738e-14,0.0,0.0,0.0,1.0,8.89,0.0,0.0,3.175621694379764,0.0,0.0,0.0,0.0,0.0,0.004513378725769218,0.0,0.0,3.175621694379764,0.0,0.0,366.73118749420587,372.44105242110044,-1.0119682869458302e-13,unvalidated-engineering-priors,fixed independent scenario factor; no N cycle,,,,right_censored,BBCH89_full_ripeness,,,
23,ag_075_044,maize,2004,2004-06-15,2004-10-05,601375.5459775862,adaptive_95,0.5,9.920952948050399e-13,4.746425474877469e-12,0.0,0.0,0.03354275471250856,611.76,40.0,0.0,16.509340468872455,196.53154991071378,111.62076487494417,0.0,0.0,0.0,84.4780485748523,40.0,0.0,324.6616552545304,10052.570590466072,18667.749348867175,372.44105242110044,615.0613485917162,1.5449308499171366e-12,unvalidated-engineering-priors,fixed independent scenario factor; no N cycle,2004-08-11,2004-09-28,2004-09-28,physiological_maturity,R6_physiological_maturity,2004-06-15,seed_layer_available_water,50.0
23,ag_075_044,fallow,2004,2004-10-06,2004-10-11,601375.5459775862,adaptive_95,0.5,1.3633538742396922e-13,0.0,0.0,0.0,1.0,0.06,0.0,0.0,18.5110073,0.0,0.0,0.0,0.0,0.0,2.495587592006755,0.0,0.0,18.5110073,0.0,0.0,615.0613485917162,594.1147536997094,7.37188088351104e-14,unvalidated-engineering-priors,fixed independent scenario factor; no N cycle,,,,right_censored,BBCH89_full_ripeness,,,
23,ag_075_044,wheat,2005,2004-10-12,2005-06-10,601375.5459775862,adaptive_95,0.5,3.8902214782865485e-13,6.16751094639767e-12,0.0,0.0,0.04267140235271844,193.4,150.0,0.0,212.73493007017652,267.98580121988584,39.684106057573494,0.0,0.0,0.0,41.4723492071459,150.0,0.0,520.4048373476359,8708.789513331165,19429.73391798514,594.1147536997094,375.6375671449274,1.8385293287792592e-13,unvalidated-engineering-priors,fixed independent scenario factor; no N cycle,2005-04-29,2005-06-07,2005-06-07,full_ripeness,BBCH89_full_ripeness,2004-10-12,seed_layer_available_water,50.0
23,ag_075_044,fallow,2005,2005-06-11,2005-06-14,601375.5459775862,adaptive_95,0.5,7.904787935331115e-14,0.0,0.0,0.0,1.0,0.16,0.0,0.0,15.876912424128491,0.0,0.0,0.0,0.0,0.0,0.002343897368267101,0.0,0.0,15.876912424128491,0.0,0.0,375.6375671449274,359.9183108234306,4.107825191113079e-14,unvalidated-engineering-priors,fixed independent scenario factor; no N cycle,,,,right_censored,BBCH89_full_ripeness,,,
23,ag_075_044,maize,2005,2005-06-15,2005-10-05,601375.5459775862,adaptive_95,0.5,1.1293188606487092e-12,2.9558577807620168e-12,0.0,0.0,0.03354275471250856,701.95,40.0,0.0,20.18954272823952,164.26530917283708,102.23549327031587,0.0,0.0,0.0,86.09995182836109,40.0,0.0,286.6903451713925,8347.243956189863,16346.58582658666,359.9183108234306,729.0780138236789,-1.891209411297723e-12,unvalidated-engineering-priors,fixed independent scenario factor; no N cycle,2005-08-10,2005-09-28,2005-09-28,physiological_maturity,R6_physiological_maturity,2005-06-16,seed_layer_available_water,50.0
23,ag_075_044,fallow,2005,2005-10-06,2005-10-11,601375.5459775862,adaptive_95,0.5,8.79296635503124e-14,0.0,0.0,0.0,1.0,5.15,0.0,0.0,17.5653828,0.0,0.0,0.0,0.0,0.0,29.164144162262083,0.0,0.0,17.5653828,0.0,0.0,729.0780138236789,687.498486861417,-1.0302869668521453e-13,unvalidated-engineering-priors,fixed independent scenario factor; no N cycle,,,,right_censored,BBCH89_full_ripeness,,,
23,ag_075_044,wheat,2006,2005-10-12,2006-06-10,601375.5459775862,adaptive_95,0.5,2.893241202173158e-13,4.746425474877469e-12,0.0,0.0,0.04267140235271844,149.82,150.0,0.0,203.22099761628053,277.5015303199253,45.60450045141156,0.0,0.0,0.0,103.31318029718709,150.0,0.0,526.3270283876174,9074.286755820483,20787.42084166267,687.498486861417,357.6782781766148,-2.2942203692366547e-12,unvalidated-engineering-priors,fixed independent scenario factor; no N cycle,2006-04-25,2006-06-03,2006-06-03,full_ripeness,BBCH89_full_ripeness,2005-10-12,seed_layer_available_water,50.0
23,ag_075_044,fallow,2006,2006-06-11,2006-06-14,601375.5459775862,adaptive_95,0.5,1.092459456231154e-13,0.0,0.0,0.0,1.0,24.130000000000003,0.0,0.0,12.066000027587819,0.0,0.0,0.0,0.0,0.0,0.003266572280103193,0.0,0.0,12.066000027587819,0.0,0.0,357.6782781766148,369.7390115767469,-2.842170943040401e-14,unvalidated-engineering-priors,fixed independent scenario factor; no N cycle,,,,right_censored,BBCH89_full_ripeness,,,
23,ag_075_044,maize,2006,2006-06-15,2006-10-05,601375.5459775862,adaptive_95,0.5,5.595524044110789e-13,2.6716406864579767e-12,0.0,0.0,0.03354275471250856,357.46999999999997,40.0,0.0,20.614777108793493,209.80439598439594,76.88818241602715,0.0,0.0,0.0,0.4168773458250447,40.0,0.0,307.30735550921656,8786.905067947859,16838.128009915363,369.7390115767469,459.4847787217047,6.006306563222097e-13,unvalidated-engineering-priors,fixed independent scenario factor; no N cycle,2006-08-09,2006-09-24,2006-09-24,physiological_maturity,R6_physiological_maturity,2006-06-15,seed_layer_available_water,50.0
23,ag_075_044,fallow,2006,2006-10-06,2006-10-11,601375.5459775862,adaptive_95,0.5,1.0080825063596421e-13,0.0,0.0,0.0,1.0,0.0,0.0,0.0,17.488336923859173,0.0,0.0,0.0,0.0,0.0,0.020104048171109088,0.0,0.0,17.488336923859173,0.0,0.0,459.4847787217047,441.97633774967466,-2.5224267119483557e-13,unvalidated-engineering-priors,fixed independent scenario factor; no N cycle,,,,right_censored,BBCH89_full_ripeness,,,
23,ag_075_044,wheat,2007,2006-10-12,2007-06-10,601375.5459775862,adaptive_95,0.75,4.1389114358025836e-13,6.0822458181064576e-12,0.0,0.0,0.04267140235271844,216.17,225.0,0.0,226.20647121511524,286.5679696073891,31.649564237180005,0.0,0.0,0.0,1.496365296894459,225.0,0.0,544.4240050596844,9483.66131604289,21088.824393876406,441.97633774967466,337.2259673930945,1.3239409568654992e-12,unvalidated-engineering-priors,fixed independent scenario factor; no N cycle,2007-04-22,2007-06-01,2007-06-01,full_ripeness,BBCH89_full_ripeness,2006-10-12,seed_layer_available_water,50.0
23,ag_075_044,fallow,2007,2007-06-11,2007-06-14,601375.5459775862,adaptive_95,0.75,8.837375276016246e-14,0.0,0.0,0.0,1.0,1.29,0.0,0.0,3.2073605279389774,0.0,0.0,0.0,0.0,0.0,0.0005444009780264146,0.0,0.0,3.2073605279389774,0.0,0.0,337.2259673930945,335.30806246417734,1.4910295220715852e-13,unvalidated-engineering-priors,fixed independent scenario factor; no N cycle,,,,right_censored,BBCH89_full_ripeness,,,
23,ag_075_044,maize,2007,2007-06-15,2007-10-05,601375.5459775862,adaptive_95,0.75,1.1795009413617663e-12,3.694822225952521e-12,0.0,0.0,0.03354275471250856,480.89,60.0,0.0,17.50640886667774,199.84580333295057,88.48705120759703,0.0,0.0,0.0,19.367030301762284,60.0,0.0,305.83926340722536,9194.144121791582,17527.549168735677,335.30806246417734,550.991768755188,1.7259527140822684e-12,unvalidated-engineering-priors,fixed independent scenario factor; no N cycle,2007-08-12,2007-09-26,2007-09-26,physiological_maturity,R6_physiological_maturity,2007-06-16,seed_layer_available_water,50.0
23,ag_075_044,fallow,2007,2007-10-06,2007-10-11,601375.5459775862,adaptive_95,0.75,8.260059303211165e-14,0.0,0.0,0.0,1.0,1.84,0.0,0.0,15.020472073296366,0.0,0.0,0.0,0.0,0.0,0.807974288172794,0.0,0.0,15.020472073296366,0.0,0.0,550.991768755188,537.003322393719,-2.0050627824730327e-13,unvalidated-engineering-priors,fixed independent scenario factor; no N cycle,,,,right_censored,BBCH89_full_ripeness,,,
23,ag_075_044,wheat,2008,2007-10-12,2008-06-10,601375.5459775862,adaptive_95,0.75,4.707345624410664e-13,4.632738637155853e-12,0.0,0.0,0.04267140235271844,222.59,225.0,0.0,219.07476768831324,243.71137532887494,47.95399495915772,0.0,0.0,0.0,20.480198578551683,225.0,0.0,510.7401379763459,8528.006677768411,19056.159420570988,537.003322393719,453.3729858388221,-6.568079413682426e-13,unvalidated-engineering-priors,fixed independent scenario factor; no N cycle,2008-04-24,2008-06-02,2008-06-02,full_ripeness,BBCH89_full_ripeness,2007-10-12,seed_layer_available_water,50.0
23,ag_075_044,fallow,2008,2008-06-11,2008-06-14,601375.5459775862,adaptive_95,0.75,7.460698725481052e-14,0.0,0.0,0.0,1.0,2.49,0.0,0.0,6.273408485252225,0.0,0.0,0.0,0.0,0.0,0.0468135598788956,0.0,0.0,6.273408485252225,0.0,0.0,453.3729858388221,449.54276379369117,-1.8274270985330077e-13,unvalidated-engineering-priors,fixed independent scenario factor; no N cycle,,,,right_censored,BBCH89_full_ripeness,,,
23,ag_075_044,maize,2008,2008-06-15,2008-10-05,601375.5459775862,adaptive_95,0.75,1.0809131367750524e-12,3.808509063674137e-12,0.0,0.0,0.03354275471250856,406.68,60.0,0.0,18.578819209695517,193.75031423335824,91.76225294529979,0.0,0.0,0.0,36.934546777136234,60.0,0.0,304.09138638835356,9022.88686348576,16971.188056614246,449.54276379369117,575.196830628205,-3.6362024502523127e-12,unvalidated-engineering-priors,fixed independent scenario factor; no N cycle,2008-08-11,2008-09-24,2008-09-24,physiological_maturity,R6_physiological_maturity,2008-06-16,seed_layer_available_water,50.0
23,ag_075_044,fallow,2008,2008-10-06,2008-10-11,601375.5459775862,adaptive_95,0.75,9.681144774731365e-14,0.0,0.0,0.0,1.0,1.07,0.0,0.0,16.50383499245927,0.0,0.0,0.0,0.0,0.0,1.1385255873718982,0.0,0.0,16.50383499245927,0.0,0.0,575.196830628205,558.6244700483741,-2.1405099914773018e-13,unvalidated-engineering-priors,fixed independent scenario factor; no N cycle,,,,right_censored,BBCH89_full_ripeness,,,
23,ag_075_044,wheat,2009,2008-10-12,2009-06-10,601375.5459775862,adaptive_95,0.75,4.1300296516055823e-13,4.519051799434237e-12,0.0,0.0,0.04267140235271844,273.08,225.0,0.0,243.3595283175329,245.4875887963586,33.50281893191619,0.0,0.0,0.0,25.66280493934467,225.0,0.0,522.3499360458077,7641.850776506046,17663.639806339568,558.6244700483741,508.69172906321836,3.3668623444782497e-12,unvalidated-engineering-priors,fixed independent scenario factor; no N cycle,2009-04-22,2009-05-29,2009-05-29,full_ripeness,BBCH89_full_ripeness,2008-10-12,seed_layer_available_water,50.0
23,ag_075_044,fallow,2009,2009-06-11,2009-06-14,601375.5459775862,adaptive_95,0.75,1.5720758028692217e-13,0.0,0.0,0.0,1.0,6.72,0.0,0.0,23.44677452134384,0.0,0.0,0.0,0.0,0.0,0.034767946050846696,0.0,0.0,23.44677452134384,0.0,0.0,508.69172906321836,491.9301865958238,-1.1191048088221578e-13,unvalidated-engineering-priors,fixed independent scenario factor; no N cycle,,,,right_censored,BBCH89_full_ripeness,,,
23,ag_075_044,maize,2009,2009-06-15,2009-10-05,601375.5459775862,adaptive_95,0.75,9.583445148564351e-13,4.860112312599085e-12,0.0,0.0,0.03354275471250856,380.83,60.0,0.0,16.032383619770325,230.92956596365397,100.57706019243489,0.0,0.0,0.0,16.537712303787583,60.0,0.0,347.5390097758592,9557.431857859703,19706.926465000815,491.9301865958238,568.6834645161733,3.6934344471717395e-12,unvalidated-engineering-priors,fixed independent scenario factor; no N cycle,2009-08-10,2009-09-29,2009-09-29,physiological_maturity,R6_physiological_maturity,2009-06-15,seed_layer_available_water,50.0
23,ag_075_044,fallow,2009,2009-10-06,2009-10-11,601375.5459775862,adaptive_95,0.75,7.638334409421077e-14,0.0,0.0,0.0,1.0,2.47,0.0,0.0,15.461028067624495,0.0,0.0,0.0,0.0,0.0,0.9991987333018272,0.0,0.0,15.461028067624495,0.0,0.0,568.6834645161733,554.6932377152472,-1.567634910770721e-13,unvalidated-engineering-priors,fixed independent scenario factor; no N cycle,,,,right_censored,BBCH89_full_ripeness,,,
23,ag_075_044,wheat,2010,2009-10-12,2010-06-10,601375.5459775862,adaptive_95,0.75,6.710187960834446e-13,4.405364961712621e-12,0.0,0.0,0.04267140235271844,170.49,225.0,0.0,219.63808571019254,274.2046470745636,37.61096374732034,0.0,0.0,0.0,27.669541583585154,225.0,0.0,531.4536965320765,8627.48123834681,19618.962240875044,554.6932377152472,391.0599995995863,-7.636113963371827e-13,unvalidated-engineering-priors,fixed independent scenario factor; no N cycle,2010-05-04,2010-06-10,2010-06-10,full_ripeness,BBCH89_full_ripeness,2009-10-12,seed_layer_available_water,50.0
23,ag_075_044,fallow,2010,2010-06-11,2010-06-14,601375.5459775862,adaptive_95,0.75,7.460698725481052e-14,0.0,0.0,0.0,1.0,0.0,0.0,0.0,7.513217486655298,0.0,0.0,0.0,0.0,0.0,0.005245837423721193,0.0,0.0,7.513217486655298,0.0,0.0,391.0599995995863,383.54153627550716,1.4455103780619538e-13,unvalidated-engineering-priors,fixed independent scenario factor; no N cycle,,,,right_censored,BBCH89_full_ripeness,,,
23,ag_075_044,maize,2010,2010-06-15,2010-10-05,601375.5459775862,adaptive_95,0.75,9.663381206337363e-13,3.410605131648481e-12,0.0,0.0,0.03354275471250856,551.36,60.0,0.0,19.929276545298798,206.74374628837262,97.48616493285716,0.0,0.0,0.0,56.00364614167355,60.0,0.0,324.1591877665286,8528.955940547346,17422.352207104545,383.54153627550716,614.7387023673034,1.6253665080512292e-12,unvalidated-engineering-priors,fixed independent scenario factor; no N cycle,2010-08-10,2010-09-26,2010-09-26,physiological_maturity,R6_physiological_maturity,2010-06-16,seed_layer_available_water,50.0
23,ag_075_044,fallow,2010,2010-10-06,2010-10-11,601375.5459775862,adaptive_95,0.75,1.1546319456101628e-13,0.0,0.0,0.0,1.0,0.18,0.0,0.0,19.402881676739746,0.0,0.0,0.0,0.0,0.0,4.595502809950712,0.0,0.0,19.402881676739746,0.0,0.0,614.7387023673034,590.9203178806132,-2.5224267119483557e-13,unvalidated-engineering-priors,fixed independent scenario factor; no N cycle,,,,right_censored,BBCH89_full_ripeness,,,
23,ag_075_044,wheat,2011,2010-10-12,2011-06-10,601375.5459775862,adaptive_95,0.5,2.7400304247748863e-13,2.4442670110147446e-12,0.0,0.0,0.04267140235271844,108.71,150.0,0.0,173.73884642657225,270.1558422035913,21.721857009307286,0.0,0.0,0.0,41.390453561821936,150.0,0.0,465.6165456394708,7069.843720694486,16288.894410853663,590.9203178806132,342.62331867932187,-1.4460654895742664e-12,unvalidated-engineering-priors,fixed independent scenario factor; no N cycle,2011-04-25,2011-06-02,2011-06-02,full_ripeness,BBCH89_full_ripeness,2010-10-12,seed_layer_available_water,50.0
23,ag_075_044,fallow,2011,2011-06-11,2011-06-14,601375.5459775862,adaptive_95,0.5,1.3533618670180658e-13,0.0,0.0,0.0,1.0,1.57,0.0,0.0,2.282427410706793,0.0,0.0,0.0,0.0,0.0,0.0016489781468594965,0.0,0.0,2.282427410706793,0.0,0.0,342.62331867932187,341.90924229046806,1.5937251518494122e-13,unvalidated-engineering-priors,fixed independent scenario factor; no N cycle,,,,right_censored,BBCH89_full_ripeness,,,
23,ag_075_044,maize,2011,2011-06-15,2011-10-05,601375.5459775862,adaptive_95,0.5,6.150635556423367e-13,3.694822225952521e-12,0.0,0.0,0.03354275471250856,494.21,40.0,0.0,19.684499986298874,180.133785607932,83.80963657518879,0.0,0.0,0.0,1.896401818526386,40.0,0.0,283.62792216941966,8838.446154947023,16628.74352042665,341.90924229046806,590.5949183025197,2.36594077662744e-12,unvalidated-engineering-priors,fixed independent scenario factor; no N cycle,2011-08-11,2011-10-04,2011-10-04,physiological_maturity,R6_physiological_maturity,2011-06-16,seed_layer_available_water,50.0
23,ag_075_044,fallow,2011,2011-10-06,2011-10-11,601375.5459775862,adaptive_95,0.5,1.2168044349891716e-13,0.0,0.0,0.0,1.0,11.709999999999999,0.0,0.0,16.6122346,0.0,0.0,0.0,0.0,0.0,1.0671318753128274,0.0,0.0,16.6122346,0.0,0.0,590.5949183025197,584.6255518272069,-5.906386491005833e-14,unvalidated-engineering-priors,fixed independent scenario factor; no N cycle,,,,right_censored,BBCH89_full_ripeness,,,
23,ag_075_044,wheat,2012,2011-10-12,2012-06-10,601375.5459775862,adaptive_95,0.5,4.2543746303636e-13,6.266986929404084e-12,0.0,0.0,0.04267140235271844,190.03,150.0,0.0,240.98447095142433,247.1607987686087,27.442079683049144,0.0,0.0,0.0,42.85976368090905,150.0,0.0,515.5873494030822,8291.405399086956,18603.94085558414,584.6255518272069,366.2084387432152,4.927169783286445e-13,unvalidated-engineering-priors,fixed independent scenario factor; no N cycle,2012-04-28,2012-06-04,2012-06-04,full_ripeness,BBCH89_full_ripeness,2011-10-12,seed_layer_available_water,50.0
23,ag_075_044,fallow,2012,2012-06-11,2012-06-14,601375.5459775862,adaptive_95,0.5,6.927791673660977e-14,0.0,0.0,0.0,1.0,0.0,0.0,0.0,1.9426389075532657,0.0,0.0,0.0,0.0,0.0,0.007165972297743305,0.0,0.0,1.9426389075532657,0.0,0.0,366.2084387432152,364.25863386336425,-6.455946888195285e-14,unvalidated-engineering-priors,fixed independent scenario factor; no N cycle,,,,right_censored,BBCH89_full_ripeness,,,
23,ag_075_044,maize,2012,2012-06-15,2012-10-05,601375.5459775862,adaptive_95,0.5,6.501466032204917e-13,3.637978807091713e-12,0.0,0.0,0.03354275471250856,418.76,40.0,0.0,22.005764192019384,205.08043077818763,74.84769606101311,0.0,0.0,0.0,5.008437734465789,40.0,0.0,301.9338910312201,8815.376770397164,16543.651482887384,364.25863386336425,516.0763050976755,2.8618774017274973e-12,unvalidated-engineering-priors,fixed independent scenario factor; no N cycle,2012-08-10,2012-09-26,2012-09-26,physiological_maturity,R6_physiological_maturity,2012-06-16,seed_layer_available_water,50.0
23,ag_075_044,fallow,2012,2012-10-06,2012-10-11,601375.5459775862,adaptive_95,0.5,5.861977570020827e-14,0.0,0.0,0.0,1.0,0.01,0.0,0.0,16.963357175166067,0.0,0.0,0.0,0.0,0.0,0.2565032919333629,0.0,0.0,16.963357175166067,0.0,0.0,516.0763050976755,498.8664446305762,-1.8252066524837574e-13,unvalidated-engineering-priors,fixed independent scenario factor; no N cycle,,,,right_censored,BBCH89_full_ripeness,,,
23,ag_075_044,wheat,2013,2012-10-12,2013-06-10,601375.5459775862,adaptive_95,0.75,3.6859404417555197e-13,2.8848035071860068e-12,0.0,0.0,0.04267140235271844,192.56,225.0,0.0,224.74522109071478,246.3665087120437,34.85457134497679,0.0,0.0,0.0,9.021430097637644,225.0,0.0,505.9663011477353,7236.773615299127,16848.616638167667,498.8664446305762,401.4387133852031,2.2370993946196904e-13,unvalidated-engineering-priors,fixed independent scenario factor; no N cycle,2013-04-29,2013-06-08,2013-06-08,full_ripeness,BBCH89_full_ripeness,2012-10-12,seed_layer_available_water,50.0
23,ag_075_044,fallow,2013,2013-06-11,2013-06-14,601375.5459775862,adaptive_95,0.75,8.948397578478762e-14,0.0,0.0,0.0,1.0,0.0,0.0,0.0,9.585749749410601,0.0,0.0,0.0,0.0,0.0,0.002836602900229965,0.0,0.0,9.585749749410601,0.0,0.0,401.4387133852031,391.8501270328924,-1.312283615106935e-13,unvalidated-engineering-priors,fixed independent scenario factor; no N cycle,,,,right_censored,BBCH89_full_ripeness,,,
23,ag_075_044,maize,2013,2013-06-15,2013-10-05,601375.5459775862,adaptive_95,0.75,6.004086117172847e-13,4.604316927725449e-12,0.0,0.0,0.03354275471250856,252.91,60.0,0.0,21.538088061930182,293.4570530533186,53.885165528238076,0.0,0.0,0.0,1.8360486550238015,60.0,0.0,368.88030664348685,9043.335750562564,17880.60693280976,391.8501270328924,334.0437717343827,-9.89541781848402e-13,unvalidated-engineering-priors,fixed independent scenario factor; no N cycle,2013-08-10,2013-09-21,2013-09-21,physiological_maturity,R6_physiological_maturity,2013-06-16,seed_layer_available_water,50.0
23,ag_075_044,fallow,2013,2013-10-06,2013-10-11,601375.5459775862,adaptive_95,0.75,1.6786572132332367e-13,0.0,0.0,0.0,1.0,0.0,0.0,0.0,5.842875351264833,0.0,0.0,0.0,0.0,0.0,0.0021691698257946634,0.0,0.0,5.842875351264833,0.0,0.0,334.0437717343827,328.19872721329193,1.2856382625159313e-13,unvalidated-engineering-priors,fixed independent scenario factor; no N cycle,,,,right_censored,BBCH89_full_ripeness,,,
23,ag_075_044,wheat,2014,2013-10-12,2014-06-10,601375.5459775862,adaptive_95,1.0,1.9895196601282805e-13,2.7142732506035827e-12,0.0,0.0,0.04267140235271844,163.85,300.0,0.0,265.9418315690616,130.36765488281233,20.571152646812518,0.0,0.0,0.0,0.08095266510309404,300.0,0.0,416.88063909868646,4163.314416482857,9696.162475542436,328.19872721329193,375.08713544950217,2.4097390749489023e-13,unvalidated-engineering-priors,fixed independent scenario factor; no N cycle,2014-04-17,2014-05-27,2014-05-27,full_ripeness,BBCH89_full_ripeness,2013-10-13,seed_layer_available_water,50.0
23,ag_075_044,fallow,2014,2014-06-11,2014-06-14,601375.5459775862,adaptive_95,1.0,4.674038933671909e-14,0.0,0.0,0.0,1.0,0.53,0.0,0.0,2.289887130261564,0.0,0.0,0.0,0.0,0.0,0.0016579861804087678,0.0,0.0,2.289887130261564,0.0,0.0,375.08713544950217,373.32559033306035,-1.4976908602193362e-13,unvalidated-engineering-priors,fixed independent scenario factor; no N cycle,,,,right_censored,BBCH89_full_ripeness,,,
23,ag_075_044,maize,2014,2014-06-15,2014-10-05,601375.5459775862,adaptive_95,1.0,6.155076448521868e-13,3.922195901395753e-12,0.0,0.0,0.03354275471250856,365.33,80.0,0.0,17.587325256252846,215.73347278211173,85.365357239393,0.0,0.0,0.0,0.21139092336939536,80.0,0.0,318.68615527775756,8849.966127197047,18235.17607598476,373.32559033306035,499.7580441319345,-1.1476930517062556e-12,unvalidated-engineering-priors,fixed independent scenario factor; no N cycle,2014-08-12,2014-09-28,2014-09-28,physiological_maturity,R6_physiological_maturity,2014-06-16,seed_layer_available_water,50.0
23,ag_075_044,fallow,2014,2014-10-06,2014-10-11,601375.5459775862,adaptive_95,1.0,7.061018436615996e-14,0.0,0.0,0.0,1.0,0.03,0.0,0.0,18.2551635740626,0.0,0.0,0.0,0.0,0.0,0.031292444339489696,0.0,0.0,18.2551635740626,0.0,0.0,499.7580441319345,481.5015881135324,1.5987211554602254e-14,unvalidated-engineering-priors,fixed independent scenario factor; no N cycle,,,,right_censored,BBCH89_full_ripeness,,,
23,ag_075_044,wheat,2015,2014-10-12,2015-06-10,601375.5459775862,adaptive_95,0.75,6.536993168992922e-13,2.2311041902867146e-12,0.0,0.0,0.04267140235271844,182.41,225.0,0.0,227.87071249139075,198.2497303761478,47.690441864869946,0.0,0.0,0.0,3.9285069109091926,225.0,0.0,473.8108847324085,6719.750835064791,15191.551862910674,481.5015881135324,411.1721964702158,-1.0477729794899915e-12,unvalidated-engineering-priors,fixed independent scenario factor; no N cycle,2015-04-23,2015-05-29,2015-05-29,full_ripeness,BBCH89_full_ripeness,2014-10-12,seed_layer_available_water,50.0
23,ag_075_044,fallow,2015,2015-06-11,2015-06-14,601375.5459775862,adaptive_95,0.75,9.137135492665038e-14,0.0,0.0,0.0,1.0,0.0,0.0,0.0,2.6345575529354592,0.0,0.0,0.0,0.0,0.0,0.012348521602200098,0.0,0.0,2.6345575529354592,0.0,0.0,411.1721964702158,408.5252903956783,-1.900701818158268e-13,unvalidated-engineering-priors,fixed independent scenario factor; no N cycle,,,,right_censored,BBCH89_full_ripeness,,,
23,ag_075_044,maize,2015,2015-06-15,2015-10-05,601375.5459775862,adaptive_95,0.75,6.883382752675971e-13,4.945377440890297e-12,0.0,0.0,0.03354275471250856,348.90000000000003,60.0,0.0,19.097899120996136,219.6724474838726,77.65892851139512,0.0,0.0,0.0,4.1282878035131985,60.0,0.0,316.42927511626385,9426.965291119908,17718.513308654008,408.5252903956783,496.86772747589566,5.6402105208519515e-12,unvalidated-engineering-priors,fixed independent scenario factor; no N cycle,2015-08-12,2015-09-27,2015-09-27,physiological_maturity,R6_physiological_maturity,2015-06-16,seed_layer_available_water,50.0
23,ag_075_044,fallow,2015,2015-10-06,2015-10-11,601375.5459775862,adaptive_95,0.75,7.549516567451064e-14,0.0,0.0,0.0,1.0,12.94,0.0,0.0,17.91005728008197,0.0,0.0,0.0,0.0,0.0,0.16593157375267809,0.0,0.0,17.91005728008197,0.0,0.0,496.86772747589566,491.73173862206096,5.551115123125783e-14,unvalidated-engineering-priors,fixed independent scenario factor; no N cycle,,,,right_censored,BBCH89_full_ripeness,,,
23,ag_075_044,wheat,2016,2015-10-12,2016-06-10,601375.5459775862,adaptive_95,0.75,3.9324099532223045e-13,2.8848035071860068e-12,0.0,0.0,0.04267140235271844,248.93,225.0,0.0,270.77265676802944,237.07064333767767,32.715527872963165,0.0,0.0,0.0,8.654079728609934,225.0,0.0,540.5588279786703,7365.906536871777,17028.218959275095,491.73173862206096,416.44883091478044,3.161360062620133e-13,unvalidated-engineering-priors,fixed independent scenario factor; no N cycle,2016-04-21,2016-05-29,2016-05-29,full_ripeness,BBCH89_full_ripeness,2015-10-12,seed_layer_available_water,50.0
23,ag_075_044,fallow,2016,2016-06-11,2016-06-14,601375.5459775862,adaptive_95,0.75,5.861977570020827e-14,0.0,0.0,0.0,1.0,10.25,0.0,0.0,14.925741213808775,0.0,0.0,0.0,0.0,0.0,0.003913252655744365,0.0,0.0,14.925741213808775,0.0,0.0,416.44883091478044,411.76917644831605,-1.2079226507921703e-13,unvalidated-engineering-priors,fixed independent scenario factor; no N cycle,,,,right_censored,BBCH89_full_ripeness,,,
23,ag_075_044,maize,2016,2016-06-15,2016-10-05,601375.5459775862,adaptive_95,0.75,1.3029577417000837e-12,2.0463630789890885e-12,0.0,0.0,0.03354275471250856,413.79,60.0,0.0,21.16376812382609,225.6069411714992,83.75372207104698,0.0,0.0,0.0,14.442543076295335,60.0,0.0,330.52443136637226,8889.53271824817,16891.856467889476,411.76917644831605,540.5922020056493,-7.991385331251877e-13,unvalidated-engineering-priors,fixed independent scenario factor; no N cycle,2016-08-09,2016-09-21,2016-09-21,physiological_maturity,R6_physiological_maturity,2016-06-15,seed_layer_available_water,50.0
23,ag_075_044,fallow,2016,2016-10-06,2016-10-11,601375.5459775862,adaptive_95,0.75,1.2922996006636822e-13,0.0,0.0,0.0,1.0,1.41,0.0,0.0,14.8486596296241,0.0,0.0,0.0,0.0,0.0,0.44384014702701974,0.0,0.0,14.8486596296241,0.0,0.0,540.5922020056493,526.7097022289981,-3.552713678800501e-15,unvalidated-engineering-priors,fixed independent scenario factor; no N cycle,,,,right_censored,BBCH89_full_ripeness,,,
23,ag_075_044,wheat,2017,2016-10-12,2017-06-10,601375.5459775862,adaptive_95,0.75,5.213607323639735e-13,2.5721647034515627e-12,0.0,0.0,0.04267140235271844,244.75,225.0,0.0,275.71318082541677,234.93988122848916,38.81158973624814,0.0,0.0,0.0,26.427596151955647,225.0,0.0,549.4646517901541,7886.81649177786,17565.60301398864,526.7097022289981,420.5674542868847,3.734901277141489e-12,unvalidated-engineering-priors,fixed independent scenario factor; no N cycle,2017-04-19,2017-05-29,2017-05-29,full_ripeness,BBCH89_full_ripeness,2016-10-12,seed_layer_available_water,50.0
23,ag_075_044,fallow,2017,2017-06-11,2017-06-14,601375.5459775862,adaptive_95,0.75,1.532107773982716e-13,0.0,0.0,0.0,1.0,1.92,0.0,0.0,5.828322591045634,0.0,0.0,0.0,0.0,0.0,0.013536410624935637,0.0,0.0,5.828322591045634,0.0,0.0,420.5674542868847,416.64559528521426,-1.2811973704174306e-13,unvalidated-engineering-priors,fixed independent scenario factor; no N cycle,,,,right_censored,BBCH89_full_ripeness,,,
23,ag_075_044,maize,2017,2017-06-15,2017-10-05,601375.5459775862,adaptive_95,0.75,1.0893508317622036e-12,3.922195901395753e-12,0.0,0.0,0.03354275471250856,444.59000000000003,60.0,0.0,17.779702862623974,216.0126402564598,103.20907772602281,0.0,0.0,0.0,6.0129740628115345,60.0,0.0,337.00142084510657,8773.302199413522,18399.471597083248,416.64559528521426,578.2212003773002,-4.052314039881821e-12,unvalidated-engineering-priors,fixed independent scenario factor; no N cycle,2017-08-11,2017-09-24,2017-09-24,physiological_maturity,R6_physiological_maturity,2017-06-16,seed_layer_available_water,50.0
23,ag_075_044,fallow,2017,2017-10-06,2017-10-11,601375.5459775862,adaptive_95,0.75,2.2459811788166917e-13,0.0,0.0,0.0,1.0,14.01,0.0,0.0,8.516992299999998,0.0,0.0,0.0,0.0,0.0,0.6259655274308872,0.0,0.0,8.516992299999998,0.0,0.0,578.2212003773002,583.0882425498694,-8.448797217397441e-14,unvalidated-engineering-priors,fixed independent scenario factor; no N cycle,,,,right_censored,BBCH89_full_ripeness,,,
23,ag_075_044,wheat,2018,2017-10-12,2018-06-10,601375.5459775862,adaptive_95,1.0,5.204725539442734e-13,4.291678123991005e-12,0.0,0.0,0.04267140235271844,244.27,300.0,0.0,249.35460923022998,250.06901309278803,49.1147921612139,0.0,0.0,0.0,48.52779281419161,300.0,0.0,548.5384144842319,7485.739066880116,17569.509710899485,583.0882425498694,530.2920352514493,-3.4418023986404478e-12,unvalidated-engineering-priors,fixed independent scenario factor; no N cycle,2018-04-19,2018-05-27,2018-05-27,full_ripeness,BBCH89_full_ripeness,2017-10-12,seed_layer_available_water,50.0
23,ag_075_044,fallow,2018,2018-06-11,2018-06-14,601375.5459775862,adaptive_95,1.0,1.91402449445377e-13,0.0,0.0,0.0,1.0,3.96,0.0,0.0,12.38221485190115,0.0,0.0,0.0,0.0,0.0,0.56429463061825,0.0,0.0,12.38221485190115,0.0,0.0,530.2920352514493,521.30552576893,-1.0391687510491465e-13,unvalidated-engineering-priors,fixed independent scenario factor; no N cycle,,,,right_censored,BBCH89_full_ripeness,,,
23,ag_075_044,maize,2018,2018-06-15,2018-10-05,601375.5459775862,adaptive_95,1.0,9.015010959956271e-13,2.8705926524708048e-12,0.0,0.0,0.03354275471250856,453.75,80.0,0.0,19.176983948337437,246.53429977784,79.01368782643783,0.0,0.0,0.0,108.45559326824802,80.0,0.0,344.7249715526153,8170.469111427024,16593.40556219019,521.30552576893,601.8749609480686,-1.8950396807326797e-12,unvalidated-engineering-priors,fixed independent scenario factor; no N cycle,2018-08-10,2018-09-22,2018-09-22,physiological_maturity,R6_physiological_maturity,2018-06-16,seed_layer_available_water,50.0
23,ag_075_044,fallow,2018,2018-10-06,2018-10-11,601375.5459775862,adaptive_95,1.0,1.1857181902996672e-13,0.0,0.0,0.0,1.0,0.18,0.0,0.0,20.31281344743627,0.0,0.0,0.0,0.0,0.0,2.652090197487205,0.0,0.0,20.31281344743627,0.0,0.0,601.8749609480686,579.0900573031448,3.4150460237469815e-13,unvalidated-engineering-priors,fixed independent scenario factor; no N cycle,,,,right_censored,BBCH89_full_ripeness,,,
23,ag_075_044,wheat,2019,2018-10-12,2019-06-10,601375.5459775862,adaptive_95,1.0,8.251177519014163e-13,4.007461029686965e-12,0.0,0.0,0.04267140235271844,110.49,300.0,0.0,228.27353986213376,268.3342225811334,31.024366726978723,0.0,0.0,0.0,43.404381445939165,300.0,0.0,527.6321291702459,8518.938844231981,18659.66790596032,579.0900573031448,418.54354668695885,9.064970996064403e-13,unvalidated-engineering-priors,fixed independent scenario factor; no N cycle,2019-04-21,2019-05-31,2019-05-31,full_ripeness,BBCH89_full_ripeness,2018-10-12,seed_layer_available_water,50.0
23,ag_075_044,fallow,2019,2019-06-11,2019-06-14,601375.5459775862,adaptive_95,1.0,4.8183679268731794e-14,0.0,0.0,0.0,1.0,0.01,0.0,0.0,3.503413221068452,0.0,0.0,0.0,0.0,0.0,0.015965989721082253,0.0,0.0,3.503413221068452,0.0,0.0,418.54354668695885,415.0341674761693,4.0745185003743245e-14,unvalidated-engineering-priors,fixed independent scenario factor; no N cycle,,,,right_censored,BBCH89_full_ripeness,,,
23,ag_075_044,maize,2019,2019-06-15,2019-10-05,601375.5459775862,adaptive_95,1.0,4.2588155224621005e-13,3.865352482534945e-12,0.0,0.0,0.03354275471250856,260.46,80.0,0.0,20.387112442816115,247.571782634225,79.7080539017581,0.0,0.0,0.0,0.5657382988565167,80.0,0.0,347.6669489787992,8925.764666927435,18167.04898703168,415.0341674761693,407.26148019851314,4.0256686872908176e-13,unvalidated-engineering-priors,fixed independent scenario factor; no N cycle,2019-08-11,2019-09-24,2019-09-24,physiological_maturity,R6_physiological_maturity,2019-06-16,seed_layer_available_water,50.0
23,ag_075_044,fallow,2019,2019-10-06,2019-10-11,601375.5459775862,adaptive_95,1.0,8.171241461241152e-14,0.0,0.0,0.0,1.0,21.72,0.0,0.0,11.690174449999997,0.0,0.0,0.0,0.0,0.0,0.001593616424251322,0.0,0.0,11.690174449999997,0.0,0.0,407.26148019851314,417.28971213208894,-4.707345624410664e-14,unvalidated-engineering-priors,fixed independent scenario factor; no N cycle,,,,right_censored,BBCH89_full_ripeness,,,
23,ag_075_044,wheat,2020,2019-10-12,2020-06-10,601375.5459775862,adaptive_95,0.75,1.7075230118734908e-13,2.8421709430404007e-12,0.0,0.0,0.04267140235271844,159.19,225.0,0.0,213.335508064224,217.73611639994738,35.95330904595187,0.0,0.0,0.0,0.3373422010414457,225.0,0.0,467.0249335101232,6576.81941755611,15411.17420217906,417.28971213208894,334.1174364209244,-1.1696199564426024e-13,unvalidated-engineering-priors,fixed independent scenario factor; no N cycle,2020-04-17,2020-05-28,2020-05-28,full_ripeness,BBCH89_full_ripeness,2019-10-12,seed_layer_available_water,50.0
23,ag_075_044,fallow,2020,2020-06-11,2020-06-14,601375.5459775862,adaptive_95,0.75,9.414691248821327e-14,0.0,0.0,0.0,1.0,22.19,0.0,0.0,14.367339000968467,0.0,0.0,0.0,0.0,0.0,0.00044828097760244676,0.0,0.0,14.367339000968467,0.0,0.0,334.1174364209244,341.9396491389784,-7.416289804496046e-14,unvalidated-engineering-priors,fixed independent scenario factor; no N cycle,,,,right_censored,BBCH89_full_ripeness,,,
23,ag_075_044,maize,2020,2020-06-15,2020-10-05,601375.5459775862,adaptive_95,0.75,7.86926079854311e-13,3.637978807091713e-12,0.0,0.0,0.03354275471250856,380.78,60.0,0.0,18.037196318295727,227.29646220942493,70.44448066082533,0.0,0.0,0.0,3.71642135483735,60.0,0.0,315.778139188546,9029.576307150846,16731.85355659416,341.9396491389784,463.22508859559474,3.018141292443488e-13,unvalidated-engineering-priors,fixed independent scenario factor; no N cycle,2020-08-12,2020-09-23,2020-09-23,physiological_maturity,R6_physiological_maturity,2020-06-16,seed_layer_available_water,50.0
23,ag_075_044,fallow,2020,2020-10-06,2020-10-11,601375.5459775862,adaptive_95,0.75,5.984102102729594e-14,0.0,0.0,0.0,1.0,1.23,0.0,0.0,9.527264756299914,0.0,0.0,0.0,0.0,0.0,0.10143927456606042,0.0,0.0,9.527264756299914,0.0,0.0,463.22508859559474,454.82638456472876,1.2101430968414206e-14,unvalidated-engineering-priors,fixed independent scenario factor; no N cycle,,,,right_censored,BBCH89_full_ripeness,,,
23,ag_075_044,wheat,2021,2020-10-12,2021-06-10,601375.5459775862,adaptive_95,0.75,4.654054919228656e-13,3.637978807091713e-12,0.0,0.0,0.04267140235271844,177.97,225.0,0.0,210.71095962959996,239.88990790683434,37.94735623413159,0.0,0.0,0.0,3.985405308939494,225.0,0.0,488.54822377056587,7283.699525395452,16786.220232912703,454.82638456472876,365.262755485225,-1.6335821584334553e-12,unvalidated-engineering-priors,fixed independent scenario factor; no N cycle,2021-04-16,2021-05-26,2021-05-26,full_ripeness,BBCH89_full_ripeness,2020-10-12,seed_layer_available_water,50.0
23,ag_075_044,fallow,2021,2021-06-11,2021-06-14,601375.5459775862,adaptive_95,0.75,1.3145040611561853e-13,0.0,0.0,0.0,1.0,31.15,0.0,0.0,5.171967929331817,0.0,0.0,0.0,0.0,0.0,0.0020645880156491612,0.0,0.0,5.171967929331817,0.0,0.0,365.262755485225,391.2387229678775,4.0967229608668276e-14,unvalidated-engineering-priors,fixed independent scenario factor; no N cycle,,,,right_censored,BBCH89_full_ripeness,,,
23,ag_075_044,maize,2021,2021-06-15,2021-10-05,601375.5459775862,adaptive_95,0.75,1.0302869668521453e-12,4.348521542851813e-12,1.4210854715202004e-14,0.0,0.03354275471250856,840.06,60.0,0.0,17.571333479573767,208.40933826594338,93.28863654404212,0.0,0.0,0.0,240.8078713255564,60.0,0.0,319.26930828955926,8527.088518935783,17264.587003093875,391.2387229678775,731.2215433527588,3.1002977962657496e-12,unvalidated-engineering-priors,fixed independent scenario factor; no N cycle,2021-08-09,2021-09-23,2021-09-23,physiological_maturity,R6_physiological_maturity,2021-06-15,seed_layer_available_water,50.0
23,ag_075_044,fallow,2021,2021-10-06,2021-10-11,601375.5459775862,adaptive_95,0.75,1.5987211554602254e-13,0.0,0.0,0.0,1.0,20.35,0.0,0.0,10.546109099999999,0.0,0.0,0.0,0.0,0.0,29.58297711842276,0.0,0.0,10.546109099999999,0.0,0.0,731.2215433527588,711.4424571343361,-9.814371537686384e-14,unvalidated-engineering-priors,fixed independent scenario factor; no N cycle,,,,right_censored,BBCH89_full_ripeness,,,
23,ag_075_044,wheat,2022,2021-10-12,2022-06-10,601375.5459775862,adaptive_95,0.5,5.759837051755312e-13,3.765876499528531e-12,0.0,0.0,0.04267140235271844,108.95,150.0,0.0,195.8624374861696,285.35178456735673,39.56936543094426,0.0,0.0,0.0,122.98262841118374,150.0,0.0,520.7835874844706,8808.266294959094,19849.764063835108,711.4424571343361,326.62624123868136,4.150013666048835e-13,unvalidated-engineering-priors,fixed independent scenario factor; no N cycle,2022-04-18,2022-05-30,2022-05-30,full_ripeness,BBCH89_full_ripeness,2021-10-12,seed_layer_available_water,50.0
23,ag_075_044,fallow,2022,2022-06-11,2022-06-14,601375.5459775862,adaptive_95,0.5,1.237343560944737e-13,0.0,0.0,0.0,1.0,0.78,0.0,0.0,1.7357377663283993,0.0,0.0,0.0,0.0,0.0,0.0014891445330907668,0.0,0.0,1.7357377663283993,0.0,0.0,326.62624123868136,325.6690143278199,-5.3734794391857577e-14,unvalidated-engineering-priors,fixed independent scenario factor; no N cycle,,,,right_censored,BBCH89_full_ripeness,,,
23,ag_075_044,maize,2022,2022-06-15,2022-10-05,601375.5459775862,adaptive_95,0.5,6.3860028376439e-13,3.637978807091713e-12,0.0,0.0,0.03354275471250856,409.42,40.0,0.0,22.20463559319878,245.10135372605956,66.49225048129071,0.0,0.0,0.0,1.7166863379826094,40.0,0.0,333.798239800549,8941.738414918742,16885.482027928017,325.6690143278199,439.5740881892863,2.0048407378681077e-12,unvalidated-engineering-priors,fixed independent scenario factor; no N cycle,2022-08-12,2022-09-25,2022-09-25,physiological_maturity,R6_physiological_maturity,2022-06-16,seed_layer_available_water,50.0
23,ag_075_044,fallow,2022,2022-10-06,2022-10-11,601375.5459775862,adaptive_95,0.5,1.0347278589506459e-13,0.0,0.0,0.0,1.0,0.32,0.0,0.0,15.718686469524481,0.0,0.0,0.0,0.0,0.0,0.009537488499226334,0.0,0.0,15.718686469524481,0.0,0.0,439.5740881892863,424.1658642312627,-1.0946799022804043e-13,unvalidated-engineering-priors,fixed independent scenario factor; no N cycle,,,,right_censored,BBCH89_full_ripeness,,,
23,ag_075_044,wheat,2023,2022-10-12,2023-06-10,601375.5459775862,adaptive_95,0.75,1.9184653865522705e-13,3.211653165635653e-12,0.0,0.0,0.04267140235271844,251.04999999999998,225.0,0.0,285.0255632017879,175.90277429070423,26.256786416178297,0.0,0.0,0.0,0.6565630842335182,225.0,0.0,487.18512390867045,5185.624423054116,12097.761611816808,424.1658642312627,412.3741772383586,1.4527268277220173e-13,unvalidated-engineering-priors,fixed independent scenario factor; no N cycle,2023-04-15,2023-05-26,2023-05-26,full_ripeness,BBCH89_full_ripeness,2022-10-12,seed_layer_available_water,50.0
23,ag_075_044,fallow,2023,2023-06-11,2023-06-14,601375.5459775862,adaptive_95,0.75,6.350475700855895e-14,0.0,0.0,0.0,1.0,2.07,0.0,0.0,4.719243106022697,0.0,0.0,0.0,0.0,0.0,0.008116919546328052,0.0,0.0,4.719243106022697,0.0,0.0,412.3741772383586,409.7168172127896,-2.0317081350640365e-14,unvalidated-engineering-priors,fixed independent scenario factor; no N cycle,,,,right_censored,BBCH89_full_ripeness,,,
23,ag_075_044,maize,2023,2023-06-15,2023-10-05,601375.5459775862,adaptive_95,0.75,8.804068585277491e-13,4.163780431554187e-12,0.0,0.0,0.03354275471250856,472.86,60.0,0.0,17.917606431776978,245.58380709830126,94.6791185801248,0.0,0.0,0.0,4.074117388473445,60.0,0.0,358.18053211020305,9537.276709222382,19608.982948974928,409.7168172127896,580.3221677141106,2.4926727348884015e-12,unvalidated-engineering-priors,fixed independent scenario factor; no N cycle,2023-08-11,2023-09-22,2023-09-22,physiological_maturity,R6_physiological_maturity,2023-06-16,seed_layer_available_water,50.0
23,ag_075_044,fallow,2023,2023-10-06,2023-10-11,601375.5459775862,adaptive_95,0.75,1.8474111129762605e-13,0.0,0.0,0.0,1.0,0.25,0.0,0.0,16.344304199999996,0.0,0.0,0.0,0.0,0.0,0.8151465196188931,0.0,0.0,16.344304199999996,0.0,0.0,580.3221677141106,563.4127169944917,2.731148640577885e-14,unvalidated-engineering-priors,fixed independent scenario factor; no N cycle,,,,right_censored,BBCH89_full_ripeness,,,
23,ag_075_044,wheat,2024,2023-10-12,2024-06-10,601375.5459775862,adaptive_95,0.5,4.0101255649460654e-13,4.376943252282217e-12,0.0,0.0,0.04267140235271844,160.54,150.0,0.0,217.619308156143,275.19113781571053,30.96041090361091,0.0,0.0,0.0,24.43229635877651,150.0,0.0,523.7708568754645,8253.300114933652,18565.15072620532,563.4127169944917,325.74956376025114,-4.1572301157088987e-13,unvalidated-engineering-priors,fixed independent scenario factor; no N cycle,2024-04-19,2024-05-29,2024-05-29,full_ripeness,BBCH89_full_ripeness,2023-10-12,seed_layer_available_water,50.0
23,ag_075_044,fallow,2024,2024-06-11,2024-06-14,601375.5459775862,adaptive_95,0.5,3.0808688933348094e-14,0.0,0.0,0.0,1.0,4.9399999999999995,0.0,0.0,4.849658658078724,0.0,0.0,0.0,0.0,0.0,0.001700853881200833,0.0,0.0,4.849658658078724,0.0,0.0,325.74956376025114,325.8382042482912,-9.048317650695026e-15,unvalidated-engineering-priors,fixed independent scenario factor; no N cycle,,,,right_censored,BBCH89_full_ripeness,,,
23,ag_075_044,maize,2024,2024-06-15,2024-10-05,601375.5459775862,adaptive_95,0.5,7.585043704239069e-13,2.7284841053187847e-12,0.0,0.0,0.03354275471250856,531.34,40.0,0.0,20.57235142718947,206.7728570485819,100.60190459317175,0.0,0.0,0.0,12.024007254171188,40.0,0.0,327.9471130689431,8162.974368874116,15989.648853529128,325.8382042482912,557.207083925178,-1.1517453657461374e-12,unvalidated-engineering-priors,fixed independent scenario factor; no N cycle,2024-08-09,2024-09-19,2024-09-19,physiological_maturity,R6_physiological_maturity,2024-06-16,seed_layer_available_water,50.0
23,ag_075_044,fallow,2024,2024-10-06,2024-10-11,601375.5459775862,adaptive_95,0.5,2.3359092438113294e-13,0.0,0.0,0.0,1.0,2.91,0.0,0.0,16.710887,0.0,0.0,0.0,0.0,0.0,0.4666900957778355,0.0,0.0,16.710887,0.0,0.0,557.207083925178,542.9395068294002,-9.769962616701378e-15,unvalidated-engineering-priors,fixed independent scenario factor; no N cycle,,,,right_censored,BBCH89_full_ripeness,,,
23,ag_075_044,wheat,2025,2024-10-12,2025-06-10,601375.5459775862,adaptive_95,0.5,2.8554936193359026e-13,3.808509063674137e-12,0.0,0.0,0.04267140235271844,184.34,150.0,0.0,222.28108693426972,292.7130131476973,32.429311903680585,0.0,0.0,0.0,21.017932291032974,150.0,0.0,547.4234119856476,8076.873170742633,18512.802036475114,542.9395068294002,308.83816255271887,7.532585666325531e-13,unvalidated-engineering-priors,fixed independent scenario factor; no N cycle,2025-04-17,2025-05-27,2025-05-27,full_ripeness,BBCH89_full_ripeness,2024-10-12,seed_layer_available_water,50.0
23,ag_075_044,fallow,2025,2025-06-11,2025-06-14,601375.5459775862,adaptive_95,0.5,5.365152766501069e-14,0.0,0.0,0.0,1.0,1.4700000000000002,0.0,0.0,1.3841549237519666,0.0,0.0,0.0,0.0,0.0,0.0006849858380217461,0.0,0.0,1.3841549237519666,0.0,0.0,308.83816255271887,308.92332264312887,1.2240208846492351e-14,unvalidated-engineering-priors,fixed independent scenario factor; no N cycle,,,,right_censored,BBCH89_full_ripeness,,,
23,ag_075_044,maize,2025,2025-06-15,2025-10-05,601375.5459775862,adaptive_95,0.5,8.744116541947733e-13,3.240074875066057e-12,0.0,0.0,0.03354275471250856,629.51,40.0,0.0,18.60986161434675,198.0006639820411,94.48306585744652,0.0,0.0,0.0,2.005577876551438,40.0,0.0,311.0935914538344,8309.263243911355,17109.74510548752,308.92332264312887,665.3341533127434,-3.518296765037121e-13,unvalidated-engineering-priors,fixed independent scenario factor; no N cycle,2025-08-10,2025-09-24,2025-09-24,physiological_maturity,R6_physiological_maturity,2025-06-16,seed_layer_available_water,50.0
23,ag_075_044,fallow,1996,1996-01-01,1996-10-11,601375.5459775862,adaptive_98,1.0,2.2537527399890678e-13,0.0,0.0,0.0,1.0,754.98,0.0,0.0,552.3186758139509,0.0,0.0,0.0,0.0,0.0,82.18796312053631,0.0,0.0,552.3186758139509,0.0,0.0,486.589374113015,607.0627351785278,7.505107646466058e-14,unvalidated-engineering-priors,fixed independent scenario factor; no N cycle,,,,right_censored,BBCH89_full_ripeness,,,
23,ag_075_044,wheat,1997,1996-10-12,1997-06-10,601375.5459775862,adaptive_98,1.0,9.134915046615788e-13,7.062794793455396e-12,0.0,0.0,0.04267140235271844,202.71,300.0,0.0,255.70057171503393,241.37880755844012,36.13797247100474,0.0,0.0,0.0,78.86675379574069,300.0,0.0,533.2173517444787,8646.913332196864,19086.739009381738,607.0627351785278,497.6886296383086,-3.3489877537817847e-13,unvalidated-engineering-priors,fixed independent scenario factor; no N cycle,1997-04-27,1997-06-03,1997-06-03,full_ripeness,BBCH89_full_ripeness,1996-10-12,seed_layer_available_water,50.0
23,ag_075_044,fallow,1997,1997-06-11,1997-06-14,601375.5459775862,adaptive_98,1.0,1.822986206434507e-13,0.0,0.0,0.0,1.0,2.9899999999999998,0.0,0.0,5.469218820845822,0.0,0.0,0.0,0.0,0.0,0.35556427459241,0.0,0.0,5.469218820845822,0.0,0.0,497.6886296383086,494.8538465428704,7.771561172376096e-15,unvalidated-engineering-priors,fixed independent scenario factor; no N cycle,,,,right_censored,BBCH89_full_ripeness,,,
23,ag_075_044,maize,1997,1997-06-15,1997-10-05,601375.5459775862,adaptive_98,1.0,9.485745522397337e-13,3.865352482534945e-12,0.0,0.0,0.03354275471250856,224.66,80.0,0.0,19.72492534136477,312.21924959603064,70.26080498496779,0.0,0.0,0.0,9.701160519398133,80.0,0.0,402.2049799223632,11473.222449062952,21500.234919611263,494.8538465428704,387.6077061011067,2.3695490014574716e-12,unvalidated-engineering-priors,fixed independent scenario factor; no N cycle,1997-08-11,1997-09-29,1997-09-29,physiological_maturity,R6_physiological_maturity,1997-06-16,seed_layer_available_water,50.0
23,ag_075_044,fallow,1997,1997-10-06,1997-10-11,601375.5459775862,adaptive_98,1.0,7.638334409421077e-14,0.0,0.0,0.0,1.0,0.0,0.0,0.0,13.016170256419109,0.0,0.0,0.0,0.0,0.0,0.004515379103937516,0.0,0.0,13.016170256419109,0.0,0.0,387.6077061011067,374.5870204655837,-2.220446049250313e-14,unvalidated-engineering-priors,fixed independent scenario factor; no N cycle,,,,right_censored,BBCH89_full_ripeness,,,
23,ag_075_044,wheat,1998,1997-10-12,1998-06-10,601375.5459775862,adaptive_98,1.0,1.1683987111155147e-12,3.495870259939693e-12,0.0,0.0,0.04267140235271844,393.03,300.0,0.0,261.7347467728341,166.72521663741313,64.48154367857292,0.0,0.0,0.0,9.409910771769733,300.0,0.0,492.9415070888201,6704.269411117002,15753.267314383445,374.5870204655837,565.2656026049928,1.0592637877948619e-12,unvalidated-engineering-priors,fixed independent scenario factor; no N cycle,1998-04-26,1998-06-03,1998-06-03,full_ripeness,BBCH89_full_ripeness,1997-10-13,seed_layer_available_water,50.0
23,ag_075_044,fallow,1998,1998-06-11,1998-06-14,601375.5459775862,adaptive_98,1.0,1.412203687323199e-13,0.0,0.0,0.0,1.0,39.29,0.0,0.0,13.395240891797012,0.0,0.0,0.0,0.0,0.0,1.662251092048749,0.0,0.0,13.395240891797012,0.0,0.0,565.2656026049928,589.498110621147,-3.241851231905457e-14,unvalidated-engineering-priors,fixed independent scenario factor; no N cycle,,,,right_censored,BBCH89_full_ripeness,,,
23,ag_075_044,maize,1998,1998-06-15,1998-10-05,601375.5459775862,adaptive_98,1.0,1.1617373729677638e-12,4.746425474877469e-12,0.0,0.0,0.03354275471250856,598.98,80.0,0.0,18.590382786291325,211.22857234051972,112.39911531969412,0.0,0.0,0.0,356.0332790134096,80.0,0.0,342.2180704465052,9124.967242070063,17761.473013945455,589.498110621147,570.2267611612275,4.728550884181004e-12,unvalidated-engineering-priors,fixed independent scenario factor; no N cycle,1998-08-09,1998-09-20,1998-09-20,physiological_maturity,R6_physiological_maturity,1998-06-15,seed_layer_available_water,50.0
23,ag_075_044,fallow,1998,1998-10-06,1998-10-11,601375.5459775862,adaptive_98,1.0,2.3314683517128287e-13,0.0,0.0,0.0,1.0,0.56,0.0,0.0,14.18415121616878,0.0,0.0,0.0,0.0,0.0,1.985330782245533,0.0,0.0,14.18415121616878,0.0,0.0,570.2267611612275,554.6172791628132,-6.128431095930864e-14,unvalidated-engineering-priors,fixed independent scenario factor; no N cycle,,,,right_censored,BBCH89_full_ripeness,,,
23,ag_075_044,wheat,1999,1998-10-12,1999-06-10,601375.5459775862,adaptive_98,1.0,9.07718344933528e-13,3.126388037344441e-12,0.0,0.0,0.04267140235271844,210.58,300.0,0.0,231.7357014067933,231.54412654821152,45.237122196154964,0.0,0.0,0.0,37.437147959366555,300.0,0.0,508.5169501511598,7572.884184145808,17645.92943945134,554.6172791628132,519.2431810522855,1.3563594691845537e-12,unvalidated-engineering-priors,fixed independent scenario factor; no N cycle,1999-04-21,1999-05-28,1999-05-28,full_ripeness,BBCH89_full_ripeness,1998-10-12,seed_layer_available_water,50.0
23,ag_075_044,fallow,1999,1999-06-11,1999-06-14,601375.5459775862,adaptive_98,1.0,2.0294876890147862e-13,0.0,0.0,0.0,1.0,1.57,0.0,0.0,5.241114316218745,0.0,0.0,0.0,0.0,0.0,0.5690345787909697,0.0,0.0,5.241114316218745,0.0,0.0,519.2431810522855,515.0030321572759,-1.0369483049998962e-13,unvalidated-engineering-priors,fixed independent scenario factor; no N cycle,,,,right_censored,BBCH89_full_ripeness,,,
23,ag_075_044,maize,1999,1999-06-15,1999-10-05,601375.5459775862,adaptive_98,1.0,9.778844400898379e-13,4.035882739117369e-12,0.0,0.0,0.03354275471250856,475.67,80.0,0.0,18.388068480385137,245.61186991087072,88.30781139133688,0.0,0.0,0.0,116.85966359921616,80.0,0.0,352.30774978259274,10079.43397439555,19770.938324369825,515.0030321572759,601.5056187754681,-1.0491052471195417e-12,unvalidated-engineering-priors,fixed independent scenario factor; no N cycle,1999-08-12,1999-09-26,1999-09-26,physiological_maturity,R6_physiological_maturity,1999-06-16,seed_layer_available_water,50.0
23,ag_075_044,fallow,1999,1999-10-06,1999-10-11,601375.5459775862,adaptive_98,1.0,2.2648549702353193e-13,0.0,0.0,0.0,1.0,6.74,0.0,0.0,14.299601500000001,0.0,0.0,0.0,0.0,0.0,1.0938872552086223,0.0,0.0,14.299601500000001,0.0,0.0,601.5056187754681,592.8521300202589,5.724309914967307e-13,unvalidated-engineering-priors,fixed independent scenario factor; no N cycle,,,,right_censored,BBCH89_full_ripeness,,,
23,ag_075_044,wheat,2000,1999-10-12,2000-06-10,601375.5459775862,adaptive_98,1.0,5.782041512247815e-13,4.519051799434237e-12,0.0,0.0,0.04267140235271844,156.28,300.0,0.0,239.310255994939,307.4632647405073,40.31538881436742,0.0,0.0,0.0,54.91590825626703,300.0,0.0,587.0889095498138,9500.473301929873,21495.469919158226,592.8521300202589,407.12731221417937,-1.3062884107739592e-12,unvalidated-engineering-priors,fixed independent scenario factor; no N cycle,2000-04-23,2000-05-31,2000-05-31,full_ripeness,BBCH89_full_ripeness,1999-10-12,seed_layer_available_water,50.0
23,ag_075_044,fallow,2000,2000-06-11,2000-06-14,601375.5459775862,adaptive_98,1.0,6.061817714453355e-14,0.0,0.0,0.0,1.0,6.2700000000000005,0.0,0.0,8.069388473199464,0.0,0.0,0.0,0.0,0.0,0.007766402652231431,0.0,0.0,8.069388473199464,0.0,0.0,407.12731221417937,405.3201573383276,8.504308368628699e-14,unvalidated-engineering-priors,fixed independent scenario factor; no N cycle,,,,right_censored,BBCH89_full_ripeness,,,
23,ag_075_044,maize,2000,2000-06-15,2000-10-05,601375.5459775862,adaptive_98,1.0,1.1257661469699087e-12,2.1316282072803006e-12,0.0,0.0,0.03354275471250856,746.61,80.0,0.0,20.751064871968392,158.8163237017598,84.76442285952186,0.0,0.0,0.0,309.21069101438883,80.0,0.0,264.33181143325004,7327.158845123638,14687.763856093581,405.3201573383276,658.3876548906879,7.924771949774367e-13,unvalidated-engineering-priors,fixed independent scenario factor; no N cycle,2000-08-10,2000-09-23,2000-09-23,physiological_maturity,R6_physiological_maturity,2000-06-16,seed_layer_available_water,50.0
23,ag_075_044,fallow,2000,2000-10-06,2000-10-11,601375.5459775862,adaptive_98,1.0,1.7763568394002505e-13,0.0,0.0,0.0,1.0,40.85,0.0,0.0,12.280764199999998,0.0,0.0,0.0,0.0,0.0,7.4683121671844805,0.0,0.0,12.280764199999998,0.0,0.0,658.3876548906879,679.4885785235036,-1.7186252421197423e-13,unvalidated-engineering-priors,fixed independent scenario factor; no N cycle,,,,right_censored,BBCH89_full_ripeness,,,
23,ag_075_044,wheat,2001,2000-10-12,2001-06-10,601375.5459775862,adaptive_98,1.0,8.921752225887758e-13,4.348521542851813e-12,0.0,0.0,0.04267140235271844,151.93,300.0,0.0,273.6017649719313,273.47053426044204,20.795567220758187,0.0,0.0,0.0,138.97200724569066,300.0,0.0,567.8678664531316,8653.10239561094,18941.601731595452,679.4885785235036,424.5787048246781,3.3719693703915254e-12,unvalidated-engineering-priors,fixed independent scenario factor; no N cycle,2001-04-25,2001-06-04,2001-06-04,full_ripeness,BBCH89_full_ripeness,2000-10-12,seed_layer_available_water,50.0
23,ag_075_044,fallow,2001,2001-06-11,2001-06-14,601375.5459775862,adaptive_98,1.0,5.184741524999481e-14,0.0,0.0,0.0,1.0,0.67,0.0,0.0,2.7344365033580993,0.0,0.0,0.0,0.0,0.0,0.024850638633581904,0.0,0.0,2.7344365033580993,0.0,0.0,424.5787048246781,422.48941768268634,6.578071420904053e-14,unvalidated-engineering-priors,fixed independent scenario factor; no N cycle,,,,right_censored,BBCH89_full_ripeness,,,
23,ag_075_044,maize,2001,2001-06-15,2001-10-05,601375.5459775862,adaptive_98,1.0,8.562039965909207e-13,3.979039320256561e-12,0.0,0.0,0.03354275471250856,452.56,80.0,0.0,16.750160635273183,253.8367659857137,85.02394314872329,0.0,0.0,0.0,107.88792898860328,80.0,0.0,355.6108697697102,9920.297693663779,19691.305324734505,422.48941768268634,491.5506189243758,-2.886357819420482e-12,unvalidated-engineering-priors,fixed independent scenario factor; no N cycle,2001-08-11,2001-09-25,2001-09-25,physiological_maturity,R6_physiological_maturity,2001-06-16,seed_layer_available_water,50.0
23,ag_075_044,fallow,2001,2001-10-06,2001-10-11,601375.5459775862,adaptive_98,1.0,1.709743457922741e-13,0.0,0.0,0.0,1.0,3.56,0.0,0.0,12.747012524534124,0.0,0.0,0.0,0.0,0.0,0.3855112765414953,0.0,0.0,12.747012524534124,0.0,0.0,491.5506189243758,481.97809512330014,2.6867397195928788e-14,unvalidated-engineering-priors,fixed independent scenario factor; no N cycle,,,,right_censored,BBCH89_full_ripeness,,,
23,ag_075_044,wheat,2002,2001-10-12,2002-06-10,601375.5459775862,adaptive_98,1.0,4.75175454539567e-13,3.353761712787673e-12,0.0,0.0,0.04267140235271844,274.8,300.0,0.0,247.82461746339604,215.55684025953857,48.130093477183244,0.0,0.0,0.0,12.694062862267353,300.0,0.0,511.5115512001179,7149.192055885689,16920.51347375359,481.97809512330014,532.5724810609156,-6.953881914739668e-13,unvalidated-engineering-priors,fixed independent scenario factor; no N cycle,2002-04-15,2002-05-28,2002-05-28,full_ripeness,BBCH89_full_ripeness,2001-10-12,seed_layer_available_water,50.0
23,ag_075_044,fallow,2002,2002-06-11,2002-06-14,601375.5459775862,adaptive_98,1.0,1.1368683772161603e-13,0.0,0.0,0.0,1.0,1.25,0.0,0.0,19.500345719798077,0.0,0.0,0.0,0.0,0.0,0.32390218528993187,0.0,0.0,19.500345719798077,0.0,0.0,532.5724810609156,513.9982331558278,-2.495781359357352e-13,unvalidated-engineering-priors,fixed independent scenario factor; no N cycle,,,,right_censored,BBCH89_full_ripeness,,,
23,ag_075_044,maize,2002,2002-06-15,2002-10-05,601375.5459775862,adaptive_98,1.0,1.0276224315930449e-12,4.405364961712621e-12,0.0,0.0,0.03354275471250856,283.73,80.0,0.0,18.70203375785685,264.6671127454901,91.54814386112781,0.0,0.0,0.0,29.839860550435745,80.0,0.0,374.91729036447475,10488.379368451948,19988.755979775735,513.9982331558278,472.97108224091653,8.273381979506667e-13,unvalidated-engineering-priors,fixed independent scenario factor; no N cycle,2002-08-11,2002-09-27,2002-09-27,physiological_maturity,R6_physiological_maturity,2002-06-15,seed_layer_available_water,50.0
23,ag_075_044,fallow,2002,2002-10-06,2002-10-11,601375.5459775862,adaptive_98,1.0,8.881784197001252e-14,0.0,0.0,0.0,1.0,0.0,0.0,0.0,14.412605625568059,0.0,0.0,0.0,0.0,0.0,0.11298721369877432,0.0,0.0,14.412605625568059,0.0,0.0,472.97108224091653,458.44548940164975,-5.46229728115577e-14,unvalidated-engineering-priors,fixed independent scenario factor; no N cycle,,,,right_censored,BBCH89_full_ripeness,,,
23,ag_075_044,wheat,2003,2002-10-12,2003-06-10,601375.5459775862,adaptive_98,1.0,8.331113576787175e-13,3.353761712787673e-12,0.0,0.0,0.04267140235271844,280.31,300.0,0.0,259.5621221787954,197.43324637658404,43.135581752690825,0.0,0.0,0.0,10.792722108112667,300.0,0.0,500.1309503080703,7353.943920929307,16407.879778381808,458.44548940164975,527.8318169854617,5.102029909664907e-12,unvalidated-engineering-priors,fixed independent scenario factor; no N cycle,2003-04-29,2003-06-06,2003-06-06,full_ripeness,BBCH89_full_ripeness,2002-10-12,seed_layer_available_water,50.0
23,ag_075_044,fallow,2003,2003-06-11,2003-06-14,601375.5459775862,adaptive_98,1.0,1.2434497875801753e-13,0.0,0.0,0.0,1.0,0.44,0.0,0.0,11.193805905026494,0.0,0.0,0.0,0.0,0.0,0.6024100921296273,0.0,0.0,11.193805905026494,0.0,0.0,527.8318169854617,516.4756009883056,2.042810365310288e-14,unvalidated-engineering-priors,fixed independent scenario factor; no N cycle,,,,right_censored,BBCH89_full_ripeness,,,
23,ag_075_044,maize,2003,2003-06-15,2003-10-05,601375.5459775862,adaptive_98,1.0,1.184830011879967e-12,2.1103119252074976e-12,0.0,0.0,0.03354275471250856,647.95,80.0,0.0,19.120005086757768,122.68558211177967,101.07653052663778,0.0,0.0,0.0,313.1531272550745,80.0,0.0,242.88211772517522,7458.82491830704,14191.47673444006,516.4756009883056,688.3903560080553,6.363243265639085e-13,unvalidated-engineering-priors,fixed independent scenario factor; no N cycle,2003-08-12,2003-10-02,2003-10-02,physiological_maturity,R6_physiological_maturity,2003-06-16,seed_layer_available_water,50.0
23,ag_075_044,fallow,2003,2003-10-06,2003-10-11,601375.5459775862,adaptive_98,1.0,1.4210854715202004e-13,0.0,0.0,0.0,1.0,75.55,0.0,0.0,11.587539099999997,0.0,0.0,0.0,0.0,0.0,11.601075519248383,0.0,0.0,11.587539099999997,0.0,0.0,688.3903560080553,740.7517413888071,-1.9584334154387761e-13,unvalidated-engineering-priors,fixed independent scenario factor; no N cycle,,,,right_censored,BBCH89_full_ripeness,,,
23,ag_075_044,wheat,2004,2003-10-12,2004-06-10,601375.5459775862,adaptive_98,0.75,6.137312880127865e-13,6.124878382252064e-12,0.0,0.0,0.04267140235271844,183.91,225.0,0.0,264.6719458549359,261.87087019863526,41.78410208515543,0.0,0.0,0.0,167.79687783835053,225.0,0.0,568.3269181387266,8925.130189198175,20197.75290327772,740.7517413888071,413.5379454117309,-9.355849428516194e-13,unvalidated-engineering-priors,fixed independent scenario factor; no N cycle,2004-04-19,2004-05-27,2004-05-27,full_ripeness,BBCH89_full_ripeness,2003-10-12,seed_layer_available_water,50.0
23,ag_075_044,fallow,2004,2004-06-11,2004-06-14,601375.5459775862,adaptive_98,0.75,1.971756091734278e-13,0.0,0.0,0.0,1.0,8.89,0.0,0.0,3.7834138276610174,0.0,0.0,0.0,0.0,0.0,0.012692741898697396,0.0,0.0,3.7834138276610174,0.0,0.0,413.5379454117309,418.6318388421711,1.088573675644966e-13,unvalidated-engineering-priors,fixed independent scenario factor; no N cycle,,,,right_censored,BBCH89_full_ripeness,,,
23,ag_075_044,maize,2004,2004-06-15,2004-10-05,601375.5459775862,adaptive_98,0.75,1.1111112030448567e-12,3.808509063674137e-12,0.0,0.0,0.03354275471250856,611.76,60.0,0.0,16.459915586041948,197.38644342145875,111.82311767223807,0.0,0.0,0.0,147.5016274338044,60.0,0.0,325.66947667973875,10069.03330179714,18706.75785552778,418.6318388421711,617.2207347286264,1.476763156205152e-12,unvalidated-engineering-priors,fixed independent scenario factor; no N cycle,2004-08-11,2004-09-28,2004-09-28,physiological_maturity,R6_physiological_maturity,2004-06-15,seed_layer_available_water,50.0
23,ag_075_044,fallow,2004,2004-10-06,2004-10-11,601375.5459775862,adaptive_98,0.75,1.0880185641326534e-13,0.0,0.0,0.0,1.0,0.06,0.0,0.0,18.5110073,0.0,0.0,0.0,0.0,0.0,2.6478408007407195,0.0,0.0,18.5110073,0.0,0.0,617.2207347286264,596.1218866278857,4.440892098500626e-15,unvalidated-engineering-priors,fixed independent scenario factor; no N cycle,,,,right_censored,BBCH89_full_ripeness,,,
23,ag_075_044,wheat,2005,2004-10-12,2005-06-10,601375.5459775862,adaptive_98,0.75,5.688782778179302e-13,3.950617610826157e-12,0.0,0.0,0.04267140235271844,193.4,225.0,0.0,223.2268499155041,281.9512614180627,40.45060584776485,0.0,0.0,0.0,47.70584071467042,225.0,0.0,545.6287171813316,9202.610373248997,20713.308455524624,596.1218866278857,421.18732873188515,-1.4971357487070236e-12,unvalidated-engineering-priors,fixed independent scenario factor; no N cycle,2005-04-29,2005-06-07,2005-06-07,full_ripeness,BBCH89_full_ripeness,2004-10-12,seed_layer_available_water,50.0
23,ag_075_044,fallow,2005,2005-06-11,2005-06-14,601375.5459775862,adaptive_98,0.75,2.930988785010413e-14,0.0,0.0,0.0,1.0,0.16,0.0,0.0,17.691018368282528,0.0,0.0,0.0,0.0,0.0,0.005824364306425739,0.0,0.0,17.691018368282528,0.0,0.0,421.18732873188515,403.6504859992962,-2.886579864025407e-14,unvalidated-engineering-priors,fixed independent scenario factor; no N cycle,,,,right_censored,BBCH89_full_ripeness,,,
23,ag_075_044,maize,2005,2005-06-15,2005-10-05,601375.5459775862,adaptive_98,0.75,1.1115552922547067e-12,2.9558577807620168e-12,0.0,0.0,0.03354275471250856,701.95,60.0,0.0,20.200301358576382,164.26530917283708,102.23549327031587,0.0,0.0,0.0,147.97558631448976,60.0,0.0,286.70110380172935,8347.243956189863,16346.58582658666,403.6504859992962,730.9237958830796,-2.494282558274108e-12,unvalidated-engineering-priors,fixed independent scenario factor; no N cycle,2005-08-10,2005-09-28,2005-09-28,physiological_maturity,R6_physiological_maturity,2005-06-16,seed_layer_available_water,50.0
23,ag_075_044,fallow,2005,2005-10-06,2005-10-11,601375.5459775862,adaptive_98,0.75,2.0250467969162855e-13,0.0,0.0,0.0,1.0,5.15,0.0,0.0,17.5653828,0.0,0.0,0.0,0.0,0.0,30.282759508905706,0.0,0.0,17.5653828,0.0,0.0,730.9237958830796,688.2256535741735,3.8191672047105385e-13,unvalidated-engineering-priors,fixed independent scenario factor; no N cycle,,,,right_censored,BBCH89_full_ripeness,,,
23,ag_075_044,wheat,2006,2005-10-12,2006-06-10,601375.5459775862,adaptive_98,0.75,6.492584248007915e-13,5.002220859751105e-12,0.0,0.0,0.04267140235271844,149.82,225.0,0.0,213.14823581579446,283.9305941580942,46.25039468911638,0.0,0.0,0.0,114.03729104705369,225.0,0.0,543.3292246630051,9309.367626121466,21430.91120579272,688.2256535741735,405.67913786411543,-6.615263892228995e-13,unvalidated-engineering-priors,fixed independent scenario factor; no N cycle,2006-04-25,2006-06-03,2006-06-03,full_ripeness,BBCH89_full_ripeness,2005-10-12,seed_layer_available_water,50.0
23,ag_075_044,fallow,2006,2006-06-11,2006-06-14,601375.5459775862,adaptive_98,0.75,1.2256862191861728e-13,0.0,0.0,0.0,1.0,24.130000000000003,0.0,0.0,12.667698761569609,0.0,0.0,0.0,0.0,0.0,0.009649173331845527,0.0,0.0,12.667698761569609,0.0,0.0,405.67913786411543,417.13178992921365,3.268496584496461e-13,unvalidated-engineering-priors,fixed independent scenario factor; no N cycle,,,,right_censored,BBCH89_full_ripeness,,,
23,ag_075_044,maize,2006,2006-06-15,2006-10-05,601375.5459775862,adaptive_98,0.75,7.460698725481052e-13,2.8990143619012088e-12,0.0,0.0,0.03354275471250856,357.46999999999997,60.0,0.0,20.56918726477307,210.9834147261533,77.0053160797992,0.0,0.0,0.0,5.221315213654994,60.0,0.0,308.5579180707256,8806.82493526429,16877.335949706972,417.13178992921365,520.8225566448333,-2.3314683517128287e-13,unvalidated-engineering-priors,fixed independent scenario factor; no N cycle,2006-08-09,2006-09-24,2006-09-24,physiological_maturity,R6_physiological_maturity,2006-06-15,seed_layer_available_water,50.0
23,ag_075_044,fallow,2006,2006-10-06,2006-10-11,601375.5459775862,adaptive_98,0.75,1.1146639167236572e-13,0.0,0.0,0.0,1.0,0.0,0.0,0.0,18.53843492024579,0.0,0.0,0.0,0.0,0.0,0.25101427705437646,0.0,0.0,18.53843492024579,0.0,0.0,520.8225566448333,502.0331074475333,-1.9317880628477724e-13,unvalidated-engineering-priors,fixed independent scenario factor; no N cycle,,,,right_censored,BBCH89_full_ripeness,,,
23,ag_075_044,wheat,2007,2006-10-12,2007-06-10,601375.5459775862,adaptive_98,1.0,6.057376822354854e-13,6.480149750132114e-12,0.0,0.0,0.04267140235271844,216.17,300.0,0.0,241.55837433236775,306.20709277202775,34.4823717508156,0.0,0.0,0.0,12.08831733662376,300.0,0.0,582.2478388552111,10156.330191996898,22574.69066368525,502.0331074475333,423.86695125570054,-2.0691226509939042e-12,unvalidated-engineering-priors,fixed independent scenario factor; no N cycle,2007-04-22,2007-06-01,2007-06-01,full_ripeness,BBCH89_full_ripeness,2006-10-12,seed_layer_available_water,50.0
23,ag_075_044,fallow,2007,2007-06-11,2007-06-14,601375.5459775862,adaptive_98,1.0,5.473399511402022e-14,0.0,0.0,0.0,1.0,1.29,0.0,0.0,4.42902591727348,0.0,0.0,0.0,0.0,0.0,0.013207349314975178,0.0,0.0,4.42902591727348,0.0,0.0,423.86695125570054,420.71471798911216,-7.249756350802272e-14,unvalidated-engineering-priors,fixed independent scenario factor; no N cycle,,,,right_censored,BBCH89_full_ripeness,,,
23,ag_075_044,maize,2007,2007-06-15,2007-10-05,601375.5459775862,adaptive_98,1.0,1.0729195309977513e-12,3.694822225952521e-12,0.0,0.0,0.03354275471250856,480.89,80.0,0.0,17.5170008969556,199.84580333295057,88.48705120759703,0.0,0.0,0.0,100.46609343056117,80.0,0.0,305.8498554375032,9194.144121791582,17527.549168735677,420.71471798911216,575.288769121044,3.8363756615922284e-12,unvalidated-engineering-priors,fixed independent scenario factor; no N cycle,2007-08-12,2007-09-26,2007-09-26,physiological_maturity,R6_physiological_maturity,2007-06-16,seed_layer_available_water,50.0
23,ag_075_044,fallow,2007,2007-10-06,2007-10-11,601375.5459775862,adaptive_98,1.0,1.0147438445073931e-13,0.0,0.0,0.0,1.0,1.84,0.0,0.0,15.360547149748566,0.0,0.0,0.0,0.0,0.0,1.6257634820119122,0.0,0.0,15.360547149748566,0.0,0.0,575.288769121044,560.1424584892833,2.0694557179012918e-13,unvalidated-engineering-priors,fixed independent scenario factor; no N cycle,,,,right_censored,BBCH89_full_ripeness,,,
23,ag_075_044,wheat,2008,2007-10-12,2008-06-10,601375.5459775862,adaptive_98,1.0,9.992007221626409e-13,5.073275133327115e-12,0.0,0.0,0.04267140235271844,222.59,300.0,0.0,230.64018514722778,251.51336124544278,48.987874691779425,0.0,0.0,0.0,38.47117386711978,300.0,0.0,531.14142108445,8847.105715855261,19697.444267970186,560.1424584892833,513.1198635377142,-6.857847623109592e-13,unvalidated-engineering-priors,fixed independent scenario factor; no N cycle,2008-04-24,2008-06-02,2008-06-02,full_ripeness,BBCH89_full_ripeness,2007-10-12,seed_layer_available_water,50.0
23,ag_075_044,fallow,2008,2008-06-11,2008-06-14,601375.5459775862,adaptive_98,1.0,1.6564527527407336e-13,0.0,0.0,0.0,1.0,2.49,0.0,0.0,6.986813508236041,0.0,0.0,0.0,0.0,0.0,0.4519079077938847,0.0,0.0,6.986813508236041,0.0,0.0,513.1198635377142,508.1711421216845,-2.41140440948584e-13,unvalidated-engineering-priors,fixed independent scenario factor; no N cycle,,,,right_censored,BBCH89_full_ripeness,,,
23,ag_075_044,maize,2008,2008-06-15,2008-10-05,601375.5459775862,adaptive_98,1.0,1.162625551387464e-12,3.808509063674137e-12,0.0,0.0,0.03354275471250856,406.68,80.0,0.0,18.584886805946947,193.75031423335824,91.76225294529979,0.0,0.0,0.0,103.85928572590248,80.0,0.0,304.09745398460495,9022.88686348576,16971.188056614246,508.1711421216845,586.8944024111809,-3.8045122607854864e-12,unvalidated-engineering-priors,fixed independent scenario factor; no N cycle,2008-08-11,2008-09-24,2008-09-24,physiological_maturity,R6_physiological_maturity,2008-06-16,seed_layer_available_water,50.0
23,ag_075_044,fallow,2008,2008-10-06,2008-10-11,601375.5459775862,adaptive_98,1.0,2.078337502098293e-13,0.0,0.0,0.0,1.0,1.07,0.0,0.0,16.58818142305027,0.0,0.0,0.0,0.0,0.0,1.5984944268957495,0.0,0.0,16.58818142305027,0.0,0.0,586.8944024111809,569.777726561235,-1.5409895581797173e-13,unvalidated-engineering-priors,fixed independent scenario factor; no N cycle,,,,right_censored,BBCH89_full_ripeness,,,
23,ag_075_044,wheat,2009,2008-10-12,2009-06-10,601375.5459775862,adaptive_98,1.0,5.950795411990839e-13,4.1673331452329876e-12,0.0,0.0,0.04267140235271844,273.08,300.0,0.0,253.4499970237429,252.45005105656838,34.454849737213976,0.0,0.0,0.0,36.96591015048913,300.0,0.0,540.3548978175253,7896.2859041483425,18216.763579520342,569.777726561235,565.5369185932184,2.228384143876383e-12,unvalidated-engineering-priors,fixed independent scenario factor; no N cycle,2009-04-22,2009-05-29,2009-05-29,full_ripeness,BBCH89_full_ripeness,2008-10-12,seed_layer_available_water,50.0
23,ag_075_044,fallow,2009,2009-06-11,2009-06-14,601375.5459775862,adaptive_98,1.0,1.5898393712632242e-13,0.0,0.0,0.0,1.0,6.72,0.0,0.0,24.3850386107093,0.0,0.0,0.0,0.0,0.0,0.31030677834780274,0.0,0.0,24.3850386107093,0.0,0.0,565.5369185932184,547.561573204161,2.353672812205332e-13,unvalidated-engineering-priors,fixed independent scenario factor; no N cycle,,,,right_censored,BBCH89_full_ripeness,,,
23,ag_075_044,maize,2009,2009-06-15,2009-10-05,601375.5459775862,adaptive_98,1.0,9.183764859699295e-13,6.87805368215777e-12,0.0,0.0,0.03354275471250856,380.83,80.0,0.0,16.03109575268903,230.95390304721698,100.58237223265475,0.0,0.0,0.0,67.53601490165937,80.0,0.0,347.56737103256074,9557.767304825027,19707.914924908713,547.561573204161,593.2881872699389,1.976308006135241e-12,unvalidated-engineering-priors,fixed independent scenario factor; no N cycle,2009-08-10,2009-09-29,2009-09-29,physiological_maturity,R6_physiological_maturity,2009-06-15,seed_layer_available_water,50.0
23,ag_075_044,fallow,2009,2009-10-06,2009-10-11,601375.5459775862,adaptive_98,1.0,1.4344081478157023e-13,0.0,0.0,0.0,1.0,2.47,0.0,0.0,15.465050399999997,0.0,0.0,0.0,0.0,0.0,2.1170090218520046,0.0,0.0,15.465050399999997,0.0,0.0,593.2881872699389,578.1761278480869,-6.661338147750939e-15,unvalidated-engineering-priors,fixed independent scenario factor; no N cycle,,,,right_censored,BBCH89_full_ripeness,,,
23,ag_075_044,wheat,2010,2009-10-12,2010-06-10,601375.5459775862,adaptive_98,1.0,4.831690603168681e-13,5.115907697472721e-12,0.0,0.0,0.04267140235271844,170.49,300.0,0.0,235.64363455264117,278.7479410957517,38.01393730296943,0.0,0.0,0.0,45.883516214889106,300.0,0.0,552.4055129513623,8772.480280814696,20011.958025718843,578.1761278480869,450.377098681836,-4.905520434306254e-13,unvalidated-engineering-priors,fixed independent scenario factor; no N cycle,2010-05-04,2010-06-10,2010-06-10,full_ripeness,BBCH89_full_ripeness,2009-10-12,seed_layer_available_water,50.0
23,ag_075_044,fallow,2010,2010-06-11,2010-06-14,601375.5459775862,adaptive_98,1.0,1.1102230246251565e-13,0.0,0.0,0.0,1.0,0.0,0.0,0.0,9.19442458813606,0.0,0.0,0.0,0.0,0.0,0.03130918271479679,0.0,0.0,9.19442458813606,0.0,0.0,450.377098681836,441.15136491098514,9.103828801926284e-15,unvalidated-engineering-priors,fixed independent scenario factor; no N cycle,,,,right_censored,BBCH89_full_ripeness,,,
23,ag_075_044,maize,2010,2010-06-15,2010-10-05,601375.5459775862,adaptive_98,1.0,9.192646643896296e-13,4.149569576838985e-12,0.0,0.0,0.03354275471250856,551.36,80.0,0.0,19.795877070494175,211.38211678111645,97.94842458767282,0.0,0.0,0.0,123.48801247618285,80.0,0.0,329.12641843928344,8586.536450832413,17557.309046372866,441.15136491098514,619.8969339955182,6.017408793468348e-13,unvalidated-engineering-priors,fixed independent scenario factor; no N cycle,2010-08-10,2010-09-26,2010-09-26,physiological_maturity,R6_physiological_maturity,2010-06-16,seed_layer_available_water,50.0
23,ag_075_044,fallow,2010,2010-10-06,2010-10-11,601375.5459775862,adaptive_98,1.0,1.7497114868092467e-13,0.0,0.0,0.0,1.0,0.18,0.0,0.0,19.567614258289556,0.0,0.0,0.0,0.0,0.0,5.18105941998315,0.0,0.0,19.567614258289556,0.0,0.0,619.8969339955182,595.3282603172456,-1.0125233984581428e-13,unvalidated-engineering-priors,fixed independent scenario factor; no N cycle,,,,right_censored,BBCH89_full_ripeness,,,
23,ag_075_044,wheat,2011,2010-10-12,2011-06-10,601375.5459775862,adaptive_98,0.75,3.099742684753437e-13,3.268496584496461e-12,0.0,0.0,0.04267140235271844,108.71,225.0,0.0,185.97795062509118,296.86873728327055,23.166418175668227,0.0,0.0,0.0,47.015634492608534,225.0,0.0,506.01310608402997,8108.70040751105,18558.341152908688,595.3282603172456,376.0095197406073,-1.454392162258955e-13,unvalidated-engineering-priors,fixed independent scenario factor; no N cycle,2011-04-25,2011-06-02,2011-06-02,full_ripeness,BBCH89_full_ripeness,2010-10-12,seed_layer_available_water,50.0
23,ag_075_044,fallow,2011,2011-06-11,2011-06-14,601375.5459775862,adaptive_98,0.75,5.812017533912694e-14,0.0,0.0,0.0,1.0,1.57,0.0,0.0,2.9423086015908737,0.0,0.0,0.0,0.0,0.0,0.0027925760323261168,0.0,0.0,2.9423086015908737,0.0,0.0,376.0095197406073,374.6344185629841,7.605027718682322e-15,unvalidated-engineering-priors,fixed independent scenario factor; no N cycle,,,,right_censored,BBCH89_full_ripeness,,,
23,ag_075_044,maize,2011,2011-06-15,2011-10-05,601375.5459775862,adaptive_98,0.75,8.93507490218326e-13,2.9558577807620168e-12,0.0,0.0,0.03354275471250856,494.21,60.0,0.0,19.231644251979578,195.03052098487984,85.32889368578347,0.0,0.0,0.0,6.40772972908769,60.0,0.0,299.5910589226429,9140.294064926122,17140.992278649504,374.6344185629841,622.8456299112511,2.4186763702971348e-12,unvalidated-engineering-priors,fixed independent scenario factor; no N cycle,2011-08-11,2011-10-04,2011-10-04,physiological_maturity,R6_physiological_maturity,2011-06-16,seed_layer_available_water,50.0
23,ag_075_044,fallow,2011,2011-10-06,2011-10-11,601375.5459775862,adaptive_98,0.75,1.687538997430238e-13,0.0,0.0,0.0,1.0,11.709999999999999,0.0,0.0,16.6122346,0.0,0.0,0.0,0.0,0.0,2.9536085563821683,0.0,0.0,16.6122346,0.0,0.0,622.8456299112511,614.9897867548689,3.907985046680551e-14,unvalidated-engineering-priors,fixed independent scenario factor; no N cycle,,,,right_censored,BBCH89_full_ripeness,,,
23,ag_075_044,wheat,2012,2011-10-12,2012-06-10,601375.5459775862,adaptive_98,0.75,8.44213587924969e-13,4.661160346586257e-12,0.0,0.0,0.04267140235271844,190.03,225.0,0.0,258.31978592658936,252.37042975290098,27.643220564258616,0.0,0.0,0.0,73.54156333595391,225.0,0.0,538.3334362437489,8515.026033253658,19124.559790597923,614.9897867548689,418.14478717516937,-3.371414258879213e-12,unvalidated-engineering-priors,fixed independent scenario factor; no N cycle,2012-04-28,2012-06-04,2012-06-04,full_ripeness,BBCH89_full_ripeness,2011-10-12,seed_layer_available_water,50.0
23,ag_075_044,fallow,2012,2012-06-11,2012-06-14,601375.5459775862,adaptive_98,0.75,4.5630166312093934e-14,0.0,0.0,0.0,1.0,0.0,0.0,0.0,3.0087692150147127,0.0,0.0,0.0,0.0,0.0,0.020223387701083215,0.0,0.0,3.0087692150147127,0.0,0.0,418.14478717516937,415.1157945724536,-6.772360450213455e-15,unvalidated-engineering-priors,fixed independent scenario factor; no N cycle,,,,right_censored,BBCH89_full_ripeness,,,
23,ag_075_044,maize,2012,2012-06-15,2012-10-05,601375.5459775862,adaptive_98,0.75,1.0813572259849025e-12,4.007461029686965e-12,0.0,0.0,0.03354275471250856,418.76,60.0,0.0,22.02277180316572,205.1233592864092,74.85938424929941,0.0,0.0,0.0,32.274483938316926,60.0,0.0,302.0055153388743,8817.373603524144,16546.25420114159,415.1157945724536,559.5957952952652,-2.9254931810385187e-12,unvalidated-engineering-priors,fixed independent scenario factor; no N cycle,2012-08-10,2012-09-26,2012-09-26,physiological_maturity,R6_physiological_maturity,2012-06-16,seed_layer_available_water,50.0
23,ag_075_044,fallow,2012,2012-10-06,2012-10-11,601375.5459775862,adaptive_98,0.75,2.26929586233382e-13,0.0,0.0,0.0,1.0,0.01,0.0,0.0,17.88763860470633,0.0,0.0,0.0,0.0,0.0,1.0947731908918388,0.0,0.0,17.88763860470633,0.0,0.0,559.5957952952652,540.6233834996676,-5.453415496958769e-13,unvalidated-engineering-priors,fixed independent scenario factor; no N cycle,,,,right_censored,BBCH89_full_ripeness,,,
23,ag_075_044,wheat,2013,2012-10-12,2013-06-10,601375.5459775862,adaptive_98,1.0,5.169198402654729e-13,3.325340003357269e-12,0.0,0.0,0.04267140235271844,192.56,300.0,0.0,238.1050226580212,268.2014017558968,36.8785950625625,0.0,0.0,0.0,25.25537217952212,300.0,0.0,543.1850194764805,8077.779624906713,18571.749149128485,540.6233834996676,464.7429918436663,-1.2894130207996568e-12,unvalidated-engineering-priors,fixed independent scenario factor; no N cycle,2013-04-29,2013-06-08,2013-06-08,full_ripeness,BBCH89_full_ripeness,2012-10-12,seed_layer_available_water,50.0
23,ag_075_044,fallow,2013,2013-06-11,2013-06-14,601375.5459775862,adaptive_98,1.0,1.4654943925052066e-13,0.0,0.0,0.0,1.0,0.0,0.0,0.0,11.400098632055524,0.0,0.0,0.0,0.0,0.0,0.028723752412350548,0.0,0.0,11.400098632055524,0.0,0.0,464.7429918436663,453.31416945919864,-2.2359891715950653e-13,unvalidated-engineering-priors,fixed independent scenario factor; no N cycle,,,,right_censored,BBCH89_full_ripeness,,,
23,ag_075_044,maize,2013,2013-06-15,2013-10-05,601375.5459775862,adaptive_98,1.0,1.0045297926808416e-12,3.979039320256561e-12,0.0,0.0,0.03354275471250856,252.91,80.0,0.0,21.747509475528474,298.77733073188193,53.91338977237696,0.0,0.0,0.0,21.442610836156494,80.0,0.0,374.43822997978737,9086.262330327223,17929.388246953462,453.31416945919864,390.343328643254,7.945866187242245e-13,unvalidated-engineering-priors,fixed independent scenario factor; no N cycle,2013-08-10,2013-09-21,2013-09-21,physiological_maturity,R6_physiological_maturity,2013-06-16,seed_layer_available_water,50.0
23,ag_075_044,fallow,2013,2013-10-06,2013-10-11,601375.5459775862,adaptive_98,1.0,5.850875339774575e-14,0.0,0.0,0.0,1.0,0.0,0.0,0.0,6.631395528141667,0.0,0.0,0.0,0.0,0.0,0.037660530143135244,0.0,0.0,6.631395528141667,0.0,0.0,390.343328643254,383.6742725849691,6.405986852087153e-14,unvalidated-engineering-priors,fixed independent scenario factor; no N cycle,,,,right_censored,BBCH89_full_ripeness,,,
23,ag_075_044,wheat,2014,2013-10-12,2014-06-10,601375.5459775862,adaptive_98,1.0,3.2462921240039577e-13,2.2239987629291136e-12,0.0,0.0,0.04267140235271844,163.85,300.0,0.0,251.15513817494974,168.5511201393197,25.56502575555045,0.0,0.0,0.0,1.0697623978301203,300.0,0.0,445.27128406981984,5536.596162202794,12548.787918492233,383.6742725849691,401.18322611732054,-1.4144241333724494e-12,unvalidated-engineering-priors,fixed independent scenario factor; no N cycle,2014-04-17,2014-05-27,2014-05-27,full_ripeness,BBCH89_full_ripeness,2013-10-13,seed_layer_available_water,50.0
23,ag_075_044,fallow,2014,2014-06-11,2014-06-14,601375.5459775862,adaptive_98,1.0,8.903988657493755e-14,0.0,0.0,0.0,1.0,0.53,0.0,0.0,2.5172374898592262,0.0,0.0,0.0,0.0,0.0,0.006670026833189151,0.0,0.0,2.5172374898592262,0.0,0.0,401.18322611732054,399.18931860062804,8.698597397938101e-14,unvalidated-engineering-priors,fixed independent scenario factor; no N cycle,,,,right_censored,BBCH89_full_ripeness,,,
23,ag_075_044,maize,2014,2014-06-15,2014-10-05,601375.5459775862,adaptive_98,1.0,6.639133687258436e-13,3.858247055177344e-12,0.0,0.0,0.03354275471250856,365.33,80.0,0.0,17.3792051195213,224.60117628579522,86.02505426123726,0.0,0.0,0.0,0.6024285128269181,80.0,0.0,328.00543566655375,8994.32468145475,18477.273461466,399.18931860062804,515.911454421245,2.3299695506295848e-12,unvalidated-engineering-priors,fixed independent scenario factor; no N cycle,2014-08-12,2014-09-28,2014-09-28,physiological_maturity,R6_physiological_maturity,2014-06-16,seed_layer_available_water,50.0
23,ag_075_044,fallow,2014,2014-10-06,2014-10-11,601375.5459775862,adaptive_98,1.0,7.505107646466058e-14,0.0,0.0,0.0,1.0,0.03,0.0,0.0,18.35103726326348,0.0,0.0,0.0,0.0,0.0,0.06335977982881072,0.0,0.0,18.35103726326348,0.0,0.0,515.911454421245,497.52705737815285,-1.1146639167236572e-13,unvalidated-engineering-priors,fixed independent scenario factor; no N cycle,,,,right_censored,BBCH89_full_ripeness,,,
23,ag_075_044,wheat,2015,2014-10-12,2015-06-10,601375.5459775862,adaptive_98,1.0,4.840572387365683e-13,3.495870259939693e-12,0.0,0.0,0.04267140235271844,182.41,300.0,0.0,235.70848203239598,209.96121327914756,49.925336019378406,0.0,0.0,0.0,9.593108189891058,300.0,0.0,495.5950313309219,7208.946274285926,16125.861240569124,497.52705737815285,474.74891785734,-1.5970558209232877e-13,unvalidated-engineering-priors,fixed independent scenario factor; no N cycle,2015-04-23,2015-05-29,2015-05-29,full_ripeness,BBCH89_full_ripeness,2014-10-12,seed_layer_available_water,50.0
23,ag_075_044,fallow,2015,2015-06-11,2015-06-14,601375.5459775862,adaptive_98,1.0,4.3298697960381105e-14,0.0,0.0,0.0,1.0,0.0,0.0,0.0,3.3747000806654603,0.0,0.0,0.0,0.0,0.0,0.17371702510561077,0.0,0.0,3.3747000806654603,0.0,0.0,474.74891785734,471.20050075156894,8.548717289613705e-15,unvalidated-engineering-priors,fixed independent scenario factor; no N cycle,,,,right_censored,BBCH89_full_ripeness,,,
23,ag_075_044,maize,2015,2015-06-15,2015-10-05,601375.5459775862,adaptive_98,1.0,8.641976023682219e-13,3.637978807091713e-12,0.0,0.0,0.03354275471250856,348.90000000000003,80.0,0.0,19.103139863969247,219.67252839891032,77.65893586772556,0.0,0.0,0.0,36.49271588935158,80.0,0.0,316.4346041306051,9426.96650428547,17718.51571281659,471.20050075156894,547.1731807316135,-1.2041478925084448e-12,unvalidated-engineering-priors,fixed independent scenario factor; no N cycle,2015-08-12,2015-09-27,2015-09-27,physiological_maturity,R6_physiological_maturity,2015-06-16,seed_layer_available_water,50.0
23,ag_075_044,fallow,2015,2015-10-06,2015-10-11,601375.5459775862,adaptive_98,1.0,1.0835776720341528e-13,0.0,0.0,0.0,1.0,12.94,0.0,0.0,18.34224843436266,0.0,0.0,0.0,0.0,0.0,0.9281790929105904,0.0,0.0,18.34224843436266,0.0,0.0,547.1731807316135,540.84275320434,1.5054624213917123e-13,unvalidated-engineering-priors,fixed independent scenario factor; no N cycle,,,,right_censored,BBCH89_full_ripeness,,,
23,ag_075_044,wheat,2016,2015-10-12,2016-06-10,601375.5459775862,adaptive_98,1.0,7.407408020299044e-13,3.524291969370097e-12,0.0,0.0,0.04267140235271844,248.93,300.0,0.0,289.5810088284302,247.94889793327425,33.47420461442053,0.0,0.0,0.0,30.571470702844305,300.0,0.0,571.004111376125,7776.499369520509,17949.34016356584,540.84275320434,488.1971711253709,-1.4377388168895777e-13,unvalidated-engineering-priors,fixed independent scenario factor; no N cycle,2016-04-21,2016-05-29,2016-05-29,full_ripeness,BBCH89_full_ripeness,2015-10-12,seed_layer_available_water,50.0
23,ag_075_044,fallow,2016,2016-06-11,2016-06-14,601375.5459775862,adaptive_98,1.0,5.773159728050814e-14,0.0,0.0,0.0,1.0,10.25,0.0,0.0,16.763825507250985,0.0,0.0,0.0,0.0,0.0,0.04998514032315839,0.0,0.0,16.763825507250985,0.0,0.0,488.1971711253709,481.63336047779666,1.1501910535116622e-13,unvalidated-engineering-priors,fixed independent scenario factor; no N cycle,,,,right_censored,BBCH89_full_ripeness,,,
23,ag_075_044,maize,2016,2016-06-15,2016-10-05,601375.5459775862,adaptive_98,1.0,1.1226575225009583e-12,2.0463630789890885e-12,0.0,0.0,0.03354275471250856,413.79,80.0,0.0,21.16376812382609,225.6069411714992,83.75372207104698,0.0,0.0,0.0,75.36125114959496,80.0,0.0,330.52443136637226,8889.53271824817,16891.856467889476,481.63336047779666,569.5376779618292,2.3314683517128287e-13,unvalidated-engineering-priors,fixed independent scenario factor; no N cycle,2016-08-09,2016-09-21,2016-09-21,physiological_maturity,R6_physiological_maturity,2016-06-15,seed_layer_available_water,50.0
23,ag_075_044,fallow,2016,2016-10-06,2016-10-11,601375.5459775862,adaptive_98,1.0,1.3145040611561853e-13,0.0,0.0,0.0,1.0,1.41,0.0,0.0,15.042044840912103,0.0,0.0,0.0,0.0,0.0,1.1153515678675172,0.0,0.0,15.042044840912103,0.0,0.0,569.5376779618292,554.7902815530493,2.566835632933362e-13,unvalidated-engineering-priors,fixed independent scenario factor; no N cycle,,,,right_censored,BBCH89_full_ripeness,,,
23,ag_075_044,wheat,2017,2016-10-12,2017-06-10,601375.5459775862,adaptive_98,1.0,1.0551559626037488e-12,3.907985046680551e-12,0.0,0.0,0.04267140235271844,244.75,300.0,0.0,292.2718580254305,235.43463598933843,38.86516414250189,0.0,0.0,0.0,52.77012109397828,300.0,0.0,566.5716581572708,7904.013079009359,17598.46936502789,554.7902815530493,480.1985023017988,1.4483969579259792e-12,unvalidated-engineering-priors,fixed independent scenario factor; no N cycle,2017-04-19,2017-05-29,2017-05-29,full_ripeness,BBCH89_full_ripeness,2016-10-12,seed_layer_available_water,50.0
23,ag_075_044,fallow,2017,2017-06-11,2017-06-14,601375.5459775862,adaptive_98,1.0,7.30526750203353e-14,0.0,0.0,0.0,1.0,1.92,0.0,0.0,6.543850389404556,0.0,0.0,0.0,0.0,0.0,0.1452511999428321,0.0,0.0,6.543850389404556,0.0,0.0,480.1985023017988,475.42940071245147,-7.238654120556021e-14,unvalidated-engineering-priors,fixed independent scenario factor; no N cycle,,,,right_censored,BBCH89_full_ripeness,,,
23,ag_075_044,maize,2017,2017-06-15,2017-10-05,601375.5459775862,adaptive_98,1.0,9.183764859699295e-13,4.234834705130197e-12,0.0,0.0,0.03354275471250856,444.59000000000003,80.0,0.0,17.7480451404721,217.15138391874578,103.35133823990128,0.0,0.0,0.0,40.95532846738928,80.0,0.0,338.25076729911916,8786.694445803925,18434.199664116182,475.42940071245147,620.8133049459441,-1.0649259252204502e-12,unvalidated-engineering-priors,fixed independent scenario factor; no N cycle,2017-08-11,2017-09-24,2017-09-24,physiological_maturity,R6_physiological_maturity,2017-06-16,seed_layer_available_water,50.0
23,ag_075_044,fallow,2017,2017-10-06,2017-10-11,601375.5459775862,adaptive_98,1.0,1.6919798895287386e-13,0.0,0.0,0.0,1.0,14.01,0.0,0.0,8.516992299999998,0.0,0.0,0.0,0.0,0.0,2.384956333362959,0.0,0.0,8.516992299999998,0.0,0.0,620.8133049459441,623.9213563125811,1.554312234475219e-14,unvalidated-engineering-priors,fixed independent scenario factor; no N cycle,,,,right_censored,BBCH89_full_ripeness,,,
23,ag_075_044,wheat,2018,2017-10-12,2018-06-10,601375.5459775862,adaptive_98,1.0,8.446576771348191e-13,4.433786671143025e-12,0.0,0.0,0.04267140235271844,244.27,300.0,0.0,251.05658120204396,254.29330078737286,50.04921078009034,0.0,0.0,0.0,78.36410564215817,300.0,0.0,555.3990927695072,7641.769915224287,17919.588597546688,623.9213563125811,534.4281579009119,3.906430734446076e-12,unvalidated-engineering-priors,fixed independent scenario factor; no N cycle,2018-04-19,2018-05-27,2018-05-27,full_ripeness,BBCH89_full_ripeness,2017-10-12,seed_layer_available_water,50.0
23,ag_075_044,fallow,2018,2018-06-11,2018-06-14,601375.5459775862,adaptive_98,1.0,1.7008616737257398e-13,0.0,0.0,0.0,1.0,3.96,0.0,0.0,12.451833605464182,0.0,0.0,0.0,0.0,0.0,0.6478729526476359,0.0,0.0,12.451833605464182,0.0,0.0,534.4281579009119,525.2884513427997,3.339550858072471e-13,unvalidated-engineering-priors,fixed independent scenario factor; no N cycle,,,,right_censored,BBCH89_full_ripeness,,,
23,ag_075_044,maize,2018,2018-06-15,2018-10-05,601375.5459775862,adaptive_98,1.0,7.780442956573097e-13,2.8705926524708048e-12,0.0,0.0,0.03354275471250856,453.75,80.0,0.0,19.17704730733657,246.53429977784,79.01368782643783,0.0,0.0,0.0,112.2885481887112,80.0,0.0,344.7250349116144,8170.469111427024,16593.40556219019,525.2884513427997,602.0248682424769,-2.8378410732443626e-12,unvalidated-engineering-priors,fixed independent scenario factor; no N cycle,2018-08-10,2018-09-22,2018-09-22,physiological_maturity,R6_physiological_maturity,2018-06-16,seed_layer_available_water,50.0
23,ag_075_044,fallow,2018,2018-10-06,2018-10-11,601375.5459775862,adaptive_98,1.0,1.474376176702208e-13,0.0,0.0,0.0,1.0,0.18,0.0,0.0,20.31622203552834,0.0,0.0,0.0,0.0,0.0,2.6629974578572173,0.0,0.0,20.31622203552834,0.0,0.0,602.0248682424769,579.2256487490919,-4.924949337237194e-13,unvalidated-engineering-priors,fixed independent scenario factor; no N cycle,,,,right_censored,BBCH89_full_ripeness,,,
23,ag_075_044,wheat,2019,2018-10-12,2019-06-10,601375.5459775862,adaptive_98,1.0,7.149836278586008e-13,3.240074875066057e-12,0.0,0.0,0.04267140235271844,110.49,300.0,0.0,228.29155618682827,268.34914827901133,31.025232179631832,0.0,0.0,0.0,43.48494463094218,300.0,0.0,527.6659366454714,8519.464047111791,18660.788950429396,579.2256487490919,418.56476747268124,-3.0020430585864233e-12,unvalidated-engineering-priors,fixed independent scenario factor; no N cycle,2019-04-21,2019-05-31,2019-05-31,full_ripeness,BBCH89_full_ripeness,2018-10-12,seed_layer_available_water,50.0
23,ag_075_044,fallow,2019,2019-06-11,2019-06-14,601375.5459775862,adaptive_98,1.0,1.099120794378905e-13,0.0,0.0,0.0,1.0,0.01,0.0,0.0,3.50367234974948,0.0,0.0,0.0,0.0,0.0,0.015981195989149585,0.0,0.0,3.50367234974948,0.0,0.0,418.56476747268124,415.05511392694274,-1.2778667013435552e-13,unvalidated-engineering-priors,fixed independent scenario factor; no N cycle,,,,right_censored,BBCH89_full_ripeness,,,
23,ag_075_044,maize,2019,2019-06-15,2019-10-05,601375.5459775862,adaptive_98,1.0,4.636291350834654e-13,4.291678123991005e-12,0.0,0.0,0.03354275471250856,260.46,80.0,0.0,20.38683899797305,247.58277991790015,79.70865003897838,0.0,0.0,0.0,0.5662159094435838,80.0,0.0,347.6782689548516,8925.91031570027,18167.288997635733,415.05511392694274,407.2706290626475,4.796163466380676e-14,unvalidated-engineering-priors,fixed independent scenario factor; no N cycle,2019-08-11,2019-09-24,2019-09-24,physiological_maturity,R6_physiological_maturity,2019-06-16,seed_layer_available_water,50.0
23,ag_075_044,fallow,2019,2019-10-06,2019-10-11,601375.5459775862,adaptive_98,1.0,1.6431300764452317e-13,0.0,0.0,0.0,1.0,21.72,0.0,0.0,11.690174449999997,0.0,0.0,0.0,0.0,0.0,0.0015944800685399685,0.0,0.0,11.690174449999997,0.0,0.0,407.2706290626475,417.2988601325791,-1.0391687510491465e-13,unvalidated-engineering-priors,fixed independent scenario factor; no N cycle,,,,right_censored,BBCH89_full_ripeness,,,
23,ag_075_044,wheat,2020,2019-10-12,2020-06-10,601375.5459775862,adaptive_98,1.0,1.9628743075372768e-13,2.8137492336099967e-12,0.0,0.0,0.04267140235271844,159.19,300.0,0.0,230.13211002714957,225.0426490993833,36.96659079107146,0.0,0.0,0.0,0.5847761594552828,300.0,0.0,492.1413499176044,6788.670437862352,15935.742135483066,417.2988601325791,383.7627340555193,1.9223511671384585e-13,unvalidated-engineering-priors,fixed independent scenario factor; no N cycle,2020-04-17,2020-05-28,2020-05-28,full_ripeness,BBCH89_full_ripeness,2019-10-12,seed_layer_available_water,50.0
23,ag_075_044,fallow,2020,2020-06-11,2020-06-14,601375.5459775862,adaptive_98,1.0,8.881784197001252e-14,0.0,0.0,0.0,1.0,22.19,0.0,0.0,14.893620739528654,0.0,0.0,0.0,0.0,0.0,0.0030464792988968157,0.0,0.0,14.893620739528654,0.0,0.0,383.7627340555193,391.05606683669157,1.5409895581797173e-13,unvalidated-engineering-priors,fixed independent scenario factor; no N cycle,,,,right_censored,BBCH89_full_ripeness,,,
23,ag_075_044,maize,2020,2020-06-15,2020-10-05,601375.5459775862,adaptive_98,1.0,9.71667191151937e-13,3.581135388230905e-12,0.0,0.0,0.03354275471250856,380.78,80.0,0.0,17.99302140146837,228.3228837546525,70.55116178452259,0.0,0.0,0.0,25.116021910422546,80.0,0.0,316.8670669406435,9053.406639438812,16767.209148483664,391.05606683669157,509.8529779856219,3.6335934261444436e-12,unvalidated-engineering-priors,fixed independent scenario factor; no N cycle,2020-08-12,2020-09-23,2020-09-23,physiological_maturity,R6_physiological_maturity,2020-06-16,seed_layer_available_water,50.0
23,ag_075_044,fallow,2020,2020-10-06,2020-10-11,601375.5459775862,adaptive_98,1.0,1.4077627952246985e-13,0.0,0.0,0.0,1.0,1.23,0.0,0.0,10.296338827251782,0.0,0.0,0.0,0.0,0.0,0.5091791474147483,0.0,0.0,10.296338827251782,0.0,0.0,509.8529779856219,500.27746001095556,-1.7497114868092467e-13,unvalidated-engineering-priors,fixed independent scenario factor; no N cycle,,,,right_censored,BBCH89_full_ripeness,,,
23,ag_075_044,wheat,2021,2020-10-12,2021-06-10,601375.5459775862,adaptive_98,1.0,4.725109192804666e-13,3.211653165635653e-12,0.0,0.0,0.04267140235271844,177.97,300.0,0.0,225.52730852055984,258.7471234774252,40.62093308122421,0.0,0.0,0.0,16.11767805304624,300.0,0.0,524.8953650792092,7936.1004968562975,18214.254885744507,500.27746001095556,437.23441687869735,2.742750471185218e-12,unvalidated-engineering-priors,fixed independent scenario factor; no N cycle,2021-04-16,2021-05-26,2021-05-26,full_ripeness,BBCH89_full_ripeness,2020-10-12,seed_layer_available_water,50.0
23,ag_075_044,fallow,2021,2021-06-11,2021-06-14,601375.5459775862,adaptive_98,1.0,8.881784197001252e-14,0.0,0.0,0.0,1.0,31.15,0.0,0.0,5.722530539762944,0.0,0.0,0.0,0.0,0.0,0.03974656869691158,0.0,0.0,5.722530539762944,0.0,0.0,437.23441687869735,462.62213977023737,1.2367884494324244e-13,unvalidated-engineering-priors,fixed independent scenario factor; no N cycle,,,,right_censored,BBCH89_full_ripeness,,,
23,ag_075_044,maize,2021,2021-06-15,2021-10-05,601375.5459775862,adaptive_98,1.0,1.2239098623467726e-12,5.115907697472721e-12,0.0,0.0,0.03354275471250856,840.06,80.0,0.0,17.475221312388896,210.36891442725567,93.67355711520328,0.0,0.0,0.0,329.98520927821056,80.0,0.0,321.51769285484784,8556.847326397328,17338.086743307336,462.62213977023737,731.1792376371816,-2.6515456497122614e-12,unvalidated-engineering-priors,fixed independent scenario factor; no N cycle,2021-08-09,2021-09-23,2021-09-23,physiological_maturity,R6_physiological_maturity,2021-06-15,seed_layer_available_water,50.0
23,ag_075_044,fallow,2021,2021-10-06,2021-10-11,601375.5459775862,adaptive_98,1.0,1.3944401189291966e-13,0.0,0.0,0.0,1.0,20.35,0.0,0.0,10.546109099999999,0.0,0.0,0.0,0.0,0.0,29.56651036932265,0.0,0.0,10.546109099999999,0.0,0.0,731.1792376371816,711.4166181678592,-2.1715962361668062e-13,unvalidated-engineering-priors,fixed independent scenario factor; no N cycle,,,,right_censored,BBCH89_full_ripeness,,,
23,ag_075_044,wheat,2022,2021-10-12,2022-06-10,601375.5459775862,adaptive_98,0.75,7.176481631177012e-13,4.504840944719035e-12,0.0,0.0,0.04267140235271844,108.95,225.0,0.0,210.3194147269881,290.1457585834859,39.68665569117395,0.0,0.0,0.0,135.37290356450367,225.0,0.0,540.1518290016479,9067.412419405666,20275.342812695624,711.4166181678592,369.84188560170674,8.354983371816616e-13,unvalidated-engineering-priors,fixed independent scenario factor; no N cycle,2022-04-18,2022-05-30,2022-05-30,full_ripeness,BBCH89_full_ripeness,2021-10-12,seed_layer_available_water,50.0
23,ag_075_044,fallow,2022,2022-06-11,2022-06-14,601375.5459775862,adaptive_98,0.75,4.0190073491430667e-14,0.0,0.0,0.0,1.0,0.78,0.0,0.0,2.2761181260343695,0.0,0.0,0.0,0.0,0.0,0.003844382976834868,0.0,0.0,2.2761181260343695,0.0,0.0,369.84188560170674,368.3419230926956,-6.361577931102147e-14,unvalidated-engineering-priors,fixed independent scenario factor; no N cycle,,,,right_censored,BBCH89_full_ripeness,,,
23,ag_075_044,maize,2022,2022-06-15,2022-10-05,601375.5459775862,adaptive_98,0.75,8.815170815523743e-13,3.637978807091713e-12,0.0,0.0,0.03354275471250856,409.42,60.0,0.0,22.229235424503607,245.79585192634366,66.54618605447422,0.0,0.0,0.0,12.676991397942917,60.0,0.0,334.5712734053215,8952.21384935735,16905.35682933319,368.3419230926956,490.5136582894308,4.022338018216942e-13,unvalidated-engineering-priors,fixed independent scenario factor; no N cycle,2022-08-12,2022-09-25,2022-09-25,physiological_maturity,R6_physiological_maturity,2022-06-16,seed_layer_available_water,50.0
23,ag_075_044,fallow,2022,2022-10-06,2022-10-11,601375.5459775862,adaptive_98,0.75,8.704148513061227e-14,0.0,0.0,0.0,1.0,0.32,0.0,0.0,15.995292021080678,0.0,0.0,0.0,0.0,0.0,0.08814027628418195,0.0,0.0,15.995292021080678,0.0,0.0,490.5136582894308,474.75022599206585,8.415490526658687e-14,unvalidated-engineering-priors,fixed independent scenario factor; no N cycle,,,,right_censored,BBCH89_full_ripeness,,,
23,ag_075_044,wheat,2023,2022-10-12,2023-06-10,601375.5459775862,adaptive_98,1.0,6.377121053446899e-13,2.7284841053187847e-12,0.0,0.0,0.04267140235271844,251.04999999999998,300.0,0.0,285.24707410994444,206.47148208130986,29.42458465712784,0.0,0.0,0.0,6.823984630108216,300.0,0.0,521.1431408483821,6225.117476003323,14217.23184255697,474.75022599206585,497.83310051357245,3.052780250811793e-12,unvalidated-engineering-priors,fixed independent scenario factor; no N cycle,2023-04-15,2023-05-26,2023-05-26,full_ripeness,BBCH89_full_ripeness,2022-10-12,seed_layer_available_water,50.0
23,ag_075_044,fallow,2023,2023-06-11,2023-06-14,601375.5459775862,adaptive_98,1.0,2.8677060726067793e-13,0.0,0.0,0.0,1.0,2.07,0.0,0.0,5.658439593610975,0.0,0.0,0.0,0.0,0.0,0.2891335690978284,0.0,0.0,5.658439593610975,0.0,0.0,497.83310051357245,493.95552735086403,-3.878009025015672e-13,unvalidated-engineering-priors,fixed independent scenario factor; no N cycle,,,,right_censored,BBCH89_full_ripeness,,,
23,ag_075_044,maize,2023,2023-06-15,2023-10-05,601375.5459775862,adaptive_98,1.0,1.0009770790020411e-12,4.177991286269389e-12,0.0,0.0,0.03354275471250856,472.86,80.0,0.0,17.88479759050927,246.84896625609022,94.81965541333606,0.0,0.0,0.0,51.58726576789563,80.0,0.0,359.55341925993554,9551.966838397328,19648.124054498683,493.95552735086403,635.674842323031,1.7822410214307638e-12,unvalidated-engineering-priors,fixed independent scenario factor; no N cycle,2023-08-11,2023-09-22,2023-09-22,physiological_maturity,R6_physiological_maturity,2023-06-16,seed_layer_available_water,50.0
23,ag_075_044,fallow,2023,2023-10-06,2023-10-11,601375.5459775862,adaptive_98,1.0,1.0302869668521453e-13,0.0,0.0,0.0,1.0,0.25,0.0,0.0,16.344304199999996,0.0,0.0,0.0,0.0,0.0,4.4650714712398525,0.0,0.0,16.344304199999996,0.0,0.0,635.674842323031,615.1154666517912,2.7533531010703882e-14,unvalidated-engineering-priors,fixed independent scenario factor; no N cycle,,,,right_censored,BBCH89_full_ripeness,,,
23,ag_075_044,wheat,2024,2023-10-12,2024-06-10,601375.5459775862,adaptive_98,0.75,6.745715097622451e-13,3.609557097661309e-12,0.0,0.0,0.04267140235271844,160.54,225.0,0.0,246.15683729875408,285.10045544809105,31.76391871739102,0.0,0.0,0.0,58.70617545442303,225.0,0.0,563.0212114642361,8680.716774673288,19338.341351467177,615.1154666517912,378.92807973313086,1.1599610161283636e-12,unvalidated-engineering-priors,fixed independent scenario factor; no N cycle,2024-04-19,2024-05-29,2024-05-29,full_ripeness,BBCH89_full_ripeness,2023-10-12,seed_layer_available_water,50.0
23,ag_075_044,fallow,2024,2024-06-11,2024-06-14,601375.5459775862,adaptive_98,0.75,8.282263763703668e-14,0.0,0.0,0.0,1.0,4.9399999999999995,0.0,0.0,5.2687629199058055,0.0,0.0,0.0,0.0,0.0,0.0060127432878812745,0.0,0.0,5.2687629199058055,0.0,0.0,378.92807973313086,378.5933040699372,-5.10702591327572e-15,unvalidated-engineering-priors,fixed independent scenario factor; no N cycle,,,,right_censored,BBCH89_full_ripeness,,,
23,ag_075_044,maize,2024,2024-06-15,2024-10-05,601375.5459775862,adaptive_98,0.75,9.463541061904834e-13,2.7284841053187847e-12,0.0,0.0,0.03354275471250856,531.34,60.0,0.0,20.591171531445468,206.7728570485819,100.60190459317175,0.0,0.0,0.0,54.713686187941946,60.0,0.0,327.9659331731991,8162.974368874116,15989.648853529128,378.5933040699372,587.2536847087962,-7.738254481637341e-14,unvalidated-engineering-priors,fixed independent scenario factor; no N cycle,2024-08-09,2024-09-19,2024-09-19,physiological_maturity,R6_physiological_maturity,2024-06-16,seed_layer_available_water,50.0
23,ag_075_044,fallow,2024,2024-10-06,2024-10-11,601375.5459775862,adaptive_98,0.75,1.2390088954816747e-13,0.0,0.0,0.0,1.0,2.91,0.0,0.0,16.710887,0.0,0.0,0.0,0.0,0.0,1.2245570197156948,0.0,0.0,16.710887,0.0,0.0,587.2536847087962,572.2282406890804,9.85878045867139e-14,unvalidated-engineering-priors,fixed independent scenario factor; no N cycle,,,,right_censored,BBCH89_full_ripeness,,,
23,ag_075_044,wheat,2025,2024-10-12,2025-06-10,601375.5459775862,adaptive_98,0.75,6.226130722097878e-13,4.945377440890297e-12,0.0,0.0,0.04267140235271844,184.34,225.0,0.0,239.18049913026027,314.9251878391367,33.73365091023529,0.0,0.0,0.0,42.179500862311215,225.0,0.0,587.8393378796322,9006.579979181455,20338.989643964254,572.2282406890804,351.5494019471393,-2.382760655450511e-12,unvalidated-engineering-priors,fixed independent scenario factor; no N cycle,2025-04-17,2025-05-27,2025-05-27,full_ripeness,BBCH89_full_ripeness,2024-10-12,seed_layer_available_water,50.0
23,ag_075_044,fallow,2025,2025-06-11,2025-06-14,601375.5459775862,adaptive_98,0.75,1.300626273348371e-13,0.0,0.0,0.0,1.0,1.4700000000000002,0.0,0.0,1.827415259033897,0.0,0.0,0.0,0.0,0.0,0.0021776232379496444,0.0,0.0,1.827415259033897,0.0,0.0,351.5494019471393,351.18980906486746,-5.9396931817445875e-15,unvalidated-engineering-priors,fixed independent scenario factor; no N cycle,,,,right_censored,BBCH89_full_ripeness,,,
23,ag_075_044,maize,2025,2025-06-15,2025-10-05,601375.5459775862,adaptive_98,0.75,3.8458125573015423e-13,4.078515303262975e-12,0.0,0.0,0.03354275471250856,629.51,60.0,0.0,18.24970222109584,211.97313222697454,96.06633520885421,0.0,0.0,0.0,9.305649915946749,60.0,0.0,326.2891696569246,8514.679491619876,17501.855392259342,351.18980906486746,705.1049894919975,-1.3509193763638905e-12,unvalidated-engineering-priors,fixed independent scenario factor; no N cycle,2025-08-10,2025-09-24,2025-09-24,physiological_maturity,R6_physiological_maturity,2025-06-16,seed_layer_available_water,50.0
23,ag_075_044,fallow,1996,1996-01-01,1996-10-11,601375.5459775862,rain_95_matched,1.0,2.2537527399890678e-13,0.0,0.0,0.0,1.0,754.98,0.0,0.0,552.3186758139509,0.0,0.0,0.0,0.0,0.0,82.18796312053631,0.0,0.0,552.3186758139509,0.0,0.0,486.589374113015,607.0627351785278,7.505107646466058e-14,unvalidated-engineering-priors,fixed independent scenario factor; no N cycle,,,,right_censored,BBCH89_full_ripeness,,,
23,ag_075_044,wheat,1997,1996-10-12,1997-06-10,601375.5459775862,rain_95_matched,1.0,9.134915046615788e-13,7.062794793455396e-12,0.0,0.0,0.04267140235271844,202.71,300.0,0.0,255.70057171503393,241.37880755844012,36.13797247100474,0.0,0.0,0.0,78.86675379574069,300.0,0.0,533.2173517444787,8646.913332196864,19086.739009381738,607.0627351785278,497.6886296383086,-3.3489877537817847e-13,unvalidated-engineering-priors,fixed independent scenario factor; no N cycle,1997-04-27,1997-06-03,1997-06-03,full_ripeness,BBCH89_full_ripeness,1996-10-12,seed_layer_available_water,50.0
23,ag_075_044,fallow,1997,1997-06-11,1997-06-14,601375.5459775862,rain_95_matched,1.0,1.822986206434507e-13,0.0,0.0,0.0,1.0,2.9899999999999998,0.0,0.0,5.469218820845822,0.0,0.0,0.0,0.0,0.0,0.35556427459241,0.0,0.0,5.469218820845822,0.0,0.0,497.6886296383086,494.8538465428704,7.771561172376096e-15,unvalidated-engineering-priors,fixed independent scenario factor; no N cycle,,,,right_censored,BBCH89_full_ripeness,,,
23,ag_075_044,maize,1997,1997-06-15,1997-10-05,601375.5459775862,rain_95_matched,1.0,9.485745522397337e-13,3.865352482534945e-12,0.0,0.0,0.03354275471250856,224.66,80.0,0.0,19.72492534136477,312.21924959603064,70.26080498496779,0.0,0.0,0.0,9.701160519398133,80.0,0.0,402.2049799223632,11473.222449062952,21500.234919611263,494.8538465428704,387.6077061011067,2.3695490014574716e-12,unvalidated-engineering-priors,fixed independent scenario factor; no N cycle,1997-08-11,1997-09-29,1997-09-29,physiological_maturity,R6_physiological_maturity,1997-06-16,seed_layer_available_water,50.0
23,ag_075_044,fallow,1997,1997-10-06,1997-10-11,601375.5459775862,rain_95_matched,1.0,7.638334409421077e-14,0.0,0.0,0.0,1.0,0.0,0.0,0.0,13.016170256419109,0.0,0.0,0.0,0.0,0.0,0.004515379103937516,0.0,0.0,13.016170256419109,0.0,0.0,387.6077061011067,374.5870204655837,-2.220446049250313e-14,unvalidated-engineering-priors,fixed independent scenario factor; no N cycle,,,,right_censored,BBCH89_full_ripeness,,,
23,ag_075_044,wheat,1998,1997-10-12,1998-06-10,601375.5459775862,rain_95_matched,1.0,1.1683987111155147e-12,3.495870259939693e-12,0.0,0.0,0.04267140235271844,393.03,300.0,0.0,261.7347467728341,166.72521663741313,64.48154367857292,0.0,0.0,0.0,9.409910771769733,300.0,0.0,492.9415070888201,6704.269411117002,15753.267314383445,374.5870204655837,565.2656026049928,1.0592637877948619e-12,unvalidated-engineering-priors,fixed independent scenario factor; no N cycle,1998-04-26,1998-06-03,1998-06-03,full_ripeness,BBCH89_full_ripeness,1997-10-13,seed_layer_available_water,50.0
23,ag_075_044,fallow,1998,1998-06-11,1998-06-14,601375.5459775862,rain_95_matched,1.0,1.412203687323199e-13,0.0,0.0,0.0,1.0,39.29,0.0,0.0,13.395240891797012,0.0,0.0,0.0,0.0,0.0,1.662251092048749,0.0,0.0,13.395240891797012,0.0,0.0,565.2656026049928,589.498110621147,-3.241851231905457e-14,unvalidated-engineering-priors,fixed independent scenario factor; no N cycle,,,,right_censored,BBCH89_full_ripeness,,,
23,ag_075_044,maize,1998,1998-06-15,1998-10-05,601375.5459775862,rain_95_matched,1.0,1.1617373729677638e-12,4.746425474877469e-12,0.0,0.0,0.03354275471250856,598.98,80.0,0.0,18.590382786291325,211.22857234051972,112.39911531969412,0.0,0.0,0.0,356.0332790134096,80.0,0.0,342.2180704465052,9124.967242070063,17761.473013945455,589.498110621147,570.2267611612275,4.728550884181004e-12,unvalidated-engineering-priors,fixed independent scenario factor; no N cycle,1998-08-09,1998-09-20,1998-09-20,physiological_maturity,R6_physiological_maturity,1998-06-15,seed_layer_available_water,50.0
23,ag_075_044,fallow,1998,1998-10-06,1998-10-11,601375.5459775862,rain_95_matched,1.0,2.3314683517128287e-13,0.0,0.0,0.0,1.0,0.56,0.0,0.0,14.18415121616878,0.0,0.0,0.0,0.0,0.0,1.985330782245533,0.0,0.0,14.18415121616878,0.0,0.0,570.2267611612275,554.6172791628132,-6.128431095930864e-14,unvalidated-engineering-priors,fixed independent scenario factor; no N cycle,,,,right_censored,BBCH89_full_ripeness,,,
23,ag_075_044,wheat,1999,1998-10-12,1999-06-10,601375.5459775862,rain_95_matched,1.0,9.07718344933528e-13,3.126388037344441e-12,0.0,0.0,0.04267140235271844,210.58,300.0,0.0,231.7357014067933,231.54412654821152,45.237122196154964,0.0,0.0,0.0,37.437147959366555,300.0,0.0,508.5169501511598,7572.884184145808,17645.92943945134,554.6172791628132,519.2431810522855,1.3563594691845537e-12,unvalidated-engineering-priors,fixed independent scenario factor; no N cycle,1999-04-21,1999-05-28,1999-05-28,full_ripeness,BBCH89_full_ripeness,1998-10-12,seed_layer_available_water,50.0
23,ag_075_044,fallow,1999,1999-06-11,1999-06-14,601375.5459775862,rain_95_matched,1.0,2.0294876890147862e-13,0.0,0.0,0.0,1.0,1.57,0.0,0.0,5.241114316218745,0.0,0.0,0.0,0.0,0.0,0.5690345787909697,0.0,0.0,5.241114316218745,0.0,0.0,519.2431810522855,515.0030321572759,-1.0369483049998962e-13,unvalidated-engineering-priors,fixed independent scenario factor; no N cycle,,,,right_censored,BBCH89_full_ripeness,,,
23,ag_075_044,maize,1999,1999-06-15,1999-10-05,601375.5459775862,rain_95_matched,1.0,9.778844400898379e-13,4.035882739117369e-12,0.0,0.0,0.03354275471250856,475.67,80.0,0.0,18.388068480385137,245.61186991087072,88.30781139133688,0.0,0.0,0.0,116.85966359921616,80.0,0.0,352.30774978259274,10079.43397439555,19770.938324369825,515.0030321572759,601.5056187754681,-1.0491052471195417e-12,unvalidated-engineering-priors,fixed independent scenario factor; no N cycle,1999-08-12,1999-09-26,1999-09-26,physiological_maturity,R6_physiological_maturity,1999-06-16,seed_layer_available_water,50.0
23,ag_075_044,fallow,1999,1999-10-06,1999-10-11,601375.5459775862,rain_95_matched,1.0,2.2648549702353193e-13,0.0,0.0,0.0,1.0,6.74,0.0,0.0,14.299601500000001,0.0,0.0,0.0,0.0,0.0,1.0938872552086223,0.0,0.0,14.299601500000001,0.0,0.0,601.5056187754681,592.8521300202589,5.724309914967307e-13,unvalidated-engineering-priors,fixed independent scenario factor; no N cycle,,,,right_censored,BBCH89_full_ripeness,,,
23,ag_075_044,wheat,2000,1999-10-12,2000-06-10,601375.5459775862,rain_95_matched,1.0,5.782041512247815e-13,4.519051799434237e-12,0.0,0.0,0.04267140235271844,156.28,300.0,0.0,239.310255994939,307.4632647405073,40.31538881436742,0.0,0.0,0.0,54.91590825626703,300.0,0.0,587.0889095498138,9500.473301929873,21495.469919158226,592.8521300202589,407.12731221417937,-1.3062884107739592e-12,unvalidated-engineering-priors,fixed independent scenario factor; no N cycle,2000-04-23,2000-05-31,2000-05-31,full_ripeness,BBCH89_full_ripeness,1999-10-12,seed_layer_available_water,50.0
23,ag_075_044,fallow,2000,2000-06-11,2000-06-14,601375.5459775862,rain_95_matched,1.0,6.061817714453355e-14,0.0,0.0,0.0,1.0,6.2700000000000005,0.0,0.0,8.069388473199464,0.0,0.0,0.0,0.0,0.0,0.007766402652231431,0.0,0.0,8.069388473199464,0.0,0.0,407.12731221417937,405.3201573383276,8.504308368628699e-14,unvalidated-engineering-priors,fixed independent scenario factor; no N cycle,,,,right_censored,BBCH89_full_ripeness,,,
23,ag_075_044,maize,2000,2000-06-15,2000-10-05,601375.5459775862,rain_95_matched,1.0,1.1257661469699087e-12,2.1316282072803006e-12,0.0,0.0,0.03354275471250856,746.61,80.0,0.0,20.751064871968392,158.8163237017598,84.76442285952186,0.0,0.0,0.0,309.21069101438883,80.0,0.0,264.33181143325004,7327.158845123638,14687.763856093581,405.3201573383276,658.3876548906879,7.924771949774367e-13,unvalidated-engineering-priors,fixed independent scenario factor; no N cycle,2000-08-10,2000-09-23,2000-09-23,physiological_maturity,R6_physiological_maturity,2000-06-16,seed_layer_available_water,50.0
23,ag_075_044,fallow,2000,2000-10-06,2000-10-11,601375.5459775862,rain_95_matched,1.0,1.7763568394002505e-13,0.0,0.0,0.0,1.0,40.85,0.0,0.0,12.280764199999998,0.0,0.0,0.0,0.0,0.0,7.4683121671844805,0.0,0.0,12.280764199999998,0.0,0.0,658.3876548906879,679.4885785235036,-1.7186252421197423e-13,unvalidated-engineering-priors,fixed independent scenario factor; no N cycle,,,,right_censored,BBCH89_full_ripeness,,,
23,ag_075_044,wheat,2001,2000-10-12,2001-06-10,601375.5459775862,rain_95_matched,1.0,8.921752225887758e-13,4.348521542851813e-12,0.0,0.0,0.04267140235271844,151.93,300.0,0.0,273.6017649719313,273.47053426044204,20.795567220758187,0.0,0.0,0.0,138.97200724569066,300.0,0.0,567.8678664531316,8653.10239561094,18941.601731595452,679.4885785235036,424.5787048246781,3.3719693703915254e-12,unvalidated-engineering-priors,fixed independent scenario factor; no N cycle,2001-04-25,2001-06-04,2001-06-04,full_ripeness,BBCH89_full_ripeness,2000-10-12,seed_layer_available_water,50.0
23,ag_075_044,fallow,2001,2001-06-11,2001-06-14,601375.5459775862,rain_95_matched,1.0,5.184741524999481e-14,0.0,0.0,0.0,1.0,0.67,0.0,0.0,2.7344365033580993,0.0,0.0,0.0,0.0,0.0,0.024850638633581904,0.0,0.0,2.7344365033580993,0.0,0.0,424.5787048246781,422.48941768268634,6.578071420904053e-14,unvalidated-engineering-priors,fixed independent scenario factor; no N cycle,,,,right_censored,BBCH89_full_ripeness,,,
23,ag_075_044,maize,2001,2001-06-15,2001-10-05,601375.5459775862,rain_95_matched,1.0,8.562039965909207e-13,3.979039320256561e-12,0.0,0.0,0.03354275471250856,452.56,80.0,0.0,16.750160635273183,253.8367659857137,85.02394314872329,0.0,0.0,0.0,107.88792898860328,80.0,0.0,355.6108697697102,9920.297693663779,19691.305324734505,422.48941768268634,491.5506189243758,-2.886357819420482e-12,unvalidated-engineering-priors,fixed independent scenario factor; no N cycle,2001-08-11,2001-09-25,2001-09-25,physiological_maturity,R6_physiological_maturity,2001-06-16,seed_layer_available_water,50.0
23,ag_075_044,fallow,2001,2001-10-06,2001-10-11,601375.5459775862,rain_95_matched,1.0,1.709743457922741e-13,0.0,0.0,0.0,1.0,3.56,0.0,0.0,12.747012524534124,0.0,0.0,0.0,0.0,0.0,0.3855112765414953,0.0,0.0,12.747012524534124,0.0,0.0,491.5506189243758,481.97809512330014,2.6867397195928788e-14,unvalidated-engineering-priors,fixed independent scenario factor; no N cycle,,,,right_censored,BBCH89_full_ripeness,,,
23,ag_075_044,wheat,2002,2001-10-12,2002-06-10,601375.5459775862,rain_95_matched,1.0,4.75175454539567e-13,3.353761712787673e-12,0.0,0.0,0.04267140235271844,274.8,300.0,0.0,247.82461746339604,215.55684025953857,48.130093477183244,0.0,0.0,0.0,12.694062862267353,300.0,0.0,511.5115512001179,7149.192055885689,16920.51347375359,481.97809512330014,532.5724810609156,-6.953881914739668e-13,unvalidated-engineering-priors,fixed independent scenario factor; no N cycle,2002-04-15,2002-05-28,2002-05-28,full_ripeness,BBCH89_full_ripeness,2001-10-12,seed_layer_available_water,50.0
23,ag_075_044,fallow,2002,2002-06-11,2002-06-14,601375.5459775862,rain_95_matched,1.0,1.1368683772161603e-13,0.0,0.0,0.0,1.0,1.25,0.0,0.0,19.500345719798077,0.0,0.0,0.0,0.0,0.0,0.32390218528993187,0.0,0.0,19.500345719798077,0.0,0.0,532.5724810609156,513.9982331558278,-2.495781359357352e-13,unvalidated-engineering-priors,fixed independent scenario factor; no N cycle,,,,right_censored,BBCH89_full_ripeness,,,
23,ag_075_044,maize,2002,2002-06-15,2002-10-05,601375.5459775862,rain_95_matched,1.0,1.0276224315930449e-12,4.405364961712621e-12,0.0,0.0,0.03354275471250856,283.73,80.0,0.0,18.70203375785685,264.6671127454901,91.54814386112781,0.0,0.0,0.0,29.839860550435745,80.0,0.0,374.91729036447475,10488.379368451948,19988.755979775735,513.9982331558278,472.97108224091653,8.273381979506667e-13,unvalidated-engineering-priors,fixed independent scenario factor; no N cycle,2002-08-11,2002-09-27,2002-09-27,physiological_maturity,R6_physiological_maturity,2002-06-15,seed_layer_available_water,50.0
23,ag_075_044,fallow,2002,2002-10-06,2002-10-11,601375.5459775862,rain_95_matched,1.0,8.881784197001252e-14,0.0,0.0,0.0,1.0,0.0,0.0,0.0,14.412605625568059,0.0,0.0,0.0,0.0,0.0,0.11298721369877432,0.0,0.0,14.412605625568059,0.0,0.0,472.97108224091653,458.44548940164975,-5.46229728115577e-14,unvalidated-engineering-priors,fixed independent scenario factor; no N cycle,,,,right_censored,BBCH89_full_ripeness,,,
23,ag_075_044,wheat,2003,2002-10-12,2003-06-10,601375.5459775862,rain_95_matched,0.75,4.636291350834654e-13,3.979039320256561e-12,0.0,0.0,0.04267140235271844,280.31,225.0,0.0,246.84781067201635,195.9246959701262,43.015185207760496,0.0,0.0,0.0,4.708760059928079,225.0,0.0,485.78769184990307,7294.254948817632,16254.79770662252,458.44548940164975,473.2590374918178,7.818190539410352e-13,unvalidated-engineering-priors,fixed independent scenario factor; no N cycle,2003-04-29,2003-06-06,2003-06-06,full_ripeness,BBCH89_full_ripeness,2002-10-12,seed_layer_available_water,50.0
23,ag_075_044,fallow,2003,2003-06-11,2003-06-14,601375.5459775862,rain_95_matched,0.75,5.861977570020827e-14,0.0,0.0,0.0,1.0,0.44,0.0,0.0,10.427464793604713,0.0,0.0,0.0,0.0,0.0,0.08265619513108888,0.0,0.0,10.427464793604713,0.0,0.0,473.2590374918178,463.1889165030819,1.3389289676979388e-13,unvalidated-engineering-priors,fixed independent scenario factor; no N cycle,,,,right_censored,BBCH89_full_ripeness,,,
23,ag_075_044,maize,2003,2003-06-15,2003-10-05,601375.5459775862,rain_95_matched,0.75,9.610090501155355e-13,2.1103119252074976e-12,0.0,0.0,0.03354275471250856,647.95,60.0,0.0,19.114307332461518,122.68558211177967,101.07653052663778,0.0,0.0,0.0,239.8881347819899,60.0,0.0,242.87641997087897,7458.82491830704,14191.47673444006,463.1889165030819,688.3743617502106,2.4394375408576252e-12,unvalidated-engineering-priors,fixed independent scenario factor; no N cycle,2003-08-12,2003-10-02,2003-10-02,physiological_maturity,R6_physiological_maturity,2003-06-16,seed_layer_available_water,50.0
23,ag_075_044,fallow,2003,2003-10-06,2003-10-11,601375.5459775862,rain_95_matched,0.75,9.547918011776346e-14,0.0,0.0,0.0,1.0,75.55,0.0,0.0,11.587539099999997,0.0,0.0,0.0,0.0,0.0,11.596516879981461,0.0,0.0,11.587539099999997,0.0,0.0,688.3743617502106,740.740305770229,9.325873406851315e-14,unvalidated-engineering-priors,fixed independent scenario factor; no N cycle,,,,right_censored,BBCH89_full_ripeness,,,
23,ag_075_044,wheat,2004,2003-10-12,2004-06-10,601375.5459775862,rain_95_matched,0.5,3.383959779057477e-13,3.851141627819743e-12,0.0,0.0,0.04267140235271844,183.91,150.0,0.0,252.83310593750417,260.1725674667204,41.683340403622275,0.0,0.0,0.0,153.23010446817557,150.0,0.0,554.6890138078469,8841.324856262478,20018.337869626786,740.740305770229,366.73118749420587,7.581713035165194e-13,unvalidated-engineering-priors,fixed independent scenario factor; no N cycle,2004-04-19,2004-05-27,2004-05-27,full_ripeness,BBCH89_full_ripeness,2003-10-12,seed_layer_available_water,50.0
23,ag_075_044,fallow,2004,2004-06-11,2004-06-14,601375.5459775862,rain_95_matched,0.5,7.005507285384738e-14,0.0,0.0,0.0,1.0,8.89,0.0,0.0,3.175621694379764,0.0,0.0,0.0,0.0,0.0,0.004513378725769218,0.0,0.0,3.175621694379764,0.0,0.0,366.73118749420587,372.44105242110044,-1.0119682869458302e-13,unvalidated-engineering-priors,fixed independent scenario factor; no N cycle,,,,right_censored,BBCH89_full_ripeness,,,
23,ag_075_044,maize,2004,2004-06-15,2004-10-05,601375.5459775862,rain_95_matched,0.5,9.920952948050399e-13,4.746425474877469e-12,0.0,0.0,0.03354275471250856,611.76,40.0,0.0,16.509340468872455,196.53154991071378,111.62076487494417,0.0,0.0,0.0,84.4780485748523,40.0,0.0,324.6616552545304,10052.570590466072,18667.749348867175,372.44105242110044,615.0613485917162,1.5449308499171366e-12,unvalidated-engineering-priors,fixed independent scenario factor; no N cycle,2004-08-11,2004-09-28,2004-09-28,physiological_maturity,R6_physiological_maturity,2004-06-15,seed_layer_available_water,50.0
23,ag_075_044,fallow,2004,2004-10-06,2004-10-11,601375.5459775862,rain_95_matched,0.5,1.3633538742396922e-13,0.0,0.0,0.0,1.0,0.06,0.0,0.0,18.5110073,0.0,0.0,0.0,0.0,0.0,2.495587592006755,0.0,0.0,18.5110073,0.0,0.0,615.0613485917162,594.1147536997094,7.37188088351104e-14,unvalidated-engineering-priors,fixed independent scenario factor; no N cycle,,,,right_censored,BBCH89_full_ripeness,,,
23,ag_075_044,wheat,2005,2004-10-12,2005-06-10,601375.5459775862,rain_95_matched,0.5,3.8902214782865485e-13,6.16751094639767e-12,0.0,0.0,0.04267140235271844,193.4,150.0,0.0,212.73493007017652,267.98580121988584,39.684106057573494,0.0,0.0,0.0,41.4723492071459,150.0,0.0,520.4048373476359,8708.789513331165,19429.73391798514,594.1147536997094,375.6375671449274,1.8385293287792592e-13,unvalidated-engineering-priors,fixed independent scenario factor; no N cycle,2005-04-29,2005-06-07,2005-06-07,full_ripeness,BBCH89_full_ripeness,2004-10-12,seed_layer_available_water,50.0
23,ag_075_044,fallow,2005,2005-06-11,2005-06-14,601375.5459775862,rain_95_matched,0.5,7.904787935331115e-14,0.0,0.0,0.0,1.0,0.16,0.0,0.0,15.876912424128491,0.0,0.0,0.0,0.0,0.0,0.002343897368267101,0.0,0.0,15.876912424128491,0.0,0.0,375.6375671449274,359.9183108234306,4.107825191113079e-14,unvalidated-engineering-priors,fixed independent scenario factor; no N cycle,,,,right_censored,BBCH89_full_ripeness,,,
23,ag_075_044,maize,2005,2005-06-15,2005-10-05,601375.5459775862,rain_95_matched,0.5,1.1293188606487092e-12,2.9558577807620168e-12,0.0,0.0,0.03354275471250856,701.95,40.0,0.0,20.18954272823952,164.26530917283708,102.23549327031587,0.0,0.0,0.0,86.09995182836109,40.0,0.0,286.6903451713925,8347.243956189863,16346.58582658666,359.9183108234306,729.0780138236789,-1.891209411297723e-12,unvalidated-engineering-priors,fixed independent scenario factor; no N cycle,2005-08-10,2005-09-28,2005-09-28,physiological_maturity,R6_physiological_maturity,2005-06-16,seed_layer_available_water,50.0
23,ag_075_044,fallow,2005,2005-10-06,2005-10-11,601375.5459775862,rain_95_matched,0.5,8.79296635503124e-14,0.0,0.0,0.0,1.0,5.15,0.0,0.0,17.5653828,0.0,0.0,0.0,0.0,0.0,29.164144162262083,0.0,0.0,17.5653828,0.0,0.0,729.0780138236789,687.498486861417,-1.0302869668521453e-13,unvalidated-engineering-priors,fixed independent scenario factor; no N cycle,,,,right_censored,BBCH89_full_ripeness,,,
23,ag_075_044,wheat,2006,2005-10-12,2006-06-10,601375.5459775862,rain_95_matched,0.5,2.893241202173158e-13,4.746425474877469e-12,0.0,0.0,0.04267140235271844,149.82,150.0,0.0,203.22099761628053,277.5015303199253,45.60450045141156,0.0,0.0,0.0,103.31318029718709,150.0,0.0,526.3270283876174,9074.286755820483,20787.42084166267,687.498486861417,357.6782781766148,-2.2942203692366547e-12,unvalidated-engineering-priors,fixed independent scenario factor; no N cycle,2006-04-25,2006-06-03,2006-06-03,full_ripeness,BBCH89_full_ripeness,2005-10-12,seed_layer_available_water,50.0
23,ag_075_044,fallow,2006,2006-06-11,2006-06-14,601375.5459775862,rain_95_matched,0.5,1.092459456231154e-13,0.0,0.0,0.0,1.0,24.130000000000003,0.0,0.0,12.066000027587819,0.0,0.0,0.0,0.0,0.0,0.003266572280103193,0.0,0.0,12.066000027587819,0.0,0.0,357.6782781766148,369.7390115767469,-2.842170943040401e-14,unvalidated-engineering-priors,fixed independent scenario factor; no N cycle,,,,right_censored,BBCH89_full_ripeness,,,
23,ag_075_044,maize,2006,2006-06-15,2006-10-05,601375.5459775862,rain_95_matched,0.5,5.595524044110789e-13,2.6716406864579767e-12,0.0,0.0,0.03354275471250856,357.46999999999997,40.0,0.0,20.614777108793493,209.80439598439594,76.88818241602715,0.0,0.0,0.0,0.4168773458250447,40.0,0.0,307.30735550921656,8786.905067947859,16838.128009915363,369.7390115767469,459.4847787217047,6.006306563222097e-13,unvalidated-engineering-priors,fixed independent scenario factor; no N cycle,2006-08-09,2006-09-24,2006-09-24,physiological_maturity,R6_physiological_maturity,2006-06-15,seed_layer_available_water,50.0
23,ag_075_044,fallow,2006,2006-10-06,2006-10-11,601375.5459775862,rain_95_matched,0.5,1.0080825063596421e-13,0.0,0.0,0.0,1.0,0.0,0.0,0.0,17.488336923859173,0.0,0.0,0.0,0.0,0.0,0.020104048171109088,0.0,0.0,17.488336923859173,0.0,0.0,459.4847787217047,441.97633774967466,-2.5224267119483557e-13,unvalidated-engineering-priors,fixed independent scenario factor; no N cycle,,,,right_censored,BBCH89_full_ripeness,,,
23,ag_075_044,wheat,2007,2006-10-12,2007-06-10,601375.5459775862,rain_95_matched,0.75,4.1389114358025836e-13,6.0822458181064576e-12,0.0,0.0,0.04267140235271844,216.17,225.0,0.0,226.20647121511524,286.5679696073891,31.649564237180005,0.0,0.0,0.0,1.496365296894459,225.0,0.0,544.4240050596844,9483.66131604289,21088.824393876406,441.97633774967466,337.2259673930945,1.3239409568654992e-12,unvalidated-engineering-priors,fixed independent scenario factor; no N cycle,2007-04-22,2007-06-01,2007-06-01,full_ripeness,BBCH89_full_ripeness,2006-10-12,seed_layer_available_water,50.0
23,ag_075_044,fallow,2007,2007-06-11,2007-06-14,601375.5459775862,rain_95_matched,0.75,8.837375276016246e-14,0.0,0.0,0.0,1.0,1.29,0.0,0.0,3.2073605279389774,0.0,0.0,0.0,0.0,0.0,0.0005444009780264146,0.0,0.0,3.2073605279389774,0.0,0.0,337.2259673930945,335.30806246417734,1.4910295220715852e-13,unvalidated-engineering-priors,fixed independent scenario factor; no N cycle,,,,right_censored,BBCH89_full_ripeness,,,
23,ag_075_044,maize,2007,2007-06-15,2007-10-05,601375.5459775862,rain_95_matched,0.75,1.1795009413617663e-12,3.694822225952521e-12,0.0,0.0,0.03354275471250856,480.89,60.0,0.0,17.50640886667774,199.84580333295057,88.48705120759703,0.0,0.0,0.0,19.367030301762284,60.0,0.0,305.83926340722536,9194.144121791582,17527.549168735677,335.30806246417734,550.991768755188,1.7259527140822684e-12,unvalidated-engineering-priors,fixed independent scenario factor; no N cycle,2007-08-12,2007-09-26,2007-09-26,physiological_maturity,R6_physiological_maturity,2007-06-16,seed_layer_available_water,50.0
23,ag_075_044,fallow,2007,2007-10-06,2007-10-11,601375.5459775862,rain_95_matched,0.75,8.260059303211165e-14,0.0,0.0,0.0,1.0,1.84,0.0,0.0,15.020472073296366,0.0,0.0,0.0,0.0,0.0,0.807974288172794,0.0,0.0,15.020472073296366,0.0,0.0,550.991768755188,537.003322393719,-2.0050627824730327e-13,unvalidated-engineering-priors,fixed independent scenario factor; no N cycle,,,,right_censored,BBCH89_full_ripeness,,,
23,ag_075_044,wheat,2008,2007-10-12,2008-06-10,601375.5459775862,rain_95_matched,0.75,4.707345624410664e-13,4.632738637155853e-12,0.0,0.0,0.04267140235271844,222.59,225.0,0.0,219.07476768831324,243.71137532887494,47.95399495915772,0.0,0.0,0.0,20.480198578551683,225.0,0.0,510.7401379763459,8528.006677768411,19056.159420570988,537.003322393719,453.3729858388221,-6.568079413682426e-13,unvalidated-engineering-priors,fixed independent scenario factor; no N cycle,2008-04-24,2008-06-02,2008-06-02,full_ripeness,BBCH89_full_ripeness,2007-10-12,seed_layer_available_water,50.0
23,ag_075_044,fallow,2008,2008-06-11,2008-06-14,601375.5459775862,rain_95_matched,0.75,7.460698725481052e-14,0.0,0.0,0.0,1.0,2.49,0.0,0.0,6.273408485252225,0.0,0.0,0.0,0.0,0.0,0.0468135598788956,0.0,0.0,6.273408485252225,0.0,0.0,453.3729858388221,449.54276379369117,-1.8274270985330077e-13,unvalidated-engineering-priors,fixed independent scenario factor; no N cycle,,,,right_censored,BBCH89_full_ripeness,,,
23,ag_075_044,maize,2008,2008-06-15,2008-10-05,601375.5459775862,rain_95_matched,0.75,1.0809131367750524e-12,3.808509063674137e-12,0.0,0.0,0.03354275471250856,406.68,60.0,0.0,18.578819209695517,193.75031423335824,91.76225294529979,0.0,0.0,0.0,36.934546777136234,60.0,0.0,304.09138638835356,9022.88686348576,16971.188056614246,449.54276379369117,575.196830628205,-3.6362024502523127e-12,unvalidated-engineering-priors,fixed independent scenario factor; no N cycle,2008-08-11,2008-09-24,2008-09-24,physiological_maturity,R6_physiological_maturity,2008-06-16,seed_layer_available_water,50.0
23,ag_075_044,fallow,2008,2008-10-06,2008-10-11,601375.5459775862,rain_95_matched,0.75,9.681144774731365e-14,0.0,0.0,0.0,1.0,1.07,0.0,0.0,16.50383499245927,0.0,0.0,0.0,0.0,0.0,1.1385255873718982,0.0,0.0,16.50383499245927,0.0,0.0,575.196830628205,558.6244700483741,-2.1405099914773018e-13,unvalidated-engineering-priors,fixed independent scenario factor; no N cycle,,,,right_censored,BBCH89_full_ripeness,,,
23,ag_075_044,wheat,2009,2008-10-12,2009-06-10,601375.5459775862,rain_95_matched,0.75,4.1300296516055823e-13,4.519051799434237e-12,0.0,0.0,0.04267140235271844,273.08,225.0,0.0,243.3595283175329,245.4875887963586,33.50281893191619,0.0,0.0,0.0,25.66280493934467,225.0,0.0,522.3499360458077,7641.850776506046,17663.639806339568,558.6244700483741,508.69172906321836,3.3668623444782497e-12,unvalidated-engineering-priors,fixed independent scenario factor; no N cycle,2009-04-22,2009-05-29,2009-05-29,full_ripeness,BBCH89_full_ripeness,2008-10-12,seed_layer_available_water,50.0
23,ag_075_044,fallow,2009,2009-06-11,2009-06-14,601375.5459775862,rain_95_matched,0.75,1.5720758028692217e-13,0.0,0.0,0.0,1.0,6.72,0.0,0.0,23.44677452134384,0.0,0.0,0.0,0.0,0.0,0.034767946050846696,0.0,0.0,23.44677452134384,0.0,0.0,508.69172906321836,491.9301865958238,-1.1191048088221578e-13,unvalidated-engineering-priors,fixed independent scenario factor; no N cycle,,,,right_censored,BBCH89_full_ripeness,,,
23,ag_075_044,maize,2009,2009-06-15,2009-10-05,601375.5459775862,rain_95_matched,0.75,9.583445148564351e-13,4.860112312599085e-12,0.0,0.0,0.03354275471250856,380.83,60.0,0.0,16.032383619770325,230.92956596365397,100.57706019243489,0.0,0.0,0.0,16.537712303787583,60.0,0.0,347.5390097758592,9557.431857859703,19706.926465000815,491.9301865958238,568.6834645161733,3.6934344471717395e-12,unvalidated-engineering-priors,fixed independent scenario factor; no N cycle,2009-08-10,2009-09-29,2009-09-29,physiological_maturity,R6_physiological_maturity,2009-06-15,seed_layer_available_water,50.0
23,ag_075_044,fallow,2009,2009-10-06,2009-10-11,601375.5459775862,rain_95_matched,0.75,7.638334409421077e-14,0.0,0.0,0.0,1.0,2.47,0.0,0.0,15.461028067624495,0.0,0.0,0.0,0.0,0.0,0.9991987333018272,0.0,0.0,15.461028067624495,0.0,0.0,568.6834645161733,554.6932377152472,-1.567634910770721e-13,unvalidated-engineering-priors,fixed independent scenario factor; no N cycle,,,,right_censored,BBCH89_full_ripeness,,,
23,ag_075_044,wheat,2010,2009-10-12,2010-06-10,601375.5459775862,rain_95_matched,0.75,6.710187960834446e-13,4.405364961712621e-12,0.0,0.0,0.04267140235271844,170.49,225.0,0.0,219.63808571019254,274.2046470745636,37.61096374732034,0.0,0.0,0.0,27.669541583585154,225.0,0.0,531.4536965320765,8627.48123834681,19618.962240875044,554.6932377152472,391.0599995995863,-7.636113963371827e-13,unvalidated-engineering-priors,fixed independent scenario factor; no N cycle,2010-05-04,2010-06-10,2010-06-10,full_ripeness,BBCH89_full_ripeness,2009-10-12,seed_layer_available_water,50.0
23,ag_075_044,fallow,2010,2010-06-11,2010-06-14,601375.5459775862,rain_95_matched,0.75,7.460698725481052e-14,0.0,0.0,0.0,1.0,0.0,0.0,0.0,7.513217486655298,0.0,0.0,0.0,0.0,0.0,0.005245837423721193,0.0,0.0,7.513217486655298,0.0,0.0,391.0599995995863,383.54153627550716,1.4455103780619538e-13,unvalidated-engineering-priors,fixed independent scenario factor; no N cycle,,,,right_censored,BBCH89_full_ripeness,,,
23,ag_075_044,maize,2010,2010-06-15,2010-10-05,601375.5459775862,rain_95_matched,0.75,9.663381206337363e-13,3.410605131648481e-12,0.0,0.0,0.03354275471250856,551.36,60.0,0.0,19.929276545298798,206.74374628837262,97.48616493285716,0.0,0.0,0.0,56.00364614167355,60.0,0.0,324.1591877665286,8528.955940547346,17422.352207104545,383.54153627550716,614.7387023673034,1.6253665080512292e-12,unvalidated-engineering-priors,fixed independent scenario factor; no N cycle,2010-08-10,2010-09-26,2010-09-26,physiological_maturity,R6_physiological_maturity,2010-06-16,seed_layer_available_water,50.0
23,ag_075_044,fallow,2010,2010-10-06,2010-10-11,601375.5459775862,rain_95_matched,0.75,1.1546319456101628e-13,0.0,0.0,0.0,1.0,0.18,0.0,0.0,19.402881676739746,0.0,0.0,0.0,0.0,0.0,4.595502809950712,0.0,0.0,19.402881676739746,0.0,0.0,614.7387023673034,590.9203178806132,-2.5224267119483557e-13,unvalidated-engineering-priors,fixed independent scenario factor; no N cycle,,,,right_censored,BBCH89_full_ripeness,,,
23,ag_075_044,wheat,2011,2010-10-12,2011-06-10,601375.5459775862,rain_95_matched,0.5,2.7400304247748863e-13,2.4442670110147446e-12,0.0,0.0,0.04267140235271844,108.71,150.0,0.0,173.73884642657225,270.1558422035913,21.721857009307286,0.0,0.0,0.0,41.390453561821936,150.0,0.0,465.6165456394708,7069.843720694486,16288.894410853663,590.9203178806132,342.62331867932187,-1.4460654895742664e-12,unvalidated-engineering-priors,fixed independent scenario factor; no N cycle,2011-04-25,2011-06-02,2011-06-02,full_ripeness,BBCH89_full_ripeness,2010-10-12,seed_layer_available_water,50.0
23,ag_075_044,fallow,2011,2011-06-11,2011-06-14,601375.5459775862,rain_95_matched,0.5,1.3533618670180658e-13,0.0,0.0,0.0,1.0,1.57,0.0,0.0,2.282427410706793,0.0,0.0,0.0,0.0,0.0,0.0016489781468594965,0.0,0.0,2.282427410706793,0.0,0.0,342.62331867932187,341.90924229046806,1.5937251518494122e-13,unvalidated-engineering-priors,fixed independent scenario factor; no N cycle,,,,right_censored,BBCH89_full_ripeness,,,
23,ag_075_044,maize,2011,2011-06-15,2011-10-05,601375.5459775862,rain_95_matched,0.5,6.150635556423367e-13,3.694822225952521e-12,0.0,0.0,0.03354275471250856,494.21,40.0,0.0,19.684499986298874,180.133785607932,83.80963657518879,0.0,0.0,0.0,1.896401818526386,40.0,0.0,283.62792216941966,8838.446154947023,16628.74352042665,341.90924229046806,590.5949183025197,2.36594077662744e-12,unvalidated-engineering-priors,fixed independent scenario factor; no N cycle,2011-08-11,2011-10-04,2011-10-04,physiological_maturity,R6_physiological_maturity,2011-06-16,seed_layer_available_water,50.0
23,ag_075_044,fallow,2011,2011-10-06,2011-10-11,601375.5459775862,rain_95_matched,0.5,1.2168044349891716e-13,0.0,0.0,0.0,1.0,11.709999999999999,0.0,0.0,16.6122346,0.0,0.0,0.0,0.0,0.0,1.0671318753128274,0.0,0.0,16.6122346,0.0,0.0,590.5949183025197,584.6255518272069,-5.906386491005833e-14,unvalidated-engineering-priors,fixed independent scenario factor; no N cycle,,,,right_censored,BBCH89_full_ripeness,,,
23,ag_075_044,wheat,2012,2011-10-12,2012-06-10,601375.5459775862,rain_95_matched,0.5,4.2543746303636e-13,6.266986929404084e-12,0.0,0.0,0.04267140235271844,190.03,150.0,0.0,240.98447095142433,247.1607987686087,27.442079683049144,0.0,0.0,0.0,42.85976368090905,150.0,0.0,515.5873494030822,8291.405399086956,18603.94085558414,584.6255518272069,366.2084387432152,4.927169783286445e-13,unvalidated-engineering-priors,fixed independent scenario factor; no N cycle,2012-04-28,2012-06-04,2012-06-04,full_ripeness,BBCH89_full_ripeness,2011-10-12,seed_layer_available_water,50.0
23,ag_075_044,fallow,2012,2012-06-11,2012-06-14,601375.5459775862,rain_95_matched,0.5,6.927791673660977e-14,0.0,0.0,0.0,1.0,0.0,0.0,0.0,1.9426389075532657,0.0,0.0,0.0,0.0,0.0,0.007165972297743305,0.0,0.0,1.9426389075532657,0.0,0.0,366.2084387432152,364.25863386336425,-6.455946888195285e-14,unvalidated-engineering-priors,fixed independent scenario factor; no N cycle,,,,right_censored,BBCH89_full_ripeness,,,
23,ag_075_044,maize,2012,2012-06-15,2012-10-05,601375.5459775862,rain_95_matched,0.5,6.501466032204917e-13,3.637978807091713e-12,0.0,0.0,0.03354275471250856,418.76,40.0,0.0,22.005764192019384,205.08043077818763,74.84769606101311,0.0,0.0,0.0,5.008437734465789,40.0,0.0,301.9338910312201,8815.376770397164,16543.651482887384,364.25863386336425,516.0763050976755,2.8618774017274973e-12,unvalidated-engineering-priors,fixed independent scenario factor; no N cycle,2012-08-10,2012-09-26,2012-09-26,physiological_maturity,R6_physiological_maturity,2012-06-16,seed_layer_available_water,50.0
23,ag_075_044,fallow,2012,2012-10-06,2012-10-11,601375.5459775862,rain_95_matched,0.5,5.861977570020827e-14,0.0,0.0,0.0,1.0,0.01,0.0,0.0,16.963357175166067,0.0,0.0,0.0,0.0,0.0,0.2565032919333629,0.0,0.0,16.963357175166067,0.0,0.0,516.0763050976755,498.8664446305762,-1.8252066524837574e-13,unvalidated-engineering-priors,fixed independent scenario factor; no N cycle,,,,right_censored,BBCH89_full_ripeness,,,
23,ag_075_044,wheat,2013,2012-10-12,2013-06-10,601375.5459775862,rain_95_matched,0.75,3.6859404417555197e-13,2.8848035071860068e-12,0.0,0.0,0.04267140235271844,192.56,225.0,0.0,224.74522109071478,246.3665087120437,34.85457134497679,0.0,0.0,0.0,9.021430097637644,225.0,0.0,505.9663011477353,7236.773615299127,16848.616638167667,498.8664446305762,401.4387133852031,2.2370993946196904e-13,unvalidated-engineering-priors,fixed independent scenario factor; no N cycle,2013-04-29,2013-06-08,2013-06-08,full_ripeness,BBCH89_full_ripeness,2012-10-12,seed_layer_available_water,50.0
23,ag_075_044,fallow,2013,2013-06-11,2013-06-14,601375.5459775862,rain_95_matched,0.75,8.948397578478762e-14,0.0,0.0,0.0,1.0,0.0,0.0,0.0,9.585749749410601,0.0,0.0,0.0,0.0,0.0,0.002836602900229965,0.0,0.0,9.585749749410601,0.0,0.0,401.4387133852031,391.8501270328924,-1.312283615106935e-13,unvalidated-engineering-priors,fixed independent scenario factor; no N cycle,,,,right_censored,BBCH89_full_ripeness,,,
23,ag_075_044,maize,2013,2013-06-15,2013-10-05,601375.5459775862,rain_95_matched,0.75,6.004086117172847e-13,4.604316927725449e-12,0.0,0.0,0.03354275471250856,252.91,60.0,0.0,21.538088061930182,293.4570530533186,53.885165528238076,0.0,0.0,0.0,1.8360486550238015,60.0,0.0,368.88030664348685,9043.335750562564,17880.60693280976,391.8501270328924,334.0437717343827,-9.89541781848402e-13,unvalidated-engineering-priors,fixed independent scenario factor; no N cycle,2013-08-10,2013-09-21,2013-09-21,physiological_maturity,R6_physiological_maturity,2013-06-16,seed_layer_available_water,50.0
23,ag_075_044,fallow,2013,2013-10-06,2013-10-11,601375.5459775862,rain_95_matched,0.75,1.6786572132332367e-13,0.0,0.0,0.0,1.0,0.0,0.0,0.0,5.842875351264833,0.0,0.0,0.0,0.0,0.0,0.0021691698257946634,0.0,0.0,5.842875351264833,0.0,0.0,334.0437717343827,328.19872721329193,1.2856382625159313e-13,unvalidated-engineering-priors,fixed independent scenario factor; no N cycle,,,,right_censored,BBCH89_full_ripeness,,,
23,ag_075_044,wheat,2014,2013-10-12,2014-06-10,601375.5459775862,rain_95_matched,1.0,1.9895196601282805e-13,2.7142732506035827e-12,0.0,0.0,0.04267140235271844,163.85,300.0,0.0,265.9418315690616,130.36765488281233,20.571152646812518,0.0,0.0,0.0,0.08095266510309404,300.0,0.0,416.88063909868646,4163.314416482857,9696.162475542436,328.19872721329193,375.08713544950217,2.4097390749489023e-13,unvalidated-engineering-priors,fixed independent scenario factor; no N cycle,2014-04-17,2014-05-27,2014-05-27,full_ripeness,BBCH89_full_ripeness,2013-10-13,seed_layer_available_water,50.0
23,ag_075_044,fallow,2014,2014-06-11,2014-06-14,601375.5459775862,rain_95_matched,1.0,4.674038933671909e-14,0.0,0.0,0.0,1.0,0.53,0.0,0.0,2.289887130261564,0.0,0.0,0.0,0.0,0.0,0.0016579861804087678,0.0,0.0,2.289887130261564,0.0,0.0,375.08713544950217,373.32559033306035,-1.4976908602193362e-13,unvalidated-engineering-priors,fixed independent scenario factor; no N cycle,,,,right_censored,BBCH89_full_ripeness,,,
23,ag_075_044,maize,2014,2014-06-15,2014-10-05,601375.5459775862,rain_95_matched,1.0,6.155076448521868e-13,3.922195901395753e-12,0.0,0.0,0.03354275471250856,365.33,80.0,0.0,17.587325256252846,215.73347278211173,85.365357239393,0.0,0.0,0.0,0.21139092336939536,80.0,0.0,318.68615527775756,8849.966127197047,18235.17607598476,373.32559033306035,499.7580441319345,-1.1476930517062556e-12,unvalidated-engineering-priors,fixed independent scenario factor; no N cycle,2014-08-12,2014-09-28,2014-09-28,physiological_maturity,R6_physiological_maturity,2014-06-16,seed_layer_available_water,50.0
23,ag_075_044,fallow,2014,2014-10-06,2014-10-11,601375.5459775862,rain_95_matched,1.0,7.061018436615996e-14,0.0,0.0,0.0,1.0,0.03,0.0,0.0,18.2551635740626,0.0,0.0,0.0,0.0,0.0,0.031292444339489696,0.0,0.0,18.2551635740626,0.0,0.0,499.7580441319345,481.5015881135324,1.5987211554602254e-14,unvalidated-engineering-priors,fixed independent scenario factor; no N cycle,,,,right_censored,BBCH89_full_ripeness,,,
23,ag_075_044,wheat,2015,2014-10-12,2015-06-10,601375.5459775862,rain_95_matched,0.75,6.536993168992922e-13,2.2311041902867146e-12,0.0,0.0,0.04267140235271844,182.41,225.0,0.0,227.87071249139075,198.2497303761478,47.690441864869946,0.0,0.0,0.0,3.9285069109091926,225.0,0.0,473.8108847324085,6719.750835064791,15191.551862910674,481.5015881135324,411.1721964702158,-1.0477729794899915e-12,unvalidated-engineering-priors,fixed independent scenario factor; no N cycle,2015-04-23,2015-05-29,2015-05-29,full_ripeness,BBCH89_full_ripeness,2014-10-12,seed_layer_available_water,50.0
23,ag_075_044,fallow,2015,2015-06-11,2015-06-14,601375.5459775862,rain_95_matched,0.75,9.137135492665038e-14,0.0,0.0,0.0,1.0,0.0,0.0,0.0,2.6345575529354592,0.0,0.0,0.0,0.0,0.0,0.012348521602200098,0.0,0.0,2.6345575529354592,0.0,0.0,411.1721964702158,408.5252903956783,-1.900701818158268e-13,unvalidated-engineering-priors,fixed independent scenario factor; no N cycle,,,,right_censored,BBCH89_full_ripeness,,,
23,ag_075_044,maize,2015,2015-06-15,2015-10-05,601375.5459775862,rain_95_matched,0.75,6.883382752675971e-13,4.945377440890297e-12,0.0,0.0,0.03354275471250856,348.90000000000003,60.0,0.0,19.097899120996136,219.6724474838726,77.65892851139512,0.0,0.0,0.0,4.1282878035131985,60.0,0.0,316.42927511626385,9426.965291119908,17718.513308654008,408.5252903956783,496.86772747589566,5.6402105208519515e-12,unvalidated-engineering-priors,fixed independent scenario factor; no N cycle,2015-08-12,2015-09-27,2015-09-27,physiological_maturity,R6_physiological_maturity,2015-06-16,seed_layer_available_water,50.0
23,ag_075_044,fallow,2015,2015-10-06,2015-10-11,601375.5459775862,rain_95_matched,0.75,7.549516567451064e-14,0.0,0.0,0.0,1.0,12.94,0.0,0.0,17.91005728008197,0.0,0.0,0.0,0.0,0.0,0.16593157375267809,0.0,0.0,17.91005728008197,0.0,0.0,496.86772747589566,491.73173862206096,5.551115123125783e-14,unvalidated-engineering-priors,fixed independent scenario factor; no N cycle,,,,right_censored,BBCH89_full_ripeness,,,
23,ag_075_044,wheat,2016,2015-10-12,2016-06-10,601375.5459775862,rain_95_matched,0.75,3.9324099532223045e-13,2.8848035071860068e-12,0.0,0.0,0.04267140235271844,248.93,225.0,0.0,270.77265676802944,237.07064333767767,32.715527872963165,0.0,0.0,0.0,8.654079728609934,225.0,0.0,540.5588279786703,7365.906536871777,17028.218959275095,491.73173862206096,416.44883091478044,3.161360062620133e-13,unvalidated-engineering-priors,fixed independent scenario factor; no N cycle,2016-04-21,2016-05-29,2016-05-29,full_ripeness,BBCH89_full_ripeness,2015-10-12,seed_layer_available_water,50.0
23,ag_075_044,fallow,2016,2016-06-11,2016-06-14,601375.5459775862,rain_95_matched,0.75,5.861977570020827e-14,0.0,0.0,0.0,1.0,10.25,0.0,0.0,14.925741213808775,0.0,0.0,0.0,0.0,0.0,0.003913252655744365,0.0,0.0,14.925741213808775,0.0,0.0,416.44883091478044,411.76917644831605,-1.2079226507921703e-13,unvalidated-engineering-priors,fixed independent scenario factor; no N cycle,,,,right_censored,BBCH89_full_ripeness,,,
23,ag_075_044,maize,2016,2016-06-15,2016-10-05,601375.5459775862,rain_95_matched,0.75,1.3029577417000837e-12,2.0463630789890885e-12,0.0,0.0,0.03354275471250856,413.79,60.0,0.0,21.16376812382609,225.6069411714992,83.75372207104698,0.0,0.0,0.0,14.442543076295335,60.0,0.0,330.52443136637226,8889.53271824817,16891.856467889476,411.76917644831605,540.5922020056493,-7.991385331251877e-13,unvalidated-engineering-priors,fixed independent scenario factor; no N cycle,2016-08-09,2016-09-21,2016-09-21,physiological_maturity,R6_physiological_maturity,2016-06-15,seed_layer_available_water,50.0
23,ag_075_044,fallow,2016,2016-10-06,2016-10-11,601375.5459775862,rain_95_matched,0.75,1.2922996006636822e-13,0.0,0.0,0.0,1.0,1.41,0.0,0.0,14.8486596296241,0.0,0.0,0.0,0.0,0.0,0.44384014702701974,0.0,0.0,14.8486596296241,0.0,0.0,540.5922020056493,526.7097022289981,-3.552713678800501e-15,unvalidated-engineering-priors,fixed independent scenario factor; no N cycle,,,,right_censored,BBCH89_full_ripeness,,,
23,ag_075_044,wheat,2017,2016-10-12,2017-06-10,601375.5459775862,rain_95_matched,0.75,5.213607323639735e-13,2.5721647034515627e-12,0.0,0.0,0.04267140235271844,244.75,225.0,0.0,275.71318082541677,234.93988122848916,38.81158973624814,0.0,0.0,0.0,26.427596151955647,225.0,0.0,549.4646517901541,7886.81649177786,17565.60301398864,526.7097022289981,420.5674542868847,3.734901277141489e-12,unvalidated-engineering-priors,fixed independent scenario factor; no N cycle,2017-04-19,2017-05-29,2017-05-29,full_ripeness,BBCH89_full_ripeness,2016-10-12,seed_layer_available_water,50.0
23,ag_075_044,fallow,2017,2017-06-11,2017-06-14,601375.5459775862,rain_95_matched,0.75,1.532107773982716e-13,0.0,0.0,0.0,1.0,1.92,0.0,0.0,5.828322591045634,0.0,0.0,0.0,0.0,0.0,0.013536410624935637,0.0,0.0,5.828322591045634,0.0,0.0,420.5674542868847,416.64559528521426,-1.2811973704174306e-13,unvalidated-engineering-priors,fixed independent scenario factor; no N cycle,,,,right_censored,BBCH89_full_ripeness,,,
23,ag_075_044,maize,2017,2017-06-15,2017-10-05,601375.5459775862,rain_95_matched,0.75,1.0893508317622036e-12,3.922195901395753e-12,0.0,0.0,0.03354275471250856,444.59000000000003,60.0,0.0,17.779702862623974,216.0126402564598,103.20907772602281,0.0,0.0,0.0,6.0129740628115345,60.0,0.0,337.00142084510657,8773.302199413522,18399.471597083248,416.64559528521426,578.2212003773002,-4.052314039881821e-12,unvalidated-engineering-priors,fixed independent scenario factor; no N cycle,2017-08-11,2017-09-24,2017-09-24,physiological_maturity,R6_physiological_maturity,2017-06-16,seed_layer_available_water,50.0
23,ag_075_044,fallow,2017,2017-10-06,2017-10-11,601375.5459775862,rain_95_matched,0.75,2.2459811788166917e-13,0.0,0.0,0.0,1.0,14.01,0.0,0.0,8.516992299999998,0.0,0.0,0.0,0.0,0.0,0.6259655274308872,0.0,0.0,8.516992299999998,0.0,0.0,578.2212003773002,583.0882425498694,-8.448797217397441e-14,unvalidated-engineering-priors,fixed independent scenario factor; no N cycle,,,,right_censored,BBCH89_full_ripeness,,,
23,ag_075_044,wheat,2018,2017-10-12,2018-06-10,601375.5459775862,rain_95_matched,1.0,5.204725539442734e-13,4.291678123991005e-12,0.0,0.0,0.04267140235271844,244.27,300.0,0.0,249.35460923022998,250.06901309278803,49.1147921612139,0.0,0.0,0.0,48.52779281419161,300.0,0.0,548.5384144842319,7485.739066880116,17569.509710899485,583.0882425498694,530.2920352514493,-3.4418023986404478e-12,unvalidated-engineering-priors,fixed independent scenario factor; no N cycle,2018-04-19,2018-05-27,2018-05-27,full_ripeness,BBCH89_full_ripeness,2017-10-12,seed_layer_available_water,50.0
23,ag_075_044,fallow,2018,2018-06-11,2018-06-14,601375.5459775862,rain_95_matched,1.0,1.91402449445377e-13,0.0,0.0,0.0,1.0,3.96,0.0,0.0,12.38221485190115,0.0,0.0,0.0,0.0,0.0,0.56429463061825,0.0,0.0,12.38221485190115,0.0,0.0,530.2920352514493,521.30552576893,-1.0391687510491465e-13,unvalidated-engineering-priors,fixed independent scenario factor; no N cycle,,,,right_censored,BBCH89_full_ripeness,,,
23,ag_075_044,maize,2018,2018-06-15,2018-10-05,601375.5459775862,rain_95_matched,1.0,9.015010959956271e-13,2.8705926524708048e-12,0.0,0.0,0.03354275471250856,453.75,80.0,0.0,19.176983948337437,246.53429977784,79.01368782643783,0.0,0.0,0.0,108.45559326824802,80.0,0.0,344.7249715526153,8170.469111427024,16593.40556219019,521.30552576893,601.8749609480686,-1.8950396807326797e-12,unvalidated-engineering-priors,fixed independent scenario factor; no N cycle,2018-08-10,2018-09-22,2018-09-22,physiological_maturity,R6_physiological_maturity,2018-06-16,seed_layer_available_water,50.0
23,ag_075_044,fallow,2018,2018-10-06,2018-10-11,601375.5459775862,rain_95_matched,1.0,1.1857181902996672e-13,0.0,0.0,0.0,1.0,0.18,0.0,0.0,20.31281344743627,0.0,0.0,0.0,0.0,0.0,2.652090197487205,0.0,0.0,20.31281344743627,0.0,0.0,601.8749609480686,579.0900573031448,3.4150460237469815e-13,unvalidated-engineering-priors,fixed independent scenario factor; no N cycle,,,,right_censored,BBCH89_full_ripeness,,,
23,ag_075_044,wheat,2019,2018-10-12,2019-06-10,601375.5459775862,rain_95_matched,1.0,8.251177519014163e-13,4.007461029686965e-12,0.0,0.0,0.04267140235271844,110.49,300.0,0.0,228.27353986213376,268.3342225811334,31.024366726978723,0.0,0.0,0.0,43.404381445939165,300.0,0.0,527.6321291702459,8518.938844231981,18659.66790596032,579.0900573031448,418.54354668695885,9.064970996064403e-13,unvalidated-engineering-priors,fixed independent scenario factor; no N cycle,2019-04-21,2019-05-31,2019-05-31,full_ripeness,BBCH89_full_ripeness,2018-10-12,seed_layer_available_water,50.0
23,ag_075_044,fallow,2019,2019-06-11,2019-06-14,601375.5459775862,rain_95_matched,1.0,4.8183679268731794e-14,0.0,0.0,0.0,1.0,0.01,0.0,0.0,3.503413221068452,0.0,0.0,0.0,0.0,0.0,0.015965989721082253,0.0,0.0,3.503413221068452,0.0,0.0,418.54354668695885,415.0341674761693,4.0745185003743245e-14,unvalidated-engineering-priors,fixed independent scenario factor; no N cycle,,,,right_censored,BBCH89_full_ripeness,,,
23,ag_075_044,maize,2019,2019-06-15,2019-10-05,601375.5459775862,rain_95_matched,1.0,4.2588155224621005e-13,3.865352482534945e-12,0.0,0.0,0.03354275471250856,260.46,80.0,0.0,20.387112442816115,247.571782634225,79.7080539017581,0.0,0.0,0.0,0.5657382988565167,80.0,0.0,347.6669489787992,8925.764666927435,18167.04898703168,415.0341674761693,407.26148019851314,4.0256686872908176e-13,unvalidated-engineering-priors,fixed independent scenario factor; no N cycle,2019-08-11,2019-09-24,2019-09-24,physiological_maturity,R6_physiological_maturity,2019-06-16,seed_layer_available_water,50.0
23,ag_075_044,fallow,2019,2019-10-06,2019-10-11,601375.5459775862,rain_95_matched,1.0,8.171241461241152e-14,0.0,0.0,0.0,1.0,21.72,0.0,0.0,11.690174449999997,0.0,0.0,0.0,0.0,0.0,0.001593616424251322,0.0,0.0,11.690174449999997,0.0,0.0,407.26148019851314,417.28971213208894,-4.707345624410664e-14,unvalidated-engineering-priors,fixed independent scenario factor; no N cycle,,,,right_censored,BBCH89_full_ripeness,,,
23,ag_075_044,wheat,2020,2019-10-12,2020-06-10,601375.5459775862,rain_95_matched,0.75,1.7075230118734908e-13,2.8421709430404007e-12,0.0,0.0,0.04267140235271844,159.19,225.0,0.0,213.335508064224,217.73611639994738,35.95330904595187,0.0,0.0,0.0,0.3373422010414457,225.0,0.0,467.0249335101232,6576.81941755611,15411.17420217906,417.28971213208894,334.1174364209244,-1.1696199564426024e-13,unvalidated-engineering-priors,fixed independent scenario factor; no N cycle,2020-04-17,2020-05-28,2020-05-28,full_ripeness,BBCH89_full_ripeness,2019-10-12,seed_layer_available_water,50.0
23,ag_075_044,fallow,2020,2020-06-11,2020-06-14,601375.5459775862,rain_95_matched,0.75,9.414691248821327e-14,0.0,0.0,0.0,1.0,22.19,0.0,0.0,14.367339000968467,0.0,0.0,0.0,0.0,0.0,0.00044828097760244676,0.0,0.0,14.367339000968467,0.0,0.0,334.1174364209244,341.9396491389784,-7.416289804496046e-14,unvalidated-engineering-priors,fixed independent scenario factor; no N cycle,,,,right_censored,BBCH89_full_ripeness,,,
23,ag_075_044,maize,2020,2020-06-15,2020-10-05,601375.5459775862,rain_95_matched,0.75,7.86926079854311e-13,3.637978807091713e-12,0.0,0.0,0.03354275471250856,380.78,60.0,0.0,18.037196318295727,227.29646220942493,70.44448066082533,0.0,0.0,0.0,3.71642135483735,60.0,0.0,315.778139188546,9029.576307150846,16731.85355659416,341.9396491389784,463.22508859559474,3.018141292443488e-13,unvalidated-engineering-priors,fixed independent scenario factor; no N cycle,2020-08-12,2020-09-23,2020-09-23,physiological_maturity,R6_physiological_maturity,2020-06-16,seed_layer_available_water,50.0
23,ag_075_044,fallow,2020,2020-10-06,2020-10-11,601375.5459775862,rain_95_matched,0.75,5.984102102729594e-14,0.0,0.0,0.0,1.0,1.23,0.0,0.0,9.527264756299914,0.0,0.0,0.0,0.0,0.0,0.10143927456606042,0.0,0.0,9.527264756299914,0.0,0.0,463.22508859559474,454.82638456472876,1.2101430968414206e-14,unvalidated-engineering-priors,fixed independent scenario factor; no N cycle,,,,right_censored,BBCH89_full_ripeness,,,
23,ag_075_044,wheat,2021,2020-10-12,2021-06-10,601375.5459775862,rain_95_matched,0.75,4.654054919228656e-13,3.637978807091713e-12,0.0,0.0,0.04267140235271844,177.97,225.0,0.0,210.71095962959996,239.88990790683434,37.94735623413159,0.0,0.0,0.0,3.985405308939494,225.0,0.0,488.54822377056587,7283.699525395452,16786.220232912703,454.82638456472876,365.262755485225,-1.6335821584334553e-12,unvalidated-engineering-priors,fixed independent scenario factor; no N cycle,2021-04-16,2021-05-26,2021-05-26,full_ripeness,BBCH89_full_ripeness,2020-10-12,seed_layer_available_water,50.0
23,ag_075_044,fallow,2021,2021-06-11,2021-06-14,601375.5459775862,rain_95_matched,0.75,1.3145040611561853e-13,0.0,0.0,0.0,1.0,31.15,0.0,0.0,5.171967929331817,0.0,0.0,0.0,0.0,0.0,0.0020645880156491612,0.0,0.0,5.171967929331817,0.0,0.0,365.262755485225,391.2387229678775,4.0967229608668276e-14,unvalidated-engineering-priors,fixed independent scenario factor; no N cycle,,,,right_censored,BBCH89_full_ripeness,,,
23,ag_075_044,maize,2021,2021-06-15,2021-10-05,601375.5459775862,rain_95_matched,0.75,1.0302869668521453e-12,4.348521542851813e-12,1.4210854715202004e-14,0.0,0.03354275471250856,840.06,60.0,0.0,17.571333479573767,208.40933826594338,93.28863654404212,0.0,0.0,0.0,240.8078713255564,60.0,0.0,319.26930828955926,8527.088518935783,17264.587003093875,391.2387229678775,731.2215433527588,3.1002977962657496e-12,unvalidated-engineering-priors,fixed independent scenario factor; no N cycle,2021-08-09,2021-09-23,2021-09-23,physiological_maturity,R6_physiological_maturity,2021-06-15,seed_layer_available_water,50.0
23,ag_075_044,fallow,2021,2021-10-06,2021-10-11,601375.5459775862,rain_95_matched,0.75,1.5987211554602254e-13,0.0,0.0,0.0,1.0,20.35,0.0,0.0,10.546109099999999,0.0,0.0,0.0,0.0,0.0,29.58297711842276,0.0,0.0,10.546109099999999,0.0,0.0,731.2215433527588,711.4424571343361,-9.814371537686384e-14,unvalidated-engineering-priors,fixed independent scenario factor; no N cycle,,,,right_censored,BBCH89_full_ripeness,,,
23,ag_075_044,wheat,2022,2021-10-12,2022-06-10,601375.5459775862,rain_95_matched,0.5,5.759837051755312e-13,3.765876499528531e-12,0.0,0.0,0.04267140235271844,108.95,150.0,0.0,195.8624374861696,285.35178456735673,39.56936543094426,0.0,0.0,0.0,122.98262841118374,150.0,0.0,520.7835874844706,8808.266294959094,19849.764063835108,711.4424571343361,326.62624123868136,4.150013666048835e-13,unvalidated-engineering-priors,fixed independent scenario factor; no N cycle,2022-04-18,2022-05-30,2022-05-30,full_ripeness,BBCH89_full_ripeness,2021-10-12,seed_layer_available_water,50.0
23,ag_075_044,fallow,2022,2022-06-11,2022-06-14,601375.5459775862,rain_95_matched,0.5,1.237343560944737e-13,0.0,0.0,0.0,1.0,0.78,0.0,0.0,1.7357377663283993,0.0,0.0,0.0,0.0,0.0,0.0014891445330907668,0.0,0.0,1.7357377663283993,0.0,0.0,326.62624123868136,325.6690143278199,-5.3734794391857577e-14,unvalidated-engineering-priors,fixed independent scenario factor; no N cycle,,,,right_censored,BBCH89_full_ripeness,,,
23,ag_075_044,maize,2022,2022-06-15,2022-10-05,601375.5459775862,rain_95_matched,0.5,6.3860028376439e-13,3.637978807091713e-12,0.0,0.0,0.03354275471250856,409.42,40.0,0.0,22.20463559319878,245.10135372605956,66.49225048129071,0.0,0.0,0.0,1.7166863379826094,40.0,0.0,333.798239800549,8941.738414918742,16885.482027928017,325.6690143278199,439.5740881892863,2.0048407378681077e-12,unvalidated-engineering-priors,fixed independent scenario factor; no N cycle,2022-08-12,2022-09-25,2022-09-25,physiological_maturity,R6_physiological_maturity,2022-06-16,seed_layer_available_water,50.0
23,ag_075_044,fallow,2022,2022-10-06,2022-10-11,601375.5459775862,rain_95_matched,0.5,1.0347278589506459e-13,0.0,0.0,0.0,1.0,0.32,0.0,0.0,15.718686469524481,0.0,0.0,0.0,0.0,0.0,0.009537488499226334,0.0,0.0,15.718686469524481,0.0,0.0,439.5740881892863,424.1658642312627,-1.0946799022804043e-13,unvalidated-engineering-priors,fixed independent scenario factor; no N cycle,,,,right_censored,BBCH89_full_ripeness,,,
23,ag_075_044,wheat,2023,2022-10-12,2023-06-10,601375.5459775862,rain_95_matched,0.75,1.9184653865522705e-13,3.211653165635653e-12,0.0,0.0,0.04267140235271844,251.04999999999998,225.0,0.0,285.0255632017879,175.90277429070423,26.256786416178297,0.0,0.0,0.0,0.6565630842335182,225.0,0.0,487.18512390867045,5185.624423054116,12097.761611816808,424.1658642312627,412.3741772383586,1.4527268277220173e-13,unvalidated-engineering-priors,fixed independent scenario factor; no N cycle,2023-04-15,2023-05-26,2023-05-26,full_ripeness,BBCH89_full_ripeness,2022-10-12,seed_layer_available_water,50.0
23,ag_075_044,fallow,2023,2023-06-11,2023-06-14,601375.5459775862,rain_95_matched,0.75,6.350475700855895e-14,0.0,0.0,0.0,1.0,2.07,0.0,0.0,4.719243106022697,0.0,0.0,0.0,0.0,0.0,0.008116919546328052,0.0,0.0,4.719243106022697,0.0,0.0,412.3741772383586,409.7168172127896,-2.0317081350640365e-14,unvalidated-engineering-priors,fixed independent scenario factor; no N cycle,,,,right_censored,BBCH89_full_ripeness,,,
23,ag_075_044,maize,2023,2023-06-15,2023-10-05,601375.5459775862,rain_95_matched,0.75,8.804068585277491e-13,4.163780431554187e-12,0.0,0.0,0.03354275471250856,472.86,60.0,0.0,17.917606431776978,245.58380709830126,94.6791185801248,0.0,0.0,0.0,4.074117388473445,60.0,0.0,358.18053211020305,9537.276709222382,19608.982948974928,409.7168172127896,580.3221677141106,2.4926727348884015e-12,unvalidated-engineering-priors,fixed independent scenario factor; no N cycle,2023-08-11,2023-09-22,2023-09-22,physiological_maturity,R6_physiological_maturity,2023-06-16,seed_layer_available_water,50.0
23,ag_075_044,fallow,2023,2023-10-06,2023-10-11,601375.5459775862,rain_95_matched,0.75,1.8474111129762605e-13,0.0,0.0,0.0,1.0,0.25,0.0,0.0,16.344304199999996,0.0,0.0,0.0,0.0,0.0,0.8151465196188931,0.0,0.0,16.344304199999996,0.0,0.0,580.3221677141106,563.4127169944917,2.731148640577885e-14,unvalidated-engineering-priors,fixed independent scenario factor; no N cycle,,,,right_censored,BBCH89_full_ripeness,,,
23,ag_075_044,wheat,2024,2023-10-12,2024-06-10,601375.5459775862,rain_95_matched,0.5,4.0101255649460654e-13,4.376943252282217e-12,0.0,0.0,0.04267140235271844,160.54,150.0,0.0,217.619308156143,275.19113781571053,30.96041090361091,0.0,0.0,0.0,24.43229635877651,150.0,0.0,523.7708568754645,8253.300114933652,18565.15072620532,563.4127169944917,325.74956376025114,-4.1572301157088987e-13,unvalidated-engineering-priors,fixed independent scenario factor; no N cycle,2024-04-19,2024-05-29,2024-05-29,full_ripeness,BBCH89_full_ripeness,2023-10-12,seed_layer_available_water,50.0
23,ag_075_044,fallow,2024,2024-06-11,2024-06-14,601375.5459775862,rain_95_matched,0.5,3.0808688933348094e-14,0.0,0.0,0.0,1.0,4.9399999999999995,0.0,0.0,4.849658658078724,0.0,0.0,0.0,0.0,0.0,0.001700853881200833,0.0,0.0,4.849658658078724,0.0,0.0,325.74956376025114,325.8382042482912,-9.048317650695026e-15,unvalidated-engineering-priors,fixed independent scenario factor; no N cycle,,,,right_censored,BBCH89_full_ripeness,,,
23,ag_075_044,maize,2024,2024-06-15,2024-10-05,601375.5459775862,rain_95_matched,0.5,7.585043704239069e-13,2.7284841053187847e-12,0.0,0.0,0.03354275471250856,531.34,40.0,0.0,20.57235142718947,206.7728570485819,100.60190459317175,0.0,0.0,0.0,12.024007254171188,40.0,0.0,327.9471130689431,8162.974368874116,15989.648853529128,325.8382042482912,557.207083925178,-1.1517453657461374e-12,unvalidated-engineering-priors,fixed independent scenario factor; no N cycle,2024-08-09,2024-09-19,2024-09-19,physiological_maturity,R6_physiological_maturity,2024-06-16,seed_layer_available_water,50.0
23,ag_075_044,fallow,2024,2024-10-06,2024-10-11,601375.5459775862,rain_95_matched,0.5,2.3359092438113294e-13,0.0,0.0,0.0,1.0,2.91,0.0,0.0,16.710887,0.0,0.0,0.0,0.0,0.0,0.4666900957778355,0.0,0.0,16.710887,0.0,0.0,557.207083925178,542.9395068294002,-9.769962616701378e-15,unvalidated-engineering-priors,fixed independent scenario factor; no N cycle,,,,right_censored,BBCH89_full_ripeness,,,
23,ag_075_044,wheat,2025,2024-10-12,2025-06-10,601375.5459775862,rain_95_matched,0.5,2.8554936193359026e-13,3.808509063674137e-12,0.0,0.0,0.04267140235271844,184.34,150.0,0.0,222.28108693426972,292.7130131476973,32.429311903680585,0.0,0.0,0.0,21.017932291032974,150.0,0.0,547.4234119856476,8076.873170742633,18512.802036475114,542.9395068294002,308.83816255271887,7.532585666325531e-13,unvalidated-engineering-priors,fixed independent scenario factor; no N cycle,2025-04-17,2025-05-27,2025-05-27,full_ripeness,BBCH89_full_ripeness,2024-10-12,seed_layer_available_water,50.0
23,ag_075_044,fallow,2025,2025-06-11,2025-06-14,601375.5459775862,rain_95_matched,0.5,5.365152766501069e-14,0.0,0.0,0.0,1.0,1.4700000000000002,0.0,0.0,1.3841549237519666,0.0,0.0,0.0,0.0,0.0,0.0006849858380217461,0.0,0.0,1.3841549237519666,0.0,0.0,308.83816255271887,308.92332264312887,1.2240208846492351e-14,unvalidated-engineering-priors,fixed independent scenario factor; no N cycle,,,,right_censored,BBCH89_full_ripeness,,,
23,ag_075_044,maize,2025,2025-06-15,2025-10-05,601375.5459775862,rain_95_matched,0.5,8.744116541947733e-13,3.240074875066057e-12,0.0,0.0,0.03354275471250856,629.51,40.0,0.0,18.60986161434675,198.0006639820411,94.48306585744652,0.0,0.0,0.0,2.005577876551438,40.0,0.0,311.0935914538344,8309.263243911355,17109.74510548752,308.92332264312887,665.3341533127434,-3.518296765037121e-13,unvalidated-engineering-priors,fixed independent scenario factor; no N cycle,2025-08-10,2025-09-24,2025-09-24,physiological_maturity,R6_physiological_maturity,2025-06-16,seed_layer_available_water,50.0
23,ag_075_044,fallow,1996,1996-01-01,1996-10-11,601375.5459775862,rain_98_matched,1.0,2.2537527399890678e-13,0.0,0.0,0.0,1.0,754.98,0.0,0.0,552.3186758139509,0.0,0.0,0.0,0.0,0.0,82.18796312053631,0.0,0.0,552.3186758139509,0.0,0.0,486.589374113015,607.0627351785278,7.505107646466058e-14,unvalidated-engineering-priors,fixed independent scenario factor; no N cycle,,,,right_censored,BBCH89_full_ripeness,,,
23,ag_075_044,wheat,1997,1996-10-12,1997-06-10,601375.5459775862,rain_98_matched,1.0,9.134915046615788e-13,7.062794793455396e-12,0.0,0.0,0.04267140235271844,202.71,300.0,0.0,255.70057171503393,241.37880755844012,36.13797247100474,0.0,0.0,0.0,78.86675379574069,300.0,0.0,533.2173517444787,8646.913332196864,19086.739009381738,607.0627351785278,497.6886296383086,-3.3489877537817847e-13,unvalidated-engineering-priors,fixed independent scenario factor; no N cycle,1997-04-27,1997-06-03,1997-06-03,full_ripeness,BBCH89_full_ripeness,1996-10-12,seed_layer_available_water,50.0
23,ag_075_044,fallow,1997,1997-06-11,1997-06-14,601375.5459775862,rain_98_matched,1.0,1.822986206434507e-13,0.0,0.0,0.0,1.0,2.9899999999999998,0.0,0.0,5.469218820845822,0.0,0.0,0.0,0.0,0.0,0.35556427459241,0.0,0.0,5.469218820845822,0.0,0.0,497.6886296383086,494.8538465428704,7.771561172376096e-15,unvalidated-engineering-priors,fixed independent scenario factor; no N cycle,,,,right_censored,BBCH89_full_ripeness,,,
23,ag_075_044,maize,1997,1997-06-15,1997-10-05,601375.5459775862,rain_98_matched,1.0,9.485745522397337e-13,3.865352482534945e-12,0.0,0.0,0.03354275471250856,224.66,80.0,0.0,19.72492534136477,312.21924959603064,70.26080498496779,0.0,0.0,0.0,9.701160519398133,80.0,0.0,402.2049799223632,11473.222449062952,21500.234919611263,494.8538465428704,387.6077061011067,2.3695490014574716e-12,unvalidated-engineering-priors,fixed independent scenario factor; no N cycle,1997-08-11,1997-09-29,1997-09-29,physiological_maturity,R6_physiological_maturity,1997-06-16,seed_layer_available_water,50.0
23,ag_075_044,fallow,1997,1997-10-06,1997-10-11,601375.5459775862,rain_98_matched,1.0,7.638334409421077e-14,0.0,0.0,0.0,1.0,0.0,0.0,0.0,13.016170256419109,0.0,0.0,0.0,0.0,0.0,0.004515379103937516,0.0,0.0,13.016170256419109,0.0,0.0,387.6077061011067,374.5870204655837,-2.220446049250313e-14,unvalidated-engineering-priors,fixed independent scenario factor; no N cycle,,,,right_censored,BBCH89_full_ripeness,,,
23,ag_075_044,wheat,1998,1997-10-12,1998-06-10,601375.5459775862,rain_98_matched,1.0,1.1683987111155147e-12,3.495870259939693e-12,0.0,0.0,0.04267140235271844,393.03,300.0,0.0,261.7347467728341,166.72521663741313,64.48154367857292,0.0,0.0,0.0,9.409910771769733,300.0,0.0,492.9415070888201,6704.269411117002,15753.267314383445,374.5870204655837,565.2656026049928,1.0592637877948619e-12,unvalidated-engineering-priors,fixed independent scenario factor; no N cycle,1998-04-26,1998-06-03,1998-06-03,full_ripeness,BBCH89_full_ripeness,1997-10-13,seed_layer_available_water,50.0
23,ag_075_044,fallow,1998,1998-06-11,1998-06-14,601375.5459775862,rain_98_matched,1.0,1.412203687323199e-13,0.0,0.0,0.0,1.0,39.29,0.0,0.0,13.395240891797012,0.0,0.0,0.0,0.0,0.0,1.662251092048749,0.0,0.0,13.395240891797012,0.0,0.0,565.2656026049928,589.498110621147,-3.241851231905457e-14,unvalidated-engineering-priors,fixed independent scenario factor; no N cycle,,,,right_censored,BBCH89_full_ripeness,,,
23,ag_075_044,maize,1998,1998-06-15,1998-10-05,601375.5459775862,rain_98_matched,1.0,1.1617373729677638e-12,4.746425474877469e-12,0.0,0.0,0.03354275471250856,598.98,80.0,0.0,18.590382786291325,211.22857234051972,112.39911531969412,0.0,0.0,0.0,356.0332790134096,80.0,0.0,342.2180704465052,9124.967242070063,17761.473013945455,589.498110621147,570.2267611612275,4.728550884181004e-12,unvalidated-engineering-priors,fixed independent scenario factor; no N cycle,1998-08-09,1998-09-20,1998-09-20,physiological_maturity,R6_physiological_maturity,1998-06-15,seed_layer_available_water,50.0
23,ag_075_044,fallow,1998,1998-10-06,1998-10-11,601375.5459775862,rain_98_matched,1.0,2.3314683517128287e-13,0.0,0.0,0.0,1.0,0.56,0.0,0.0,14.18415121616878,0.0,0.0,0.0,0.0,0.0,1.985330782245533,0.0,0.0,14.18415121616878,0.0,0.0,570.2267611612275,554.6172791628132,-6.128431095930864e-14,unvalidated-engineering-priors,fixed independent scenario factor; no N cycle,,,,right_censored,BBCH89_full_ripeness,,,
23,ag_075_044,wheat,1999,1998-10-12,1999-06-10,601375.5459775862,rain_98_matched,1.0,9.07718344933528e-13,3.126388037344441e-12,0.0,0.0,0.04267140235271844,210.58,300.0,0.0,231.7357014067933,231.54412654821152,45.237122196154964,0.0,0.0,0.0,37.437147959366555,300.0,0.0,508.5169501511598,7572.884184145808,17645.92943945134,554.6172791628132,519.2431810522855,1.3563594691845537e-12,unvalidated-engineering-priors,fixed independent scenario factor; no N cycle,1999-04-21,1999-05-28,1999-05-28,full_ripeness,BBCH89_full_ripeness,1998-10-12,seed_layer_available_water,50.0
23,ag_075_044,fallow,1999,1999-06-11,1999-06-14,601375.5459775862,rain_98_matched,1.0,2.0294876890147862e-13,0.0,0.0,0.0,1.0,1.57,0.0,0.0,5.241114316218745,0.0,0.0,0.0,0.0,0.0,0.5690345787909697,0.0,0.0,5.241114316218745,0.0,0.0,519.2431810522855,515.0030321572759,-1.0369483049998962e-13,unvalidated-engineering-priors,fixed independent scenario factor; no N cycle,,,,right_censored,BBCH89_full_ripeness,,,
23,ag_075_044,maize,1999,1999-06-15,1999-10-05,601375.5459775862,rain_98_matched,1.0,9.778844400898379e-13,4.035882739117369e-12,0.0,0.0,0.03354275471250856,475.67,80.0,0.0,18.388068480385137,245.61186991087072,88.30781139133688,0.0,0.0,0.0,116.85966359921616,80.0,0.0,352.30774978259274,10079.43397439555,19770.938324369825,515.0030321572759,601.5056187754681,-1.0491052471195417e-12,unvalidated-engineering-priors,fixed independent scenario factor; no N cycle,1999-08-12,1999-09-26,1999-09-26,physiological_maturity,R6_physiological_maturity,1999-06-16,seed_layer_available_water,50.0
23,ag_075_044,fallow,1999,1999-10-06,1999-10-11,601375.5459775862,rain_98_matched,1.0,2.2648549702353193e-13,0.0,0.0,0.0,1.0,6.74,0.0,0.0,14.299601500000001,0.0,0.0,0.0,0.0,0.0,1.0938872552086223,0.0,0.0,14.299601500000001,0.0,0.0,601.5056187754681,592.8521300202589,5.724309914967307e-13,unvalidated-engineering-priors,fixed independent scenario factor; no N cycle,,,,right_censored,BBCH89_full_ripeness,,,
23,ag_075_044,wheat,2000,1999-10-12,2000-06-10,601375.5459775862,rain_98_matched,1.0,5.782041512247815e-13,4.519051799434237e-12,0.0,0.0,0.04267140235271844,156.28,300.0,0.0,239.310255994939,307.4632647405073,40.31538881436742,0.0,0.0,0.0,54.91590825626703,300.0,0.0,587.0889095498138,9500.473301929873,21495.469919158226,592.8521300202589,407.12731221417937,-1.3062884107739592e-12,unvalidated-engineering-priors,fixed independent scenario factor; no N cycle,2000-04-23,2000-05-31,2000-05-31,full_ripeness,BBCH89_full_ripeness,1999-10-12,seed_layer_available_water,50.0
23,ag_075_044,fallow,2000,2000-06-11,2000-06-14,601375.5459775862,rain_98_matched,1.0,6.061817714453355e-14,0.0,0.0,0.0,1.0,6.2700000000000005,0.0,0.0,8.069388473199464,0.0,0.0,0.0,0.0,0.0,0.007766402652231431,0.0,0.0,8.069388473199464,0.0,0.0,407.12731221417937,405.3201573383276,8.504308368628699e-14,unvalidated-engineering-priors,fixed independent scenario factor; no N cycle,,,,right_censored,BBCH89_full_ripeness,,,
23,ag_075_044,maize,2000,2000-06-15,2000-10-05,601375.5459775862,rain_98_matched,1.0,1.1257661469699087e-12,2.1316282072803006e-12,0.0,0.0,0.03354275471250856,746.61,80.0,0.0,20.751064871968392,158.8163237017598,84.76442285952186,0.0,0.0,0.0,309.21069101438883,80.0,0.0,264.33181143325004,7327.158845123638,14687.763856093581,405.3201573383276,658.3876548906879,7.924771949774367e-13,unvalidated-engineering-priors,fixed independent scenario factor; no N cycle,2000-08-10,2000-09-23,2000-09-23,physiological_maturity,R6_physiological_maturity,2000-06-16,seed_layer_available_water,50.0
23,ag_075_044,fallow,2000,2000-10-06,2000-10-11,601375.5459775862,rain_98_matched,1.0,1.7763568394002505e-13,0.0,0.0,0.0,1.0,40.85,0.0,0.0,12.280764199999998,0.0,0.0,0.0,0.0,0.0,7.4683121671844805,0.0,0.0,12.280764199999998,0.0,0.0,658.3876548906879,679.4885785235036,-1.7186252421197423e-13,unvalidated-engineering-priors,fixed independent scenario factor; no N cycle,,,,right_censored,BBCH89_full_ripeness,,,
23,ag_075_044,wheat,2001,2000-10-12,2001-06-10,601375.5459775862,rain_98_matched,1.0,8.921752225887758e-13,4.348521542851813e-12,0.0,0.0,0.04267140235271844,151.93,300.0,0.0,273.6017649719313,273.47053426044204,20.795567220758187,0.0,0.0,0.0,138.97200724569066,300.0,0.0,567.8678664531316,8653.10239561094,18941.601731595452,679.4885785235036,424.5787048246781,3.3719693703915254e-12,unvalidated-engineering-priors,fixed independent scenario factor; no N cycle,2001-04-25,2001-06-04,2001-06-04,full_ripeness,BBCH89_full_ripeness,2000-10-12,seed_layer_available_water,50.0
23,ag_075_044,fallow,2001,2001-06-11,2001-06-14,601375.5459775862,rain_98_matched,1.0,5.184741524999481e-14,0.0,0.0,0.0,1.0,0.67,0.0,0.0,2.7344365033580993,0.0,0.0,0.0,0.0,0.0,0.024850638633581904,0.0,0.0,2.7344365033580993,0.0,0.0,424.5787048246781,422.48941768268634,6.578071420904053e-14,unvalidated-engineering-priors,fixed independent scenario factor; no N cycle,,,,right_censored,BBCH89_full_ripeness,,,
23,ag_075_044,maize,2001,2001-06-15,2001-10-05,601375.5459775862,rain_98_matched,1.0,8.562039965909207e-13,3.979039320256561e-12,0.0,0.0,0.03354275471250856,452.56,80.0,0.0,16.750160635273183,253.8367659857137,85.02394314872329,0.0,0.0,0.0,107.88792898860328,80.0,0.0,355.6108697697102,9920.297693663779,19691.305324734505,422.48941768268634,491.5506189243758,-2.886357819420482e-12,unvalidated-engineering-priors,fixed independent scenario factor; no N cycle,2001-08-11,2001-09-25,2001-09-25,physiological_maturity,R6_physiological_maturity,2001-06-16,seed_layer_available_water,50.0
23,ag_075_044,fallow,2001,2001-10-06,2001-10-11,601375.5459775862,rain_98_matched,1.0,1.709743457922741e-13,0.0,0.0,0.0,1.0,3.56,0.0,0.0,12.747012524534124,0.0,0.0,0.0,0.0,0.0,0.3855112765414953,0.0,0.0,12.747012524534124,0.0,0.0,491.5506189243758,481.97809512330014,2.6867397195928788e-14,unvalidated-engineering-priors,fixed independent scenario factor; no N cycle,,,,right_censored,BBCH89_full_ripeness,,,
23,ag_075_044,wheat,2002,2001-10-12,2002-06-10,601375.5459775862,rain_98_matched,1.0,4.75175454539567e-13,3.353761712787673e-12,0.0,0.0,0.04267140235271844,274.8,300.0,0.0,247.82461746339604,215.55684025953857,48.130093477183244,0.0,0.0,0.0,12.694062862267353,300.0,0.0,511.5115512001179,7149.192055885689,16920.51347375359,481.97809512330014,532.5724810609156,-6.953881914739668e-13,unvalidated-engineering-priors,fixed independent scenario factor; no N cycle,2002-04-15,2002-05-28,2002-05-28,full_ripeness,BBCH89_full_ripeness,2001-10-12,seed_layer_available_water,50.0
23,ag_075_044,fallow,2002,2002-06-11,2002-06-14,601375.5459775862,rain_98_matched,1.0,1.1368683772161603e-13,0.0,0.0,0.0,1.0,1.25,0.0,0.0,19.500345719798077,0.0,0.0,0.0,0.0,0.0,0.32390218528993187,0.0,0.0,19.500345719798077,0.0,0.0,532.5724810609156,513.9982331558278,-2.495781359357352e-13,unvalidated-engineering-priors,fixed independent scenario factor; no N cycle,,,,right_censored,BBCH89_full_ripeness,,,
23,ag_075_044,maize,2002,2002-06-15,2002-10-05,601375.5459775862,rain_98_matched,1.0,1.0276224315930449e-12,4.405364961712621e-12,0.0,0.0,0.03354275471250856,283.73,80.0,0.0,18.70203375785685,264.6671127454901,91.54814386112781,0.0,0.0,0.0,29.839860550435745,80.0,0.0,374.91729036447475,10488.379368451948,19988.755979775735,513.9982331558278,472.97108224091653,8.273381979506667e-13,unvalidated-engineering-priors,fixed independent scenario factor; no N cycle,2002-08-11,2002-09-27,2002-09-27,physiological_maturity,R6_physiological_maturity,2002-06-15,seed_layer_available_water,50.0
23,ag_075_044,fallow,2002,2002-10-06,2002-10-11,601375.5459775862,rain_98_matched,1.0,8.881784197001252e-14,0.0,0.0,0.0,1.0,0.0,0.0,0.0,14.412605625568059,0.0,0.0,0.0,0.0,0.0,0.11298721369877432,0.0,0.0,14.412605625568059,0.0,0.0,472.97108224091653,458.44548940164975,-5.46229728115577e-14,unvalidated-engineering-priors,fixed independent scenario factor; no N cycle,,,,right_censored,BBCH89_full_ripeness,,,
23,ag_075_044,wheat,2003,2002-10-12,2003-06-10,601375.5459775862,rain_98_matched,1.0,8.331113576787175e-13,3.353761712787673e-12,0.0,0.0,0.04267140235271844,280.31,300.0,0.0,259.5621221787954,197.43324637658404,43.135581752690825,0.0,0.0,0.0,10.792722108112667,300.0,0.0,500.1309503080703,7353.943920929307,16407.879778381808,458.44548940164975,527.8318169854617,5.102029909664907e-12,unvalidated-engineering-priors,fixed independent scenario factor; no N cycle,2003-04-29,2003-06-06,2003-06-06,full_ripeness,BBCH89_full_ripeness,2002-10-12,seed_layer_available_water,50.0
23,ag_075_044,fallow,2003,2003-06-11,2003-06-14,601375.5459775862,rain_98_matched,1.0,1.2434497875801753e-13,0.0,0.0,0.0,1.0,0.44,0.0,0.0,11.193805905026494,0.0,0.0,0.0,0.0,0.0,0.6024100921296273,0.0,0.0,11.193805905026494,0.0,0.0,527.8318169854617,516.4756009883056,2.042810365310288e-14,unvalidated-engineering-priors,fixed independent scenario factor; no N cycle,,,,right_censored,BBCH89_full_ripeness,,,
23,ag_075_044,maize,2003,2003-06-15,2003-10-05,601375.5459775862,rain_98_matched,1.0,1.184830011879967e-12,2.1103119252074976e-12,0.0,0.0,0.03354275471250856,647.95,80.0,0.0,19.120005086757768,122.68558211177967,101.07653052663778,0.0,0.0,0.0,313.1531272550745,80.0,0.0,242.88211772517522,7458.82491830704,14191.47673444006,516.4756009883056,688.3903560080553,6.363243265639085e-13,unvalidated-engineering-priors,fixed independent scenario factor; no N cycle,2003-08-12,2003-10-02,2003-10-02,physiological_maturity,R6_physiological_maturity,2003-06-16,seed_layer_available_water,50.0
23,ag_075_044,fallow,2003,2003-10-06,2003-10-11,601375.5459775862,rain_98_matched,1.0,1.4210854715202004e-13,0.0,0.0,0.0,1.0,75.55,0.0,0.0,11.587539099999997,0.0,0.0,0.0,0.0,0.0,11.601075519248383,0.0,0.0,11.587539099999997,0.0,0.0,688.3903560080553,740.7517413888071,-1.9584334154387761e-13,unvalidated-engineering-priors,fixed independent scenario factor; no N cycle,,,,right_censored,BBCH89_full_ripeness,,,
23,ag_075_044,wheat,2004,2003-10-12,2004-06-10,601375.5459775862,rain_98_matched,0.75,6.137312880127865e-13,6.124878382252064e-12,0.0,0.0,0.04267140235271844,183.91,225.0,0.0,264.6719458549359,261.87087019863526,41.78410208515543,0.0,0.0,0.0,167.79687783835053,225.0,0.0,568.3269181387266,8925.130189198175,20197.75290327772,740.7517413888071,413.5379454117309,-9.355849428516194e-13,unvalidated-engineering-priors,fixed independent scenario factor; no N cycle,2004-04-19,2004-05-27,2004-05-27,full_ripeness,BBCH89_full_ripeness,2003-10-12,seed_layer_available_water,50.0
23,ag_075_044,fallow,2004,2004-06-11,2004-06-14,601375.5459775862,rain_98_matched,0.75,1.971756091734278e-13,0.0,0.0,0.0,1.0,8.89,0.0,0.0,3.7834138276610174,0.0,0.0,0.0,0.0,0.0,0.012692741898697396,0.0,0.0,3.7834138276610174,0.0,0.0,413.5379454117309,418.6318388421711,1.088573675644966e-13,unvalidated-engineering-priors,fixed independent scenario factor; no N cycle,,,,right_censored,BBCH89_full_ripeness,,,
23,ag_075_044,maize,2004,2004-06-15,2004-10-05,601375.5459775862,rain_98_matched,0.75,1.1111112030448567e-12,3.808509063674137e-12,0.0,0.0,0.03354275471250856,611.76,60.0,0.0,16.459915586041948,197.38644342145875,111.82311767223807,0.0,0.0,0.0,147.5016274338044,60.0,0.0,325.66947667973875,10069.03330179714,18706.75785552778,418.6318388421711,617.2207347286264,1.476763156205152e-12,unvalidated-engineering-priors,fixed independent scenario factor; no N cycle,2004-08-11,2004-09-28,2004-09-28,physiological_maturity,R6_physiological_maturity,2004-06-15,seed_layer_available_water,50.0
23,ag_075_044,fallow,2004,2004-10-06,2004-10-11,601375.5459775862,rain_98_matched,0.75,1.0880185641326534e-13,0.0,0.0,0.0,1.0,0.06,0.0,0.0,18.5110073,0.0,0.0,0.0,0.0,0.0,2.6478408007407195,0.0,0.0,18.5110073,0.0,0.0,617.2207347286264,596.1218866278857,4.440892098500626e-15,unvalidated-engineering-priors,fixed independent scenario factor; no N cycle,,,,right_censored,BBCH89_full_ripeness,,,
23,ag_075_044,wheat,2005,2004-10-12,2005-06-10,601375.5459775862,rain_98_matched,0.75,5.688782778179302e-13,3.950617610826157e-12,0.0,0.0,0.04267140235271844,193.4,225.0,0.0,223.2268499155041,281.9512614180627,40.45060584776485,0.0,0.0,0.0,47.70584071467042,225.0,0.0,545.6287171813316,9202.610373248997,20713.308455524624,596.1218866278857,421.18732873188515,-1.4971357487070236e-12,unvalidated-engineering-priors,fixed independent scenario factor; no N cycle,2005-04-29,2005-06-07,2005-06-07,full_ripeness,BBCH89_full_ripeness,2004-10-12,seed_layer_available_water,50.0
23,ag_075_044,fallow,2005,2005-06-11,2005-06-14,601375.5459775862,rain_98_matched,0.75,2.930988785010413e-14,0.0,0.0,0.0,1.0,0.16,0.0,0.0,17.691018368282528,0.0,0.0,0.0,0.0,0.0,0.005824364306425739,0.0,0.0,17.691018368282528,0.0,0.0,421.18732873188515,403.6504859992962,-2.886579864025407e-14,unvalidated-engineering-priors,fixed independent scenario factor; no N cycle,,,,right_censored,BBCH89_full_ripeness,,,
23,ag_075_044,maize,2005,2005-06-15,2005-10-05,601375.5459775862,rain_98_matched,0.75,1.1115552922547067e-12,2.9558577807620168e-12,0.0,0.0,0.03354275471250856,701.95,60.0,0.0,20.200301358576382,164.26530917283708,102.23549327031587,0.0,0.0,0.0,147.97558631448976,60.0,0.0,286.70110380172935,8347.243956189863,16346.58582658666,403.6504859992962,730.9237958830796,-2.494282558274108e-12,unvalidated-engineering-priors,fixed independent scenario factor; no N cycle,2005-08-10,2005-09-28,2005-09-28,physiological_maturity,R6_physiological_maturity,2005-06-16,seed_layer_available_water,50.0
23,ag_075_044,fallow,2005,2005-10-06,2005-10-11,601375.5459775862,rain_98_matched,0.75,2.0250467969162855e-13,0.0,0.0,0.0,1.0,5.15,0.0,0.0,17.5653828,0.0,0.0,0.0,0.0,0.0,30.282759508905706,0.0,0.0,17.5653828,0.0,0.0,730.9237958830796,688.2256535741735,3.8191672047105385e-13,unvalidated-engineering-priors,fixed independent scenario factor; no N cycle,,,,right_censored,BBCH89_full_ripeness,,,
23,ag_075_044,wheat,2006,2005-10-12,2006-06-10,601375.5459775862,rain_98_matched,0.75,6.492584248007915e-13,5.002220859751105e-12,0.0,0.0,0.04267140235271844,149.82,225.0,0.0,213.14823581579446,283.9305941580942,46.25039468911638,0.0,0.0,0.0,114.03729104705369,225.0,0.0,543.3292246630051,9309.367626121466,21430.91120579272,688.2256535741735,405.67913786411543,-6.615263892228995e-13,unvalidated-engineering-priors,fixed independent scenario factor; no N cycle,2006-04-25,2006-06-03,2006-06-03,full_ripeness,BBCH89_full_ripeness,2005-10-12,seed_layer_available_water,50.0
23,ag_075_044,fallow,2006,2006-06-11,2006-06-14,601375.5459775862,rain_98_matched,0.75,1.2256862191861728e-13,0.0,0.0,0.0,1.0,24.130000000000003,0.0,0.0,12.667698761569609,0.0,0.0,0.0,0.0,0.0,0.009649173331845527,0.0,0.0,12.667698761569609,0.0,0.0,405.67913786411543,417.13178992921365,3.268496584496461e-13,unvalidated-engineering-priors,fixed independent scenario factor; no N cycle,,,,right_censored,BBCH89_full_ripeness,,,
23,ag_075_044,maize,2006,2006-06-15,2006-10-05,601375.5459775862,rain_98_matched,0.75,7.460698725481052e-13,2.8990143619012088e-12,0.0,0.0,0.03354275471250856,357.46999999999997,60.0,0.0,20.56918726477307,210.9834147261533,77.0053160797992,0.0,0.0,0.0,5.221315213654994,60.0,0.0,308.5579180707256,8806.82493526429,16877.335949706972,417.13178992921365,520.8225566448333,-2.3314683517128287e-13,unvalidated-engineering-priors,fixed independent scenario factor; no N cycle,2006-08-09,2006-09-24,2006-09-24,physiological_maturity,R6_physiological_maturity,2006-06-15,seed_layer_available_water,50.0
23,ag_075_044,fallow,2006,2006-10-06,2006-10-11,601375.5459775862,rain_98_matched,0.75,1.1146639167236572e-13,0.0,0.0,0.0,1.0,0.0,0.0,0.0,18.53843492024579,0.0,0.0,0.0,0.0,0.0,0.25101427705437646,0.0,0.0,18.53843492024579,0.0,0.0,520.8225566448333,502.0331074475333,-1.9317880628477724e-13,unvalidated-engineering-priors,fixed independent scenario factor; no N cycle,,,,right_censored,BBCH89_full_ripeness,,,
23,ag_075_044,wheat,2007,2006-10-12,2007-06-10,601375.5459775862,rain_98_matched,1.0,6.057376822354854e-13,6.480149750132114e-12,0.0,0.0,0.04267140235271844,216.17,300.0,0.0,241.55837433236775,306.20709277202775,34.4823717508156,0.0,0.0,0.0,12.08831733662376,300.0,0.0,582.2478388552111,10156.330191996898,22574.69066368525,502.0331074475333,423.86695125570054,-2.0691226509939042e-12,unvalidated-engineering-priors,fixed independent scenario factor; no N cycle,2007-04-22,2007-06-01,2007-06-01,full_ripeness,BBCH89_full_ripeness,2006-10-12,seed_layer_available_water,50.0
23,ag_075_044,fallow,2007,2007-06-11,2007-06-14,601375.5459775862,rain_98_matched,1.0,5.473399511402022e-14,0.0,0.0,0.0,1.0,1.29,0.0,0.0,4.42902591727348,0.0,0.0,0.0,0.0,0.0,0.013207349314975178,0.0,0.0,4.42902591727348,0.0,0.0,423.86695125570054,420.71471798911216,-7.249756350802272e-14,unvalidated-engineering-priors,fixed independent scenario factor; no N cycle,,,,right_censored,BBCH89_full_ripeness,,,
23,ag_075_044,maize,2007,2007-06-15,2007-10-05,601375.5459775862,rain_98_matched,1.0,1.0729195309977513e-12,3.694822225952521e-12,0.0,0.0,0.03354275471250856,480.89,80.0,0.0,17.5170008969556,199.84580333295057,88.48705120759703,0.0,0.0,0.0,100.46609343056117,80.0,0.0,305.8498554375032,9194.144121791582,17527.549168735677,420.71471798911216,575.288769121044,3.8363756615922284e-12,unvalidated-engineering-priors,fixed independent scenario factor; no N cycle,2007-08-12,2007-09-26,2007-09-26,physiological_maturity,R6_physiological_maturity,2007-06-16,seed_layer_available_water,50.0
23,ag_075_044,fallow,2007,2007-10-06,2007-10-11,601375.5459775862,rain_98_matched,1.0,1.0147438445073931e-13,0.0,0.0,0.0,1.0,1.84,0.0,0.0,15.360547149748566,0.0,0.0,0.0,0.0,0.0,1.6257634820119122,0.0,0.0,15.360547149748566,0.0,0.0,575.288769121044,560.1424584892833,2.0694557179012918e-13,unvalidated-engineering-priors,fixed independent scenario factor; no N cycle,,,,right_censored,BBCH89_full_ripeness,,,
23,ag_075_044,wheat,2008,2007-10-12,2008-06-10,601375.5459775862,rain_98_matched,1.0,9.992007221626409e-13,5.073275133327115e-12,0.0,0.0,0.04267140235271844,222.59,300.0,0.0,230.64018514722778,251.51336124544278,48.987874691779425,0.0,0.0,0.0,38.47117386711978,300.0,0.0,531.14142108445,8847.105715855261,19697.444267970186,560.1424584892833,513.1198635377142,-6.857847623109592e-13,unvalidated-engineering-priors,fixed independent scenario factor; no N cycle,2008-04-24,2008-06-02,2008-06-02,full_ripeness,BBCH89_full_ripeness,2007-10-12,seed_layer_available_water,50.0
23,ag_075_044,fallow,2008,2008-06-11,2008-06-14,601375.5459775862,rain_98_matched,1.0,1.6564527527407336e-13,0.0,0.0,0.0,1.0,2.49,0.0,0.0,6.986813508236041,0.0,0.0,0.0,0.0,0.0,0.4519079077938847,0.0,0.0,6.986813508236041,0.0,0.0,513.1198635377142,508.1711421216845,-2.41140440948584e-13,unvalidated-engineering-priors,fixed independent scenario factor; no N cycle,,,,right_censored,BBCH89_full_ripeness,,,
23,ag_075_044,maize,2008,2008-06-15,2008-10-05,601375.5459775862,rain_98_matched,1.0,1.162625551387464e-12,3.808509063674137e-12,0.0,0.0,0.03354275471250856,406.68,80.0,0.0,18.584886805946947,193.75031423335824,91.76225294529979,0.0,0.0,0.0,103.85928572590248,80.0,0.0,304.09745398460495,9022.88686348576,16971.188056614246,508.1711421216845,586.8944024111809,-3.8045122607854864e-12,unvalidated-engineering-priors,fixed independent scenario factor; no N cycle,2008-08-11,2008-09-24,2008-09-24,physiological_maturity,R6_physiological_maturity,2008-06-16,seed_layer_available_water,50.0
23,ag_075_044,fallow,2008,2008-10-06,2008-10-11,601375.5459775862,rain_98_matched,1.0,2.078337502098293e-13,0.0,0.0,0.0,1.0,1.07,0.0,0.0,16.58818142305027,0.0,0.0,0.0,0.0,0.0,1.5984944268957495,0.0,0.0,16.58818142305027,0.0,0.0,586.8944024111809,569.777726561235,-1.5409895581797173e-13,unvalidated-engineering-priors,fixed independent scenario factor; no N cycle,,,,right_censored,BBCH89_full_ripeness,,,
23,ag_075_044,wheat,2009,2008-10-12,2009-06-10,601375.5459775862,rain_98_matched,1.0,5.950795411990839e-13,4.1673331452329876e-12,0.0,0.0,0.04267140235271844,273.08,300.0,0.0,253.4499970237429,252.45005105656838,34.454849737213976,0.0,0.0,0.0,36.96591015048913,300.0,0.0,540.3548978175253,7896.2859041483425,18216.763579520342,569.777726561235,565.5369185932184,2.228384143876383e-12,unvalidated-engineering-priors,fixed independent scenario factor; no N cycle,2009-04-22,2009-05-29,2009-05-29,full_ripeness,BBCH89_full_ripeness,2008-10-12,seed_layer_available_water,50.0
23,ag_075_044,fallow,2009,2009-06-11,2009-06-14,601375.5459775862,rain_98_matched,1.0,1.5898393712632242e-13,0.0,0.0,0.0,1.0,6.72,0.0,0.0,24.3850386107093,0.0,0.0,0.0,0.0,0.0,0.31030677834780274,0.0,0.0,24.3850386107093,0.0,0.0,565.5369185932184,547.561573204161,2.353672812205332e-13,unvalidated-engineering-priors,fixed independent scenario factor; no N cycle,,,,right_censored,BBCH89_full_ripeness,,,
23,ag_075_044,maize,2009,2009-06-15,2009-10-05,601375.5459775862,rain_98_matched,1.0,9.183764859699295e-13,6.87805368215777e-12,0.0,0.0,0.03354275471250856,380.83,80.0,0.0,16.03109575268903,230.95390304721698,100.58237223265475,0.0,0.0,0.0,67.53601490165937,80.0,0.0,347.56737103256074,9557.767304825027,19707.914924908713,547.561573204161,593.2881872699389,1.976308006135241e-12,unvalidated-engineering-priors,fixed independent scenario factor; no N cycle,2009-08-10,2009-09-29,2009-09-29,physiological_maturity,R6_physiological_maturity,2009-06-15,seed_layer_available_water,50.0
23,ag_075_044,fallow,2009,2009-10-06,2009-10-11,601375.5459775862,rain_98_matched,1.0,1.4344081478157023e-13,0.0,0.0,0.0,1.0,2.47,0.0,0.0,15.465050399999997,0.0,0.0,0.0,0.0,0.0,2.1170090218520046,0.0,0.0,15.465050399999997,0.0,0.0,593.2881872699389,578.1761278480869,-6.661338147750939e-15,unvalidated-engineering-priors,fixed independent scenario factor; no N cycle,,,,right_censored,BBCH89_full_ripeness,,,
23,ag_075_044,wheat,2010,2009-10-12,2010-06-10,601375.5459775862,rain_98_matched,1.0,4.831690603168681e-13,5.115907697472721e-12,0.0,0.0,0.04267140235271844,170.49,300.0,0.0,235.64363455264117,278.7479410957517,38.01393730296943,0.0,0.0,0.0,45.883516214889106,300.0,0.0,552.4055129513623,8772.480280814696,20011.958025718843,578.1761278480869,450.377098681836,-4.905520434306254e-13,unvalidated-engineering-priors,fixed independent scenario factor; no N cycle,2010-05-04,2010-06-10,2010-06-10,full_ripeness,BBCH89_full_ripeness,2009-10-12,seed_layer_available_water,50.0
23,ag_075_044,fallow,2010,2010-06-11,2010-06-14,601375.5459775862,rain_98_matched,1.0,1.1102230246251565e-13,0.0,0.0,0.0,1.0,0.0,0.0,0.0,9.19442458813606,0.0,0.0,0.0,0.0,0.0,0.03130918271479679,0.0,0.0,9.19442458813606,0.0,0.0,450.377098681836,441.15136491098514,9.103828801926284e-15,unvalidated-engineering-priors,fixed independent scenario factor; no N cycle,,,,right_censored,BBCH89_full_ripeness,,,
23,ag_075_044,maize,2010,2010-06-15,2010-10-05,601375.5459775862,rain_98_matched,1.0,9.192646643896296e-13,4.149569576838985e-12,0.0,0.0,0.03354275471250856,551.36,80.0,0.0,19.795877070494175,211.38211678111645,97.94842458767282,0.0,0.0,0.0,123.48801247618285,80.0,0.0,329.12641843928344,8586.536450832413,17557.309046372866,441.15136491098514,619.8969339955182,6.017408793468348e-13,unvalidated-engineering-priors,fixed independent scenario factor; no N cycle,2010-08-10,2010-09-26,2010-09-26,physiological_maturity,R6_physiological_maturity,2010-06-16,seed_layer_available_water,50.0
23,ag_075_044,fallow,2010,2010-10-06,2010-10-11,601375.5459775862,rain_98_matched,1.0,1.7497114868092467e-13,0.0,0.0,0.0,1.0,0.18,0.0,0.0,19.567614258289556,0.0,0.0,0.0,0.0,0.0,5.18105941998315,0.0,0.0,19.567614258289556,0.0,0.0,619.8969339955182,595.3282603172456,-1.0125233984581428e-13,unvalidated-engineering-priors,fixed independent scenario factor; no N cycle,,,,right_censored,BBCH89_full_ripeness,,,
23,ag_075_044,wheat,2011,2010-10-12,2011-06-10,601375.5459775862,rain_98_matched,0.75,3.099742684753437e-13,3.268496584496461e-12,0.0,0.0,0.04267140235271844,108.71,225.0,0.0,185.97795062509118,296.86873728327055,23.166418175668227,0.0,0.0,0.0,47.015634492608534,225.0,0.0,506.01310608402997,8108.70040751105,18558.341152908688,595.3282603172456,376.0095197406073,-1.454392162258955e-13,unvalidated-engineering-priors,fixed independent scenario factor; no N cycle,2011-04-25,2011-06-02,2011-06-02,full_ripeness,BBCH89_full_ripeness,2010-10-12,seed_layer_available_water,50.0
23,ag_075_044,fallow,2011,2011-06-11,2011-06-14,601375.5459775862,rain_98_matched,0.75,5.812017533912694e-14,0.0,0.0,0.0,1.0,1.57,0.0,0.0,2.9423086015908737,0.0,0.0,0.0,0.0,0.0,0.0027925760323261168,0.0,0.0,2.9423086015908737,0.0,0.0,376.0095197406073,374.6344185629841,7.605027718682322e-15,unvalidated-engineering-priors,fixed independent scenario factor; no N cycle,,,,right_censored,BBCH89_full_ripeness,,,
23,ag_075_044,maize,2011,2011-06-15,2011-10-05,601375.5459775862,rain_98_matched,0.75,8.93507490218326e-13,2.9558577807620168e-12,0.0,0.0,0.03354275471250856,494.21,60.0,0.0,19.231644251979578,195.03052098487984,85.32889368578347,0.0,0.0,0.0,6.40772972908769,60.0,0.0,299.5910589226429,9140.294064926122,17140.992278649504,374.6344185629841,622.8456299112511,2.4186763702971348e-12,unvalidated-engineering-priors,fixed independent scenario factor; no N cycle,2011-08-11,2011-10-04,2011-10-04,physiological_maturity,R6_physiological_maturity,2011-06-16,seed_layer_available_water,50.0
23,ag_075_044,fallow,2011,2011-10-06,2011-10-11,601375.5459775862,rain_98_matched,0.75,1.687538997430238e-13,0.0,0.0,0.0,1.0,11.709999999999999,0.0,0.0,16.6122346,0.0,0.0,0.0,0.0,0.0,2.9536085563821683,0.0,0.0,16.6122346,0.0,0.0,622.8456299112511,614.9897867548689,3.907985046680551e-14,unvalidated-engineering-priors,fixed independent scenario factor; no N cycle,,,,right_censored,BBCH89_full_ripeness,,,
23,ag_075_044,wheat,2012,2011-10-12,2012-06-10,601375.5459775862,rain_98_matched,0.75,8.44213587924969e-13,4.661160346586257e-12,0.0,0.0,0.04267140235271844,190.03,225.0,0.0,258.31978592658936,252.37042975290098,27.643220564258616,0.0,0.0,0.0,73.54156333595391,225.0,0.0,538.3334362437489,8515.026033253658,19124.559790597923,614.9897867548689,418.14478717516937,-3.371414258879213e-12,unvalidated-engineering-priors,fixed independent scenario factor; no N cycle,2012-04-28,2012-06-04,2012-06-04,full_ripeness,BBCH89_full_ripeness,2011-10-12,seed_layer_available_water,50.0
23,ag_075_044,fallow,2012,2012-06-11,2012-06-14,601375.5459775862,rain_98_matched,0.75,4.5630166312093934e-14,0.0,0.0,0.0,1.0,0.0,0.0,0.0,3.0087692150147127,0.0,0.0,0.0,0.0,0.0,0.020223387701083215,0.0,0.0,3.0087692150147127,0.0,0.0,418.14478717516937,415.1157945724536,-6.772360450213455e-15,unvalidated-engineering-priors,fixed independent scenario factor; no N cycle,,,,right_censored,BBCH89_full_ripeness,,,
23,ag_075_044,maize,2012,2012-06-15,2012-10-05,601375.5459775862,rain_98_matched,0.75,1.0813572259849025e-12,4.007461029686965e-12,0.0,0.0,0.03354275471250856,418.76,60.0,0.0,22.02277180316572,205.1233592864092,74.85938424929941,0.0,0.0,0.0,32.274483938316926,60.0,0.0,302.0055153388743,8817.373603524144,16546.25420114159,415.1157945724536,559.5957952952652,-2.9254931810385187e-12,unvalidated-engineering-priors,fixed independent scenario factor; no N cycle,2012-08-10,2012-09-26,2012-09-26,physiological_maturity,R6_physiological_maturity,2012-06-16,seed_layer_available_water,50.0
23,ag_075_044,fallow,2012,2012-10-06,2012-10-11,601375.5459775862,rain_98_matched,0.75,2.26929586233382e-13,0.0,0.0,0.0,1.0,0.01,0.0,0.0,17.88763860470633,0.0,0.0,0.0,0.0,0.0,1.0947731908918388,0.0,0.0,17.88763860470633,0.0,0.0,559.5957952952652,540.6233834996676,-5.453415496958769e-13,unvalidated-engineering-priors,fixed independent scenario factor; no N cycle,,,,right_censored,BBCH89_full_ripeness,,,
23,ag_075_044,wheat,2013,2012-10-12,2013-06-10,601375.5459775862,rain_98_matched,1.0,5.169198402654729e-13,3.325340003357269e-12,0.0,0.0,0.04267140235271844,192.56,300.0,0.0,238.1050226580212,268.2014017558968,36.8785950625625,0.0,0.0,0.0,25.25537217952212,300.0,0.0,543.1850194764805,8077.779624906713,18571.749149128485,540.6233834996676,464.7429918436663,-1.2894130207996568e-12,unvalidated-engineering-priors,fixed independent scenario factor; no N cycle,2013-04-29,2013-06-08,2013-06-08,full_ripeness,BBCH89_full_ripeness,2012-10-12,seed_layer_available_water,50.0
23,ag_075_044,fallow,2013,2013-06-11,2013-06-14,601375.5459775862,rain_98_matched,1.0,1.4654943925052066e-13,0.0,0.0,0.0,1.0,0.0,0.0,0.0,11.400098632055524,0.0,0.0,0.0,0.0,0.0,0.028723752412350548,0.0,0.0,11.400098632055524,0.0,0.0,464.7429918436663,453.31416945919864,-2.2359891715950653e-13,unvalidated-engineering-priors,fixed independent scenario factor; no N cycle,,,,right_censored,BBCH89_full_ripeness,,,
23,ag_075_044,maize,2013,2013-06-15,2013-10-05,601375.5459775862,rain_98_matched,1.0,1.0045297926808416e-12,3.979039320256561e-12,0.0,0.0,0.03354275471250856,252.91,80.0,0.0,21.747509475528474,298.77733073188193,53.91338977237696,0.0,0.0,0.0,21.442610836156494,80.0,0.0,374.43822997978737,9086.262330327223,17929.388246953462,453.31416945919864,390.343328643254,7.945866187242245e-13,unvalidated-engineering-priors,fixed independent scenario factor; no N cycle,2013-08-10,2013-09-21,2013-09-21,physiological_maturity,R6_physiological_maturity,2013-06-16,seed_layer_available_water,50.0
23,ag_075_044,fallow,2013,2013-10-06,2013-10-11,601375.5459775862,rain_98_matched,1.0,5.850875339774575e-14,0.0,0.0,0.0,1.0,0.0,0.0,0.0,6.631395528141667,0.0,0.0,0.0,0.0,0.0,0.037660530143135244,0.0,0.0,6.631395528141667,0.0,0.0,390.343328643254,383.6742725849691,6.405986852087153e-14,unvalidated-engineering-priors,fixed independent scenario factor; no N cycle,,,,right_censored,BBCH89_full_ripeness,,,
23,ag_075_044,wheat,2014,2013-10-12,2014-06-10,601375.5459775862,rain_98_matched,1.0,3.2462921240039577e-13,2.2239987629291136e-12,0.0,0.0,0.04267140235271844,163.85,300.0,0.0,251.15513817494974,168.5511201393197,25.56502575555045,0.0,0.0,0.0,1.0697623978301203,300.0,0.0,445.27128406981984,5536.596162202794,12548.787918492233,383.6742725849691,401.18322611732054,-1.4144241333724494e-12,unvalidated-engineering-priors,fixed independent scenario factor; no N cycle,2014-04-17,2014-05-27,2014-05-27,full_ripeness,BBCH89_full_ripeness,2013-10-13,seed_layer_available_water,50.0
23,ag_075_044,fallow,2014,2014-06-11,2014-06-14,601375.5459775862,rain_98_matched,1.0,8.903988657493755e-14,0.0,0.0,0.0,1.0,0.53,0.0,0.0,2.5172374898592262,0.0,0.0,0.0,0.0,0.0,0.006670026833189151,0.0,0.0,2.5172374898592262,0.0,0.0,401.18322611732054,399.18931860062804,8.698597397938101e-14,unvalidated-engineering-priors,fixed independent scenario factor; no N cycle,,,,right_censored,BBCH89_full_ripeness,,,
23,ag_075_044,maize,2014,2014-06-15,2014-10-05,601375.5459775862,rain_98_matched,1.0,6.639133687258436e-13,3.858247055177344e-12,0.0,0.0,0.03354275471250856,365.33,80.0,0.0,17.3792051195213,224.60117628579522,86.02505426123726,0.0,0.0,0.0,0.6024285128269181,80.0,0.0,328.00543566655375,8994.32468145475,18477.273461466,399.18931860062804,515.911454421245,2.3299695506295848e-12,unvalidated-engineering-priors,fixed independent scenario factor; no N cycle,2014-08-12,2014-09-28,2014-09-28,physiological_maturity,R6_physiological_maturity,2014-06-16,seed_layer_available_water,50.0
23,ag_075_044,fallow,2014,2014-10-06,2014-10-11,601375.5459775862,rain_98_matched,1.0,7.505107646466058e-14,0.0,0.0,0.0,1.0,0.03,0.0,0.0,18.35103726326348,0.0,0.0,0.0,0.0,0.0,0.06335977982881072,0.0,0.0,18.35103726326348,0.0,0.0,515.911454421245,497.52705737815285,-1.1146639167236572e-13,unvalidated-engineering-priors,fixed independent scenario factor; no N cycle,,,,right_censored,BBCH89_full_ripeness,,,
23,ag_075_044,wheat,2015,2014-10-12,2015-06-10,601375.5459775862,rain_98_matched,1.0,4.840572387365683e-13,3.495870259939693e-12,0.0,0.0,0.04267140235271844,182.41,300.0,0.0,235.70848203239598,209.96121327914756,49.925336019378406,0.0,0.0,0.0,9.593108189891058,300.0,0.0,495.5950313309219,7208.946274285926,16125.861240569124,497.52705737815285,474.74891785734,-1.5970558209232877e-13,unvalidated-engineering-priors,fixed independent scenario factor; no N cycle,2015-04-23,2015-05-29,2015-05-29,full_ripeness,BBCH89_full_ripeness,2014-10-12,seed_layer_available_water,50.0
23,ag_075_044,fallow,2015,2015-06-11,2015-06-14,601375.5459775862,rain_98_matched,1.0,4.3298697960381105e-14,0.0,0.0,0.0,1.0,0.0,0.0,0.0,3.3747000806654603,0.0,0.0,0.0,0.0,0.0,0.17371702510561077,0.0,0.0,3.3747000806654603,0.0,0.0,474.74891785734,471.20050075156894,8.548717289613705e-15,unvalidated-engineering-priors,fixed independent scenario factor; no N cycle,,,,right_censored,BBCH89_full_ripeness,,,
23,ag_075_044,maize,2015,2015-06-15,2015-10-05,601375.5459775862,rain_98_matched,1.0,8.641976023682219e-13,3.637978807091713e-12,0.0,0.0,0.03354275471250856,348.90000000000003,80.0,0.0,19.103139863969247,219.67252839891032,77.65893586772556,0.0,0.0,0.0,36.49271588935158,80.0,0.0,316.4346041306051,9426.96650428547,17718.51571281659,471.20050075156894,547.1731807316135,-1.2041478925084448e-12,unvalidated-engineering-priors,fixed independent scenario factor; no N cycle,2015-08-12,2015-09-27,2015-09-27,physiological_maturity,R6_physiological_maturity,2015-06-16,seed_layer_available_water,50.0
23,ag_075_044,fallow,2015,2015-10-06,2015-10-11,601375.5459775862,rain_98_matched,1.0,1.0835776720341528e-13,0.0,0.0,0.0,1.0,12.94,0.0,0.0,18.34224843436266,0.0,0.0,0.0,0.0,0.0,0.9281790929105904,0.0,0.0,18.34224843436266,0.0,0.0,547.1731807316135,540.84275320434,1.5054624213917123e-13,unvalidated-engineering-priors,fixed independent scenario factor; no N cycle,,,,right_censored,BBCH89_full_ripeness,,,
23,ag_075_044,wheat,2016,2015-10-12,2016-06-10,601375.5459775862,rain_98_matched,1.0,7.407408020299044e-13,3.524291969370097e-12,0.0,0.0,0.04267140235271844,248.93,300.0,0.0,289.5810088284302,247.94889793327425,33.47420461442053,0.0,0.0,0.0,30.571470702844305,300.0,0.0,571.004111376125,7776.499369520509,17949.34016356584,540.84275320434,488.1971711253709,-1.4377388168895777e-13,unvalidated-engineering-priors,fixed independent scenario factor; no N cycle,2016-04-21,2016-05-29,2016-05-29,full_ripeness,BBCH89_full_ripeness,2015-10-12,seed_layer_available_water,50.0
23,ag_075_044,fallow,2016,2016-06-11,2016-06-14,601375.5459775862,rain_98_matched,1.0,5.773159728050814e-14,0.0,0.0,0.0,1.0,10.25,0.0,0.0,16.763825507250985,0.0,0.0,0.0,0.0,0.0,0.04998514032315839,0.0,0.0,16.763825507250985,0.0,0.0,488.1971711253709,481.63336047779666,1.1501910535116622e-13,unvalidated-engineering-priors,fixed independent scenario factor; no N cycle,,,,right_censored,BBCH89_full_ripeness,,,
23,ag_075_044,maize,2016,2016-06-15,2016-10-05,601375.5459775862,rain_98_matched,1.0,1.1226575225009583e-12,2.0463630789890885e-12,0.0,0.0,0.03354275471250856,413.79,80.0,0.0,21.16376812382609,225.6069411714992,83.75372207104698,0.0,0.0,0.0,75.36125114959496,80.0,0.0,330.52443136637226,8889.53271824817,16891.856467889476,481.63336047779666,569.5376779618292,2.3314683517128287e-13,unvalidated-engineering-priors,fixed independent scenario factor; no N cycle,2016-08-09,2016-09-21,2016-09-21,physiological_maturity,R6_physiological_maturity,2016-06-15,seed_layer_available_water,50.0
23,ag_075_044,fallow,2016,2016-10-06,2016-10-11,601375.5459775862,rain_98_matched,1.0,1.3145040611561853e-13,0.0,0.0,0.0,1.0,1.41,0.0,0.0,15.042044840912103,0.0,0.0,0.0,0.0,0.0,1.1153515678675172,0.0,0.0,15.042044840912103,0.0,0.0,569.5376779618292,554.7902815530493,2.566835632933362e-13,unvalidated-engineering-priors,fixed independent scenario factor; no N cycle,,,,right_censored,BBCH89_full_ripeness,,,
23,ag_075_044,wheat,2017,2016-10-12,2017-06-10,601375.5459775862,rain_98_matched,1.0,1.0551559626037488e-12,3.907985046680551e-12,0.0,0.0,0.04267140235271844,244.75,300.0,0.0,292.2718580254305,235.43463598933843,38.86516414250189,0.0,0.0,0.0,52.77012109397828,300.0,0.0,566.5716581572708,7904.013079009359,17598.46936502789,554.7902815530493,480.1985023017988,1.4483969579259792e-12,unvalidated-engineering-priors,fixed independent scenario factor; no N cycle,2017-04-19,2017-05-29,2017-05-29,full_ripeness,BBCH89_full_ripeness,2016-10-12,seed_layer_available_water,50.0
23,ag_075_044,fallow,2017,2017-06-11,2017-06-14,601375.5459775862,rain_98_matched,1.0,7.30526750203353e-14,0.0,0.0,0.0,1.0,1.92,0.0,0.0,6.543850389404556,0.0,0.0,0.0,0.0,0.0,0.1452511999428321,0.0,0.0,6.543850389404556,0.0,0.0,480.1985023017988,475.42940071245147,-7.238654120556021e-14,unvalidated-engineering-priors,fixed independent scenario factor; no N cycle,,,,right_censored,BBCH89_full_ripeness,,,
23,ag_075_044,maize,2017,2017-06-15,2017-10-05,601375.5459775862,rain_98_matched,1.0,9.183764859699295e-13,4.234834705130197e-12,0.0,0.0,0.03354275471250856,444.59000000000003,80.0,0.0,17.7480451404721,217.15138391874578,103.35133823990128,0.0,0.0,0.0,40.95532846738928,80.0,0.0,338.25076729911916,8786.694445803925,18434.199664116182,475.42940071245147,620.8133049459441,-1.0649259252204502e-12,unvalidated-engineering-priors,fixed independent scenario factor; no N cycle,2017-08-11,2017-09-24,2017-09-24,physiological_maturity,R6_physiological_maturity,2017-06-16,seed_layer_available_water,50.0
23,ag_075_044,fallow,2017,2017-10-06,2017-10-11,601375.5459775862,rain_98_matched,1.0,1.6919798895287386e-13,0.0,0.0,0.0,1.0,14.01,0.0,0.0,8.516992299999998,0.0,0.0,0.0,0.0,0.0,2.384956333362959,0.0,0.0,8.516992299999998,0.0,0.0,620.8133049459441,623.9213563125811,1.554312234475219e-14,unvalidated-engineering-priors,fixed independent scenario factor; no N cycle,,,,right_censored,BBCH89_full_ripeness,,,
23,ag_075_044,wheat,2018,2017-10-12,2018-06-10,601375.5459775862,rain_98_matched,1.0,8.446576771348191e-13,4.433786671143025e-12,0.0,0.0,0.04267140235271844,244.27,300.0,0.0,251.05658120204396,254.29330078737286,50.04921078009034,0.0,0.0,0.0,78.36410564215817,300.0,0.0,555.3990927695072,7641.769915224287,17919.588597546688,623.9213563125811,534.4281579009119,3.906430734446076e-12,unvalidated-engineering-priors,fixed independent scenario factor; no N cycle,2018-04-19,2018-05-27,2018-05-27,full_ripeness,BBCH89_full_ripeness,2017-10-12,seed_layer_available_water,50.0
23,ag_075_044,fallow,2018,2018-06-11,2018-06-14,601375.5459775862,rain_98_matched,1.0,1.7008616737257398e-13,0.0,0.0,0.0,1.0,3.96,0.0,0.0,12.451833605464182,0.0,0.0,0.0,0.0,0.0,0.6478729526476359,0.0,0.0,12.451833605464182,0.0,0.0,534.4281579009119,525.2884513427997,3.339550858072471e-13,unvalidated-engineering-priors,fixed independent scenario factor; no N cycle,,,,right_censored,BBCH89_full_ripeness,,,
23,ag_075_044,maize,2018,2018-06-15,2018-10-05,601375.5459775862,rain_98_matched,1.0,7.780442956573097e-13,2.8705926524708048e-12,0.0,0.0,0.03354275471250856,453.75,80.0,0.0,19.17704730733657,246.53429977784,79.01368782643783,0.0,0.0,0.0,112.2885481887112,80.0,0.0,344.7250349116144,8170.469111427024,16593.40556219019,525.2884513427997,602.0248682424769,-2.8378410732443626e-12,unvalidated-engineering-priors,fixed independent scenario factor; no N cycle,2018-08-10,2018-09-22,2018-09-22,physiological_maturity,R6_physiological_maturity,2018-06-16,seed_layer_available_water,50.0
23,ag_075_044,fallow,2018,2018-10-06,2018-10-11,601375.5459775862,rain_98_matched,1.0,1.474376176702208e-13,0.0,0.0,0.0,1.0,0.18,0.0,0.0,20.31622203552834,0.0,0.0,0.0,0.0,0.0,2.6629974578572173,0.0,0.0,20.31622203552834,0.0,0.0,602.0248682424769,579.2256487490919,-4.924949337237194e-13,unvalidated-engineering-priors,fixed independent scenario factor; no N cycle,,,,right_censored,BBCH89_full_ripeness,,,
23,ag_075_044,wheat,2019,2018-10-12,2019-06-10,601375.5459775862,rain_98_matched,1.0,7.149836278586008e-13,3.240074875066057e-12,0.0,0.0,0.04267140235271844,110.49,300.0,0.0,228.29155618682827,268.34914827901133,31.025232179631832,0.0,0.0,0.0,43.48494463094218,300.0,0.0,527.6659366454714,8519.464047111791,18660.788950429396,579.2256487490919,418.56476747268124,-3.0020430585864233e-12,unvalidated-engineering-priors,fixed independent scenario factor; no N cycle,2019-04-21,2019-05-31,2019-05-31,full_ripeness,BBCH89_full_ripeness,2018-10-12,seed_layer_available_water,50.0
23,ag_075_044,fallow,2019,2019-06-11,2019-06-14,601375.5459775862,rain_98_matched,1.0,1.099120794378905e-13,0.0,0.0,0.0,1.0,0.01,0.0,0.0,3.50367234974948,0.0,0.0,0.0,0.0,0.0,0.015981195989149585,0.0,0.0,3.50367234974948,0.0,0.0,418.56476747268124,415.05511392694274,-1.2778667013435552e-13,unvalidated-engineering-priors,fixed independent scenario factor; no N cycle,,,,right_censored,BBCH89_full_ripeness,,,
23,ag_075_044,maize,2019,2019-06-15,2019-10-05,601375.5459775862,rain_98_matched,1.0,4.636291350834654e-13,4.291678123991005e-12,0.0,0.0,0.03354275471250856,260.46,80.0,0.0,20.38683899797305,247.58277991790015,79.70865003897838,0.0,0.0,0.0,0.5662159094435838,80.0,0.0,347.6782689548516,8925.91031570027,18167.288997635733,415.05511392694274,407.2706290626475,4.796163466380676e-14,unvalidated-engineering-priors,fixed independent scenario factor; no N cycle,2019-08-11,2019-09-24,2019-09-24,physiological_maturity,R6_physiological_maturity,2019-06-16,seed_layer_available_water,50.0
23,ag_075_044,fallow,2019,2019-10-06,2019-10-11,601375.5459775862,rain_98_matched,1.0,1.6431300764452317e-13,0.0,0.0,0.0,1.0,21.72,0.0,0.0,11.690174449999997,0.0,0.0,0.0,0.0,0.0,0.0015944800685399685,0.0,0.0,11.690174449999997,0.0,0.0,407.2706290626475,417.2988601325791,-1.0391687510491465e-13,unvalidated-engineering-priors,fixed independent scenario factor; no N cycle,,,,right_censored,BBCH89_full_ripeness,,,
23,ag_075_044,wheat,2020,2019-10-12,2020-06-10,601375.5459775862,rain_98_matched,1.0,1.9628743075372768e-13,2.8137492336099967e-12,0.0,0.0,0.04267140235271844,159.19,300.0,0.0,230.13211002714957,225.0426490993833,36.96659079107146,0.0,0.0,0.0,0.5847761594552828,300.0,0.0,492.1413499176044,6788.670437862352,15935.742135483066,417.2988601325791,383.7627340555193,1.9223511671384585e-13,unvalidated-engineering-priors,fixed independent scenario factor; no N cycle,2020-04-17,2020-05-28,2020-05-28,full_ripeness,BBCH89_full_ripeness,2019-10-12,seed_layer_available_water,50.0
23,ag_075_044,fallow,2020,2020-06-11,2020-06-14,601375.5459775862,rain_98_matched,1.0,8.881784197001252e-14,0.0,0.0,0.0,1.0,22.19,0.0,0.0,14.893620739528654,0.0,0.0,0.0,0.0,0.0,0.0030464792988968157,0.0,0.0,14.893620739528654,0.0,0.0,383.7627340555193,391.05606683669157,1.5409895581797173e-13,unvalidated-engineering-priors,fixed independent scenario factor; no N cycle,,,,right_censored,BBCH89_full_ripeness,,,
23,ag_075_044,maize,2020,2020-06-15,2020-10-05,601375.5459775862,rain_98_matched,1.0,9.71667191151937e-13,3.581135388230905e-12,0.0,0.0,0.03354275471250856,380.78,80.0,0.0,17.99302140146837,228.3228837546525,70.55116178452259,0.0,0.0,0.0,25.116021910422546,80.0,0.0,316.8670669406435,9053.406639438812,16767.209148483664,391.05606683669157,509.8529779856219,3.6335934261444436e-12,unvalidated-engineering-priors,fixed independent scenario factor; no N cycle,2020-08-12,2020-09-23,2020-09-23,physiological_maturity,R6_physiological_maturity,2020-06-16,seed_layer_available_water,50.0
23,ag_075_044,fallow,2020,2020-10-06,2020-10-11,601375.5459775862,rain_98_matched,1.0,1.4077627952246985e-13,0.0,0.0,0.0,1.0,1.23,0.0,0.0,10.296338827251782,0.0,0.0,0.0,0.0,0.0,0.5091791474147483,0.0,0.0,10.296338827251782,0.0,0.0,509.8529779856219,500.27746001095556,-1.7497114868092467e-13,unvalidated-engineering-priors,fixed independent scenario factor; no N cycle,,,,right_censored,BBCH89_full_ripeness,,,
23,ag_075_044,wheat,2021,2020-10-12,2021-06-10,601375.5459775862,rain_98_matched,1.0,4.725109192804666e-13,3.211653165635653e-12,0.0,0.0,0.04267140235271844,177.97,300.0,0.0,225.52730852055984,258.7471234774252,40.62093308122421,0.0,0.0,0.0,16.11767805304624,300.0,0.0,524.8953650792092,7936.1004968562975,18214.254885744507,500.27746001095556,437.23441687869735,2.742750471185218e-12,unvalidated-engineering-priors,fixed independent scenario factor; no N cycle,2021-04-16,2021-05-26,2021-05-26,full_ripeness,BBCH89_full_ripeness,2020-10-12,seed_layer_available_water,50.0
23,ag_075_044,fallow,2021,2021-06-11,2021-06-14,601375.5459775862,rain_98_matched,1.0,8.881784197001252e-14,0.0,0.0,0.0,1.0,31.15,0.0,0.0,5.722530539762944,0.0,0.0,0.0,0.0,0.0,0.03974656869691158,0.0,0.0,5.722530539762944,0.0,0.0,437.23441687869735,462.62213977023737,1.2367884494324244e-13,unvalidated-engineering-priors,fixed independent scenario factor; no N cycle,,,,right_censored,BBCH89_full_ripeness,,,
23,ag_075_044,maize,2021,2021-06-15,2021-10-05,601375.5459775862,rain_98_matched,1.0,1.2239098623467726e-12,5.115907697472721e-12,0.0,0.0,0.03354275471250856,840.06,80.0,0.0,17.475221312388896,210.36891442725567,93.67355711520328,0.0,0.0,0.0,329.98520927821056,80.0,0.0,321.51769285484784,8556.847326397328,17338.086743307336,462.62213977023737,731.1792376371816,-2.6515456497122614e-12,unvalidated-engineering-priors,fixed independent scenario factor; no N cycle,2021-08-09,2021-09-23,2021-09-23,physiological_maturity,R6_physiological_maturity,2021-06-15,seed_layer_available_water,50.0
23,ag_075_044,fallow,2021,2021-10-06,2021-10-11,601375.5459775862,rain_98_matched,1.0,1.3944401189291966e-13,0.0,0.0,0.0,1.0,20.35,0.0,0.0,10.546109099999999,0.0,0.0,0.0,0.0,0.0,29.56651036932265,0.0,0.0,10.546109099999999,0.0,0.0,731.1792376371816,711.4166181678592,-2.1715962361668062e-13,unvalidated-engineering-priors,fixed independent scenario factor; no N cycle,,,,right_censored,BBCH89_full_ripeness,,,
23,ag_075_044,wheat,2022,2021-10-12,2022-06-10,601375.5459775862,rain_98_matched,0.75,7.176481631177012e-13,4.504840944719035e-12,0.0,0.0,0.04267140235271844,108.95,225.0,0.0,210.3194147269881,290.1457585834859,39.68665569117395,0.0,0.0,0.0,135.37290356450367,225.0,0.0,540.1518290016479,9067.412419405666,20275.342812695624,711.4166181678592,369.84188560170674,8.354983371816616e-13,unvalidated-engineering-priors,fixed independent scenario factor; no N cycle,2022-04-18,2022-05-30,2022-05-30,full_ripeness,BBCH89_full_ripeness,2021-10-12,seed_layer_available_water,50.0
23,ag_075_044,fallow,2022,2022-06-11,2022-06-14,601375.5459775862,rain_98_matched,0.75,4.0190073491430667e-14,0.0,0.0,0.0,1.0,0.78,0.0,0.0,2.2761181260343695,0.0,0.0,0.0,0.0,0.0,0.003844382976834868,0.0,0.0,2.2761181260343695,0.0,0.0,369.84188560170674,368.3419230926956,-6.361577931102147e-14,unvalidated-engineering-priors,fixed independent scenario factor; no N cycle,,,,right_censored,BBCH89_full_ripeness,,,
23,ag_075_044,maize,2022,2022-06-15,2022-10-05,601375.5459775862,rain_98_matched,0.75,8.815170815523743e-13,3.637978807091713e-12,0.0,0.0,0.03354275471250856,409.42,60.0,0.0,22.229235424503607,245.79585192634366,66.54618605447422,0.0,0.0,0.0,12.676991397942917,60.0,0.0,334.5712734053215,8952.21384935735,16905.35682933319,368.3419230926956,490.5136582894308,4.022338018216942e-13,unvalidated-engineering-priors,fixed independent scenario factor; no N cycle,2022-08-12,2022-09-25,2022-09-25,physiological_maturity,R6_physiological_maturity,2022-06-16,seed_layer_available_water,50.0
23,ag_075_044,fallow,2022,2022-10-06,2022-10-11,601375.5459775862,rain_98_matched,0.75,8.704148513061227e-14,0.0,0.0,0.0,1.0,0.32,0.0,0.0,15.995292021080678,0.0,0.0,0.0,0.0,0.0,0.08814027628418195,0.0,0.0,15.995292021080678,0.0,0.0,490.5136582894308,474.75022599206585,8.415490526658687e-14,unvalidated-engineering-priors,fixed independent scenario factor; no N cycle,,,,right_censored,BBCH89_full_ripeness,,,
23,ag_075_044,wheat,2023,2022-10-12,2023-06-10,601375.5459775862,rain_98_matched,1.0,6.377121053446899e-13,2.7284841053187847e-12,0.0,0.0,0.04267140235271844,251.04999999999998,300.0,0.0,285.24707410994444,206.47148208130986,29.42458465712784,0.0,0.0,0.0,6.823984630108216,300.0,0.0,521.1431408483821,6225.117476003323,14217.23184255697,474.75022599206585,497.83310051357245,3.052780250811793e-12,unvalidated-engineering-priors,fixed independent scenario factor; no N cycle,2023-04-15,2023-05-26,2023-05-26,full_ripeness,BBCH89_full_ripeness,2022-10-12,seed_layer_available_water,50.0
23,ag_075_044,fallow,2023,2023-06-11,2023-06-14,601375.5459775862,rain_98_matched,1.0,2.8677060726067793e-13,0.0,0.0,0.0,1.0,2.07,0.0,0.0,5.658439593610975,0.0,0.0,0.0,0.0,0.0,0.2891335690978284,0.0,0.0,5.658439593610975,0.0,0.0,497.83310051357245,493.95552735086403,-3.878009025015672e-13,unvalidated-engineering-priors,fixed independent scenario factor; no N cycle,,,,right_censored,BBCH89_full_ripeness,,,
23,ag_075_044,maize,2023,2023-06-15,2023-10-05,601375.5459775862,rain_98_matched,1.0,1.0009770790020411e-12,4.177991286269389e-12,0.0,0.0,0.03354275471250856,472.86,80.0,0.0,17.88479759050927,246.84896625609022,94.81965541333606,0.0,0.0,0.0,51.58726576789563,80.0,0.0,359.55341925993554,9551.966838397328,19648.124054498683,493.95552735086403,635.674842323031,1.7822410214307638e-12,unvalidated-engineering-priors,fixed independent scenario factor; no N cycle,2023-08-11,2023-09-22,2023-09-22,physiological_maturity,R6_physiological_maturity,2023-06-16,seed_layer_available_water,50.0
23,ag_075_044,fallow,2023,2023-10-06,2023-10-11,601375.5459775862,rain_98_matched,1.0,1.0302869668521453e-13,0.0,0.0,0.0,1.0,0.25,0.0,0.0,16.344304199999996,0.0,0.0,0.0,0.0,0.0,4.4650714712398525,0.0,0.0,16.344304199999996,0.0,0.0,635.674842323031,615.1154666517912,2.7533531010703882e-14,unvalidated-engineering-priors,fixed independent scenario factor; no N cycle,,,,right_censored,BBCH89_full_ripeness,,,
23,ag_075_044,wheat,2024,2023-10-12,2024-06-10,601375.5459775862,rain_98_matched,0.75,6.745715097622451e-13,3.609557097661309e-12,0.0,0.0,0.04267140235271844,160.54,225.0,0.0,246.15683729875408,285.10045544809105,31.76391871739102,0.0,0.0,0.0,58.70617545442303,225.0,0.0,563.0212114642361,8680.716774673288,19338.341351467177,615.1154666517912,378.92807973313086,1.1599610161283636e-12,unvalidated-engineering-priors,fixed independent scenario factor; no N cycle,2024-04-19,2024-05-29,2024-05-29,full_ripeness,BBCH89_full_ripeness,2023-10-12,seed_layer_available_water,50.0
23,ag_075_044,fallow,2024,2024-06-11,2024-06-14,601375.5459775862,rain_98_matched,0.75,8.282263763703668e-14,0.0,0.0,0.0,1.0,4.9399999999999995,0.0,0.0,5.2687629199058055,0.0,0.0,0.0,0.0,0.0,0.0060127432878812745,0.0,0.0,5.2687629199058055,0.0,0.0,378.92807973313086,378.5933040699372,-5.10702591327572e-15,unvalidated-engineering-priors,fixed independent scenario factor; no N cycle,,,,right_censored,BBCH89_full_ripeness,,,
23,ag_075_044,maize,2024,2024-06-15,2024-10-05,601375.5459775862,rain_98_matched,0.75,9.463541061904834e-13,2.7284841053187847e-12,0.0,0.0,0.03354275471250856,531.34,60.0,0.0,20.591171531445468,206.7728570485819,100.60190459317175,0.0,0.0,0.0,54.713686187941946,60.0,0.0,327.9659331731991,8162.974368874116,15989.648853529128,378.5933040699372,587.2536847087962,-7.738254481637341e-14,unvalidated-engineering-priors,fixed independent scenario factor; no N cycle,2024-08-09,2024-09-19,2024-09-19,physiological_maturity,R6_physiological_maturity,2024-06-16,seed_layer_available_water,50.0
23,ag_075_044,fallow,2024,2024-10-06,2024-10-11,601375.5459775862,rain_98_matched,0.75,1.2390088954816747e-13,0.0,0.0,0.0,1.0,2.91,0.0,0.0,16.710887,0.0,0.0,0.0,0.0,0.0,1.2245570197156948,0.0,0.0,16.710887,0.0,0.0,587.2536847087962,572.2282406890804,9.85878045867139e-14,unvalidated-engineering-priors,fixed independent scenario factor; no N cycle,,,,right_censored,BBCH89_full_ripeness,,,
23,ag_075_044,wheat,2025,2024-10-12,2025-06-10,601375.5459775862,rain_98_matched,0.75,6.226130722097878e-13,4.945377440890297e-12,0.0,0.0,0.04267140235271844,184.34,225.0,0.0,239.18049913026027,314.9251878391367,33.73365091023529,0.0,0.0,0.0,42.179500862311215,225.0,0.0,587.8393378796322,9006.579979181455,20338.989643964254,572.2282406890804,351.5494019471393,-2.382760655450511e-12,unvalidated-engineering-priors,fixed independent scenario factor; no N cycle,2025-04-17,2025-05-27,2025-05-27,full_ripeness,BBCH89_full_ripeness,2024-10-12,seed_layer_available_water,50.0
23,ag_075_044,fallow,2025,2025-06-11,2025-06-14,601375.5459775862,rain_98_matched,0.75,1.300626273348371e-13,0.0,0.0,0.0,1.0,1.4700000000000002,0.0,0.0,1.827415259033897,0.0,0.0,0.0,0.0,0.0,0.0021776232379496444,0.0,0.0,1.827415259033897,0.0,0.0,351.5494019471393,351.18980906486746,-5.9396931817445875e-15,unvalidated-engineering-priors,fixed independent scenario factor; no N cycle,,,,right_censored,BBCH89_full_ripeness,,,
23,ag_075_044,maize,2025,2025-06-15,2025-10-05,601375.5459775862,rain_98_matched,0.75,3.8458125573015423e-13,4.078515303262975e-12,0.0,0.0,0.03354275471250856,629.51,60.0,0.0,18.24970222109584,211.97313222697454,96.06633520885421,0.0,0.0,0.0,9.305649915946749,60.0,0.0,326.2891696569246,8514.679491619876,17501.855392259342,351.18980906486746,705.1049894919975,-1.3509193763638905e-12,unvalidated-engineering-priors,fixed independent scenario factor; no N cycle,2025-08-10,2025-09-24,2025-09-24,physiological_maturity,R6_physiological_maturity,2025-06-16,seed_layer_available_water,50.0
23,ag_075_044,fallow,1996,1996-01-01,1996-10-11,601375.5459775862,rain_95_available,1.0,2.2537527399890678e-13,0.0,0.0,0.0,1.0,754.98,0.0,0.0,552.3186758139509,0.0,0.0,0.0,0.0,0.0,82.18796312053631,0.0,0.0,552.3186758139509,0.0,0.0,486.589374113015,607.0627351785278,7.505107646466058e-14,unvalidated-engineering-priors,fixed independent scenario factor; no N cycle,,,,right_censored,BBCH89_full_ripeness,,,
23,ag_075_044,wheat,1997,1996-10-12,1997-06-10,601375.5459775862,rain_95_available,1.0,9.134915046615788e-13,7.062794793455396e-12,0.0,0.0,0.04267140235271844,202.71,300.0,0.0,255.70057171503393,241.37880755844012,36.13797247100474,0.0,0.0,0.0,78.86675379574069,300.0,0.0,533.2173517444787,8646.913332196864,19086.739009381738,607.0627351785278,497.6886296383086,-3.3489877537817847e-13,unvalidated-engineering-priors,fixed independent scenario factor; no N cycle,1997-04-27,1997-06-03,1997-06-03,full_ripeness,BBCH89_full_ripeness,1996-10-12,seed_layer_available_water,50.0
23,ag_075_044,fallow,1997,1997-06-11,1997-06-14,601375.5459775862,rain_95_available,1.0,1.822986206434507e-13,0.0,0.0,0.0,1.0,2.9899999999999998,0.0,0.0,5.469218820845822,0.0,0.0,0.0,0.0,0.0,0.35556427459241,0.0,0.0,5.469218820845822,0.0,0.0,497.6886296383086,494.8538465428704,7.771561172376096e-15,unvalidated-engineering-priors,fixed independent scenario factor; no N cycle,,,,right_censored,BBCH89_full_ripeness,,,
23,ag_075_044,maize,1997,1997-06-15,1997-10-05,601375.5459775862,rain_95_available,1.0,9.485745522397337e-13,3.865352482534945e-12,0.0,0.0,0.03354275471250856,224.66,80.0,0.0,19.72492534136477,312.21924959603064,70.26080498496779,0.0,0.0,0.0,9.701160519398133,80.0,0.0,402.2049799223632,11473.222449062952,21500.234919611263,494.8538465428704,387.6077061011067,2.3695490014574716e-12,unvalidated-engineering-priors,fixed independent scenario factor; no N cycle,1997-08-11,1997-09-29,1997-09-29,physiological_maturity,R6_physiological_maturity,1997-06-16,seed_layer_available_water,50.0
23,ag_075_044,fallow,1997,1997-10-06,1997-10-11,601375.5459775862,rain_95_available,1.0,7.638334409421077e-14,0.0,0.0,0.0,1.0,0.0,0.0,0.0,13.016170256419109,0.0,0.0,0.0,0.0,0.0,0.004515379103937516,0.0,0.0,13.016170256419109,0.0,0.0,387.6077061011067,374.5870204655837,-2.220446049250313e-14,unvalidated-engineering-priors,fixed independent scenario factor; no N cycle,,,,right_censored,BBCH89_full_ripeness,,,
23,ag_075_044,wheat,1998,1997-10-12,1998-06-10,601375.5459775862,rain_95_available,1.0,1.1683987111155147e-12,3.495870259939693e-12,0.0,0.0,0.04267140235271844,393.03,300.0,0.0,261.7347467728341,166.72521663741313,64.48154367857292,0.0,0.0,0.0,9.409910771769733,300.0,0.0,492.9415070888201,6704.269411117002,15753.267314383445,374.5870204655837,565.2656026049928,1.0592637877948619e-12,unvalidated-engineering-priors,fixed independent scenario factor; no N cycle,1998-04-26,1998-06-03,1998-06-03,full_ripeness,BBCH89_full_ripeness,1997-10-13,seed_layer_available_water,50.0
23,ag_075_044,fallow,1998,1998-06-11,1998-06-14,601375.5459775862,rain_95_available,1.0,1.412203687323199e-13,0.0,0.0,0.0,1.0,39.29,0.0,0.0,13.395240891797012,0.0,0.0,0.0,0.0,0.0,1.662251092048749,0.0,0.0,13.395240891797012,0.0,0.0,565.2656026049928,589.498110621147,-3.241851231905457e-14,unvalidated-engineering-priors,fixed independent scenario factor; no N cycle,,,,right_censored,BBCH89_full_ripeness,,,
23,ag_075_044,maize,1998,1998-06-15,1998-10-05,601375.5459775862,rain_95_available,1.0,1.1617373729677638e-12,4.746425474877469e-12,0.0,0.0,0.03354275471250856,598.98,80.0,0.0,18.590382786291325,211.22857234051972,112.39911531969412,0.0,0.0,0.0,356.0332790134096,80.0,0.0,342.2180704465052,9124.967242070063,17761.473013945455,589.498110621147,570.2267611612275,4.728550884181004e-12,unvalidated-engineering-priors,fixed independent scenario factor; no N cycle,1998-08-09,1998-09-20,1998-09-20,physiological_maturity,R6_physiological_maturity,1998-06-15,seed_layer_available_water,50.0
23,ag_075_044,fallow,1998,1998-10-06,1998-10-11,601375.5459775862,rain_95_available,1.0,2.3314683517128287e-13,0.0,0.0,0.0,1.0,0.56,0.0,0.0,14.18415121616878,0.0,0.0,0.0,0.0,0.0,1.985330782245533,0.0,0.0,14.18415121616878,0.0,0.0,570.2267611612275,554.6172791628132,-6.128431095930864e-14,unvalidated-engineering-priors,fixed independent scenario factor; no N cycle,,,,right_censored,BBCH89_full_ripeness,,,
23,ag_075_044,wheat,1999,1998-10-12,1999-06-10,601375.5459775862,rain_95_available,1.0,9.07718344933528e-13,3.126388037344441e-12,0.0,0.0,0.04267140235271844,210.58,300.0,0.0,231.7357014067933,231.54412654821152,45.237122196154964,0.0,0.0,0.0,37.437147959366555,300.0,0.0,508.5169501511598,7572.884184145808,17645.92943945134,554.6172791628132,519.2431810522855,1.3563594691845537e-12,unvalidated-engineering-priors,fixed independent scenario factor; no N cycle,1999-04-21,1999-05-28,1999-05-28,full_ripeness,BBCH89_full_ripeness,1998-10-12,seed_layer_available_water,50.0
23,ag_075_044,fallow,1999,1999-06-11,1999-06-14,601375.5459775862,rain_95_available,1.0,2.0294876890147862e-13,0.0,0.0,0.0,1.0,1.57,0.0,0.0,5.241114316218745,0.0,0.0,0.0,0.0,0.0,0.5690345787909697,0.0,0.0,5.241114316218745,0.0,0.0,519.2431810522855,515.0030321572759,-1.0369483049998962e-13,unvalidated-engineering-priors,fixed independent scenario factor; no N cycle,,,,right_censored,BBCH89_full_ripeness,,,
23,ag_075_044,maize,1999,1999-06-15,1999-10-05,601375.5459775862,rain_95_available,1.0,9.778844400898379e-13,4.035882739117369e-12,0.0,0.0,0.03354275471250856,475.67,80.0,0.0,18.388068480385137,245.61186991087072,88.30781139133688,0.0,0.0,0.0,116.85966359921616,80.0,0.0,352.30774978259274,10079.43397439555,19770.938324369825,515.0030321572759,601.5056187754681,-1.0491052471195417e-12,unvalidated-engineering-priors,fixed independent scenario factor; no N cycle,1999-08-12,1999-09-26,1999-09-26,physiological_maturity,R6_physiological_maturity,1999-06-16,seed_layer_available_water,50.0
23,ag_075_044,fallow,1999,1999-10-06,1999-10-11,601375.5459775862,rain_95_available,1.0,2.2648549702353193e-13,0.0,0.0,0.0,1.0,6.74,0.0,0.0,14.299601500000001,0.0,0.0,0.0,0.0,0.0,1.0938872552086223,0.0,0.0,14.299601500000001,0.0,0.0,601.5056187754681,592.8521300202589,5.724309914967307e-13,unvalidated-engineering-priors,fixed independent scenario factor; no N cycle,,,,right_censored,BBCH89_full_ripeness,,,
23,ag_075_044,wheat,2000,1999-10-12,2000-06-10,601375.5459775862,rain_95_available,1.0,5.782041512247815e-13,4.519051799434237e-12,0.0,0.0,0.04267140235271844,156.28,300.0,0.0,239.310255994939,307.4632647405073,40.31538881436742,0.0,0.0,0.0,54.91590825626703,300.0,0.0,587.0889095498138,9500.473301929873,21495.469919158226,592.8521300202589,407.12731221417937,-1.3062884107739592e-12,unvalidated-engineering-priors,fixed independent scenario factor; no N cycle,2000-04-23,2000-05-31,2000-05-31,full_ripeness,BBCH89_full_ripeness,1999-10-12,seed_layer_available_water,50.0
23,ag_075_044,fallow,2000,2000-06-11,2000-06-14,601375.5459775862,rain_95_available,1.0,6.061817714453355e-14,0.0,0.0,0.0,1.0,6.2700000000000005,0.0,0.0,8.069388473199464,0.0,0.0,0.0,0.0,0.0,0.007766402652231431,0.0,0.0,8.069388473199464,0.0,0.0,407.12731221417937,405.3201573383276,8.504308368628699e-14,unvalidated-engineering-priors,fixed independent scenario factor; no N cycle,,,,right_censored,BBCH89_full_ripeness,,,
23,ag_075_044,maize,2000,2000-06-15,2000-10-05,601375.5459775862,rain_95_available,1.0,1.1257661469699087e-12,2.1316282072803006e-12,0.0,0.0,0.03354275471250856,746.61,80.0,0.0,20.751064871968392,158.8163237017598,84.76442285952186,0.0,0.0,0.0,309.21069101438883,80.0,0.0,264.33181143325004,7327.158845123638,14687.763856093581,405.3201573383276,658.3876548906879,7.924771949774367e-13,unvalidated-engineering-priors,fixed independent scenario factor; no N cycle,2000-08-10,2000-09-23,2000-09-23,physiological_maturity,R6_physiological_maturity,2000-06-16,seed_layer_available_water,50.0
23,ag_075_044,fallow,2000,2000-10-06,2000-10-11,601375.5459775862,rain_95_available,1.0,1.7763568394002505e-13,0.0,0.0,0.0,1.0,40.85,0.0,0.0,12.280764199999998,0.0,0.0,0.0,0.0,0.0,7.4683121671844805,0.0,0.0,12.280764199999998,0.0,0.0,658.3876548906879,679.4885785235036,-1.7186252421197423e-13,unvalidated-engineering-priors,fixed independent scenario factor; no N cycle,,,,right_censored,BBCH89_full_ripeness,,,
23,ag_075_044,wheat,2001,2000-10-12,2001-06-10,601375.5459775862,rain_95_available,1.0,8.921752225887758e-13,4.348521542851813e-12,0.0,0.0,0.04267140235271844,151.93,300.0,0.0,273.6017649719313,273.47053426044204,20.795567220758187,0.0,0.0,0.0,138.97200724569066,300.0,0.0,567.8678664531316,8653.10239561094,18941.601731595452,679.4885785235036,424.5787048246781,3.3719693703915254e-12,unvalidated-engineering-priors,fixed independent scenario factor; no N cycle,2001-04-25,2001-06-04,2001-06-04,full_ripeness,BBCH89_full_ripeness,2000-10-12,seed_layer_available_water,50.0
23,ag_075_044,fallow,2001,2001-06-11,2001-06-14,601375.5459775862,rain_95_available,1.0,5.184741524999481e-14,0.0,0.0,0.0,1.0,0.67,0.0,0.0,2.7344365033580993,0.0,0.0,0.0,0.0,0.0,0.024850638633581904,0.0,0.0,2.7344365033580993,0.0,0.0,424.5787048246781,422.48941768268634,6.578071420904053e-14,unvalidated-engineering-priors,fixed independent scenario factor; no N cycle,,,,right_censored,BBCH89_full_ripeness,,,
23,ag_075_044,maize,2001,2001-06-15,2001-10-05,601375.5459775862,rain_95_available,1.0,8.562039965909207e-13,3.979039320256561e-12,0.0,0.0,0.03354275471250856,452.56,80.0,0.0,16.750160635273183,253.8367659857137,85.02394314872329,0.0,0.0,0.0,107.88792898860328,80.0,0.0,355.6108697697102,9920.297693663779,19691.305324734505,422.48941768268634,491.5506189243758,-2.886357819420482e-12,unvalidated-engineering-priors,fixed independent scenario factor; no N cycle,2001-08-11,2001-09-25,2001-09-25,physiological_maturity,R6_physiological_maturity,2001-06-16,seed_layer_available_water,50.0
23,ag_075_044,fallow,2001,2001-10-06,2001-10-11,601375.5459775862,rain_95_available,1.0,1.709743457922741e-13,0.0,0.0,0.0,1.0,3.56,0.0,0.0,12.747012524534124,0.0,0.0,0.0,0.0,0.0,0.3855112765414953,0.0,0.0,12.747012524534124,0.0,0.0,491.5506189243758,481.97809512330014,2.6867397195928788e-14,unvalidated-engineering-priors,fixed independent scenario factor; no N cycle,,,,right_censored,BBCH89_full_ripeness,,,
23,ag_075_044,wheat,2002,2001-10-12,2002-06-10,601375.5459775862,rain_95_available,1.0,4.75175454539567e-13,3.353761712787673e-12,0.0,0.0,0.04267140235271844,274.8,300.0,0.0,247.82461746339604,215.55684025953857,48.130093477183244,0.0,0.0,0.0,12.694062862267353,300.0,0.0,511.5115512001179,7149.192055885689,16920.51347375359,481.97809512330014,532.5724810609156,-6.953881914739668e-13,unvalidated-engineering-priors,fixed independent scenario factor; no N cycle,2002-04-15,2002-05-28,2002-05-28,full_ripeness,BBCH89_full_ripeness,2001-10-12,seed_layer_available_water,50.0
23,ag_075_044,fallow,2002,2002-06-11,2002-06-14,601375.5459775862,rain_95_available,1.0,1.1368683772161603e-13,0.0,0.0,0.0,1.0,1.25,0.0,0.0,19.500345719798077,0.0,0.0,0.0,0.0,0.0,0.32390218528993187,0.0,0.0,19.500345719798077,0.0,0.0,532.5724810609156,513.9982331558278,-2.495781359357352e-13,unvalidated-engineering-priors,fixed independent scenario factor; no N cycle,,,,right_censored,BBCH89_full_ripeness,,,
23,ag_075_044,maize,2002,2002-06-15,2002-10-05,601375.5459775862,rain_95_available,1.0,1.0276224315930449e-12,4.405364961712621e-12,0.0,0.0,0.03354275471250856,283.73,80.0,0.0,18.70203375785685,264.6671127454901,91.54814386112781,0.0,0.0,0.0,29.839860550435745,80.0,0.0,374.91729036447475,10488.379368451948,19988.755979775735,513.9982331558278,472.97108224091653,8.273381979506667e-13,unvalidated-engineering-priors,fixed independent scenario factor; no N cycle,2002-08-11,2002-09-27,2002-09-27,physiological_maturity,R6_physiological_maturity,2002-06-15,seed_layer_available_water,50.0
23,ag_075_044,fallow,2002,2002-10-06,2002-10-11,601375.5459775862,rain_95_available,1.0,8.881784197001252e-14,0.0,0.0,0.0,1.0,0.0,0.0,0.0,14.412605625568059,0.0,0.0,0.0,0.0,0.0,0.11298721369877432,0.0,0.0,14.412605625568059,0.0,0.0,472.97108224091653,458.44548940164975,-5.46229728115577e-14,unvalidated-engineering-priors,fixed independent scenario factor; no N cycle,,,,right_censored,BBCH89_full_ripeness,,,
23,ag_075_044,wheat,2003,2002-10-12,2003-06-10,601375.5459775862,rain_95_available,0.75,4.636291350834654e-13,3.979039320256561e-12,0.0,0.0,0.04267140235271844,280.31,225.0,0.0,246.84781067201635,195.9246959701262,43.015185207760496,0.0,0.0,0.0,4.708760059928079,225.0,0.0,485.78769184990307,7294.254948817632,16254.79770662252,458.44548940164975,473.2590374918178,7.818190539410352e-13,unvalidated-engineering-priors,fixed independent scenario factor; no N cycle,2003-04-29,2003-06-06,2003-06-06,full_ripeness,BBCH89_full_ripeness,2002-10-12,seed_layer_available_water,50.0
23,ag_075_044,fallow,2003,2003-06-11,2003-06-14,601375.5459775862,rain_95_available,0.75,5.861977570020827e-14,0.0,0.0,0.0,1.0,0.44,0.0,0.0,10.427464793604713,0.0,0.0,0.0,0.0,0.0,0.08265619513108888,0.0,0.0,10.427464793604713,0.0,0.0,473.2590374918178,463.1889165030819,1.3389289676979388e-13,unvalidated-engineering-priors,fixed independent scenario factor; no N cycle,,,,right_censored,BBCH89_full_ripeness,,,
23,ag_075_044,maize,2003,2003-06-15,2003-10-05,601375.5459775862,rain_95_available,0.75,9.610090501155355e-13,2.1103119252074976e-12,0.0,0.0,0.03354275471250856,647.95,60.0,0.0,19.114307332461518,122.68558211177967,101.07653052663778,0.0,0.0,0.0,239.8881347819899,60.0,0.0,242.87641997087897,7458.82491830704,14191.47673444006,463.1889165030819,688.3743617502106,2.4394375408576252e-12,unvalidated-engineering-priors,fixed independent scenario factor; no N cycle,2003-08-12,2003-10-02,2003-10-02,physiological_maturity,R6_physiological_maturity,2003-06-16,seed_layer_available_water,50.0
23,ag_075_044,fallow,2003,2003-10-06,2003-10-11,601375.5459775862,rain_95_available,0.75,9.547918011776346e-14,0.0,0.0,0.0,1.0,75.55,0.0,0.0,11.587539099999997,0.0,0.0,0.0,0.0,0.0,11.596516879981461,0.0,0.0,11.587539099999997,0.0,0.0,688.3743617502106,740.740305770229,9.325873406851315e-14,unvalidated-engineering-priors,fixed independent scenario factor; no N cycle,,,,right_censored,BBCH89_full_ripeness,,,
23,ag_075_044,wheat,2004,2003-10-12,2004-06-10,601375.5459775862,rain_95_available,0.5,3.383959779057477e-13,3.851141627819743e-12,0.0,0.0,0.04267140235271844,183.91,150.0,0.0,252.83310593750417,260.1725674667204,41.683340403622275,0.0,0.0,0.0,153.23010446817557,150.0,0.0,554.6890138078469,8841.324856262478,20018.337869626786,740.740305770229,366.73118749420587,7.581713035165194e-13,unvalidated-engineering-priors,fixed independent scenario factor; no N cycle,2004-04-19,2004-05-27,2004-05-27,full_ripeness,BBCH89_full_ripeness,2003-10-12,seed_layer_available_water,50.0
23,ag_075_044,fallow,2004,2004-06-11,2004-06-14,601375.5459775862,rain_95_available,0.5,7.005507285384738e-14,0.0,0.0,0.0,1.0,8.89,0.0,0.0,3.175621694379764,0.0,0.0,0.0,0.0,0.0,0.004513378725769218,0.0,0.0,3.175621694379764,0.0,0.0,366.73118749420587,372.44105242110044,-1.0119682869458302e-13,unvalidated-engineering-priors,fixed independent scenario factor; no N cycle,,,,right_censored,BBCH89_full_ripeness,,,
23,ag_075_044,maize,2004,2004-06-15,2004-10-05,601375.5459775862,rain_95_available,0.5,9.920952948050399e-13,4.746425474877469e-12,0.0,0.0,0.03354275471250856,611.76,40.0,0.0,16.509340468872455,196.53154991071378,111.62076487494417,0.0,0.0,0.0,84.4780485748523,40.0,0.0,324.6616552545304,10052.570590466072,18667.749348867175,372.44105242110044,615.0613485917162,1.5449308499171366e-12,unvalidated-engineering-priors,fixed independent scenario factor; no N cycle,2004-08-11,2004-09-28,2004-09-28,physiological_maturity,R6_physiological_maturity,2004-06-15,seed_layer_available_water,50.0
23,ag_075_044,fallow,2004,2004-10-06,2004-10-11,601375.5459775862,rain_95_available,0.5,1.3633538742396922e-13,0.0,0.0,0.0,1.0,0.06,0.0,0.0,18.5110073,0.0,0.0,0.0,0.0,0.0,2.495587592006755,0.0,0.0,18.5110073,0.0,0.0,615.0613485917162,594.1147536997094,7.37188088351104e-14,unvalidated-engineering-priors,fixed independent scenario factor; no N cycle,,,,right_censored,BBCH89_full_ripeness,,,
23,ag_075_044,wheat,2005,2004-10-12,2005-06-10,601375.5459775862,rain_95_available,0.5,3.8902214782865485e-13,6.16751094639767e-12,0.0,0.0,0.04267140235271844,193.4,150.0,0.0,212.73493007017652,267.98580121988584,39.684106057573494,0.0,0.0,0.0,41.4723492071459,150.0,0.0,520.4048373476359,8708.789513331165,19429.73391798514,594.1147536997094,375.6375671449274,1.8385293287792592e-13,unvalidated-engineering-priors,fixed independent scenario factor; no N cycle,2005-04-29,2005-06-07,2005-06-07,full_ripeness,BBCH89_full_ripeness,2004-10-12,seed_layer_available_water,50.0
23,ag_075_044,fallow,2005,2005-06-11,2005-06-14,601375.5459775862,rain_95_available,0.5,7.904787935331115e-14,0.0,0.0,0.0,1.0,0.16,0.0,0.0,15.876912424128491,0.0,0.0,0.0,0.0,0.0,0.002343897368267101,0.0,0.0,15.876912424128491,0.0,0.0,375.6375671449274,359.9183108234306,4.107825191113079e-14,unvalidated-engineering-priors,fixed independent scenario factor; no N cycle,,,,right_censored,BBCH89_full_ripeness,,,
23,ag_075_044,maize,2005,2005-06-15,2005-10-05,601375.5459775862,rain_95_available,0.5,1.1293188606487092e-12,2.9558577807620168e-12,0.0,0.0,0.03354275471250856,701.95,40.0,0.0,20.18954272823952,164.26530917283708,102.23549327031587,0.0,0.0,0.0,86.09995182836109,40.0,0.0,286.6903451713925,8347.243956189863,16346.58582658666,359.9183108234306,729.0780138236789,-1.891209411297723e-12,unvalidated-engineering-priors,fixed independent scenario factor; no N cycle,2005-08-10,2005-09-28,2005-09-28,physiological_maturity,R6_physiological_maturity,2005-06-16,seed_layer_available_water,50.0
23,ag_075_044,fallow,2005,2005-10-06,2005-10-11,601375.5459775862,rain_95_available,0.5,8.79296635503124e-14,0.0,0.0,0.0,1.0,5.15,0.0,0.0,17.5653828,0.0,0.0,0.0,0.0,0.0,29.164144162262083,0.0,0.0,17.5653828,0.0,0.0,729.0780138236789,687.498486861417,-1.0302869668521453e-13,unvalidated-engineering-priors,fixed independent scenario factor; no N cycle,,,,right_censored,BBCH89_full_ripeness,,,
23,ag_075_044,wheat,2006,2005-10-12,2006-06-10,601375.5459775862,rain_95_available,0.5,2.893241202173158e-13,4.746425474877469e-12,0.0,0.0,0.04267140235271844,149.82,150.0,0.0,203.22099761628053,277.5015303199253,45.60450045141156,0.0,0.0,0.0,103.31318029718709,150.0,0.0,526.3270283876174,9074.286755820483,20787.42084166267,687.498486861417,357.6782781766148,-2.2942203692366547e-12,unvalidated-engineering-priors,fixed independent scenario factor; no N cycle,2006-04-25,2006-06-03,2006-06-03,full_ripeness,BBCH89_full_ripeness,2005-10-12,seed_layer_available_water,50.0
23,ag_075_044,fallow,2006,2006-06-11,2006-06-14,601375.5459775862,rain_95_available,0.5,1.092459456231154e-13,0.0,0.0,0.0,1.0,24.130000000000003,0.0,0.0,12.066000027587819,0.0,0.0,0.0,0.0,0.0,0.003266572280103193,0.0,0.0,12.066000027587819,0.0,0.0,357.6782781766148,369.7390115767469,-2.842170943040401e-14,unvalidated-engineering-priors,fixed independent scenario factor; no N cycle,,,,right_censored,BBCH89_full_ripeness,,,
23,ag_075_044,maize,2006,2006-06-15,2006-10-05,601375.5459775862,rain_95_available,0.5,5.595524044110789e-13,2.6716406864579767e-12,0.0,0.0,0.03354275471250856,357.46999999999997,40.0,0.0,20.614777108793493,209.80439598439594,76.88818241602715,0.0,0.0,0.0,0.4168773458250447,40.0,0.0,307.30735550921656,8786.905067947859,16838.128009915363,369.7390115767469,459.4847787217047,6.006306563222097e-13,unvalidated-engineering-priors,fixed independent scenario factor; no N cycle,2006-08-09,2006-09-24,2006-09-24,physiological_maturity,R6_physiological_maturity,2006-06-15,seed_layer_available_water,50.0
23,ag_075_044,fallow,2006,2006-10-06,2006-10-11,601375.5459775862,rain_95_available,0.5,1.0080825063596421e-13,0.0,0.0,0.0,1.0,0.0,0.0,0.0,17.488336923859173,0.0,0.0,0.0,0.0,0.0,0.020104048171109088,0.0,0.0,17.488336923859173,0.0,0.0,459.4847787217047,441.97633774967466,-2.5224267119483557e-13,unvalidated-engineering-priors,fixed independent scenario factor; no N cycle,,,,right_censored,BBCH89_full_ripeness,,,
23,ag_075_044,wheat,2007,2006-10-12,2007-06-10,601375.5459775862,rain_95_available,0.75,4.1389114358025836e-13,6.0822458181064576e-12,0.0,0.0,0.04267140235271844,216.17,225.0,0.0,226.20647121511524,286.5679696073891,31.649564237180005,0.0,0.0,0.0,1.496365296894459,225.0,0.0,544.4240050596844,9483.66131604289,21088.824393876406,441.97633774967466,337.2259673930945,1.3239409568654992e-12,unvalidated-engineering-priors,fixed independent scenario factor; no N cycle,2007-04-22,2007-06-01,2007-06-01,full_ripeness,BBCH89_full_ripeness,2006-10-12,seed_layer_available_water,50.0
23,ag_075_044,fallow,2007,2007-06-11,2007-06-14,601375.5459775862,rain_95_available,0.75,8.837375276016246e-14,0.0,0.0,0.0,1.0,1.29,0.0,0.0,3.2073605279389774,0.0,0.0,0.0,0.0,0.0,0.0005444009780264146,0.0,0.0,3.2073605279389774,0.0,0.0,337.2259673930945,335.30806246417734,1.4910295220715852e-13,unvalidated-engineering-priors,fixed independent scenario factor; no N cycle,,,,right_censored,BBCH89_full_ripeness,,,
23,ag_075_044,maize,2007,2007-06-15,2007-10-05,601375.5459775862,rain_95_available,0.75,1.1795009413617663e-12,3.694822225952521e-12,0.0,0.0,0.03354275471250856,480.89,60.0,0.0,17.50640886667774,199.84580333295057,88.48705120759703,0.0,0.0,0.0,19.367030301762284,60.0,0.0,305.83926340722536,9194.144121791582,17527.549168735677,335.30806246417734,550.991768755188,1.7259527140822684e-12,unvalidated-engineering-priors,fixed independent scenario factor; no N cycle,2007-08-12,2007-09-26,2007-09-26,physiological_maturity,R6_physiological_maturity,2007-06-16,seed_layer_available_water,50.0
23,ag_075_044,fallow,2007,2007-10-06,2007-10-11,601375.5459775862,rain_95_available,0.75,8.260059303211165e-14,0.0,0.0,0.0,1.0,1.84,0.0,0.0,15.020472073296366,0.0,0.0,0.0,0.0,0.0,0.807974288172794,0.0,0.0,15.020472073296366,0.0,0.0,550.991768755188,537.003322393719,-2.0050627824730327e-13,unvalidated-engineering-priors,fixed independent scenario factor; no N cycle,,,,right_censored,BBCH89_full_ripeness,,,
23,ag_075_044,wheat,2008,2007-10-12,2008-06-10,601375.5459775862,rain_95_available,0.75,4.707345624410664e-13,4.632738637155853e-12,0.0,0.0,0.04267140235271844,222.59,225.0,0.0,219.07476768831324,243.71137532887494,47.95399495915772,0.0,0.0,0.0,20.480198578551683,225.0,0.0,510.7401379763459,8528.006677768411,19056.159420570988,537.003322393719,453.3729858388221,-6.568079413682426e-13,unvalidated-engineering-priors,fixed independent scenario factor; no N cycle,2008-04-24,2008-06-02,2008-06-02,full_ripeness,BBCH89_full_ripeness,2007-10-12,seed_layer_available_water,50.0
23,ag_075_044,fallow,2008,2008-06-11,2008-06-14,601375.5459775862,rain_95_available,0.75,7.460698725481052e-14,0.0,0.0,0.0,1.0,2.49,0.0,0.0,6.273408485252225,0.0,0.0,0.0,0.0,0.0,0.0468135598788956,0.0,0.0,6.273408485252225,0.0,0.0,453.3729858388221,449.54276379369117,-1.8274270985330077e-13,unvalidated-engineering-priors,fixed independent scenario factor; no N cycle,,,,right_censored,BBCH89_full_ripeness,,,
23,ag_075_044,maize,2008,2008-06-15,2008-10-05,601375.5459775862,rain_95_available,0.75,1.0809131367750524e-12,3.808509063674137e-12,0.0,0.0,0.03354275471250856,406.68,60.0,0.0,18.578819209695517,193.75031423335824,91.76225294529979,0.0,0.0,0.0,36.934546777136234,60.0,0.0,304.09138638835356,9022.88686348576,16971.188056614246,449.54276379369117,575.196830628205,-3.6362024502523127e-12,unvalidated-engineering-priors,fixed independent scenario factor; no N cycle,2008-08-11,2008-09-24,2008-09-24,physiological_maturity,R6_physiological_maturity,2008-06-16,seed_layer_available_water,50.0
23,ag_075_044,fallow,2008,2008-10-06,2008-10-11,601375.5459775862,rain_95_available,0.75,9.681144774731365e-14,0.0,0.0,0.0,1.0,1.07,0.0,0.0,16.50383499245927,0.0,0.0,0.0,0.0,0.0,1.1385255873718982,0.0,0.0,16.50383499245927,0.0,0.0,575.196830628205,558.6244700483741,-2.1405099914773018e-13,unvalidated-engineering-priors,fixed independent scenario factor; no N cycle,,,,right_censored,BBCH89_full_ripeness,,,
23,ag_075_044,wheat,2009,2008-10-12,2009-06-10,601375.5459775862,rain_95_available,0.75,4.1300296516055823e-13,4.519051799434237e-12,0.0,0.0,0.04267140235271844,273.08,225.0,0.0,243.3595283175329,245.4875887963586,33.50281893191619,0.0,0.0,0.0,25.66280493934467,225.0,0.0,522.3499360458077,7641.850776506046,17663.639806339568,558.6244700483741,508.69172906321836,3.3668623444782497e-12,unvalidated-engineering-priors,fixed independent scenario factor; no N cycle,2009-04-22,2009-05-29,2009-05-29,full_ripeness,BBCH89_full_ripeness,2008-10-12,seed_layer_available_water,50.0
23,ag_075_044,fallow,2009,2009-06-11,2009-06-14,601375.5459775862,rain_95_available,0.75,1.5720758028692217e-13,0.0,0.0,0.0,1.0,6.72,0.0,0.0,23.44677452134384,0.0,0.0,0.0,0.0,0.0,0.034767946050846696,0.0,0.0,23.44677452134384,0.0,0.0,508.69172906321836,491.9301865958238,-1.1191048088221578e-13,unvalidated-engineering-priors,fixed independent scenario factor; no N cycle,,,,right_censored,BBCH89_full_ripeness,,,
23,ag_075_044,maize,2009,2009-06-15,2009-10-05,601375.5459775862,rain_95_available,0.75,9.583445148564351e-13,4.860112312599085e-12,0.0,0.0,0.03354275471250856,380.83,60.0,0.0,16.032383619770325,230.92956596365397,100.57706019243489,0.0,0.0,0.0,16.537712303787583,60.0,0.0,347.5390097758592,9557.431857859703,19706.926465000815,491.9301865958238,568.6834645161733,3.6934344471717395e-12,unvalidated-engineering-priors,fixed independent scenario factor; no N cycle,2009-08-10,2009-09-29,2009-09-29,physiological_maturity,R6_physiological_maturity,2009-06-15,seed_layer_available_water,50.0
23,ag_075_044,fallow,2009,2009-10-06,2009-10-11,601375.5459775862,rain_95_available,0.75,7.638334409421077e-14,0.0,0.0,0.0,1.0,2.47,0.0,0.0,15.461028067624495,0.0,0.0,0.0,0.0,0.0,0.9991987333018272,0.0,0.0,15.461028067624495,0.0,0.0,568.6834645161733,554.6932377152472,-1.567634910770721e-13,unvalidated-engineering-priors,fixed independent scenario factor; no N cycle,,,,right_censored,BBCH89_full_ripeness,,,
23,ag_075_044,wheat,2010,2009-10-12,2010-06-10,601375.5459775862,rain_95_available,0.75,6.710187960834446e-13,4.405364961712621e-12,0.0,0.0,0.04267140235271844,170.49,225.0,0.0,219.63808571019254,274.2046470745636,37.61096374732034,0.0,0.0,0.0,27.669541583585154,225.0,0.0,531.4536965320765,8627.48123834681,19618.962240875044,554.6932377152472,391.0599995995863,-7.636113963371827e-13,unvalidated-engineering-priors,fixed independent scenario factor; no N cycle,2010-05-04,2010-06-10,2010-06-10,full_ripeness,BBCH89_full_ripeness,2009-10-12,seed_layer_available_water,50.0
23,ag_075_044,fallow,2010,2010-06-11,2010-06-14,601375.5459775862,rain_95_available,0.75,7.460698725481052e-14,0.0,0.0,0.0,1.0,0.0,0.0,0.0,7.513217486655298,0.0,0.0,0.0,0.0,0.0,0.005245837423721193,0.0,0.0,7.513217486655298,0.0,0.0,391.0599995995863,383.54153627550716,1.4455103780619538e-13,unvalidated-engineering-priors,fixed independent scenario factor; no N cycle,,,,right_censored,BBCH89_full_ripeness,,,
23,ag_075_044,maize,2010,2010-06-15,2010-10-05,601375.5459775862,rain_95_available,0.75,9.663381206337363e-13,3.410605131648481e-12,0.0,0.0,0.03354275471250856,551.36,60.0,0.0,19.929276545298798,206.74374628837262,97.48616493285716,0.0,0.0,0.0,56.00364614167355,60.0,0.0,324.1591877665286,8528.955940547346,17422.352207104545,383.54153627550716,614.7387023673034,1.6253665080512292e-12,unvalidated-engineering-priors,fixed independent scenario factor; no N cycle,2010-08-10,2010-09-26,2010-09-26,physiological_maturity,R6_physiological_maturity,2010-06-16,seed_layer_available_water,50.0
23,ag_075_044,fallow,2010,2010-10-06,2010-10-11,601375.5459775862,rain_95_available,0.75,1.1546319456101628e-13,0.0,0.0,0.0,1.0,0.18,0.0,0.0,19.402881676739746,0.0,0.0,0.0,0.0,0.0,4.595502809950712,0.0,0.0,19.402881676739746,0.0,0.0,614.7387023673034,590.9203178806132,-2.5224267119483557e-13,unvalidated-engineering-priors,fixed independent scenario factor; no N cycle,,,,right_censored,BBCH89_full_ripeness,,,
23,ag_075_044,wheat,2011,2010-10-12,2011-06-10,601375.5459775862,rain_95_available,0.5,2.7400304247748863e-13,2.4442670110147446e-12,0.0,0.0,0.04267140235271844,108.71,150.0,0.0,173.73884642657225,270.1558422035913,21.721857009307286,0.0,0.0,0.0,41.390453561821936,150.0,0.0,465.6165456394708,7069.843720694486,16288.894410853663,590.9203178806132,342.62331867932187,-1.4460654895742664e-12,unvalidated-engineering-priors,fixed independent scenario factor; no N cycle,2011-04-25,2011-06-02,2011-06-02,full_ripeness,BBCH89_full_ripeness,2010-10-12,seed_layer_available_water,50.0
23,ag_075_044,fallow,2011,2011-06-11,2011-06-14,601375.5459775862,rain_95_available,0.5,1.3533618670180658e-13,0.0,0.0,0.0,1.0,1.57,0.0,0.0,2.282427410706793,0.0,0.0,0.0,0.0,0.0,0.0016489781468594965,0.0,0.0,2.282427410706793,0.0,0.0,342.62331867932187,341.90924229046806,1.5937251518494122e-13,unvalidated-engineering-priors,fixed independent scenario factor; no N cycle,,,,right_censored,BBCH89_full_ripeness,,,
23,ag_075_044,maize,2011,2011-06-15,2011-10-05,601375.5459775862,rain_95_available,0.5,6.150635556423367e-13,3.694822225952521e-12,0.0,0.0,0.03354275471250856,494.21,40.0,0.0,19.684499986298874,180.133785607932,83.80963657518879,0.0,0.0,0.0,1.896401818526386,40.0,0.0,283.62792216941966,8838.446154947023,16628.74352042665,341.90924229046806,590.5949183025197,2.36594077662744e-12,unvalidated-engineering-priors,fixed independent scenario factor; no N cycle,2011-08-11,2011-10-04,2011-10-04,physiological_maturity,R6_physiological_maturity,2011-06-16,seed_layer_available_water,50.0
23,ag_075_044,fallow,2011,2011-10-06,2011-10-11,601375.5459775862,rain_95_available,0.5,1.2168044349891716e-13,0.0,0.0,0.0,1.0,11.709999999999999,0.0,0.0,16.6122346,0.0,0.0,0.0,0.0,0.0,1.0671318753128274,0.0,0.0,16.6122346,0.0,0.0,590.5949183025197,584.6255518272069,-5.906386491005833e-14,unvalidated-engineering-priors,fixed independent scenario factor; no N cycle,,,,right_censored,BBCH89_full_ripeness,,,
23,ag_075_044,wheat,2012,2011-10-12,2012-06-10,601375.5459775862,rain_95_available,0.5,4.2543746303636e-13,6.266986929404084e-12,0.0,0.0,0.04267140235271844,190.03,150.0,0.0,240.98447095142433,247.1607987686087,27.442079683049144,0.0,0.0,0.0,42.85976368090905,150.0,0.0,515.5873494030822,8291.405399086956,18603.94085558414,584.6255518272069,366.2084387432152,4.927169783286445e-13,unvalidated-engineering-priors,fixed independent scenario factor; no N cycle,2012-04-28,2012-06-04,2012-06-04,full_ripeness,BBCH89_full_ripeness,2011-10-12,seed_layer_available_water,50.0
23,ag_075_044,fallow,2012,2012-06-11,2012-06-14,601375.5459775862,rain_95_available,0.5,6.927791673660977e-14,0.0,0.0,0.0,1.0,0.0,0.0,0.0,1.9426389075532657,0.0,0.0,0.0,0.0,0.0,0.007165972297743305,0.0,0.0,1.9426389075532657,0.0,0.0,366.2084387432152,364.25863386336425,-6.455946888195285e-14,unvalidated-engineering-priors,fixed independent scenario factor; no N cycle,,,,right_censored,BBCH89_full_ripeness,,,
23,ag_075_044,maize,2012,2012-06-15,2012-10-05,601375.5459775862,rain_95_available,0.5,6.501466032204917e-13,3.637978807091713e-12,0.0,0.0,0.03354275471250856,418.76,40.0,0.0,22.005764192019384,205.08043077818763,74.84769606101311,0.0,0.0,0.0,5.008437734465789,40.0,0.0,301.9338910312201,8815.376770397164,16543.651482887384,364.25863386336425,516.0763050976755,2.8618774017274973e-12,unvalidated-engineering-priors,fixed independent scenario factor; no N cycle,2012-08-10,2012-09-26,2012-09-26,physiological_maturity,R6_physiological_maturity,2012-06-16,seed_layer_available_water,50.0
23,ag_075_044,fallow,2012,2012-10-06,2012-10-11,601375.5459775862,rain_95_available,0.5,5.861977570020827e-14,0.0,0.0,0.0,1.0,0.01,0.0,0.0,16.963357175166067,0.0,0.0,0.0,0.0,0.0,0.2565032919333629,0.0,0.0,16.963357175166067,0.0,0.0,516.0763050976755,498.8664446305762,-1.8252066524837574e-13,unvalidated-engineering-priors,fixed independent scenario factor; no N cycle,,,,right_censored,BBCH89_full_ripeness,,,
23,ag_075_044,wheat,2013,2012-10-12,2013-06-10,601375.5459775862,rain_95_available,0.75,3.6859404417555197e-13,2.8848035071860068e-12,0.0,0.0,0.04267140235271844,192.56,225.0,0.0,224.74522109071478,246.3665087120437,34.85457134497679,0.0,0.0,0.0,9.021430097637644,225.0,0.0,505.9663011477353,7236.773615299127,16848.616638167667,498.8664446305762,401.4387133852031,2.2370993946196904e-13,unvalidated-engineering-priors,fixed independent scenario factor; no N cycle,2013-04-29,2013-06-08,2013-06-08,full_ripeness,BBCH89_full_ripeness,2012-10-12,seed_layer_available_water,50.0
23,ag_075_044,fallow,2013,2013-06-11,2013-06-14,601375.5459775862,rain_95_available,0.75,8.948397578478762e-14,0.0,0.0,0.0,1.0,0.0,0.0,0.0,9.585749749410601,0.0,0.0,0.0,0.0,0.0,0.002836602900229965,0.0,0.0,9.585749749410601,0.0,0.0,401.4387133852031,391.8501270328924,-1.312283615106935e-13,unvalidated-engineering-priors,fixed independent scenario factor; no N cycle,,,,right_censored,BBCH89_full_ripeness,,,
23,ag_075_044,maize,2013,2013-06-15,2013-10-05,601375.5459775862,rain_95_available,0.75,6.004086117172847e-13,4.604316927725449e-12,0.0,0.0,0.03354275471250856,252.91,60.0,0.0,21.538088061930182,293.4570530533186,53.885165528238076,0.0,0.0,0.0,1.8360486550238015,60.0,0.0,368.88030664348685,9043.335750562564,17880.60693280976,391.8501270328924,334.0437717343827,-9.89541781848402e-13,unvalidated-engineering-priors,fixed independent scenario factor; no N cycle,2013-08-10,2013-09-21,2013-09-21,physiological_maturity,R6_physiological_maturity,2013-06-16,seed_layer_available_water,50.0
23,ag_075_044,fallow,2013,2013-10-06,2013-10-11,601375.5459775862,rain_95_available,0.75,1.6786572132332367e-13,0.0,0.0,0.0,1.0,0.0,0.0,0.0,5.842875351264833,0.0,0.0,0.0,0.0,0.0,0.0021691698257946634,0.0,0.0,5.842875351264833,0.0,0.0,334.0437717343827,328.19872721329193,1.2856382625159313e-13,unvalidated-engineering-priors,fixed independent scenario factor; no N cycle,,,,right_censored,BBCH89_full_ripeness,,,
23,ag_075_044,wheat,2014,2013-10-12,2014-06-10,601375.5459775862,rain_95_available,0.75,2.4424906541753444e-13,1.4779288903810084e-12,0.0,0.0,0.04267140235271844,163.85,225.0,0.0,262.2316517531777,93.60595695323971,15.367618132109483,0.0,0.0,0.0,0.0739469476862774,225.0,0.0,371.20522683852687,2880.250261677647,6955.9911070681055,328.19872721329193,345.7695534270797,-9.370837439348634e-13,unvalidated-engineering-priors,fixed independent scenario factor; no N cycle,2014-04-17,2014-05-27,2014-05-27,full_ripeness,BBCH89_full_ripeness,2013-10-13,seed_layer_available_water,50.0
23,ag_075_044,fallow,2014,2014-06-11,2014-06-14,601375.5459775862,rain_95_available,0.75,8.043565813409259e-14,0.0,0.0,0.0,1.0,0.53,0.0,0.0,1.8726355135047899,0.0,0.0,0.0,0.0,0.0,0.0004941924278919366,0.0,0.0,1.8726355135047899,0.0,0.0,345.7695534270797,344.42642372114716,-1.4160894679093872e-13,unvalidated-engineering-priors,fixed independent scenario factor; no N cycle,,,,right_censored,BBCH89_full_ripeness,,,
23,ag_075_044,maize,2014,2014-06-15,2014-10-05,601375.5459775862,rain_95_available,0.75,4.121147867408581e-13,4.177991286269389e-12,0.0,0.0,0.03354275471250856,365.33,60.0,0.0,18.304421032339118,190.62289006942672,83.1137656417712,0.0,0.0,0.0,0.03446945223799614,60.0,0.0,292.041076743537,8368.6796101506,17435.181679040717,344.42642372114716,477.680877525372,1.2079226507921703e-13,unvalidated-engineering-priors,fixed independent scenario factor; no N cycle,2014-08-12,2014-09-28,2014-09-28,physiological_maturity,R6_physiological_maturity,2014-06-16,seed_layer_available_water,50.0
23,ag_075_044,fallow,2014,2014-10-06,2014-10-11,601375.5459775862,rain_95_available,0.75,4.574118861455645e-14,0.0,0.0,0.0,1.0,0.03,0.0,0.0,18.11060053983379,0.0,0.0,0.0,0.0,0.0,0.010903134625228805,0.0,0.0,18.11060053983379,0.0,0.0,477.680877525372,459.589373850913,1.3322676295501878e-14,unvalidated-engineering-priors,fixed independent scenario factor; no N cycle,,,,right_censored,BBCH89_full_ripeness,,,
23,ag_075_044,wheat,2015,2014-10-12,2015-06-10,601375.5459775862,rain_95_available,0.75,3.410605131648481e-13,3.0127011996228248e-12,0.0,0.0,0.04267140235271844,182.41,225.0,0.0,231.13562058510516,189.37569619215344,45.91868951268989,0.0,0.0,0.0,1.8971190363641537,225.0,0.0,466.4300062899485,6363.429836323012,14494.10051234592,459.589373850913,398.67224852459947,8.686384944667225e-13,unvalidated-engineering-priors,fixed independent scenario factor; no N cycle,2015-04-23,2015-05-29,2015-05-29,full_ripeness,BBCH89_full_ripeness,2014-10-12,seed_layer_available_water,50.0
23,ag_075_044,fallow,2015,2015-06-11,2015-06-14,601375.5459775862,rain_95_available,0.75,7.782663402622347e-14,0.0,0.0,0.0,1.0,0.0,0.0,0.0,2.493933767673622,0.0,0.0,0.0,0.0,0.0,0.006808870950908853,0.0,0.0,2.493933767673622,0.0,0.0,398.67224852459947,396.1715058859748,1.4099832412739488e-13,unvalidated-engineering-priors,fixed independent scenario factor; no N cycle,,,,right_censored,BBCH89_full_ripeness,,,
23,ag_075_044,maize,2015,2015-06-15,2015-10-05,601375.5459775862,rain_95_available,0.75,5.804245972740318e-13,2.8421709430404007e-12,0.0,0.0,0.03354275471250856,348.90000000000003,60.0,0.0,19.10296267907045,219.52030695283275,77.64500441440514,0.0,0.0,0.0,2.6688002838383826,60.0,0.0,316.26827404630836,9424.670125088205,17713.961474869488,396.1715058859748,486.1344315558259,2.1634360969358113e-12,unvalidated-engineering-priors,fixed independent scenario factor; no N cycle,2015-08-12,2015-09-27,2015-09-27,physiological_maturity,R6_physiological_maturity,2015-06-16,seed_layer_available_water,50.0
23,ag_075_044,fallow,2015,2015-10-06,2015-10-11,601375.5459775862,rain_95_available,0.75,7.238654120556021e-14,0.0,0.0,0.0,1.0,12.94,0.0,0.0,17.818734491876043,0.0,0.0,0.0,0.0,0.0,0.10953728247456113,0.0,0.0,17.818734491876043,0.0,0.0,486.1344315558259,481.1461597814755,-1.6608936448392342e-13,unvalidated-engineering-priors,fixed independent scenario factor; no N cycle,,,,right_censored,BBCH89_full_ripeness,,,
23,ag_075_044,wheat,2016,2015-10-12,2016-06-10,601375.5459775862,rain_95_available,0.75,5.395683899678261e-13,3.979039320256561e-12,0.0,0.0,0.04267140235271844,248.93,225.0,0.0,270.3309522402538,234.28985132003913,32.51518478692982,0.0,0.0,0.0,6.458100254731566,225.0,0.0,537.1359883472228,7272.968268481272,16795.439783924587,481.1461597814755,411.4820711795221,-9.336420525585254e-13,unvalidated-engineering-priors,fixed independent scenario factor; no N cycle,2016-04-21,2016-05-29,2016-05-29,full_ripeness,BBCH89_full_ripeness,2015-10-12,seed_layer_available_water,50.0
23,ag_075_044,fallow,2016,2016-06-11,2016-06-14,601375.5459775862,rain_95_available,0.75,1.3233858453531866e-13,0.0,0.0,0.0,1.0,10.25,0.0,0.0,14.82662288749761,0.0,0.0,0.0,0.0,0.0,0.0031630659815042096,0.0,0.0,14.82662288749761,0.0,0.0,411.4820711795221,406.902285226043,1.687538997430238e-14,unvalidated-engineering-priors,fixed independent scenario factor; no N cycle,,,,right_censored,BBCH89_full_ripeness,,,
23,ag_075_044,maize,2016,2016-06-15,2016-10-05,601375.5459775862,rain_95_available,0.75,1.2096990076315706e-12,2.0463630789890885e-12,0.0,0.0,0.03354275471250856,413.79,60.0,0.0,21.16376812382609,225.6069411714992,83.75372207104698,0.0,0.0,0.0,12.677039593926217,60.0,0.0,330.52443136637226,8889.53271824817,16891.856467889476,406.902285226043,537.490814265743,1.5196732761069143e-12,unvalidated-engineering-priors,fixed independent scenario factor; no N cycle,2016-08-09,2016-09-21,2016-09-21,physiological_maturity,R6_physiological_maturity,2016-06-15,seed_layer_available_water,50.0
23,ag_075_044,fallow,2016,2016-10-06,2016-10-11,601375.5459775862,rain_95_available,0.75,1.4166445794216997e-13,0.0,0.0,0.0,1.0,1.41,0.0,0.0,14.827202348513316,0.0,0.0,0.0,0.0,0.0,0.39925081586075173,0.0,0.0,14.827202348513316,0.0,0.0,537.490814265743,523.6743611013687,1.8451906669270102e-13,unvalidated-engineering-priors,fixed independent scenario factor; no N cycle,,,,right_censored,BBCH89_full_ripeness,,,
23,ag_075_044,wheat,2017,2016-10-12,2017-06-10,601375.5459775862,rain_95_available,0.75,6.323830348264892e-13,3.552713678800501e-12,0.0,0.0,0.04267140235271844,244.75,225.0,0.0,275.18707379541013,234.89755339953413,38.80705984323693,0.0,0.0,0.0,24.9589952675029,225.0,0.0,548.8916870381812,7885.372732179366,17562.840558664433,523.6743611013687,419.5736787956849,-2.4702462297909733e-13,unvalidated-engineering-priors,fixed independent scenario factor; no N cycle,2017-04-19,2017-05-29,2017-05-29,full_ripeness,BBCH89_full_ripeness,2016-10-12,seed_layer_available_water,50.0
23,ag_075_044,fallow,2017,2017-06-11,2017-06-14,601375.5459775862,rain_95_available,0.75,1.2434497875801753e-13,0.0,0.0,0.0,1.0,1.92,0.0,0.0,5.81975351360345,0.0,0.0,0.0,0.0,0.0,0.012938413009464392,0.0,0.0,5.81975351360345,0.0,0.0,419.5736787956849,415.6609868690721,-1.0524914273446484e-13,unvalidated-engineering-priors,fixed independent scenario factor; no N cycle,,,,right_censored,BBCH89_full_ripeness,,,
23,ag_075_044,maize,2017,2017-06-15,2017-10-05,601375.5459775862,rain_95_available,0.75,7.893685705084863e-13,3.382183422218077e-12,0.0,0.0,0.03354275471250856,444.59000000000003,60.0,0.0,17.78103736807433,215.97337194572765,103.20407686928617,0.0,0.0,0.0,5.831727599898396,60.0,0.0,336.95848618308816,8772.834630893254,18398.25652652271,415.6609868690721,577.4607730860811,4.461542246758654e-12,unvalidated-engineering-priors,fixed independent scenario factor; no N cycle,2017-08-11,2017-09-24,2017-09-24,physiological_maturity,R6_physiological_maturity,2017-06-16,seed_layer_available_water,50.0
23,ag_075_044,fallow,2017,2017-10-06,2017-10-11,601375.5459775862,rain_95_available,0.75,7.749356711883593e-14,0.0,0.0,0.0,1.0,14.01,0.0,0.0,8.516992299999998,0.0,0.0,0.0,0.0,0.0,0.6100541146849722,0.0,0.0,8.516992299999998,0.0,0.0,577.4607730860811,582.3437266713962,-1.0536016503692736e-13,unvalidated-engineering-priors,fixed independent scenario factor; no N cycle,,,,right_censored,BBCH89_full_ripeness,,,
23,ag_075_044,wheat,2018,2017-10-12,2018-06-10,601375.5459775862,rain_95_available,0.75,4.334310688136611e-13,3.0162539133016253e-12,0.0,0.0,0.04267140235271844,244.27,225.0,0.0,243.7567366829693,246.3077603672988,48.38081526859574,0.0,0.0,0.0,37.0377716305883,225.0,0.0,538.4453123188638,7338.439225404109,17240.810250666087,582.3437266713962,476.1306427219456,-1.5344392423344289e-12,unvalidated-engineering-priors,fixed independent scenario factor; no N cycle,2018-04-19,2018-05-27,2018-05-27,full_ripeness,BBCH89_full_ripeness,2017-10-12,seed_layer_available_water,50.0
23,ag_075_044,fallow,2018,2018-06-11,2018-06-14,601375.5459775862,rain_95_available,0.75,2.3092638912203256e-14,0.0,0.0,0.0,1.0,3.96,0.0,0.0,11.57609529103716,0.0,0.0,0.0,0.0,0.0,0.07707176360280682,0.0,0.0,11.57609529103716,0.0,0.0,476.1306427219456,468.4374756673057,-6.572520305780927e-14,unvalidated-engineering-priors,fixed independent scenario factor; no N cycle,,,,right_censored,BBCH89_full_ripeness,,,
23,ag_075_044,maize,2018,2018-06-15,2018-10-05,601375.5459775862,rain_95_available,0.75,8.997247391562269e-13,2.8705926524708048e-12,0.0,0.0,0.03354275471250856,453.75,60.0,0.0,19.172397372690526,246.53429977784,79.01368782643783,0.0,0.0,0.0,44.340772692935225,60.0,0.0,344.7203849769684,8170.469111427024,16593.40556219019,468.4374756673057,593.1263179974072,-5.097922084473794e-12,unvalidated-engineering-priors,fixed independent scenario factor; no N cycle,2018-08-10,2018-09-22,2018-09-22,physiological_maturity,R6_physiological_maturity,2018-06-16,seed_layer_available_water,50.0
23,ag_075_044,fallow,2018,2018-10-06,2018-10-11,601375.5459775862,rain_95_available,0.75,1.247890679678676e-13,0.0,0.0,0.0,1.0,0.18,0.0,0.0,20.12220225091566,0.0,0.0,0.0,0.0,0.0,2.0752353650333273,0.0,0.0,20.12220225091566,0.0,0.0,593.1263179974072,571.1088803814583,-9.192646643896296e-14,unvalidated-engineering-priors,fixed independent scenario factor; no N cycle,,,,right_censored,BBCH89_full_ripeness,,,
23,ag_075_044,wheat,2019,2018-10-12,2019-06-10,601375.5459775862,rain_95_available,0.75,5.102585021177219e-13,4.149569576838985e-12,0.0,0.0,0.04267140235271844,110.49,225.0,0.0,210.1470260628737,263.53078874257534,30.776364149049,0.0,0.0,0.0,34.17818447209718,225.0,0.0,504.45417895449805,8330.176307656693,18262.600383829566,571.1088803814583,367.9665169548625,5.810907310888069e-13,unvalidated-engineering-priors,fixed independent scenario factor; no N cycle,2019-04-21,2019-05-31,2019-05-31,full_ripeness,BBCH89_full_ripeness,2018-10-12,seed_layer_available_water,50.0
23,ag_075_044,fallow,2019,2019-06-11,2019-06-14,601375.5459775862,rain_95_available,0.75,9.559020242022598e-14,0.0,0.0,0.0,1.0,0.01,0.0,0.0,2.6254773703908,0.0,0.0,0.0,0.0,0.0,0.003806152501164976,0.0,0.0,2.6254773703908,0.0,0.0,367.9665169548625,365.3472334319704,1.8174350913113813e-13,unvalidated-engineering-priors,fixed independent scenario factor; no N cycle,,,,right_censored,BBCH89_full_ripeness,,,
23,ag_075_044,maize,2019,2019-06-15,2019-10-05,601375.5459775862,rain_95_available,0.75,4.671818487622659e-13,3.211653165635653e-12,0.0,0.0,0.03354275471250856,260.46,60.0,0.0,22.154361645565903,203.3604027224098,75.41321461431,0.0,0.0,0.0,0.06974191646118781,60.0,0.0,300.92797898228565,8170.372718166445,16813.68071407685,365.3472334319704,384.80951253322286,6.556977183436175e-13,unvalidated-engineering-priors,fixed independent scenario factor; no N cycle,2019-08-11,2019-09-24,2019-09-24,physiological_maturity,R6_physiological_maturity,2019-06-16,seed_layer_available_water,50.0
23,ag_075_044,fallow,2019,2019-10-06,2019-10-11,601375.5459775862,rain_95_available,0.75,1.1057821325266559e-13,0.0,0.0,0.0,1.0,21.72,0.0,0.0,11.690174449999997,0.0,0.0,0.0,0.0,0.0,0.00038936208089967187,0.0,0.0,11.690174449999997,0.0,0.0,384.80951253322286,394.8389487211418,1.829647544582258e-13,unvalidated-engineering-priors,fixed independent scenario factor; no N cycle,,,,right_censored,BBCH89_full_ripeness,,,
23,ag_075_044,wheat,2020,2019-10-12,2020-06-10,601375.5459775862,rain_95_available,0.75,2.0605739337042905e-13,2.6432189770275727e-12,0.0,0.0,0.04267140235271844,159.19,225.0,0.0,215.18172614673745,204.83632231036592,34.278839581586716,0.0,0.0,0.0,0.11940688983748693,225.0,0.0,454.2968880386901,6147.514606657238,14421.855285242256,394.8389487211418,324.6126537926146,-3.8874459207249856e-13,unvalidated-engineering-priors,fixed independent scenario factor; no N cycle,2020-04-17,2020-05-28,2020-05-28,full_ripeness,BBCH89_full_ripeness,2019-10-12,seed_layer_available_water,50.0
23,ag_075_044,fallow,2020,2020-06-11,2020-06-14,601375.5459775862,rain_95_available,0.75,6.217248937900877e-14,0.0,0.0,0.0,1.0,22.19,0.0,0.0,14.289600755124258,0.0,0.0,0.0,0.0,0.0,0.000284910223031625,0.0,0.0,14.289600755124258,0.0,0.0,324.6126537926146,332.51276812726735,-4.529709940470639e-14,unvalidated-engineering-priors,fixed independent scenario factor; no N cycle,,,,right_censored,BBCH89_full_ripeness,,,
23,ag_075_044,maize,2020,2020-06-15,2020-10-05,601375.5459775862,rain_95_available,0.75,8.206768598029157e-13,3.637978807091713e-12,0.0,0.0,0.03354275471250856,380.78,60.0,0.0,18.06022786919974,226.79658297541994,70.39126927959909,0.0,0.0,0.0,2.71840482116822,60.0,0.0,315.24808012421875,9018.152808899524,16714.31135491055,332.51276812726735,455.32628318187824,2.1193602428581926e-12,unvalidated-engineering-priors,fixed independent scenario factor; no N cycle,2020-08-12,2020-09-23,2020-09-23,physiological_maturity,R6_physiological_maturity,2020-06-16,seed_layer_available_water,50.0
23,ag_075_044,fallow,2020,2020-10-06,2020-10-11,601375.5459775862,rain_95_available,0.75,1.1945999744966684e-13,0.0,0.0,0.0,1.0,1.23,0.0,0.0,9.419397068118439,0.0,0.0,0.0,0.0,0.0,0.07392930579175563,0.0,0.0,9.419397068118439,0.0,0.0,455.32628318187824,447.0629568079683,-2.611244553918368e-13,unvalidated-engineering-priors,fixed independent scenario factor; no N cycle,,,,right_censored,BBCH89_full_ripeness,,,
23,ag_075_044,wheat,2021,2020-10-12,2021-06-10,601375.5459775862,rain_95_available,0.75,2.7911006839076435e-13,3.694822225952521e-12,0.0,0.0,0.04267140235271844,177.97,225.0,0.0,211.24199410500162,236.9693781424013,37.533530936254785,0.0,0.0,0.0,3.101114555834137,225.0,0.0,485.74490318365775,7177.708624975799,16565.57028544409,447.0629568079683,361.18693906847557,8.519296379461139e-13,unvalidated-engineering-priors,fixed independent scenario factor; no N cycle,2021-04-16,2021-05-26,2021-05-26,full_ripeness,BBCH89_full_ripeness,2020-10-12,seed_layer_available_water,50.0
23,ag_075_044,fallow,2021,2021-06-11,2021-06-14,601375.5459775862,rain_95_available,0.75,9.947598300641403e-14,0.0,0.0,0.0,1.0,31.15,0.0,0.0,5.147041985481257,0.0,0.0,0.0,0.0,0.0,0.001727548780272102,0.0,0.0,5.147041985481257,0.0,0.0,361.18693906847557,387.18816953421396,8.287814878826794e-14,unvalidated-engineering-priors,fixed independent scenario factor; no N cycle,,,,right_censored,BBCH89_full_ripeness,,,
23,ag_075_044,maize,2021,2021-06-15,2021-10-05,601375.5459775862,rain_95_available,0.75,1.014299755297543e-12,4.057199021190172e-12,0.0,0.0,0.03354275471250856,840.06,60.0,0.0,17.579396688898605,208.25357554609997,93.2565775738921,0.0,0.0,0.0,236.93546134304023,60.0,0.0,319.0895498088907,8524.61414362761,17258.459894136984,387.18816953421396,731.2231583822814,1.6118217871508023e-12,unvalidated-engineering-priors,fixed independent scenario factor; no N cycle,2021-08-09,2021-09-23,2021-09-23,physiological_maturity,R6_physiological_maturity,2021-06-15,seed_layer_available_water,50.0
23,ag_075_044,fallow,2021,2021-10-06,2021-10-11,601375.5459775862,rain_95_available,0.75,1.7408297026122455e-13,0.0,0.0,0.0,1.0,20.35,0.0,0.0,10.546109099999999,0.0,0.0,0.0,0.0,0.0,29.58336029874394,0.0,0.0,10.546109099999999,0.0,0.0,731.2231583822814,711.4436889835375,-2.353672812205332e-14,unvalidated-engineering-priors,fixed independent scenario factor; no N cycle,,,,right_censored,BBCH89_full_ripeness,,,
23,ag_075_044,wheat,2022,2021-10-12,2022-06-10,601375.5459775862,rain_95_available,0.5,3.241851231905457e-13,3.950617610826157e-12,0.0,0.0,0.04267140235271844,108.95,150.0,0.0,195.86252175495954,285.35181998138626,39.56936827544511,0.0,0.0,0.0,122.98371863524466,150.0,0.0,520.783710011791,8808.267820308758,19849.767118515483,711.4436889835375,326.62626033650173,2.3986368447026507e-13,unvalidated-engineering-priors,fixed independent scenario factor; no N cycle,2022-04-18,2022-05-30,2022-05-30,full_ripeness,BBCH89_full_ripeness,2021-10-12,seed_layer_available_water,50.0
23,ag_075_044,fallow,2022,2022-06-11,2022-06-14,601375.5459775862,rain_95_available,0.5,9.797718192317006e-14,0.0,0.0,0.0,1.0,0.78,0.0,0.0,1.7357379386145875,0.0,0.0,0.0,0.0,0.0,0.0014891456900457175,0.0,0.0,1.7357379386145875,0.0,0.0,326.62626033650173,325.6690332521972,-1.1290968160437842e-13,unvalidated-engineering-priors,fixed independent scenario factor; no N cycle,,,,right_censored,BBCH89_full_ripeness,,,
23,ag_075_044,maize,2022,2022-06-15,2022-10-05,601375.5459775862,rain_95_available,0.5,6.52811138479592e-13,3.637978807091713e-12,0.0,0.0,0.03354275471250856,409.42,40.0,0.0,22.20463554470684,245.10135563692717,66.49225059830934,0.0,0.0,0.0,1.7166878756847277,40.0,0.0,333.79824177994334,8941.738443359223,16885.48207474085,325.6690332521972,439.5741035965668,2.348787830896981e-12,unvalidated-engineering-priors,fixed independent scenario factor; no N cycle,2022-08-12,2022-09-25,2022-09-25,physiological_maturity,R6_physiological_maturity,2022-06-16,seed_layer_available_water,50.0
23,ag_075_044,fallow,2022,2022-10-06,2022-10-11,601375.5459775862,rain_95_available,0.5,9.725553695716371e-14,0.0,0.0,0.0,1.0,0.32,0.0,0.0,15.718686522364624,0.0,0.0,0.0,0.0,0.0,0.009537496749138473,0.0,0.0,15.718686522364624,0.0,0.0,439.5741035965668,424.1658795774529,8.304468224196171e-14,unvalidated-engineering-priors,fixed independent scenario factor; no N cycle,,,,right_censored,BBCH89_full_ripeness,,,
23,ag_075_044,wheat,2023,2022-10-12,2023-06-10,601375.5459775862,rain_95_available,0.75,3.055333763768431e-13,1.5347723092418164e-12,0.0,0.0,0.04267140235271844,251.04999999999998,225.0,0.0,285.02556071665504,175.9027810882003,26.2567871492181,0.0,0.0,0.0,0.6565635245256762,225.0,0.0,487.18512895407343,5185.624646993289,12097.762077872192,424.1658795774529,412.37418709885367,1.5309975509580909e-13,unvalidated-engineering-priors,fixed independent scenario factor; no N cycle,2023-04-15,2023-05-26,2023-05-26,full_ripeness,BBCH89_full_ripeness,2022-10-12,seed_layer_available_water,50.0
23,ag_075_044,fallow,2023,2023-06-11,2023-06-14,601375.5459775862,rain_95_available,0.75,3.574918139293004e-14,0.0,0.0,0.0,1.0,2.07,0.0,0.0,4.719243210169195,0.0,0.0,0.0,0.0,0.0,0.008116923473218466,0.0,0.0,4.719243210169195,0.0,0.0,412.37418709885367,409.7168269652113,-2.853273173286652e-14,unvalidated-engineering-priors,fixed independent scenario factor; no N cycle,,,,right_censored,BBCH89_full_ripeness,,,
23,ag_075_044,maize,2023,2023-06-15,2023-10-05,601375.5459775862,rain_95_available,0.75,1.0667022820598504e-12,3.893774191965349e-12,0.0,0.0,0.03354275471250856,472.86,60.0,0.0,17.917606418278712,245.58380751174678,94.67911862126729,0.0,0.0,0.0,4.0742885924877,60.0,0.0,358.1805325512928,9537.276713931233,19608.982961231934,409.7168269652113,580.322005821429,1.7797985307765884e-12,unvalidated-engineering-priors,fixed independent scenario factor; no N cycle,2023-08-11,2023-09-22,2023-09-22,physiological_maturity,R6_physiological_maturity,2023-06-16,seed_layer_available_water,50.0
23,ag_075_044,fallow,2023,2023-10-06,2023-10-11,601375.5459775862,rain_95_available,0.75,1.0258460747536446e-13,0.0,0.0,0.0,1.0,0.25,0.0,0.0,16.344304199999996,0.0,0.0,0.0,0.0,0.0,0.8151461903088023,0.0,0.0,16.344304199999996,0.0,0.0,580.322005821429,563.41255543112,1.6231460620019789e-13,unvalidated-engineering-priors,fixed independent scenario factor; no N cycle,,,,right_censored,BBCH89_full_ripeness,,,
23,ag_075_044,wheat,2024,2023-10-12,2024-06-10,601375.5459775862,rain_95_available,0.5,3.05089287166993e-13,3.424815986363683e-12,0.0,0.0,0.04267140235271844,160.54,150.0,0.0,217.61925850167256,275.1911043167814,30.960407822385893,0.0,0.0,0.0,24.432247966034172,150.0,0.0,523.7707706408398,8253.298760701282,18565.148221367643,563.41255543112,325.7495368242458,2.481348460037225e-13,unvalidated-engineering-priors,fixed independent scenario factor; no N cycle,2024-04-19,2024-05-29,2024-05-29,full_ripeness,BBCH89_full_ripeness,2023-10-12,seed_layer_available_water,50.0
23,ag_075_044,fallow,2024,2024-06-11,2024-06-14,601375.5459775862,rain_95_available,0.5,6.084022174945858e-14,0.0,0.0,0.0,1.0,4.9399999999999995,0.0,0.0,4.849658537498483,0.0,0.0,0.0,0.0,0.0,0.001700851693312682,0.0,0.0,4.849658537498483,0.0,0.0,325.7495368242458,325.8381774350542,-1.9273471707492718e-13,unvalidated-engineering-priors,fixed independent scenario factor; no N cycle,,,,right_censored,BBCH89_full_ripeness,,,
23,ag_075_044,maize,2024,2024-06-15,2024-10-05,601375.5459775862,rain_95_available,0.5,8.79740724712974e-13,2.7284841053187847e-12,0.0,0.0,0.03354275471250856,531.34,40.0,0.0,20.572351426795105,206.7728570485819,100.60190459317175,0.0,0.0,0.0,12.023998523225217,40.0,0.0,327.9471130685488,8162.974368874116,15989.648853529128,325.8381774350542,557.2070658432826,-2.41184849869569e-12,unvalidated-engineering-priors,fixed independent scenario factor; no N cycle,2024-08-09,2024-09-19,2024-09-19,physiological_maturity,R6_physiological_maturity,2024-06-16,seed_layer_available_water,50.0
23,ag_075_044,fallow,2024,2024-10-06,2024-10-11,601375.5459775862,rain_95_available,0.5,1.8074430840897548e-13,0.0,0.0,0.0,1.0,2.91,0.0,0.0,16.710887,0.0,0.0,0.0,0.0,0.0,0.46668980909704894,0.0,0.0,16.710887,0.0,0.0,557.2070658432826,542.939489034186,-3.6615155352137663e-13,unvalidated-engineering-priors,fixed independent scenario factor; no N cycle,,,,right_censored,BBCH89_full_ripeness,,,
23,ag_075_044,wheat,2025,2024-10-12,2025-06-10,601375.5459775862,rain_95_available,0.5,2.7711166694643907e-13,4.0820680169417756e-12,0.0,0.0,0.04267140235271844,184.34,150.0,0.0,222.28108678220778,292.71300551574564,32.429311365022286,0.0,0.0,0.0,21.017924978598828,150.0,0.0,547.4234036629757,8076.872878482886,18512.80144898243,542.939489034186,308.8381603926097,1.724259623969715e-12,unvalidated-engineering-priors,fixed independent scenario factor; no N cycle,2025-04-17,2025-05-27,2025-05-27,full_ripeness,BBCH89_full_ripeness,2024-10-12,seed_layer_available_water,50.0
23,ag_075_044,fallow,2025,2025-06-11,2025-06-14,601375.5459775862,rain_95_available,0.5,1.067479438177088e-13,0.0,0.0,0.0,1.0,1.4700000000000002,0.0,0.0,1.3841549051326913,0.0,0.0,0.0,0.0,0.0,0.0006849857690823187,0.0,0.0,1.3841549051326913,0.0,0.0,308.8381603926097,308.9233205017078,1.5693002453076588e-13,unvalidated-engineering-priors,fixed independent scenario factor; no N cycle,,,,right_censored,BBCH89_full_ripeness,,,
23,ag_075_044,maize,2025,2025-06-15,2025-10-05,601375.5459775862,rain_95_available,0.5,4.798383912429927e-13,3.666400516522117e-12,0.0,0.0,0.03354275471250856,629.51,40.0,0.0,18.609861637037564,198.00066319984256,94.48306576071855,0.0,0.0,0.0,2.0055777837472295,40.0,0.0,311.0935905975987,8309.263230937451,17109.74508211377,308.9233205017078,665.3341521203603,1.6142642778049776e-12,unvalidated-engineering-priors,fixed independent scenario factor; no N cycle,2025-08-10,2025-09-24,2025-09-24,physiological_maturity,R6_physiological_maturity,2025-06-16,seed_layer_available_water,50.0
23,ag_075_044,fallow,1996,1996-01-01,1996-10-11,601375.5459775862,rain_98_available,1.0,2.2537527399890678e-13,0.0,0.0,0.0,1.0,754.98,0.0,0.0,552.3186758139509,0.0,0.0,0.0,0.0,0.0,82.18796312053631,0.0,0.0,552.3186758139509,0.0,0.0,486.589374113015,607.0627351785278,7.505107646466058e-14,unvalidated-engineering-priors,fixed independent scenario factor; no N cycle,,,,right_censored,BBCH89_full_ripeness,,,
23,ag_075_044,wheat,1997,1996-10-12,1997-06-10,601375.5459775862,rain_98_available,1.0,9.134915046615788e-13,7.062794793455396e-12,0.0,0.0,0.04267140235271844,202.71,300.0,0.0,255.70057171503393,241.37880755844012,36.13797247100474,0.0,0.0,0.0,78.86675379574069,300.0,0.0,533.2173517444787,8646.913332196864,19086.739009381738,607.0627351785278,497.6886296383086,-3.3489877537817847e-13,unvalidated-engineering-priors,fixed independent scenario factor; no N cycle,1997-04-27,1997-06-03,1997-06-03,full_ripeness,BBCH89_full_ripeness,1996-10-12,seed_layer_available_water,50.0
23,ag_075_044,fallow,1997,1997-06-11,1997-06-14,601375.5459775862,rain_98_available,1.0,1.822986206434507e-13,0.0,0.0,0.0,1.0,2.9899999999999998,0.0,0.0,5.469218820845822,0.0,0.0,0.0,0.0,0.0,0.35556427459241,0.0,0.0,5.469218820845822,0.0,0.0,497.6886296383086,494.8538465428704,7.771561172376096e-15,unvalidated-engineering-priors,fixed independent scenario factor; no N cycle,,,,right_censored,BBCH89_full_ripeness,,,
23,ag_075_044,maize,1997,1997-06-15,1997-10-05,601375.5459775862,rain_98_available,1.0,9.485745522397337e-13,3.865352482534945e-12,0.0,0.0,0.03354275471250856,224.66,80.0,0.0,19.72492534136477,312.21924959603064,70.26080498496779,0.0,0.0,0.0,9.701160519398133,80.0,0.0,402.2049799223632,11473.222449062952,21500.234919611263,494.8538465428704,387.6077061011067,2.3695490014574716e-12,unvalidated-engineering-priors,fixed independent scenario factor; no N cycle,1997-08-11,1997-09-29,1997-09-29,physiological_maturity,R6_physiological_maturity,1997-06-16,seed_layer_available_water,50.0
23,ag_075_044,fallow,1997,1997-10-06,1997-10-11,601375.5459775862,rain_98_available,1.0,7.638334409421077e-14,0.0,0.0,0.0,1.0,0.0,0.0,0.0,13.016170256419109,0.0,0.0,0.0,0.0,0.0,0.004515379103937516,0.0,0.0,13.016170256419109,0.0,0.0,387.6077061011067,374.5870204655837,-2.220446049250313e-14,unvalidated-engineering-priors,fixed independent scenario factor; no N cycle,,,,right_censored,BBCH89_full_ripeness,,,
23,ag_075_044,wheat,1998,1997-10-12,1998-06-10,601375.5459775862,rain_98_available,1.0,1.1683987111155147e-12,3.495870259939693e-12,0.0,0.0,0.04267140235271844,393.03,300.0,0.0,261.7347467728341,166.72521663741313,64.48154367857292,0.0,0.0,0.0,9.409910771769733,300.0,0.0,492.9415070888201,6704.269411117002,15753.267314383445,374.5870204655837,565.2656026049928,1.0592637877948619e-12,unvalidated-engineering-priors,fixed independent scenario factor; no N cycle,1998-04-26,1998-06-03,1998-06-03,full_ripeness,BBCH89_full_ripeness,1997-10-13,seed_layer_available_water,50.0
23,ag_075_044,fallow,1998,1998-06-11,1998-06-14,601375.5459775862,rain_98_available,1.0,1.412203687323199e-13,0.0,0.0,0.0,1.0,39.29,0.0,0.0,13.395240891797012,0.0,0.0,0.0,0.0,0.0,1.662251092048749,0.0,0.0,13.395240891797012,0.0,0.0,565.2656026049928,589.498110621147,-3.241851231905457e-14,unvalidated-engineering-priors,fixed independent scenario factor; no N cycle,,,,right_censored,BBCH89_full_ripeness,,,
23,ag_075_044,maize,1998,1998-06-15,1998-10-05,601375.5459775862,rain_98_available,1.0,1.1617373729677638e-12,4.746425474877469e-12,0.0,0.0,0.03354275471250856,598.98,80.0,0.0,18.590382786291325,211.22857234051972,112.39911531969412,0.0,0.0,0.0,356.0332790134096,80.0,0.0,342.2180704465052,9124.967242070063,17761.473013945455,589.498110621147,570.2267611612275,4.728550884181004e-12,unvalidated-engineering-priors,fixed independent scenario factor; no N cycle,1998-08-09,1998-09-20,1998-09-20,physiological_maturity,R6_physiological_maturity,1998-06-15,seed_layer_available_water,50.0
23,ag_075_044,fallow,1998,1998-10-06,1998-10-11,601375.5459775862,rain_98_available,1.0,2.3314683517128287e-13,0.0,0.0,0.0,1.0,0.56,0.0,0.0,14.18415121616878,0.0,0.0,0.0,0.0,0.0,1.985330782245533,0.0,0.0,14.18415121616878,0.0,0.0,570.2267611612275,554.6172791628132,-6.128431095930864e-14,unvalidated-engineering-priors,fixed independent scenario factor; no N cycle,,,,right_censored,BBCH89_full_ripeness,,,
23,ag_075_044,wheat,1999,1998-10-12,1999-06-10,601375.5459775862,rain_98_available,1.0,9.07718344933528e-13,3.126388037344441e-12,0.0,0.0,0.04267140235271844,210.58,300.0,0.0,231.7357014067933,231.54412654821152,45.237122196154964,0.0,0.0,0.0,37.437147959366555,300.0,0.0,508.5169501511598,7572.884184145808,17645.92943945134,554.6172791628132,519.2431810522855,1.3563594691845537e-12,unvalidated-engineering-priors,fixed independent scenario factor; no N cycle,1999-04-21,1999-05-28,1999-05-28,full_ripeness,BBCH89_full_ripeness,1998-10-12,seed_layer_available_water,50.0
23,ag_075_044,fallow,1999,1999-06-11,1999-06-14,601375.5459775862,rain_98_available,1.0,2.0294876890147862e-13,0.0,0.0,0.0,1.0,1.57,0.0,0.0,5.241114316218745,0.0,0.0,0.0,0.0,0.0,0.5690345787909697,0.0,0.0,5.241114316218745,0.0,0.0,519.2431810522855,515.0030321572759,-1.0369483049998962e-13,unvalidated-engineering-priors,fixed independent scenario factor; no N cycle,,,,right_censored,BBCH89_full_ripeness,,,
23,ag_075_044,maize,1999,1999-06-15,1999-10-05,601375.5459775862,rain_98_available,1.0,9.778844400898379e-13,4.035882739117369e-12,0.0,0.0,0.03354275471250856,475.67,80.0,0.0,18.388068480385137,245.61186991087072,88.30781139133688,0.0,0.0,0.0,116.85966359921616,80.0,0.0,352.30774978259274,10079.43397439555,19770.938324369825,515.0030321572759,601.5056187754681,-1.0491052471195417e-12,unvalidated-engineering-priors,fixed independent scenario factor; no N cycle,1999-08-12,1999-09-26,1999-09-26,physiological_maturity,R6_physiological_maturity,1999-06-16,seed_layer_available_water,50.0
23,ag_075_044,fallow,1999,1999-10-06,1999-10-11,601375.5459775862,rain_98_available,1.0,2.2648549702353193e-13,0.0,0.0,0.0,1.0,6.74,0.0,0.0,14.299601500000001,0.0,0.0,0.0,0.0,0.0,1.0938872552086223,0.0,0.0,14.299601500000001,0.0,0.0,601.5056187754681,592.8521300202589,5.724309914967307e-13,unvalidated-engineering-priors,fixed independent scenario factor; no N cycle,,,,right_censored,BBCH89_full_ripeness,,,
23,ag_075_044,wheat,2000,1999-10-12,2000-06-10,601375.5459775862,rain_98_available,1.0,5.782041512247815e-13,4.519051799434237e-12,0.0,0.0,0.04267140235271844,156.28,300.0,0.0,239.310255994939,307.4632647405073,40.31538881436742,0.0,0.0,0.0,54.91590825626703,300.0,0.0,587.0889095498138,9500.473301929873,21495.469919158226,592.8521300202589,407.12731221417937,-1.3062884107739592e-12,unvalidated-engineering-priors,fixed independent scenario factor; no N cycle,2000-04-23,2000-05-31,2000-05-31,full_ripeness,BBCH89_full_ripeness,1999-10-12,seed_layer_available_water,50.0
23,ag_075_044,fallow,2000,2000-06-11,2000-06-14,601375.5459775862,rain_98_available,1.0,6.061817714453355e-14,0.0,0.0,0.0,1.0,6.2700000000000005,0.0,0.0,8.069388473199464,0.0,0.0,0.0,0.0,0.0,0.007766402652231431,0.0,0.0,8.069388473199464,0.0,0.0,407.12731221417937,405.3201573383276,8.504308368628699e-14,unvalidated-engineering-priors,fixed independent scenario factor; no N cycle,,,,right_censored,BBCH89_full_ripeness,,,
23,ag_075_044,maize,2000,2000-06-15,2000-10-05,601375.5459775862,rain_98_available,1.0,1.1257661469699087e-12,2.1316282072803006e-12,0.0,0.0,0.03354275471250856,746.61,80.0,0.0,20.751064871968392,158.8163237017598,84.76442285952186,0.0,0.0,0.0,309.21069101438883,80.0,0.0,264.33181143325004,7327.158845123638,14687.763856093581,405.3201573383276,658.3876548906879,7.924771949774367e-13,unvalidated-engineering-priors,fixed independent scenario factor; no N cycle,2000-08-10,2000-09-23,2000-09-23,physiological_maturity,R6_physiological_maturity,2000-06-16,seed_layer_available_water,50.0
23,ag_075_044,fallow,2000,2000-10-06,2000-10-11,601375.5459775862,rain_98_available,1.0,1.7763568394002505e-13,0.0,0.0,0.0,1.0,40.85,0.0,0.0,12.280764199999998,0.0,0.0,0.0,0.0,0.0,7.4683121671844805,0.0,0.0,12.280764199999998,0.0,0.0,658.3876548906879,679.4885785235036,-1.7186252421197423e-13,unvalidated-engineering-priors,fixed independent scenario factor; no N cycle,,,,right_censored,BBCH89_full_ripeness,,,
23,ag_075_044,wheat,2001,2000-10-12,2001-06-10,601375.5459775862,rain_98_available,1.0,8.921752225887758e-13,4.348521542851813e-12,0.0,0.0,0.04267140235271844,151.93,300.0,0.0,273.6017649719313,273.47053426044204,20.795567220758187,0.0,0.0,0.0,138.97200724569066,300.0,0.0,567.8678664531316,8653.10239561094,18941.601731595452,679.4885785235036,424.5787048246781,3.3719693703915254e-12,unvalidated-engineering-priors,fixed independent scenario factor; no N cycle,2001-04-25,2001-06-04,2001-06-04,full_ripeness,BBCH89_full_ripeness,2000-10-12,seed_layer_available_water,50.0
23,ag_075_044,fallow,2001,2001-06-11,2001-06-14,601375.5459775862,rain_98_available,1.0,5.184741524999481e-14,0.0,0.0,0.0,1.0,0.67,0.0,0.0,2.7344365033580993,0.0,0.0,0.0,0.0,0.0,0.024850638633581904,0.0,0.0,2.7344365033580993,0.0,0.0,424.5787048246781,422.48941768268634,6.578071420904053e-14,unvalidated-engineering-priors,fixed independent scenario factor; no N cycle,,,,right_censored,BBCH89_full_ripeness,,,
23,ag_075_044,maize,2001,2001-06-15,2001-10-05,601375.5459775862,rain_98_available,1.0,8.562039965909207e-13,3.979039320256561e-12,0.0,0.0,0.03354275471250856,452.56,80.0,0.0,16.750160635273183,253.8367659857137,85.02394314872329,0.0,0.0,0.0,107.88792898860328,80.0,0.0,355.6108697697102,9920.297693663779,19691.305324734505,422.48941768268634,491.5506189243758,-2.886357819420482e-12,unvalidated-engineering-priors,fixed independent scenario factor; no N cycle,2001-08-11,2001-09-25,2001-09-25,physiological_maturity,R6_physiological_maturity,2001-06-16,seed_layer_available_water,50.0
23,ag_075_044,fallow,2001,2001-10-06,2001-10-11,601375.5459775862,rain_98_available,1.0,1.709743457922741e-13,0.0,0.0,0.0,1.0,3.56,0.0,0.0,12.747012524534124,0.0,0.0,0.0,0.0,0.0,0.3855112765414953,0.0,0.0,12.747012524534124,0.0,0.0,491.5506189243758,481.97809512330014,2.6867397195928788e-14,unvalidated-engineering-priors,fixed independent scenario factor; no N cycle,,,,right_censored,BBCH89_full_ripeness,,,
23,ag_075_044,wheat,2002,2001-10-12,2002-06-10,601375.5459775862,rain_98_available,1.0,4.75175454539567e-13,3.353761712787673e-12,0.0,0.0,0.04267140235271844,274.8,300.0,0.0,247.82461746339604,215.55684025953857,48.130093477183244,0.0,0.0,0.0,12.694062862267353,300.0,0.0,511.5115512001179,7149.192055885689,16920.51347375359,481.97809512330014,532.5724810609156,-6.953881914739668e-13,unvalidated-engineering-priors,fixed independent scenario factor; no N cycle,2002-04-15,2002-05-28,2002-05-28,full_ripeness,BBCH89_full_ripeness,2001-10-12,seed_layer_available_water,50.0
23,ag_075_044,fallow,2002,2002-06-11,2002-06-14,601375.5459775862,rain_98_available,1.0,1.1368683772161603e-13,0.0,0.0,0.0,1.0,1.25,0.0,0.0,19.500345719798077,0.0,0.0,0.0,0.0,0.0,0.32390218528993187,0.0,0.0,19.500345719798077,0.0,0.0,532.5724810609156,513.9982331558278,-2.495781359357352e-13,unvalidated-engineering-priors,fixed independent scenario factor; no N cycle,,,,right_censored,BBCH89_full_ripeness,,,
23,ag_075_044,maize,2002,2002-06-15,2002-10-05,601375.5459775862,rain_98_available,1.0,1.0276224315930449e-12,4.405364961712621e-12,0.0,0.0,0.03354275471250856,283.73,80.0,0.0,18.70203375785685,264.6671127454901,91.54814386112781,0.0,0.0,0.0,29.839860550435745,80.0,0.0,374.91729036447475,10488.379368451948,19988.755979775735,513.9982331558278,472.97108224091653,8.273381979506667e-13,unvalidated-engineering-priors,fixed independent scenario factor; no N cycle,2002-08-11,2002-09-27,2002-09-27,physiological_maturity,R6_physiological_maturity,2002-06-15,seed_layer_available_water,50.0
23,ag_075_044,fallow,2002,2002-10-06,2002-10-11,601375.5459775862,rain_98_available,1.0,8.881784197001252e-14,0.0,0.0,0.0,1.0,0.0,0.0,0.0,14.412605625568059,0.0,0.0,0.0,0.0,0.0,0.11298721369877432,0.0,0.0,14.412605625568059,0.0,0.0,472.97108224091653,458.44548940164975,-5.46229728115577e-14,unvalidated-engineering-priors,fixed independent scenario factor; no N cycle,,,,right_censored,BBCH89_full_ripeness,,,
23,ag_075_044,wheat,2003,2002-10-12,2003-06-10,601375.5459775862,rain_98_available,1.0,8.331113576787175e-13,3.353761712787673e-12,0.0,0.0,0.04267140235271844,280.31,300.0,0.0,259.5621221787954,197.43324637658404,43.135581752690825,0.0,0.0,0.0,10.792722108112667,300.0,0.0,500.1309503080703,7353.943920929307,16407.879778381808,458.44548940164975,527.8318169854617,5.102029909664907e-12,unvalidated-engineering-priors,fixed independent scenario factor; no N cycle,2003-04-29,2003-06-06,2003-06-06,full_ripeness,BBCH89_full_ripeness,2002-10-12,seed_layer_available_water,50.0
23,ag_075_044,fallow,2003,2003-06-11,2003-06-14,601375.5459775862,rain_98_available,1.0,1.2434497875801753e-13,0.0,0.0,0.0,1.0,0.44,0.0,0.0,11.193805905026494,0.0,0.0,0.0,0.0,0.0,0.6024100921296273,0.0,0.0,11.193805905026494,0.0,0.0,527.8318169854617,516.4756009883056,2.042810365310288e-14,unvalidated-engineering-priors,fixed independent scenario factor; no N cycle,,,,right_censored,BBCH89_full_ripeness,,,
23,ag_075_044,maize,2003,2003-06-15,2003-10-05,601375.5459775862,rain_98_available,1.0,1.184830011879967e-12,2.1103119252074976e-12,0.0,0.0,0.03354275471250856,647.95,80.0,0.0,19.120005086757768,122.68558211177967,101.07653052663778,0.0,0.0,0.0,313.1531272550745,80.0,0.0,242.88211772517522,7458.82491830704,14191.47673444006,516.4756009883056,688.3903560080553,6.363243265639085e-13,unvalidated-engineering-priors,fixed independent scenario factor; no N cycle,2003-08-12,2003-10-02,2003-10-02,physiological_maturity,R6_physiological_maturity,2003-06-16,seed_layer_available_water,50.0
23,ag_075_044,fallow,2003,2003-10-06,2003-10-11,601375.5459775862,rain_98_available,1.0,1.4210854715202004e-13,0.0,0.0,0.0,1.0,75.55,0.0,0.0,11.587539099999997,0.0,0.0,0.0,0.0,0.0,11.601075519248383,0.0,0.0,11.587539099999997,0.0,0.0,688.3903560080553,740.7517413888071,-1.9584334154387761e-13,unvalidated-engineering-priors,fixed independent scenario factor; no N cycle,,,,right_censored,BBCH89_full_ripeness,,,
23,ag_075_044,wheat,2004,2003-10-12,2004-06-10,601375.5459775862,rain_98_available,0.75,6.137312880127865e-13,6.124878382252064e-12,0.0,0.0,0.04267140235271844,183.91,225.0,0.0,264.6719458549359,261.87087019863526,41.78410208515543,0.0,0.0,0.0,167.79687783835053,225.0,0.0,568.3269181387266,8925.130189198175,20197.75290327772,740.7517413888071,413.5379454117309,-9.355849428516194e-13,unvalidated-engineering-priors,fixed independent scenario factor; no N cycle,2004-04-19,2004-05-27,2004-05-27,full_ripeness,BBCH89_full_ripeness,2003-10-12,seed_layer_available_water,50.0
23,ag_075_044,fallow,2004,2004-06-11,2004-06-14,601375.5459775862,rain_98_available,0.75,1.971756091734278e-13,0.0,0.0,0.0,1.0,8.89,0.0,0.0,3.7834138276610174,0.0,0.0,0.0,0.0,0.0,0.012692741898697396,0.0,0.0,3.7834138276610174,0.0,0.0,413.5379454117309,418.6318388421711,1.088573675644966e-13,unvalidated-engineering-priors,fixed independent scenario factor; no N cycle,,,,right_censored,BBCH89_full_ripeness,,,
23,ag_075_044,maize,2004,2004-06-15,2004-10-05,601375.5459775862,rain_98_available,0.75,1.1111112030448567e-12,3.808509063674137e-12,0.0,0.0,0.03354275471250856,611.76,60.0,0.0,16.459915586041948,197.38644342145875,111.82311767223807,0.0,0.0,0.0,147.5016274338044,60.0,0.0,325.66947667973875,10069.03330179714,18706.75785552778,418.6318388421711,617.2207347286264,1.476763156205152e-12,unvalidated-engineering-priors,fixed independent scenario factor; no N cycle,2004-08-11,2004-09-28,2004-09-28,physiological_maturity,R6_physiological_maturity,2004-06-15,seed_layer_available_water,50.0
23,ag_075_044,fallow,2004,2004-10-06,2004-10-11,601375.5459775862,rain_98_available,0.75,1.0880185641326534e-13,0.0,0.0,0.0,1.0,0.06,0.0,0.0,18.5110073,0.0,0.0,0.0,0.0,0.0,2.6478408007407195,0.0,0.0,18.5110073,0.0,0.0,617.2207347286264,596.1218866278857,4.440892098500626e-15,unvalidated-engineering-priors,fixed independent scenario factor; no N cycle,,,,right_censored,BBCH89_full_ripeness,,,
23,ag_075_044,wheat,2005,2004-10-12,2005-06-10,601375.5459775862,rain_98_available,0.75,5.688782778179302e-13,3.950617610826157e-12,0.0,0.0,0.04267140235271844,193.4,225.0,0.0,223.2268499155041,281.9512614180627,40.45060584776485,0.0,0.0,0.0,47.70584071467042,225.0,0.0,545.6287171813316,9202.610373248997,20713.308455524624,596.1218866278857,421.18732873188515,-1.4971357487070236e-12,unvalidated-engineering-priors,fixed independent scenario factor; no N cycle,2005-04-29,2005-06-07,2005-06-07,full_ripeness,BBCH89_full_ripeness,2004-10-12,seed_layer_available_water,50.0
23,ag_075_044,fallow,2005,2005-06-11,2005-06-14,601375.5459775862,rain_98_available,0.75,2.930988785010413e-14,0.0,0.0,0.0,1.0,0.16,0.0,0.0,17.691018368282528,0.0,0.0,0.0,0.0,0.0,0.005824364306425739,0.0,0.0,17.691018368282528,0.0,0.0,421.18732873188515,403.6504859992962,-2.886579864025407e-14,unvalidated-engineering-priors,fixed independent scenario factor; no N cycle,,,,right_censored,BBCH89_full_ripeness,,,
23,ag_075_044,maize,2005,2005-06-15,2005-10-05,601375.5459775862,rain_98_available,0.75,1.1115552922547067e-12,2.9558577807620168e-12,0.0,0.0,0.03354275471250856,701.95,60.0,0.0,20.200301358576382,164.26530917283708,102.23549327031587,0.0,0.0,0.0,147.97558631448976,60.0,0.0,286.70110380172935,8347.243956189863,16346.58582658666,403.6504859992962,730.9237958830796,-2.494282558274108e-12,unvalidated-engineering-priors,fixed independent scenario factor; no N cycle,2005-08-10,2005-09-28,2005-09-28,physiological_maturity,R6_physiological_maturity,2005-06-16,seed_layer_available_water,50.0
23,ag_075_044,fallow,2005,2005-10-06,2005-10-11,601375.5459775862,rain_98_available,0.75,2.0250467969162855e-13,0.0,0.0,0.0,1.0,5.15,0.0,0.0,17.5653828,0.0,0.0,0.0,0.0,0.0,30.282759508905706,0.0,0.0,17.5653828,0.0,0.0,730.9237958830796,688.2256535741735,3.8191672047105385e-13,unvalidated-engineering-priors,fixed independent scenario factor; no N cycle,,,,right_censored,BBCH89_full_ripeness,,,
23,ag_075_044,wheat,2006,2005-10-12,2006-06-10,601375.5459775862,rain_98_available,0.75,6.492584248007915e-13,5.002220859751105e-12,0.0,0.0,0.04267140235271844,149.82,225.0,0.0,213.14823581579446,283.9305941580942,46.25039468911638,0.0,0.0,0.0,114.03729104705369,225.0,0.0,543.3292246630051,9309.367626121466,21430.91120579272,688.2256535741735,405.67913786411543,-6.615263892228995e-13,unvalidated-engineering-priors,fixed independent scenario factor; no N cycle,2006-04-25,2006-06-03,2006-06-03,full_ripeness,BBCH89_full_ripeness,2005-10-12,seed_layer_available_water,50.0
23,ag_075_044,fallow,2006,2006-06-11,2006-06-14,601375.5459775862,rain_98_available,0.75,1.2256862191861728e-13,0.0,0.0,0.0,1.0,24.130000000000003,0.0,0.0,12.667698761569609,0.0,0.0,0.0,0.0,0.0,0.009649173331845527,0.0,0.0,12.667698761569609,0.0,0.0,405.67913786411543,417.13178992921365,3.268496584496461e-13,unvalidated-engineering-priors,fixed independent scenario factor; no N cycle,,,,right_censored,BBCH89_full_ripeness,,,
23,ag_075_044,maize,2006,2006-06-15,2006-10-05,601375.5459775862,rain_98_available,0.75,7.460698725481052e-13,2.8990143619012088e-12,0.0,0.0,0.03354275471250856,357.46999999999997,60.0,0.0,20.56918726477307,210.9834147261533,77.0053160797992,0.0,0.0,0.0,5.221315213654994,60.0,0.0,308.5579180707256,8806.82493526429,16877.335949706972,417.13178992921365,520.8225566448333,-2.3314683517128287e-13,unvalidated-engineering-priors,fixed independent scenario factor; no N cycle,2006-08-09,2006-09-24,2006-09-24,physiological_maturity,R6_physiological_maturity,2006-06-15,seed_layer_available_water,50.0
23,ag_075_044,fallow,2006,2006-10-06,2006-10-11,601375.5459775862,rain_98_available,0.75,1.1146639167236572e-13,0.0,0.0,0.0,1.0,0.0,0.0,0.0,18.53843492024579,0.0,0.0,0.0,0.0,0.0,0.25101427705437646,0.0,0.0,18.53843492024579,0.0,0.0,520.8225566448333,502.0331074475333,-1.9317880628477724e-13,unvalidated-engineering-priors,fixed independent scenario factor; no N cycle,,,,right_censored,BBCH89_full_ripeness,,,
23,ag_075_044,wheat,2007,2006-10-12,2007-06-10,601375.5459775862,rain_98_available,1.0,6.057376822354854e-13,6.480149750132114e-12,0.0,0.0,0.04267140235271844,216.17,300.0,0.0,241.55837433236775,306.20709277202775,34.4823717508156,0.0,0.0,0.0,12.08831733662376,300.0,0.0,582.2478388552111,10156.330191996898,22574.69066368525,502.0331074475333,423.86695125570054,-2.0691226509939042e-12,unvalidated-engineering-priors,fixed independent scenario factor; no N cycle,2007-04-22,2007-06-01,2007-06-01,full_ripeness,BBCH89_full_ripeness,2006-10-12,seed_layer_available_water,50.0
23,ag_075_044,fallow,2007,2007-06-11,2007-06-14,601375.5459775862,rain_98_available,1.0,5.473399511402022e-14,0.0,0.0,0.0,1.0,1.29,0.0,0.0,4.42902591727348,0.0,0.0,0.0,0.0,0.0,0.013207349314975178,0.0,0.0,4.42902591727348,0.0,0.0,423.86695125570054,420.71471798911216,-7.249756350802272e-14,unvalidated-engineering-priors,fixed independent scenario factor; no N cycle,,,,right_censored,BBCH89_full_ripeness,,,
23,ag_075_044,maize,2007,2007-06-15,2007-10-05,601375.5459775862,rain_98_available,1.0,1.0729195309977513e-12,3.694822225952521e-12,0.0,0.0,0.03354275471250856,480.89,80.0,0.0,17.5170008969556,199.84580333295057,88.48705120759703,0.0,0.0,0.0,100.46609343056117,80.0,0.0,305.8498554375032,9194.144121791582,17527.549168735677,420.71471798911216,575.288769121044,3.8363756615922284e-12,unvalidated-engineering-priors,fixed independent scenario factor; no N cycle,2007-08-12,2007-09-26,2007-09-26,physiological_maturity,R6_physiological_maturity,2007-06-16,seed_layer_available_water,50.0
23,ag_075_044,fallow,2007,2007-10-06,2007-10-11,601375.5459775862,rain_98_available,1.0,1.0147438445073931e-13,0.0,0.0,0.0,1.0,1.84,0.0,0.0,15.360547149748566,0.0,0.0,0.0,0.0,0.0,1.6257634820119122,0.0,0.0,15.360547149748566,0.0,0.0,575.288769121044,560.1424584892833,2.0694557179012918e-13,unvalidated-engineering-priors,fixed independent scenario factor; no N cycle,,,,right_censored,BBCH89_full_ripeness,,,
23,ag_075_044,wheat,2008,2007-10-12,2008-06-10,601375.5459775862,rain_98_available,1.0,9.992007221626409e-13,5.073275133327115e-12,0.0,0.0,0.04267140235271844,222.59,300.0,0.0,230.64018514722778,251.51336124544278,48.987874691779425,0.0,0.0,0.0,38.47117386711978,300.0,0.0,531.14142108445,8847.105715855261,19697.444267970186,560.1424584892833,513.1198635377142,-6.857847623109592e-13,unvalidated-engineering-priors,fixed independent scenario factor; no N cycle,2008-04-24,2008-06-02,2008-06-02,full_ripeness,BBCH89_full_ripeness,2007-10-12,seed_layer_available_water,50.0
23,ag_075_044,fallow,2008,2008-06-11,2008-06-14,601375.5459775862,rain_98_available,1.0,1.6564527527407336e-13,0.0,0.0,0.0,1.0,2.49,0.0,0.0,6.986813508236041,0.0,0.0,0.0,0.0,0.0,0.4519079077938847,0.0,0.0,6.986813508236041,0.0,0.0,513.1198635377142,508.1711421216845,-2.41140440948584e-13,unvalidated-engineering-priors,fixed independent scenario factor; no N cycle,,,,right_censored,BBCH89_full_ripeness,,,
23,ag_075_044,maize,2008,2008-06-15,2008-10-05,601375.5459775862,rain_98_available,1.0,1.162625551387464e-12,3.808509063674137e-12,0.0,0.0,0.03354275471250856,406.68,80.0,0.0,18.584886805946947,193.75031423335824,91.76225294529979,0.0,0.0,0.0,103.85928572590248,80.0,0.0,304.09745398460495,9022.88686348576,16971.188056614246,508.1711421216845,586.8944024111809,-3.8045122607854864e-12,unvalidated-engineering-priors,fixed independent scenario factor; no N cycle,2008-08-11,2008-09-24,2008-09-24,physiological_maturity,R6_physiological_maturity,2008-06-16,seed_layer_available_water,50.0
23,ag_075_044,fallow,2008,2008-10-06,2008-10-11,601375.5459775862,rain_98_available,1.0,2.078337502098293e-13,0.0,0.0,0.0,1.0,1.07,0.0,0.0,16.58818142305027,0.0,0.0,0.0,0.0,0.0,1.5984944268957495,0.0,0.0,16.58818142305027,0.0,0.0,586.8944024111809,569.777726561235,-1.5409895581797173e-13,unvalidated-engineering-priors,fixed independent scenario factor; no N cycle,,,,right_censored,BBCH89_full_ripeness,,,
23,ag_075_044,wheat,2009,2008-10-12,2009-06-10,601375.5459775862,rain_98_available,1.0,5.950795411990839e-13,4.1673331452329876e-12,0.0,0.0,0.04267140235271844,273.08,300.0,0.0,253.4499970237429,252.45005105656838,34.454849737213976,0.0,0.0,0.0,36.96591015048913,300.0,0.0,540.3548978175253,7896.2859041483425,18216.763579520342,569.777726561235,565.5369185932184,2.228384143876383e-12,unvalidated-engineering-priors,fixed independent scenario factor; no N cycle,2009-04-22,2009-05-29,2009-05-29,full_ripeness,BBCH89_full_ripeness,2008-10-12,seed_layer_available_water,50.0
23,ag_075_044,fallow,2009,2009-06-11,2009-06-14,601375.5459775862,rain_98_available,1.0,1.5898393712632242e-13,0.0,0.0,0.0,1.0,6.72,0.0,0.0,24.3850386107093,0.0,0.0,0.0,0.0,0.0,0.31030677834780274,0.0,0.0,24.3850386107093,0.0,0.0,565.5369185932184,547.561573204161,2.353672812205332e-13,unvalidated-engineering-priors,fixed independent scenario factor; no N cycle,,,,right_censored,BBCH89_full_ripeness,,,
23,ag_075_044,maize,2009,2009-06-15,2009-10-05,601375.5459775862,rain_98_available,1.0,9.183764859699295e-13,6.87805368215777e-12,0.0,0.0,0.03354275471250856,380.83,80.0,0.0,16.03109575268903,230.95390304721698,100.58237223265475,0.0,0.0,0.0,67.53601490165937,80.0,0.0,347.56737103256074,9557.767304825027,19707.914924908713,547.561573204161,593.2881872699389,1.976308006135241e-12,unvalidated-engineering-priors,fixed independent scenario factor; no N cycle,2009-08-10,2009-09-29,2009-09-29,physiological_maturity,R6_physiological_maturity,2009-06-15,seed_layer_available_water,50.0
23,ag_075_044,fallow,2009,2009-10-06,2009-10-11,601375.5459775862,rain_98_available,1.0,1.4344081478157023e-13,0.0,0.0,0.0,1.0,2.47,0.0,0.0,15.465050399999997,0.0,0.0,0.0,0.0,0.0,2.1170090218520046,0.0,0.0,15.465050399999997,0.0,0.0,593.2881872699389,578.1761278480869,-6.661338147750939e-15,unvalidated-engineering-priors,fixed independent scenario factor; no N cycle,,,,right_censored,BBCH89_full_ripeness,,,
23,ag_075_044,wheat,2010,2009-10-12,2010-06-10,601375.5459775862,rain_98_available,1.0,4.831690603168681e-13,5.115907697472721e-12,0.0,0.0,0.04267140235271844,170.49,300.0,0.0,235.64363455264117,278.7479410957517,38.01393730296943,0.0,0.0,0.0,45.883516214889106,300.0,0.0,552.4055129513623,8772.480280814696,20011.958025718843,578.1761278480869,450.377098681836,-4.905520434306254e-13,unvalidated-engineering-priors,fixed independent scenario factor; no N cycle,2010-05-04,2010-06-10,2010-06-10,full_ripeness,BBCH89_full_ripeness,2009-10-12,seed_layer_available_water,50.0
23,ag_075_044,fallow,2010,2010-06-11,2010-06-14,601375.5459775862,rain_98_available,1.0,1.1102230246251565e-13,0.0,0.0,0.0,1.0,0.0,0.0,0.0,9.19442458813606,0.0,0.0,0.0,0.0,0.0,0.03130918271479679,0.0,0.0,9.19442458813606,0.0,0.0,450.377098681836,441.15136491098514,9.103828801926284e-15,unvalidated-engineering-priors,fixed independent scenario factor; no N cycle,,,,right_censored,BBCH89_full_ripeness,,,
23,ag_075_044,maize,2010,2010-06-15,2010-10-05,601375.5459775862,rain_98_available,1.0,9.192646643896296e-13,4.149569576838985e-12,0.0,0.0,0.03354275471250856,551.36,80.0,0.0,19.795877070494175,211.38211678111645,97.94842458767282,0.0,0.0,0.0,123.48801247618285,80.0,0.0,329.12641843928344,8586.536450832413,17557.309046372866,441.15136491098514,619.8969339955182,6.017408793468348e-13,unvalidated-engineering-priors,fixed independent scenario factor; no N cycle,2010-08-10,2010-09-26,2010-09-26,physiological_maturity,R6_physiological_maturity,2010-06-16,seed_layer_available_water,50.0
23,ag_075_044,fallow,2010,2010-10-06,2010-10-11,601375.5459775862,rain_98_available,1.0,1.7497114868092467e-13,0.0,0.0,0.0,1.0,0.18,0.0,0.0,19.567614258289556,0.0,0.0,0.0,0.0,0.0,5.18105941998315,0.0,0.0,19.567614258289556,0.0,0.0,619.8969339955182,595.3282603172456,-1.0125233984581428e-13,unvalidated-engineering-priors,fixed independent scenario factor; no N cycle,,,,right_censored,BBCH89_full_ripeness,,,
23,ag_075_044,wheat,2011,2010-10-12,2011-06-10,601375.5459775862,rain_98_available,0.75,3.099742684753437e-13,3.268496584496461e-12,0.0,0.0,0.04267140235271844,108.71,225.0,0.0,185.97795062509118,296.86873728327055,23.166418175668227,0.0,0.0,0.0,47.015634492608534,225.0,0.0,506.01310608402997,8108.70040751105,18558.341152908688,595.3282603172456,376.0095197406073,-1.454392162258955e-13,unvalidated-engineering-priors,fixed independent scenario factor; no N cycle,2011-04-25,2011-06-02,2011-06-02,full_ripeness,BBCH89_full_ripeness,2010-10-12,seed_layer_available_water,50.0
23,ag_075_044,fallow,2011,2011-06-11,2011-06-14,601375.5459775862,rain_98_available,0.75,5.812017533912694e-14,0.0,0.0,0.0,1.0,1.57,0.0,0.0,2.9423086015908737,0.0,0.0,0.0,0.0,0.0,0.0027925760323261168,0.0,0.0,2.9423086015908737,0.0,0.0,376.0095197406073,374.6344185629841,7.605027718682322e-15,unvalidated-engineering-priors,fixed independent scenario factor; no N cycle,,,,right_censored,BBCH89_full_ripeness,,,
23,ag_075_044,maize,2011,2011-06-15,2011-10-05,601375.5459775862,rain_98_available,0.75,8.93507490218326e-13,2.9558577807620168e-12,0.0,0.0,0.03354275471250856,494.21,60.0,0.0,19.231644251979578,195.03052098487984,85.32889368578347,0.0,0.0,0.0,6.40772972908769,60.0,0.0,299.5910589226429,9140.294064926122,17140.992278649504,374.6344185629841,622.8456299112511,2.4186763702971348e-12,unvalidated-engineering-priors,fixed independent scenario factor; no N cycle,2011-08-11,2011-10-04,2011-10-04,physiological_maturity,R6_physiological_maturity,2011-06-16,seed_layer_available_water,50.0
23,ag_075_044,fallow,2011,2011-10-06,2011-10-11,601375.5459775862,rain_98_available,0.75,1.687538997430238e-13,0.0,0.0,0.0,1.0,11.709999999999999,0.0,0.0,16.6122346,0.0,0.0,0.0,0.0,0.0,2.9536085563821683,0.0,0.0,16.6122346,0.0,0.0,622.8456299112511,614.9897867548689,3.907985046680551e-14,unvalidated-engineering-priors,fixed independent scenario factor; no N cycle,,,,right_censored,BBCH89_full_ripeness,,,
23,ag_075_044,wheat,2012,2011-10-12,2012-06-10,601375.5459775862,rain_98_available,0.75,8.44213587924969e-13,4.661160346586257e-12,0.0,0.0,0.04267140235271844,190.03,225.0,0.0,258.31978592658936,252.37042975290098,27.643220564258616,0.0,0.0,0.0,73.54156333595391,225.0,0.0,538.3334362437489,8515.026033253658,19124.559790597923,614.9897867548689,418.14478717516937,-3.371414258879213e-12,unvalidated-engineering-priors,fixed independent scenario factor; no N cycle,2012-04-28,2012-06-04,2012-06-04,full_ripeness,BBCH89_full_ripeness,2011-10-12,seed_layer_available_water,50.0
23,ag_075_044,fallow,2012,2012-06-11,2012-06-14,601375.5459775862,rain_98_available,0.75,4.5630166312093934e-14,0.0,0.0,0.0,1.0,0.0,0.0,0.0,3.0087692150147127,0.0,0.0,0.0,0.0,0.0,0.020223387701083215,0.0,0.0,3.0087692150147127,0.0,0.0,418.14478717516937,415.1157945724536,-6.772360450213455e-15,unvalidated-engineering-priors,fixed independent scenario factor; no N cycle,,,,right_censored,BBCH89_full_ripeness,,,
23,ag_075_044,maize,2012,2012-06-15,2012-10-05,601375.5459775862,rain_98_available,0.75,1.0813572259849025e-12,4.007461029686965e-12,0.0,0.0,0.03354275471250856,418.76,60.0,0.0,22.02277180316572,205.1233592864092,74.85938424929941,0.0,0.0,0.0,32.274483938316926,60.0,0.0,302.0055153388743,8817.373603524144,16546.25420114159,415.1157945724536,559.5957952952652,-2.9254931810385187e-12,unvalidated-engineering-priors,fixed independent scenario factor; no N cycle,2012-08-10,2012-09-26,2012-09-26,physiological_maturity,R6_physiological_maturity,2012-06-16,seed_layer_available_water,50.0
23,ag_075_044,fallow,2012,2012-10-06,2012-10-11,601375.5459775862,rain_98_available,0.75,2.26929586233382e-13,0.0,0.0,0.0,1.0,0.01,0.0,0.0,17.88763860470633,0.0,0.0,0.0,0.0,0.0,1.0947731908918388,0.0,0.0,17.88763860470633,0.0,0.0,559.5957952952652,540.6233834996676,-5.453415496958769e-13,unvalidated-engineering-priors,fixed independent scenario factor; no N cycle,,,,right_censored,BBCH89_full_ripeness,,,
23,ag_075_044,wheat,2013,2012-10-12,2013-06-10,601375.5459775862,rain_98_available,1.0,5.169198402654729e-13,3.325340003357269e-12,0.0,0.0,0.04267140235271844,192.56,300.0,0.0,238.1050226580212,268.2014017558968,36.8785950625625,0.0,0.0,0.0,25.25537217952212,300.0,0.0,543.1850194764805,8077.779624906713,18571.749149128485,540.6233834996676,464.7429918436663,-1.2894130207996568e-12,unvalidated-engineering-priors,fixed independent scenario factor; no N cycle,2013-04-29,2013-06-08,2013-06-08,full_ripeness,BBCH89_full_ripeness,2012-10-12,seed_layer_available_water,50.0
23,ag_075_044,fallow,2013,2013-06-11,2013-06-14,601375.5459775862,rain_98_available,1.0,1.4654943925052066e-13,0.0,0.0,0.0,1.0,0.0,0.0,0.0,11.400098632055524,0.0,0.0,0.0,0.0,0.0,0.028723752412350548,0.0,0.0,11.400098632055524,0.0,0.0,464.7429918436663,453.31416945919864,-2.2359891715950653e-13,unvalidated-engineering-priors,fixed independent scenario factor; no N cycle,,,,right_censored,BBCH89_full_ripeness,,,
23,ag_075_044,maize,2013,2013-06-15,2013-10-05,601375.5459775862,rain_98_available,1.0,1.0045297926808416e-12,3.979039320256561e-12,0.0,0.0,0.03354275471250856,252.91,80.0,0.0,21.747509475528474,298.77733073188193,53.91338977237696,0.0,0.0,0.0,21.442610836156494,80.0,0.0,374.43822997978737,9086.262330327223,17929.388246953462,453.31416945919864,390.343328643254,7.945866187242245e-13,unvalidated-engineering-priors,fixed independent scenario factor; no N cycle,2013-08-10,2013-09-21,2013-09-21,physiological_maturity,R6_physiological_maturity,2013-06-16,seed_layer_available_water,50.0
23,ag_075_044,fallow,2013,2013-10-06,2013-10-11,601375.5459775862,rain_98_available,1.0,5.850875339774575e-14,0.0,0.0,0.0,1.0,0.0,0.0,0.0,6.631395528141667,0.0,0.0,0.0,0.0,0.0,0.037660530143135244,0.0,0.0,6.631395528141667,0.0,0.0,390.343328643254,383.6742725849691,6.405986852087153e-14,unvalidated-engineering-priors,fixed independent scenario factor; no N cycle,,,,right_censored,BBCH89_full_ripeness,,,
23,ag_075_044,wheat,2014,2013-10-12,2014-06-10,601375.5459775862,rain_98_available,1.0,3.2462921240039577e-13,2.2239987629291136e-12,0.0,0.0,0.04267140235271844,163.85,300.0,0.0,251.15513817494974,168.5511201393197,25.56502575555045,0.0,0.0,0.0,1.0697623978301203,300.0,0.0,445.27128406981984,5536.596162202794,12548.787918492233,383.6742725849691,401.18322611732054,-1.4144241333724494e-12,unvalidated-engineering-priors,fixed independent scenario factor; no N cycle,2014-04-17,2014-05-27,2014-05-27,full_ripeness,BBCH89_full_ripeness,2013-10-13,seed_layer_available_water,50.0
23,ag_075_044,fallow,2014,2014-06-11,2014-06-14,601375.5459775862,rain_98_available,1.0,8.903988657493755e-14,0.0,0.0,0.0,1.0,0.53,0.0,0.0,2.5172374898592262,0.0,0.0,0.0,0.0,0.0,0.006670026833189151,0.0,0.0,2.5172374898592262,0.0,0.0,401.18322611732054,399.18931860062804,8.698597397938101e-14,unvalidated-engineering-priors,fixed independent scenario factor; no N cycle,,,,right_censored,BBCH89_full_ripeness,,,
23,ag_075_044,maize,2014,2014-06-15,2014-10-05,601375.5459775862,rain_98_available,1.0,6.639133687258436e-13,3.858247055177344e-12,0.0,0.0,0.03354275471250856,365.33,80.0,0.0,17.3792051195213,224.60117628579522,86.02505426123726,0.0,0.0,0.0,0.6024285128269181,80.0,0.0,328.00543566655375,8994.32468145475,18477.273461466,399.18931860062804,515.911454421245,2.3299695506295848e-12,unvalidated-engineering-priors,fixed independent scenario factor; no N cycle,2014-08-12,2014-09-28,2014-09-28,physiological_maturity,R6_physiological_maturity,2014-06-16,seed_layer_available_water,50.0
23,ag_075_044,fallow,2014,2014-10-06,2014-10-11,601375.5459775862,rain_98_available,1.0,7.505107646466058e-14,0.0,0.0,0.0,1.0,0.03,0.0,0.0,18.35103726326348,0.0,0.0,0.0,0.0,0.0,0.06335977982881072,0.0,0.0,18.35103726326348,0.0,0.0,515.911454421245,497.52705737815285,-1.1146639167236572e-13,unvalidated-engineering-priors,fixed independent scenario factor; no N cycle,,,,right_censored,BBCH89_full_ripeness,,,
23,ag_075_044,wheat,2015,2014-10-12,2015-06-10,601375.5459775862,rain_98_available,1.0,4.840572387365683e-13,3.495870259939693e-12,0.0,0.0,0.04267140235271844,182.41,300.0,0.0,235.70848203239598,209.96121327914756,49.925336019378406,0.0,0.0,0.0,9.593108189891058,300.0,0.0,495.5950313309219,7208.946274285926,16125.861240569124,497.52705737815285,474.74891785734,-1.5970558209232877e-13,unvalidated-engineering-priors,fixed independent scenario factor; no N cycle,2015-04-23,2015-05-29,2015-05-29,full_ripeness,BBCH89_full_ripeness,2014-10-12,seed_layer_available_water,50.0
23,ag_075_044,fallow,2015,2015-06-11,2015-06-14,601375.5459775862,rain_98_available,1.0,4.3298697960381105e-14,0.0,0.0,0.0,1.0,0.0,0.0,0.0,3.3747000806654603,0.0,0.0,0.0,0.0,0.0,0.17371702510561077,0.0,0.0,3.3747000806654603,0.0,0.0,474.74891785734,471.20050075156894,8.548717289613705e-15,unvalidated-engineering-priors,fixed independent scenario factor; no N cycle,,,,right_censored,BBCH89_full_ripeness,,,
23,ag_075_044,maize,2015,2015-06-15,2015-10-05,601375.5459775862,rain_98_available,1.0,8.641976023682219e-13,3.637978807091713e-12,0.0,0.0,0.03354275471250856,348.90000000000003,80.0,0.0,19.103139863969247,219.67252839891032,77.65893586772556,0.0,0.0,0.0,36.49271588935158,80.0,0.0,316.4346041306051,9426.96650428547,17718.51571281659,471.20050075156894,547.1731807316135,-1.2041478925084448e-12,unvalidated-engineering-priors,fixed independent scenario factor; no N cycle,2015-08-12,2015-09-27,2015-09-27,physiological_maturity,R6_physiological_maturity,2015-06-16,seed_layer_available_water,50.0
23,ag_075_044,fallow,2015,2015-10-06,2015-10-11,601375.5459775862,rain_98_available,1.0,1.0835776720341528e-13,0.0,0.0,0.0,1.0,12.94,0.0,0.0,18.34224843436266,0.0,0.0,0.0,0.0,0.0,0.9281790929105904,0.0,0.0,18.34224843436266,0.0,0.0,547.1731807316135,540.84275320434,1.5054624213917123e-13,unvalidated-engineering-priors,fixed independent scenario factor; no N cycle,,,,right_censored,BBCH89_full_ripeness,,,
23,ag_075_044,wheat,2016,2015-10-12,2016-06-10,601375.5459775862,rain_98_available,1.0,7.407408020299044e-13,3.524291969370097e-12,0.0,0.0,0.04267140235271844,248.93,300.0,0.0,289.5810088284302,247.94889793327425,33.47420461442053,0.0,0.0,0.0,30.571470702844305,300.0,0.0,571.004111376125,7776.499369520509,17949.34016356584,540.84275320434,488.1971711253709,-1.4377388168895777e-13,unvalidated-engineering-priors,fixed independent scenario factor; no N cycle,2016-04-21,2016-05-29,2016-05-29,full_ripeness,BBCH89_full_ripeness,2015-10-12,seed_layer_available_water,50.0
23,ag_075_044,fallow,2016,2016-06-11,2016-06-14,601375.5459775862,rain_98_available,1.0,5.773159728050814e-14,0.0,0.0,0.0,1.0,10.25,0.0,0.0,16.763825507250985,0.0,0.0,0.0,0.0,0.0,0.04998514032315839,0.0,0.0,16.763825507250985,0.0,0.0,488.1971711253709,481.63336047779666,1.1501910535116622e-13,unvalidated-engineering-priors,fixed independent scenario factor; no N cycle,,,,right_censored,BBCH89_full_ripeness,,,
23,ag_075_044,maize,2016,2016-06-15,2016-10-05,601375.5459775862,rain_98_available,1.0,1.1226575225009583e-12,2.0463630789890885e-12,0.0,0.0,0.03354275471250856,413.79,80.0,0.0,21.16376812382609,225.6069411714992,83.75372207104698,0.0,0.0,0.0,75.36125114959496,80.0,0.0,330.52443136637226,8889.53271824817,16891.856467889476,481.63336047779666,569.5376779618292,2.3314683517128287e-13,unvalidated-engineering-priors,fixed independent scenario factor; no N cycle,2016-08-09,2016-09-21,2016-09-21,physiological_maturity,R6_physiological_maturity,2016-06-15,seed_layer_available_water,50.0
23,ag_075_044,fallow,2016,2016-10-06,2016-10-11,601375.5459775862,rain_98_available,1.0,1.3145040611561853e-13,0.0,0.0,0.0,1.0,1.41,0.0,0.0,15.042044840912103,0.0,0.0,0.0,0.0,0.0,1.1153515678675172,0.0,0.0,15.042044840912103,0.0,0.0,569.5376779618292,554.7902815530493,2.566835632933362e-13,unvalidated-engineering-priors,fixed independent scenario factor; no N cycle,,,,right_censored,BBCH89_full_ripeness,,,
23,ag_075_044,wheat,2017,2016-10-12,2017-06-10,601375.5459775862,rain_98_available,1.0,1.0551559626037488e-12,3.907985046680551e-12,0.0,0.0,0.04267140235271844,244.75,300.0,0.0,292.2718580254305,235.43463598933843,38.86516414250189,0.0,0.0,0.0,52.77012109397828,300.0,0.0,566.5716581572708,7904.013079009359,17598.46936502789,554.7902815530493,480.1985023017988,1.4483969579259792e-12,unvalidated-engineering-priors,fixed independent scenario factor; no N cycle,2017-04-19,2017-05-29,2017-05-29,full_ripeness,BBCH89_full_ripeness,2016-10-12,seed_layer_available_water,50.0
23,ag_075_044,fallow,2017,2017-06-11,2017-06-14,601375.5459775862,rain_98_available,1.0,7.30526750203353e-14,0.0,0.0,0.0,1.0,1.92,0.0,0.0,6.543850389404556,0.0,0.0,0.0,0.0,0.0,0.1452511999428321,0.0,0.0,6.543850389404556,0.0,0.0,480.1985023017988,475.42940071245147,-7.238654120556021e-14,unvalidated-engineering-priors,fixed independent scenario factor; no N cycle,,,,right_censored,BBCH89_full_ripeness,,,
23,ag_075_044,maize,2017,2017-06-15,2017-10-05,601375.5459775862,rain_98_available,1.0,9.183764859699295e-13,4.234834705130197e-12,0.0,0.0,0.03354275471250856,444.59000000000003,80.0,0.0,17.7480451404721,217.15138391874578,103.35133823990128,0.0,0.0,0.0,40.95532846738928,80.0,0.0,338.25076729911916,8786.694445803925,18434.199664116182,475.42940071245147,620.8133049459441,-1.0649259252204502e-12,unvalidated-engineering-priors,fixed independent scenario factor; no N cycle,2017-08-11,2017-09-24,2017-09-24,physiological_maturity,R6_physiological_maturity,2017-06-16,seed_layer_available_water,50.0
23,ag_075_044,fallow,2017,2017-10-06,2017-10-11,601375.5459775862,rain_98_available,1.0,1.6919798895287386e-13,0.0,0.0,0.0,1.0,14.01,0.0,0.0,8.516992299999998,0.0,0.0,0.0,0.0,0.0,2.384956333362959,0.0,0.0,8.516992299999998,0.0,0.0,620.8133049459441,623.9213563125811,1.554312234475219e-14,unvalidated-engineering-priors,fixed independent scenario factor; no N cycle,,,,right_censored,BBCH89_full_ripeness,,,
23,ag_075_044,wheat,2018,2017-10-12,2018-06-10,601375.5459775862,rain_98_available,1.0,8.446576771348191e-13,4.433786671143025e-12,0.0,0.0,0.04267140235271844,244.27,300.0,0.0,251.05658120204396,254.29330078737286,50.04921078009034,0.0,0.0,0.0,78.36410564215817,300.0,0.0,555.3990927695072,7641.769915224287,17919.588597546688,623.9213563125811,534.4281579009119,3.906430734446076e-12,unvalidated-engineering-priors,fixed independent scenario factor; no N cycle,2018-04-19,2018-05-27,2018-05-27,full_ripeness,BBCH89_full_ripeness,2017-10-12,seed_layer_available_water,50.0
23,ag_075_044,fallow,2018,2018-06-11,2018-06-14,601375.5459775862,rain_98_available,1.0,1.7008616737257398e-13,0.0,0.0,0.0,1.0,3.96,0.0,0.0,12.451833605464182,0.0,0.0,0.0,0.0,0.0,0.6478729526476359,0.0,0.0,12.451833605464182,0.0,0.0,534.4281579009119,525.2884513427997,3.339550858072471e-13,unvalidated-engineering-priors,fixed independent scenario factor; no N cycle,,,,right_censored,BBCH89_full_ripeness,,,
23,ag_075_044,maize,2018,2018-06-15,2018-10-05,601375.5459775862,rain_98_available,1.0,7.780442956573097e-13,2.8705926524708048e-12,0.0,0.0,0.03354275471250856,453.75,80.0,0.0,19.17704730733657,246.53429977784,79.01368782643783,0.0,0.0,0.0,112.2885481887112,80.0,0.0,344.7250349116144,8170.469111427024,16593.40556219019,525.2884513427997,602.0248682424769,-2.8378410732443626e-12,unvalidated-engineering-priors,fixed independent scenario factor; no N cycle,2018-08-10,2018-09-22,2018-09-22,physiological_maturity,R6_physiological_maturity,2018-06-16,seed_layer_available_water,50.0
23,ag_075_044,fallow,2018,2018-10-06,2018-10-11,601375.5459775862,rain_98_available,1.0,1.474376176702208e-13,0.0,0.0,0.0,1.0,0.18,0.0,0.0,20.31622203552834,0.0,0.0,0.0,0.0,0.0,2.6629974578572173,0.0,0.0,20.31622203552834,0.0,0.0,602.0248682424769,579.2256487490919,-4.924949337237194e-13,unvalidated-engineering-priors,fixed independent scenario factor; no N cycle,,,,right_censored,BBCH89_full_ripeness,,,
23,ag_075_044,wheat,2019,2018-10-12,2019-06-10,601375.5459775862,rain_98_available,1.0,7.149836278586008e-13,3.240074875066057e-12,0.0,0.0,0.04267140235271844,110.49,300.0,0.0,228.29155618682827,268.34914827901133,31.025232179631832,0.0,0.0,0.0,43.48494463094218,300.0,0.0,527.6659366454714,8519.464047111791,18660.788950429396,579.2256487490919,418.56476747268124,-3.0020430585864233e-12,unvalidated-engineering-priors,fixed independent scenario factor; no N cycle,2019-04-21,2019-05-31,2019-05-31,full_ripeness,BBCH89_full_ripeness,2018-10-12,seed_layer_available_water,50.0
23,ag_075_044,fallow,2019,2019-06-11,2019-06-14,601375.5459775862,rain_98_available,1.0,1.099120794378905e-13,0.0,0.0,0.0,1.0,0.01,0.0,0.0,3.50367234974948,0.0,0.0,0.0,0.0,0.0,0.015981195989149585,0.0,0.0,3.50367234974948,0.0,0.0,418.56476747268124,415.05511392694274,-1.2778667013435552e-13,unvalidated-engineering-priors,fixed independent scenario factor; no N cycle,,,,right_censored,BBCH89_full_ripeness,,,
23,ag_075_044,maize,2019,2019-06-15,2019-10-05,601375.5459775862,rain_98_available,1.0,4.636291350834654e-13,4.291678123991005e-12,0.0,0.0,0.03354275471250856,260.46,80.0,0.0,20.38683899797305,247.58277991790015,79.70865003897838,0.0,0.0,0.0,0.5662159094435838,80.0,0.0,347.6782689548516,8925.91031570027,18167.288997635733,415.05511392694274,407.2706290626475,4.796163466380676e-14,unvalidated-engineering-priors,fixed independent scenario factor; no N cycle,2019-08-11,2019-09-24,2019-09-24,physiological_maturity,R6_physiological_maturity,2019-06-16,seed_layer_available_water,50.0
23,ag_075_044,fallow,2019,2019-10-06,2019-10-11,601375.5459775862,rain_98_available,1.0,1.6431300764452317e-13,0.0,0.0,0.0,1.0,21.72,0.0,0.0,11.690174449999997,0.0,0.0,0.0,0.0,0.0,0.0015944800685399685,0.0,0.0,11.690174449999997,0.0,0.0,407.2706290626475,417.2988601325791,-1.0391687510491465e-13,unvalidated-engineering-priors,fixed independent scenario factor; no N cycle,,,,right_censored,BBCH89_full_ripeness,,,
23,ag_075_044,wheat,2020,2019-10-12,2020-06-10,601375.5459775862,rain_98_available,1.0,1.9628743075372768e-13,2.8137492336099967e-12,0.0,0.0,0.04267140235271844,159.19,300.0,0.0,230.13211002714957,225.0426490993833,36.96659079107146,0.0,0.0,0.0,0.5847761594552828,300.0,0.0,492.1413499176044,6788.670437862352,15935.742135483066,417.2988601325791,383.7627340555193,1.9223511671384585e-13,unvalidated-engineering-priors,fixed independent scenario factor; no N cycle,2020-04-17,2020-05-28,2020-05-28,full_ripeness,BBCH89_full_ripeness,2019-10-12,seed_layer_available_water,50.0
23,ag_075_044,fallow,2020,2020-06-11,2020-06-14,601375.5459775862,rain_98_available,1.0,8.881784197001252e-14,0.0,0.0,0.0,1.0,22.19,0.0,0.0,14.893620739528654,0.0,0.0,0.0,0.0,0.0,0.0030464792988968157,0.0,0.0,14.893620739528654,0.0,0.0,383.7627340555193,391.05606683669157,1.5409895581797173e-13,unvalidated-engineering-priors,fixed independent scenario factor; no N cycle,,,,right_censored,BBCH89_full_ripeness,,,
23,ag_075_044,maize,2020,2020-06-15,2020-10-05,601375.5459775862,rain_98_available,1.0,9.71667191151937e-13,3.581135388230905e-12,0.0,0.0,0.03354275471250856,380.78,80.0,0.0,17.99302140146837,228.3228837546525,70.55116178452259,0.0,0.0,0.0,25.116021910422546,80.0,0.0,316.8670669406435,9053.406639438812,16767.209148483664,391.05606683669157,509.8529779856219,3.6335934261444436e-12,unvalidated-engineering-priors,fixed independent scenario factor; no N cycle,2020-08-12,2020-09-23,2020-09-23,physiological_maturity,R6_physiological_maturity,2020-06-16,seed_layer_available_water,50.0
23,ag_075_044,fallow,2020,2020-10-06,2020-10-11,601375.5459775862,rain_98_available,1.0,1.4077627952246985e-13,0.0,0.0,0.0,1.0,1.23,0.0,0.0,10.296338827251782,0.0,0.0,0.0,0.0,0.0,0.5091791474147483,0.0,0.0,10.296338827251782,0.0,0.0,509.8529779856219,500.27746001095556,-1.7497114868092467e-13,unvalidated-engineering-priors,fixed independent scenario factor; no N cycle,,,,right_censored,BBCH89_full_ripeness,,,
23,ag_075_044,wheat,2021,2020-10-12,2021-06-10,601375.5459775862,rain_98_available,1.0,4.725109192804666e-13,3.211653165635653e-12,0.0,0.0,0.04267140235271844,177.97,300.0,0.0,225.52730852055984,258.7471234774252,40.62093308122421,0.0,0.0,0.0,16.11767805304624,300.0,0.0,524.8953650792092,7936.1004968562975,18214.254885744507,500.27746001095556,437.23441687869735,2.742750471185218e-12,unvalidated-engineering-priors,fixed independent scenario factor; no N cycle,2021-04-16,2021-05-26,2021-05-26,full_ripeness,BBCH89_full_ripeness,2020-10-12,seed_layer_available_water,50.0
23,ag_075_044,fallow,2021,2021-06-11,2021-06-14,601375.5459775862,rain_98_available,1.0,8.881784197001252e-14,0.0,0.0,0.0,1.0,31.15,0.0,0.0,5.722530539762944,0.0,0.0,0.0,0.0,0.0,0.03974656869691158,0.0,0.0,5.722530539762944,0.0,0.0,437.23441687869735,462.62213977023737,1.2367884494324244e-13,unvalidated-engineering-priors,fixed independent scenario factor; no N cycle,,,,right_censored,BBCH89_full_ripeness,,,
23,ag_075_044,maize,2021,2021-06-15,2021-10-05,601375.5459775862,rain_98_available,1.0,1.2239098623467726e-12,5.115907697472721e-12,0.0,0.0,0.03354275471250856,840.06,80.0,0.0,17.475221312388896,210.36891442725567,93.67355711520328,0.0,0.0,0.0,329.98520927821056,80.0,0.0,321.51769285484784,8556.847326397328,17338.086743307336,462.62213977023737,731.1792376371816,-2.6515456497122614e-12,unvalidated-engineering-priors,fixed independent scenario factor; no N cycle,2021-08-09,2021-09-23,2021-09-23,physiological_maturity,R6_physiological_maturity,2021-06-15,seed_layer_available_water,50.0
23,ag_075_044,fallow,2021,2021-10-06,2021-10-11,601375.5459775862,rain_98_available,1.0,1.3944401189291966e-13,0.0,0.0,0.0,1.0,20.35,0.0,0.0,10.546109099999999,0.0,0.0,0.0,0.0,0.0,29.56651036932265,0.0,0.0,10.546109099999999,0.0,0.0,731.1792376371816,711.4166181678592,-2.1715962361668062e-13,unvalidated-engineering-priors,fixed independent scenario factor; no N cycle,,,,right_censored,BBCH89_full_ripeness,,,
23,ag_075_044,wheat,2022,2021-10-12,2022-06-10,601375.5459775862,rain_98_available,0.75,7.176481631177012e-13,4.504840944719035e-12,0.0,0.0,0.04267140235271844,108.95,225.0,0.0,210.3194147269881,290.1457585834859,39.68665569117395,0.0,0.0,0.0,135.37290356450367,225.0,0.0,540.1518290016479,9067.412419405666,20275.342812695624,711.4166181678592,369.84188560170674,8.354983371816616e-13,unvalidated-engineering-priors,fixed independent scenario factor; no N cycle,2022-04-18,2022-05-30,2022-05-30,full_ripeness,BBCH89_full_ripeness,2021-10-12,seed_layer_available_water,50.0
23,ag_075_044,fallow,2022,2022-06-11,2022-06-14,601375.5459775862,rain_98_available,0.75,4.0190073491430667e-14,0.0,0.0,0.0,1.0,0.78,0.0,0.0,2.2761181260343695,0.0,0.0,0.0,0.0,0.0,0.003844382976834868,0.0,0.0,2.2761181260343695,0.0,0.0,369.84188560170674,368.3419230926956,-6.361577931102147e-14,unvalidated-engineering-priors,fixed independent scenario factor; no N cycle,,,,right_censored,BBCH89_full_ripeness,,,
23,ag_075_044,maize,2022,2022-06-15,2022-10-05,601375.5459775862,rain_98_available,0.75,8.815170815523743e-13,3.637978807091713e-12,0.0,0.0,0.03354275471250856,409.42,60.0,0.0,22.229235424503607,245.79585192634366,66.54618605447422,0.0,0.0,0.0,12.676991397942917,60.0,0.0,334.5712734053215,8952.21384935735,16905.35682933319,368.3419230926956,490.5136582894308,4.022338018216942e-13,unvalidated-engineering-priors,fixed independent scenario factor; no N cycle,2022-08-12,2022-09-25,2022-09-25,physiological_maturity,R6_physiological_maturity,2022-06-16,seed_layer_available_water,50.0
23,ag_075_044,fallow,2022,2022-10-06,2022-10-11,601375.5459775862,rain_98_available,0.75,8.704148513061227e-14,0.0,0.0,0.0,1.0,0.32,0.0,0.0,15.995292021080678,0.0,0.0,0.0,0.0,0.0,0.08814027628418195,0.0,0.0,15.995292021080678,0.0,0.0,490.5136582894308,474.75022599206585,8.415490526658687e-14,unvalidated-engineering-priors,fixed independent scenario factor; no N cycle,,,,right_censored,BBCH89_full_ripeness,,,
23,ag_075_044,wheat,2023,2022-10-12,2023-06-10,601375.5459775862,rain_98_available,1.0,6.377121053446899e-13,2.7284841053187847e-12,0.0,0.0,0.04267140235271844,251.04999999999998,300.0,0.0,285.24707410994444,206.47148208130986,29.42458465712784,0.0,0.0,0.0,6.823984630108216,300.0,0.0,521.1431408483821,6225.117476003323,14217.23184255697,474.75022599206585,497.83310051357245,3.052780250811793e-12,unvalidated-engineering-priors,fixed independent scenario factor; no N cycle,2023-04-15,2023-05-26,2023-05-26,full_ripeness,BBCH89_full_ripeness,2022-10-12,seed_layer_available_water,50.0
23,ag_075_044,fallow,2023,2023-06-11,2023-06-14,601375.5459775862,rain_98_available,1.0,2.8677060726067793e-13,0.0,0.0,0.0,1.0,2.07,0.0,0.0,5.658439593610975,0.0,0.0,0.0,0.0,0.0,0.2891335690978284,0.0,0.0,5.658439593610975,0.0,0.0,497.83310051357245,493.95552735086403,-3.878009025015672e-13,unvalidated-engineering-priors,fixed independent scenario factor; no N cycle,,,,right_censored,BBCH89_full_ripeness,,,
23,ag_075_044,maize,2023,2023-06-15,2023-10-05,601375.5459775862,rain_98_available,1.0,1.0009770790020411e-12,4.177991286269389e-12,0.0,0.0,0.03354275471250856,472.86,80.0,0.0,17.88479759050927,246.84896625609022,94.81965541333606,0.0,0.0,0.0,51.58726576789563,80.0,0.0,359.55341925993554,9551.966838397328,19648.124054498683,493.95552735086403,635.674842323031,1.7822410214307638e-12,unvalidated-engineering-priors,fixed independent scenario factor; no N cycle,2023-08-11,2023-09-22,2023-09-22,physiological_maturity,R6_physiological_maturity,2023-06-16,seed_layer_available_water,50.0
23,ag_075_044,fallow,2023,2023-10-06,2023-10-11,601375.5459775862,rain_98_available,1.0,1.0302869668521453e-13,0.0,0.0,0.0,1.0,0.25,0.0,0.0,16.344304199999996,0.0,0.0,0.0,0.0,0.0,4.4650714712398525,0.0,0.0,16.344304199999996,0.0,0.0,635.674842323031,615.1154666517912,2.7533531010703882e-14,unvalidated-engineering-priors,fixed independent scenario factor; no N cycle,,,,right_censored,BBCH89_full_ripeness,,,
23,ag_075_044,wheat,2024,2023-10-12,2024-06-10,601375.5459775862,rain_98_available,0.75,6.745715097622451e-13,3.609557097661309e-12,0.0,0.0,0.04267140235271844,160.54,225.0,0.0,246.15683729875408,285.10045544809105,31.76391871739102,0.0,0.0,0.0,58.70617545442303,225.0,0.0,563.0212114642361,8680.716774673288,19338.341351467177,615.1154666517912,378.92807973313086,1.1599610161283636e-12,unvalidated-engineering-priors,fixed independent scenario factor; no N cycle,2024-04-19,2024-05-29,2024-05-29,full_ripeness,BBCH89_full_ripeness,2023-10-12,seed_layer_available_water,50.0
23,ag_075_044,fallow,2024,2024-06-11,2024-06-14,601375.5459775862,rain_98_available,0.75,8.282263763703668e-14,0.0,0.0,0.0,1.0,4.9399999999999995,0.0,0.0,5.2687629199058055,0.0,0.0,0.0,0.0,0.0,0.0060127432878812745,0.0,0.0,5.2687629199058055,0.0,0.0,378.92807973313086,378.5933040699372,-5.10702591327572e-15,unvalidated-engineering-priors,fixed independent scenario factor; no N cycle,,,,right_censored,BBCH89_full_ripeness,,,
23,ag_075_044,maize,2024,2024-06-15,2024-10-05,601375.5459775862,rain_98_available,0.75,9.463541061904834e-13,2.7284841053187847e-12,0.0,0.0,0.03354275471250856,531.34,60.0,0.0,20.591171531445468,206.7728570485819,100.60190459317175,0.0,0.0,0.0,54.713686187941946,60.0,0.0,327.9659331731991,8162.974368874116,15989.648853529128,378.5933040699372,587.2536847087962,-7.738254481637341e-14,unvalidated-engineering-priors,fixed independent scenario factor; no N cycle,2024-08-09,2024-09-19,2024-09-19,physiological_maturity,R6_physiological_maturity,2024-06-16,seed_layer_available_water,50.0
23,ag_075_044,fallow,2024,2024-10-06,2024-10-11,601375.5459775862,rain_98_available,0.75,1.2390088954816747e-13,0.0,0.0,0.0,1.0,2.91,0.0,0.0,16.710887,0.0,0.0,0.0,0.0,0.0,1.2245570197156948,0.0,0.0,16.710887,0.0,0.0,587.2536847087962,572.2282406890804,9.85878045867139e-14,unvalidated-engineering-priors,fixed independent scenario factor; no N cycle,,,,right_censored,BBCH89_full_ripeness,,,
23,ag_075_044,wheat,2025,2024-10-12,2025-06-10,601375.5459775862,rain_98_available,0.75,6.226130722097878e-13,4.945377440890297e-12,0.0,0.0,0.04267140235271844,184.34,225.0,0.0,239.18049913026027,314.9251878391367,33.73365091023529,0.0,0.0,0.0,42.179500862311215,225.0,0.0,587.8393378796322,9006.579979181455,20338.989643964254,572.2282406890804,351.5494019471393,-2.382760655450511e-12,unvalidated-engineering-priors,fixed independent scenario factor; no N cycle,2025-04-17,2025-05-27,2025-05-27,full_ripeness,BBCH89_full_ripeness,2024-10-12,seed_layer_available_water,50.0
23,ag_075_044,fallow,2025,2025-06-11,2025-06-14,601375.5459775862,rain_98_available,0.75,1.300626273348371e-13,0.0,0.0,0.0,1.0,1.4700000000000002,0.0,0.0,1.827415259033897,0.0,0.0,0.0,0.0,0.0,0.0021776232379496444,0.0,0.0,1.827415259033897,0.0,0.0,351.5494019471393,351.18980906486746,-5.9396931817445875e-15,unvalidated-engineering-priors,fixed independent scenario factor; no N cycle,,,,right_censored,BBCH89_full_ripeness,,,
23,ag_075_044,maize,2025,2025-06-15,2025-10-05,601375.5459775862,rain_98_available,0.75,3.8458125573015423e-13,4.078515303262975e-12,0.0,0.0,0.03354275471250856,629.51,60.0,0.0,18.24970222109584,211.97313222697454,96.06633520885421,0.0,0.0,0.0,9.305649915946749,60.0,0.0,326.2891696569246,8514.679491619876,17501.855392259342,351.18980906486746,705.1049894919975,-1.3509193763638905e-12,unvalidated-engineering-priors,fixed independent scenario factor; no N cycle,2025-08-10,2025-09-24,2025-09-24,physiological_maturity,R6_physiological_maturity,2025-06-16,seed_layer_available_water,50.0
