representative_id,source_zone_id,crop,harvest_year,start_date,end_date,represented_area_ha,policy,quota_fraction,maximum_daily_residual_mm,maximum_carbon_residual_kg_ha,maximum_grain_ceiling_excess_kg_ha,storage_continuity_error_mm,root_extraction_fraction_day,precipitation_mm,irrigation_field_mm,capillary_rise_mm,soil_evaporation_mm,transpiration_mm,canopy_evaporation_mm,application_evaporation_mm,runoff_mm,off_field_drift_mm,bottom_drainage_mm,pump_input_mm,conveyance_loss_mm,et_mm,yield_kg_ha,biomass_kg_ha,initial_storage_mm,final_storage_mm,balance_residual_mm,parameter_version,nutrient_process,anthesis_date,maturity_date,season_end_date,season_end_reason,maturity_definition,germination_start_date,germination_water_response,sowing_depth_mm
12,ag_046_048,fallow,1996,1996-01-01,1996-10-11,266946.3095325965,adaptive_95,1.0,2.4513724383723456e-13,0.0,0.0,0.0,1.0,831.0699999999999,0.0,0.0,445.5901234762376,0.0,0.0,0.0,0.0,0.0,283.08770258802235,0.0,0.0,445.5901234762376,0.0,0.0,381.49245737517947,483.884631310919,5.146855164284148e-13,unvalidated-engineering-priors,fixed independent scenario factor; no N cycle,,,,right_censored,BBCH89_full_ripeness,,,
12,ag_046_048,wheat,1997,1996-10-12,1997-06-10,266946.3095325965,adaptive_95,1.0,5.364597654988756e-13,6.210143510543276e-12,0.0,0.0,0.04267140235271844,100.66,300.0,0.0,185.6759642371982,272.927942488179,23.584860036604343,0.0,0.0,0.0,59.77866244107508,300.0,0.0,482.1887667619815,9082.222066728029,20021.584439352482,483.884631310919,342.57720210786357,-1.1273759703556152e-12,unvalidated-engineering-priors,fixed independent scenario factor; no N cycle,1997-05-02,1997-06-08,1997-06-08,full_ripeness,BBCH89_full_ripeness,1996-10-12,seed_layer_available_water,50.0
12,ag_046_048,fallow,1997,1997-06-11,1997-06-14,266946.3095325965,adaptive_95,1.0,6.650235917504688e-14,0.0,0.0,0.0,1.0,1.8800000000000001,0.0,0.0,5.402119909226333,0.0,0.0,0.0,0.0,0.0,0.016603390297802056,0.0,0.0,5.402119909226333,0.0,0.0,342.57720210786357,339.0384788083393,1.5765166949677223e-13,unvalidated-engineering-priors,fixed independent scenario factor; no N cycle,,,,right_censored,BBCH89_full_ripeness,,,
12,ag_046_048,maize,1997,1997-06-15,1997-10-05,266946.3095325965,adaptive_95,1.0,2.611244553918368e-13,4.661160346586257e-12,0.0,0.0,0.03354275471250856,190.58,80.0,0.0,21.76675846228189,230.04354289263082,66.57870295148375,0.0,0.0,0.0,0.613035759741995,80.0,0.0,318.38900430639643,10332.98925898662,20437.25518941345,339.0384788083393,290.61643874220016,6.613598557692058e-13,unvalidated-engineering-priors,fixed independent scenario factor; no N cycle,1997-08-13,1997-10-01,1997-10-01,physiological_maturity,R6_physiological_maturity,1997-06-16,seed_layer_available_water,50.0
12,ag_046_048,fallow,1997,1997-10-06,1997-10-11,266946.3095325965,adaptive_95,1.0,6.350475700855895e-14,0.0,0.0,0.0,1.0,0.0,0.0,0.0,15.810270009413562,0.0,0.0,0.0,0.0,0.0,0.00046482430022264044,0.0,0.0,15.810270009413562,0.0,0.0,290.61643874220016,274.8057039084864,-3.352873534367973e-14,unvalidated-engineering-priors,fixed independent scenario factor; no N cycle,,,,right_censored,BBCH89_full_ripeness,,,
12,ag_046_048,wheat,1998,1997-10-12,1998-06-10,266946.3095325965,adaptive_95,1.0,2.042810365310288e-13,2.9558577807620168e-12,0.0,0.0,0.04267140235271844,191.31,300.0,0.0,224.20278447275987,174.959062543421,53.00587037160909,0.0,0.0,0.0,0.04210967317097511,300.0,0.0,452.16771738779,6797.075566297423,14935.368767833334,274.8057039084864,313.90587684752467,7.982781102811032e-13,unvalidated-engineering-priors,fixed independent scenario factor; no N cycle,1998-05-02,1998-06-08,1998-06-08,full_ripeness,BBCH89_full_ripeness,1997-10-13,seed_layer_available_water,50.0
12,ag_046_048,fallow,1998,1998-06-11,1998-06-14,266946.3095325965,adaptive_95,1.0,4.241051954068098e-14,0.0,0.0,0.0,1.0,0.99,0.0,0.0,4.65301216706695,0.0,0.0,0.0,0.0,0.0,0.001323853855181483,0.0,0.0,4.65301216706695,0.0,0.0,313.90587684752467,310.2415408266026,-6.661338147750939e-14,unvalidated-engineering-priors,fixed independent scenario factor; no N cycle,,,,right_censored,BBCH89_full_ripeness,,,
12,ag_046_048,maize,1998,1998-06-15,1998-10-05,266946.3095325965,adaptive_95,1.0,8.979483823168266e-13,2.3590018827235326e-12,0.0,0.0,0.03354275471250856,481.19,80.0,0.0,20.515304171651877,238.0133398271159,76.88448012864541,0.0,0.0,0.0,74.96155773641166,80.0,0.0,335.4131241274132,9766.572965547544,18677.906077633736,310.2415408266026,461.0568589627762,1.5445422718585178e-12,unvalidated-engineering-priors,fixed independent scenario factor; no N cycle,1998-08-12,1998-09-26,1998-09-26,physiological_maturity,R6_physiological_maturity,1998-06-16,seed_layer_available_water,50.0
12,ag_046_048,fallow,1998,1998-10-06,1998-10-11,266946.3095325965,adaptive_95,1.0,8.393286066166183e-14,0.0,0.0,0.0,1.0,8.09,0.0,0.0,12.098324328521668,0.0,0.0,0.0,0.0,0.0,1.8014455564456096,0.0,0.0,12.098324328521668,0.0,0.0,461.0568589627762,455.24708907780894,-3.952393967665557e-14,unvalidated-engineering-priors,fixed independent scenario factor; no N cycle,,,,right_censored,BBCH89_full_ripeness,,,
12,ag_046_048,wheat,1999,1998-10-12,1999-06-10,266946.3095325965,adaptive_95,1.0,6.084022174945858e-13,2.6005864128819667e-12,0.0,0.0,0.04267140235271844,91.78999999999999,300.0,0.0,188.38121331118808,242.88001836113912,38.01761075330361,0.0,0.0,0.0,35.94515372908222,300.0,0.0,469.2788424256308,7855.999936302504,17673.18345017344,455.24708907780894,341.8130929230992,-3.2817082384895002e-12,unvalidated-engineering-priors,fixed independent scenario factor; no N cycle,1999-04-30,1999-06-07,1999-06-07,full_ripeness,BBCH89_full_ripeness,1998-10-12,seed_layer_available_water,50.0
12,ag_046_048,fallow,1999,1999-06-11,1999-06-14,266946.3095325965,adaptive_95,1.0,9.980904991380157e-14,0.0,0.0,0.0,1.0,7.71,0.0,0.0,5.251527677163287,0.0,0.0,0.0,0.0,0.0,0.014695105394127586,0.0,0.0,5.251527677163287,0.0,0.0,341.8130929230992,344.2568701405417,6.88338275267597e-14,unvalidated-engineering-priors,fixed independent scenario factor; no N cycle,,,,right_censored,BBCH89_full_ripeness,,,
12,ag_046_048,maize,1999,1999-06-15,1999-10-05,266946.3095325965,adaptive_95,1.0,6.403766406037903e-13,2.8421709430404007e-12,0.0,0.0,0.03354275471250856,285.82,80.0,0.0,18.268290536251858,215.92928394208033,100.3884898162439,0.0,0.0,0.0,1.538855650907615,80.0,0.0,334.5860642945761,10051.056042604856,19476.393737436556,344.2568701405417,373.9519501950594,-1.4073187060148484e-12,unvalidated-engineering-priors,fixed independent scenario factor; no N cycle,1999-08-12,1999-09-28,1999-09-28,physiological_maturity,R6_physiological_maturity,1999-06-15,seed_layer_available_water,50.0
12,ag_046_048,fallow,1999,1999-10-06,1999-10-11,266946.3095325965,adaptive_95,1.0,1.1057821325266559e-13,0.0,0.0,0.0,1.0,0.16,0.0,0.0,16.061385501882384,0.0,0.0,0.0,0.0,0.0,0.010318593371038342,0.0,0.0,16.061385501882384,0.0,0.0,373.9519501950594,358.04024609980587,1.0258460747536446e-13,unvalidated-engineering-priors,fixed independent scenario factor; no N cycle,,,,right_censored,BBCH89_full_ripeness,,,
12,ag_046_048,wheat,2000,1999-10-12,2000-06-10,266946.3095325965,adaptive_95,1.0,5.790923296444817e-13,2.3874235921539366e-12,0.0,0.0,0.04267140235271844,118.11,300.0,0.0,207.69040523621237,251.6988400544743,30.853238497261447,0.0,0.0,0.0,1.9721314037040973,300.0,0.0,490.2424837879481,7520.89525091503,16945.608512515668,358.04024609980587,283.9356309081556,-1.9265977702076498e-12,unvalidated-engineering-priors,fixed independent scenario factor; no N cycle,2000-04-30,2000-06-07,2000-06-07,full_ripeness,BBCH89_full_ripeness,1999-10-12,seed_layer_available_water,50.0
12,ag_046_048,fallow,2000,2000-06-11,2000-06-14,266946.3095325965,adaptive_95,1.0,4.696243394164412e-14,0.0,0.0,0.0,1.0,1.11,0.0,0.0,2.9869533945458207,0.0,0.0,0.0,0.0,0.0,0.0007300755274697729,0.0,0.0,2.9869533945458207,0.0,0.0,283.9356309081556,282.05794743808235,-5.362377208939506e-14,unvalidated-engineering-priors,fixed independent scenario factor; no N cycle,,,,right_censored,BBCH89_full_ripeness,,,
12,ag_046_048,maize,2000,2000-06-15,2000-10-05,266946.3095325965,adaptive_95,1.0,9.352518759442319e-13,3.126388037344441e-12,0.0,0.0,0.03354275471250856,545.71,80.0,0.0,19.40615315272261,200.2689416772541,82.62238950242352,0.0,0.0,0.0,95.10925504501888,80.0,0.0,302.29748433240024,9452.171907855649,18120.58932161899,282.05794743808235,510.36120806065804,5.201505892671321e-12,unvalidated-engineering-priors,fixed independent scenario factor; no N cycle,2000-08-12,2000-09-28,2000-09-28,physiological_maturity,R6_physiological_maturity,2000-06-16,seed_layer_available_water,50.0
12,ag_046_048,fallow,2000,2000-10-06,2000-10-11,266946.3095325965,adaptive_95,1.0,1.2612133559741778e-13,0.0,0.0,0.0,1.0,53.4,0.0,0.0,13.2342224,0.0,0.0,0.0,0.0,0.0,2.7952494469740365,0.0,0.0,13.2342224,0.0,0.0,510.36120806065804,547.7317362136839,8.970602038971265e-14,unvalidated-engineering-priors,fixed independent scenario factor; no N cycle,,,,right_censored,BBCH89_full_ripeness,,,
12,ag_046_048,wheat,2001,2000-10-12,2001-06-10,266946.3095325965,adaptive_95,1.0,6.67021993194794e-13,4.320099833421409e-12,0.0,0.0,0.04267140235271844,115.6,300.0,0.0,232.74684748011146,287.80983177147647,17.298877125545577,0.0,0.0,0.0,118.66142911612606,300.0,0.0,537.8555563771334,8153.524123598626,19235.14341037108,547.7317362136839,306.81475072041957,4.792666263853107e-12,unvalidated-engineering-priors,fixed independent scenario factor; no N cycle,2001-05-02,,2001-06-10,cut_before_maturity,BBCH89_full_ripeness,2000-10-12,seed_layer_available_water,50.0
12,ag_046_048,fallow,2001,2001-06-11,2001-06-14,266946.3095325965,adaptive_95,1.0,7.455147610357926e-14,0.0,0.0,0.0,1.0,15.82,0.0,0.0,5.464529018431588,0.0,0.0,0.0,0.0,0.0,0.003952922158838443,0.0,0.0,5.464529018431588,0.0,0.0,306.81475072041957,317.1662687798292,-3.813616089587413e-14,unvalidated-engineering-priors,fixed independent scenario factor; no N cycle,,,,right_censored,BBCH89_full_ripeness,,,
12,ag_046_048,maize,2001,2001-06-15,2001-10-05,266946.3095325965,adaptive_95,1.0,8.775202786637237e-13,4.661160346586257e-12,0.0,0.0,0.03354275471250856,486.67,80.0,0.0,16.8482605287426,242.449418089715,78.22624658847565,0.0,0.0,0.0,107.50808990989587,80.0,0.0,337.52392520693326,10355.854052013525,19912.338246117004,317.1662687798292,438.8042536629963,3.758493516414774e-12,unvalidated-engineering-priors,fixed independent scenario factor; no N cycle,2001-08-11,2001-09-26,2001-09-26,physiological_maturity,R6_physiological_maturity,2001-06-15,seed_layer_available_water,50.0
12,ag_046_048,fallow,2001,2001-10-06,2001-10-11,266946.3095325965,adaptive_95,1.0,1.305622276959184e-13,0.0,0.0,0.0,1.0,6.28,0.0,0.0,15.552565191156805,0.0,0.0,0.0,0.0,0.0,0.6833498073178832,0.0,0.0,15.552565191156805,0.0,0.0,438.8042536629963,428.8483386645216,3.5083047578154947e-14,unvalidated-engineering-priors,fixed independent scenario factor; no N cycle,,,,right_censored,BBCH89_full_ripeness,,,
12,ag_046_048,wheat,2002,2001-10-12,2002-06-10,266946.3095325965,adaptive_95,1.0,4.911626660941693e-13,3.161915174132446e-12,0.0,0.0,0.04267140235271844,148.84,300.0,0.0,203.03962866408276,227.4931609249691,37.02589537667172,0.0,0.0,0.0,22.423528008772706,300.0,0.0,467.55868496572356,7700.5995645381345,17002.71192984516,428.8483386645216,387.706125690025,3.144706717250756e-13,unvalidated-engineering-priors,fixed independent scenario factor; no N cycle,2002-04-25,2002-06-07,2002-06-07,full_ripeness,BBCH89_full_ripeness,2001-10-12,seed_layer_available_water,50.0
12,ag_046_048,fallow,2002,2002-06-11,2002-06-14,266946.3095325965,adaptive_95,1.0,6.838973831690964e-14,0.0,0.0,0.0,1.0,1.7000000000000002,0.0,0.0,16.367258474986798,0.0,0.0,0.0,0.0,0.0,0.039133614320495086,0.0,0.0,16.367258474986798,0.0,0.0,387.706125690025,372.9997336007176,7.904787935331115e-14,unvalidated-engineering-priors,fixed independent scenario factor; no N cycle,,,,right_censored,BBCH89_full_ripeness,,,
12,ag_046_048,maize,2002,2002-06-15,2002-10-05,266946.3095325965,adaptive_95,1.0,6.021849685566849e-13,2.3021584638627246e-12,0.0,0.0,0.03354275471250856,282.34,80.0,0.0,18.68932980510644,230.95008901797902,74.01412568813755,0.0,0.0,0.0,23.158384887052513,80.0,0.0,323.653544511223,9955.578106137591,18676.15258721311,372.9997336007176,388.5278042024438,-1.7221779557985428e-12,unvalidated-engineering-priors,fixed independent scenario factor; no N cycle,2002-08-13,2002-10-01,2002-10-01,physiological_maturity,R6_physiological_maturity,2002-06-16,seed_layer_available_water,50.0
12,ag_046_048,fallow,2002,2002-10-06,2002-10-11,266946.3095325965,adaptive_95,1.0,1.1590728377086634e-13,0.0,0.0,0.0,1.0,0.51,0.0,0.0,15.003502668488393,0.0,0.0,0.0,0.0,0.0,0.07818315275016534,0.0,0.0,15.003502668488393,0.0,0.0,388.5278042024438,373.9561183812052,3.086420008457935e-14,unvalidated-engineering-priors,fixed independent scenario factor; no N cycle,,,,right_censored,BBCH89_full_ripeness,,,
12,ag_046_048,wheat,2003,2002-10-12,2003-06-10,266946.3095325965,adaptive_95,0.75,4.636291350834654e-13,3.083755473198835e-12,0.0,0.0,0.04267140235271844,193.65,225.0,0.0,214.4436840153911,193.35565412306764,46.223740969349066,0.0,0.0,0.0,3.883881056030091,225.0,0.0,454.0230791078078,7352.525195457128,16313.097687244172,373.9561183812052,334.699158217368,-6.758205106649484e-13,unvalidated-engineering-priors,fixed independent scenario factor; no N cycle,2003-05-05,,2003-06-10,cut_before_maturity,BBCH89_full_ripeness,2002-10-12,seed_layer_available_water,50.0
12,ag_046_048,fallow,2003,2003-06-11,2003-06-14,266946.3095325965,adaptive_95,0.75,7.904787935331115e-14,0.0,0.0,0.0,1.0,3.0599999999999996,0.0,0.0,9.098707446163875,0.0,0.0,0.0,0.0,0.0,0.005608004987323828,0.0,0.0,9.098707446163875,0.0,0.0,334.699158217368,328.65484276621675,4.929390229335695e-14,unvalidated-engineering-priors,fixed independent scenario factor; no N cycle,,,,right_censored,BBCH89_full_ripeness,,,
12,ag_046_048,maize,2003,2003-06-15,2003-10-05,266946.3095325965,adaptive_95,0.75,5.409006575973763e-13,3.325340003357269e-12,0.0,0.0,0.03354275471250856,402.27,60.0,0.0,19.455591531054207,176.81015976313466,89.43956978771847,0.0,0.0,0.0,6.14190017717735,60.0,0.0,285.70532108190736,8598.791934428358,16880.528521273845,328.65484276621675,499.07762150712995,2.109312724485335e-12,unvalidated-engineering-priors,fixed independent scenario factor; no N cycle,2003-08-12,2003-10-01,2003-10-01,physiological_maturity,R6_physiological_maturity,2003-06-16,seed_layer_available_water,50.0
12,ag_046_048,fallow,2003,2003-10-06,2003-10-11,266946.3095325965,adaptive_95,0.75,8.615330671091215e-14,0.0,0.0,0.0,1.0,67.13,0.0,0.0,11.772914499999999,0.0,0.0,0.0,0.0,0.0,1.4647782184396925,0.0,0.0,11.772914499999999,0.0,0.0,499.07762150712995,552.9699287886903,3.552713678800501e-15,unvalidated-engineering-priors,fixed independent scenario factor; no N cycle,,,,right_censored,BBCH89_full_ripeness,,,
12,ag_046_048,wheat,2004,2003-10-12,2004-06-10,266946.3095325965,adaptive_95,0.75,3.632649736573512e-13,3.694822225952521e-12,0.0,0.0,0.04267140235271844,152.57,225.0,0.0,222.90970721203774,252.0170776346892,39.829443971716216,0.0,0.0,0.0,100.35617947792632,225.0,0.0,514.7562288184432,8322.799565524185,18362.099299364323,552.9699287886903,315.4275204923188,1.941002913952161e-12,unvalidated-engineering-priors,fixed independent scenario factor; no N cycle,2004-04-26,2004-06-03,2004-06-03,full_ripeness,BBCH89_full_ripeness,2003-10-12,seed_layer_available_water,50.0
12,ag_046_048,fallow,2004,2004-06-11,2004-06-14,266946.3095325965,adaptive_95,0.75,2.964295475749168e-14,0.0,0.0,0.0,1.0,0.3,0.0,0.0,2.7639340242828614,0.0,0.0,0.0,0.0,0.0,0.004912785194321577,0.0,0.0,2.7639340242828614,0.0,0.0,315.4275204923188,312.95867368284166,-2.6256774532384952e-14,unvalidated-engineering-priors,fixed independent scenario factor; no N cycle,,,,right_censored,BBCH89_full_ripeness,,,
12,ag_046_048,maize,2004,2004-06-15,2004-10-05,266946.3095325965,adaptive_95,0.75,7.567280135845067e-13,4.263256414560601e-12,0.0,0.0,0.03354275471250856,581.24,60.0,0.0,15.829193543059183,211.45365771247435,93.93657162826818,0.0,0.0,0.0,160.9968344114492,60.0,0.0,321.2194228838017,10516.403535545543,19499.244246565417,312.95867368284166,471.982416387591,-2.76667577736589e-13,unvalidated-engineering-priors,fixed independent scenario factor; no N cycle,2004-08-13,2004-10-03,2004-10-03,physiological_maturity,R6_physiological_maturity,2004-06-16,seed_layer_available_water,50.0
12,ag_046_048,fallow,2004,2004-10-06,2004-10-11,266946.3095325965,adaptive_95,0.75,1.0880185641326534e-13,0.0,0.0,0.0,1.0,0.01,0.0,0.0,17.408795628789342,0.0,0.0,0.0,0.0,0.0,1.041023971195118,0.0,0.0,17.408795628789342,0.0,0.0,471.982416387591,453.5425967876065,4.263256414560601e-14,unvalidated-engineering-priors,fixed independent scenario factor; no N cycle,,,,right_censored,BBCH89_full_ripeness,,,
12,ag_046_048,wheat,2005,2004-10-12,2005-06-10,266946.3095325965,adaptive_95,0.5,1.8474111129762605e-13,3.325340003357269e-12,0.0,0.0,0.04267140235271844,134.46,150.0,0.0,197.30487373926064,228.6800798333556,30.04660034563393,0.0,0.0,0.0,23.434763821253387,150.0,0.0,456.03155391825015,6787.120378889948,15264.847206522187,453.5425967876065,258.5362790481026,3.680389326632394e-13,unvalidated-engineering-priors,fixed independent scenario factor; no N cycle,2005-05-03,,2005-06-10,cut_before_maturity,BBCH89_full_ripeness,2004-10-12,seed_layer_available_water,50.0
12,ag_046_048,fallow,2005,2005-06-11,2005-06-14,266946.3095325965,adaptive_95,0.5,5.873079800267078e-14,0.0,0.0,0.0,1.0,2.13,0.0,0.0,4.236575798579889,0.0,0.0,0.0,0.0,0.0,0.0012750850456073267,0.0,0.0,4.236575798579889,0.0,0.0,258.5362790481026,256.42842816447705,3.5416114485542494e-14,unvalidated-engineering-priors,fixed independent scenario factor; no N cycle,,,,right_censored,BBCH89_full_ripeness,,,
12,ag_046_048,maize,2005,2005-06-15,2005-10-05,266946.3095325965,adaptive_95,0.5,5.497824417943775e-13,3.637978807091713e-12,0.0,0.0,0.03354275471250856,410.16,40.0,0.0,20.263217160851053,228.85395614572002,75.89666187881978,0.0,0.0,0.0,0.9978704108681593,40.0,0.0,325.01383518539086,10264.686118534855,19423.189558789272,256.42842816447705,380.57672256821513,2.9097835252400728e-12,unvalidated-engineering-priors,fixed independent scenario factor; no N cycle,2005-08-12,2005-09-29,2005-09-29,physiological_maturity,R6_physiological_maturity,2005-06-16,seed_layer_available_water,50.0
12,ag_046_048,fallow,2005,2005-10-06,2005-10-11,266946.3095325965,adaptive_95,0.5,1.212363542890671e-13,0.0,0.0,0.0,1.0,5.24,0.0,0.0,17.60788186173291,0.0,0.0,0.0,0.0,0.0,0.024039513552906726,0.0,0.0,17.60788186173291,0.0,0.0,380.57672256821513,368.18480119292946,-1.3988810110276972e-13,unvalidated-engineering-priors,fixed independent scenario factor; no N cycle,,,,right_censored,BBCH89_full_ripeness,,,
12,ag_046_048,wheat,2006,2005-10-12,2006-06-10,266946.3095325965,adaptive_95,0.75,1.509903313490213e-13,4.547473508864641e-12,0.0,0.0,0.04267140235271844,97.5,225.0,0.0,177.81246816223296,225.67408276280904,33.44508019021593,0.0,0.0,0.0,2.050438224237981,225.0,0.0,436.9316311152579,7082.461647016564,15760.626083322859,368.18480119292946,251.7027318534332,3.4178215813085444e-13,unvalidated-engineering-priors,fixed independent scenario factor; no N cycle,2006-05-02,,2006-06-10,cut_before_maturity,BBCH89_full_ripeness,2005-10-12,seed_layer_available_water,50.0
12,ag_046_048,fallow,2006,2006-06-11,2006-06-14,266946.3095325965,adaptive_95,0.75,5.939693181744587e-14,0.0,0.0,0.0,1.0,12.29,0.0,0.0,10.902109343446462,0.0,0.0,0.0,0.0,0.0,0.0005473023033247517,0.0,0.0,10.902109343446462,0.0,0.0,251.7027318534332,253.0900752076834,-6.772360450213455e-15,unvalidated-engineering-priors,fixed independent scenario factor; no N cycle,,,,right_censored,BBCH89_full_ripeness,,,
12,ag_046_048,maize,2006,2006-06-15,2006-10-05,266946.3095325965,adaptive_95,0.75,6.039613253960852e-13,5.002220859751105e-12,0.0,0.0,0.03354275471250856,407.64,60.0,0.0,20.04884938637217,209.4769253055627,79.72270686517102,0.0,0.0,0.0,2.618990983884025,60.0,0.0,309.2484815571059,9476.679579492135,17823.79995148931,253.0900752076834,408.86260266669245,1.0717537968218949e-12,unvalidated-engineering-priors,fixed independent scenario factor; no N cycle,2006-08-11,2006-09-27,2006-09-27,physiological_maturity,R6_physiological_maturity,2006-06-16,seed_layer_available_water,50.0
12,ag_046_048,fallow,2006,2006-10-06,2006-10-11,266946.3095325965,adaptive_95,0.75,7.882583474838611e-14,0.0,0.0,0.0,1.0,0.02,0.0,0.0,12.950879095257843,0.0,0.0,0.0,0.0,0.0,0.22263195544618558,0.0,0.0,12.950879095257843,0.0,0.0,408.86260266669245,395.70909161598837,5.46229728115577e-14,unvalidated-engineering-priors,fixed independent scenario factor; no N cycle,,,,right_censored,BBCH89_full_ripeness,,,
12,ag_046_048,wheat,2007,2006-10-12,2007-06-10,266946.3095325965,adaptive_95,0.75,3.455014052633487e-13,4.135358722123783e-12,0.0,0.0,0.04267140235271844,136.82999999999998,225.0,0.0,174.1752110569547,285.7454584074268,27.763930526006966,0.0,0.0,0.0,7.752418189097374,225.0,0.0,487.68459999038845,9008.67651897655,20167.33738041336,395.70909161598837,262.10207343650234,1.9143020502099262e-13,unvalidated-engineering-priors,fixed independent scenario factor; no N cycle,2007-05-01,,2007-06-10,cut_before_maturity,BBCH89_full_ripeness,2006-10-13,seed_layer_available_water,50.0
12,ag_046_048,fallow,2007,2007-06-11,2007-06-14,266946.3095325965,adaptive_95,0.75,1.3378187446733136e-14,0.0,0.0,0.0,1.0,0.2,0.0,0.0,2.3137735108562616,0.0,0.0,0.0,0.0,0.0,0.0006204813630961577,0.0,0.0,2.3137735108562616,0.0,0.0,262.10207343650234,259.987679444283,-2.3869795029440866e-14,unvalidated-engineering-priors,fixed independent scenario factor; no N cycle,,,,right_censored,BBCH89_full_ripeness,,,
12,ag_046_048,maize,2007,2007-06-15,2007-10-05,266946.3095325965,adaptive_95,0.75,3.2429614549300823e-13,3.637978807091713e-12,1.4210854715202004e-14,0.0,0.03354275471250856,366.45,60.0,0.0,17.851709997780738,199.3986895230911,80.28336687341934,0.0,0.0,0.0,0.0380289180956702,60.0,0.0,297.53376639429115,9665.264226408384,19080.660255258397,259.987679444283,388.86588413189816,-1.971534047129353e-12,unvalidated-engineering-priors,fixed independent scenario factor; no N cycle,2007-08-11,2007-09-25,2007-09-25,physiological_maturity,R6_physiological_maturity,2007-06-16,seed_layer_available_water,50.0
12,ag_046_048,fallow,2007,2007-10-06,2007-10-11,266946.3095325965,adaptive_95,0.75,7.682743330406083e-14,0.0,0.0,0.0,1.0,12.370000000000001,0.0,0.0,10.174303539999999,0.0,0.0,0.0,0.0,0.0,0.0025995226428576963,0.0,0.0,10.174303539999999,0.0,0.0,388.86588413189816,391.05898106925537,-6.639133687258436e-14,unvalidated-engineering-priors,fixed independent scenario factor; no N cycle,,,,right_censored,BBCH89_full_ripeness,,,
12,ag_046_048,wheat,2008,2007-10-12,2008-06-10,266946.3095325965,adaptive_95,0.75,4.334310688136611e-13,4.092726157978177e-12,0.0,0.0,0.04267140235271844,188.29,225.0,0.0,209.0231379857859,214.78893385631017,42.01540314267141,0.0,0.0,0.0,3.5502724440741082,225.0,0.0,465.8274749847675,7008.351609304927,16497.26164415888,391.05898106925537,334.9712336404155,-1.7078283232052627e-12,unvalidated-engineering-priors,fixed independent scenario factor; no N cycle,2008-04-29,2008-06-07,2008-06-07,full_ripeness,BBCH89_full_ripeness,2007-10-12,seed_layer_available_water,50.0
12,ag_046_048,fallow,2008,2008-06-11,2008-06-14,266946.3095325965,adaptive_95,0.75,7.682743330406083e-14,0.0,0.0,0.0,1.0,12.620000000000001,0.0,0.0,12.766527989158586,0.0,0.0,0.0,0.0,0.0,0.0023890210520996252,0.0,0.0,12.766527989158586,0.0,0.0,334.9712336404155,334.82231663020497,-1.4788170688007085e-13,unvalidated-engineering-priors,fixed independent scenario factor; no N cycle,,,,right_censored,BBCH89_full_ripeness,,,
12,ag_046_048,maize,2008,2008-06-15,2008-10-05,266946.3095325965,adaptive_95,0.75,6.346034808757395e-13,3.637978807091713e-12,0.0,0.0,0.03354275471250856,395.69,60.0,0.0,16.22663187587355,220.4062117741534,84.21705896273646,0.0,0.0,0.0,17.408964719874586,60.0,0.0,320.8499026127634,9903.861598956515,18945.44045814777,334.82231663020497,452.2534492975676,-6.509792704889605e-13,unvalidated-engineering-priors,fixed independent scenario factor; no N cycle,2008-08-11,2008-09-26,2008-09-26,physiological_maturity,R6_physiological_maturity,2008-06-15,seed_layer_available_water,50.0
12,ag_046_048,fallow,2008,2008-10-06,2008-10-11,266946.3095325965,adaptive_95,0.75,7.194245199571014e-14,0.0,0.0,0.0,1.0,1.9000000000000001,0.0,0.0,16.225879900392545,0.0,0.0,0.0,0.0,0.0,0.5173513648602346,0.0,0.0,16.225879900392545,0.0,0.0,452.2534492975676,437.41021803231484,-1.199040866595169e-14,unvalidated-engineering-priors,fixed independent scenario factor; no N cycle,,,,right_censored,BBCH89_full_ripeness,,,
12,ag_046_048,wheat,2009,2008-10-12,2009-06-10,266946.3095325965,adaptive_95,0.75,3.907985046680551e-13,3.083755473198835e-12,0.0,0.0,0.04267140235271844,124.48,225.0,0.0,187.0849887589725,247.5381978369734,31.22392705146521,0.0,0.0,0.0,17.159490843244125,225.0,0.0,465.8471136474111,7546.928795792049,16692.958822813678,437.41021803231484,303.88361354165966,-5.5067062021407764e-14,unvalidated-engineering-priors,fixed independent scenario factor; no N cycle,2009-04-29,2009-06-07,2009-06-07,full_ripeness,BBCH89_full_ripeness,2008-10-12,seed_layer_available_water,50.0
12,ag_046_048,fallow,2009,2009-06-11,2009-06-14,266946.3095325965,adaptive_95,0.75,8.748557434046234e-14,0.0,0.0,0.0,1.0,0.25,0.0,0.0,2.740567007021925,0.0,0.0,0.0,0.0,0.0,0.0025244778869387683,0.0,0.0,2.740567007021925,0.0,0.0,303.88361354165966,301.39052205675074,5.262457136723242e-14,unvalidated-engineering-priors,fixed independent scenario factor; no N cycle,,,,right_censored,BBCH89_full_ripeness,,,
12,ag_046_048,maize,2009,2009-06-15,2009-10-05,266946.3095325965,adaptive_95,0.75,6.603606550470431e-13,4.092726157978177e-12,0.0,0.0,0.03354275471250856,384.82,60.0,0.0,19.16553544240936,245.8888151599777,75.40986258919956,0.0,0.0,0.0,1.3226548212701685,60.0,0.0,340.4642131915866,10392.31842967377,20470.070154250046,301.39052205675074,404.42365404389125,2.7077229347582943e-12,unvalidated-engineering-priors,fixed independent scenario factor; no N cycle,2009-08-13,2009-10-02,2009-10-02,physiological_maturity,R6_physiological_maturity,2009-06-16,seed_layer_available_water,50.0
12,ag_046_048,fallow,2009,2009-10-06,2009-10-11,266946.3095325965,adaptive_95,0.75,4.796163466380676e-14,0.0,0.0,0.0,1.0,0.21000000000000002,0.0,0.0,12.296054484328483,0.0,0.0,0.0,0.0,0.0,0.10985893177235902,0.0,0.0,12.296054484328483,0.0,0.0,404.42365404389125,392.22774062779035,5.218048215738236e-14,unvalidated-engineering-priors,fixed independent scenario factor; no N cycle,,,,right_censored,BBCH89_full_ripeness,,,
12,ag_046_048,wheat,2010,2009-10-12,2010-06-10,266946.3095325965,adaptive_95,0.75,2.957634137601417e-13,2.1032064978498966e-12,0.0,0.0,0.04267140235271844,86.94,225.0,0.0,178.0408250711315,230.77575784934442,31.55556313583752,0.0,0.0,0.0,5.927569521264143,225.0,0.0,440.37214605631345,6249.016004117484,15839.824159247351,392.22774062779035,257.8680250502123,4.924949337237194e-13,unvalidated-engineering-priors,fixed independent scenario factor; no N cycle,2010-05-13,,2010-06-10,cut_before_maturity,BBCH89_full_ripeness,2009-10-12,seed_layer_available_water,50.0
12,ag_046_048,fallow,2010,2010-06-11,2010-06-14,266946.3095325965,adaptive_95,0.75,6.561418075534675e-14,0.0,0.0,0.0,1.0,0.02,0.0,0.0,2.8058773620976174,0.0,0.0,0.0,0.0,0.0,0.0009907920435165596,0.0,0.0,2.8058773620976174,0.0,0.0,257.8680250502123,255.0811568960712,-5.895284260759581e-14,unvalidated-engineering-priors,fixed independent scenario factor; no N cycle,,,,right_censored,BBCH89_full_ripeness,,,
12,ag_046_048,maize,2010,2010-06-15,2010-10-05,266946.3095325965,adaptive_95,0.75,4.858335955759685e-13,3.353761712787673e-12,0.0,0.0,0.03354275471250856,462.8,60.0,0.0,19.05912095080267,209.63386603805137,85.25207942654339,0.0,0.0,0.0,2.9523884715185815,60.0,0.0,313.94506641539743,9679.81442920137,18718.862387301742,255.0811568960712,460.98370200915457,6.313838341043265e-13,unvalidated-engineering-priors,fixed independent scenario factor; no N cycle,2010-08-12,2010-09-30,2010-09-30,physiological_maturity,R6_physiological_maturity,2010-06-16,seed_layer_available_water,50.0
12,ag_046_048,fallow,2010,2010-10-06,2010-10-11,266946.3095325965,adaptive_95,0.75,8.837375276016246e-14,0.0,0.0,0.0,1.0,0.3,0.0,0.0,18.073654060087097,0.0,0.0,0.0,0.0,0.0,0.6156907864950034,0.0,0.0,18.073654060087097,0.0,0.0,460.98370200915457,442.5943571625724,6.017408793468348e-14,unvalidated-engineering-priors,fixed independent scenario factor; no N cycle,,,,right_censored,BBCH89_full_ripeness,,,
12,ag_046_048,wheat,2011,2010-10-12,2011-06-10,266946.3095325965,adaptive_95,0.75,1.8030021919912542e-13,4.263256414560601e-12,0.0,0.0,0.04267140235271844,58.72,225.0,0.0,166.83547856476912,266.6021426929254,15.82385962351894,0.0,0.0,0.0,20.88375443373744,225.0,0.0,449.26148088121346,7598.828209034579,16656.210308743655,442.5943571625724,256.1691218476221,-5.515032874825465e-13,unvalidated-engineering-priors,fixed independent scenario factor; no N cycle,2011-05-02,2011-06-10,2011-06-10,full_ripeness,BBCH89_full_ripeness,2010-10-12,seed_layer_available_water,50.0
12,ag_046_048,fallow,2011,2011-06-11,2011-06-14,266946.3095325965,adaptive_95,0.75,5.129230373768223e-14,0.0,0.0,0.0,1.0,0.23,0.0,0.0,1.5215821212309826,0.0,0.0,0.0,0.0,0.0,0.0007660194425371492,0.0,0.0,1.5215821212309826,0.0,0.0,256.1691218476221,254.87677370694857,-9.076073226310655e-15,unvalidated-engineering-priors,fixed independent scenario factor; no N cycle,,,,right_censored,BBCH89_full_ripeness,,,
12,ag_046_048,maize,2011,2011-06-15,2011-10-05,266946.3095325965,adaptive_95,0.75,6.17284001691587e-13,4.149569576838985e-12,0.0,0.0,0.03354275471250856,404.71,60.0,0.0,19.647629712305942,200.44468242917713,96.15022064066338,0.0,0.0,0.0,0.6795839893615855,60.0,0.0,316.24253278214644,10583.335479706975,19464.71088585363,254.87677370694857,402.6646569354374,3.1437075165285933e-12,unvalidated-engineering-priors,fixed independent scenario factor; no N cycle,2011-08-12,2011-10-04,2011-10-04,physiological_maturity,R6_physiological_maturity,2011-06-16,seed_layer_available_water,50.0
12,ag_046_048,fallow,2011,2011-10-06,2011-10-11,266946.3095325965,adaptive_95,0.75,1.0025313912365164e-13,0.0,0.0,0.0,1.0,4.25,0.0,0.0,14.596290165141784,0.0,0.0,0.0,0.0,0.0,0.062134545496702775,0.0,0.0,14.596290165141784,0.0,0.0,402.6646569354374,392.25623222479874,1.6708856520608606e-13,unvalidated-engineering-priors,fixed independent scenario factor; no N cycle,,,,right_censored,BBCH89_full_ripeness,,,
12,ag_046_048,wheat,2012,2011-10-12,2012-06-10,266946.3095325965,adaptive_95,0.75,5.74651437545981e-13,3.154809746774845e-12,0.0,0.0,0.04267140235271844,123.3,225.0,0.0,200.63977249098886,237.80091782842644,25.432498102065228,0.0,0.0,0.0,5.774994980491333,225.0,0.0,463.8731884214805,7361.213468403921,16907.098801210566,392.25623222479874,270.90804882282566,1.2292111772893577e-12,unvalidated-engineering-priors,fixed independent scenario factor; no N cycle,2012-05-03,,2012-06-10,cut_before_maturity,BBCH89_full_ripeness,2011-10-12,seed_layer_available_water,50.0
12,ag_046_048,fallow,2012,2012-06-11,2012-06-14,266946.3095325965,adaptive_95,0.75,5.523359547510154e-14,0.0,0.0,0.0,1.0,0.54,0.0,0.0,2.4474619212005706,0.0,0.0,0.0,0.0,0.0,0.0010475475971874486,0.0,0.0,2.4474619212005706,0.0,0.0,270.90804882282566,268.9995393540279,1.6542323066914832e-14,unvalidated-engineering-priors,fixed independent scenario factor; no N cycle,,,,right_censored,BBCH89_full_ripeness,,,
12,ag_046_048,maize,2012,2012-06-15,2012-10-05,266946.3095325965,adaptive_95,0.75,9.565681580170349e-13,2.1316282072803006e-12,0.0,0.0,0.03354275471250856,564.13,60.0,0.0,20.462459236674515,177.50638102343086,82.99608238468252,0.0,0.0,0.0,105.64840723380654,60.0,0.0,280.9649226447879,8426.836284559258,17094.616101502183,268.9995393540279,506.5162094754368,-3.3849034686284085e-12,unvalidated-engineering-priors,fixed independent scenario factor; no N cycle,2012-08-11,2012-10-01,2012-10-01,physiological_maturity,R6_physiological_maturity,2012-06-16,seed_layer_available_water,50.0
12,ag_046_048,fallow,2012,2012-10-06,2012-10-11,266946.3095325965,adaptive_95,0.75,1.1723955140041653e-13,0.0,0.0,0.0,1.0,0.73,0.0,0.0,18.111335303358462,0.0,0.0,0.0,0.0,0.0,3.2110243394093576,0.0,0.0,18.111335303358462,0.0,0.0,506.5162094754368,485.92384983266885,1.5409895581797173e-13,unvalidated-engineering-priors,fixed independent scenario factor; no N cycle,,,,right_censored,BBCH89_full_ripeness,,,
12,ag_046_048,wheat,2013,2012-10-12,2013-06-10,266946.3095325965,adaptive_95,0.5,2.9976021664879227e-13,3.410605131648481e-12,0.0,0.0,0.04267140235271844,147.31,150.0,0.0,199.48164225293218,232.22009141392064,32.59998407556701,0.0,0.0,0.0,43.50938561679182,150.0,0.0,464.30171774241984,6738.097606309291,16136.944272404042,485.92384983266885,275.4227464734565,6.774025784750393e-13,unvalidated-engineering-priors,fixed independent scenario factor; no N cycle,2013-05-08,,2013-06-10,cut_before_maturity,BBCH89_full_ripeness,2012-10-12,seed_layer_available_water,50.0
12,ag_046_048,fallow,2013,2013-06-11,2013-06-14,266946.3095325965,adaptive_95,0.5,4.085620730620576e-14,0.0,0.0,0.0,1.0,0.06,0.0,0.0,12.815598523327616,0.0,0.0,0.0,0.0,0.0,0.001661287516599016,0.0,0.0,12.815598523327616,0.0,0.0,275.4227464734565,262.6654866626123,1.6431300764452317e-14,unvalidated-engineering-priors,fixed independent scenario factor; no N cycle,,,,right_censored,BBCH89_full_ripeness,,,
12,ag_046_048,maize,2013,2013-06-15,2013-10-05,266946.3095325965,adaptive_95,0.5,6.270539643082884e-13,4.206412995699793e-12,0.0,0.0,0.03354275471250856,422.88,40.0,0.0,17.8691511243507,237.51362787642262,68.34451654198718,0.0,0.0,0.0,3.1499738452357886,40.0,0.0,323.7272955427605,9813.55116553229,18644.70187726884,262.6654866626123,398.66821727461536,6.516731598793513e-13,unvalidated-engineering-priors,fixed independent scenario factor; no N cycle,2013-08-12,2013-09-28,2013-09-28,physiological_maturity,R6_physiological_maturity,2013-06-16,seed_layer_available_water,50.0
12,ag_046_048,fallow,2013,2013-10-06,2013-10-11,266946.3095325965,adaptive_95,0.5,6.52811138479592e-14,0.0,0.0,0.0,1.0,0.69,0.0,0.0,16.615687971918554,0.0,0.0,0.0,0.0,0.0,0.04017473095999463,0.0,0.0,16.615687971918554,0.0,0.0,398.66821727461536,382.70235457173686,-5.3290705182007514e-14,unvalidated-engineering-priors,fixed independent scenario factor; no N cycle,,,,right_censored,BBCH89_full_ripeness,,,
12,ag_046_048,wheat,2014,2013-10-12,2014-06-10,266946.3095325965,adaptive_95,1.0,5.080380560684716e-13,3.751665644813329e-12,0.0,0.0,0.04267140235271844,97.85,300.0,0.0,186.85139542652968,230.97387678806518,33.99142328863374,0.0,0.0,0.0,7.232091635024705,300.0,0.0,451.8166955032286,7408.440766735164,16790.029249683183,382.70235457173686,321.50356743348095,2.6050273049804673e-12,unvalidated-engineering-priors,fixed independent scenario factor; no N cycle,2014-04-25,2014-06-06,2014-06-06,full_ripeness,BBCH89_full_ripeness,2013-10-12,seed_layer_available_water,50.0
12,ag_046_048,fallow,2014,2014-06-11,2014-06-14,266946.3095325965,adaptive_95,1.0,9.375833442959447e-14,0.0,0.0,0.0,1.0,0.72,0.0,0.0,2.408395519196197,0.0,0.0,0.0,0.0,0.0,0.006163609320652388,0.0,0.0,2.408395519196197,0.0,0.0,321.50356743348095,319.80900830496415,-4.901634653720066e-14,unvalidated-engineering-priors,fixed independent scenario factor; no N cycle,,,,right_censored,BBCH89_full_ripeness,,,
12,ag_046_048,maize,2014,2014-06-15,2014-10-05,266946.3095325965,adaptive_95,1.0,4.938272013532696e-13,4.121147867408581e-12,0.0,0.0,0.03354275471250856,264.28000000000003,80.0,0.0,17.32348387133181,241.97048258833067,73.35120872781454,0.0,0.0,0.0,2.1142142667210093,80.0,0.0,332.64517518747704,9603.03299437961,19164.94155700066,319.80900830496415,329.3296188507652,9.102441023145502e-13,unvalidated-engineering-priors,fixed independent scenario factor; no N cycle,2014-08-12,2014-09-29,2014-09-29,physiological_maturity,R6_physiological_maturity,2014-06-16,seed_layer_available_water,50.0
12,ag_046_048,fallow,2014,2014-10-06,2014-10-11,266946.3095325965,adaptive_95,1.0,6.283862319378386e-14,0.0,0.0,0.0,1.0,0.0,0.0,0.0,13.938433882094841,0.0,0.0,0.0,0.0,0.0,0.002896198422874217,0.0,0.0,13.938433882094841,0.0,0.0,329.3296188507652,315.38828877024764,-1.5565326805244695e-13,unvalidated-engineering-priors,fixed independent scenario factor; no N cycle,,,,right_censored,BBCH89_full_ripeness,,,
12,ag_046_048,wheat,2015,2014-10-12,2015-06-10,266946.3095325965,adaptive_95,0.75,1.5720758028692217e-13,2.5011104298755527e-12,0.0,0.0,0.04267140235271844,125.44,225.0,0.0,183.90632887485881,187.82668463859062,39.04471804171194,0.0,0.0,0.0,0.19799949958854055,225.0,0.0,410.7777315551614,5989.299996492015,13902.266183743845,315.38828877024764,254.85255771549677,9.856004901109827e-13,unvalidated-engineering-priors,fixed independent scenario factor; no N cycle,2015-04-30,2015-06-09,2015-06-09,full_ripeness,BBCH89_full_ripeness,2014-10-12,seed_layer_available_water,50.0
12,ag_046_048,fallow,2015,2015-06-11,2015-06-14,266946.3095325965,adaptive_95,0.75,4.2299497238218464e-14,0.0,0.0,0.0,1.0,0.06999999999999999,0.0,0.0,1.8964474185384317,0.0,0.0,0.0,0.0,0.0,0.00020245811777976004,0.0,0.0,1.8964474185384317,0.0,0.0,254.85255771549677,253.02590783884045,1.0735856648125264e-13,unvalidated-engineering-priors,fixed independent scenario factor; no N cycle,,,,right_censored,BBCH89_full_ripeness,,,
12,ag_046_048,maize,2015,2015-06-15,2015-10-05,266946.3095325965,adaptive_95,0.75,4.871658632055187e-13,3.637978807091713e-12,0.0,0.0,0.03354275471250856,378.26,60.0,0.0,20.20032535922593,192.56153768894023,85.52088415259993,0.0,0.0,0.0,0.47407826579608175,60.0,0.0,298.2827472007661,9475.373675851679,17909.424082208694,253.02590783884045,392.5290823722772,1.091571277811454e-12,unvalidated-engineering-priors,fixed independent scenario factor; no N cycle,2015-08-12,2015-09-30,2015-09-30,physiological_maturity,R6_physiological_maturity,2015-06-16,seed_layer_available_water,50.0
12,ag_046_048,fallow,2015,2015-10-06,2015-10-11,266946.3095325965,adaptive_95,0.75,8.43769498715119e-14,0.0,0.0,0.0,1.0,0.01,0.0,0.0,17.183544239926817,0.0,0.0,0.0,0.0,0.0,0.05478888047312831,0.0,0.0,17.183544239926817,0.0,0.0,392.5290823722772,375.3007492518772,8.215650382226158e-15,unvalidated-engineering-priors,fixed independent scenario factor; no N cycle,,,,right_censored,BBCH89_full_ripeness,,,
12,ag_046_048,wheat,2016,2015-10-12,2016-06-10,266946.3095325965,adaptive_95,0.75,2.391420395042587e-13,2.6716406864579767e-12,0.0,0.0,0.04267140235271844,143.35999999999999,225.0,0.0,220.70119320282365,239.73564381691398,21.39207950918239,0.0,0.0,0.0,5.1351554720801795,225.0,0.0,481.82891652892,7284.372173647554,16248.82248538253,375.3007492518772,256.6966772508764,6.085687509482796e-13,unvalidated-engineering-priors,fixed independent scenario factor; no N cycle,2016-04-29,2016-06-05,2016-06-05,full_ripeness,BBCH89_full_ripeness,2015-10-13,seed_layer_available_water,50.0
12,ag_046_048,fallow,2016,2016-06-11,2016-06-14,266946.3095325965,adaptive_95,0.75,7.027711745877241e-14,0.0,0.0,0.0,1.0,13.94,0.0,0.0,8.275050592255136,0.0,0.0,0.0,0.0,0.0,0.0007305297068461159,0.0,0.0,8.275050592255136,0.0,0.0,256.6966772508764,262.3608961289143,1.1934897514720433e-13,unvalidated-engineering-priors,fixed independent scenario factor; no N cycle,,,,right_censored,BBCH89_full_ripeness,,,
12,ag_046_048,maize,2016,2016-06-15,2016-10-05,266946.3095325965,adaptive_95,0.75,7.904787935331115e-13,3.637978807091713e-12,0.0,0.0,0.03354275471250856,559.91,60.0,0.0,18.8882564057591,190.59039960143014,99.42854375594187,0.0,0.0,0.0,101.32959834450999,60.0,0.0,308.90719976313113,9217.866289161804,17488.924040679023,262.3608961289143,472.03409802127607,-2.868261184119092e-12,unvalidated-engineering-priors,fixed independent scenario factor; no N cycle,2016-08-10,2016-09-24,2016-09-24,physiological_maturity,R6_physiological_maturity,2016-06-15,seed_layer_available_water,50.0
12,ag_046_048,fallow,2016,2016-10-06,2016-10-11,266946.3095325965,adaptive_95,0.75,1.3233858453531866e-13,0.0,0.0,0.0,1.0,15.629999999999999,0.0,0.0,15.784294,0.0,0.0,0.0,0.0,0.0,1.9020236497049257,0.0,0.0,15.784294,0.0,0.0,472.03409802127607,469.9777803715715,-3.5793590313915047e-13,unvalidated-engineering-priors,fixed independent scenario factor; no N cycle,,,,right_censored,BBCH89_full_ripeness,,,
12,ag_046_048,wheat,2017,2016-10-12,2017-06-10,266946.3095325965,adaptive_95,0.5,4.0234482412415673e-13,2.9274360713316128e-12,0.0,0.0,0.04267140235271844,122.28999999999999,150.0,0.0,192.7872698212792,246.13064559825966,25.97980606689482,0.0,0.0,0.0,36.73133156487251,150.0,0.0,464.8977214864337,7400.723197875582,16803.248479947903,469.9777803715715,240.63872732026513,1.4710455076283324e-13,unvalidated-engineering-priors,fixed independent scenario factor; no N cycle,2017-04-30,2017-06-06,2017-06-06,full_ripeness,BBCH89_full_ripeness,2016-10-12,seed_layer_available_water,50.0
12,ag_046_048,fallow,2017,2017-06-11,2017-06-14,266946.3095325965,adaptive_95,0.5,4.618527782440651e-14,0.0,0.0,0.0,1.0,17.919999999999998,0.0,0.0,9.270995083865241,0.0,0.0,0.0,0.0,0.0,0.0006798487285677695,0.0,0.0,9.270995083865241,0.0,0.0,240.63872732026513,249.28705238767137,-4.293787547737793e-14,unvalidated-engineering-priors,fixed independent scenario factor; no N cycle,,,,right_censored,BBCH89_full_ripeness,,,
12,ag_046_048,maize,2017,2017-06-15,2017-10-05,266946.3095325965,adaptive_95,0.5,3.3173463975799677e-13,6.508571459562518e-12,0.0,0.0,0.03354275471250856,314.18,40.0,0.0,19.119103104121066,200.40149034369043,87.98310018120901,0.0,0.0,0.0,0.018542245467894392,40.0,0.0,307.5036936290205,9146.333727803905,18581.039082996245,249.28705238767137,295.9448165131819,1.0785816684233396e-12,unvalidated-engineering-priors,fixed independent scenario factor; no N cycle,2017-08-12,2017-09-26,2017-09-26,physiological_maturity,R6_physiological_maturity,2017-06-15,seed_layer_available_water,50.0
12,ag_046_048,fallow,2017,2017-10-06,2017-10-11,266946.3095325965,adaptive_95,0.5,8.171241461241152e-14,0.0,0.0,0.0,1.0,58.38,0.0,0.0,8.15267617,0.0,0.0,0.0,0.0,0.0,0.0004045973745891379,0.0,0.0,8.15267617,0.0,0.0,295.9448165131819,346.17173574580744,-1.4921397450962104e-13,unvalidated-engineering-priors,fixed independent scenario factor; no N cycle,,,,right_censored,BBCH89_full_ripeness,,,
12,ag_046_048,wheat,2018,2017-10-12,2018-06-10,266946.3095325965,adaptive_95,1.0,4.82280881897168e-13,2.3874235921539366e-12,0.0,0.0,0.04267140235271844,212.49,300.0,0.0,210.02670368266232,212.3960193727984,33.992471699940396,0.0,0.0,0.0,2.393811709793073,300.0,0.0,456.4151947554011,6846.497485569189,15498.265422752234,346.17173574580744,399.8527292806122,1.0505207814759387e-12,unvalidated-engineering-priors,fixed independent scenario factor; no N cycle,2018-04-30,2018-06-09,2018-06-09,full_ripeness,BBCH89_full_ripeness,2017-10-12,seed_layer_available_water,50.0
12,ag_046_048,fallow,2018,2018-06-11,2018-06-14,266946.3095325965,adaptive_95,1.0,8.43769498715119e-14,0.0,0.0,0.0,1.0,0.39,0.0,0.0,12.637647756880025,0.0,0.0,0.0,0.0,0.0,0.07944125048188544,0.0,0.0,12.637647756880025,0.0,0.0,399.8527292806122,387.52564027325036,-5.995204332975845e-14,unvalidated-engineering-priors,fixed independent scenario factor; no N cycle,,,,right_censored,BBCH89_full_ripeness,,,
12,ag_046_048,maize,2018,2018-06-15,2018-10-05,266946.3095325965,adaptive_95,1.0,5.870859354217828e-13,3.836930773104541e-12,0.0,0.0,0.03354275471250856,293.81,80.0,0.0,19.141511066001634,240.97170416805648,79.84455393261857,0.0,0.0,0.0,17.268913566233827,80.0,0.0,339.95776916667666,9630.449697756734,17951.396899295225,387.52564027325036,404.10895754033976,1.1218803663837207e-13,unvalidated-engineering-priors,fixed independent scenario factor; no N cycle,2018-08-11,2018-09-26,2018-09-26,physiological_maturity,R6_physiological_maturity,2018-06-16,seed_layer_available_water,50.0
12,ag_046_048,fallow,2018,2018-10-06,2018-10-11,266946.3095325965,adaptive_95,1.0,1.0436096431476471e-13,0.0,0.0,0.0,1.0,0.0,0.0,0.0,12.256990109450308,0.0,0.0,0.0,0.0,0.0,0.2816561784048682,0.0,0.0,12.256990109450308,0.0,0.0,404.10895754033976,391.5703112524846,-1.9095836023552692e-14,unvalidated-engineering-priors,fixed independent scenario factor; no N cycle,,,,right_censored,BBCH89_full_ripeness,,,
12,ag_046_048,wheat,2019,2018-10-12,2019-06-10,266946.3095325965,adaptive_95,1.0,5.559996907322784e-13,4.121147867408581e-12,0.0,0.0,0.04267140235271844,130.59,300.0,0.0,190.833240158772,259.56717992024113,24.557608104331514,0.0,0.0,0.0,9.72247901670743,300.0,0.0,474.95802818334465,7456.493055201307,17681.159898060854,391.5703112524846,337.47980405243226,2.6978419498391304e-13,unvalidated-engineering-priors,fixed independent scenario factor; no N cycle,2019-05-01,,2019-06-10,cut_before_maturity,BBCH89_full_ripeness,2018-10-13,seed_layer_available_water,50.0
12,ag_046_048,fallow,2019,2019-06-11,2019-06-14,266946.3095325965,adaptive_95,1.0,5.950795411990839e-14,0.0,0.0,0.0,1.0,0.67,0.0,0.0,8.489692751522554,0.0,0.0,0.0,0.0,0.0,0.0048314494592757275,0.0,0.0,8.489692751522554,0.0,0.0,337.47980405243226,329.65527985145053,-1.0325074129013956e-13,unvalidated-engineering-priors,fixed independent scenario factor; no N cycle,,,,right_censored,BBCH89_full_ripeness,,,
12,ag_046_048,maize,2019,2019-06-15,2019-10-05,266946.3095325965,adaptive_95,1.0,5.757616605706062e-13,4.462208380573429e-12,0.0,0.0,0.03354275471250856,263.21,80.0,0.0,19.024328906091775,261.27981711630497,81.48299410418906,0.0,0.0,0.0,0.9894003030845884,80.0,0.0,361.78714012658577,10299.257238324584,20076.187747652577,329.65527985145053,310.0887394217823,-2.141176125292077e-12,unvalidated-engineering-priors,fixed independent scenario factor; no N cycle,2019-08-12,2019-09-27,2019-09-27,physiological_maturity,R6_physiological_maturity,2019-06-16,seed_layer_available_water,50.0
12,ag_046_048,fallow,2019,2019-10-06,2019-10-11,266946.3095325965,adaptive_95,1.0,1.0658141036401503e-13,0.0,0.0,0.0,1.0,3.14,0.0,0.0,12.118245219932312,0.0,0.0,0.0,0.0,0.0,0.0039045733612321195,0.0,0.0,12.118245219932312,0.0,0.0,310.0887394217823,301.10658962848885,-9.9253938401489e-14,unvalidated-engineering-priors,fixed independent scenario factor; no N cycle,,,,right_censored,BBCH89_full_ripeness,,,
12,ag_046_048,wheat,2020,2019-10-12,2020-06-10,266946.3095325965,adaptive_95,0.75,1.5498713423767185e-13,3.097966327914037e-12,0.0,0.0,0.04267140235271844,157.45000000000002,225.0,0.0,187.9795520405059,185.17148268149916,27.93647148974329,0.0,0.0,0.0,0.1764358845234358,225.0,0.0,401.08750621174835,6056.675247276392,13300.20652968084,301.10658962848885,282.2926475322181,-1.0236256287043943e-12,unvalidated-engineering-priors,fixed independent scenario factor; no N cycle,2020-04-29,2020-06-06,2020-06-06,full_ripeness,BBCH89_full_ripeness,2019-10-12,seed_layer_available_water,50.0
12,ag_046_048,fallow,2020,2020-06-11,2020-06-14,266946.3095325965,adaptive_95,0.75,3.219646771412954e-14,0.0,0.0,0.0,1.0,0.4,0.0,0.0,1.8981390313256876,0.0,0.0,0.0,0.0,0.0,0.0005258269596114053,0.0,0.0,1.8981390313256876,0.0,0.0,282.2926475322181,280.79398267393276,3.8746783559417963e-14,unvalidated-engineering-priors,fixed independent scenario factor; no N cycle,,,,right_censored,BBCH89_full_ripeness,,,
12,ag_046_048,maize,2020,2020-06-15,2020-10-05,266946.3095325965,adaptive_95,0.75,6.199485369506874e-13,2.5579538487363607e-12,0.0,0.0,0.03354275471250856,439.35,60.0,0.0,19.33080834776908,201.32561468050645,67.66818468309954,0.0,0.0,0.0,14.99022864628505,60.0,0.0,288.32460771137505,8814.142465526653,17005.550439082417,280.79398267393276,476.8291463162734,-7.652767308741204e-13,unvalidated-engineering-priors,fixed independent scenario factor; no N cycle,2020-08-12,2020-09-28,2020-09-28,physiological_maturity,R6_physiological_maturity,2020-06-16,seed_layer_available_water,50.0
12,ag_046_048,fallow,2020,2020-10-06,2020-10-11,266946.3095325965,adaptive_95,0.75,1.0125233984581428e-13,0.0,0.0,0.0,1.0,0.08,0.0,0.0,15.507445953124655,0.0,0.0,0.0,0.0,0.0,1.00104893737123,0.0,0.0,15.507445953124655,0.0,0.0,476.8291463162734,460.4006514257776,-7.283063041541027e-14,unvalidated-engineering-priors,fixed independent scenario factor; no N cycle,,,,right_censored,BBCH89_full_ripeness,,,
12,ag_046_048,wheat,2021,2020-10-12,2021-06-10,266946.3095325965,adaptive_95,0.75,3.836930773104541e-13,5.6274984672199935e-12,0.0,0.0,0.04267140235271844,100.67,225.0,0.0,181.3807640862655,276.14357393888884,25.238516264704774,0.0,0.0,0.0,28.685573026306045,225.0,0.0,482.7628542898591,8343.29244057628,19047.45454136387,460.4006514257776,274.62222410961135,1.0983991494128986e-12,unvalidated-engineering-priors,fixed independent scenario factor; no N cycle,2021-04-27,2021-06-03,2021-06-03,full_ripeness,BBCH89_full_ripeness,2020-10-12,seed_layer_available_water,50.0
12,ag_046_048,fallow,2021,2021-06-11,2021-06-14,266946.3095325965,adaptive_95,0.75,3.774758283725532e-14,0.0,0.0,0.0,1.0,5.25,0.0,0.0,8.337852177108289,0.0,0.0,0.0,0.0,0.0,0.0012331008237108667,0.0,0.0,8.337852177108289,0.0,0.0,274.62222410961135,271.5331388316793,4.241051954068098e-14,unvalidated-engineering-priors,fixed independent scenario factor; no N cycle,,,,right_censored,BBCH89_full_ripeness,,,
12,ag_046_048,maize,2021,2021-06-15,2021-10-05,266946.3095325965,adaptive_95,0.75,5.422329252269265e-13,2.8421709430404007e-12,0.0,0.0,0.03354275471250856,578.99,60.0,0.0,18.106488514786204,199.0123380431216,91.71630219069189,0.0,0.0,0.0,2.4975332741142484,60.0,0.0,308.8351287485997,8972.211416557568,17834.32615007006,271.5331388316793,599.1904768089638,1.564415263999308e-12,unvalidated-engineering-priors,fixed independent scenario factor; no N cycle,2021-08-10,2021-09-24,2021-09-24,physiological_maturity,R6_physiological_maturity,2021-06-15,seed_layer_available_water,50.0
12,ag_046_048,fallow,2021,2021-10-06,2021-10-11,266946.3095325965,adaptive_95,0.75,1.0036416142611415e-13,0.0,0.0,0.0,1.0,34.75,0.0,0.0,11.443648099999999,0.0,0.0,0.0,0.0,0.0,19.157604385954187,0.0,0.0,11.443648099999999,0.0,0.0,599.1904768089638,603.3392243230096,2.3092638912203256e-14,unvalidated-engineering-priors,fixed independent scenario factor; no N cycle,,,,right_censored,BBCH89_full_ripeness,,,
12,ag_046_048,wheat,2022,2021-10-12,2022-06-10,266946.3095325965,adaptive_95,0.5,2.8332891588433995e-13,3.0411229090532288e-12,0.0,0.0,0.04267140235271844,99.78,150.0,0.0,190.3340327906604,262.42576169992276,20.303581978027577,0.0,0.0,0.0,131.30370231530492,150.0,0.0,473.0633764686108,7639.30017352042,17133.6983605315,603.3392243230096,248.75214553909387,5.728750807065808e-14,unvalidated-engineering-priors,fixed independent scenario factor; no N cycle,2022-04-27,2022-06-09,2022-06-09,full_ripeness,BBCH89_full_ripeness,2021-10-12,seed_layer_available_water,50.0
12,ag_046_048,fallow,2022,2022-06-11,2022-06-14,266946.3095325965,adaptive_95,0.5,1.942890293094024e-14,0.0,0.0,0.0,1.0,2.87,0.0,0.0,3.2283293448814883,0.0,0.0,0.0,0.0,0.0,0.0007402416191674727,0.0,0.0,3.2283293448814883,0.0,0.0,248.75214553909387,248.39307595259322,-3.552713678800501e-15,unvalidated-engineering-priors,fixed independent scenario factor; no N cycle,,,,right_censored,BBCH89_full_ripeness,,,
12,ag_046_048,maize,2022,2022-06-15,2022-10-05,266946.3095325965,adaptive_95,0.5,6.719069745031447e-13,4.064304448547773e-12,0.0,0.0,0.03354275471250856,512.52,40.0,0.0,20.146748189968065,225.4911897948969,67.51883186686437,0.0,0.0,0.0,12.945570539592522,40.0,0.0,313.15676985172934,9558.20635839201,17996.464987757332,248.39307595259322,474.8107355612707,6.673550601021816e-13,unvalidated-engineering-priors,fixed independent scenario factor; no N cycle,2022-08-13,2022-09-28,2022-09-28,physiological_maturity,R6_physiological_maturity,2022-06-16,seed_layer_available_water,50.0
12,ag_046_048,fallow,2022,2022-10-06,2022-10-11,266946.3095325965,adaptive_95,0.5,9.015010959956271e-14,0.0,0.0,0.0,1.0,0.06,0.0,0.0,19.083160619353485,0.0,0.0,0.0,0.0,0.0,0.3989575456735045,0.0,0.0,19.083160619353485,0.0,0.0,474.8107355612707,455.38861739624355,1.5365486660812167e-13,unvalidated-engineering-priors,fixed independent scenario factor; no N cycle,,,,right_censored,BBCH89_full_ripeness,,,
12,ag_046_048,wheat,2023,2022-10-12,2023-06-10,266946.3095325965,adaptive_95,0.75,7.087663789206999e-13,3.240074875066057e-12,0.0,0.0,0.04267140235271844,142.95,225.0,0.0,205.1695295836188,233.39124770815548,36.96059964141841,0.0,0.0,0.0,24.210242853619157,225.0,0.0,475.5213769331927,7508.0833267993485,16910.915835090327,455.38861739624355,323.6069976094311,5.538347558342593e-13,unvalidated-engineering-priors,fixed independent scenario factor; no N cycle,2023-04-28,2023-06-04,2023-06-04,full_ripeness,BBCH89_full_ripeness,2022-10-12,seed_layer_available_water,50.0
12,ag_046_048,fallow,2023,2023-06-11,2023-06-14,266946.3095325965,adaptive_95,0.75,5.1514348342607263e-14,0.0,0.0,0.0,1.0,0.8699999999999999,0.0,0.0,3.1716870179054624,0.0,0.0,0.0,0.0,0.0,0.006717172140721253,0.0,0.0,3.1716870179054624,0.0,0.0,323.6069976094311,321.29859341938493,6.217248937900877e-15,unvalidated-engineering-priors,fixed independent scenario factor; no N cycle,,,,right_censored,BBCH89_full_ripeness,,,
12,ag_046_048,maize,2023,2023-06-15,2023-10-05,266946.3095325965,adaptive_95,0.75,5.826450433232822e-13,3.637978807091713e-12,0.0,0.0,0.03354275471250856,371.64,60.0,0.0,20.047278847341037,243.19046258995706,80.29208003513733,0.0,0.0,0.0,6.770865760908303,60.0,0.0,343.52982147243546,9926.210132312568,19920.927708665153,321.29859341938493,402.63790618604105,1.346700528870315e-13,unvalidated-engineering-priors,fixed independent scenario factor; no N cycle,2023-08-13,2023-09-27,2023-09-27,physiological_maturity,R6_physiological_maturity,2023-06-16,seed_layer_available_water,50.0
12,ag_046_048,fallow,2023,2023-10-06,2023-10-11,266946.3095325965,adaptive_95,0.75,1.2079226507921703e-13,0.0,0.0,0.0,1.0,0.01,0.0,0.0,12.852342135187149,0.0,0.0,0.0,0.0,0.0,0.17339192337107237,0.0,0.0,12.852342135187149,0.0,0.0,402.63790618604105,389.6221721274831,-2.831068712794149e-13,unvalidated-engineering-priors,fixed independent scenario factor; no N cycle,,,,right_censored,BBCH89_full_ripeness,,,
12,ag_046_048,wheat,2024,2023-10-12,2024-06-10,266946.3095325965,adaptive_95,0.75,3.632649736573512e-13,3.737454790098127e-12,0.0,0.0,0.04267140235271844,105.38,225.0,0.0,182.85955675474656,232.79285276372315,35.13632890855964,0.0,0.0,0.0,6.489827552468072,225.0,0.0,450.78873842702933,7532.815889211273,17099.235715209827,389.6221721274831,262.72360614798515,5.627720511824919e-13,unvalidated-engineering-priors,fixed independent scenario factor; no N cycle,2024-04-28,2024-06-07,2024-06-07,full_ripeness,BBCH89_full_ripeness,2023-10-12,seed_layer_available_water,50.0
12,ag_046_048,fallow,2024,2024-06-11,2024-06-14,266946.3095325965,adaptive_95,0.75,4.929390229335695e-14,0.0,0.0,0.0,1.0,0.37,0.0,0.0,1.9544781146085695,0.0,0.0,0.0,0.0,0.0,0.0010178824172677229,0.0,0.0,1.9544781146085695,0.0,0.0,262.72360614798515,261.13811015095933,-2.0816681711721685e-14,unvalidated-engineering-priors,fixed independent scenario factor; no N cycle,,,,right_censored,BBCH89_full_ripeness,,,
12,ag_046_048,maize,2024,2024-06-15,2024-10-05,266946.3095325965,adaptive_95,0.75,4.698463840213662e-13,3.808509063674137e-12,0.0,0.0,0.03354275471250856,421.52,60.0,0.0,21.33483243542285,189.69898759180586,79.39213451302359,0.0,0.0,0.0,0.9631235947000258,60.0,0.0,290.4259545402523,8734.73796768301,16898.537249459012,261.13811015095933,451.269032016006,9.869882688917642e-13,unvalidated-engineering-priors,fixed independent scenario factor; no N cycle,2024-08-12,2024-09-26,2024-09-26,physiological_maturity,R6_physiological_maturity,2024-06-16,seed_layer_available_water,50.0
12,ag_046_048,fallow,2024,2024-10-06,2024-10-11,266946.3095325965,adaptive_95,0.75,1.2656542480726785e-13,0.0,0.0,0.0,1.0,1.22,0.0,0.0,16.40443923542899,0.0,0.0,0.0,0.0,0.0,0.22319267185777322,0.0,0.0,16.40443923542899,0.0,0.0,451.269032016006,435.86140010871947,-2.1782575743145571e-13,unvalidated-engineering-priors,fixed independent scenario factor; no N cycle,,,,right_censored,BBCH89_full_ripeness,,,
12,ag_046_048,wheat,2025,2024-10-12,2025-06-10,266946.3095325965,adaptive_95,0.75,4.3165471197426086e-13,4.135358722123783e-12,0.0,0.0,0.04267140235271844,106.34,225.0,0.0,203.05538273769983,242.26419148280416,20.230362975315163,0.0,0.0,0.0,17.971362464536156,225.0,0.0,465.54993719581915,6698.989023035328,15458.232767050715,435.86140010871947,283.6801004483626,1.5387136009792357e-12,unvalidated-engineering-priors,fixed independent scenario factor; no N cycle,2025-04-25,2025-06-03,2025-06-03,full_ripeness,BBCH89_full_ripeness,2024-10-12,seed_layer_available_water,50.0
12,ag_046_048,fallow,2025,2025-06-11,2025-06-14,266946.3095325965,adaptive_95,0.75,3.064215547965432e-14,0.0,0.0,0.0,1.0,10.069999999999999,0.0,0.0,3.5556634229572914,0.0,0.0,0.0,0.0,0.0,0.001743859835720182,0.0,0.0,3.5556634229572914,0.0,0.0,283.6801004483626,290.19269316556966,-5.3790305543088834e-14,unvalidated-engineering-priors,fixed independent scenario factor; no N cycle,,,,right_censored,BBCH89_full_ripeness,,,
12,ag_046_048,maize,2025,2025-06-15,2025-10-05,266946.3095325965,adaptive_95,0.75,6.52811138479592e-13,3.637978807091713e-12,0.0,0.0,0.03354275471250856,346.6,60.0,0.0,20.09384816159545,198.70519453306193,88.3348867545103,0.0,0.0,0.0,0.3361657344804948,60.0,0.0,307.1339294491677,8274.967327595592,16512.214225748136,290.19269316556966,389.32259798192246,-9.660050537263487e-13,unvalidated-engineering-priors,fixed independent scenario factor; no N cycle,2025-08-10,2025-09-23,2025-09-23,physiological_maturity,R6_physiological_maturity,2025-06-15,seed_layer_available_water,50.0
12,ag_046_048,fallow,1996,1996-01-01,1996-10-11,266946.3095325965,adaptive_98,1.0,2.4513724383723456e-13,0.0,0.0,0.0,1.0,831.0699999999999,0.0,0.0,445.5901234762376,0.0,0.0,0.0,0.0,0.0,283.08770258802235,0.0,0.0,445.5901234762376,0.0,0.0,381.49245737517947,483.884631310919,5.146855164284148e-13,unvalidated-engineering-priors,fixed independent scenario factor; no N cycle,,,,right_censored,BBCH89_full_ripeness,,,
12,ag_046_048,wheat,1997,1996-10-12,1997-06-10,266946.3095325965,adaptive_98,1.0,5.364597654988756e-13,6.210143510543276e-12,0.0,0.0,0.04267140235271844,100.66,300.0,0.0,185.6759642371982,272.927942488179,23.584860036604343,0.0,0.0,0.0,59.77866244107508,300.0,0.0,482.1887667619815,9082.222066728029,20021.584439352482,483.884631310919,342.57720210786357,-1.1273759703556152e-12,unvalidated-engineering-priors,fixed independent scenario factor; no N cycle,1997-05-02,1997-06-08,1997-06-08,full_ripeness,BBCH89_full_ripeness,1996-10-12,seed_layer_available_water,50.0
12,ag_046_048,fallow,1997,1997-06-11,1997-06-14,266946.3095325965,adaptive_98,1.0,6.650235917504688e-14,0.0,0.0,0.0,1.0,1.8800000000000001,0.0,0.0,5.402119909226333,0.0,0.0,0.0,0.0,0.0,0.016603390297802056,0.0,0.0,5.402119909226333,0.0,0.0,342.57720210786357,339.0384788083393,1.5765166949677223e-13,unvalidated-engineering-priors,fixed independent scenario factor; no N cycle,,,,right_censored,BBCH89_full_ripeness,,,
12,ag_046_048,maize,1997,1997-06-15,1997-10-05,266946.3095325965,adaptive_98,1.0,2.611244553918368e-13,4.661160346586257e-12,0.0,0.0,0.03354275471250856,190.58,80.0,0.0,21.76675846228189,230.04354289263082,66.57870295148375,0.0,0.0,0.0,0.613035759741995,80.0,0.0,318.38900430639643,10332.98925898662,20437.25518941345,339.0384788083393,290.61643874220016,6.613598557692058e-13,unvalidated-engineering-priors,fixed independent scenario factor; no N cycle,1997-08-13,1997-10-01,1997-10-01,physiological_maturity,R6_physiological_maturity,1997-06-16,seed_layer_available_water,50.0
12,ag_046_048,fallow,1997,1997-10-06,1997-10-11,266946.3095325965,adaptive_98,1.0,6.350475700855895e-14,0.0,0.0,0.0,1.0,0.0,0.0,0.0,15.810270009413562,0.0,0.0,0.0,0.0,0.0,0.00046482430022264044,0.0,0.0,15.810270009413562,0.0,0.0,290.61643874220016,274.8057039084864,-3.352873534367973e-14,unvalidated-engineering-priors,fixed independent scenario factor; no N cycle,,,,right_censored,BBCH89_full_ripeness,,,
12,ag_046_048,wheat,1998,1997-10-12,1998-06-10,266946.3095325965,adaptive_98,1.0,2.042810365310288e-13,2.9558577807620168e-12,0.0,0.0,0.04267140235271844,191.31,300.0,0.0,224.20278447275987,174.959062543421,53.00587037160909,0.0,0.0,0.0,0.04210967317097511,300.0,0.0,452.16771738779,6797.075566297423,14935.368767833334,274.8057039084864,313.90587684752467,7.982781102811032e-13,unvalidated-engineering-priors,fixed independent scenario factor; no N cycle,1998-05-02,1998-06-08,1998-06-08,full_ripeness,BBCH89_full_ripeness,1997-10-13,seed_layer_available_water,50.0
12,ag_046_048,fallow,1998,1998-06-11,1998-06-14,266946.3095325965,adaptive_98,1.0,4.241051954068098e-14,0.0,0.0,0.0,1.0,0.99,0.0,0.0,4.65301216706695,0.0,0.0,0.0,0.0,0.0,0.001323853855181483,0.0,0.0,4.65301216706695,0.0,0.0,313.90587684752467,310.2415408266026,-6.661338147750939e-14,unvalidated-engineering-priors,fixed independent scenario factor; no N cycle,,,,right_censored,BBCH89_full_ripeness,,,
12,ag_046_048,maize,1998,1998-06-15,1998-10-05,266946.3095325965,adaptive_98,1.0,8.979483823168266e-13,2.3590018827235326e-12,0.0,0.0,0.03354275471250856,481.19,80.0,0.0,20.515304171651877,238.0133398271159,76.88448012864541,0.0,0.0,0.0,74.96155773641166,80.0,0.0,335.4131241274132,9766.572965547544,18677.906077633736,310.2415408266026,461.0568589627762,1.5445422718585178e-12,unvalidated-engineering-priors,fixed independent scenario factor; no N cycle,1998-08-12,1998-09-26,1998-09-26,physiological_maturity,R6_physiological_maturity,1998-06-16,seed_layer_available_water,50.0
12,ag_046_048,fallow,1998,1998-10-06,1998-10-11,266946.3095325965,adaptive_98,1.0,8.393286066166183e-14,0.0,0.0,0.0,1.0,8.09,0.0,0.0,12.098324328521668,0.0,0.0,0.0,0.0,0.0,1.8014455564456096,0.0,0.0,12.098324328521668,0.0,0.0,461.0568589627762,455.24708907780894,-3.952393967665557e-14,unvalidated-engineering-priors,fixed independent scenario factor; no N cycle,,,,right_censored,BBCH89_full_ripeness,,,
12,ag_046_048,wheat,1999,1998-10-12,1999-06-10,266946.3095325965,adaptive_98,1.0,6.084022174945858e-13,2.6005864128819667e-12,0.0,0.0,0.04267140235271844,91.78999999999999,300.0,0.0,188.38121331118808,242.88001836113912,38.01761075330361,0.0,0.0,0.0,35.94515372908222,300.0,0.0,469.2788424256308,7855.999936302504,17673.18345017344,455.24708907780894,341.8130929230992,-3.2817082384895002e-12,unvalidated-engineering-priors,fixed independent scenario factor; no N cycle,1999-04-30,1999-06-07,1999-06-07,full_ripeness,BBCH89_full_ripeness,1998-10-12,seed_layer_available_water,50.0
12,ag_046_048,fallow,1999,1999-06-11,1999-06-14,266946.3095325965,adaptive_98,1.0,9.980904991380157e-14,0.0,0.0,0.0,1.0,7.71,0.0,0.0,5.251527677163287,0.0,0.0,0.0,0.0,0.0,0.014695105394127586,0.0,0.0,5.251527677163287,0.0,0.0,341.8130929230992,344.2568701405417,6.88338275267597e-14,unvalidated-engineering-priors,fixed independent scenario factor; no N cycle,,,,right_censored,BBCH89_full_ripeness,,,
12,ag_046_048,maize,1999,1999-06-15,1999-10-05,266946.3095325965,adaptive_98,1.0,6.403766406037903e-13,2.8421709430404007e-12,0.0,0.0,0.03354275471250856,285.82,80.0,0.0,18.268290536251858,215.92928394208033,100.3884898162439,0.0,0.0,0.0,1.538855650907615,80.0,0.0,334.5860642945761,10051.056042604856,19476.393737436556,344.2568701405417,373.9519501950594,-1.4073187060148484e-12,unvalidated-engineering-priors,fixed independent scenario factor; no N cycle,1999-08-12,1999-09-28,1999-09-28,physiological_maturity,R6_physiological_maturity,1999-06-15,seed_layer_available_water,50.0
12,ag_046_048,fallow,1999,1999-10-06,1999-10-11,266946.3095325965,adaptive_98,1.0,1.1057821325266559e-13,0.0,0.0,0.0,1.0,0.16,0.0,0.0,16.061385501882384,0.0,0.0,0.0,0.0,0.0,0.010318593371038342,0.0,0.0,16.061385501882384,0.0,0.0,373.9519501950594,358.04024609980587,1.0258460747536446e-13,unvalidated-engineering-priors,fixed independent scenario factor; no N cycle,,,,right_censored,BBCH89_full_ripeness,,,
12,ag_046_048,wheat,2000,1999-10-12,2000-06-10,266946.3095325965,adaptive_98,1.0,5.790923296444817e-13,2.3874235921539366e-12,0.0,0.0,0.04267140235271844,118.11,300.0,0.0,207.69040523621237,251.6988400544743,30.853238497261447,0.0,0.0,0.0,1.9721314037040973,300.0,0.0,490.2424837879481,7520.89525091503,16945.608512515668,358.04024609980587,283.9356309081556,-1.9265977702076498e-12,unvalidated-engineering-priors,fixed independent scenario factor; no N cycle,2000-04-30,2000-06-07,2000-06-07,full_ripeness,BBCH89_full_ripeness,1999-10-12,seed_layer_available_water,50.0
12,ag_046_048,fallow,2000,2000-06-11,2000-06-14,266946.3095325965,adaptive_98,1.0,4.696243394164412e-14,0.0,0.0,0.0,1.0,1.11,0.0,0.0,2.9869533945458207,0.0,0.0,0.0,0.0,0.0,0.0007300755274697729,0.0,0.0,2.9869533945458207,0.0,0.0,283.9356309081556,282.05794743808235,-5.362377208939506e-14,unvalidated-engineering-priors,fixed independent scenario factor; no N cycle,,,,right_censored,BBCH89_full_ripeness,,,
12,ag_046_048,maize,2000,2000-06-15,2000-10-05,266946.3095325965,adaptive_98,1.0,9.352518759442319e-13,3.126388037344441e-12,0.0,0.0,0.03354275471250856,545.71,80.0,0.0,19.40615315272261,200.2689416772541,82.62238950242352,0.0,0.0,0.0,95.10925504501888,80.0,0.0,302.29748433240024,9452.171907855649,18120.58932161899,282.05794743808235,510.36120806065804,5.201505892671321e-12,unvalidated-engineering-priors,fixed independent scenario factor; no N cycle,2000-08-12,2000-09-28,2000-09-28,physiological_maturity,R6_physiological_maturity,2000-06-16,seed_layer_available_water,50.0
12,ag_046_048,fallow,2000,2000-10-06,2000-10-11,266946.3095325965,adaptive_98,1.0,1.2612133559741778e-13,0.0,0.0,0.0,1.0,53.4,0.0,0.0,13.2342224,0.0,0.0,0.0,0.0,0.0,2.7952494469740365,0.0,0.0,13.2342224,0.0,0.0,510.36120806065804,547.7317362136839,8.970602038971265e-14,unvalidated-engineering-priors,fixed independent scenario factor; no N cycle,,,,right_censored,BBCH89_full_ripeness,,,
12,ag_046_048,wheat,2001,2000-10-12,2001-06-10,266946.3095325965,adaptive_98,1.0,6.67021993194794e-13,4.320099833421409e-12,0.0,0.0,0.04267140235271844,115.6,300.0,0.0,232.74684748011146,287.80983177147647,17.298877125545577,0.0,0.0,0.0,118.66142911612606,300.0,0.0,537.8555563771334,8153.524123598626,19235.14341037108,547.7317362136839,306.81475072041957,4.792666263853107e-12,unvalidated-engineering-priors,fixed independent scenario factor; no N cycle,2001-05-02,,2001-06-10,cut_before_maturity,BBCH89_full_ripeness,2000-10-12,seed_layer_available_water,50.0
12,ag_046_048,fallow,2001,2001-06-11,2001-06-14,266946.3095325965,adaptive_98,1.0,7.455147610357926e-14,0.0,0.0,0.0,1.0,15.82,0.0,0.0,5.464529018431588,0.0,0.0,0.0,0.0,0.0,0.003952922158838443,0.0,0.0,5.464529018431588,0.0,0.0,306.81475072041957,317.1662687798292,-3.813616089587413e-14,unvalidated-engineering-priors,fixed independent scenario factor; no N cycle,,,,right_censored,BBCH89_full_ripeness,,,
12,ag_046_048,maize,2001,2001-06-15,2001-10-05,266946.3095325965,adaptive_98,1.0,8.775202786637237e-13,4.661160346586257e-12,0.0,0.0,0.03354275471250856,486.67,80.0,0.0,16.8482605287426,242.449418089715,78.22624658847565,0.0,0.0,0.0,107.50808990989587,80.0,0.0,337.52392520693326,10355.854052013525,19912.338246117004,317.1662687798292,438.8042536629963,3.758493516414774e-12,unvalidated-engineering-priors,fixed independent scenario factor; no N cycle,2001-08-11,2001-09-26,2001-09-26,physiological_maturity,R6_physiological_maturity,2001-06-15,seed_layer_available_water,50.0
12,ag_046_048,fallow,2001,2001-10-06,2001-10-11,266946.3095325965,adaptive_98,1.0,1.305622276959184e-13,0.0,0.0,0.0,1.0,6.28,0.0,0.0,15.552565191156805,0.0,0.0,0.0,0.0,0.0,0.6833498073178832,0.0,0.0,15.552565191156805,0.0,0.0,438.8042536629963,428.8483386645216,3.5083047578154947e-14,unvalidated-engineering-priors,fixed independent scenario factor; no N cycle,,,,right_censored,BBCH89_full_ripeness,,,
12,ag_046_048,wheat,2002,2001-10-12,2002-06-10,266946.3095325965,adaptive_98,1.0,4.911626660941693e-13,3.161915174132446e-12,0.0,0.0,0.04267140235271844,148.84,300.0,0.0,203.03962866408276,227.4931609249691,37.02589537667172,0.0,0.0,0.0,22.423528008772706,300.0,0.0,467.55868496572356,7700.5995645381345,17002.71192984516,428.8483386645216,387.706125690025,3.144706717250756e-13,unvalidated-engineering-priors,fixed independent scenario factor; no N cycle,2002-04-25,2002-06-07,2002-06-07,full_ripeness,BBCH89_full_ripeness,2001-10-12,seed_layer_available_water,50.0
12,ag_046_048,fallow,2002,2002-06-11,2002-06-14,266946.3095325965,adaptive_98,1.0,6.838973831690964e-14,0.0,0.0,0.0,1.0,1.7000000000000002,0.0,0.0,16.367258474986798,0.0,0.0,0.0,0.0,0.0,0.039133614320495086,0.0,0.0,16.367258474986798,0.0,0.0,387.706125690025,372.9997336007176,7.904787935331115e-14,unvalidated-engineering-priors,fixed independent scenario factor; no N cycle,,,,right_censored,BBCH89_full_ripeness,,,
12,ag_046_048,maize,2002,2002-06-15,2002-10-05,266946.3095325965,adaptive_98,1.0,6.021849685566849e-13,2.3021584638627246e-12,0.0,0.0,0.03354275471250856,282.34,80.0,0.0,18.68932980510644,230.95008901797902,74.01412568813755,0.0,0.0,0.0,23.158384887052513,80.0,0.0,323.653544511223,9955.578106137591,18676.15258721311,372.9997336007176,388.5278042024438,-1.7221779557985428e-12,unvalidated-engineering-priors,fixed independent scenario factor; no N cycle,2002-08-13,2002-10-01,2002-10-01,physiological_maturity,R6_physiological_maturity,2002-06-16,seed_layer_available_water,50.0
12,ag_046_048,fallow,2002,2002-10-06,2002-10-11,266946.3095325965,adaptive_98,1.0,1.1590728377086634e-13,0.0,0.0,0.0,1.0,0.51,0.0,0.0,15.003502668488393,0.0,0.0,0.0,0.0,0.0,0.07818315275016534,0.0,0.0,15.003502668488393,0.0,0.0,388.5278042024438,373.9561183812052,3.086420008457935e-14,unvalidated-engineering-priors,fixed independent scenario factor; no N cycle,,,,right_censored,BBCH89_full_ripeness,,,
12,ag_046_048,wheat,2003,2002-10-12,2003-06-10,266946.3095325965,adaptive_98,1.0,5.186961971048731e-13,3.126388037344441e-12,0.0,0.0,0.04267140235271844,193.65,300.0,0.0,223.0727226574484,198.72730087120632,46.95450838761493,0.0,0.0,0.0,6.9484430639070744,300.0,0.0,468.7545319162696,7630.891906706045,16833.508366587423,373.9561183812052,391.90314340102907,-5.77121683775772e-13,unvalidated-engineering-priors,fixed independent scenario factor; no N cycle,2003-05-05,,2003-06-10,cut_before_maturity,BBCH89_full_ripeness,2002-10-12,seed_layer_available_water,50.0
12,ag_046_048,fallow,2003,2003-06-11,2003-06-14,266946.3095325965,adaptive_98,1.0,6.17284001691587e-14,0.0,0.0,0.0,1.0,3.0599999999999996,0.0,0.0,9.885549813284019,0.0,0.0,0.0,0.0,0.0,0.10052765968288625,0.0,0.0,9.885549813284019,0.0,0.0,391.90314340102907,384.9770659280622,-2.4202861936828413e-14,unvalidated-engineering-priors,fixed independent scenario factor; no N cycle,,,,right_censored,BBCH89_full_ripeness,,,
12,ag_046_048,maize,2003,2003-06-15,2003-10-05,266946.3095325965,adaptive_98,1.0,5.897504706808832e-13,3.240074875066057e-12,0.0,0.0,0.03354275471250856,402.27,80.0,0.0,19.372712200832723,178.96856167581373,89.769190811512,0.0,0.0,0.0,43.74506381114318,80.0,0.0,288.11046468815846,8634.842254207742,16962.72540351544,384.9770659280622,535.3915374287618,-1.2445600106048005e-12,unvalidated-engineering-priors,fixed independent scenario factor; no N cycle,2003-08-12,2003-10-01,2003-10-01,physiological_maturity,R6_physiological_maturity,2003-06-16,seed_layer_available_water,50.0
12,ag_046_048,fallow,2003,2003-10-06,2003-10-11,266946.3095325965,adaptive_98,1.0,1.3145040611561853e-13,0.0,0.0,0.0,1.0,67.13,0.0,0.0,11.772914499999999,0.0,0.0,0.0,0.0,0.0,4.937124008436213,0.0,0.0,11.772914499999999,0.0,0.0,535.3915374287618,585.8114989203256,3.019806626980426e-14,unvalidated-engineering-priors,fixed independent scenario factor; no N cycle,,,,right_censored,BBCH89_full_ripeness,,,
12,ag_046_048,wheat,2004,2003-10-12,2004-06-10,266946.3095325965,adaptive_98,1.0,5.151434834260726e-13,2.8848035071860068e-12,0.0,0.0,0.04267140235271844,152.57,300.0,0.0,227.67962997279525,260.55265479991454,40.53786808073006,0.0,0.0,0.0,146.37571656144362,300.0,0.0,528.7701528534399,8684.007615097684,19159.641832225938,585.8114989203256,363.2356295054419,2.0394796962364126e-13,unvalidated-engineering-priors,fixed independent scenario factor; no N cycle,2004-04-26,2004-06-03,2004-06-03,full_ripeness,BBCH89_full_ripeness,2003-10-12,seed_layer_available_water,50.0
12,ag_046_048,fallow,2004,2004-06-11,2004-06-14,266946.3095325965,adaptive_98,1.0,5.445643935786393e-14,0.0,0.0,0.0,1.0,0.3,0.0,0.0,3.556470075380541,0.0,0.0,0.0,0.0,0.0,0.03796503068370933,0.0,0.0,3.556470075380541,0.0,0.0,363.2356295054419,359.9411943993777,-3.702593787124897e-14,unvalidated-engineering-priors,fixed independent scenario factor; no N cycle,,,,right_censored,BBCH89_full_ripeness,,,
12,ag_046_048,maize,2004,2004-06-15,2004-10-05,266946.3095325965,adaptive_98,1.0,6.838973831690964e-13,4.263256414560601e-12,0.0,0.0,0.03354275471250856,581.24,80.0,0.0,15.830228311842996,211.45365771247435,93.93657162826818,0.0,0.0,0.0,227.85435374421087,80.0,0.0,321.22045765258554,10516.403535545543,19499.244246565417,359.9411943993777,472.1063830025807,6.306621891383202e-13,unvalidated-engineering-priors,fixed independent scenario factor; no N cycle,2004-08-13,2004-10-03,2004-10-03,physiological_maturity,R6_physiological_maturity,2004-06-16,seed_layer_available_water,50.0
12,ag_046_048,fallow,2004,2004-10-06,2004-10-11,266946.3095325965,adaptive_98,1.0,1.1501910535116622e-13,0.0,0.0,0.0,1.0,0.01,0.0,0.0,17.410274049124496,0.0,0.0,0.0,0.0,0.0,1.0453522248633833,0.0,0.0,17.410274049124496,0.0,0.0,472.1063830025807,453.6607567285928,1.687538997430238e-14,unvalidated-engineering-priors,fixed independent scenario factor; no N cycle,,,,right_censored,BBCH89_full_ripeness,,,
12,ag_046_048,wheat,2005,2004-10-12,2005-06-10,266946.3095325965,adaptive_98,0.75,2.1049828546892968e-13,3.126388037344441e-12,0.0,0.0,0.04267140235271844,134.46,225.0,0.0,200.9187106987605,265.29230651651824,32.62822499049815,0.0,0.0,0.0,26.600754160259978,225.0,0.0,498.8392422057769,8332.014356098643,18459.9829295936,453.6607567285928,287.68076036255667,-7.42572670020536e-13,unvalidated-engineering-priors,fixed independent scenario factor; no N cycle,2005-05-03,,2005-06-10,cut_before_maturity,BBCH89_full_ripeness,2004-10-12,seed_layer_available_water,50.0
12,ag_046_048,fallow,2005,2005-06-11,2005-06-14,266946.3095325965,adaptive_98,0.75,1.0347278589506459e-13,0.0,0.0,0.0,1.0,2.13,0.0,0.0,5.226981176046729,0.0,0.0,0.0,0.0,0.0,0.001996331746636588,0.0,0.0,5.226981176046729,0.0,0.0,287.68076036255667,284.58178285476333,-2.90878432451791e-14,unvalidated-engineering-priors,fixed independent scenario factor; no N cycle,,,,right_censored,BBCH89_full_ripeness,,,
12,ag_046_048,maize,2005,2005-06-15,2005-10-05,266946.3095325965,adaptive_98,0.75,6.934453011808728e-13,5.115907697472721e-12,0.0,0.0,0.03354275471250856,410.16,60.0,0.0,20.057211808816792,233.77559072282506,76.46922197461237,0.0,0.0,0.0,6.006309979417334,60.0,0.0,330.3020245062542,10410.008894747229,19623.240757185693,284.58178285476333,418.4334483690947,-2.9304336734981007e-12,unvalidated-engineering-priors,fixed independent scenario factor; no N cycle,2005-08-12,2005-09-29,2005-09-29,physiological_maturity,R6_physiological_maturity,2005-06-16,seed_layer_available_water,50.0
12,ag_046_048,fallow,2005,2005-10-06,2005-10-11,266946.3095325965,adaptive_98,0.75,6.261657858885883e-14,0.0,0.0,0.0,1.0,5.24,0.0,0.0,17.87517929359851,0.0,0.0,0.0,0.0,0.0,0.15965357436415772,0.0,0.0,17.87517929359851,0.0,0.0,418.4334483690947,405.638615501132,5.81756864903582e-14,unvalidated-engineering-priors,fixed independent scenario factor; no N cycle,,,,right_censored,BBCH89_full_ripeness,,,
12,ag_046_048,wheat,2006,2005-10-12,2006-06-10,266946.3095325965,adaptive_98,1.0,5.53335155473178e-13,3.865352482534945e-12,0.0,0.0,0.04267140235271844,97.5,300.0,0.0,182.3348785767426,263.2292663109675,37.19039305548531,0.0,0.0,0.0,10.5641139136633,300.0,0.0,482.7545379431954,8506.793586817881,18890.182787846177,405.638615501132,309.8199636442718,1.5089596239192815e-12,unvalidated-engineering-priors,fixed independent scenario factor; no N cycle,2006-05-02,,2006-06-10,cut_before_maturity,BBCH89_full_ripeness,2005-10-12,seed_layer_available_water,50.0
12,ag_046_048,fallow,2006,2006-06-11,2006-06-14,266946.3095325965,adaptive_98,1.0,1.3855583347321954e-13,0.0,0.0,0.0,1.0,12.29,0.0,0.0,11.897729260059876,0.0,0.0,0.0,0.0,0.0,0.0021236081867531363,0.0,0.0,11.897729260059876,0.0,0.0,309.8199636442718,310.2101107760253,-1.3788969965844444e-13,unvalidated-engineering-priors,fixed independent scenario factor; no N cycle,,,,right_censored,BBCH89_full_ripeness,,,
12,ag_046_048,maize,2006,2006-06-15,2006-10-05,266946.3095325965,adaptive_98,1.0,6.67021993194794e-13,3.169020601490047e-12,0.0,0.0,0.03354275471250856,407.64,80.0,0.0,19.90323566087706,213.83245391095252,80.03499005011658,0.0,0.0,0.0,26.83791672579458,80.0,0.0,313.77067962194616,9550.986266446243,17967.91871901405,310.2101107760253,457.2415144282811,3.4843794516348225e-12,unvalidated-engineering-priors,fixed independent scenario factor; no N cycle,2006-08-11,2006-09-27,2006-09-27,physiological_maturity,R6_physiological_maturity,2006-06-16,seed_layer_available_water,50.0
12,ag_046_048,fallow,2006,2006-10-06,2006-10-11,266946.3095325965,adaptive_98,1.0,1.1945999744966684e-13,0.0,0.0,0.0,1.0,0.02,0.0,0.0,13.666973453063532,0.0,0.0,0.0,0.0,0.0,1.4281889210145144,0.0,0.0,13.666973453063532,0.0,0.0,457.2415144282811,442.16635205420334,-2.8332891588433995e-13,unvalidated-engineering-priors,fixed independent scenario factor; no N cycle,,,,right_censored,BBCH89_full_ripeness,,,
12,ag_046_048,wheat,2007,2006-10-12,2007-06-10,266946.3095325965,adaptive_98,1.0,5.222489107836736e-13,4.604316927725449e-12,0.0,0.0,0.04267140235271844,136.82999999999998,300.0,0.0,185.1064610897847,312.33400235632047,29.410126631834153,0.0,0.0,0.0,29.15599239273174,300.0,0.0,526.8505900779393,10061.271553502444,22369.48074779818,442.16635205420334,322.98976958353035,1.9522716776521065e-12,unvalidated-engineering-priors,fixed independent scenario factor; no N cycle,2007-05-01,,2007-06-10,cut_before_maturity,BBCH89_full_ripeness,2006-10-12,seed_layer_available_water,50.0
12,ag_046_048,fallow,2007,2007-06-11,2007-06-14,266946.3095325965,adaptive_98,1.0,5.917488721252084e-14,0.0,0.0,0.0,1.0,0.2,0.0,0.0,3.7984974166110086,0.0,0.0,0.0,0.0,0.0,0.0035714535028541746,0.0,0.0,3.7984974166110086,0.0,0.0,322.98976958353035,319.3877007134165,-2.3092638912203256e-14,unvalidated-engineering-priors,fixed independent scenario factor; no N cycle,,,,right_censored,BBCH89_full_ripeness,,,
12,ag_046_048,maize,2007,2007-06-15,2007-10-05,266946.3095325965,adaptive_98,1.0,5.773159728050814e-13,4.632738637155853e-12,0.0,0.0,0.03354275471250856,366.45,80.0,0.0,17.01436152895069,235.21920793687664,82.72411037420535,0.0,0.0,0.0,1.360064269963216,80.0,0.0,334.9576798400327,10353.947213333207,20128.04592773857,319.3877007134165,429.5199566034225,-1.8891554987021664e-12,unvalidated-engineering-priors,fixed independent scenario factor; no N cycle,2007-08-11,2007-09-25,2007-09-25,physiological_maturity,R6_physiological_maturity,2007-06-16,seed_layer_available_water,50.0
12,ag_046_048,fallow,2007,2007-10-06,2007-10-11,266946.3095325965,adaptive_98,1.0,5.1736392947532295e-14,0.0,0.0,0.0,1.0,12.370000000000001,0.0,0.0,10.174303539999999,0.0,0.0,0.0,0.0,0.0,0.029071034141433617,0.0,0.0,10.174303539999999,0.0,0.0,429.5199566034225,431.68658202928094,1.1191048088221578e-13,unvalidated-engineering-priors,fixed independent scenario factor; no N cycle,,,,right_censored,BBCH89_full_ripeness,,,
12,ag_046_048,wheat,2008,2007-10-12,2008-06-10,266946.3095325965,adaptive_98,1.0,6.039613253960852e-13,4.320099833421409e-12,0.0,0.0,0.04267140235271844,188.29,300.0,0.0,213.1717708402354,231.83278143314826,44.558541761017175,0.0,0.0,0.0,19.281847743652147,300.0,0.0,489.5630940344008,7726.291538661859,17876.328046673232,431.68658202928094,411.13164025122876,-8.030243137113757e-13,unvalidated-engineering-priors,fixed independent scenario factor; no N cycle,2008-04-29,2008-06-07,2008-06-07,full_ripeness,BBCH89_full_ripeness,2007-10-12,seed_layer_available_water,50.0
12,ag_046_048,fallow,2008,2008-06-11,2008-06-14,266946.3095325965,adaptive_98,1.0,9.681144774731365e-14,0.0,0.0,0.0,1.0,12.620000000000001,0.0,0.0,13.569957961045048,0.0,0.0,0.0,0.0,0.0,0.11582046529777774,0.0,0.0,13.569957961045048,0.0,0.0,411.13164025122876,410.0658618248859,3.552713678800501e-15,unvalidated-engineering-priors,fixed independent scenario factor; no N cycle,,,,right_censored,BBCH89_full_ripeness,,,
12,ag_046_048,maize,2008,2008-06-15,2008-10-05,266946.3095325965,adaptive_98,1.0,6.705747068735946e-13,3.637978807091713e-12,0.0,0.0,0.03354275471250856,395.69,80.0,0.0,16.22663187587355,220.4062117741534,84.21705896273646,0.0,0.0,0.0,91.77250504976635,80.0,0.0,320.8499026127634,9903.861598956515,18945.44045814777,410.0658618248859,473.1334541623589,-2.7166602301065268e-12,unvalidated-engineering-priors,fixed independent scenario factor; no N cycle,2008-08-11,2008-09-26,2008-09-26,physiological_maturity,R6_physiological_maturity,2008-06-15,seed_layer_available_water,50.0
12,ag_046_048,fallow,2008,2008-10-06,2008-10-11,266946.3095325965,adaptive_98,1.0,9.814371537686384e-14,0.0,0.0,0.0,1.0,1.9000000000000001,0.0,0.0,16.27576585755369,0.0,0.0,0.0,0.0,0.0,1.1069605531283002,0.0,0.0,16.27576585755369,0.0,0.0,473.1334541623589,457.6507277516769,-4.1744385725905886e-14,unvalidated-engineering-priors,fixed independent scenario factor; no N cycle,,,,right_censored,BBCH89_full_ripeness,,,
12,ag_046_048,wheat,2009,2008-10-12,2009-06-10,266946.3095325965,adaptive_98,1.0,4.973799150320701e-13,4.320099833421409e-12,0.0,0.0,0.04267140235271844,124.48,300.0,0.0,194.13558657170626,269.69443724240716,33.15570351459696,0.0,0.0,0.0,32.3713755966585,300.0,0.0,496.98572732871037,8373.15911027896,18459.524319595635,457.6507277516769,352.77362482630775,2.9198865547641617e-13,unvalidated-engineering-priors,fixed independent scenario factor; no N cycle,2009-04-29,2009-06-07,2009-06-07,full_ripeness,BBCH89_full_ripeness,2008-10-12,seed_layer_available_water,50.0
12,ag_046_048,fallow,2009,2009-06-11,2009-06-14,266946.3095325965,adaptive_98,1.0,7.882583474838611e-14,0.0,0.0,0.0,1.0,0.25,0.0,0.0,3.540160803095466,0.0,0.0,0.0,0.0,0.0,0.029013945305511466,0.0,0.0,3.540160803095466,0.0,0.0,352.77362482630775,349.4544500779066,1.8984813721090177e-13,unvalidated-engineering-priors,fixed independent scenario factor; no N cycle,,,,right_censored,BBCH89_full_ripeness,,,
12,ag_046_048,maize,2009,2009-06-15,2009-10-05,266946.3095325965,adaptive_98,1.0,5.497824417943775e-13,6.139089236967266e-12,0.0,0.0,0.03354275471250856,384.82,80.0,0.0,18.720066079621247,258.2546331133204,76.40325114663064,0.0,0.0,0.0,11.877868757345782,80.0,0.0,353.37795033957224,10548.190927262545,20896.088383882765,349.4544500779066,449.0186309809874,1.155742168634788e-12,unvalidated-engineering-priors,fixed independent scenario factor; no N cycle,2009-08-13,2009-10-02,2009-10-02,physiological_maturity,R6_physiological_maturity,2009-06-16,seed_layer_available_water,50.0
12,ag_046_048,fallow,2009,2009-10-06,2009-10-11,266946.3095325965,adaptive_98,1.0,8.348877145181177e-14,0.0,0.0,0.0,1.0,0.21000000000000002,0.0,0.0,12.679914856920753,0.0,0.0,0.0,0.0,0.0,0.7335698414384366,0.0,0.0,12.679914856920753,0.0,0.0,449.0186309809874,435.81514628262806,1.283417816466681e-13,unvalidated-engineering-priors,fixed independent scenario factor; no N cycle,,,,right_censored,BBCH89_full_ripeness,,,
12,ag_046_048,wheat,2010,2009-10-12,2010-06-10,266946.3095325965,adaptive_98,1.0,5.151434834260726e-13,6.252776074688882e-12,0.0,0.0,0.04267140235271844,86.94,300.0,0.0,187.51802719943765,262.7270332806428,33.698108735739694,0.0,0.0,0.0,24.663928933028103,300.0,0.0,483.94316921582015,7438.688239074651,18580.24088233557,435.81514628262806,314.14804813378066,-8.462675005205256e-13,unvalidated-engineering-priors,fixed independent scenario factor; no N cycle,2010-05-13,,2010-06-10,cut_before_maturity,BBCH89_full_ripeness,2009-10-12,seed_layer_available_water,50.0
12,ag_046_048,fallow,2010,2010-06-11,2010-06-14,266946.3095325965,adaptive_98,1.0,9.026113190202523e-14,0.0,0.0,0.0,1.0,0.02,0.0,0.0,4.863908502695964,0.0,0.0,0.0,0.0,0.0,0.006896856061890265,0.0,0.0,4.863908502695964,0.0,0.0,314.14804813378066,309.29724277502294,-1.297850715786808e-13,unvalidated-engineering-priors,fixed independent scenario factor; no N cycle,,,,right_censored,BBCH89_full_ripeness,,,
12,ag_046_048,maize,2010,2010-06-15,2010-10-05,266946.3095325965,adaptive_98,1.0,4.982680934517703e-13,3.694822225952521e-12,0.0,0.0,0.03354275471250856,462.8,80.0,0.0,18.53398395912627,226.8136912722232,86.7366755187224,0.0,0.0,0.0,19.703530830532454,80.0,0.0,332.08435075007185,9925.191612884839,19272.8937544208,309.29724277502294,500.30936119441725,1.3671286325234178e-12,unvalidated-engineering-priors,fixed independent scenario factor; no N cycle,2010-08-12,2010-09-30,2010-09-30,physiological_maturity,R6_physiological_maturity,2010-06-16,seed_layer_available_water,50.0
12,ag_046_048,fallow,2010,2010-10-06,2010-10-11,266946.3095325965,adaptive_98,1.0,7.327471962526033e-14,0.0,0.0,0.0,1.0,0.3,0.0,0.0,18.48005236204805,0.0,0.0,0.0,0.0,0.0,2.608385649699816,0.0,0.0,18.48005236204805,0.0,0.0,500.30936119441725,479.52092318266955,-1.652011860642233e-13,unvalidated-engineering-priors,fixed independent scenario factor; no N cycle,,,,right_censored,BBCH89_full_ripeness,,,
12,ag_046_048,wheat,2011,2010-10-12,2011-06-10,266946.3095325965,adaptive_98,1.0,4.982680934517703e-13,4.220623850414995e-12,0.0,0.0,0.04267140235271844,58.72,300.0,0.0,177.07010272532054,293.54618558110866,16.6464138311994,0.0,0.0,0.0,49.117083444484315,300.0,0.0,487.2627021376286,8582.043025630795,18749.88196195223,479.52092318266955,301.8611376005553,1.3127832154680164e-12,unvalidated-engineering-priors,fixed independent scenario factor; no N cycle,2011-05-02,2011-06-10,2011-06-10,full_ripeness,BBCH89_full_ripeness,2010-10-12,seed_layer_available_water,50.0
12,ag_046_048,fallow,2011,2011-06-11,2011-06-14,266946.3095325965,adaptive_98,1.0,8.737455203799982e-14,0.0,0.0,0.0,1.0,0.23,0.0,0.0,2.47085949620843,0.0,0.0,0.0,0.0,0.0,0.002552976273448276,0.0,0.0,2.47085949620843,0.0,0.0,301.8611376005553,299.61772512807346,-2.7644553313166398e-14,unvalidated-engineering-priors,fixed independent scenario factor; no N cycle,,,,right_censored,BBCH89_full_ripeness,,,
12,ag_046_048,maize,2011,2011-06-15,2011-10-05,266946.3095325965,adaptive_98,1.0,5.657696533489798e-13,5.172751116333529e-12,0.0,0.0,0.03354275471250856,404.71,80.0,0.0,19.28752062367145,210.25030625311345,97.3011441175337,0.0,0.0,0.0,6.943952118338514,80.0,0.0,326.8389709943186,10751.051610039196,19831.166007782227,299.61772512807346,450.544802015415,1.3886669592011458e-12,unvalidated-engineering-priors,fixed independent scenario factor; no N cycle,2011-08-12,2011-10-04,2011-10-04,physiological_maturity,R6_physiological_maturity,2011-06-16,seed_layer_available_water,50.0
12,ag_046_048,fallow,2011,2011-10-06,2011-10-11,266946.3095325965,adaptive_98,1.0,9.50350909079134e-14,0.0,0.0,0.0,1.0,4.25,0.0,0.0,14.769328841489788,0.0,0.0,0.0,0.0,0.0,0.5258619339534875,0.0,0.0,14.769328841489788,0.0,0.0,450.544802015415,439.49961123997167,2.7200464103316335e-14,unvalidated-engineering-priors,fixed independent scenario factor; no N cycle,,,,right_censored,BBCH89_full_ripeness,,,
12,ag_046_048,wheat,2012,2011-10-12,2012-06-10,266946.3095325965,adaptive_98,1.0,5.542233338928781e-13,5.4853899200679734e-12,0.0,0.0,0.04267140235271844,123.3,300.0,0.0,211.1661782626888,260.76368614201755,27.354996947556216,0.0,0.0,0.0,27.23597432386067,300.0,0.0,499.2848613522625,8310.586299007535,18766.28172694042,439.49961123997167,336.2787755638469,1.5916157281026244e-12,unvalidated-engineering-priors,fixed independent scenario factor; no N cycle,2012-05-03,,2012-06-10,cut_before_maturity,BBCH89_full_ripeness,2011-10-12,seed_layer_available_water,50.0
12,ag_046_048,fallow,2012,2012-06-11,2012-06-14,266946.3095325965,adaptive_98,1.0,9.259260025373806e-14,0.0,0.0,0.0,1.0,0.54,0.0,0.0,3.7591859873768545,0.0,0.0,0.0,0.0,0.0,0.012303905214254986,0.0,0.0,3.7591859873768545,0.0,0.0,336.2787755638469,333.04728567125574,7.505107646466058e-14,unvalidated-engineering-priors,fixed independent scenario factor; no N cycle,,,,right_censored,BBCH89_full_ripeness,,,
12,ag_046_048,maize,2012,2012-06-15,2012-10-05,266946.3095325965,adaptive_98,1.0,6.803446694902959e-13,2.7284841053187847e-12,0.0,0.0,0.03354275471250856,564.13,80.0,0.0,20.443159176992822,178.10354086947612,83.0878414040985,0.0,0.0,0.0,188.37141514143073,80.0,0.0,281.63454145056744,8441.83256725015,17119.874219120124,333.04728567125574,507.1713290792538,3.779254686975264e-12,unvalidated-engineering-priors,fixed independent scenario factor; no N cycle,2012-08-11,2012-10-01,2012-10-01,physiological_maturity,R6_physiological_maturity,2012-06-16,seed_layer_available_water,50.0
12,ag_046_048,fallow,2012,2012-10-06,2012-10-11,266946.3095325965,adaptive_98,1.0,7.593925488436071e-14,0.0,0.0,0.0,1.0,0.73,0.0,0.0,18.116887397435622,0.0,0.0,0.0,0.0,0.0,3.2796460083663233,0.0,0.0,18.116887397435622,0.0,0.0,507.1713290792538,486.5047956734518,5.284661597215745e-14,unvalidated-engineering-priors,fixed independent scenario factor; no N cycle,,,,right_censored,BBCH89_full_ripeness,,,
12,ag_046_048,wheat,2013,2012-10-12,2013-06-10,266946.3095325965,adaptive_98,0.75,5.444533712761768e-13,3.780087354243733e-12,0.0,0.0,0.04267140235271844,147.31,225.0,0.0,204.7476108279895,260.7020535302211,34.68772387619653,0.0,0.0,0.0,48.77240655880506,225.0,0.0,500.1373882344071,7977.935039348782,18929.258730027548,486.5047956734518,309.9050008802383,1.300848317953296e-12,unvalidated-engineering-priors,fixed independent scenario factor; no N cycle,2013-05-08,,2013-06-10,cut_before_maturity,BBCH89_full_ripeness,2012-10-12,seed_layer_available_water,50.0
12,ag_046_048,fallow,2013,2013-06-11,2013-06-14,266946.3095325965,adaptive_98,0.75,7.37188088351104e-14,0.0,0.0,0.0,1.0,0.06,0.0,0.0,15.204897269577334,0.0,0.0,0.0,0.0,0.0,0.0036389130818633344,0.0,0.0,15.204897269577334,0.0,0.0,309.9050008802383,294.756464697579,5.995204332975845e-14,unvalidated-engineering-priors,fixed independent scenario factor; no N cycle,,,,right_censored,BBCH89_full_ripeness,,,
12,ag_046_048,maize,2013,2013-06-15,2013-10-05,266946.3095325965,adaptive_98,0.75,6.679101716144942e-13,6.991740519879386e-12,0.0,0.0,0.03354275471250856,422.88,60.0,0.0,17.79459416213725,239.15318222898424,68.58624324239234,0.0,0.0,0.0,17.503232504021412,60.0,0.0,325.5340196335138,9861.484784103373,18712.540896380448,294.756464697579,434.59921256004776,-3.9801217877055706e-12,unvalidated-engineering-priors,fixed independent scenario factor; no N cycle,2013-08-12,2013-09-28,2013-09-28,physiological_maturity,R6_physiological_maturity,2013-06-16,seed_layer_available_water,50.0
12,ag_046_048,fallow,2013,2013-10-06,2013-10-11,266946.3095325965,adaptive_98,0.75,1.141309269314661e-13,0.0,0.0,0.0,1.0,0.69,0.0,0.0,16.982167193515565,0.0,0.0,0.0,0.0,0.0,0.21834683549946707,0.0,0.0,16.982167193515565,0.0,0.0,434.59921256004776,418.08869853103283,-1.0436096431476471e-13,unvalidated-engineering-priors,fixed independent scenario factor; no N cycle,,,,right_censored,BBCH89_full_ripeness,,,
12,ag_046_048,wheat,2014,2013-10-12,2014-06-10,266946.3095325965,adaptive_98,1.0,5.027089855502709e-13,4.291678123991005e-12,0.0,0.0,0.04267140235271844,97.85,300.0,0.0,185.3195554631703,241.74510349326965,35.115885058593406,0.0,0.0,0.0,18.989925637970686,300.0,0.0,462.1805440150334,7865.369486298288,17641.163046437803,418.08869853103283,334.7682288780258,2.972011525770313e-12,unvalidated-engineering-priors,fixed independent scenario factor; no N cycle,2014-04-25,2014-06-06,2014-06-06,full_ripeness,BBCH89_full_ripeness,2013-10-12,seed_layer_available_water,50.0
12,ag_046_048,fallow,2014,2014-06-11,2014-06-14,266946.3095325965,adaptive_98,1.0,3.042011087472929e-14,0.0,0.0,0.0,1.0,0.72,0.0,0.0,2.510952784162032,0.0,0.0,0.0,0.0,0.0,0.01348568209632014,0.0,0.0,2.510952784162032,0.0,0.0,334.7682288780258,332.96379041176755,-9.00390872971002e-14,unvalidated-engineering-priors,fixed independent scenario factor; no N cycle,,,,right_censored,BBCH89_full_ripeness,,,
12,ag_046_048,maize,2014,2014-06-15,2014-10-05,266946.3095325965,adaptive_98,1.0,7.465139617579553e-13,4.931166586175095e-12,0.0,0.0,0.03354275471250856,264.28000000000003,80.0,0.0,17.269378080100786,244.86245686776138,73.50324360108083,0.0,0.0,0.0,3.5546758391703626,80.0,0.0,335.635078548943,9652.1328596196,19235.806579190303,332.96379041176755,338.0540360236538,3.867739462037889e-13,unvalidated-engineering-priors,fixed independent scenario factor; no N cycle,2014-08-12,2014-09-29,2014-09-29,physiological_maturity,R6_physiological_maturity,2014-06-16,seed_layer_available_water,50.0
12,ag_046_048,fallow,2014,2014-10-06,2014-10-11,266946.3095325965,adaptive_98,1.0,1.2168044349891716e-13,0.0,0.0,0.0,1.0,0.0,0.0,0.0,14.01781450272264,0.0,0.0,0.0,0.0,0.0,0.0051850482426867755,0.0,0.0,14.01781450272264,0.0,0.0,338.0540360236538,324.0310364726883,1.6697754290362354e-13,unvalidated-engineering-priors,fixed independent scenario factor; no N cycle,,,,right_censored,BBCH89_full_ripeness,,,
12,ag_046_048,wheat,2015,2014-10-12,2015-06-10,266946.3095325965,adaptive_98,1.0,2.815525590449397e-13,3.467448550509289e-12,0.0,0.0,0.04267140235271844,125.44,300.0,0.0,194.46670988414826,206.81330134968965,41.546521657030375,0.0,0.0,0.0,0.5082485420091604,300.0,0.0,442.8265328908683,6690.643343242466,15386.922897706494,324.0310364726883,306.13625503980984,1.0231815394945443e-12,unvalidated-engineering-priors,fixed independent scenario factor; no N cycle,2015-04-30,2015-06-09,2015-06-09,full_ripeness,BBCH89_full_ripeness,2014-10-12,seed_layer_available_water,50.0
12,ag_046_048,fallow,2015,2015-06-11,2015-06-14,266946.3095325965,adaptive_98,1.0,1.5526468999382814e-13,0.0,0.0,0.0,1.0,0.06999999999999999,0.0,0.0,2.7493535239016675,0.0,0.0,0.0,0.0,0.0,0.0021331459741237655,0.0,0.0,2.7493535239016675,0.0,0.0,306.13625503980984,303.45476836993424,-1.9478862967048372e-13,unvalidated-engineering-priors,fixed independent scenario factor; no N cycle,,,,right_censored,BBCH89_full_ripeness,,,
12,ag_046_048,maize,2015,2015-06-15,2015-10-05,266946.3095325965,adaptive_98,1.0,6.927791673660977e-13,3.979039320256561e-12,0.0,0.0,0.03354275471250856,378.26,80.0,0.0,19.5688236676669,205.3739393638144,87.63553114140763,0.0,0.0,0.0,5.935934703123789,80.0,0.0,312.57829417288895,9739.635762059568,18464.698638166068,303.45476836993424,443.2005394939221,-6.014078124394473e-13,unvalidated-engineering-priors,fixed independent scenario factor; no N cycle,2015-08-12,2015-09-30,2015-09-30,physiological_maturity,R6_physiological_maturity,2015-06-16,seed_layer_available_water,50.0
12,ag_046_048,fallow,2015,2015-10-06,2015-10-11,266946.3095325965,adaptive_98,1.0,1.056932319443149e-13,0.0,0.0,0.0,1.0,0.01,0.0,0.0,17.891855308510525,0.0,0.0,0.0,0.0,0.0,0.5351874567367706,0.0,0.0,17.891855308510525,0.0,0.0,443.2005394939221,424.7834967286748,5.062616992290714e-14,unvalidated-engineering-priors,fixed independent scenario factor; no N cycle,,,,right_censored,BBCH89_full_ripeness,,,
12,ag_046_048,wheat,2016,2015-10-12,2016-06-10,266946.3095325965,adaptive_98,1.0,6.226130722097878e-13,3.353761712787673e-12,0.0,0.0,0.04267140235271844,143.35999999999999,300.0,0.0,234.24167141331836,265.4918676757109,22.541608958741566,0.0,0.0,0.0,26.911625661166816,300.0,0.0,522.2751480477708,8275.692685970278,18470.650070531243,424.7834967286748,318.9567230197363,8.325562461664049e-13,unvalidated-engineering-priors,fixed independent scenario factor; no N cycle,2016-04-29,2016-06-05,2016-06-05,full_ripeness,BBCH89_full_ripeness,2015-10-13,seed_layer_available_water,50.0
12,ag_046_048,fallow,2016,2016-06-11,2016-06-14,266946.3095325965,adaptive_98,1.0,6.838973831690964e-14,0.0,0.0,0.0,1.0,13.94,0.0,0.0,9.169735006794571,0.0,0.0,0.0,0.0,0.0,0.004542275789967492,0.0,0.0,9.169735006794571,0.0,0.0,318.9567230197363,323.7224457371518,-8.104628079763643e-14,unvalidated-engineering-priors,fixed independent scenario factor; no N cycle,,,,right_censored,BBCH89_full_ripeness,,,
12,ag_046_048,maize,2016,2016-06-15,2016-10-05,266946.3095325965,adaptive_98,1.0,1.0942358130705543e-12,3.240074875066057e-12,0.0,0.0,0.03354275471250856,559.91,80.0,0.0,18.887580988250374,190.60115562203555,99.43071844871943,0.0,0.0,0.0,181.71131702615253,80.0,0.0,308.9194550590054,9218.233521664572,17489.453815015244,323.7224457371518,473.0016736519923,1.6144863224099026e-12,unvalidated-engineering-priors,fixed independent scenario factor; no N cycle,2016-08-10,2016-09-24,2016-09-24,physiological_maturity,R6_physiological_maturity,2016-06-15,seed_layer_available_water,50.0
12,ag_046_048,fallow,2016,2016-10-06,2016-10-11,266946.3095325965,adaptive_98,1.0,9.192646643896296e-14,0.0,0.0,0.0,1.0,15.629999999999999,0.0,0.0,15.784294,0.0,0.0,0.0,0.0,0.0,1.9580615236940917,0.0,0.0,15.784294,0.0,0.0,473.0016736519923,470.889318128298,2.1316282072803006e-13,unvalidated-engineering-priors,fixed independent scenario factor; no N cycle,,,,right_censored,BBCH89_full_ripeness,,,
12,ag_046_048,wheat,2017,2016-10-12,2017-06-10,266946.3095325965,adaptive_98,0.75,5.231370892033738e-13,4.263256414560601e-12,0.0,0.0,0.04267140235271844,122.28999999999999,225.0,0.0,206.9278102529077,263.4091936045891,26.481872813660843,0.0,0.0,0.0,44.91813254841483,225.0,0.0,496.8188766711576,8125.549110197632,18509.990681030016,470.889318128298,276.44230890872467,8.450462551934379e-13,unvalidated-engineering-priors,fixed independent scenario factor; no N cycle,2017-04-30,2017-06-06,2017-06-06,full_ripeness,BBCH89_full_ripeness,2016-10-12,seed_layer_available_water,50.0
12,ag_046_048,fallow,2017,2017-06-11,2017-06-14,266946.3095325965,adaptive_98,0.75,3.730349362740526e-14,0.0,0.0,0.0,1.0,17.919999999999998,0.0,0.0,9.704462916999956,0.0,0.0,0.0,0.0,0.0,0.0017392934386247076,0.0,0.0,9.704462916999956,0.0,0.0,276.44230890872467,284.6561066982861,-3.530509218307998e-14,unvalidated-engineering-priors,fixed independent scenario factor; no N cycle,,,,right_censored,BBCH89_full_ripeness,,,
12,ag_046_048,maize,2017,2017-06-15,2017-10-05,266946.3095325965,adaptive_98,0.75,4.765077221691172e-13,3.637978807091713e-12,0.0,0.0,0.03354275471250856,314.18,60.0,0.0,18.03272067823624,236.5414981559231,90.17759403612806,0.0,0.0,0.0,0.14651979576384186,60.0,0.0,344.7518128702874,9783.766724119647,19641.367574488104,284.6561066982861,313.9377740322343,5.810907310888069e-13,unvalidated-engineering-priors,fixed independent scenario factor; no N cycle,2017-08-12,2017-09-26,2017-09-26,physiological_maturity,R6_physiological_maturity,2017-06-15,seed_layer_available_water,50.0
12,ag_046_048,fallow,2017,2017-10-06,2017-10-11,266946.3095325965,adaptive_98,0.75,9.059419880941277e-14,0.0,0.0,0.0,1.0,58.38,0.0,0.0,8.15267617,0.0,0.0,0.0,0.0,0.0,0.0015992352632911778,0.0,0.0,8.15267617,0.0,0.0,313.9377740322343,364.1634986269712,-1.9406698470447736e-13,unvalidated-engineering-priors,fixed independent scenario factor; no N cycle,,,,right_censored,BBCH89_full_ripeness,,,
12,ag_046_048,wheat,2018,2017-10-12,2018-06-10,266946.3095325965,adaptive_98,1.0,5.355715870791755e-13,3.296918293926865e-12,0.0,0.0,0.04267140235271844,212.49,300.0,0.0,208.62563319766122,218.05578825872692,34.625081152768885,0.0,0.0,0.0,4.6748594985299095,300.0,0.0,461.306502609157,7002.404835971331,15893.248877910099,364.1634986269712,410.6721365192838,4.793110353062957e-13,unvalidated-engineering-priors,fixed independent scenario factor; no N cycle,2018-04-30,2018-06-09,2018-06-09,full_ripeness,BBCH89_full_ripeness,2017-10-12,seed_layer_available_water,50.0
12,ag_046_048,fallow,2018,2018-06-11,2018-06-14,266946.3095325965,adaptive_98,1.0,7.549516567451064e-14,0.0,0.0,0.0,1.0,0.39,0.0,0.0,12.760884877508165,0.0,0.0,0.0,0.0,0.0,0.13055705131531187,0.0,0.0,12.760884877508165,0.0,0.0,410.6721365192838,398.1706945904604,-8.08242361927114e-14,unvalidated-engineering-priors,fixed independent scenario factor; no N cycle,,,,right_censored,BBCH89_full_ripeness,,,
12,ag_046_048,maize,2018,2018-06-15,2018-10-05,266946.3095325965,adaptive_98,1.0,5.435651928564766e-13,4.433786671143025e-12,0.0,0.0,0.03354275471250856,293.81,80.0,0.0,19.141381651783,240.9756095856894,79.84536483856046,0.0,0.0,0.0,22.886708114363152,80.0,0.0,339.96235607603285,9630.519131718855,17951.566438322006,398.1706945904604,409.1316304000651,-6.774025784750393e-13,unvalidated-engineering-priors,fixed independent scenario factor; no N cycle,2018-08-11,2018-09-26,2018-09-26,physiological_maturity,R6_physiological_maturity,2018-06-16,seed_layer_available_water,50.0
12,ag_046_048,fallow,2018,2018-10-06,2018-10-11,266946.3095325965,adaptive_98,1.0,8.881784197001252e-14,0.0,0.0,0.0,1.0,0.0,0.0,0.0,12.336701622784629,0.0,0.0,0.0,0.0,0.0,0.3449912915710878,0.0,0.0,12.336701622784629,0.0,0.0,409.1316304000651,396.44993748570937,4.440892098500626e-15,unvalidated-engineering-priors,fixed independent scenario factor; no N cycle,,,,right_censored,BBCH89_full_ripeness,,,
12,ag_046_048,wheat,2019,2018-10-12,2019-06-10,266946.3095325965,adaptive_98,1.0,5.719869022868806e-13,4.696687483374262e-12,0.0,0.0,0.04267140235271844,130.59,300.0,0.0,190.5181527932505,261.23517060233775,24.666092765467628,0.0,0.0,0.0,11.170649675430987,300.0,0.0,476.41941616105584,7517.589915860169,17797.343289703615,396.44993748570937,339.4498716492231,-5.654365864415922e-13,unvalidated-engineering-priors,fixed independent scenario factor; no N cycle,2019-05-01,,2019-06-10,cut_before_maturity,BBCH89_full_ripeness,2018-10-13,seed_layer_available_water,50.0
12,ag_046_048,fallow,2019,2019-06-11,2019-06-14,266946.3095325965,adaptive_98,1.0,5.040412531798211e-14,0.0,0.0,0.0,1.0,0.67,0.0,0.0,8.519675521425725,0.0,0.0,0.0,0.0,0.0,0.0054631579957358945,0.0,0.0,8.519675521425725,0.0,0.0,339.4498716492231,331.5947329698016,2.4202861936828413e-14,unvalidated-engineering-priors,fixed independent scenario factor; no N cycle,,,,right_censored,BBCH89_full_ripeness,,,
12,ag_046_048,maize,2019,2019-06-15,2019-10-05,266946.3095325965,adaptive_98,1.0,5.186961971048731e-13,6.536993168992922e-12,0.0,0.0,0.03354275471250856,263.21,80.0,0.0,19.011943288534965,261.9592634350988,81.50468778386319,0.0,0.0,0.0,1.0760585471976911,80.0,0.0,362.47589450749695,10308.615379972141,20089.929614554887,331.5947329698016,311.25277991510774,-7.579492589115944e-13,unvalidated-engineering-priors,fixed independent scenario factor; no N cycle,2019-08-12,2019-09-27,2019-09-27,physiological_maturity,R6_physiological_maturity,2019-06-16,seed_layer_available_water,50.0
12,ag_046_048,fallow,2019,2019-10-06,2019-10-11,266946.3095325965,adaptive_98,1.0,9.769962616701378e-14,0.0,0.0,0.0,1.0,3.14,0.0,0.0,12.12598984290753,0.0,0.0,0.0,0.0,0.0,0.004214391287991343,0.0,0.0,12.12598984290753,0.0,0.0,311.25277991510774,302.26257568091216,5.306866057708248e-14,unvalidated-engineering-priors,fixed independent scenario factor; no N cycle,,,,right_censored,BBCH89_full_ripeness,,,
12,ag_046_048,wheat,2020,2019-10-12,2020-06-10,266946.3095325965,adaptive_98,1.0,5.74651437545981e-13,3.069544618483633e-12,0.0,0.0,0.04267140235271844,157.45000000000002,300.0,0.0,192.07317604553373,214.74843488732787,30.645923402600218,0.0,0.0,0.0,0.30999221851125713,300.0,0.0,437.46753433546183,7128.355819561237,15794.206081732109,302.26257568091216,321.9350491269387,4.3348657996489237e-13,unvalidated-engineering-priors,fixed independent scenario factor; no N cycle,2020-04-29,2020-06-06,2020-06-06,full_ripeness,BBCH89_full_ripeness,2019-10-12,seed_layer_available_water,50.0
12,ag_046_048,fallow,2020,2020-06-11,2020-06-14,266946.3095325965,adaptive_98,1.0,9.447997939560082e-14,0.0,0.0,0.0,1.0,0.4,0.0,0.0,2.471468071440162,0.0,0.0,0.0,0.0,0.0,0.005313775307535804,0.0,0.0,2.471468071440162,0.0,0.0,321.9350491269387,319.8582672801909,9.43689570931383e-14,unvalidated-engineering-priors,fixed independent scenario factor; no N cycle,,,,right_censored,BBCH89_full_ripeness,,,
12,ag_046_048,maize,2020,2020-06-15,2020-10-05,266946.3095325965,adaptive_98,1.0,7.149836278586008e-13,2.5863755581667647e-12,0.0,0.0,0.03354275471250856,439.35,80.0,0.0,19.312440683305102,201.99728822315535,67.73753399720614,0.0,0.0,0.0,53.27512046528588,80.0,0.0,289.0472629036666,8829.257381667629,17029.297358966112,319.8582672801909,496.885883911237,1.4183099139586375e-12,unvalidated-engineering-priors,fixed independent scenario factor; no N cycle,2020-08-12,2020-09-28,2020-09-28,physiological_maturity,R6_physiological_maturity,2020-06-16,seed_layer_available_water,50.0
12,ag_046_048,fallow,2020,2020-10-06,2020-10-11,266946.3095325965,adaptive_98,1.0,9.14823772291129e-14,0.0,0.0,0.0,1.0,0.08,0.0,0.0,15.605307033648975,0.0,0.0,0.0,0.0,0.0,2.021208475878178,0.0,0.0,15.605307033648975,0.0,0.0,496.885883911237,479.3393684017098,2.9753977059954195e-14,unvalidated-engineering-priors,fixed independent scenario factor; no N cycle,,,,right_censored,BBCH89_full_ripeness,,,
12,ag_046_048,wheat,2021,2020-10-12,2021-06-10,266946.3095325965,adaptive_98,1.0,6.09734485124136e-13,4.604316927725449e-12,0.0,0.0,0.04267140235271844,100.67,300.0,0.0,195.58011072524587,284.75052426226637,25.695716143965285,0.0,0.0,0.0,47.539906154460795,300.0,0.0,506.0263511314775,8607.225100663518,19759.70897427216,479.3393684017098,326.44311111577025,1.2477796573762134e-12,unvalidated-engineering-priors,fixed independent scenario factor; no N cycle,2021-04-27,2021-06-03,2021-06-03,full_ripeness,BBCH89_full_ripeness,2020-10-12,seed_layer_available_water,50.0
12,ag_046_048,fallow,2021,2021-06-11,2021-06-14,266946.3095325965,adaptive_98,1.0,1.6253665080512292e-13,0.0,0.0,0.0,1.0,5.25,0.0,0.0,8.901455581193328,0.0,0.0,0.0,0.0,0.0,0.0055795680640214505,0.0,0.0,8.901455581193328,0.0,0.0,326.44311111577025,322.78607596651307,-1.667554982986985e-13,unvalidated-engineering-priors,fixed independent scenario factor; no N cycle,,,,right_censored,BBCH89_full_ripeness,,,
12,ag_046_048,maize,2021,2021-06-15,2021-10-05,266946.3095325965,adaptive_98,1.0,5.728750807065808e-13,6.679101716144942e-12,1.4210854715202004e-14,0.0,0.03354275471250856,578.99,80.0,0.0,17.959220488505753,202.2033466745097,92.25919977303808,0.0,0.0,0.0,23.458506541831277,80.0,0.0,312.42176693605353,9025.627068731616,17959.90491098261,322.78607596651307,645.89580248863,-1.7501555760190968e-12,unvalidated-engineering-priors,fixed independent scenario factor; no N cycle,2021-08-10,2021-09-24,2021-09-24,physiological_maturity,R6_physiological_maturity,2021-06-15,seed_layer_available_water,50.0
12,ag_046_048,fallow,2021,2021-10-06,2021-10-11,266946.3095325965,adaptive_98,1.0,1.794120407794253e-13,0.0,0.0,0.0,1.0,34.75,0.0,0.0,11.443648099999999,0.0,0.0,0.0,0.0,0.0,50.55348690779423,0.0,0.0,11.443648099999999,0.0,0.0,645.89580248863,618.6486674808353,4.4142467459096224e-13,unvalidated-engineering-priors,fixed independent scenario factor; no N cycle,,,,right_censored,BBCH89_full_ripeness,,,
12,ag_046_048,wheat,2022,2021-10-12,2022-06-10,266946.3095325965,adaptive_98,0.75,4.858335955759685e-13,4.916955731459893e-12,0.0,0.0,0.04267140235271844,99.78,225.0,0.0,194.58989698242394,288.0707013163986,20.839361942496176,0.0,0.0,0.0,159.6145766954693,225.0,0.0,503.49996024131866,8723.51843626895,19373.297142333504,618.6486674808353,280.3141305440478,-4.620748228489902e-13,unvalidated-engineering-priors,fixed independent scenario factor; no N cycle,2022-04-27,2022-06-09,2022-06-09,full_ripeness,BBCH89_full_ripeness,2021-10-12,seed_layer_available_water,50.0
12,ag_046_048,fallow,2022,2022-06-11,2022-06-14,266946.3095325965,adaptive_98,0.75,7.482903185973555e-14,0.0,0.0,0.0,1.0,2.87,0.0,0.0,3.5167453601741574,0.0,0.0,0.0,0.0,0.0,0.0016119239896152573,0.0,0.0,3.5167453601741574,0.0,0.0,280.3141305440478,279.665773259884,3.519406988061746e-14,unvalidated-engineering-priors,fixed independent scenario factor; no N cycle,,,,right_censored,BBCH89_full_ripeness,,,
12,ag_046_048,maize,2022,2022-06-15,2022-10-05,266946.3095325965,adaptive_98,0.75,4.902744876744691e-13,3.0411229090532288e-12,0.0,0.0,0.03354275471250856,512.52,60.0,0.0,20.154849088748147,225.63046219190232,67.53044800053199,0.0,0.0,0.0,43.68053190693826,60.0,0.0,313.31575928118247,9561.445100293033,18001.113173618403,279.665773259884,495.1894820717604,2.9247715360725124e-12,unvalidated-engineering-priors,fixed independent scenario factor; no N cycle,2022-08-13,2022-09-28,2022-09-28,physiological_maturity,R6_physiological_maturity,2022-06-16,seed_layer_available_water,50.0
12,ag_046_048,fallow,2022,2022-10-06,2022-10-11,266946.3095325965,adaptive_98,0.75,1.1901590823981678e-13,0.0,0.0,0.0,1.0,0.06,0.0,0.0,19.0835539,0.0,0.0,0.0,0.0,0.0,0.8671699300457476,0.0,0.0,19.0835539,0.0,0.0,495.1894820717604,475.2987582417147,-8.881784197001252e-14,unvalidated-engineering-priors,fixed independent scenario factor; no N cycle,,,,right_censored,BBCH89_full_ripeness,,,
12,ag_046_048,wheat,2023,2022-10-12,2023-06-10,266946.3095325965,adaptive_98,1.0,6.59916565837193e-13,3.751665644813329e-12,0.0,0.0,0.04267140235271844,142.95,300.0,0.0,214.60801993180448,239.05185565523493,37.51650262771499,0.0,0.0,0.0,44.55023385873119,300.0,0.0,491.17637821475444,7705.040207878441,17360.462431895503,475.2987582417147,382.5221461682302,-1.1077805339709812e-12,unvalidated-engineering-priors,fixed independent scenario factor; no N cycle,2023-04-28,2023-06-04,2023-06-04,full_ripeness,BBCH89_full_ripeness,2022-10-12,seed_layer_available_water,50.0
12,ag_046_048,fallow,2023,2023-06-11,2023-06-14,266946.3095325965,adaptive_98,1.0,5.284661597215745e-14,0.0,0.0,0.0,1.0,0.8699999999999999,0.0,0.0,3.8811922438807906,0.0,0.0,0.0,0.0,0.0,0.10635830628548634,0.0,0.0,3.8811922438807906,0.0,0.0,382.5221461682302,379.40459561806387,7.926992395823618e-14,unvalidated-engineering-priors,fixed independent scenario factor; no N cycle,,,,right_censored,BBCH89_full_ripeness,,,
12,ag_046_048,maize,2023,2023-06-15,2023-10-05,266946.3095325965,adaptive_98,1.0,6.625811010962934e-13,3.979039320256561e-12,0.0,0.0,0.03354275471250856,371.64,80.0,0.0,19.439531094112642,256.32085987190993,81.65770657460749,0.0,0.0,0.0,40.26498686896909,80.0,0.0,357.4180975406301,10108.584253078518,20414.278183077906,379.40459561806387,433.3615112084646,8.515410598874951e-14,unvalidated-engineering-priors,fixed independent scenario factor; no N cycle,2023-08-13,2023-09-27,2023-09-27,physiological_maturity,R6_physiological_maturity,2023-06-16,seed_layer_available_water,50.0
12,ag_046_048,fallow,2023,2023-10-06,2023-10-11,266946.3095325965,adaptive_98,1.0,6.394884621840902e-14,0.0,0.0,0.0,1.0,0.01,0.0,0.0,13.220230136063746,0.0,0.0,0.0,0.0,0.0,0.6174955610931372,0.0,0.0,13.220230136063746,0.0,0.0,433.3615112084646,419.5337855113078,-1.0391687510491465e-13,unvalidated-engineering-priors,fixed independent scenario factor; no N cycle,,,,right_censored,BBCH89_full_ripeness,,,
12,ag_046_048,wheat,2024,2023-10-12,2024-06-10,266946.3095325965,adaptive_98,1.0,6.785683126508957e-13,2.5721647034515627e-12,0.0,0.0,0.04267140235271844,105.38,300.0,0.0,196.8979990728284,250.27457716083825,37.054384985901066,0.0,0.0,0.0,18.53228089620603,300.0,0.0,484.2269612195677,8281.497992651286,18525.882523628396,419.5337855113078,322.15454339553395,1.1896039708858552e-13,unvalidated-engineering-priors,fixed independent scenario factor; no N cycle,2024-04-28,2024-06-07,2024-06-07,full_ripeness,BBCH89_full_ripeness,2023-10-12,seed_layer_available_water,50.0
12,ag_046_048,fallow,2024,2024-06-11,2024-06-14,266946.3095325965,adaptive_98,1.0,8.404388296412435e-14,0.0,0.0,0.0,1.0,0.37,0.0,0.0,3.0542012123760585,0.0,0.0,0.0,0.0,0.0,0.0062860807277933806,0.0,0.0,3.0542012123760585,0.0,0.0,322.15454339553395,319.4640561024299,2.1815882433884326e-13,unvalidated-engineering-priors,fixed independent scenario factor; no N cycle,,,,right_censored,BBCH89_full_ripeness,,,
12,ag_046_048,maize,2024,2024-06-15,2024-10-05,266946.3095325965,adaptive_98,1.0,4.3520742565306136e-13,2.9558577807620168e-12,0.0,0.0,0.03354275471250856,421.52,80.0,0.0,20.223805638284873,218.25319053252878,82.53092058648933,0.0,0.0,0.0,7.258374934759843,80.0,0.0,321.007916757303,9236.197715332868,17907.201754118054,319.4640561024299,492.7177644103688,-1.722844089613318e-12,unvalidated-engineering-priors,fixed independent scenario factor; no N cycle,2024-08-12,2024-09-26,2024-09-26,physiological_maturity,R6_physiological_maturity,2024-06-16,seed_layer_available_water,50.0
12,ag_046_048,fallow,2024,2024-10-06,2024-10-11,266946.3095325965,adaptive_98,1.0,8.260059303211165e-14,0.0,0.0,0.0,1.0,1.22,0.0,0.0,16.45123853867516,0.0,0.0,0.0,0.0,0.0,1.2096621808643684,0.0,0.0,16.45123853867516,0.0,0.0,492.7177644103688,476.2768636908294,-1.2856382625159313e-13,unvalidated-engineering-priors,fixed independent scenario factor; no N cycle,,,,right_censored,BBCH89_full_ripeness,,,
12,ag_046_048,wheat,2025,2024-10-12,2025-06-10,266946.3095325965,adaptive_98,1.0,4.46753745109163e-13,2.4442670110147446e-12,0.0,0.0,0.04267140235271844,106.34,300.0,0.0,214.15068529126157,266.4661483138408,21.534441095831866,0.0,0.0,0.0,49.56295059845922,300.0,0.0,502.1512747009342,7605.626199105494,17263.681161991786,476.2768636908294,330.90263839143535,5.850875339774575e-13,unvalidated-engineering-priors,fixed independent scenario factor; no N cycle,2025-04-25,2025-06-03,2025-06-03,full_ripeness,BBCH89_full_ripeness,2024-10-12,seed_layer_available_water,50.0
12,ag_046_048,fallow,2025,2025-06-11,2025-06-14,266946.3095325965,adaptive_98,1.0,1.0036416142611415e-13,0.0,0.0,0.0,1.0,10.069999999999999,0.0,0.0,4.249653235786247,0.0,0.0,0.0,0.0,0.0,0.010318358851875452,0.0,0.0,4.249653235786247,0.0,0.0,330.90263839143535,336.7126667967971,9.992007221626409e-14,unvalidated-engineering-priors,fixed independent scenario factor; no N cycle,,,,right_censored,BBCH89_full_ripeness,,,
12,ag_046_048,maize,2025,2025-06-15,2025-10-05,266946.3095325965,adaptive_98,1.0,5.273559366969494e-13,3.637978807091713e-12,0.0,0.0,0.03354275471250856,346.6,80.0,0.0,19.89077898970191,205.36604350077636,88.93615889365095,0.0,0.0,0.0,5.698414718116851,80.0,0.0,314.1929813841292,8373.371991204796,16700.263853885877,336.7126667967971,443.42127069455563,-4.595879232738298e-12,unvalidated-engineering-priors,fixed independent scenario factor; no N cycle,2025-08-10,2025-09-23,2025-09-23,physiological_maturity,R6_physiological_maturity,2025-06-15,seed_layer_available_water,50.0
12,ag_046_048,fallow,1996,1996-01-01,1996-10-11,266946.3095325965,rain_95_matched,1.0,2.4513724383723456e-13,0.0,0.0,0.0,1.0,831.0699999999999,0.0,0.0,445.5901234762376,0.0,0.0,0.0,0.0,0.0,283.08770258802235,0.0,0.0,445.5901234762376,0.0,0.0,381.49245737517947,483.884631310919,5.146855164284148e-13,unvalidated-engineering-priors,fixed independent scenario factor; no N cycle,,,,right_censored,BBCH89_full_ripeness,,,
12,ag_046_048,wheat,1997,1996-10-12,1997-06-10,266946.3095325965,rain_95_matched,1.0,5.364597654988756e-13,6.210143510543276e-12,0.0,0.0,0.04267140235271844,100.66,300.0,0.0,185.6759642371982,272.927942488179,23.584860036604343,0.0,0.0,0.0,59.77866244107508,300.0,0.0,482.1887667619815,9082.222066728029,20021.584439352482,483.884631310919,342.57720210786357,-1.1273759703556152e-12,unvalidated-engineering-priors,fixed independent scenario factor; no N cycle,1997-05-02,1997-06-08,1997-06-08,full_ripeness,BBCH89_full_ripeness,1996-10-12,seed_layer_available_water,50.0
12,ag_046_048,fallow,1997,1997-06-11,1997-06-14,266946.3095325965,rain_95_matched,1.0,6.650235917504688e-14,0.0,0.0,0.0,1.0,1.8800000000000001,0.0,0.0,5.402119909226333,0.0,0.0,0.0,0.0,0.0,0.016603390297802056,0.0,0.0,5.402119909226333,0.0,0.0,342.57720210786357,339.0384788083393,1.5765166949677223e-13,unvalidated-engineering-priors,fixed independent scenario factor; no N cycle,,,,right_censored,BBCH89_full_ripeness,,,
12,ag_046_048,maize,1997,1997-06-15,1997-10-05,266946.3095325965,rain_95_matched,1.0,2.611244553918368e-13,4.661160346586257e-12,0.0,0.0,0.03354275471250856,190.58,80.0,0.0,21.76675846228189,230.04354289263082,66.57870295148375,0.0,0.0,0.0,0.613035759741995,80.0,0.0,318.38900430639643,10332.98925898662,20437.25518941345,339.0384788083393,290.61643874220016,6.613598557692058e-13,unvalidated-engineering-priors,fixed independent scenario factor; no N cycle,1997-08-13,1997-10-01,1997-10-01,physiological_maturity,R6_physiological_maturity,1997-06-16,seed_layer_available_water,50.0
12,ag_046_048,fallow,1997,1997-10-06,1997-10-11,266946.3095325965,rain_95_matched,1.0,6.350475700855895e-14,0.0,0.0,0.0,1.0,0.0,0.0,0.0,15.810270009413562,0.0,0.0,0.0,0.0,0.0,0.00046482430022264044,0.0,0.0,15.810270009413562,0.0,0.0,290.61643874220016,274.8057039084864,-3.352873534367973e-14,unvalidated-engineering-priors,fixed independent scenario factor; no N cycle,,,,right_censored,BBCH89_full_ripeness,,,
12,ag_046_048,wheat,1998,1997-10-12,1998-06-10,266946.3095325965,rain_95_matched,1.0,2.042810365310288e-13,2.9558577807620168e-12,0.0,0.0,0.04267140235271844,191.31,300.0,0.0,224.20278447275987,174.959062543421,53.00587037160909,0.0,0.0,0.0,0.04210967317097511,300.0,0.0,452.16771738779,6797.075566297423,14935.368767833334,274.8057039084864,313.90587684752467,7.982781102811032e-13,unvalidated-engineering-priors,fixed independent scenario factor; no N cycle,1998-05-02,1998-06-08,1998-06-08,full_ripeness,BBCH89_full_ripeness,1997-10-13,seed_layer_available_water,50.0
12,ag_046_048,fallow,1998,1998-06-11,1998-06-14,266946.3095325965,rain_95_matched,1.0,4.241051954068098e-14,0.0,0.0,0.0,1.0,0.99,0.0,0.0,4.65301216706695,0.0,0.0,0.0,0.0,0.0,0.001323853855181483,0.0,0.0,4.65301216706695,0.0,0.0,313.90587684752467,310.2415408266026,-6.661338147750939e-14,unvalidated-engineering-priors,fixed independent scenario factor; no N cycle,,,,right_censored,BBCH89_full_ripeness,,,
12,ag_046_048,maize,1998,1998-06-15,1998-10-05,266946.3095325965,rain_95_matched,1.0,8.979483823168266e-13,2.3590018827235326e-12,0.0,0.0,0.03354275471250856,481.19,80.0,0.0,20.515304171651877,238.0133398271159,76.88448012864541,0.0,0.0,0.0,74.96155773641166,80.0,0.0,335.4131241274132,9766.572965547544,18677.906077633736,310.2415408266026,461.0568589627762,1.5445422718585178e-12,unvalidated-engineering-priors,fixed independent scenario factor; no N cycle,1998-08-12,1998-09-26,1998-09-26,physiological_maturity,R6_physiological_maturity,1998-06-16,seed_layer_available_water,50.0
12,ag_046_048,fallow,1998,1998-10-06,1998-10-11,266946.3095325965,rain_95_matched,1.0,8.393286066166183e-14,0.0,0.0,0.0,1.0,8.09,0.0,0.0,12.098324328521668,0.0,0.0,0.0,0.0,0.0,1.8014455564456096,0.0,0.0,12.098324328521668,0.0,0.0,461.0568589627762,455.24708907780894,-3.952393967665557e-14,unvalidated-engineering-priors,fixed independent scenario factor; no N cycle,,,,right_censored,BBCH89_full_ripeness,,,
12,ag_046_048,wheat,1999,1998-10-12,1999-06-10,266946.3095325965,rain_95_matched,1.0,6.084022174945858e-13,2.6005864128819667e-12,0.0,0.0,0.04267140235271844,91.78999999999999,300.0,0.0,188.38121331118808,242.88001836113912,38.01761075330361,0.0,0.0,0.0,35.94515372908222,300.0,0.0,469.2788424256308,7855.999936302504,17673.18345017344,455.24708907780894,341.8130929230992,-3.2817082384895002e-12,unvalidated-engineering-priors,fixed independent scenario factor; no N cycle,1999-04-30,1999-06-07,1999-06-07,full_ripeness,BBCH89_full_ripeness,1998-10-12,seed_layer_available_water,50.0
12,ag_046_048,fallow,1999,1999-06-11,1999-06-14,266946.3095325965,rain_95_matched,1.0,9.980904991380157e-14,0.0,0.0,0.0,1.0,7.71,0.0,0.0,5.251527677163287,0.0,0.0,0.0,0.0,0.0,0.014695105394127586,0.0,0.0,5.251527677163287,0.0,0.0,341.8130929230992,344.2568701405417,6.88338275267597e-14,unvalidated-engineering-priors,fixed independent scenario factor; no N cycle,,,,right_censored,BBCH89_full_ripeness,,,
12,ag_046_048,maize,1999,1999-06-15,1999-10-05,266946.3095325965,rain_95_matched,1.0,6.403766406037903e-13,2.8421709430404007e-12,0.0,0.0,0.03354275471250856,285.82,80.0,0.0,18.268290536251858,215.92928394208033,100.3884898162439,0.0,0.0,0.0,1.538855650907615,80.0,0.0,334.5860642945761,10051.056042604856,19476.393737436556,344.2568701405417,373.9519501950594,-1.4073187060148484e-12,unvalidated-engineering-priors,fixed independent scenario factor; no N cycle,1999-08-12,1999-09-28,1999-09-28,physiological_maturity,R6_physiological_maturity,1999-06-15,seed_layer_available_water,50.0
12,ag_046_048,fallow,1999,1999-10-06,1999-10-11,266946.3095325965,rain_95_matched,1.0,1.1057821325266559e-13,0.0,0.0,0.0,1.0,0.16,0.0,0.0,16.061385501882384,0.0,0.0,0.0,0.0,0.0,0.010318593371038342,0.0,0.0,16.061385501882384,0.0,0.0,373.9519501950594,358.04024609980587,1.0258460747536446e-13,unvalidated-engineering-priors,fixed independent scenario factor; no N cycle,,,,right_censored,BBCH89_full_ripeness,,,
12,ag_046_048,wheat,2000,1999-10-12,2000-06-10,266946.3095325965,rain_95_matched,1.0,5.790923296444817e-13,2.3874235921539366e-12,0.0,0.0,0.04267140235271844,118.11,300.0,0.0,207.69040523621237,251.6988400544743,30.853238497261447,0.0,0.0,0.0,1.9721314037040973,300.0,0.0,490.2424837879481,7520.89525091503,16945.608512515668,358.04024609980587,283.9356309081556,-1.9265977702076498e-12,unvalidated-engineering-priors,fixed independent scenario factor; no N cycle,2000-04-30,2000-06-07,2000-06-07,full_ripeness,BBCH89_full_ripeness,1999-10-12,seed_layer_available_water,50.0
12,ag_046_048,fallow,2000,2000-06-11,2000-06-14,266946.3095325965,rain_95_matched,1.0,4.696243394164412e-14,0.0,0.0,0.0,1.0,1.11,0.0,0.0,2.9869533945458207,0.0,0.0,0.0,0.0,0.0,0.0007300755274697729,0.0,0.0,2.9869533945458207,0.0,0.0,283.9356309081556,282.05794743808235,-5.362377208939506e-14,unvalidated-engineering-priors,fixed independent scenario factor; no N cycle,,,,right_censored,BBCH89_full_ripeness,,,
12,ag_046_048,maize,2000,2000-06-15,2000-10-05,266946.3095325965,rain_95_matched,1.0,9.352518759442319e-13,3.126388037344441e-12,0.0,0.0,0.03354275471250856,545.71,80.0,0.0,19.40615315272261,200.2689416772541,82.62238950242352,0.0,0.0,0.0,95.10925504501888,80.0,0.0,302.29748433240024,9452.171907855649,18120.58932161899,282.05794743808235,510.36120806065804,5.201505892671321e-12,unvalidated-engineering-priors,fixed independent scenario factor; no N cycle,2000-08-12,2000-09-28,2000-09-28,physiological_maturity,R6_physiological_maturity,2000-06-16,seed_layer_available_water,50.0
12,ag_046_048,fallow,2000,2000-10-06,2000-10-11,266946.3095325965,rain_95_matched,1.0,1.2612133559741778e-13,0.0,0.0,0.0,1.0,53.4,0.0,0.0,13.2342224,0.0,0.0,0.0,0.0,0.0,2.7952494469740365,0.0,0.0,13.2342224,0.0,0.0,510.36120806065804,547.7317362136839,8.970602038971265e-14,unvalidated-engineering-priors,fixed independent scenario factor; no N cycle,,,,right_censored,BBCH89_full_ripeness,,,
12,ag_046_048,wheat,2001,2000-10-12,2001-06-10,266946.3095325965,rain_95_matched,1.0,6.67021993194794e-13,4.320099833421409e-12,0.0,0.0,0.04267140235271844,115.6,300.0,0.0,232.74684748011146,287.80983177147647,17.298877125545577,0.0,0.0,0.0,118.66142911612606,300.0,0.0,537.8555563771334,8153.524123598626,19235.14341037108,547.7317362136839,306.81475072041957,4.792666263853107e-12,unvalidated-engineering-priors,fixed independent scenario factor; no N cycle,2001-05-02,,2001-06-10,cut_before_maturity,BBCH89_full_ripeness,2000-10-12,seed_layer_available_water,50.0
12,ag_046_048,fallow,2001,2001-06-11,2001-06-14,266946.3095325965,rain_95_matched,1.0,7.455147610357926e-14,0.0,0.0,0.0,1.0,15.82,0.0,0.0,5.464529018431588,0.0,0.0,0.0,0.0,0.0,0.003952922158838443,0.0,0.0,5.464529018431588,0.0,0.0,306.81475072041957,317.1662687798292,-3.813616089587413e-14,unvalidated-engineering-priors,fixed independent scenario factor; no N cycle,,,,right_censored,BBCH89_full_ripeness,,,
12,ag_046_048,maize,2001,2001-06-15,2001-10-05,266946.3095325965,rain_95_matched,1.0,8.775202786637237e-13,4.661160346586257e-12,0.0,0.0,0.03354275471250856,486.67,80.0,0.0,16.8482605287426,242.449418089715,78.22624658847565,0.0,0.0,0.0,107.50808990989587,80.0,0.0,337.52392520693326,10355.854052013525,19912.338246117004,317.1662687798292,438.8042536629963,3.758493516414774e-12,unvalidated-engineering-priors,fixed independent scenario factor; no N cycle,2001-08-11,2001-09-26,2001-09-26,physiological_maturity,R6_physiological_maturity,2001-06-15,seed_layer_available_water,50.0
12,ag_046_048,fallow,2001,2001-10-06,2001-10-11,266946.3095325965,rain_95_matched,1.0,1.305622276959184e-13,0.0,0.0,0.0,1.0,6.28,0.0,0.0,15.552565191156805,0.0,0.0,0.0,0.0,0.0,0.6833498073178832,0.0,0.0,15.552565191156805,0.0,0.0,438.8042536629963,428.8483386645216,3.5083047578154947e-14,unvalidated-engineering-priors,fixed independent scenario factor; no N cycle,,,,right_censored,BBCH89_full_ripeness,,,
12,ag_046_048,wheat,2002,2001-10-12,2002-06-10,266946.3095325965,rain_95_matched,1.0,4.911626660941693e-13,3.161915174132446e-12,0.0,0.0,0.04267140235271844,148.84,300.0,0.0,203.03962866408276,227.4931609249691,37.02589537667172,0.0,0.0,0.0,22.423528008772706,300.0,0.0,467.55868496572356,7700.5995645381345,17002.71192984516,428.8483386645216,387.706125690025,3.144706717250756e-13,unvalidated-engineering-priors,fixed independent scenario factor; no N cycle,2002-04-25,2002-06-07,2002-06-07,full_ripeness,BBCH89_full_ripeness,2001-10-12,seed_layer_available_water,50.0
12,ag_046_048,fallow,2002,2002-06-11,2002-06-14,266946.3095325965,rain_95_matched,1.0,6.838973831690964e-14,0.0,0.0,0.0,1.0,1.7000000000000002,0.0,0.0,16.367258474986798,0.0,0.0,0.0,0.0,0.0,0.039133614320495086,0.0,0.0,16.367258474986798,0.0,0.0,387.706125690025,372.9997336007176,7.904787935331115e-14,unvalidated-engineering-priors,fixed independent scenario factor; no N cycle,,,,right_censored,BBCH89_full_ripeness,,,
12,ag_046_048,maize,2002,2002-06-15,2002-10-05,266946.3095325965,rain_95_matched,1.0,6.021849685566849e-13,2.3021584638627246e-12,0.0,0.0,0.03354275471250856,282.34,80.0,0.0,18.68932980510644,230.95008901797902,74.01412568813755,0.0,0.0,0.0,23.158384887052513,80.0,0.0,323.653544511223,9955.578106137591,18676.15258721311,372.9997336007176,388.5278042024438,-1.7221779557985428e-12,unvalidated-engineering-priors,fixed independent scenario factor; no N cycle,2002-08-13,2002-10-01,2002-10-01,physiological_maturity,R6_physiological_maturity,2002-06-16,seed_layer_available_water,50.0
12,ag_046_048,fallow,2002,2002-10-06,2002-10-11,266946.3095325965,rain_95_matched,1.0,1.1590728377086634e-13,0.0,0.0,0.0,1.0,0.51,0.0,0.0,15.003502668488393,0.0,0.0,0.0,0.0,0.0,0.07818315275016534,0.0,0.0,15.003502668488393,0.0,0.0,388.5278042024438,373.9561183812052,3.086420008457935e-14,unvalidated-engineering-priors,fixed independent scenario factor; no N cycle,,,,right_censored,BBCH89_full_ripeness,,,
12,ag_046_048,wheat,2003,2002-10-12,2003-06-10,266946.3095325965,rain_95_matched,0.75,4.636291350834654e-13,3.083755473198835e-12,0.0,0.0,0.04267140235271844,193.65,225.0,0.0,214.4436840153911,193.35565412306764,46.223740969349066,0.0,0.0,0.0,3.883881056030091,225.0,0.0,454.0230791078078,7352.525195457128,16313.097687244172,373.9561183812052,334.699158217368,-6.758205106649484e-13,unvalidated-engineering-priors,fixed independent scenario factor; no N cycle,2003-05-05,,2003-06-10,cut_before_maturity,BBCH89_full_ripeness,2002-10-12,seed_layer_available_water,50.0
12,ag_046_048,fallow,2003,2003-06-11,2003-06-14,266946.3095325965,rain_95_matched,0.75,7.904787935331115e-14,0.0,0.0,0.0,1.0,3.0599999999999996,0.0,0.0,9.098707446163875,0.0,0.0,0.0,0.0,0.0,0.005608004987323828,0.0,0.0,9.098707446163875,0.0,0.0,334.699158217368,328.65484276621675,4.929390229335695e-14,unvalidated-engineering-priors,fixed independent scenario factor; no N cycle,,,,right_censored,BBCH89_full_ripeness,,,
12,ag_046_048,maize,2003,2003-06-15,2003-10-05,266946.3095325965,rain_95_matched,0.75,5.409006575973763e-13,3.325340003357269e-12,0.0,0.0,0.03354275471250856,402.27,60.0,0.0,19.455591531054207,176.81015976313466,89.43956978771847,0.0,0.0,0.0,6.14190017717735,60.0,0.0,285.70532108190736,8598.791934428358,16880.528521273845,328.65484276621675,499.07762150712995,2.109312724485335e-12,unvalidated-engineering-priors,fixed independent scenario factor; no N cycle,2003-08-12,2003-10-01,2003-10-01,physiological_maturity,R6_physiological_maturity,2003-06-16,seed_layer_available_water,50.0
12,ag_046_048,fallow,2003,2003-10-06,2003-10-11,266946.3095325965,rain_95_matched,0.75,8.615330671091215e-14,0.0,0.0,0.0,1.0,67.13,0.0,0.0,11.772914499999999,0.0,0.0,0.0,0.0,0.0,1.4647782184396925,0.0,0.0,11.772914499999999,0.0,0.0,499.07762150712995,552.9699287886903,3.552713678800501e-15,unvalidated-engineering-priors,fixed independent scenario factor; no N cycle,,,,right_censored,BBCH89_full_ripeness,,,
12,ag_046_048,wheat,2004,2003-10-12,2004-06-10,266946.3095325965,rain_95_matched,0.75,3.632649736573512e-13,3.694822225952521e-12,0.0,0.0,0.04267140235271844,152.57,225.0,0.0,222.90970721203774,252.0170776346892,39.829443971716216,0.0,0.0,0.0,100.35617947792632,225.0,0.0,514.7562288184432,8322.799565524185,18362.099299364323,552.9699287886903,315.4275204923188,1.941002913952161e-12,unvalidated-engineering-priors,fixed independent scenario factor; no N cycle,2004-04-26,2004-06-03,2004-06-03,full_ripeness,BBCH89_full_ripeness,2003-10-12,seed_layer_available_water,50.0
12,ag_046_048,fallow,2004,2004-06-11,2004-06-14,266946.3095325965,rain_95_matched,0.75,2.964295475749168e-14,0.0,0.0,0.0,1.0,0.3,0.0,0.0,2.7639340242828614,0.0,0.0,0.0,0.0,0.0,0.004912785194321577,0.0,0.0,2.7639340242828614,0.0,0.0,315.4275204923188,312.95867368284166,-2.6256774532384952e-14,unvalidated-engineering-priors,fixed independent scenario factor; no N cycle,,,,right_censored,BBCH89_full_ripeness,,,
12,ag_046_048,maize,2004,2004-06-15,2004-10-05,266946.3095325965,rain_95_matched,0.75,7.567280135845067e-13,4.263256414560601e-12,0.0,0.0,0.03354275471250856,581.24,60.0,0.0,15.829193543059183,211.45365771247435,93.93657162826818,0.0,0.0,0.0,160.9968344114492,60.0,0.0,321.2194228838017,10516.403535545543,19499.244246565417,312.95867368284166,471.982416387591,-2.76667577736589e-13,unvalidated-engineering-priors,fixed independent scenario factor; no N cycle,2004-08-13,2004-10-03,2004-10-03,physiological_maturity,R6_physiological_maturity,2004-06-16,seed_layer_available_water,50.0
12,ag_046_048,fallow,2004,2004-10-06,2004-10-11,266946.3095325965,rain_95_matched,0.75,1.0880185641326534e-13,0.0,0.0,0.0,1.0,0.01,0.0,0.0,17.408795628789342,0.0,0.0,0.0,0.0,0.0,1.041023971195118,0.0,0.0,17.408795628789342,0.0,0.0,471.982416387591,453.5425967876065,4.263256414560601e-14,unvalidated-engineering-priors,fixed independent scenario factor; no N cycle,,,,right_censored,BBCH89_full_ripeness,,,
12,ag_046_048,wheat,2005,2004-10-12,2005-06-10,266946.3095325965,rain_95_matched,0.5,1.8474111129762605e-13,3.325340003357269e-12,0.0,0.0,0.04267140235271844,134.46,150.0,0.0,197.30487373926064,228.6800798333556,30.04660034563393,0.0,0.0,0.0,23.434763821253387,150.0,0.0,456.03155391825015,6787.120378889948,15264.847206522187,453.5425967876065,258.5362790481026,3.680389326632394e-13,unvalidated-engineering-priors,fixed independent scenario factor; no N cycle,2005-05-03,,2005-06-10,cut_before_maturity,BBCH89_full_ripeness,2004-10-12,seed_layer_available_water,50.0
12,ag_046_048,fallow,2005,2005-06-11,2005-06-14,266946.3095325965,rain_95_matched,0.5,5.873079800267078e-14,0.0,0.0,0.0,1.0,2.13,0.0,0.0,4.236575798579889,0.0,0.0,0.0,0.0,0.0,0.0012750850456073267,0.0,0.0,4.236575798579889,0.0,0.0,258.5362790481026,256.42842816447705,3.5416114485542494e-14,unvalidated-engineering-priors,fixed independent scenario factor; no N cycle,,,,right_censored,BBCH89_full_ripeness,,,
12,ag_046_048,maize,2005,2005-06-15,2005-10-05,266946.3095325965,rain_95_matched,0.5,5.497824417943775e-13,3.637978807091713e-12,0.0,0.0,0.03354275471250856,410.16,40.0,0.0,20.263217160851053,228.85395614572002,75.89666187881978,0.0,0.0,0.0,0.9978704108681593,40.0,0.0,325.01383518539086,10264.686118534855,19423.189558789272,256.42842816447705,380.57672256821513,2.9097835252400728e-12,unvalidated-engineering-priors,fixed independent scenario factor; no N cycle,2005-08-12,2005-09-29,2005-09-29,physiological_maturity,R6_physiological_maturity,2005-06-16,seed_layer_available_water,50.0
12,ag_046_048,fallow,2005,2005-10-06,2005-10-11,266946.3095325965,rain_95_matched,0.5,1.212363542890671e-13,0.0,0.0,0.0,1.0,5.24,0.0,0.0,17.60788186173291,0.0,0.0,0.0,0.0,0.0,0.024039513552906726,0.0,0.0,17.60788186173291,0.0,0.0,380.57672256821513,368.18480119292946,-1.3988810110276972e-13,unvalidated-engineering-priors,fixed independent scenario factor; no N cycle,,,,right_censored,BBCH89_full_ripeness,,,
12,ag_046_048,wheat,2006,2005-10-12,2006-06-10,266946.3095325965,rain_95_matched,0.75,1.509903313490213e-13,4.547473508864641e-12,0.0,0.0,0.04267140235271844,97.5,225.0,0.0,177.81246816223296,225.67408276280904,33.44508019021593,0.0,0.0,0.0,2.050438224237981,225.0,0.0,436.9316311152579,7082.461647016564,15760.626083322859,368.18480119292946,251.7027318534332,3.4178215813085444e-13,unvalidated-engineering-priors,fixed independent scenario factor; no N cycle,2006-05-02,,2006-06-10,cut_before_maturity,BBCH89_full_ripeness,2005-10-12,seed_layer_available_water,50.0
12,ag_046_048,fallow,2006,2006-06-11,2006-06-14,266946.3095325965,rain_95_matched,0.75,5.939693181744587e-14,0.0,0.0,0.0,1.0,12.29,0.0,0.0,10.902109343446462,0.0,0.0,0.0,0.0,0.0,0.0005473023033247517,0.0,0.0,10.902109343446462,0.0,0.0,251.7027318534332,253.0900752076834,-6.772360450213455e-15,unvalidated-engineering-priors,fixed independent scenario factor; no N cycle,,,,right_censored,BBCH89_full_ripeness,,,
12,ag_046_048,maize,2006,2006-06-15,2006-10-05,266946.3095325965,rain_95_matched,0.75,6.039613253960852e-13,5.002220859751105e-12,0.0,0.0,0.03354275471250856,407.64,60.0,0.0,20.04884938637217,209.4769253055627,79.72270686517102,0.0,0.0,0.0,2.618990983884025,60.0,0.0,309.2484815571059,9476.679579492135,17823.79995148931,253.0900752076834,408.86260266669245,1.0717537968218949e-12,unvalidated-engineering-priors,fixed independent scenario factor; no N cycle,2006-08-11,2006-09-27,2006-09-27,physiological_maturity,R6_physiological_maturity,2006-06-16,seed_layer_available_water,50.0
12,ag_046_048,fallow,2006,2006-10-06,2006-10-11,266946.3095325965,rain_95_matched,0.75,7.882583474838611e-14,0.0,0.0,0.0,1.0,0.02,0.0,0.0,12.950879095257843,0.0,0.0,0.0,0.0,0.0,0.22263195544618558,0.0,0.0,12.950879095257843,0.0,0.0,408.86260266669245,395.70909161598837,5.46229728115577e-14,unvalidated-engineering-priors,fixed independent scenario factor; no N cycle,,,,right_censored,BBCH89_full_ripeness,,,
12,ag_046_048,wheat,2007,2006-10-12,2007-06-10,266946.3095325965,rain_95_matched,0.75,3.455014052633487e-13,4.135358722123783e-12,0.0,0.0,0.04267140235271844,136.82999999999998,225.0,0.0,174.1752110569547,285.7454584074268,27.763930526006966,0.0,0.0,0.0,7.752418189097374,225.0,0.0,487.68459999038845,9008.67651897655,20167.33738041336,395.70909161598837,262.10207343650234,1.9143020502099262e-13,unvalidated-engineering-priors,fixed independent scenario factor; no N cycle,2007-05-01,,2007-06-10,cut_before_maturity,BBCH89_full_ripeness,2006-10-13,seed_layer_available_water,50.0
12,ag_046_048,fallow,2007,2007-06-11,2007-06-14,266946.3095325965,rain_95_matched,0.75,1.3378187446733136e-14,0.0,0.0,0.0,1.0,0.2,0.0,0.0,2.3137735108562616,0.0,0.0,0.0,0.0,0.0,0.0006204813630961577,0.0,0.0,2.3137735108562616,0.0,0.0,262.10207343650234,259.987679444283,-2.3869795029440866e-14,unvalidated-engineering-priors,fixed independent scenario factor; no N cycle,,,,right_censored,BBCH89_full_ripeness,,,
12,ag_046_048,maize,2007,2007-06-15,2007-10-05,266946.3095325965,rain_95_matched,0.75,3.2429614549300823e-13,3.637978807091713e-12,1.4210854715202004e-14,0.0,0.03354275471250856,366.45,60.0,0.0,17.851709997780738,199.3986895230911,80.28336687341934,0.0,0.0,0.0,0.0380289180956702,60.0,0.0,297.53376639429115,9665.264226408384,19080.660255258397,259.987679444283,388.86588413189816,-1.971534047129353e-12,unvalidated-engineering-priors,fixed independent scenario factor; no N cycle,2007-08-11,2007-09-25,2007-09-25,physiological_maturity,R6_physiological_maturity,2007-06-16,seed_layer_available_water,50.0
12,ag_046_048,fallow,2007,2007-10-06,2007-10-11,266946.3095325965,rain_95_matched,0.75,7.682743330406083e-14,0.0,0.0,0.0,1.0,12.370000000000001,0.0,0.0,10.174303539999999,0.0,0.0,0.0,0.0,0.0,0.0025995226428576963,0.0,0.0,10.174303539999999,0.0,0.0,388.86588413189816,391.05898106925537,-6.639133687258436e-14,unvalidated-engineering-priors,fixed independent scenario factor; no N cycle,,,,right_censored,BBCH89_full_ripeness,,,
12,ag_046_048,wheat,2008,2007-10-12,2008-06-10,266946.3095325965,rain_95_matched,0.75,4.334310688136611e-13,4.092726157978177e-12,0.0,0.0,0.04267140235271844,188.29,225.0,0.0,209.0231379857859,214.78893385631017,42.01540314267141,0.0,0.0,0.0,3.5502724440741082,225.0,0.0,465.8274749847675,7008.351609304927,16497.26164415888,391.05898106925537,334.9712336404155,-1.7078283232052627e-12,unvalidated-engineering-priors,fixed independent scenario factor; no N cycle,2008-04-29,2008-06-07,2008-06-07,full_ripeness,BBCH89_full_ripeness,2007-10-12,seed_layer_available_water,50.0
12,ag_046_048,fallow,2008,2008-06-11,2008-06-14,266946.3095325965,rain_95_matched,0.75,7.682743330406083e-14,0.0,0.0,0.0,1.0,12.620000000000001,0.0,0.0,12.766527989158586,0.0,0.0,0.0,0.0,0.0,0.0023890210520996252,0.0,0.0,12.766527989158586,0.0,0.0,334.9712336404155,334.82231663020497,-1.4788170688007085e-13,unvalidated-engineering-priors,fixed independent scenario factor; no N cycle,,,,right_censored,BBCH89_full_ripeness,,,
12,ag_046_048,maize,2008,2008-06-15,2008-10-05,266946.3095325965,rain_95_matched,0.75,6.346034808757395e-13,3.637978807091713e-12,0.0,0.0,0.03354275471250856,395.69,60.0,0.0,16.22663187587355,220.4062117741534,84.21705896273646,0.0,0.0,0.0,17.408964719874586,60.0,0.0,320.8499026127634,9903.861598956515,18945.44045814777,334.82231663020497,452.2534492975676,-6.509792704889605e-13,unvalidated-engineering-priors,fixed independent scenario factor; no N cycle,2008-08-11,2008-09-26,2008-09-26,physiological_maturity,R6_physiological_maturity,2008-06-15,seed_layer_available_water,50.0
12,ag_046_048,fallow,2008,2008-10-06,2008-10-11,266946.3095325965,rain_95_matched,0.75,7.194245199571014e-14,0.0,0.0,0.0,1.0,1.9000000000000001,0.0,0.0,16.225879900392545,0.0,0.0,0.0,0.0,0.0,0.5173513648602346,0.0,0.0,16.225879900392545,0.0,0.0,452.2534492975676,437.41021803231484,-1.199040866595169e-14,unvalidated-engineering-priors,fixed independent scenario factor; no N cycle,,,,right_censored,BBCH89_full_ripeness,,,
12,ag_046_048,wheat,2009,2008-10-12,2009-06-10,266946.3095325965,rain_95_matched,0.75,3.907985046680551e-13,3.083755473198835e-12,0.0,0.0,0.04267140235271844,124.48,225.0,0.0,187.0849887589725,247.5381978369734,31.22392705146521,0.0,0.0,0.0,17.159490843244125,225.0,0.0,465.8471136474111,7546.928795792049,16692.958822813678,437.41021803231484,303.88361354165966,-5.5067062021407764e-14,unvalidated-engineering-priors,fixed independent scenario factor; no N cycle,2009-04-29,2009-06-07,2009-06-07,full_ripeness,BBCH89_full_ripeness,2008-10-12,seed_layer_available_water,50.0
12,ag_046_048,fallow,2009,2009-06-11,2009-06-14,266946.3095325965,rain_95_matched,0.75,8.748557434046234e-14,0.0,0.0,0.0,1.0,0.25,0.0,0.0,2.740567007021925,0.0,0.0,0.0,0.0,0.0,0.0025244778869387683,0.0,0.0,2.740567007021925,0.0,0.0,303.88361354165966,301.39052205675074,5.262457136723242e-14,unvalidated-engineering-priors,fixed independent scenario factor; no N cycle,,,,right_censored,BBCH89_full_ripeness,,,
12,ag_046_048,maize,2009,2009-06-15,2009-10-05,266946.3095325965,rain_95_matched,0.75,6.603606550470431e-13,4.092726157978177e-12,0.0,0.0,0.03354275471250856,384.82,60.0,0.0,19.16553544240936,245.8888151599777,75.40986258919956,0.0,0.0,0.0,1.3226548212701685,60.0,0.0,340.4642131915866,10392.31842967377,20470.070154250046,301.39052205675074,404.42365404389125,2.7077229347582943e-12,unvalidated-engineering-priors,fixed independent scenario factor; no N cycle,2009-08-13,2009-10-02,2009-10-02,physiological_maturity,R6_physiological_maturity,2009-06-16,seed_layer_available_water,50.0
12,ag_046_048,fallow,2009,2009-10-06,2009-10-11,266946.3095325965,rain_95_matched,0.75,4.796163466380676e-14,0.0,0.0,0.0,1.0,0.21000000000000002,0.0,0.0,12.296054484328483,0.0,0.0,0.0,0.0,0.0,0.10985893177235902,0.0,0.0,12.296054484328483,0.0,0.0,404.42365404389125,392.22774062779035,5.218048215738236e-14,unvalidated-engineering-priors,fixed independent scenario factor; no N cycle,,,,right_censored,BBCH89_full_ripeness,,,
12,ag_046_048,wheat,2010,2009-10-12,2010-06-10,266946.3095325965,rain_95_matched,0.75,2.957634137601417e-13,2.1032064978498966e-12,0.0,0.0,0.04267140235271844,86.94,225.0,0.0,178.0408250711315,230.77575784934442,31.55556313583752,0.0,0.0,0.0,5.927569521264143,225.0,0.0,440.37214605631345,6249.016004117484,15839.824159247351,392.22774062779035,257.8680250502123,4.924949337237194e-13,unvalidated-engineering-priors,fixed independent scenario factor; no N cycle,2010-05-13,,2010-06-10,cut_before_maturity,BBCH89_full_ripeness,2009-10-12,seed_layer_available_water,50.0
12,ag_046_048,fallow,2010,2010-06-11,2010-06-14,266946.3095325965,rain_95_matched,0.75,6.561418075534675e-14,0.0,0.0,0.0,1.0,0.02,0.0,0.0,2.8058773620976174,0.0,0.0,0.0,0.0,0.0,0.0009907920435165596,0.0,0.0,2.8058773620976174,0.0,0.0,257.8680250502123,255.0811568960712,-5.895284260759581e-14,unvalidated-engineering-priors,fixed independent scenario factor; no N cycle,,,,right_censored,BBCH89_full_ripeness,,,
12,ag_046_048,maize,2010,2010-06-15,2010-10-05,266946.3095325965,rain_95_matched,0.75,4.858335955759685e-13,3.353761712787673e-12,0.0,0.0,0.03354275471250856,462.8,60.0,0.0,19.05912095080267,209.63386603805137,85.25207942654339,0.0,0.0,0.0,2.9523884715185815,60.0,0.0,313.94506641539743,9679.81442920137,18718.862387301742,255.0811568960712,460.98370200915457,6.313838341043265e-13,unvalidated-engineering-priors,fixed independent scenario factor; no N cycle,2010-08-12,2010-09-30,2010-09-30,physiological_maturity,R6_physiological_maturity,2010-06-16,seed_layer_available_water,50.0
12,ag_046_048,fallow,2010,2010-10-06,2010-10-11,266946.3095325965,rain_95_matched,0.75,8.837375276016246e-14,0.0,0.0,0.0,1.0,0.3,0.0,0.0,18.073654060087097,0.0,0.0,0.0,0.0,0.0,0.6156907864950034,0.0,0.0,18.073654060087097,0.0,0.0,460.98370200915457,442.5943571625724,6.017408793468348e-14,unvalidated-engineering-priors,fixed independent scenario factor; no N cycle,,,,right_censored,BBCH89_full_ripeness,,,
12,ag_046_048,wheat,2011,2010-10-12,2011-06-10,266946.3095325965,rain_95_matched,0.75,1.8030021919912542e-13,4.263256414560601e-12,0.0,0.0,0.04267140235271844,58.72,225.0,0.0,166.83547856476912,266.6021426929254,15.82385962351894,0.0,0.0,0.0,20.88375443373744,225.0,0.0,449.26148088121346,7598.828209034579,16656.210308743655,442.5943571625724,256.1691218476221,-5.515032874825465e-13,unvalidated-engineering-priors,fixed independent scenario factor; no N cycle,2011-05-02,2011-06-10,2011-06-10,full_ripeness,BBCH89_full_ripeness,2010-10-12,seed_layer_available_water,50.0
12,ag_046_048,fallow,2011,2011-06-11,2011-06-14,266946.3095325965,rain_95_matched,0.75,5.129230373768223e-14,0.0,0.0,0.0,1.0,0.23,0.0,0.0,1.5215821212309826,0.0,0.0,0.0,0.0,0.0,0.0007660194425371492,0.0,0.0,1.5215821212309826,0.0,0.0,256.1691218476221,254.87677370694857,-9.076073226310655e-15,unvalidated-engineering-priors,fixed independent scenario factor; no N cycle,,,,right_censored,BBCH89_full_ripeness,,,
12,ag_046_048,maize,2011,2011-06-15,2011-10-05,266946.3095325965,rain_95_matched,0.75,6.17284001691587e-13,4.149569576838985e-12,0.0,0.0,0.03354275471250856,404.71,60.0,0.0,19.647629712305942,200.44468242917713,96.15022064066338,0.0,0.0,0.0,0.6795839893615855,60.0,0.0,316.24253278214644,10583.335479706975,19464.71088585363,254.87677370694857,402.6646569354374,3.1437075165285933e-12,unvalidated-engineering-priors,fixed independent scenario factor; no N cycle,2011-08-12,2011-10-04,2011-10-04,physiological_maturity,R6_physiological_maturity,2011-06-16,seed_layer_available_water,50.0
12,ag_046_048,fallow,2011,2011-10-06,2011-10-11,266946.3095325965,rain_95_matched,0.75,1.0025313912365164e-13,0.0,0.0,0.0,1.0,4.25,0.0,0.0,14.596290165141784,0.0,0.0,0.0,0.0,0.0,0.062134545496702775,0.0,0.0,14.596290165141784,0.0,0.0,402.6646569354374,392.25623222479874,1.6708856520608606e-13,unvalidated-engineering-priors,fixed independent scenario factor; no N cycle,,,,right_censored,BBCH89_full_ripeness,,,
12,ag_046_048,wheat,2012,2011-10-12,2012-06-10,266946.3095325965,rain_95_matched,0.75,5.74651437545981e-13,3.154809746774845e-12,0.0,0.0,0.04267140235271844,123.3,225.0,0.0,200.63977249098886,237.80091782842644,25.432498102065228,0.0,0.0,0.0,5.774994980491333,225.0,0.0,463.8731884214805,7361.213468403921,16907.098801210566,392.25623222479874,270.90804882282566,1.2292111772893577e-12,unvalidated-engineering-priors,fixed independent scenario factor; no N cycle,2012-05-03,,2012-06-10,cut_before_maturity,BBCH89_full_ripeness,2011-10-12,seed_layer_available_water,50.0
12,ag_046_048,fallow,2012,2012-06-11,2012-06-14,266946.3095325965,rain_95_matched,0.75,5.523359547510154e-14,0.0,0.0,0.0,1.0,0.54,0.0,0.0,2.4474619212005706,0.0,0.0,0.0,0.0,0.0,0.0010475475971874486,0.0,0.0,2.4474619212005706,0.0,0.0,270.90804882282566,268.9995393540279,1.6542323066914832e-14,unvalidated-engineering-priors,fixed independent scenario factor; no N cycle,,,,right_censored,BBCH89_full_ripeness,,,
12,ag_046_048,maize,2012,2012-06-15,2012-10-05,266946.3095325965,rain_95_matched,0.75,9.565681580170349e-13,2.1316282072803006e-12,0.0,0.0,0.03354275471250856,564.13,60.0,0.0,20.462459236674515,177.50638102343086,82.99608238468252,0.0,0.0,0.0,105.64840723380654,60.0,0.0,280.9649226447879,8426.836284559258,17094.616101502183,268.9995393540279,506.5162094754368,-3.3849034686284085e-12,unvalidated-engineering-priors,fixed independent scenario factor; no N cycle,2012-08-11,2012-10-01,2012-10-01,physiological_maturity,R6_physiological_maturity,2012-06-16,seed_layer_available_water,50.0
12,ag_046_048,fallow,2012,2012-10-06,2012-10-11,266946.3095325965,rain_95_matched,0.75,1.1723955140041653e-13,0.0,0.0,0.0,1.0,0.73,0.0,0.0,18.111335303358462,0.0,0.0,0.0,0.0,0.0,3.2110243394093576,0.0,0.0,18.111335303358462,0.0,0.0,506.5162094754368,485.92384983266885,1.5409895581797173e-13,unvalidated-engineering-priors,fixed independent scenario factor; no N cycle,,,,right_censored,BBCH89_full_ripeness,,,
12,ag_046_048,wheat,2013,2012-10-12,2013-06-10,266946.3095325965,rain_95_matched,0.5,2.9976021664879227e-13,3.410605131648481e-12,0.0,0.0,0.04267140235271844,147.31,150.0,0.0,199.48164225293218,232.22009141392064,32.59998407556701,0.0,0.0,0.0,43.50938561679182,150.0,0.0,464.30171774241984,6738.097606309291,16136.944272404042,485.92384983266885,275.4227464734565,6.774025784750393e-13,unvalidated-engineering-priors,fixed independent scenario factor; no N cycle,2013-05-08,,2013-06-10,cut_before_maturity,BBCH89_full_ripeness,2012-10-12,seed_layer_available_water,50.0
12,ag_046_048,fallow,2013,2013-06-11,2013-06-14,266946.3095325965,rain_95_matched,0.5,4.085620730620576e-14,0.0,0.0,0.0,1.0,0.06,0.0,0.0,12.815598523327616,0.0,0.0,0.0,0.0,0.0,0.001661287516599016,0.0,0.0,12.815598523327616,0.0,0.0,275.4227464734565,262.6654866626123,1.6431300764452317e-14,unvalidated-engineering-priors,fixed independent scenario factor; no N cycle,,,,right_censored,BBCH89_full_ripeness,,,
12,ag_046_048,maize,2013,2013-06-15,2013-10-05,266946.3095325965,rain_95_matched,0.5,6.270539643082884e-13,4.206412995699793e-12,0.0,0.0,0.03354275471250856,422.88,40.0,0.0,17.8691511243507,237.51362787642262,68.34451654198718,0.0,0.0,0.0,3.1499738452357886,40.0,0.0,323.7272955427605,9813.55116553229,18644.70187726884,262.6654866626123,398.66821727461536,6.516731598793513e-13,unvalidated-engineering-priors,fixed independent scenario factor; no N cycle,2013-08-12,2013-09-28,2013-09-28,physiological_maturity,R6_physiological_maturity,2013-06-16,seed_layer_available_water,50.0
12,ag_046_048,fallow,2013,2013-10-06,2013-10-11,266946.3095325965,rain_95_matched,0.5,6.52811138479592e-14,0.0,0.0,0.0,1.0,0.69,0.0,0.0,16.615687971918554,0.0,0.0,0.0,0.0,0.0,0.04017473095999463,0.0,0.0,16.615687971918554,0.0,0.0,398.66821727461536,382.70235457173686,-5.3290705182007514e-14,unvalidated-engineering-priors,fixed independent scenario factor; no N cycle,,,,right_censored,BBCH89_full_ripeness,,,
12,ag_046_048,wheat,2014,2013-10-12,2014-06-10,266946.3095325965,rain_95_matched,1.0,5.080380560684716e-13,3.751665644813329e-12,0.0,0.0,0.04267140235271844,97.85,300.0,0.0,186.85139542652968,230.97387678806518,33.99142328863374,0.0,0.0,0.0,7.232091635024705,300.0,0.0,451.8166955032286,7408.440766735164,16790.029249683183,382.70235457173686,321.50356743348095,2.6050273049804673e-12,unvalidated-engineering-priors,fixed independent scenario factor; no N cycle,2014-04-25,2014-06-06,2014-06-06,full_ripeness,BBCH89_full_ripeness,2013-10-12,seed_layer_available_water,50.0
12,ag_046_048,fallow,2014,2014-06-11,2014-06-14,266946.3095325965,rain_95_matched,1.0,9.375833442959447e-14,0.0,0.0,0.0,1.0,0.72,0.0,0.0,2.408395519196197,0.0,0.0,0.0,0.0,0.0,0.006163609320652388,0.0,0.0,2.408395519196197,0.0,0.0,321.50356743348095,319.80900830496415,-4.901634653720066e-14,unvalidated-engineering-priors,fixed independent scenario factor; no N cycle,,,,right_censored,BBCH89_full_ripeness,,,
12,ag_046_048,maize,2014,2014-06-15,2014-10-05,266946.3095325965,rain_95_matched,1.0,4.938272013532696e-13,4.121147867408581e-12,0.0,0.0,0.03354275471250856,264.28000000000003,80.0,0.0,17.32348387133181,241.97048258833067,73.35120872781454,0.0,0.0,0.0,2.1142142667210093,80.0,0.0,332.64517518747704,9603.03299437961,19164.94155700066,319.80900830496415,329.3296188507652,9.102441023145502e-13,unvalidated-engineering-priors,fixed independent scenario factor; no N cycle,2014-08-12,2014-09-29,2014-09-29,physiological_maturity,R6_physiological_maturity,2014-06-16,seed_layer_available_water,50.0
12,ag_046_048,fallow,2014,2014-10-06,2014-10-11,266946.3095325965,rain_95_matched,1.0,6.283862319378386e-14,0.0,0.0,0.0,1.0,0.0,0.0,0.0,13.938433882094841,0.0,0.0,0.0,0.0,0.0,0.002896198422874217,0.0,0.0,13.938433882094841,0.0,0.0,329.3296188507652,315.38828877024764,-1.5565326805244695e-13,unvalidated-engineering-priors,fixed independent scenario factor; no N cycle,,,,right_censored,BBCH89_full_ripeness,,,
12,ag_046_048,wheat,2015,2014-10-12,2015-06-10,266946.3095325965,rain_95_matched,0.75,1.5720758028692217e-13,2.5011104298755527e-12,0.0,0.0,0.04267140235271844,125.44,225.0,0.0,183.90632887485881,187.82668463859062,39.04471804171194,0.0,0.0,0.0,0.19799949958854055,225.0,0.0,410.7777315551614,5989.299996492015,13902.266183743845,315.38828877024764,254.85255771549677,9.856004901109827e-13,unvalidated-engineering-priors,fixed independent scenario factor; no N cycle,2015-04-30,2015-06-09,2015-06-09,full_ripeness,BBCH89_full_ripeness,2014-10-12,seed_layer_available_water,50.0
12,ag_046_048,fallow,2015,2015-06-11,2015-06-14,266946.3095325965,rain_95_matched,0.75,4.2299497238218464e-14,0.0,0.0,0.0,1.0,0.06999999999999999,0.0,0.0,1.8964474185384317,0.0,0.0,0.0,0.0,0.0,0.00020245811777976004,0.0,0.0,1.8964474185384317,0.0,0.0,254.85255771549677,253.02590783884045,1.0735856648125264e-13,unvalidated-engineering-priors,fixed independent scenario factor; no N cycle,,,,right_censored,BBCH89_full_ripeness,,,
12,ag_046_048,maize,2015,2015-06-15,2015-10-05,266946.3095325965,rain_95_matched,0.75,4.871658632055187e-13,3.637978807091713e-12,0.0,0.0,0.03354275471250856,378.26,60.0,0.0,20.20032535922593,192.56153768894023,85.52088415259993,0.0,0.0,0.0,0.47407826579608175,60.0,0.0,298.2827472007661,9475.373675851679,17909.424082208694,253.02590783884045,392.5290823722772,1.091571277811454e-12,unvalidated-engineering-priors,fixed independent scenario factor; no N cycle,2015-08-12,2015-09-30,2015-09-30,physiological_maturity,R6_physiological_maturity,2015-06-16,seed_layer_available_water,50.0
12,ag_046_048,fallow,2015,2015-10-06,2015-10-11,266946.3095325965,rain_95_matched,0.75,8.43769498715119e-14,0.0,0.0,0.0,1.0,0.01,0.0,0.0,17.183544239926817,0.0,0.0,0.0,0.0,0.0,0.05478888047312831,0.0,0.0,17.183544239926817,0.0,0.0,392.5290823722772,375.3007492518772,8.215650382226158e-15,unvalidated-engineering-priors,fixed independent scenario factor; no N cycle,,,,right_censored,BBCH89_full_ripeness,,,
12,ag_046_048,wheat,2016,2015-10-12,2016-06-10,266946.3095325965,rain_95_matched,0.75,2.391420395042587e-13,2.6716406864579767e-12,0.0,0.0,0.04267140235271844,143.35999999999999,225.0,0.0,220.70119320282365,239.73564381691398,21.39207950918239,0.0,0.0,0.0,5.1351554720801795,225.0,0.0,481.82891652892,7284.372173647554,16248.82248538253,375.3007492518772,256.6966772508764,6.085687509482796e-13,unvalidated-engineering-priors,fixed independent scenario factor; no N cycle,2016-04-29,2016-06-05,2016-06-05,full_ripeness,BBCH89_full_ripeness,2015-10-13,seed_layer_available_water,50.0
12,ag_046_048,fallow,2016,2016-06-11,2016-06-14,266946.3095325965,rain_95_matched,0.75,7.027711745877241e-14,0.0,0.0,0.0,1.0,13.94,0.0,0.0,8.275050592255136,0.0,0.0,0.0,0.0,0.0,0.0007305297068461159,0.0,0.0,8.275050592255136,0.0,0.0,256.6966772508764,262.3608961289143,1.1934897514720433e-13,unvalidated-engineering-priors,fixed independent scenario factor; no N cycle,,,,right_censored,BBCH89_full_ripeness,,,
12,ag_046_048,maize,2016,2016-06-15,2016-10-05,266946.3095325965,rain_95_matched,0.75,7.904787935331115e-13,3.637978807091713e-12,0.0,0.0,0.03354275471250856,559.91,60.0,0.0,18.8882564057591,190.59039960143014,99.42854375594187,0.0,0.0,0.0,101.32959834450999,60.0,0.0,308.90719976313113,9217.866289161804,17488.924040679023,262.3608961289143,472.03409802127607,-2.868261184119092e-12,unvalidated-engineering-priors,fixed independent scenario factor; no N cycle,2016-08-10,2016-09-24,2016-09-24,physiological_maturity,R6_physiological_maturity,2016-06-15,seed_layer_available_water,50.0
12,ag_046_048,fallow,2016,2016-10-06,2016-10-11,266946.3095325965,rain_95_matched,0.75,1.3233858453531866e-13,0.0,0.0,0.0,1.0,15.629999999999999,0.0,0.0,15.784294,0.0,0.0,0.0,0.0,0.0,1.9020236497049257,0.0,0.0,15.784294,0.0,0.0,472.03409802127607,469.9777803715715,-3.5793590313915047e-13,unvalidated-engineering-priors,fixed independent scenario factor; no N cycle,,,,right_censored,BBCH89_full_ripeness,,,
12,ag_046_048,wheat,2017,2016-10-12,2017-06-10,266946.3095325965,rain_95_matched,0.5,4.0234482412415673e-13,2.9274360713316128e-12,0.0,0.0,0.04267140235271844,122.28999999999999,150.0,0.0,192.7872698212792,246.13064559825966,25.97980606689482,0.0,0.0,0.0,36.73133156487251,150.0,0.0,464.8977214864337,7400.723197875582,16803.248479947903,469.9777803715715,240.63872732026513,1.4710455076283324e-13,unvalidated-engineering-priors,fixed independent scenario factor; no N cycle,2017-04-30,2017-06-06,2017-06-06,full_ripeness,BBCH89_full_ripeness,2016-10-12,seed_layer_available_water,50.0
12,ag_046_048,fallow,2017,2017-06-11,2017-06-14,266946.3095325965,rain_95_matched,0.5,4.618527782440651e-14,0.0,0.0,0.0,1.0,17.919999999999998,0.0,0.0,9.270995083865241,0.0,0.0,0.0,0.0,0.0,0.0006798487285677695,0.0,0.0,9.270995083865241,0.0,0.0,240.63872732026513,249.28705238767137,-4.293787547737793e-14,unvalidated-engineering-priors,fixed independent scenario factor; no N cycle,,,,right_censored,BBCH89_full_ripeness,,,
12,ag_046_048,maize,2017,2017-06-15,2017-10-05,266946.3095325965,rain_95_matched,0.5,3.3173463975799677e-13,6.508571459562518e-12,0.0,0.0,0.03354275471250856,314.18,40.0,0.0,19.119103104121066,200.40149034369043,87.98310018120901,0.0,0.0,0.0,0.018542245467894392,40.0,0.0,307.5036936290205,9146.333727803905,18581.039082996245,249.28705238767137,295.9448165131819,1.0785816684233396e-12,unvalidated-engineering-priors,fixed independent scenario factor; no N cycle,2017-08-12,2017-09-26,2017-09-26,physiological_maturity,R6_physiological_maturity,2017-06-15,seed_layer_available_water,50.0
12,ag_046_048,fallow,2017,2017-10-06,2017-10-11,266946.3095325965,rain_95_matched,0.5,8.171241461241152e-14,0.0,0.0,0.0,1.0,58.38,0.0,0.0,8.15267617,0.0,0.0,0.0,0.0,0.0,0.0004045973745891379,0.0,0.0,8.15267617,0.0,0.0,295.9448165131819,346.17173574580744,-1.4921397450962104e-13,unvalidated-engineering-priors,fixed independent scenario factor; no N cycle,,,,right_censored,BBCH89_full_ripeness,,,
12,ag_046_048,wheat,2018,2017-10-12,2018-06-10,266946.3095325965,rain_95_matched,1.0,4.82280881897168e-13,2.3874235921539366e-12,0.0,0.0,0.04267140235271844,212.49,300.0,0.0,210.02670368266232,212.3960193727984,33.992471699940396,0.0,0.0,0.0,2.393811709793073,300.0,0.0,456.4151947554011,6846.497485569189,15498.265422752234,346.17173574580744,399.8527292806122,1.0505207814759387e-12,unvalidated-engineering-priors,fixed independent scenario factor; no N cycle,2018-04-30,2018-06-09,2018-06-09,full_ripeness,BBCH89_full_ripeness,2017-10-12,seed_layer_available_water,50.0
12,ag_046_048,fallow,2018,2018-06-11,2018-06-14,266946.3095325965,rain_95_matched,1.0,8.43769498715119e-14,0.0,0.0,0.0,1.0,0.39,0.0,0.0,12.637647756880025,0.0,0.0,0.0,0.0,0.0,0.07944125048188544,0.0,0.0,12.637647756880025,0.0,0.0,399.8527292806122,387.52564027325036,-5.995204332975845e-14,unvalidated-engineering-priors,fixed independent scenario factor; no N cycle,,,,right_censored,BBCH89_full_ripeness,,,
12,ag_046_048,maize,2018,2018-06-15,2018-10-05,266946.3095325965,rain_95_matched,1.0,5.870859354217828e-13,3.836930773104541e-12,0.0,0.0,0.03354275471250856,293.81,80.0,0.0,19.141511066001634,240.97170416805648,79.84455393261857,0.0,0.0,0.0,17.268913566233827,80.0,0.0,339.95776916667666,9630.449697756734,17951.396899295225,387.52564027325036,404.10895754033976,1.1218803663837207e-13,unvalidated-engineering-priors,fixed independent scenario factor; no N cycle,2018-08-11,2018-09-26,2018-09-26,physiological_maturity,R6_physiological_maturity,2018-06-16,seed_layer_available_water,50.0
12,ag_046_048,fallow,2018,2018-10-06,2018-10-11,266946.3095325965,rain_95_matched,1.0,1.0436096431476471e-13,0.0,0.0,0.0,1.0,0.0,0.0,0.0,12.256990109450308,0.0,0.0,0.0,0.0,0.0,0.2816561784048682,0.0,0.0,12.256990109450308,0.0,0.0,404.10895754033976,391.5703112524846,-1.9095836023552692e-14,unvalidated-engineering-priors,fixed independent scenario factor; no N cycle,,,,right_censored,BBCH89_full_ripeness,,,
12,ag_046_048,wheat,2019,2018-10-12,2019-06-10,266946.3095325965,rain_95_matched,1.0,5.559996907322784e-13,4.121147867408581e-12,0.0,0.0,0.04267140235271844,130.59,300.0,0.0,190.833240158772,259.56717992024113,24.557608104331514,0.0,0.0,0.0,9.72247901670743,300.0,0.0,474.95802818334465,7456.493055201307,17681.159898060854,391.5703112524846,337.47980405243226,2.6978419498391304e-13,unvalidated-engineering-priors,fixed independent scenario factor; no N cycle,2019-05-01,,2019-06-10,cut_before_maturity,BBCH89_full_ripeness,2018-10-13,seed_layer_available_water,50.0
12,ag_046_048,fallow,2019,2019-06-11,2019-06-14,266946.3095325965,rain_95_matched,1.0,5.950795411990839e-14,0.0,0.0,0.0,1.0,0.67,0.0,0.0,8.489692751522554,0.0,0.0,0.0,0.0,0.0,0.0048314494592757275,0.0,0.0,8.489692751522554,0.0,0.0,337.47980405243226,329.65527985145053,-1.0325074129013956e-13,unvalidated-engineering-priors,fixed independent scenario factor; no N cycle,,,,right_censored,BBCH89_full_ripeness,,,
12,ag_046_048,maize,2019,2019-06-15,2019-10-05,266946.3095325965,rain_95_matched,1.0,5.757616605706062e-13,4.462208380573429e-12,0.0,0.0,0.03354275471250856,263.21,80.0,0.0,19.024328906091775,261.27981711630497,81.48299410418906,0.0,0.0,0.0,0.9894003030845884,80.0,0.0,361.78714012658577,10299.257238324584,20076.187747652577,329.65527985145053,310.0887394217823,-2.141176125292077e-12,unvalidated-engineering-priors,fixed independent scenario factor; no N cycle,2019-08-12,2019-09-27,2019-09-27,physiological_maturity,R6_physiological_maturity,2019-06-16,seed_layer_available_water,50.0
12,ag_046_048,fallow,2019,2019-10-06,2019-10-11,266946.3095325965,rain_95_matched,1.0,1.0658141036401503e-13,0.0,0.0,0.0,1.0,3.14,0.0,0.0,12.118245219932312,0.0,0.0,0.0,0.0,0.0,0.0039045733612321195,0.0,0.0,12.118245219932312,0.0,0.0,310.0887394217823,301.10658962848885,-9.9253938401489e-14,unvalidated-engineering-priors,fixed independent scenario factor; no N cycle,,,,right_censored,BBCH89_full_ripeness,,,
12,ag_046_048,wheat,2020,2019-10-12,2020-06-10,266946.3095325965,rain_95_matched,0.75,1.5498713423767185e-13,3.097966327914037e-12,0.0,0.0,0.04267140235271844,157.45000000000002,225.0,0.0,187.9795520405059,185.17148268149916,27.93647148974329,0.0,0.0,0.0,0.1764358845234358,225.0,0.0,401.08750621174835,6056.675247276392,13300.20652968084,301.10658962848885,282.2926475322181,-1.0236256287043943e-12,unvalidated-engineering-priors,fixed independent scenario factor; no N cycle,2020-04-29,2020-06-06,2020-06-06,full_ripeness,BBCH89_full_ripeness,2019-10-12,seed_layer_available_water,50.0
12,ag_046_048,fallow,2020,2020-06-11,2020-06-14,266946.3095325965,rain_95_matched,0.75,3.219646771412954e-14,0.0,0.0,0.0,1.0,0.4,0.0,0.0,1.8981390313256876,0.0,0.0,0.0,0.0,0.0,0.0005258269596114053,0.0,0.0,1.8981390313256876,0.0,0.0,282.2926475322181,280.79398267393276,3.8746783559417963e-14,unvalidated-engineering-priors,fixed independent scenario factor; no N cycle,,,,right_censored,BBCH89_full_ripeness,,,
12,ag_046_048,maize,2020,2020-06-15,2020-10-05,266946.3095325965,rain_95_matched,0.75,6.199485369506874e-13,2.5579538487363607e-12,0.0,0.0,0.03354275471250856,439.35,60.0,0.0,19.33080834776908,201.32561468050645,67.66818468309954,0.0,0.0,0.0,14.99022864628505,60.0,0.0,288.32460771137505,8814.142465526653,17005.550439082417,280.79398267393276,476.8291463162734,-7.652767308741204e-13,unvalidated-engineering-priors,fixed independent scenario factor; no N cycle,2020-08-12,2020-09-28,2020-09-28,physiological_maturity,R6_physiological_maturity,2020-06-16,seed_layer_available_water,50.0
12,ag_046_048,fallow,2020,2020-10-06,2020-10-11,266946.3095325965,rain_95_matched,0.75,1.0125233984581428e-13,0.0,0.0,0.0,1.0,0.08,0.0,0.0,15.507445953124655,0.0,0.0,0.0,0.0,0.0,1.00104893737123,0.0,0.0,15.507445953124655,0.0,0.0,476.8291463162734,460.4006514257776,-7.283063041541027e-14,unvalidated-engineering-priors,fixed independent scenario factor; no N cycle,,,,right_censored,BBCH89_full_ripeness,,,
12,ag_046_048,wheat,2021,2020-10-12,2021-06-10,266946.3095325965,rain_95_matched,0.75,3.836930773104541e-13,5.6274984672199935e-12,0.0,0.0,0.04267140235271844,100.67,225.0,0.0,181.3807640862655,276.14357393888884,25.238516264704774,0.0,0.0,0.0,28.685573026306045,225.0,0.0,482.7628542898591,8343.29244057628,19047.45454136387,460.4006514257776,274.62222410961135,1.0983991494128986e-12,unvalidated-engineering-priors,fixed independent scenario factor; no N cycle,2021-04-27,2021-06-03,2021-06-03,full_ripeness,BBCH89_full_ripeness,2020-10-12,seed_layer_available_water,50.0
12,ag_046_048,fallow,2021,2021-06-11,2021-06-14,266946.3095325965,rain_95_matched,0.75,3.774758283725532e-14,0.0,0.0,0.0,1.0,5.25,0.0,0.0,8.337852177108289,0.0,0.0,0.0,0.0,0.0,0.0012331008237108667,0.0,0.0,8.337852177108289,0.0,0.0,274.62222410961135,271.5331388316793,4.241051954068098e-14,unvalidated-engineering-priors,fixed independent scenario factor; no N cycle,,,,right_censored,BBCH89_full_ripeness,,,
12,ag_046_048,maize,2021,2021-06-15,2021-10-05,266946.3095325965,rain_95_matched,0.75,5.422329252269265e-13,2.8421709430404007e-12,0.0,0.0,0.03354275471250856,578.99,60.0,0.0,18.106488514786204,199.0123380431216,91.71630219069189,0.0,0.0,0.0,2.4975332741142484,60.0,0.0,308.8351287485997,8972.211416557568,17834.32615007006,271.5331388316793,599.1904768089638,1.564415263999308e-12,unvalidated-engineering-priors,fixed independent scenario factor; no N cycle,2021-08-10,2021-09-24,2021-09-24,physiological_maturity,R6_physiological_maturity,2021-06-15,seed_layer_available_water,50.0
12,ag_046_048,fallow,2021,2021-10-06,2021-10-11,266946.3095325965,rain_95_matched,0.75,1.0036416142611415e-13,0.0,0.0,0.0,1.0,34.75,0.0,0.0,11.443648099999999,0.0,0.0,0.0,0.0,0.0,19.157604385954187,0.0,0.0,11.443648099999999,0.0,0.0,599.1904768089638,603.3392243230096,2.3092638912203256e-14,unvalidated-engineering-priors,fixed independent scenario factor; no N cycle,,,,right_censored,BBCH89_full_ripeness,,,
12,ag_046_048,wheat,2022,2021-10-12,2022-06-10,266946.3095325965,rain_95_matched,0.5,2.8332891588433995e-13,3.0411229090532288e-12,0.0,0.0,0.04267140235271844,99.78,150.0,0.0,190.3340327906604,262.42576169992276,20.303581978027577,0.0,0.0,0.0,131.30370231530492,150.0,0.0,473.0633764686108,7639.30017352042,17133.6983605315,603.3392243230096,248.75214553909387,5.728750807065808e-14,unvalidated-engineering-priors,fixed independent scenario factor; no N cycle,2022-04-27,2022-06-09,2022-06-09,full_ripeness,BBCH89_full_ripeness,2021-10-12,seed_layer_available_water,50.0
12,ag_046_048,fallow,2022,2022-06-11,2022-06-14,266946.3095325965,rain_95_matched,0.5,1.942890293094024e-14,0.0,0.0,0.0,1.0,2.87,0.0,0.0,3.2283293448814883,0.0,0.0,0.0,0.0,0.0,0.0007402416191674727,0.0,0.0,3.2283293448814883,0.0,0.0,248.75214553909387,248.39307595259322,-3.552713678800501e-15,unvalidated-engineering-priors,fixed independent scenario factor; no N cycle,,,,right_censored,BBCH89_full_ripeness,,,
12,ag_046_048,maize,2022,2022-06-15,2022-10-05,266946.3095325965,rain_95_matched,0.5,6.719069745031447e-13,4.064304448547773e-12,0.0,0.0,0.03354275471250856,512.52,40.0,0.0,20.146748189968065,225.4911897948969,67.51883186686437,0.0,0.0,0.0,12.945570539592522,40.0,0.0,313.15676985172934,9558.20635839201,17996.464987757332,248.39307595259322,474.8107355612707,6.673550601021816e-13,unvalidated-engineering-priors,fixed independent scenario factor; no N cycle,2022-08-13,2022-09-28,2022-09-28,physiological_maturity,R6_physiological_maturity,2022-06-16,seed_layer_available_water,50.0
12,ag_046_048,fallow,2022,2022-10-06,2022-10-11,266946.3095325965,rain_95_matched,0.5,9.015010959956271e-14,0.0,0.0,0.0,1.0,0.06,0.0,0.0,19.083160619353485,0.0,0.0,0.0,0.0,0.0,0.3989575456735045,0.0,0.0,19.083160619353485,0.0,0.0,474.8107355612707,455.38861739624355,1.5365486660812167e-13,unvalidated-engineering-priors,fixed independent scenario factor; no N cycle,,,,right_censored,BBCH89_full_ripeness,,,
12,ag_046_048,wheat,2023,2022-10-12,2023-06-10,266946.3095325965,rain_95_matched,0.75,7.087663789206999e-13,3.240074875066057e-12,0.0,0.0,0.04267140235271844,142.95,225.0,0.0,205.1695295836188,233.39124770815548,36.96059964141841,0.0,0.0,0.0,24.210242853619157,225.0,0.0,475.5213769331927,7508.0833267993485,16910.915835090327,455.38861739624355,323.6069976094311,5.538347558342593e-13,unvalidated-engineering-priors,fixed independent scenario factor; no N cycle,2023-04-28,2023-06-04,2023-06-04,full_ripeness,BBCH89_full_ripeness,2022-10-12,seed_layer_available_water,50.0
12,ag_046_048,fallow,2023,2023-06-11,2023-06-14,266946.3095325965,rain_95_matched,0.75,5.1514348342607263e-14,0.0,0.0,0.0,1.0,0.8699999999999999,0.0,0.0,3.1716870179054624,0.0,0.0,0.0,0.0,0.0,0.006717172140721253,0.0,0.0,3.1716870179054624,0.0,0.0,323.6069976094311,321.29859341938493,6.217248937900877e-15,unvalidated-engineering-priors,fixed independent scenario factor; no N cycle,,,,right_censored,BBCH89_full_ripeness,,,
12,ag_046_048,maize,2023,2023-06-15,2023-10-05,266946.3095325965,rain_95_matched,0.75,5.826450433232822e-13,3.637978807091713e-12,0.0,0.0,0.03354275471250856,371.64,60.0,0.0,20.047278847341037,243.19046258995706,80.29208003513733,0.0,0.0,0.0,6.770865760908303,60.0,0.0,343.52982147243546,9926.210132312568,19920.927708665153,321.29859341938493,402.63790618604105,1.346700528870315e-13,unvalidated-engineering-priors,fixed independent scenario factor; no N cycle,2023-08-13,2023-09-27,2023-09-27,physiological_maturity,R6_physiological_maturity,2023-06-16,seed_layer_available_water,50.0
12,ag_046_048,fallow,2023,2023-10-06,2023-10-11,266946.3095325965,rain_95_matched,0.75,1.2079226507921703e-13,0.0,0.0,0.0,1.0,0.01,0.0,0.0,12.852342135187149,0.0,0.0,0.0,0.0,0.0,0.17339192337107237,0.0,0.0,12.852342135187149,0.0,0.0,402.63790618604105,389.6221721274831,-2.831068712794149e-13,unvalidated-engineering-priors,fixed independent scenario factor; no N cycle,,,,right_censored,BBCH89_full_ripeness,,,
12,ag_046_048,wheat,2024,2023-10-12,2024-06-10,266946.3095325965,rain_95_matched,0.75,3.632649736573512e-13,3.737454790098127e-12,0.0,0.0,0.04267140235271844,105.38,225.0,0.0,182.85955675474656,232.79285276372315,35.13632890855964,0.0,0.0,0.0,6.489827552468072,225.0,0.0,450.78873842702933,7532.815889211273,17099.235715209827,389.6221721274831,262.72360614798515,5.627720511824919e-13,unvalidated-engineering-priors,fixed independent scenario factor; no N cycle,2024-04-28,2024-06-07,2024-06-07,full_ripeness,BBCH89_full_ripeness,2023-10-12,seed_layer_available_water,50.0
12,ag_046_048,fallow,2024,2024-06-11,2024-06-14,266946.3095325965,rain_95_matched,0.75,4.929390229335695e-14,0.0,0.0,0.0,1.0,0.37,0.0,0.0,1.9544781146085695,0.0,0.0,0.0,0.0,0.0,0.0010178824172677229,0.0,0.0,1.9544781146085695,0.0,0.0,262.72360614798515,261.13811015095933,-2.0816681711721685e-14,unvalidated-engineering-priors,fixed independent scenario factor; no N cycle,,,,right_censored,BBCH89_full_ripeness,,,
12,ag_046_048,maize,2024,2024-06-15,2024-10-05,266946.3095325965,rain_95_matched,0.75,4.698463840213662e-13,3.808509063674137e-12,0.0,0.0,0.03354275471250856,421.52,60.0,0.0,21.33483243542285,189.69898759180586,79.39213451302359,0.0,0.0,0.0,0.9631235947000258,60.0,0.0,290.4259545402523,8734.73796768301,16898.537249459012,261.13811015095933,451.269032016006,9.869882688917642e-13,unvalidated-engineering-priors,fixed independent scenario factor; no N cycle,2024-08-12,2024-09-26,2024-09-26,physiological_maturity,R6_physiological_maturity,2024-06-16,seed_layer_available_water,50.0
12,ag_046_048,fallow,2024,2024-10-06,2024-10-11,266946.3095325965,rain_95_matched,0.75,1.2656542480726785e-13,0.0,0.0,0.0,1.0,1.22,0.0,0.0,16.40443923542899,0.0,0.0,0.0,0.0,0.0,0.22319267185777322,0.0,0.0,16.40443923542899,0.0,0.0,451.269032016006,435.86140010871947,-2.1782575743145571e-13,unvalidated-engineering-priors,fixed independent scenario factor; no N cycle,,,,right_censored,BBCH89_full_ripeness,,,
12,ag_046_048,wheat,2025,2024-10-12,2025-06-10,266946.3095325965,rain_95_matched,0.75,4.3165471197426086e-13,4.135358722123783e-12,0.0,0.0,0.04267140235271844,106.34,225.0,0.0,203.05538273769983,242.26419148280416,20.230362975315163,0.0,0.0,0.0,17.971362464536156,225.0,0.0,465.54993719581915,6698.989023035328,15458.232767050715,435.86140010871947,283.6801004483626,1.5387136009792357e-12,unvalidated-engineering-priors,fixed independent scenario factor; no N cycle,2025-04-25,2025-06-03,2025-06-03,full_ripeness,BBCH89_full_ripeness,2024-10-12,seed_layer_available_water,50.0
12,ag_046_048,fallow,2025,2025-06-11,2025-06-14,266946.3095325965,rain_95_matched,0.75,3.064215547965432e-14,0.0,0.0,0.0,1.0,10.069999999999999,0.0,0.0,3.5556634229572914,0.0,0.0,0.0,0.0,0.0,0.001743859835720182,0.0,0.0,3.5556634229572914,0.0,0.0,283.6801004483626,290.19269316556966,-5.3790305543088834e-14,unvalidated-engineering-priors,fixed independent scenario factor; no N cycle,,,,right_censored,BBCH89_full_ripeness,,,
12,ag_046_048,maize,2025,2025-06-15,2025-10-05,266946.3095325965,rain_95_matched,0.75,6.52811138479592e-13,3.637978807091713e-12,0.0,0.0,0.03354275471250856,346.6,60.0,0.0,20.09384816159545,198.70519453306193,88.3348867545103,0.0,0.0,0.0,0.3361657344804948,60.0,0.0,307.1339294491677,8274.967327595592,16512.214225748136,290.19269316556966,389.32259798192246,-9.660050537263487e-13,unvalidated-engineering-priors,fixed independent scenario factor; no N cycle,2025-08-10,2025-09-23,2025-09-23,physiological_maturity,R6_physiological_maturity,2025-06-15,seed_layer_available_water,50.0
12,ag_046_048,fallow,1996,1996-01-01,1996-10-11,266946.3095325965,rain_98_matched,1.0,2.4513724383723456e-13,0.0,0.0,0.0,1.0,831.0699999999999,0.0,0.0,445.5901234762376,0.0,0.0,0.0,0.0,0.0,283.08770258802235,0.0,0.0,445.5901234762376,0.0,0.0,381.49245737517947,483.884631310919,5.146855164284148e-13,unvalidated-engineering-priors,fixed independent scenario factor; no N cycle,,,,right_censored,BBCH89_full_ripeness,,,
12,ag_046_048,wheat,1997,1996-10-12,1997-06-10,266946.3095325965,rain_98_matched,1.0,5.364597654988756e-13,6.210143510543276e-12,0.0,0.0,0.04267140235271844,100.66,300.0,0.0,185.6759642371982,272.927942488179,23.584860036604343,0.0,0.0,0.0,59.77866244107508,300.0,0.0,482.1887667619815,9082.222066728029,20021.584439352482,483.884631310919,342.57720210786357,-1.1273759703556152e-12,unvalidated-engineering-priors,fixed independent scenario factor; no N cycle,1997-05-02,1997-06-08,1997-06-08,full_ripeness,BBCH89_full_ripeness,1996-10-12,seed_layer_available_water,50.0
12,ag_046_048,fallow,1997,1997-06-11,1997-06-14,266946.3095325965,rain_98_matched,1.0,6.650235917504688e-14,0.0,0.0,0.0,1.0,1.8800000000000001,0.0,0.0,5.402119909226333,0.0,0.0,0.0,0.0,0.0,0.016603390297802056,0.0,0.0,5.402119909226333,0.0,0.0,342.57720210786357,339.0384788083393,1.5765166949677223e-13,unvalidated-engineering-priors,fixed independent scenario factor; no N cycle,,,,right_censored,BBCH89_full_ripeness,,,
12,ag_046_048,maize,1997,1997-06-15,1997-10-05,266946.3095325965,rain_98_matched,1.0,2.611244553918368e-13,4.661160346586257e-12,0.0,0.0,0.03354275471250856,190.58,80.0,0.0,21.76675846228189,230.04354289263082,66.57870295148375,0.0,0.0,0.0,0.613035759741995,80.0,0.0,318.38900430639643,10332.98925898662,20437.25518941345,339.0384788083393,290.61643874220016,6.613598557692058e-13,unvalidated-engineering-priors,fixed independent scenario factor; no N cycle,1997-08-13,1997-10-01,1997-10-01,physiological_maturity,R6_physiological_maturity,1997-06-16,seed_layer_available_water,50.0
12,ag_046_048,fallow,1997,1997-10-06,1997-10-11,266946.3095325965,rain_98_matched,1.0,6.350475700855895e-14,0.0,0.0,0.0,1.0,0.0,0.0,0.0,15.810270009413562,0.0,0.0,0.0,0.0,0.0,0.00046482430022264044,0.0,0.0,15.810270009413562,0.0,0.0,290.61643874220016,274.8057039084864,-3.352873534367973e-14,unvalidated-engineering-priors,fixed independent scenario factor; no N cycle,,,,right_censored,BBCH89_full_ripeness,,,
12,ag_046_048,wheat,1998,1997-10-12,1998-06-10,266946.3095325965,rain_98_matched,1.0,2.042810365310288e-13,2.9558577807620168e-12,0.0,0.0,0.04267140235271844,191.31,300.0,0.0,224.20278447275987,174.959062543421,53.00587037160909,0.0,0.0,0.0,0.04210967317097511,300.0,0.0,452.16771738779,6797.075566297423,14935.368767833334,274.8057039084864,313.90587684752467,7.982781102811032e-13,unvalidated-engineering-priors,fixed independent scenario factor; no N cycle,1998-05-02,1998-06-08,1998-06-08,full_ripeness,BBCH89_full_ripeness,1997-10-13,seed_layer_available_water,50.0
12,ag_046_048,fallow,1998,1998-06-11,1998-06-14,266946.3095325965,rain_98_matched,1.0,4.241051954068098e-14,0.0,0.0,0.0,1.0,0.99,0.0,0.0,4.65301216706695,0.0,0.0,0.0,0.0,0.0,0.001323853855181483,0.0,0.0,4.65301216706695,0.0,0.0,313.90587684752467,310.2415408266026,-6.661338147750939e-14,unvalidated-engineering-priors,fixed independent scenario factor; no N cycle,,,,right_censored,BBCH89_full_ripeness,,,
12,ag_046_048,maize,1998,1998-06-15,1998-10-05,266946.3095325965,rain_98_matched,1.0,8.979483823168266e-13,2.3590018827235326e-12,0.0,0.0,0.03354275471250856,481.19,80.0,0.0,20.515304171651877,238.0133398271159,76.88448012864541,0.0,0.0,0.0,74.96155773641166,80.0,0.0,335.4131241274132,9766.572965547544,18677.906077633736,310.2415408266026,461.0568589627762,1.5445422718585178e-12,unvalidated-engineering-priors,fixed independent scenario factor; no N cycle,1998-08-12,1998-09-26,1998-09-26,physiological_maturity,R6_physiological_maturity,1998-06-16,seed_layer_available_water,50.0
12,ag_046_048,fallow,1998,1998-10-06,1998-10-11,266946.3095325965,rain_98_matched,1.0,8.393286066166183e-14,0.0,0.0,0.0,1.0,8.09,0.0,0.0,12.098324328521668,0.0,0.0,0.0,0.0,0.0,1.8014455564456096,0.0,0.0,12.098324328521668,0.0,0.0,461.0568589627762,455.24708907780894,-3.952393967665557e-14,unvalidated-engineering-priors,fixed independent scenario factor; no N cycle,,,,right_censored,BBCH89_full_ripeness,,,
12,ag_046_048,wheat,1999,1998-10-12,1999-06-10,266946.3095325965,rain_98_matched,1.0,6.084022174945858e-13,2.6005864128819667e-12,0.0,0.0,0.04267140235271844,91.78999999999999,300.0,0.0,188.38121331118808,242.88001836113912,38.01761075330361,0.0,0.0,0.0,35.94515372908222,300.0,0.0,469.2788424256308,7855.999936302504,17673.18345017344,455.24708907780894,341.8130929230992,-3.2817082384895002e-12,unvalidated-engineering-priors,fixed independent scenario factor; no N cycle,1999-04-30,1999-06-07,1999-06-07,full_ripeness,BBCH89_full_ripeness,1998-10-12,seed_layer_available_water,50.0
12,ag_046_048,fallow,1999,1999-06-11,1999-06-14,266946.3095325965,rain_98_matched,1.0,9.980904991380157e-14,0.0,0.0,0.0,1.0,7.71,0.0,0.0,5.251527677163287,0.0,0.0,0.0,0.0,0.0,0.014695105394127586,0.0,0.0,5.251527677163287,0.0,0.0,341.8130929230992,344.2568701405417,6.88338275267597e-14,unvalidated-engineering-priors,fixed independent scenario factor; no N cycle,,,,right_censored,BBCH89_full_ripeness,,,
12,ag_046_048,maize,1999,1999-06-15,1999-10-05,266946.3095325965,rain_98_matched,1.0,6.403766406037903e-13,2.8421709430404007e-12,0.0,0.0,0.03354275471250856,285.82,80.0,0.0,18.268290536251858,215.92928394208033,100.3884898162439,0.0,0.0,0.0,1.538855650907615,80.0,0.0,334.5860642945761,10051.056042604856,19476.393737436556,344.2568701405417,373.9519501950594,-1.4073187060148484e-12,unvalidated-engineering-priors,fixed independent scenario factor; no N cycle,1999-08-12,1999-09-28,1999-09-28,physiological_maturity,R6_physiological_maturity,1999-06-15,seed_layer_available_water,50.0
12,ag_046_048,fallow,1999,1999-10-06,1999-10-11,266946.3095325965,rain_98_matched,1.0,1.1057821325266559e-13,0.0,0.0,0.0,1.0,0.16,0.0,0.0,16.061385501882384,0.0,0.0,0.0,0.0,0.0,0.010318593371038342,0.0,0.0,16.061385501882384,0.0,0.0,373.9519501950594,358.04024609980587,1.0258460747536446e-13,unvalidated-engineering-priors,fixed independent scenario factor; no N cycle,,,,right_censored,BBCH89_full_ripeness,,,
12,ag_046_048,wheat,2000,1999-10-12,2000-06-10,266946.3095325965,rain_98_matched,1.0,5.790923296444817e-13,2.3874235921539366e-12,0.0,0.0,0.04267140235271844,118.11,300.0,0.0,207.69040523621237,251.6988400544743,30.853238497261447,0.0,0.0,0.0,1.9721314037040973,300.0,0.0,490.2424837879481,7520.89525091503,16945.608512515668,358.04024609980587,283.9356309081556,-1.9265977702076498e-12,unvalidated-engineering-priors,fixed independent scenario factor; no N cycle,2000-04-30,2000-06-07,2000-06-07,full_ripeness,BBCH89_full_ripeness,1999-10-12,seed_layer_available_water,50.0
12,ag_046_048,fallow,2000,2000-06-11,2000-06-14,266946.3095325965,rain_98_matched,1.0,4.696243394164412e-14,0.0,0.0,0.0,1.0,1.11,0.0,0.0,2.9869533945458207,0.0,0.0,0.0,0.0,0.0,0.0007300755274697729,0.0,0.0,2.9869533945458207,0.0,0.0,283.9356309081556,282.05794743808235,-5.362377208939506e-14,unvalidated-engineering-priors,fixed independent scenario factor; no N cycle,,,,right_censored,BBCH89_full_ripeness,,,
12,ag_046_048,maize,2000,2000-06-15,2000-10-05,266946.3095325965,rain_98_matched,1.0,9.352518759442319e-13,3.126388037344441e-12,0.0,0.0,0.03354275471250856,545.71,80.0,0.0,19.40615315272261,200.2689416772541,82.62238950242352,0.0,0.0,0.0,95.10925504501888,80.0,0.0,302.29748433240024,9452.171907855649,18120.58932161899,282.05794743808235,510.36120806065804,5.201505892671321e-12,unvalidated-engineering-priors,fixed independent scenario factor; no N cycle,2000-08-12,2000-09-28,2000-09-28,physiological_maturity,R6_physiological_maturity,2000-06-16,seed_layer_available_water,50.0
12,ag_046_048,fallow,2000,2000-10-06,2000-10-11,266946.3095325965,rain_98_matched,1.0,1.2612133559741778e-13,0.0,0.0,0.0,1.0,53.4,0.0,0.0,13.2342224,0.0,0.0,0.0,0.0,0.0,2.7952494469740365,0.0,0.0,13.2342224,0.0,0.0,510.36120806065804,547.7317362136839,8.970602038971265e-14,unvalidated-engineering-priors,fixed independent scenario factor; no N cycle,,,,right_censored,BBCH89_full_ripeness,,,
12,ag_046_048,wheat,2001,2000-10-12,2001-06-10,266946.3095325965,rain_98_matched,1.0,6.67021993194794e-13,4.320099833421409e-12,0.0,0.0,0.04267140235271844,115.6,300.0,0.0,232.74684748011146,287.80983177147647,17.298877125545577,0.0,0.0,0.0,118.66142911612606,300.0,0.0,537.8555563771334,8153.524123598626,19235.14341037108,547.7317362136839,306.81475072041957,4.792666263853107e-12,unvalidated-engineering-priors,fixed independent scenario factor; no N cycle,2001-05-02,,2001-06-10,cut_before_maturity,BBCH89_full_ripeness,2000-10-12,seed_layer_available_water,50.0
12,ag_046_048,fallow,2001,2001-06-11,2001-06-14,266946.3095325965,rain_98_matched,1.0,7.455147610357926e-14,0.0,0.0,0.0,1.0,15.82,0.0,0.0,5.464529018431588,0.0,0.0,0.0,0.0,0.0,0.003952922158838443,0.0,0.0,5.464529018431588,0.0,0.0,306.81475072041957,317.1662687798292,-3.813616089587413e-14,unvalidated-engineering-priors,fixed independent scenario factor; no N cycle,,,,right_censored,BBCH89_full_ripeness,,,
12,ag_046_048,maize,2001,2001-06-15,2001-10-05,266946.3095325965,rain_98_matched,1.0,8.775202786637237e-13,4.661160346586257e-12,0.0,0.0,0.03354275471250856,486.67,80.0,0.0,16.8482605287426,242.449418089715,78.22624658847565,0.0,0.0,0.0,107.50808990989587,80.0,0.0,337.52392520693326,10355.854052013525,19912.338246117004,317.1662687798292,438.8042536629963,3.758493516414774e-12,unvalidated-engineering-priors,fixed independent scenario factor; no N cycle,2001-08-11,2001-09-26,2001-09-26,physiological_maturity,R6_physiological_maturity,2001-06-15,seed_layer_available_water,50.0
12,ag_046_048,fallow,2001,2001-10-06,2001-10-11,266946.3095325965,rain_98_matched,1.0,1.305622276959184e-13,0.0,0.0,0.0,1.0,6.28,0.0,0.0,15.552565191156805,0.0,0.0,0.0,0.0,0.0,0.6833498073178832,0.0,0.0,15.552565191156805,0.0,0.0,438.8042536629963,428.8483386645216,3.5083047578154947e-14,unvalidated-engineering-priors,fixed independent scenario factor; no N cycle,,,,right_censored,BBCH89_full_ripeness,,,
12,ag_046_048,wheat,2002,2001-10-12,2002-06-10,266946.3095325965,rain_98_matched,1.0,4.911626660941693e-13,3.161915174132446e-12,0.0,0.0,0.04267140235271844,148.84,300.0,0.0,203.03962866408276,227.4931609249691,37.02589537667172,0.0,0.0,0.0,22.423528008772706,300.0,0.0,467.55868496572356,7700.5995645381345,17002.71192984516,428.8483386645216,387.706125690025,3.144706717250756e-13,unvalidated-engineering-priors,fixed independent scenario factor; no N cycle,2002-04-25,2002-06-07,2002-06-07,full_ripeness,BBCH89_full_ripeness,2001-10-12,seed_layer_available_water,50.0
12,ag_046_048,fallow,2002,2002-06-11,2002-06-14,266946.3095325965,rain_98_matched,1.0,6.838973831690964e-14,0.0,0.0,0.0,1.0,1.7000000000000002,0.0,0.0,16.367258474986798,0.0,0.0,0.0,0.0,0.0,0.039133614320495086,0.0,0.0,16.367258474986798,0.0,0.0,387.706125690025,372.9997336007176,7.904787935331115e-14,unvalidated-engineering-priors,fixed independent scenario factor; no N cycle,,,,right_censored,BBCH89_full_ripeness,,,
12,ag_046_048,maize,2002,2002-06-15,2002-10-05,266946.3095325965,rain_98_matched,1.0,6.021849685566849e-13,2.3021584638627246e-12,0.0,0.0,0.03354275471250856,282.34,80.0,0.0,18.68932980510644,230.95008901797902,74.01412568813755,0.0,0.0,0.0,23.158384887052513,80.0,0.0,323.653544511223,9955.578106137591,18676.15258721311,372.9997336007176,388.5278042024438,-1.7221779557985428e-12,unvalidated-engineering-priors,fixed independent scenario factor; no N cycle,2002-08-13,2002-10-01,2002-10-01,physiological_maturity,R6_physiological_maturity,2002-06-16,seed_layer_available_water,50.0
12,ag_046_048,fallow,2002,2002-10-06,2002-10-11,266946.3095325965,rain_98_matched,1.0,1.1590728377086634e-13,0.0,0.0,0.0,1.0,0.51,0.0,0.0,15.003502668488393,0.0,0.0,0.0,0.0,0.0,0.07818315275016534,0.0,0.0,15.003502668488393,0.0,0.0,388.5278042024438,373.9561183812052,3.086420008457935e-14,unvalidated-engineering-priors,fixed independent scenario factor; no N cycle,,,,right_censored,BBCH89_full_ripeness,,,
12,ag_046_048,wheat,2003,2002-10-12,2003-06-10,266946.3095325965,rain_98_matched,1.0,5.186961971048731e-13,3.126388037344441e-12,0.0,0.0,0.04267140235271844,193.65,300.0,0.0,223.0727226574484,198.72730087120632,46.95450838761493,0.0,0.0,0.0,6.9484430639070744,300.0,0.0,468.7545319162696,7630.891906706045,16833.508366587423,373.9561183812052,391.90314340102907,-5.77121683775772e-13,unvalidated-engineering-priors,fixed independent scenario factor; no N cycle,2003-05-05,,2003-06-10,cut_before_maturity,BBCH89_full_ripeness,2002-10-12,seed_layer_available_water,50.0
12,ag_046_048,fallow,2003,2003-06-11,2003-06-14,266946.3095325965,rain_98_matched,1.0,6.17284001691587e-14,0.0,0.0,0.0,1.0,3.0599999999999996,0.0,0.0,9.885549813284019,0.0,0.0,0.0,0.0,0.0,0.10052765968288625,0.0,0.0,9.885549813284019,0.0,0.0,391.90314340102907,384.9770659280622,-2.4202861936828413e-14,unvalidated-engineering-priors,fixed independent scenario factor; no N cycle,,,,right_censored,BBCH89_full_ripeness,,,
12,ag_046_048,maize,2003,2003-06-15,2003-10-05,266946.3095325965,rain_98_matched,1.0,5.897504706808832e-13,3.240074875066057e-12,0.0,0.0,0.03354275471250856,402.27,80.0,0.0,19.372712200832723,178.96856167581373,89.769190811512,0.0,0.0,0.0,43.74506381114318,80.0,0.0,288.11046468815846,8634.842254207742,16962.72540351544,384.9770659280622,535.3915374287618,-1.2445600106048005e-12,unvalidated-engineering-priors,fixed independent scenario factor; no N cycle,2003-08-12,2003-10-01,2003-10-01,physiological_maturity,R6_physiological_maturity,2003-06-16,seed_layer_available_water,50.0
12,ag_046_048,fallow,2003,2003-10-06,2003-10-11,266946.3095325965,rain_98_matched,1.0,1.3145040611561853e-13,0.0,0.0,0.0,1.0,67.13,0.0,0.0,11.772914499999999,0.0,0.0,0.0,0.0,0.0,4.937124008436213,0.0,0.0,11.772914499999999,0.0,0.0,535.3915374287618,585.8114989203256,3.019806626980426e-14,unvalidated-engineering-priors,fixed independent scenario factor; no N cycle,,,,right_censored,BBCH89_full_ripeness,,,
12,ag_046_048,wheat,2004,2003-10-12,2004-06-10,266946.3095325965,rain_98_matched,1.0,5.151434834260726e-13,2.8848035071860068e-12,0.0,0.0,0.04267140235271844,152.57,300.0,0.0,227.67962997279525,260.55265479991454,40.53786808073006,0.0,0.0,0.0,146.37571656144362,300.0,0.0,528.7701528534399,8684.007615097684,19159.641832225938,585.8114989203256,363.2356295054419,2.0394796962364126e-13,unvalidated-engineering-priors,fixed independent scenario factor; no N cycle,2004-04-26,2004-06-03,2004-06-03,full_ripeness,BBCH89_full_ripeness,2003-10-12,seed_layer_available_water,50.0
12,ag_046_048,fallow,2004,2004-06-11,2004-06-14,266946.3095325965,rain_98_matched,1.0,5.445643935786393e-14,0.0,0.0,0.0,1.0,0.3,0.0,0.0,3.556470075380541,0.0,0.0,0.0,0.0,0.0,0.03796503068370933,0.0,0.0,3.556470075380541,0.0,0.0,363.2356295054419,359.9411943993777,-3.702593787124897e-14,unvalidated-engineering-priors,fixed independent scenario factor; no N cycle,,,,right_censored,BBCH89_full_ripeness,,,
12,ag_046_048,maize,2004,2004-06-15,2004-10-05,266946.3095325965,rain_98_matched,1.0,6.838973831690964e-13,4.263256414560601e-12,0.0,0.0,0.03354275471250856,581.24,80.0,0.0,15.830228311842996,211.45365771247435,93.93657162826818,0.0,0.0,0.0,227.85435374421087,80.0,0.0,321.22045765258554,10516.403535545543,19499.244246565417,359.9411943993777,472.1063830025807,6.306621891383202e-13,unvalidated-engineering-priors,fixed independent scenario factor; no N cycle,2004-08-13,2004-10-03,2004-10-03,physiological_maturity,R6_physiological_maturity,2004-06-16,seed_layer_available_water,50.0
12,ag_046_048,fallow,2004,2004-10-06,2004-10-11,266946.3095325965,rain_98_matched,1.0,1.1501910535116622e-13,0.0,0.0,0.0,1.0,0.01,0.0,0.0,17.410274049124496,0.0,0.0,0.0,0.0,0.0,1.0453522248633833,0.0,0.0,17.410274049124496,0.0,0.0,472.1063830025807,453.6607567285928,1.687538997430238e-14,unvalidated-engineering-priors,fixed independent scenario factor; no N cycle,,,,right_censored,BBCH89_full_ripeness,,,
12,ag_046_048,wheat,2005,2004-10-12,2005-06-10,266946.3095325965,rain_98_matched,0.75,2.1049828546892968e-13,3.126388037344441e-12,0.0,0.0,0.04267140235271844,134.46,225.0,0.0,200.9187106987605,265.29230651651824,32.62822499049815,0.0,0.0,0.0,26.600754160259978,225.0,0.0,498.8392422057769,8332.014356098643,18459.9829295936,453.6607567285928,287.68076036255667,-7.42572670020536e-13,unvalidated-engineering-priors,fixed independent scenario factor; no N cycle,2005-05-03,,2005-06-10,cut_before_maturity,BBCH89_full_ripeness,2004-10-12,seed_layer_available_water,50.0
12,ag_046_048,fallow,2005,2005-06-11,2005-06-14,266946.3095325965,rain_98_matched,0.75,1.0347278589506459e-13,0.0,0.0,0.0,1.0,2.13,0.0,0.0,5.226981176046729,0.0,0.0,0.0,0.0,0.0,0.001996331746636588,0.0,0.0,5.226981176046729,0.0,0.0,287.68076036255667,284.58178285476333,-2.90878432451791e-14,unvalidated-engineering-priors,fixed independent scenario factor; no N cycle,,,,right_censored,BBCH89_full_ripeness,,,
12,ag_046_048,maize,2005,2005-06-15,2005-10-05,266946.3095325965,rain_98_matched,0.75,6.934453011808728e-13,5.115907697472721e-12,0.0,0.0,0.03354275471250856,410.16,60.0,0.0,20.057211808816792,233.77559072282506,76.46922197461237,0.0,0.0,0.0,6.006309979417334,60.0,0.0,330.3020245062542,10410.008894747229,19623.240757185693,284.58178285476333,418.4334483690947,-2.9304336734981007e-12,unvalidated-engineering-priors,fixed independent scenario factor; no N cycle,2005-08-12,2005-09-29,2005-09-29,physiological_maturity,R6_physiological_maturity,2005-06-16,seed_layer_available_water,50.0
12,ag_046_048,fallow,2005,2005-10-06,2005-10-11,266946.3095325965,rain_98_matched,0.75,6.261657858885883e-14,0.0,0.0,0.0,1.0,5.24,0.0,0.0,17.87517929359851,0.0,0.0,0.0,0.0,0.0,0.15965357436415772,0.0,0.0,17.87517929359851,0.0,0.0,418.4334483690947,405.638615501132,5.81756864903582e-14,unvalidated-engineering-priors,fixed independent scenario factor; no N cycle,,,,right_censored,BBCH89_full_ripeness,,,
12,ag_046_048,wheat,2006,2005-10-12,2006-06-10,266946.3095325965,rain_98_matched,1.0,5.53335155473178e-13,3.865352482534945e-12,0.0,0.0,0.04267140235271844,97.5,300.0,0.0,182.3348785767426,263.2292663109675,37.19039305548531,0.0,0.0,0.0,10.5641139136633,300.0,0.0,482.7545379431954,8506.793586817881,18890.182787846177,405.638615501132,309.8199636442718,1.5089596239192815e-12,unvalidated-engineering-priors,fixed independent scenario factor; no N cycle,2006-05-02,,2006-06-10,cut_before_maturity,BBCH89_full_ripeness,2005-10-12,seed_layer_available_water,50.0
12,ag_046_048,fallow,2006,2006-06-11,2006-06-14,266946.3095325965,rain_98_matched,1.0,1.3855583347321954e-13,0.0,0.0,0.0,1.0,12.29,0.0,0.0,11.897729260059876,0.0,0.0,0.0,0.0,0.0,0.0021236081867531363,0.0,0.0,11.897729260059876,0.0,0.0,309.8199636442718,310.2101107760253,-1.3788969965844444e-13,unvalidated-engineering-priors,fixed independent scenario factor; no N cycle,,,,right_censored,BBCH89_full_ripeness,,,
12,ag_046_048,maize,2006,2006-06-15,2006-10-05,266946.3095325965,rain_98_matched,1.0,6.67021993194794e-13,3.169020601490047e-12,0.0,0.0,0.03354275471250856,407.64,80.0,0.0,19.90323566087706,213.83245391095252,80.03499005011658,0.0,0.0,0.0,26.83791672579458,80.0,0.0,313.77067962194616,9550.986266446243,17967.91871901405,310.2101107760253,457.2415144282811,3.4843794516348225e-12,unvalidated-engineering-priors,fixed independent scenario factor; no N cycle,2006-08-11,2006-09-27,2006-09-27,physiological_maturity,R6_physiological_maturity,2006-06-16,seed_layer_available_water,50.0
12,ag_046_048,fallow,2006,2006-10-06,2006-10-11,266946.3095325965,rain_98_matched,1.0,1.1945999744966684e-13,0.0,0.0,0.0,1.0,0.02,0.0,0.0,13.666973453063532,0.0,0.0,0.0,0.0,0.0,1.4281889210145144,0.0,0.0,13.666973453063532,0.0,0.0,457.2415144282811,442.16635205420334,-2.8332891588433995e-13,unvalidated-engineering-priors,fixed independent scenario factor; no N cycle,,,,right_censored,BBCH89_full_ripeness,,,
12,ag_046_048,wheat,2007,2006-10-12,2007-06-10,266946.3095325965,rain_98_matched,1.0,5.222489107836736e-13,4.604316927725449e-12,0.0,0.0,0.04267140235271844,136.82999999999998,300.0,0.0,185.1064610897847,312.33400235632047,29.410126631834153,0.0,0.0,0.0,29.15599239273174,300.0,0.0,526.8505900779393,10061.271553502444,22369.48074779818,442.16635205420334,322.98976958353035,1.9522716776521065e-12,unvalidated-engineering-priors,fixed independent scenario factor; no N cycle,2007-05-01,,2007-06-10,cut_before_maturity,BBCH89_full_ripeness,2006-10-12,seed_layer_available_water,50.0
12,ag_046_048,fallow,2007,2007-06-11,2007-06-14,266946.3095325965,rain_98_matched,1.0,5.917488721252084e-14,0.0,0.0,0.0,1.0,0.2,0.0,0.0,3.7984974166110086,0.0,0.0,0.0,0.0,0.0,0.0035714535028541746,0.0,0.0,3.7984974166110086,0.0,0.0,322.98976958353035,319.3877007134165,-2.3092638912203256e-14,unvalidated-engineering-priors,fixed independent scenario factor; no N cycle,,,,right_censored,BBCH89_full_ripeness,,,
12,ag_046_048,maize,2007,2007-06-15,2007-10-05,266946.3095325965,rain_98_matched,1.0,5.773159728050814e-13,4.632738637155853e-12,0.0,0.0,0.03354275471250856,366.45,80.0,0.0,17.01436152895069,235.21920793687664,82.72411037420535,0.0,0.0,0.0,1.360064269963216,80.0,0.0,334.9576798400327,10353.947213333207,20128.04592773857,319.3877007134165,429.5199566034225,-1.8891554987021664e-12,unvalidated-engineering-priors,fixed independent scenario factor; no N cycle,2007-08-11,2007-09-25,2007-09-25,physiological_maturity,R6_physiological_maturity,2007-06-16,seed_layer_available_water,50.0
12,ag_046_048,fallow,2007,2007-10-06,2007-10-11,266946.3095325965,rain_98_matched,1.0,5.1736392947532295e-14,0.0,0.0,0.0,1.0,12.370000000000001,0.0,0.0,10.174303539999999,0.0,0.0,0.0,0.0,0.0,0.029071034141433617,0.0,0.0,10.174303539999999,0.0,0.0,429.5199566034225,431.68658202928094,1.1191048088221578e-13,unvalidated-engineering-priors,fixed independent scenario factor; no N cycle,,,,right_censored,BBCH89_full_ripeness,,,
12,ag_046_048,wheat,2008,2007-10-12,2008-06-10,266946.3095325965,rain_98_matched,1.0,6.039613253960852e-13,4.320099833421409e-12,0.0,0.0,0.04267140235271844,188.29,300.0,0.0,213.1717708402354,231.83278143314826,44.558541761017175,0.0,0.0,0.0,19.281847743652147,300.0,0.0,489.5630940344008,7726.291538661859,17876.328046673232,431.68658202928094,411.13164025122876,-8.030243137113757e-13,unvalidated-engineering-priors,fixed independent scenario factor; no N cycle,2008-04-29,2008-06-07,2008-06-07,full_ripeness,BBCH89_full_ripeness,2007-10-12,seed_layer_available_water,50.0
12,ag_046_048,fallow,2008,2008-06-11,2008-06-14,266946.3095325965,rain_98_matched,1.0,9.681144774731365e-14,0.0,0.0,0.0,1.0,12.620000000000001,0.0,0.0,13.569957961045048,0.0,0.0,0.0,0.0,0.0,0.11582046529777774,0.0,0.0,13.569957961045048,0.0,0.0,411.13164025122876,410.0658618248859,3.552713678800501e-15,unvalidated-engineering-priors,fixed independent scenario factor; no N cycle,,,,right_censored,BBCH89_full_ripeness,,,
12,ag_046_048,maize,2008,2008-06-15,2008-10-05,266946.3095325965,rain_98_matched,1.0,6.705747068735946e-13,3.637978807091713e-12,0.0,0.0,0.03354275471250856,395.69,80.0,0.0,16.22663187587355,220.4062117741534,84.21705896273646,0.0,0.0,0.0,91.77250504976635,80.0,0.0,320.8499026127634,9903.861598956515,18945.44045814777,410.0658618248859,473.1334541623589,-2.7166602301065268e-12,unvalidated-engineering-priors,fixed independent scenario factor; no N cycle,2008-08-11,2008-09-26,2008-09-26,physiological_maturity,R6_physiological_maturity,2008-06-15,seed_layer_available_water,50.0
12,ag_046_048,fallow,2008,2008-10-06,2008-10-11,266946.3095325965,rain_98_matched,1.0,9.814371537686384e-14,0.0,0.0,0.0,1.0,1.9000000000000001,0.0,0.0,16.27576585755369,0.0,0.0,0.0,0.0,0.0,1.1069605531283002,0.0,0.0,16.27576585755369,0.0,0.0,473.1334541623589,457.6507277516769,-4.1744385725905886e-14,unvalidated-engineering-priors,fixed independent scenario factor; no N cycle,,,,right_censored,BBCH89_full_ripeness,,,
12,ag_046_048,wheat,2009,2008-10-12,2009-06-10,266946.3095325965,rain_98_matched,1.0,4.973799150320701e-13,4.320099833421409e-12,0.0,0.0,0.04267140235271844,124.48,300.0,0.0,194.13558657170626,269.69443724240716,33.15570351459696,0.0,0.0,0.0,32.3713755966585,300.0,0.0,496.98572732871037,8373.15911027896,18459.524319595635,457.6507277516769,352.77362482630775,2.9198865547641617e-13,unvalidated-engineering-priors,fixed independent scenario factor; no N cycle,2009-04-29,2009-06-07,2009-06-07,full_ripeness,BBCH89_full_ripeness,2008-10-12,seed_layer_available_water,50.0
12,ag_046_048,fallow,2009,2009-06-11,2009-06-14,266946.3095325965,rain_98_matched,1.0,7.882583474838611e-14,0.0,0.0,0.0,1.0,0.25,0.0,0.0,3.540160803095466,0.0,0.0,0.0,0.0,0.0,0.029013945305511466,0.0,0.0,3.540160803095466,0.0,0.0,352.77362482630775,349.4544500779066,1.8984813721090177e-13,unvalidated-engineering-priors,fixed independent scenario factor; no N cycle,,,,right_censored,BBCH89_full_ripeness,,,
12,ag_046_048,maize,2009,2009-06-15,2009-10-05,266946.3095325965,rain_98_matched,1.0,5.497824417943775e-13,6.139089236967266e-12,0.0,0.0,0.03354275471250856,384.82,80.0,0.0,18.720066079621247,258.2546331133204,76.40325114663064,0.0,0.0,0.0,11.877868757345782,80.0,0.0,353.37795033957224,10548.190927262545,20896.088383882765,349.4544500779066,449.0186309809874,1.155742168634788e-12,unvalidated-engineering-priors,fixed independent scenario factor; no N cycle,2009-08-13,2009-10-02,2009-10-02,physiological_maturity,R6_physiological_maturity,2009-06-16,seed_layer_available_water,50.0
12,ag_046_048,fallow,2009,2009-10-06,2009-10-11,266946.3095325965,rain_98_matched,1.0,8.348877145181177e-14,0.0,0.0,0.0,1.0,0.21000000000000002,0.0,0.0,12.679914856920753,0.0,0.0,0.0,0.0,0.0,0.7335698414384366,0.0,0.0,12.679914856920753,0.0,0.0,449.0186309809874,435.81514628262806,1.283417816466681e-13,unvalidated-engineering-priors,fixed independent scenario factor; no N cycle,,,,right_censored,BBCH89_full_ripeness,,,
12,ag_046_048,wheat,2010,2009-10-12,2010-06-10,266946.3095325965,rain_98_matched,1.0,5.151434834260726e-13,6.252776074688882e-12,0.0,0.0,0.04267140235271844,86.94,300.0,0.0,187.51802719943765,262.7270332806428,33.698108735739694,0.0,0.0,0.0,24.663928933028103,300.0,0.0,483.94316921582015,7438.688239074651,18580.24088233557,435.81514628262806,314.14804813378066,-8.462675005205256e-13,unvalidated-engineering-priors,fixed independent scenario factor; no N cycle,2010-05-13,,2010-06-10,cut_before_maturity,BBCH89_full_ripeness,2009-10-12,seed_layer_available_water,50.0
12,ag_046_048,fallow,2010,2010-06-11,2010-06-14,266946.3095325965,rain_98_matched,1.0,9.026113190202523e-14,0.0,0.0,0.0,1.0,0.02,0.0,0.0,4.863908502695964,0.0,0.0,0.0,0.0,0.0,0.006896856061890265,0.0,0.0,4.863908502695964,0.0,0.0,314.14804813378066,309.29724277502294,-1.297850715786808e-13,unvalidated-engineering-priors,fixed independent scenario factor; no N cycle,,,,right_censored,BBCH89_full_ripeness,,,
12,ag_046_048,maize,2010,2010-06-15,2010-10-05,266946.3095325965,rain_98_matched,1.0,4.982680934517703e-13,3.694822225952521e-12,0.0,0.0,0.03354275471250856,462.8,80.0,0.0,18.53398395912627,226.8136912722232,86.7366755187224,0.0,0.0,0.0,19.703530830532454,80.0,0.0,332.08435075007185,9925.191612884839,19272.8937544208,309.29724277502294,500.30936119441725,1.3671286325234178e-12,unvalidated-engineering-priors,fixed independent scenario factor; no N cycle,2010-08-12,2010-09-30,2010-09-30,physiological_maturity,R6_physiological_maturity,2010-06-16,seed_layer_available_water,50.0
12,ag_046_048,fallow,2010,2010-10-06,2010-10-11,266946.3095325965,rain_98_matched,1.0,7.327471962526033e-14,0.0,0.0,0.0,1.0,0.3,0.0,0.0,18.48005236204805,0.0,0.0,0.0,0.0,0.0,2.608385649699816,0.0,0.0,18.48005236204805,0.0,0.0,500.30936119441725,479.52092318266955,-1.652011860642233e-13,unvalidated-engineering-priors,fixed independent scenario factor; no N cycle,,,,right_censored,BBCH89_full_ripeness,,,
12,ag_046_048,wheat,2011,2010-10-12,2011-06-10,266946.3095325965,rain_98_matched,1.0,4.982680934517703e-13,4.220623850414995e-12,0.0,0.0,0.04267140235271844,58.72,300.0,0.0,177.07010272532054,293.54618558110866,16.6464138311994,0.0,0.0,0.0,49.117083444484315,300.0,0.0,487.2627021376286,8582.043025630795,18749.88196195223,479.52092318266955,301.8611376005553,1.3127832154680164e-12,unvalidated-engineering-priors,fixed independent scenario factor; no N cycle,2011-05-02,2011-06-10,2011-06-10,full_ripeness,BBCH89_full_ripeness,2010-10-12,seed_layer_available_water,50.0
12,ag_046_048,fallow,2011,2011-06-11,2011-06-14,266946.3095325965,rain_98_matched,1.0,8.737455203799982e-14,0.0,0.0,0.0,1.0,0.23,0.0,0.0,2.47085949620843,0.0,0.0,0.0,0.0,0.0,0.002552976273448276,0.0,0.0,2.47085949620843,0.0,0.0,301.8611376005553,299.61772512807346,-2.7644553313166398e-14,unvalidated-engineering-priors,fixed independent scenario factor; no N cycle,,,,right_censored,BBCH89_full_ripeness,,,
12,ag_046_048,maize,2011,2011-06-15,2011-10-05,266946.3095325965,rain_98_matched,1.0,5.657696533489798e-13,5.172751116333529e-12,0.0,0.0,0.03354275471250856,404.71,80.0,0.0,19.28752062367145,210.25030625311345,97.3011441175337,0.0,0.0,0.0,6.943952118338514,80.0,0.0,326.8389709943186,10751.051610039196,19831.166007782227,299.61772512807346,450.544802015415,1.3886669592011458e-12,unvalidated-engineering-priors,fixed independent scenario factor; no N cycle,2011-08-12,2011-10-04,2011-10-04,physiological_maturity,R6_physiological_maturity,2011-06-16,seed_layer_available_water,50.0
12,ag_046_048,fallow,2011,2011-10-06,2011-10-11,266946.3095325965,rain_98_matched,1.0,9.50350909079134e-14,0.0,0.0,0.0,1.0,4.25,0.0,0.0,14.769328841489788,0.0,0.0,0.0,0.0,0.0,0.5258619339534875,0.0,0.0,14.769328841489788,0.0,0.0,450.544802015415,439.49961123997167,2.7200464103316335e-14,unvalidated-engineering-priors,fixed independent scenario factor; no N cycle,,,,right_censored,BBCH89_full_ripeness,,,
12,ag_046_048,wheat,2012,2011-10-12,2012-06-10,266946.3095325965,rain_98_matched,1.0,5.542233338928781e-13,5.4853899200679734e-12,0.0,0.0,0.04267140235271844,123.3,300.0,0.0,211.1661782626888,260.76368614201755,27.354996947556216,0.0,0.0,0.0,27.23597432386067,300.0,0.0,499.2848613522625,8310.586299007535,18766.28172694042,439.49961123997167,336.2787755638469,1.5916157281026244e-12,unvalidated-engineering-priors,fixed independent scenario factor; no N cycle,2012-05-03,,2012-06-10,cut_before_maturity,BBCH89_full_ripeness,2011-10-12,seed_layer_available_water,50.0
12,ag_046_048,fallow,2012,2012-06-11,2012-06-14,266946.3095325965,rain_98_matched,1.0,9.259260025373806e-14,0.0,0.0,0.0,1.0,0.54,0.0,0.0,3.7591859873768545,0.0,0.0,0.0,0.0,0.0,0.012303905214254986,0.0,0.0,3.7591859873768545,0.0,0.0,336.2787755638469,333.04728567125574,7.505107646466058e-14,unvalidated-engineering-priors,fixed independent scenario factor; no N cycle,,,,right_censored,BBCH89_full_ripeness,,,
12,ag_046_048,maize,2012,2012-06-15,2012-10-05,266946.3095325965,rain_98_matched,1.0,6.803446694902959e-13,2.7284841053187847e-12,0.0,0.0,0.03354275471250856,564.13,80.0,0.0,20.443159176992822,178.10354086947612,83.0878414040985,0.0,0.0,0.0,188.37141514143073,80.0,0.0,281.63454145056744,8441.83256725015,17119.874219120124,333.04728567125574,507.1713290792538,3.779254686975264e-12,unvalidated-engineering-priors,fixed independent scenario factor; no N cycle,2012-08-11,2012-10-01,2012-10-01,physiological_maturity,R6_physiological_maturity,2012-06-16,seed_layer_available_water,50.0
12,ag_046_048,fallow,2012,2012-10-06,2012-10-11,266946.3095325965,rain_98_matched,1.0,7.593925488436071e-14,0.0,0.0,0.0,1.0,0.73,0.0,0.0,18.116887397435622,0.0,0.0,0.0,0.0,0.0,3.2796460083663233,0.0,0.0,18.116887397435622,0.0,0.0,507.1713290792538,486.5047956734518,5.284661597215745e-14,unvalidated-engineering-priors,fixed independent scenario factor; no N cycle,,,,right_censored,BBCH89_full_ripeness,,,
12,ag_046_048,wheat,2013,2012-10-12,2013-06-10,266946.3095325965,rain_98_matched,0.75,5.444533712761768e-13,3.780087354243733e-12,0.0,0.0,0.04267140235271844,147.31,225.0,0.0,204.7476108279895,260.7020535302211,34.68772387619653,0.0,0.0,0.0,48.77240655880506,225.0,0.0,500.1373882344071,7977.935039348782,18929.258730027548,486.5047956734518,309.9050008802383,1.300848317953296e-12,unvalidated-engineering-priors,fixed independent scenario factor; no N cycle,2013-05-08,,2013-06-10,cut_before_maturity,BBCH89_full_ripeness,2012-10-12,seed_layer_available_water,50.0
12,ag_046_048,fallow,2013,2013-06-11,2013-06-14,266946.3095325965,rain_98_matched,0.75,7.37188088351104e-14,0.0,0.0,0.0,1.0,0.06,0.0,0.0,15.204897269577334,0.0,0.0,0.0,0.0,0.0,0.0036389130818633344,0.0,0.0,15.204897269577334,0.0,0.0,309.9050008802383,294.756464697579,5.995204332975845e-14,unvalidated-engineering-priors,fixed independent scenario factor; no N cycle,,,,right_censored,BBCH89_full_ripeness,,,
12,ag_046_048,maize,2013,2013-06-15,2013-10-05,266946.3095325965,rain_98_matched,0.75,6.679101716144942e-13,6.991740519879386e-12,0.0,0.0,0.03354275471250856,422.88,60.0,0.0,17.79459416213725,239.15318222898424,68.58624324239234,0.0,0.0,0.0,17.503232504021412,60.0,0.0,325.5340196335138,9861.484784103373,18712.540896380448,294.756464697579,434.59921256004776,-3.9801217877055706e-12,unvalidated-engineering-priors,fixed independent scenario factor; no N cycle,2013-08-12,2013-09-28,2013-09-28,physiological_maturity,R6_physiological_maturity,2013-06-16,seed_layer_available_water,50.0
12,ag_046_048,fallow,2013,2013-10-06,2013-10-11,266946.3095325965,rain_98_matched,0.75,1.141309269314661e-13,0.0,0.0,0.0,1.0,0.69,0.0,0.0,16.982167193515565,0.0,0.0,0.0,0.0,0.0,0.21834683549946707,0.0,0.0,16.982167193515565,0.0,0.0,434.59921256004776,418.08869853103283,-1.0436096431476471e-13,unvalidated-engineering-priors,fixed independent scenario factor; no N cycle,,,,right_censored,BBCH89_full_ripeness,,,
12,ag_046_048,wheat,2014,2013-10-12,2014-06-10,266946.3095325965,rain_98_matched,1.0,5.027089855502709e-13,4.291678123991005e-12,0.0,0.0,0.04267140235271844,97.85,300.0,0.0,185.3195554631703,241.74510349326965,35.115885058593406,0.0,0.0,0.0,18.989925637970686,300.0,0.0,462.1805440150334,7865.369486298288,17641.163046437803,418.08869853103283,334.7682288780258,2.972011525770313e-12,unvalidated-engineering-priors,fixed independent scenario factor; no N cycle,2014-04-25,2014-06-06,2014-06-06,full_ripeness,BBCH89_full_ripeness,2013-10-12,seed_layer_available_water,50.0
12,ag_046_048,fallow,2014,2014-06-11,2014-06-14,266946.3095325965,rain_98_matched,1.0,3.042011087472929e-14,0.0,0.0,0.0,1.0,0.72,0.0,0.0,2.510952784162032,0.0,0.0,0.0,0.0,0.0,0.01348568209632014,0.0,0.0,2.510952784162032,0.0,0.0,334.7682288780258,332.96379041176755,-9.00390872971002e-14,unvalidated-engineering-priors,fixed independent scenario factor; no N cycle,,,,right_censored,BBCH89_full_ripeness,,,
12,ag_046_048,maize,2014,2014-06-15,2014-10-05,266946.3095325965,rain_98_matched,1.0,7.465139617579553e-13,4.931166586175095e-12,0.0,0.0,0.03354275471250856,264.28000000000003,80.0,0.0,17.269378080100786,244.86245686776138,73.50324360108083,0.0,0.0,0.0,3.5546758391703626,80.0,0.0,335.635078548943,9652.1328596196,19235.806579190303,332.96379041176755,338.0540360236538,3.867739462037889e-13,unvalidated-engineering-priors,fixed independent scenario factor; no N cycle,2014-08-12,2014-09-29,2014-09-29,physiological_maturity,R6_physiological_maturity,2014-06-16,seed_layer_available_water,50.0
12,ag_046_048,fallow,2014,2014-10-06,2014-10-11,266946.3095325965,rain_98_matched,1.0,1.2168044349891716e-13,0.0,0.0,0.0,1.0,0.0,0.0,0.0,14.01781450272264,0.0,0.0,0.0,0.0,0.0,0.0051850482426867755,0.0,0.0,14.01781450272264,0.0,0.0,338.0540360236538,324.0310364726883,1.6697754290362354e-13,unvalidated-engineering-priors,fixed independent scenario factor; no N cycle,,,,right_censored,BBCH89_full_ripeness,,,
12,ag_046_048,wheat,2015,2014-10-12,2015-06-10,266946.3095325965,rain_98_matched,1.0,2.815525590449397e-13,3.467448550509289e-12,0.0,0.0,0.04267140235271844,125.44,300.0,0.0,194.46670988414826,206.81330134968965,41.546521657030375,0.0,0.0,0.0,0.5082485420091604,300.0,0.0,442.8265328908683,6690.643343242466,15386.922897706494,324.0310364726883,306.13625503980984,1.0231815394945443e-12,unvalidated-engineering-priors,fixed independent scenario factor; no N cycle,2015-04-30,2015-06-09,2015-06-09,full_ripeness,BBCH89_full_ripeness,2014-10-12,seed_layer_available_water,50.0
12,ag_046_048,fallow,2015,2015-06-11,2015-06-14,266946.3095325965,rain_98_matched,1.0,1.5526468999382814e-13,0.0,0.0,0.0,1.0,0.06999999999999999,0.0,0.0,2.7493535239016675,0.0,0.0,0.0,0.0,0.0,0.0021331459741237655,0.0,0.0,2.7493535239016675,0.0,0.0,306.13625503980984,303.45476836993424,-1.9478862967048372e-13,unvalidated-engineering-priors,fixed independent scenario factor; no N cycle,,,,right_censored,BBCH89_full_ripeness,,,
12,ag_046_048,maize,2015,2015-06-15,2015-10-05,266946.3095325965,rain_98_matched,1.0,6.927791673660977e-13,3.979039320256561e-12,0.0,0.0,0.03354275471250856,378.26,80.0,0.0,19.5688236676669,205.3739393638144,87.63553114140763,0.0,0.0,0.0,5.935934703123789,80.0,0.0,312.57829417288895,9739.635762059568,18464.698638166068,303.45476836993424,443.2005394939221,-6.014078124394473e-13,unvalidated-engineering-priors,fixed independent scenario factor; no N cycle,2015-08-12,2015-09-30,2015-09-30,physiological_maturity,R6_physiological_maturity,2015-06-16,seed_layer_available_water,50.0
12,ag_046_048,fallow,2015,2015-10-06,2015-10-11,266946.3095325965,rain_98_matched,1.0,1.056932319443149e-13,0.0,0.0,0.0,1.0,0.01,0.0,0.0,17.891855308510525,0.0,0.0,0.0,0.0,0.0,0.5351874567367706,0.0,0.0,17.891855308510525,0.0,0.0,443.2005394939221,424.7834967286748,5.062616992290714e-14,unvalidated-engineering-priors,fixed independent scenario factor; no N cycle,,,,right_censored,BBCH89_full_ripeness,,,
12,ag_046_048,wheat,2016,2015-10-12,2016-06-10,266946.3095325965,rain_98_matched,1.0,6.226130722097878e-13,3.353761712787673e-12,0.0,0.0,0.04267140235271844,143.35999999999999,300.0,0.0,234.24167141331836,265.4918676757109,22.541608958741566,0.0,0.0,0.0,26.911625661166816,300.0,0.0,522.2751480477708,8275.692685970278,18470.650070531243,424.7834967286748,318.9567230197363,8.325562461664049e-13,unvalidated-engineering-priors,fixed independent scenario factor; no N cycle,2016-04-29,2016-06-05,2016-06-05,full_ripeness,BBCH89_full_ripeness,2015-10-13,seed_layer_available_water,50.0
12,ag_046_048,fallow,2016,2016-06-11,2016-06-14,266946.3095325965,rain_98_matched,1.0,6.838973831690964e-14,0.0,0.0,0.0,1.0,13.94,0.0,0.0,9.169735006794571,0.0,0.0,0.0,0.0,0.0,0.004542275789967492,0.0,0.0,9.169735006794571,0.0,0.0,318.9567230197363,323.7224457371518,-8.104628079763643e-14,unvalidated-engineering-priors,fixed independent scenario factor; no N cycle,,,,right_censored,BBCH89_full_ripeness,,,
12,ag_046_048,maize,2016,2016-06-15,2016-10-05,266946.3095325965,rain_98_matched,1.0,1.0942358130705543e-12,3.240074875066057e-12,0.0,0.0,0.03354275471250856,559.91,80.0,0.0,18.887580988250374,190.60115562203555,99.43071844871943,0.0,0.0,0.0,181.71131702615253,80.0,0.0,308.9194550590054,9218.233521664572,17489.453815015244,323.7224457371518,473.0016736519923,1.6144863224099026e-12,unvalidated-engineering-priors,fixed independent scenario factor; no N cycle,2016-08-10,2016-09-24,2016-09-24,physiological_maturity,R6_physiological_maturity,2016-06-15,seed_layer_available_water,50.0
12,ag_046_048,fallow,2016,2016-10-06,2016-10-11,266946.3095325965,rain_98_matched,1.0,9.192646643896296e-14,0.0,0.0,0.0,1.0,15.629999999999999,0.0,0.0,15.784294,0.0,0.0,0.0,0.0,0.0,1.9580615236940917,0.0,0.0,15.784294,0.0,0.0,473.0016736519923,470.889318128298,2.1316282072803006e-13,unvalidated-engineering-priors,fixed independent scenario factor; no N cycle,,,,right_censored,BBCH89_full_ripeness,,,
12,ag_046_048,wheat,2017,2016-10-12,2017-06-10,266946.3095325965,rain_98_matched,0.75,5.231370892033738e-13,4.263256414560601e-12,0.0,0.0,0.04267140235271844,122.28999999999999,225.0,0.0,206.9278102529077,263.4091936045891,26.481872813660843,0.0,0.0,0.0,44.91813254841483,225.0,0.0,496.8188766711576,8125.549110197632,18509.990681030016,470.889318128298,276.44230890872467,8.450462551934379e-13,unvalidated-engineering-priors,fixed independent scenario factor; no N cycle,2017-04-30,2017-06-06,2017-06-06,full_ripeness,BBCH89_full_ripeness,2016-10-12,seed_layer_available_water,50.0
12,ag_046_048,fallow,2017,2017-06-11,2017-06-14,266946.3095325965,rain_98_matched,0.75,3.730349362740526e-14,0.0,0.0,0.0,1.0,17.919999999999998,0.0,0.0,9.704462916999956,0.0,0.0,0.0,0.0,0.0,0.0017392934386247076,0.0,0.0,9.704462916999956,0.0,0.0,276.44230890872467,284.6561066982861,-3.530509218307998e-14,unvalidated-engineering-priors,fixed independent scenario factor; no N cycle,,,,right_censored,BBCH89_full_ripeness,,,
12,ag_046_048,maize,2017,2017-06-15,2017-10-05,266946.3095325965,rain_98_matched,0.75,4.765077221691172e-13,3.637978807091713e-12,0.0,0.0,0.03354275471250856,314.18,60.0,0.0,18.03272067823624,236.5414981559231,90.17759403612806,0.0,0.0,0.0,0.14651979576384186,60.0,0.0,344.7518128702874,9783.766724119647,19641.367574488104,284.6561066982861,313.9377740322343,5.810907310888069e-13,unvalidated-engineering-priors,fixed independent scenario factor; no N cycle,2017-08-12,2017-09-26,2017-09-26,physiological_maturity,R6_physiological_maturity,2017-06-15,seed_layer_available_water,50.0
12,ag_046_048,fallow,2017,2017-10-06,2017-10-11,266946.3095325965,rain_98_matched,0.75,9.059419880941277e-14,0.0,0.0,0.0,1.0,58.38,0.0,0.0,8.15267617,0.0,0.0,0.0,0.0,0.0,0.0015992352632911778,0.0,0.0,8.15267617,0.0,0.0,313.9377740322343,364.1634986269712,-1.9406698470447736e-13,unvalidated-engineering-priors,fixed independent scenario factor; no N cycle,,,,right_censored,BBCH89_full_ripeness,,,
12,ag_046_048,wheat,2018,2017-10-12,2018-06-10,266946.3095325965,rain_98_matched,1.0,5.355715870791755e-13,3.296918293926865e-12,0.0,0.0,0.04267140235271844,212.49,300.0,0.0,208.62563319766122,218.05578825872692,34.625081152768885,0.0,0.0,0.0,4.6748594985299095,300.0,0.0,461.306502609157,7002.404835971331,15893.248877910099,364.1634986269712,410.6721365192838,4.793110353062957e-13,unvalidated-engineering-priors,fixed independent scenario factor; no N cycle,2018-04-30,2018-06-09,2018-06-09,full_ripeness,BBCH89_full_ripeness,2017-10-12,seed_layer_available_water,50.0
12,ag_046_048,fallow,2018,2018-06-11,2018-06-14,266946.3095325965,rain_98_matched,1.0,7.549516567451064e-14,0.0,0.0,0.0,1.0,0.39,0.0,0.0,12.760884877508165,0.0,0.0,0.0,0.0,0.0,0.13055705131531187,0.0,0.0,12.760884877508165,0.0,0.0,410.6721365192838,398.1706945904604,-8.08242361927114e-14,unvalidated-engineering-priors,fixed independent scenario factor; no N cycle,,,,right_censored,BBCH89_full_ripeness,,,
12,ag_046_048,maize,2018,2018-06-15,2018-10-05,266946.3095325965,rain_98_matched,1.0,5.435651928564766e-13,4.433786671143025e-12,0.0,0.0,0.03354275471250856,293.81,80.0,0.0,19.141381651783,240.9756095856894,79.84536483856046,0.0,0.0,0.0,22.886708114363152,80.0,0.0,339.96235607603285,9630.519131718855,17951.566438322006,398.1706945904604,409.1316304000651,-6.774025784750393e-13,unvalidated-engineering-priors,fixed independent scenario factor; no N cycle,2018-08-11,2018-09-26,2018-09-26,physiological_maturity,R6_physiological_maturity,2018-06-16,seed_layer_available_water,50.0
12,ag_046_048,fallow,2018,2018-10-06,2018-10-11,266946.3095325965,rain_98_matched,1.0,8.881784197001252e-14,0.0,0.0,0.0,1.0,0.0,0.0,0.0,12.336701622784629,0.0,0.0,0.0,0.0,0.0,0.3449912915710878,0.0,0.0,12.336701622784629,0.0,0.0,409.1316304000651,396.44993748570937,4.440892098500626e-15,unvalidated-engineering-priors,fixed independent scenario factor; no N cycle,,,,right_censored,BBCH89_full_ripeness,,,
12,ag_046_048,wheat,2019,2018-10-12,2019-06-10,266946.3095325965,rain_98_matched,1.0,5.719869022868806e-13,4.696687483374262e-12,0.0,0.0,0.04267140235271844,130.59,300.0,0.0,190.5181527932505,261.23517060233775,24.666092765467628,0.0,0.0,0.0,11.170649675430987,300.0,0.0,476.41941616105584,7517.589915860169,17797.343289703615,396.44993748570937,339.4498716492231,-5.654365864415922e-13,unvalidated-engineering-priors,fixed independent scenario factor; no N cycle,2019-05-01,,2019-06-10,cut_before_maturity,BBCH89_full_ripeness,2018-10-13,seed_layer_available_water,50.0
12,ag_046_048,fallow,2019,2019-06-11,2019-06-14,266946.3095325965,rain_98_matched,1.0,5.040412531798211e-14,0.0,0.0,0.0,1.0,0.67,0.0,0.0,8.519675521425725,0.0,0.0,0.0,0.0,0.0,0.0054631579957358945,0.0,0.0,8.519675521425725,0.0,0.0,339.4498716492231,331.5947329698016,2.4202861936828413e-14,unvalidated-engineering-priors,fixed independent scenario factor; no N cycle,,,,right_censored,BBCH89_full_ripeness,,,
12,ag_046_048,maize,2019,2019-06-15,2019-10-05,266946.3095325965,rain_98_matched,1.0,5.186961971048731e-13,6.536993168992922e-12,0.0,0.0,0.03354275471250856,263.21,80.0,0.0,19.011943288534965,261.9592634350988,81.50468778386319,0.0,0.0,0.0,1.0760585471976911,80.0,0.0,362.47589450749695,10308.615379972141,20089.929614554887,331.5947329698016,311.25277991510774,-7.579492589115944e-13,unvalidated-engineering-priors,fixed independent scenario factor; no N cycle,2019-08-12,2019-09-27,2019-09-27,physiological_maturity,R6_physiological_maturity,2019-06-16,seed_layer_available_water,50.0
12,ag_046_048,fallow,2019,2019-10-06,2019-10-11,266946.3095325965,rain_98_matched,1.0,9.769962616701378e-14,0.0,0.0,0.0,1.0,3.14,0.0,0.0,12.12598984290753,0.0,0.0,0.0,0.0,0.0,0.004214391287991343,0.0,0.0,12.12598984290753,0.0,0.0,311.25277991510774,302.26257568091216,5.306866057708248e-14,unvalidated-engineering-priors,fixed independent scenario factor; no N cycle,,,,right_censored,BBCH89_full_ripeness,,,
12,ag_046_048,wheat,2020,2019-10-12,2020-06-10,266946.3095325965,rain_98_matched,1.0,5.74651437545981e-13,3.069544618483633e-12,0.0,0.0,0.04267140235271844,157.45000000000002,300.0,0.0,192.07317604553373,214.74843488732787,30.645923402600218,0.0,0.0,0.0,0.30999221851125713,300.0,0.0,437.46753433546183,7128.355819561237,15794.206081732109,302.26257568091216,321.9350491269387,4.3348657996489237e-13,unvalidated-engineering-priors,fixed independent scenario factor; no N cycle,2020-04-29,2020-06-06,2020-06-06,full_ripeness,BBCH89_full_ripeness,2019-10-12,seed_layer_available_water,50.0
12,ag_046_048,fallow,2020,2020-06-11,2020-06-14,266946.3095325965,rain_98_matched,1.0,9.447997939560082e-14,0.0,0.0,0.0,1.0,0.4,0.0,0.0,2.471468071440162,0.0,0.0,0.0,0.0,0.0,0.005313775307535804,0.0,0.0,2.471468071440162,0.0,0.0,321.9350491269387,319.8582672801909,9.43689570931383e-14,unvalidated-engineering-priors,fixed independent scenario factor; no N cycle,,,,right_censored,BBCH89_full_ripeness,,,
12,ag_046_048,maize,2020,2020-06-15,2020-10-05,266946.3095325965,rain_98_matched,1.0,7.149836278586008e-13,2.5863755581667647e-12,0.0,0.0,0.03354275471250856,439.35,80.0,0.0,19.312440683305102,201.99728822315535,67.73753399720614,0.0,0.0,0.0,53.27512046528588,80.0,0.0,289.0472629036666,8829.257381667629,17029.297358966112,319.8582672801909,496.885883911237,1.4183099139586375e-12,unvalidated-engineering-priors,fixed independent scenario factor; no N cycle,2020-08-12,2020-09-28,2020-09-28,physiological_maturity,R6_physiological_maturity,2020-06-16,seed_layer_available_water,50.0
12,ag_046_048,fallow,2020,2020-10-06,2020-10-11,266946.3095325965,rain_98_matched,1.0,9.14823772291129e-14,0.0,0.0,0.0,1.0,0.08,0.0,0.0,15.605307033648975,0.0,0.0,0.0,0.0,0.0,2.021208475878178,0.0,0.0,15.605307033648975,0.0,0.0,496.885883911237,479.3393684017098,2.9753977059954195e-14,unvalidated-engineering-priors,fixed independent scenario factor; no N cycle,,,,right_censored,BBCH89_full_ripeness,,,
12,ag_046_048,wheat,2021,2020-10-12,2021-06-10,266946.3095325965,rain_98_matched,1.0,6.09734485124136e-13,4.604316927725449e-12,0.0,0.0,0.04267140235271844,100.67,300.0,0.0,195.58011072524587,284.75052426226637,25.695716143965285,0.0,0.0,0.0,47.539906154460795,300.0,0.0,506.0263511314775,8607.225100663518,19759.70897427216,479.3393684017098,326.44311111577025,1.2477796573762134e-12,unvalidated-engineering-priors,fixed independent scenario factor; no N cycle,2021-04-27,2021-06-03,2021-06-03,full_ripeness,BBCH89_full_ripeness,2020-10-12,seed_layer_available_water,50.0
12,ag_046_048,fallow,2021,2021-06-11,2021-06-14,266946.3095325965,rain_98_matched,1.0,1.6253665080512292e-13,0.0,0.0,0.0,1.0,5.25,0.0,0.0,8.901455581193328,0.0,0.0,0.0,0.0,0.0,0.0055795680640214505,0.0,0.0,8.901455581193328,0.0,0.0,326.44311111577025,322.78607596651307,-1.667554982986985e-13,unvalidated-engineering-priors,fixed independent scenario factor; no N cycle,,,,right_censored,BBCH89_full_ripeness,,,
12,ag_046_048,maize,2021,2021-06-15,2021-10-05,266946.3095325965,rain_98_matched,1.0,5.728750807065808e-13,6.679101716144942e-12,1.4210854715202004e-14,0.0,0.03354275471250856,578.99,80.0,0.0,17.959220488505753,202.2033466745097,92.25919977303808,0.0,0.0,0.0,23.458506541831277,80.0,0.0,312.42176693605353,9025.627068731616,17959.90491098261,322.78607596651307,645.89580248863,-1.7501555760190968e-12,unvalidated-engineering-priors,fixed independent scenario factor; no N cycle,2021-08-10,2021-09-24,2021-09-24,physiological_maturity,R6_physiological_maturity,2021-06-15,seed_layer_available_water,50.0
12,ag_046_048,fallow,2021,2021-10-06,2021-10-11,266946.3095325965,rain_98_matched,1.0,1.794120407794253e-13,0.0,0.0,0.0,1.0,34.75,0.0,0.0,11.443648099999999,0.0,0.0,0.0,0.0,0.0,50.55348690779423,0.0,0.0,11.443648099999999,0.0,0.0,645.89580248863,618.6486674808353,4.4142467459096224e-13,unvalidated-engineering-priors,fixed independent scenario factor; no N cycle,,,,right_censored,BBCH89_full_ripeness,,,
12,ag_046_048,wheat,2022,2021-10-12,2022-06-10,266946.3095325965,rain_98_matched,0.75,4.858335955759685e-13,4.916955731459893e-12,0.0,0.0,0.04267140235271844,99.78,225.0,0.0,194.58989698242394,288.0707013163986,20.839361942496176,0.0,0.0,0.0,159.6145766954693,225.0,0.0,503.49996024131866,8723.51843626895,19373.297142333504,618.6486674808353,280.3141305440478,-4.620748228489902e-13,unvalidated-engineering-priors,fixed independent scenario factor; no N cycle,2022-04-27,2022-06-09,2022-06-09,full_ripeness,BBCH89_full_ripeness,2021-10-12,seed_layer_available_water,50.0
12,ag_046_048,fallow,2022,2022-06-11,2022-06-14,266946.3095325965,rain_98_matched,0.75,7.482903185973555e-14,0.0,0.0,0.0,1.0,2.87,0.0,0.0,3.5167453601741574,0.0,0.0,0.0,0.0,0.0,0.0016119239896152573,0.0,0.0,3.5167453601741574,0.0,0.0,280.3141305440478,279.665773259884,3.519406988061746e-14,unvalidated-engineering-priors,fixed independent scenario factor; no N cycle,,,,right_censored,BBCH89_full_ripeness,,,
12,ag_046_048,maize,2022,2022-06-15,2022-10-05,266946.3095325965,rain_98_matched,0.75,4.902744876744691e-13,3.0411229090532288e-12,0.0,0.0,0.03354275471250856,512.52,60.0,0.0,20.154849088748147,225.63046219190232,67.53044800053199,0.0,0.0,0.0,43.68053190693826,60.0,0.0,313.31575928118247,9561.445100293033,18001.113173618403,279.665773259884,495.1894820717604,2.9247715360725124e-12,unvalidated-engineering-priors,fixed independent scenario factor; no N cycle,2022-08-13,2022-09-28,2022-09-28,physiological_maturity,R6_physiological_maturity,2022-06-16,seed_layer_available_water,50.0
12,ag_046_048,fallow,2022,2022-10-06,2022-10-11,266946.3095325965,rain_98_matched,0.75,1.1901590823981678e-13,0.0,0.0,0.0,1.0,0.06,0.0,0.0,19.0835539,0.0,0.0,0.0,0.0,0.0,0.8671699300457476,0.0,0.0,19.0835539,0.0,0.0,495.1894820717604,475.2987582417147,-8.881784197001252e-14,unvalidated-engineering-priors,fixed independent scenario factor; no N cycle,,,,right_censored,BBCH89_full_ripeness,,,
12,ag_046_048,wheat,2023,2022-10-12,2023-06-10,266946.3095325965,rain_98_matched,1.0,6.59916565837193e-13,3.751665644813329e-12,0.0,0.0,0.04267140235271844,142.95,300.0,0.0,214.60801993180448,239.05185565523493,37.51650262771499,0.0,0.0,0.0,44.55023385873119,300.0,0.0,491.17637821475444,7705.040207878441,17360.462431895503,475.2987582417147,382.5221461682302,-1.1077805339709812e-12,unvalidated-engineering-priors,fixed independent scenario factor; no N cycle,2023-04-28,2023-06-04,2023-06-04,full_ripeness,BBCH89_full_ripeness,2022-10-12,seed_layer_available_water,50.0
12,ag_046_048,fallow,2023,2023-06-11,2023-06-14,266946.3095325965,rain_98_matched,1.0,5.284661597215745e-14,0.0,0.0,0.0,1.0,0.8699999999999999,0.0,0.0,3.8811922438807906,0.0,0.0,0.0,0.0,0.0,0.10635830628548634,0.0,0.0,3.8811922438807906,0.0,0.0,382.5221461682302,379.40459561806387,7.926992395823618e-14,unvalidated-engineering-priors,fixed independent scenario factor; no N cycle,,,,right_censored,BBCH89_full_ripeness,,,
12,ag_046_048,maize,2023,2023-06-15,2023-10-05,266946.3095325965,rain_98_matched,1.0,6.625811010962934e-13,3.979039320256561e-12,0.0,0.0,0.03354275471250856,371.64,80.0,0.0,19.439531094112642,256.32085987190993,81.65770657460749,0.0,0.0,0.0,40.26498686896909,80.0,0.0,357.4180975406301,10108.584253078518,20414.278183077906,379.40459561806387,433.3615112084646,8.515410598874951e-14,unvalidated-engineering-priors,fixed independent scenario factor; no N cycle,2023-08-13,2023-09-27,2023-09-27,physiological_maturity,R6_physiological_maturity,2023-06-16,seed_layer_available_water,50.0
12,ag_046_048,fallow,2023,2023-10-06,2023-10-11,266946.3095325965,rain_98_matched,1.0,6.394884621840902e-14,0.0,0.0,0.0,1.0,0.01,0.0,0.0,13.220230136063746,0.0,0.0,0.0,0.0,0.0,0.6174955610931372,0.0,0.0,13.220230136063746,0.0,0.0,433.3615112084646,419.5337855113078,-1.0391687510491465e-13,unvalidated-engineering-priors,fixed independent scenario factor; no N cycle,,,,right_censored,BBCH89_full_ripeness,,,
12,ag_046_048,wheat,2024,2023-10-12,2024-06-10,266946.3095325965,rain_98_matched,1.0,6.785683126508957e-13,2.5721647034515627e-12,0.0,0.0,0.04267140235271844,105.38,300.0,0.0,196.8979990728284,250.27457716083825,37.054384985901066,0.0,0.0,0.0,18.53228089620603,300.0,0.0,484.2269612195677,8281.497992651286,18525.882523628396,419.5337855113078,322.15454339553395,1.1896039708858552e-13,unvalidated-engineering-priors,fixed independent scenario factor; no N cycle,2024-04-28,2024-06-07,2024-06-07,full_ripeness,BBCH89_full_ripeness,2023-10-12,seed_layer_available_water,50.0
12,ag_046_048,fallow,2024,2024-06-11,2024-06-14,266946.3095325965,rain_98_matched,1.0,8.404388296412435e-14,0.0,0.0,0.0,1.0,0.37,0.0,0.0,3.0542012123760585,0.0,0.0,0.0,0.0,0.0,0.0062860807277933806,0.0,0.0,3.0542012123760585,0.0,0.0,322.15454339553395,319.4640561024299,2.1815882433884326e-13,unvalidated-engineering-priors,fixed independent scenario factor; no N cycle,,,,right_censored,BBCH89_full_ripeness,,,
12,ag_046_048,maize,2024,2024-06-15,2024-10-05,266946.3095325965,rain_98_matched,1.0,4.3520742565306136e-13,2.9558577807620168e-12,0.0,0.0,0.03354275471250856,421.52,80.0,0.0,20.223805638284873,218.25319053252878,82.53092058648933,0.0,0.0,0.0,7.258374934759843,80.0,0.0,321.007916757303,9236.197715332868,17907.201754118054,319.4640561024299,492.7177644103688,-1.722844089613318e-12,unvalidated-engineering-priors,fixed independent scenario factor; no N cycle,2024-08-12,2024-09-26,2024-09-26,physiological_maturity,R6_physiological_maturity,2024-06-16,seed_layer_available_water,50.0
12,ag_046_048,fallow,2024,2024-10-06,2024-10-11,266946.3095325965,rain_98_matched,1.0,8.260059303211165e-14,0.0,0.0,0.0,1.0,1.22,0.0,0.0,16.45123853867516,0.0,0.0,0.0,0.0,0.0,1.2096621808643684,0.0,0.0,16.45123853867516,0.0,0.0,492.7177644103688,476.2768636908294,-1.2856382625159313e-13,unvalidated-engineering-priors,fixed independent scenario factor; no N cycle,,,,right_censored,BBCH89_full_ripeness,,,
12,ag_046_048,wheat,2025,2024-10-12,2025-06-10,266946.3095325965,rain_98_matched,1.0,4.46753745109163e-13,2.4442670110147446e-12,0.0,0.0,0.04267140235271844,106.34,300.0,0.0,214.15068529126157,266.4661483138408,21.534441095831866,0.0,0.0,0.0,49.56295059845922,300.0,0.0,502.1512747009342,7605.626199105494,17263.681161991786,476.2768636908294,330.90263839143535,5.850875339774575e-13,unvalidated-engineering-priors,fixed independent scenario factor; no N cycle,2025-04-25,2025-06-03,2025-06-03,full_ripeness,BBCH89_full_ripeness,2024-10-12,seed_layer_available_water,50.0
12,ag_046_048,fallow,2025,2025-06-11,2025-06-14,266946.3095325965,rain_98_matched,1.0,1.0036416142611415e-13,0.0,0.0,0.0,1.0,10.069999999999999,0.0,0.0,4.249653235786247,0.0,0.0,0.0,0.0,0.0,0.010318358851875452,0.0,0.0,4.249653235786247,0.0,0.0,330.90263839143535,336.7126667967971,9.992007221626409e-14,unvalidated-engineering-priors,fixed independent scenario factor; no N cycle,,,,right_censored,BBCH89_full_ripeness,,,
12,ag_046_048,maize,2025,2025-06-15,2025-10-05,266946.3095325965,rain_98_matched,1.0,5.273559366969494e-13,3.637978807091713e-12,0.0,0.0,0.03354275471250856,346.6,80.0,0.0,19.89077898970191,205.36604350077636,88.93615889365095,0.0,0.0,0.0,5.698414718116851,80.0,0.0,314.1929813841292,8373.371991204796,16700.263853885877,336.7126667967971,443.42127069455563,-4.595879232738298e-12,unvalidated-engineering-priors,fixed independent scenario factor; no N cycle,2025-08-10,2025-09-23,2025-09-23,physiological_maturity,R6_physiological_maturity,2025-06-15,seed_layer_available_water,50.0
12,ag_046_048,fallow,1996,1996-01-01,1996-10-11,266946.3095325965,rain_95_available,1.0,2.4513724383723456e-13,0.0,0.0,0.0,1.0,831.0699999999999,0.0,0.0,445.5901234762376,0.0,0.0,0.0,0.0,0.0,283.08770258802235,0.0,0.0,445.5901234762376,0.0,0.0,381.49245737517947,483.884631310919,5.146855164284148e-13,unvalidated-engineering-priors,fixed independent scenario factor; no N cycle,,,,right_censored,BBCH89_full_ripeness,,,
12,ag_046_048,wheat,1997,1996-10-12,1997-06-10,266946.3095325965,rain_95_available,1.0,5.364597654988756e-13,6.210143510543276e-12,0.0,0.0,0.04267140235271844,100.66,300.0,0.0,185.6759642371982,272.927942488179,23.584860036604343,0.0,0.0,0.0,59.77866244107508,300.0,0.0,482.1887667619815,9082.222066728029,20021.584439352482,483.884631310919,342.57720210786357,-1.1273759703556152e-12,unvalidated-engineering-priors,fixed independent scenario factor; no N cycle,1997-05-02,1997-06-08,1997-06-08,full_ripeness,BBCH89_full_ripeness,1996-10-12,seed_layer_available_water,50.0
12,ag_046_048,fallow,1997,1997-06-11,1997-06-14,266946.3095325965,rain_95_available,1.0,6.650235917504688e-14,0.0,0.0,0.0,1.0,1.8800000000000001,0.0,0.0,5.402119909226333,0.0,0.0,0.0,0.0,0.0,0.016603390297802056,0.0,0.0,5.402119909226333,0.0,0.0,342.57720210786357,339.0384788083393,1.5765166949677223e-13,unvalidated-engineering-priors,fixed independent scenario factor; no N cycle,,,,right_censored,BBCH89_full_ripeness,,,
12,ag_046_048,maize,1997,1997-06-15,1997-10-05,266946.3095325965,rain_95_available,1.0,2.611244553918368e-13,4.661160346586257e-12,0.0,0.0,0.03354275471250856,190.58,80.0,0.0,21.76675846228189,230.04354289263082,66.57870295148375,0.0,0.0,0.0,0.613035759741995,80.0,0.0,318.38900430639643,10332.98925898662,20437.25518941345,339.0384788083393,290.61643874220016,6.613598557692058e-13,unvalidated-engineering-priors,fixed independent scenario factor; no N cycle,1997-08-13,1997-10-01,1997-10-01,physiological_maturity,R6_physiological_maturity,1997-06-16,seed_layer_available_water,50.0
12,ag_046_048,fallow,1997,1997-10-06,1997-10-11,266946.3095325965,rain_95_available,1.0,6.350475700855895e-14,0.0,0.0,0.0,1.0,0.0,0.0,0.0,15.810270009413562,0.0,0.0,0.0,0.0,0.0,0.00046482430022264044,0.0,0.0,15.810270009413562,0.0,0.0,290.61643874220016,274.8057039084864,-3.352873534367973e-14,unvalidated-engineering-priors,fixed independent scenario factor; no N cycle,,,,right_censored,BBCH89_full_ripeness,,,
12,ag_046_048,wheat,1998,1997-10-12,1998-06-10,266946.3095325965,rain_95_available,1.0,2.042810365310288e-13,2.9558577807620168e-12,0.0,0.0,0.04267140235271844,191.31,300.0,0.0,224.20278447275987,174.959062543421,53.00587037160909,0.0,0.0,0.0,0.04210967317097511,300.0,0.0,452.16771738779,6797.075566297423,14935.368767833334,274.8057039084864,313.90587684752467,7.982781102811032e-13,unvalidated-engineering-priors,fixed independent scenario factor; no N cycle,1998-05-02,1998-06-08,1998-06-08,full_ripeness,BBCH89_full_ripeness,1997-10-13,seed_layer_available_water,50.0
12,ag_046_048,fallow,1998,1998-06-11,1998-06-14,266946.3095325965,rain_95_available,1.0,4.241051954068098e-14,0.0,0.0,0.0,1.0,0.99,0.0,0.0,4.65301216706695,0.0,0.0,0.0,0.0,0.0,0.001323853855181483,0.0,0.0,4.65301216706695,0.0,0.0,313.90587684752467,310.2415408266026,-6.661338147750939e-14,unvalidated-engineering-priors,fixed independent scenario factor; no N cycle,,,,right_censored,BBCH89_full_ripeness,,,
12,ag_046_048,maize,1998,1998-06-15,1998-10-05,266946.3095325965,rain_95_available,1.0,8.979483823168266e-13,2.3590018827235326e-12,0.0,0.0,0.03354275471250856,481.19,80.0,0.0,20.515304171651877,238.0133398271159,76.88448012864541,0.0,0.0,0.0,74.96155773641166,80.0,0.0,335.4131241274132,9766.572965547544,18677.906077633736,310.2415408266026,461.0568589627762,1.5445422718585178e-12,unvalidated-engineering-priors,fixed independent scenario factor; no N cycle,1998-08-12,1998-09-26,1998-09-26,physiological_maturity,R6_physiological_maturity,1998-06-16,seed_layer_available_water,50.0
12,ag_046_048,fallow,1998,1998-10-06,1998-10-11,266946.3095325965,rain_95_available,1.0,8.393286066166183e-14,0.0,0.0,0.0,1.0,8.09,0.0,0.0,12.098324328521668,0.0,0.0,0.0,0.0,0.0,1.8014455564456096,0.0,0.0,12.098324328521668,0.0,0.0,461.0568589627762,455.24708907780894,-3.952393967665557e-14,unvalidated-engineering-priors,fixed independent scenario factor; no N cycle,,,,right_censored,BBCH89_full_ripeness,,,
12,ag_046_048,wheat,1999,1998-10-12,1999-06-10,266946.3095325965,rain_95_available,1.0,6.084022174945858e-13,2.6005864128819667e-12,0.0,0.0,0.04267140235271844,91.78999999999999,300.0,0.0,188.38121331118808,242.88001836113912,38.01761075330361,0.0,0.0,0.0,35.94515372908222,300.0,0.0,469.2788424256308,7855.999936302504,17673.18345017344,455.24708907780894,341.8130929230992,-3.2817082384895002e-12,unvalidated-engineering-priors,fixed independent scenario factor; no N cycle,1999-04-30,1999-06-07,1999-06-07,full_ripeness,BBCH89_full_ripeness,1998-10-12,seed_layer_available_water,50.0
12,ag_046_048,fallow,1999,1999-06-11,1999-06-14,266946.3095325965,rain_95_available,1.0,9.980904991380157e-14,0.0,0.0,0.0,1.0,7.71,0.0,0.0,5.251527677163287,0.0,0.0,0.0,0.0,0.0,0.014695105394127586,0.0,0.0,5.251527677163287,0.0,0.0,341.8130929230992,344.2568701405417,6.88338275267597e-14,unvalidated-engineering-priors,fixed independent scenario factor; no N cycle,,,,right_censored,BBCH89_full_ripeness,,,
12,ag_046_048,maize,1999,1999-06-15,1999-10-05,266946.3095325965,rain_95_available,1.0,6.403766406037903e-13,2.8421709430404007e-12,0.0,0.0,0.03354275471250856,285.82,80.0,0.0,18.268290536251858,215.92928394208033,100.3884898162439,0.0,0.0,0.0,1.538855650907615,80.0,0.0,334.5860642945761,10051.056042604856,19476.393737436556,344.2568701405417,373.9519501950594,-1.4073187060148484e-12,unvalidated-engineering-priors,fixed independent scenario factor; no N cycle,1999-08-12,1999-09-28,1999-09-28,physiological_maturity,R6_physiological_maturity,1999-06-15,seed_layer_available_water,50.0
12,ag_046_048,fallow,1999,1999-10-06,1999-10-11,266946.3095325965,rain_95_available,1.0,1.1057821325266559e-13,0.0,0.0,0.0,1.0,0.16,0.0,0.0,16.061385501882384,0.0,0.0,0.0,0.0,0.0,0.010318593371038342,0.0,0.0,16.061385501882384,0.0,0.0,373.9519501950594,358.04024609980587,1.0258460747536446e-13,unvalidated-engineering-priors,fixed independent scenario factor; no N cycle,,,,right_censored,BBCH89_full_ripeness,,,
12,ag_046_048,wheat,2000,1999-10-12,2000-06-10,266946.3095325965,rain_95_available,1.0,5.790923296444817e-13,2.3874235921539366e-12,0.0,0.0,0.04267140235271844,118.11,300.0,0.0,207.69040523621237,251.6988400544743,30.853238497261447,0.0,0.0,0.0,1.9721314037040973,300.0,0.0,490.2424837879481,7520.89525091503,16945.608512515668,358.04024609980587,283.9356309081556,-1.9265977702076498e-12,unvalidated-engineering-priors,fixed independent scenario factor; no N cycle,2000-04-30,2000-06-07,2000-06-07,full_ripeness,BBCH89_full_ripeness,1999-10-12,seed_layer_available_water,50.0
12,ag_046_048,fallow,2000,2000-06-11,2000-06-14,266946.3095325965,rain_95_available,1.0,4.696243394164412e-14,0.0,0.0,0.0,1.0,1.11,0.0,0.0,2.9869533945458207,0.0,0.0,0.0,0.0,0.0,0.0007300755274697729,0.0,0.0,2.9869533945458207,0.0,0.0,283.9356309081556,282.05794743808235,-5.362377208939506e-14,unvalidated-engineering-priors,fixed independent scenario factor; no N cycle,,,,right_censored,BBCH89_full_ripeness,,,
12,ag_046_048,maize,2000,2000-06-15,2000-10-05,266946.3095325965,rain_95_available,1.0,9.352518759442319e-13,3.126388037344441e-12,0.0,0.0,0.03354275471250856,545.71,80.0,0.0,19.40615315272261,200.2689416772541,82.62238950242352,0.0,0.0,0.0,95.10925504501888,80.0,0.0,302.29748433240024,9452.171907855649,18120.58932161899,282.05794743808235,510.36120806065804,5.201505892671321e-12,unvalidated-engineering-priors,fixed independent scenario factor; no N cycle,2000-08-12,2000-09-28,2000-09-28,physiological_maturity,R6_physiological_maturity,2000-06-16,seed_layer_available_water,50.0
12,ag_046_048,fallow,2000,2000-10-06,2000-10-11,266946.3095325965,rain_95_available,1.0,1.2612133559741778e-13,0.0,0.0,0.0,1.0,53.4,0.0,0.0,13.2342224,0.0,0.0,0.0,0.0,0.0,2.7952494469740365,0.0,0.0,13.2342224,0.0,0.0,510.36120806065804,547.7317362136839,8.970602038971265e-14,unvalidated-engineering-priors,fixed independent scenario factor; no N cycle,,,,right_censored,BBCH89_full_ripeness,,,
12,ag_046_048,wheat,2001,2000-10-12,2001-06-10,266946.3095325965,rain_95_available,1.0,6.67021993194794e-13,4.320099833421409e-12,0.0,0.0,0.04267140235271844,115.6,300.0,0.0,232.74684748011146,287.80983177147647,17.298877125545577,0.0,0.0,0.0,118.66142911612606,300.0,0.0,537.8555563771334,8153.524123598626,19235.14341037108,547.7317362136839,306.81475072041957,4.792666263853107e-12,unvalidated-engineering-priors,fixed independent scenario factor; no N cycle,2001-05-02,,2001-06-10,cut_before_maturity,BBCH89_full_ripeness,2000-10-12,seed_layer_available_water,50.0
12,ag_046_048,fallow,2001,2001-06-11,2001-06-14,266946.3095325965,rain_95_available,1.0,7.455147610357926e-14,0.0,0.0,0.0,1.0,15.82,0.0,0.0,5.464529018431588,0.0,0.0,0.0,0.0,0.0,0.003952922158838443,0.0,0.0,5.464529018431588,0.0,0.0,306.81475072041957,317.1662687798292,-3.813616089587413e-14,unvalidated-engineering-priors,fixed independent scenario factor; no N cycle,,,,right_censored,BBCH89_full_ripeness,,,
12,ag_046_048,maize,2001,2001-06-15,2001-10-05,266946.3095325965,rain_95_available,1.0,8.775202786637237e-13,4.661160346586257e-12,0.0,0.0,0.03354275471250856,486.67,80.0,0.0,16.8482605287426,242.449418089715,78.22624658847565,0.0,0.0,0.0,107.50808990989587,80.0,0.0,337.52392520693326,10355.854052013525,19912.338246117004,317.1662687798292,438.8042536629963,3.758493516414774e-12,unvalidated-engineering-priors,fixed independent scenario factor; no N cycle,2001-08-11,2001-09-26,2001-09-26,physiological_maturity,R6_physiological_maturity,2001-06-15,seed_layer_available_water,50.0
12,ag_046_048,fallow,2001,2001-10-06,2001-10-11,266946.3095325965,rain_95_available,1.0,1.305622276959184e-13,0.0,0.0,0.0,1.0,6.28,0.0,0.0,15.552565191156805,0.0,0.0,0.0,0.0,0.0,0.6833498073178832,0.0,0.0,15.552565191156805,0.0,0.0,438.8042536629963,428.8483386645216,3.5083047578154947e-14,unvalidated-engineering-priors,fixed independent scenario factor; no N cycle,,,,right_censored,BBCH89_full_ripeness,,,
12,ag_046_048,wheat,2002,2001-10-12,2002-06-10,266946.3095325965,rain_95_available,1.0,4.911626660941693e-13,3.161915174132446e-12,0.0,0.0,0.04267140235271844,148.84,300.0,0.0,203.03962866408276,227.4931609249691,37.02589537667172,0.0,0.0,0.0,22.423528008772706,300.0,0.0,467.55868496572356,7700.5995645381345,17002.71192984516,428.8483386645216,387.706125690025,3.144706717250756e-13,unvalidated-engineering-priors,fixed independent scenario factor; no N cycle,2002-04-25,2002-06-07,2002-06-07,full_ripeness,BBCH89_full_ripeness,2001-10-12,seed_layer_available_water,50.0
12,ag_046_048,fallow,2002,2002-06-11,2002-06-14,266946.3095325965,rain_95_available,1.0,6.838973831690964e-14,0.0,0.0,0.0,1.0,1.7000000000000002,0.0,0.0,16.367258474986798,0.0,0.0,0.0,0.0,0.0,0.039133614320495086,0.0,0.0,16.367258474986798,0.0,0.0,387.706125690025,372.9997336007176,7.904787935331115e-14,unvalidated-engineering-priors,fixed independent scenario factor; no N cycle,,,,right_censored,BBCH89_full_ripeness,,,
12,ag_046_048,maize,2002,2002-06-15,2002-10-05,266946.3095325965,rain_95_available,1.0,6.021849685566849e-13,2.3021584638627246e-12,0.0,0.0,0.03354275471250856,282.34,80.0,0.0,18.68932980510644,230.95008901797902,74.01412568813755,0.0,0.0,0.0,23.158384887052513,80.0,0.0,323.653544511223,9955.578106137591,18676.15258721311,372.9997336007176,388.5278042024438,-1.7221779557985428e-12,unvalidated-engineering-priors,fixed independent scenario factor; no N cycle,2002-08-13,2002-10-01,2002-10-01,physiological_maturity,R6_physiological_maturity,2002-06-16,seed_layer_available_water,50.0
12,ag_046_048,fallow,2002,2002-10-06,2002-10-11,266946.3095325965,rain_95_available,1.0,1.1590728377086634e-13,0.0,0.0,0.0,1.0,0.51,0.0,0.0,15.003502668488393,0.0,0.0,0.0,0.0,0.0,0.07818315275016534,0.0,0.0,15.003502668488393,0.0,0.0,388.5278042024438,373.9561183812052,3.086420008457935e-14,unvalidated-engineering-priors,fixed independent scenario factor; no N cycle,,,,right_censored,BBCH89_full_ripeness,,,
12,ag_046_048,wheat,2003,2002-10-12,2003-06-10,266946.3095325965,rain_95_available,0.75,4.636291350834654e-13,3.083755473198835e-12,0.0,0.0,0.04267140235271844,193.65,225.0,0.0,214.4436840153911,193.35565412306764,46.223740969349066,0.0,0.0,0.0,3.883881056030091,225.0,0.0,454.0230791078078,7352.525195457128,16313.097687244172,373.9561183812052,334.699158217368,-6.758205106649484e-13,unvalidated-engineering-priors,fixed independent scenario factor; no N cycle,2003-05-05,,2003-06-10,cut_before_maturity,BBCH89_full_ripeness,2002-10-12,seed_layer_available_water,50.0
12,ag_046_048,fallow,2003,2003-06-11,2003-06-14,266946.3095325965,rain_95_available,0.75,7.904787935331115e-14,0.0,0.0,0.0,1.0,3.0599999999999996,0.0,0.0,9.098707446163875,0.0,0.0,0.0,0.0,0.0,0.005608004987323828,0.0,0.0,9.098707446163875,0.0,0.0,334.699158217368,328.65484276621675,4.929390229335695e-14,unvalidated-engineering-priors,fixed independent scenario factor; no N cycle,,,,right_censored,BBCH89_full_ripeness,,,
12,ag_046_048,maize,2003,2003-06-15,2003-10-05,266946.3095325965,rain_95_available,0.75,5.409006575973763e-13,3.325340003357269e-12,0.0,0.0,0.03354275471250856,402.27,60.0,0.0,19.455591531054207,176.81015976313466,89.43956978771847,0.0,0.0,0.0,6.14190017717735,60.0,0.0,285.70532108190736,8598.791934428358,16880.528521273845,328.65484276621675,499.07762150712995,2.109312724485335e-12,unvalidated-engineering-priors,fixed independent scenario factor; no N cycle,2003-08-12,2003-10-01,2003-10-01,physiological_maturity,R6_physiological_maturity,2003-06-16,seed_layer_available_water,50.0
12,ag_046_048,fallow,2003,2003-10-06,2003-10-11,266946.3095325965,rain_95_available,0.75,8.615330671091215e-14,0.0,0.0,0.0,1.0,67.13,0.0,0.0,11.772914499999999,0.0,0.0,0.0,0.0,0.0,1.4647782184396925,0.0,0.0,11.772914499999999,0.0,0.0,499.07762150712995,552.9699287886903,3.552713678800501e-15,unvalidated-engineering-priors,fixed independent scenario factor; no N cycle,,,,right_censored,BBCH89_full_ripeness,,,
12,ag_046_048,wheat,2004,2003-10-12,2004-06-10,266946.3095325965,rain_95_available,0.75,3.632649736573512e-13,3.694822225952521e-12,0.0,0.0,0.04267140235271844,152.57,225.0,0.0,222.90970721203774,252.0170776346892,39.829443971716216,0.0,0.0,0.0,100.35617947792632,225.0,0.0,514.7562288184432,8322.799565524185,18362.099299364323,552.9699287886903,315.4275204923188,1.941002913952161e-12,unvalidated-engineering-priors,fixed independent scenario factor; no N cycle,2004-04-26,2004-06-03,2004-06-03,full_ripeness,BBCH89_full_ripeness,2003-10-12,seed_layer_available_water,50.0
12,ag_046_048,fallow,2004,2004-06-11,2004-06-14,266946.3095325965,rain_95_available,0.75,2.964295475749168e-14,0.0,0.0,0.0,1.0,0.3,0.0,0.0,2.7639340242828614,0.0,0.0,0.0,0.0,0.0,0.004912785194321577,0.0,0.0,2.7639340242828614,0.0,0.0,315.4275204923188,312.95867368284166,-2.6256774532384952e-14,unvalidated-engineering-priors,fixed independent scenario factor; no N cycle,,,,right_censored,BBCH89_full_ripeness,,,
12,ag_046_048,maize,2004,2004-06-15,2004-10-05,266946.3095325965,rain_95_available,0.75,7.567280135845067e-13,4.263256414560601e-12,0.0,0.0,0.03354275471250856,581.24,60.0,0.0,15.829193543059183,211.45365771247435,93.93657162826818,0.0,0.0,0.0,160.9968344114492,60.0,0.0,321.2194228838017,10516.403535545543,19499.244246565417,312.95867368284166,471.982416387591,-2.76667577736589e-13,unvalidated-engineering-priors,fixed independent scenario factor; no N cycle,2004-08-13,2004-10-03,2004-10-03,physiological_maturity,R6_physiological_maturity,2004-06-16,seed_layer_available_water,50.0
12,ag_046_048,fallow,2004,2004-10-06,2004-10-11,266946.3095325965,rain_95_available,0.75,1.0880185641326534e-13,0.0,0.0,0.0,1.0,0.01,0.0,0.0,17.408795628789342,0.0,0.0,0.0,0.0,0.0,1.041023971195118,0.0,0.0,17.408795628789342,0.0,0.0,471.982416387591,453.5425967876065,4.263256414560601e-14,unvalidated-engineering-priors,fixed independent scenario factor; no N cycle,,,,right_censored,BBCH89_full_ripeness,,,
12,ag_046_048,wheat,2005,2004-10-12,2005-06-10,266946.3095325965,rain_95_available,0.5,1.8474111129762605e-13,3.325340003357269e-12,0.0,0.0,0.04267140235271844,134.46,150.0,0.0,197.30487373926064,228.6800798333556,30.04660034563393,0.0,0.0,0.0,23.434763821253387,150.0,0.0,456.03155391825015,6787.120378889948,15264.847206522187,453.5425967876065,258.5362790481026,3.680389326632394e-13,unvalidated-engineering-priors,fixed independent scenario factor; no N cycle,2005-05-03,,2005-06-10,cut_before_maturity,BBCH89_full_ripeness,2004-10-12,seed_layer_available_water,50.0
12,ag_046_048,fallow,2005,2005-06-11,2005-06-14,266946.3095325965,rain_95_available,0.5,5.873079800267078e-14,0.0,0.0,0.0,1.0,2.13,0.0,0.0,4.236575798579889,0.0,0.0,0.0,0.0,0.0,0.0012750850456073267,0.0,0.0,4.236575798579889,0.0,0.0,258.5362790481026,256.42842816447705,3.5416114485542494e-14,unvalidated-engineering-priors,fixed independent scenario factor; no N cycle,,,,right_censored,BBCH89_full_ripeness,,,
12,ag_046_048,maize,2005,2005-06-15,2005-10-05,266946.3095325965,rain_95_available,0.5,5.497824417943775e-13,3.637978807091713e-12,0.0,0.0,0.03354275471250856,410.16,40.0,0.0,20.263217160851053,228.85395614572002,75.89666187881978,0.0,0.0,0.0,0.9978704108681593,40.0,0.0,325.01383518539086,10264.686118534855,19423.189558789272,256.42842816447705,380.57672256821513,2.9097835252400728e-12,unvalidated-engineering-priors,fixed independent scenario factor; no N cycle,2005-08-12,2005-09-29,2005-09-29,physiological_maturity,R6_physiological_maturity,2005-06-16,seed_layer_available_water,50.0
12,ag_046_048,fallow,2005,2005-10-06,2005-10-11,266946.3095325965,rain_95_available,0.5,1.212363542890671e-13,0.0,0.0,0.0,1.0,5.24,0.0,0.0,17.60788186173291,0.0,0.0,0.0,0.0,0.0,0.024039513552906726,0.0,0.0,17.60788186173291,0.0,0.0,380.57672256821513,368.18480119292946,-1.3988810110276972e-13,unvalidated-engineering-priors,fixed independent scenario factor; no N cycle,,,,right_censored,BBCH89_full_ripeness,,,
12,ag_046_048,wheat,2006,2005-10-12,2006-06-10,266946.3095325965,rain_95_available,0.75,1.509903313490213e-13,4.547473508864641e-12,0.0,0.0,0.04267140235271844,97.5,225.0,0.0,177.81246816223296,225.67408276280904,33.44508019021593,0.0,0.0,0.0,2.050438224237981,225.0,0.0,436.9316311152579,7082.461647016564,15760.626083322859,368.18480119292946,251.7027318534332,3.4178215813085444e-13,unvalidated-engineering-priors,fixed independent scenario factor; no N cycle,2006-05-02,,2006-06-10,cut_before_maturity,BBCH89_full_ripeness,2005-10-12,seed_layer_available_water,50.0
12,ag_046_048,fallow,2006,2006-06-11,2006-06-14,266946.3095325965,rain_95_available,0.75,5.939693181744587e-14,0.0,0.0,0.0,1.0,12.29,0.0,0.0,10.902109343446462,0.0,0.0,0.0,0.0,0.0,0.0005473023033247517,0.0,0.0,10.902109343446462,0.0,0.0,251.7027318534332,253.0900752076834,-6.772360450213455e-15,unvalidated-engineering-priors,fixed independent scenario factor; no N cycle,,,,right_censored,BBCH89_full_ripeness,,,
12,ag_046_048,maize,2006,2006-06-15,2006-10-05,266946.3095325965,rain_95_available,0.75,6.039613253960852e-13,5.002220859751105e-12,0.0,0.0,0.03354275471250856,407.64,60.0,0.0,20.04884938637217,209.4769253055627,79.72270686517102,0.0,0.0,0.0,2.618990983884025,60.0,0.0,309.2484815571059,9476.679579492135,17823.79995148931,253.0900752076834,408.86260266669245,1.0717537968218949e-12,unvalidated-engineering-priors,fixed independent scenario factor; no N cycle,2006-08-11,2006-09-27,2006-09-27,physiological_maturity,R6_physiological_maturity,2006-06-16,seed_layer_available_water,50.0
12,ag_046_048,fallow,2006,2006-10-06,2006-10-11,266946.3095325965,rain_95_available,0.75,7.882583474838611e-14,0.0,0.0,0.0,1.0,0.02,0.0,0.0,12.950879095257843,0.0,0.0,0.0,0.0,0.0,0.22263195544618558,0.0,0.0,12.950879095257843,0.0,0.0,408.86260266669245,395.70909161598837,5.46229728115577e-14,unvalidated-engineering-priors,fixed independent scenario factor; no N cycle,,,,right_censored,BBCH89_full_ripeness,,,
12,ag_046_048,wheat,2007,2006-10-12,2007-06-10,266946.3095325965,rain_95_available,0.75,3.455014052633487e-13,4.135358722123783e-12,0.0,0.0,0.04267140235271844,136.82999999999998,225.0,0.0,174.1752110569547,285.7454584074268,27.763930526006966,0.0,0.0,0.0,7.752418189097374,225.0,0.0,487.68459999038845,9008.67651897655,20167.33738041336,395.70909161598837,262.10207343650234,1.9143020502099262e-13,unvalidated-engineering-priors,fixed independent scenario factor; no N cycle,2007-05-01,,2007-06-10,cut_before_maturity,BBCH89_full_ripeness,2006-10-13,seed_layer_available_water,50.0
12,ag_046_048,fallow,2007,2007-06-11,2007-06-14,266946.3095325965,rain_95_available,0.75,1.3378187446733136e-14,0.0,0.0,0.0,1.0,0.2,0.0,0.0,2.3137735108562616,0.0,0.0,0.0,0.0,0.0,0.0006204813630961577,0.0,0.0,2.3137735108562616,0.0,0.0,262.10207343650234,259.987679444283,-2.3869795029440866e-14,unvalidated-engineering-priors,fixed independent scenario factor; no N cycle,,,,right_censored,BBCH89_full_ripeness,,,
12,ag_046_048,maize,2007,2007-06-15,2007-10-05,266946.3095325965,rain_95_available,0.75,3.2429614549300823e-13,3.637978807091713e-12,1.4210854715202004e-14,0.0,0.03354275471250856,366.45,60.0,0.0,17.851709997780738,199.3986895230911,80.28336687341934,0.0,0.0,0.0,0.0380289180956702,60.0,0.0,297.53376639429115,9665.264226408384,19080.660255258397,259.987679444283,388.86588413189816,-1.971534047129353e-12,unvalidated-engineering-priors,fixed independent scenario factor; no N cycle,2007-08-11,2007-09-25,2007-09-25,physiological_maturity,R6_physiological_maturity,2007-06-16,seed_layer_available_water,50.0
12,ag_046_048,fallow,2007,2007-10-06,2007-10-11,266946.3095325965,rain_95_available,0.75,7.682743330406083e-14,0.0,0.0,0.0,1.0,12.370000000000001,0.0,0.0,10.174303539999999,0.0,0.0,0.0,0.0,0.0,0.0025995226428576963,0.0,0.0,10.174303539999999,0.0,0.0,388.86588413189816,391.05898106925537,-6.639133687258436e-14,unvalidated-engineering-priors,fixed independent scenario factor; no N cycle,,,,right_censored,BBCH89_full_ripeness,,,
12,ag_046_048,wheat,2008,2007-10-12,2008-06-10,266946.3095325965,rain_95_available,0.75,4.334310688136611e-13,4.092726157978177e-12,0.0,0.0,0.04267140235271844,188.29,225.0,0.0,209.0231379857859,214.78893385631017,42.01540314267141,0.0,0.0,0.0,3.5502724440741082,225.0,0.0,465.8274749847675,7008.351609304927,16497.26164415888,391.05898106925537,334.9712336404155,-1.7078283232052627e-12,unvalidated-engineering-priors,fixed independent scenario factor; no N cycle,2008-04-29,2008-06-07,2008-06-07,full_ripeness,BBCH89_full_ripeness,2007-10-12,seed_layer_available_water,50.0
12,ag_046_048,fallow,2008,2008-06-11,2008-06-14,266946.3095325965,rain_95_available,0.75,7.682743330406083e-14,0.0,0.0,0.0,1.0,12.620000000000001,0.0,0.0,12.766527989158586,0.0,0.0,0.0,0.0,0.0,0.0023890210520996252,0.0,0.0,12.766527989158586,0.0,0.0,334.9712336404155,334.82231663020497,-1.4788170688007085e-13,unvalidated-engineering-priors,fixed independent scenario factor; no N cycle,,,,right_censored,BBCH89_full_ripeness,,,
12,ag_046_048,maize,2008,2008-06-15,2008-10-05,266946.3095325965,rain_95_available,0.75,6.346034808757395e-13,3.637978807091713e-12,0.0,0.0,0.03354275471250856,395.69,60.0,0.0,16.22663187587355,220.4062117741534,84.21705896273646,0.0,0.0,0.0,17.408964719874586,60.0,0.0,320.8499026127634,9903.861598956515,18945.44045814777,334.82231663020497,452.2534492975676,-6.509792704889605e-13,unvalidated-engineering-priors,fixed independent scenario factor; no N cycle,2008-08-11,2008-09-26,2008-09-26,physiological_maturity,R6_physiological_maturity,2008-06-15,seed_layer_available_water,50.0
12,ag_046_048,fallow,2008,2008-10-06,2008-10-11,266946.3095325965,rain_95_available,0.75,7.194245199571014e-14,0.0,0.0,0.0,1.0,1.9000000000000001,0.0,0.0,16.225879900392545,0.0,0.0,0.0,0.0,0.0,0.5173513648602346,0.0,0.0,16.225879900392545,0.0,0.0,452.2534492975676,437.41021803231484,-1.199040866595169e-14,unvalidated-engineering-priors,fixed independent scenario factor; no N cycle,,,,right_censored,BBCH89_full_ripeness,,,
12,ag_046_048,wheat,2009,2008-10-12,2009-06-10,266946.3095325965,rain_95_available,0.75,3.907985046680551e-13,3.083755473198835e-12,0.0,0.0,0.04267140235271844,124.48,225.0,0.0,187.0849887589725,247.5381978369734,31.22392705146521,0.0,0.0,0.0,17.159490843244125,225.0,0.0,465.8471136474111,7546.928795792049,16692.958822813678,437.41021803231484,303.88361354165966,-5.5067062021407764e-14,unvalidated-engineering-priors,fixed independent scenario factor; no N cycle,2009-04-29,2009-06-07,2009-06-07,full_ripeness,BBCH89_full_ripeness,2008-10-12,seed_layer_available_water,50.0
12,ag_046_048,fallow,2009,2009-06-11,2009-06-14,266946.3095325965,rain_95_available,0.75,8.748557434046234e-14,0.0,0.0,0.0,1.0,0.25,0.0,0.0,2.740567007021925,0.0,0.0,0.0,0.0,0.0,0.0025244778869387683,0.0,0.0,2.740567007021925,0.0,0.0,303.88361354165966,301.39052205675074,5.262457136723242e-14,unvalidated-engineering-priors,fixed independent scenario factor; no N cycle,,,,right_censored,BBCH89_full_ripeness,,,
12,ag_046_048,maize,2009,2009-06-15,2009-10-05,266946.3095325965,rain_95_available,0.75,6.603606550470431e-13,4.092726157978177e-12,0.0,0.0,0.03354275471250856,384.82,60.0,0.0,19.16553544240936,245.8888151599777,75.40986258919956,0.0,0.0,0.0,1.3226548212701685,60.0,0.0,340.4642131915866,10392.31842967377,20470.070154250046,301.39052205675074,404.42365404389125,2.7077229347582943e-12,unvalidated-engineering-priors,fixed independent scenario factor; no N cycle,2009-08-13,2009-10-02,2009-10-02,physiological_maturity,R6_physiological_maturity,2009-06-16,seed_layer_available_water,50.0
12,ag_046_048,fallow,2009,2009-10-06,2009-10-11,266946.3095325965,rain_95_available,0.75,4.796163466380676e-14,0.0,0.0,0.0,1.0,0.21000000000000002,0.0,0.0,12.296054484328483,0.0,0.0,0.0,0.0,0.0,0.10985893177235902,0.0,0.0,12.296054484328483,0.0,0.0,404.42365404389125,392.22774062779035,5.218048215738236e-14,unvalidated-engineering-priors,fixed independent scenario factor; no N cycle,,,,right_censored,BBCH89_full_ripeness,,,
12,ag_046_048,wheat,2010,2009-10-12,2010-06-10,266946.3095325965,rain_95_available,0.75,2.957634137601417e-13,2.1032064978498966e-12,0.0,0.0,0.04267140235271844,86.94,225.0,0.0,178.0408250711315,230.77575784934442,31.55556313583752,0.0,0.0,0.0,5.927569521264143,225.0,0.0,440.37214605631345,6249.016004117484,15839.824159247351,392.22774062779035,257.8680250502123,4.924949337237194e-13,unvalidated-engineering-priors,fixed independent scenario factor; no N cycle,2010-05-13,,2010-06-10,cut_before_maturity,BBCH89_full_ripeness,2009-10-12,seed_layer_available_water,50.0
12,ag_046_048,fallow,2010,2010-06-11,2010-06-14,266946.3095325965,rain_95_available,0.75,6.561418075534675e-14,0.0,0.0,0.0,1.0,0.02,0.0,0.0,2.8058773620976174,0.0,0.0,0.0,0.0,0.0,0.0009907920435165596,0.0,0.0,2.8058773620976174,0.0,0.0,257.8680250502123,255.0811568960712,-5.895284260759581e-14,unvalidated-engineering-priors,fixed independent scenario factor; no N cycle,,,,right_censored,BBCH89_full_ripeness,,,
12,ag_046_048,maize,2010,2010-06-15,2010-10-05,266946.3095325965,rain_95_available,0.75,4.858335955759685e-13,3.353761712787673e-12,0.0,0.0,0.03354275471250856,462.8,60.0,0.0,19.05912095080267,209.63386603805137,85.25207942654339,0.0,0.0,0.0,2.9523884715185815,60.0,0.0,313.94506641539743,9679.81442920137,18718.862387301742,255.0811568960712,460.98370200915457,6.313838341043265e-13,unvalidated-engineering-priors,fixed independent scenario factor; no N cycle,2010-08-12,2010-09-30,2010-09-30,physiological_maturity,R6_physiological_maturity,2010-06-16,seed_layer_available_water,50.0
12,ag_046_048,fallow,2010,2010-10-06,2010-10-11,266946.3095325965,rain_95_available,0.75,8.837375276016246e-14,0.0,0.0,0.0,1.0,0.3,0.0,0.0,18.073654060087097,0.0,0.0,0.0,0.0,0.0,0.6156907864950034,0.0,0.0,18.073654060087097,0.0,0.0,460.98370200915457,442.5943571625724,6.017408793468348e-14,unvalidated-engineering-priors,fixed independent scenario factor; no N cycle,,,,right_censored,BBCH89_full_ripeness,,,
12,ag_046_048,wheat,2011,2010-10-12,2011-06-10,266946.3095325965,rain_95_available,0.75,1.8030021919912542e-13,4.263256414560601e-12,0.0,0.0,0.04267140235271844,58.72,225.0,0.0,166.83547856476912,266.6021426929254,15.82385962351894,0.0,0.0,0.0,20.88375443373744,225.0,0.0,449.26148088121346,7598.828209034579,16656.210308743655,442.5943571625724,256.1691218476221,-5.515032874825465e-13,unvalidated-engineering-priors,fixed independent scenario factor; no N cycle,2011-05-02,2011-06-10,2011-06-10,full_ripeness,BBCH89_full_ripeness,2010-10-12,seed_layer_available_water,50.0
12,ag_046_048,fallow,2011,2011-06-11,2011-06-14,266946.3095325965,rain_95_available,0.75,5.129230373768223e-14,0.0,0.0,0.0,1.0,0.23,0.0,0.0,1.5215821212309826,0.0,0.0,0.0,0.0,0.0,0.0007660194425371492,0.0,0.0,1.5215821212309826,0.0,0.0,256.1691218476221,254.87677370694857,-9.076073226310655e-15,unvalidated-engineering-priors,fixed independent scenario factor; no N cycle,,,,right_censored,BBCH89_full_ripeness,,,
12,ag_046_048,maize,2011,2011-06-15,2011-10-05,266946.3095325965,rain_95_available,0.75,6.17284001691587e-13,4.149569576838985e-12,0.0,0.0,0.03354275471250856,404.71,60.0,0.0,19.647629712305942,200.44468242917713,96.15022064066338,0.0,0.0,0.0,0.6795839893615855,60.0,0.0,316.24253278214644,10583.335479706975,19464.71088585363,254.87677370694857,402.6646569354374,3.1437075165285933e-12,unvalidated-engineering-priors,fixed independent scenario factor; no N cycle,2011-08-12,2011-10-04,2011-10-04,physiological_maturity,R6_physiological_maturity,2011-06-16,seed_layer_available_water,50.0
12,ag_046_048,fallow,2011,2011-10-06,2011-10-11,266946.3095325965,rain_95_available,0.75,1.0025313912365164e-13,0.0,0.0,0.0,1.0,4.25,0.0,0.0,14.596290165141784,0.0,0.0,0.0,0.0,0.0,0.062134545496702775,0.0,0.0,14.596290165141784,0.0,0.0,402.6646569354374,392.25623222479874,1.6708856520608606e-13,unvalidated-engineering-priors,fixed independent scenario factor; no N cycle,,,,right_censored,BBCH89_full_ripeness,,,
12,ag_046_048,wheat,2012,2011-10-12,2012-06-10,266946.3095325965,rain_95_available,0.75,5.74651437545981e-13,3.154809746774845e-12,0.0,0.0,0.04267140235271844,123.3,225.0,0.0,200.63977249098886,237.80091782842644,25.432498102065228,0.0,0.0,0.0,5.774994980491333,225.0,0.0,463.8731884214805,7361.213468403921,16907.098801210566,392.25623222479874,270.90804882282566,1.2292111772893577e-12,unvalidated-engineering-priors,fixed independent scenario factor; no N cycle,2012-05-03,,2012-06-10,cut_before_maturity,BBCH89_full_ripeness,2011-10-12,seed_layer_available_water,50.0
12,ag_046_048,fallow,2012,2012-06-11,2012-06-14,266946.3095325965,rain_95_available,0.75,5.523359547510154e-14,0.0,0.0,0.0,1.0,0.54,0.0,0.0,2.4474619212005706,0.0,0.0,0.0,0.0,0.0,0.0010475475971874486,0.0,0.0,2.4474619212005706,0.0,0.0,270.90804882282566,268.9995393540279,1.6542323066914832e-14,unvalidated-engineering-priors,fixed independent scenario factor; no N cycle,,,,right_censored,BBCH89_full_ripeness,,,
12,ag_046_048,maize,2012,2012-06-15,2012-10-05,266946.3095325965,rain_95_available,0.75,9.565681580170349e-13,2.1316282072803006e-12,0.0,0.0,0.03354275471250856,564.13,60.0,0.0,20.462459236674515,177.50638102343086,82.99608238468252,0.0,0.0,0.0,105.64840723380654,60.0,0.0,280.9649226447879,8426.836284559258,17094.616101502183,268.9995393540279,506.5162094754368,-3.3849034686284085e-12,unvalidated-engineering-priors,fixed independent scenario factor; no N cycle,2012-08-11,2012-10-01,2012-10-01,physiological_maturity,R6_physiological_maturity,2012-06-16,seed_layer_available_water,50.0
12,ag_046_048,fallow,2012,2012-10-06,2012-10-11,266946.3095325965,rain_95_available,0.75,1.1723955140041653e-13,0.0,0.0,0.0,1.0,0.73,0.0,0.0,18.111335303358462,0.0,0.0,0.0,0.0,0.0,3.2110243394093576,0.0,0.0,18.111335303358462,0.0,0.0,506.5162094754368,485.92384983266885,1.5409895581797173e-13,unvalidated-engineering-priors,fixed independent scenario factor; no N cycle,,,,right_censored,BBCH89_full_ripeness,,,
12,ag_046_048,wheat,2013,2012-10-12,2013-06-10,266946.3095325965,rain_95_available,0.5,2.9976021664879227e-13,3.410605131648481e-12,0.0,0.0,0.04267140235271844,147.31,150.0,0.0,199.48164225293218,232.22009141392064,32.59998407556701,0.0,0.0,0.0,43.50938561679182,150.0,0.0,464.30171774241984,6738.097606309291,16136.944272404042,485.92384983266885,275.4227464734565,6.774025784750393e-13,unvalidated-engineering-priors,fixed independent scenario factor; no N cycle,2013-05-08,,2013-06-10,cut_before_maturity,BBCH89_full_ripeness,2012-10-12,seed_layer_available_water,50.0
12,ag_046_048,fallow,2013,2013-06-11,2013-06-14,266946.3095325965,rain_95_available,0.5,4.085620730620576e-14,0.0,0.0,0.0,1.0,0.06,0.0,0.0,12.815598523327616,0.0,0.0,0.0,0.0,0.0,0.001661287516599016,0.0,0.0,12.815598523327616,0.0,0.0,275.4227464734565,262.6654866626123,1.6431300764452317e-14,unvalidated-engineering-priors,fixed independent scenario factor; no N cycle,,,,right_censored,BBCH89_full_ripeness,,,
12,ag_046_048,maize,2013,2013-06-15,2013-10-05,266946.3095325965,rain_95_available,0.5,6.270539643082884e-13,4.206412995699793e-12,0.0,0.0,0.03354275471250856,422.88,40.0,0.0,17.8691511243507,237.51362787642262,68.34451654198718,0.0,0.0,0.0,3.1499738452357886,40.0,0.0,323.7272955427605,9813.55116553229,18644.70187726884,262.6654866626123,398.66821727461536,6.516731598793513e-13,unvalidated-engineering-priors,fixed independent scenario factor; no N cycle,2013-08-12,2013-09-28,2013-09-28,physiological_maturity,R6_physiological_maturity,2013-06-16,seed_layer_available_water,50.0
12,ag_046_048,fallow,2013,2013-10-06,2013-10-11,266946.3095325965,rain_95_available,0.5,6.52811138479592e-14,0.0,0.0,0.0,1.0,0.69,0.0,0.0,16.615687971918554,0.0,0.0,0.0,0.0,0.0,0.04017473095999463,0.0,0.0,16.615687971918554,0.0,0.0,398.66821727461536,382.70235457173686,-5.3290705182007514e-14,unvalidated-engineering-priors,fixed independent scenario factor; no N cycle,,,,right_censored,BBCH89_full_ripeness,,,
12,ag_046_048,wheat,2014,2013-10-12,2014-06-10,266946.3095325965,rain_95_available,0.75,2.580158309228864e-13,2.2168933355715126e-12,0.0,0.0,0.04267140235271844,97.85,225.0,0.0,177.5310359842882,217.11082186074657,32.59356186920118,0.0,0.0,0.0,4.7856403507739085,225.0,0.0,427.23541971423595,6781.886962123184,15612.182927070651,382.70235457173686,273.5312945067268,1.998679000081438e-13,unvalidated-engineering-priors,fixed independent scenario factor; no N cycle,2014-04-25,2014-06-06,2014-06-06,full_ripeness,BBCH89_full_ripeness,2013-10-12,seed_layer_available_water,50.0
12,ag_046_048,fallow,2014,2014-06-11,2014-06-14,266946.3095325965,rain_95_available,0.75,5.218048215738236e-14,0.0,0.0,0.0,1.0,0.72,0.0,0.0,1.7157221033191479,0.0,0.0,0.0,0.0,0.0,0.0010206881190986295,0.0,0.0,1.7157221033191479,0.0,0.0,273.5312945067268,272.5345517152885,4.7128967395337895e-14,unvalidated-engineering-priors,fixed independent scenario factor; no N cycle,,,,right_censored,BBCH89_full_ripeness,,,
12,ag_046_048,maize,2014,2014-06-15,2014-10-05,266946.3095325965,rain_95_available,0.75,3.859135233597044e-13,4.547473508864641e-12,0.0,0.0,0.03354275471250856,264.28000000000003,60.0,0.0,18.206647636932967,205.99623860133477,70.90417071694372,0.0,0.0,0.0,0.09829215143995092,60.0,0.0,295.1070569552115,8929.209295228518,18138.034013529526,272.5345517152885,301.60920260863867,-1.584760100925564e-12,unvalidated-engineering-priors,fixed independent scenario factor; no N cycle,2014-08-12,2014-09-29,2014-09-29,physiological_maturity,R6_physiological_maturity,2014-06-16,seed_layer_available_water,50.0
12,ag_046_048,fallow,2014,2014-10-06,2014-10-11,266946.3095325965,rain_95_available,0.75,6.927791673660977e-14,0.0,0.0,0.0,1.0,0.0,0.0,0.0,13.863830762140317,0.0,0.0,0.0,0.0,0.0,0.00030282750021310627,0.0,0.0,13.863830762140317,0.0,0.0,301.60920260863867,287.74506901899827,-1.2723155862204294e-13,unvalidated-engineering-priors,fixed independent scenario factor; no N cycle,,,,right_censored,BBCH89_full_ripeness,,,
12,ag_046_048,wheat,2015,2014-10-12,2015-06-10,266946.3095325965,rain_95_available,0.75,1.1191048088221578e-13,1.7692514120426495e-12,0.0,0.0,0.04267140235271844,125.44,225.0,0.0,187.7641192961983,171.71345328440773,36.72864353347567,0.0,0.0,0.0,0.031211749674680874,225.0,0.0,396.2062161140817,5400.413600431841,12637.230068205652,287.74506901899827,241.94764115524234,-4.3882952827090094e-13,unvalidated-engineering-priors,fixed independent scenario factor; no N cycle,2015-04-30,2015-06-09,2015-06-09,full_ripeness,BBCH89_full_ripeness,2014-10-12,seed_layer_available_water,50.0
12,ag_046_048,fallow,2015,2015-06-11,2015-06-14,266946.3095325965,rain_95_available,0.75,4.568567746332519e-14,0.0,0.0,0.0,1.0,0.06999999999999999,0.0,0.0,1.7149996613991185,0.0,0.0,0.0,0.0,0.0,7.884256404157248e-05,0.0,0.0,1.7149996613991185,0.0,0.0,241.94764115524234,240.30256265127917,2.4424906541753444e-15,unvalidated-engineering-priors,fixed independent scenario factor; no N cycle,,,,right_censored,BBCH89_full_ripeness,,,
12,ag_046_048,maize,2015,2015-06-15,2015-10-05,266946.3095325965,rain_95_available,0.75,5.435651928564766e-13,3.062439191126032e-12,0.0,0.0,0.03354275471250856,378.26,60.0,0.0,20.459909762444692,187.50876084590308,84.70377988153002,0.0,0.0,0.0,0.3123034082234772,60.0,0.0,292.6724504898778,9361.983242801429,17683.78196032678,240.30256265127917,385.5778087531753,2.596589609993316e-12,unvalidated-engineering-priors,fixed independent scenario factor; no N cycle,2015-08-12,2015-09-30,2015-09-30,physiological_maturity,R6_physiological_maturity,2015-06-16,seed_layer_available_water,50.0
12,ag_046_048,fallow,2015,2015-10-06,2015-10-11,266946.3095325965,rain_95_available,0.75,8.526512829121202e-14,0.0,0.0,0.0,1.0,0.01,0.0,0.0,17.1078902914302,0.0,0.0,0.0,0.0,0.0,0.03788013511412621,0.0,0.0,17.1078902914302,0.0,0.0,385.5778087531753,368.44203832663084,1.425526363618701e-13,unvalidated-engineering-priors,fixed independent scenario factor; no N cycle,,,,right_censored,BBCH89_full_ripeness,,,
12,ag_046_048,wheat,2016,2015-10-12,2016-06-10,266946.3095325965,rain_95_available,0.75,2.0738966099997924e-13,2.3305801732931286e-12,0.0,0.0,0.04267140235271844,143.35999999999999,225.0,0.0,220.43011496990545,236.8958909757278,21.276445302487886,0.0,0.0,0.0,3.987228447834772,225.0,0.0,478.6024512481211,7178.107333507532,16007.799892333715,368.44203832663084,254.21235863067508,-1.5115686480271506e-13,unvalidated-engineering-priors,fixed independent scenario factor; no N cycle,2016-04-29,2016-06-05,2016-06-05,full_ripeness,BBCH89_full_ripeness,2015-10-13,seed_layer_available_water,50.0
12,ag_046_048,fallow,2016,2016-06-11,2016-06-14,266946.3095325965,rain_95_available,0.75,4.75175454539567e-14,0.0,0.0,0.0,1.0,13.94,0.0,0.0,8.238637997507896,0.0,0.0,0.0,0.0,0.0,0.0006453592378304787,0.0,0.0,8.238637997507896,0.0,0.0,254.21235863067508,259.91307527392945,-9.237055564881302e-14,unvalidated-engineering-priors,fixed independent scenario factor; no N cycle,,,,right_censored,BBCH89_full_ripeness,,,
12,ag_046_048,maize,2016,2016-06-15,2016-10-05,266946.3095325965,rain_95_available,0.75,9.36584143573782e-13,2.8705926524708048e-12,0.0,0.0,0.03354275471250856,559.91,60.0,0.0,18.888497338462596,190.58645195930544,99.42776639387593,0.0,0.0,0.0,98.97310437153183,60.0,0.0,308.90271569164395,9217.736578180826,17488.735721938265,259.91307527392945,471.9472552107534,3.0453417565468044e-13,unvalidated-engineering-priors,fixed independent scenario factor; no N cycle,2016-08-10,2016-09-24,2016-09-24,physiological_maturity,R6_physiological_maturity,2016-06-15,seed_layer_available_water,50.0
12,ag_046_048,fallow,2016,2016-10-06,2016-10-11,266946.3095325965,rain_95_available,0.75,6.483702463810914e-14,0.0,0.0,0.0,1.0,15.629999999999999,0.0,0.0,15.784294,0.0,0.0,0.0,0.0,0.0,1.8970738548403578,0.0,0.0,15.784294,0.0,0.0,471.9472552107534,469.89588735591315,-1.1901590823981678e-13,unvalidated-engineering-priors,fixed independent scenario factor; no N cycle,,,,right_censored,BBCH89_full_ripeness,,,
12,ag_046_048,wheat,2017,2016-10-12,2017-06-10,266946.3095325965,rain_95_available,0.5,3.808064974464287e-13,3.794298208958935e-12,0.0,0.0,0.04267140235271844,122.28999999999999,150.0,0.0,192.77956239551517,246.1140168832061,25.978770076658783,0.0,0.0,0.0,36.68051919523677,150.0,0.0,464.87234935538004,7399.986765064806,16801.716890216932,469.89588735591315,240.6330188052946,1.7391088569240765e-12,unvalidated-engineering-priors,fixed independent scenario factor; no N cycle,2017-04-30,2017-06-06,2017-06-06,full_ripeness,BBCH89_full_ripeness,2016-10-12,seed_layer_available_water,50.0
12,ag_046_048,fallow,2017,2017-06-11,2017-06-14,266946.3095325965,rain_95_available,0.5,2.0372592501871623e-14,0.0,0.0,0.0,1.0,17.919999999999998,0.0,0.0,9.270946432132064,0.0,0.0,0.0,0.0,0.0,0.0006796082247595324,0.0,0.0,9.270946432132064,0.0,0.0,240.6330188052946,249.28139276493778,-5.2735593669694936e-15,unvalidated-engineering-priors,fixed independent scenario factor; no N cycle,,,,right_censored,BBCH89_full_ripeness,,,
12,ag_046_048,maize,2017,2017-06-15,2017-10-05,266946.3095325965,rain_95_available,0.5,2.41140440948584e-13,4.149569576838985e-12,0.0,0.0,0.03354275471250856,314.18,40.0,0.0,19.11924124669023,200.3975638221589,87.98283433320553,0.0,0.0,0.0,0.01853681869930057,40.0,0.0,307.4996394020547,9146.25559816455,18580.909996660062,249.28139276493778,295.9432165441834,4.409805853811122e-13,unvalidated-engineering-priors,fixed independent scenario factor; no N cycle,2017-08-12,2017-09-26,2017-09-26,physiological_maturity,R6_physiological_maturity,2017-06-15,seed_layer_available_water,50.0
12,ag_046_048,fallow,2017,2017-10-06,2017-10-11,266946.3095325965,rain_95_available,0.5,9.237055564881302e-14,0.0,0.0,0.0,1.0,58.38,0.0,0.0,8.15267617,0.0,0.0,0.0,0.0,0.0,0.00040454184759859224,0.0,0.0,8.15267617,0.0,0.0,295.9432165441834,346.1701358323358,-2.708944180085382e-14,unvalidated-engineering-priors,fixed independent scenario factor; no N cycle,,,,right_censored,BBCH89_full_ripeness,,,
12,ag_046_048,wheat,2018,2017-10-12,2018-06-10,266946.3095325965,rain_95_available,0.75,3.2240876635114546e-13,2.8137492336099967e-12,0.0,0.0,0.04267140235271844,212.49,225.0,0.0,211.85333101621498,197.06890030298246,32.12270757251661,0.0,0.0,0.0,0.913610485284334,225.0,0.0,441.044938891714,6282.587815449521,14234.072853182042,346.1701358323358,341.70158645533985,-2.429445533635999e-12,unvalidated-engineering-priors,fixed independent scenario factor; no N cycle,2018-04-30,2018-06-09,2018-06-09,full_ripeness,BBCH89_full_ripeness,2017-10-12,seed_layer_available_water,50.0
12,ag_046_048,fallow,2018,2018-06-11,2018-06-14,266946.3095325965,rain_95_available,0.75,4.1300296516055823e-14,0.0,0.0,0.0,1.0,0.39,0.0,0.0,11.870281597638822,0.0,0.0,0.0,0.0,0.0,0.0036336289051054006,0.0,0.0,11.870281597638822,0.0,0.0,341.70158645533985,330.21767122879595,-2.842170943040401e-14,unvalidated-engineering-priors,fixed independent scenario factor; no N cycle,,,,right_censored,BBCH89_full_ripeness,,,
12,ag_046_048,maize,2018,2018-06-15,2018-10-05,266946.3095325965,rain_95_available,0.75,5.520028878436278e-13,4.533262654149439e-12,0.0,0.0,0.03354275471250856,293.81,60.0,0.0,19.25724425737359,237.38812585016868,79.58720615601864,0.0,0.0,0.0,1.0120504747455863,60.0,0.0,336.23257626356093,9578.659949239804,17849.758572482453,330.21767122879595,346.7830444904888,6.519784712111232e-13,unvalidated-engineering-priors,fixed independent scenario factor; no N cycle,2018-08-11,2018-09-26,2018-09-26,physiological_maturity,R6_physiological_maturity,2018-06-16,seed_layer_available_water,50.0
12,ag_046_048,fallow,2018,2018-10-06,2018-10-11,266946.3095325965,rain_95_available,0.75,9.459100169806334e-14,0.0,0.0,0.0,1.0,0.0,0.0,0.0,11.460959765466315,0.0,0.0,0.0,0.0,0.0,0.017139728772560148,0.0,0.0,11.460959765466315,0.0,0.0,346.7830444904888,335.3049449962501,-1.417754802446325e-13,unvalidated-engineering-priors,fixed independent scenario factor; no N cycle,,,,right_censored,BBCH89_full_ripeness,,,
12,ag_046_048,wheat,2019,2018-10-12,2019-06-10,266946.3095325965,rain_95_available,0.75,1.8474111129762605e-13,3.751665644813329e-12,0.0,0.0,0.04267140235271844,130.59,225.0,0.0,185.7724141160468,218.8941538431194,21.64726376199707,0.0,0.0,0.0,0.8423137037247349,225.0,0.0,426.3138317211633,6058.801453622957,14780.119547247377,335.3049449962501,263.738799571362,5.1486592766991635e-14,unvalidated-engineering-priors,fixed independent scenario factor; no N cycle,2019-05-01,,2019-06-10,cut_before_maturity,BBCH89_full_ripeness,2018-10-13,seed_layer_available_water,50.0
12,ag_046_048,fallow,2019,2019-06-11,2019-06-14,266946.3095325965,rain_95_available,0.75,6.750155989720952e-14,0.0,0.0,0.0,1.0,0.67,0.0,0.0,6.33357068478076,0.0,0.0,0.0,0.0,0.0,0.00024101104390197308,0.0,0.0,6.33357068478076,0.0,0.0,263.738799571362,258.07498787553743,-9.825473767932635e-14,unvalidated-engineering-priors,fixed independent scenario factor; no N cycle,,,,right_censored,BBCH89_full_ripeness,,,
12,ag_046_048,maize,2019,2019-06-15,2019-10-05,266946.3095325965,rain_95_available,0.75,3.8768988019910466e-13,3.694822225952521e-12,0.0,0.0,0.03354275471250856,263.21,60.0,0.0,20.68341103970483,205.67773636113773,78.46154582764454,0.0,0.0,0.0,0.02283653169228447,60.0,0.0,304.82269322848714,9331.507536955749,18519.08030423447,258.07498787553743,276.4394581153575,5.07038855346309e-13,unvalidated-engineering-priors,fixed independent scenario factor; no N cycle,2019-08-12,2019-09-27,2019-09-27,physiological_maturity,R6_physiological_maturity,2019-06-16,seed_layer_available_water,50.0
12,ag_046_048,fallow,2019,2019-10-06,2019-10-11,266946.3095325965,rain_95_available,0.75,2.7644553313166398e-14,0.0,0.0,0.0,1.0,3.14,0.0,0.0,11.941504299466594,0.0,0.0,0.0,0.0,0.0,0.00030327904451035053,0.0,0.0,11.941504299466594,0.0,0.0,276.4394581153575,267.6376505368465,-5.895284260759581e-14,unvalidated-engineering-priors,fixed independent scenario factor; no N cycle,,,,right_censored,BBCH89_full_ripeness,,,
12,ag_046_048,wheat,2020,2019-10-12,2020-06-10,266946.3095325965,rain_95_available,0.75,1.2823075934420558e-13,2.0392576516314875e-12,0.0,0.0,0.04267140235271844,157.45000000000002,225.0,0.0,194.61075968959892,163.57266069649773,25.330960163374247,0.0,0.0,0.0,0.017583957660062315,225.0,0.0,383.5143805494709,5298.025155001915,11658.041149746477,267.6376505368465,266.5556860297149,6.393219287303964e-13,unvalidated-engineering-priors,fixed independent scenario factor; no N cycle,2020-04-29,2020-06-06,2020-06-06,full_ripeness,BBCH89_full_ripeness,2019-10-12,seed_layer_available_water,50.0
12,ag_046_048,fallow,2020,2020-06-11,2020-06-14,266946.3095325965,rain_95_available,0.75,1.0136336214827679e-13,0.0,0.0,0.0,1.0,0.4,0.0,0.0,1.7294404076744525,0.0,0.0,0.0,0.0,0.0,0.0001613654856527501,0.0,0.0,1.7294404076744525,0.0,0.0,266.5556860297149,265.22608425655477,1.609823385706477e-15,unvalidated-engineering-priors,fixed independent scenario factor; no N cycle,,,,right_censored,BBCH89_full_ripeness,,,
12,ag_046_048,maize,2020,2020-06-15,2020-10-05,266946.3095325965,rain_95_available,0.75,5.764277943853813e-13,2.7853275241795927e-12,0.0,0.0,0.03354275471250856,439.35,60.0,0.0,19.354563554484134,200.71805524053127,67.6042594048888,0.0,0.0,0.0,9.489541102194911,60.0,0.0,287.6768781999042,8800.325002352147,16983.690173841605,265.22608425655477,467.4096649544561,-4.670708264598034e-13,unvalidated-engineering-priors,fixed independent scenario factor; no N cycle,2020-08-12,2020-09-28,2020-09-28,physiological_maturity,R6_physiological_maturity,2020-06-16,seed_layer_available_water,50.0
12,ag_046_048,fallow,2020,2020-10-06,2020-10-11,266946.3095325965,rain_95_available,0.75,6.794564910705958e-14,0.0,0.0,0.0,1.0,0.08,0.0,0.0,15.459078645261831,0.0,0.0,0.0,0.0,0.0,0.7024661123798844,0.0,0.0,15.459078645261831,0.0,0.0,467.4096649544561,451.32812019681427,1.212363542890671e-13,unvalidated-engineering-priors,fixed independent scenario factor; no N cycle,,,,right_censored,BBCH89_full_ripeness,,,
12,ag_046_048,wheat,2021,2020-10-12,2021-06-10,266946.3095325965,rain_95_available,0.75,2.731148640577885e-13,4.519051799434237e-12,0.0,0.0,0.04267140235271844,100.67,225.0,0.0,180.68754129686758,274.48847642777696,25.10710781122752,0.0,0.0,0.0,23.867624005662993,225.0,0.0,480.28312553587205,8281.56187877007,18913.668860266236,451.32812019681427,272.8473706552798,-6.059597268404104e-13,unvalidated-engineering-priors,fixed independent scenario factor; no N cycle,2021-04-27,2021-06-03,2021-06-03,full_ripeness,BBCH89_full_ripeness,2020-10-12,seed_layer_available_water,50.0
12,ag_046_048,fallow,2021,2021-06-11,2021-06-14,266946.3095325965,rain_95_available,0.75,5.262457136723242e-14,0.0,0.0,0.0,1.0,5.25,0.0,0.0,8.319498075836956,0.0,0.0,0.0,0.0,0.0,0.0011369392496362136,0.0,0.0,8.319498075836956,0.0,0.0,272.8473706552798,269.77673564019324,-2.531308496145357e-14,unvalidated-engineering-priors,fixed independent scenario factor; no N cycle,,,,right_censored,BBCH89_full_ripeness,,,
12,ag_046_048,maize,2021,2021-06-15,2021-10-05,266946.3095325965,rain_95_available,0.75,6.714628852932947e-13,4.064304448547773e-12,0.0,0.0,0.03354275471250856,578.99,60.0,0.0,18.11574713572752,198.81742828641944,91.6833932719413,0.0,0.0,0.0,2.343272917287859,60.0,0.0,308.61656869408824,8968.792168383394,17826.5528057173,269.77673564019324,597.806894028821,-3.9154235409455396e-12,unvalidated-engineering-priors,fixed independent scenario factor; no N cycle,2021-08-10,2021-09-24,2021-09-24,physiological_maturity,R6_physiological_maturity,2021-06-15,seed_layer_available_water,50.0
12,ag_046_048,fallow,2021,2021-10-06,2021-10-11,266946.3095325965,rain_95_available,0.75,1.4921397450962104e-13,0.0,0.0,0.0,1.0,34.75,0.0,0.0,11.443648099999999,0.0,0.0,0.0,0.0,0.0,18.502049065822753,0.0,0.0,11.443648099999999,0.0,0.0,597.806894028821,602.6111968629981,1.865174681370263e-13,unvalidated-engineering-priors,fixed independent scenario factor; no N cycle,,,,right_censored,BBCH89_full_ripeness,,,
12,ag_046_048,wheat,2022,2021-10-12,2022-06-10,266946.3095325965,rain_95_available,0.5,2.4202861936828413e-13,4.490630090003833e-12,0.0,0.0,0.04267140235271844,99.78,150.0,0.0,190.32164554414084,262.41553885914317,20.30314627688707,0.0,0.0,0.0,130.60146154743478,150.0,0.0,473.04033068017105,7638.878598439245,17132.890723560016,602.6111968629981,248.74940463539187,4.056754931980322e-13,unvalidated-engineering-priors,fixed independent scenario factor; no N cycle,2022-04-27,2022-06-09,2022-06-09,full_ripeness,BBCH89_full_ripeness,2021-10-12,seed_layer_available_water,50.0
12,ag_046_048,fallow,2022,2022-06-11,2022-06-14,266946.3095325965,rain_95_available,0.5,4.263256414560601e-14,0.0,0.0,0.0,1.0,2.87,0.0,0.0,3.2283077930356474,0.0,0.0,0.0,0.0,0.0,0.0007401381920527171,0.0,0.0,3.2283077930356474,0.0,0.0,248.74940463539187,248.39035670416408,9.192646643896296e-14,unvalidated-engineering-priors,fixed independent scenario factor; no N cycle,,,,right_censored,BBCH89_full_ripeness,,,
12,ag_046_048,maize,2022,2022-06-15,2022-10-05,266946.3095325965,rain_95_available,0.5,5.422329252269265e-13,5.002220859751105e-12,0.0,0.0,0.03354275471250856,512.52,40.0,0.0,20.14674944727258,225.49115644908915,67.51882887837604,0.0,0.0,0.0,12.944498443310412,40.0,0.0,313.15673477473774,9558.20553740506,17996.46382124502,248.39035670416408,474.80912348611804,-2.134736831749251e-12,unvalidated-engineering-priors,fixed independent scenario factor; no N cycle,2022-08-13,2022-09-28,2022-09-28,physiological_maturity,R6_physiological_maturity,2022-06-16,seed_layer_available_water,50.0
12,ag_046_048,fallow,2022,2022-10-06,2022-10-11,266946.3095325965,rain_95_available,0.5,8.926193117986259e-14,0.0,0.0,0.0,1.0,0.06,0.0,0.0,19.083160297833423,0.0,0.0,0.0,0.0,0.0,0.39893167371884064,0.0,0.0,19.083160297833423,0.0,0.0,474.80912348611804,455.38703151456576,1.199040866595169e-14,unvalidated-engineering-priors,fixed independent scenario factor; no N cycle,,,,right_censored,BBCH89_full_ripeness,,,
12,ag_046_048,wheat,2023,2022-10-12,2023-06-10,266946.3095325965,rain_95_available,0.75,5.24913446042774e-13,4.177991286269389e-12,0.0,0.0,0.04267140235271844,142.95,225.0,0.0,205.1695132978382,233.39092283486394,36.96056712435948,0.0,0.0,0.0,24.209437749957,225.0,0.0,475.52100325706164,7508.072141327677,16910.89034213101,455.38703151456576,323.60659050754714,1.1046719095020308e-14,unvalidated-engineering-priors,fixed independent scenario factor; no N cycle,2023-04-28,2023-06-04,2023-06-04,full_ripeness,BBCH89_full_ripeness,2022-10-12,seed_layer_available_water,50.0
12,ag_046_048,fallow,2023,2023-06-11,2023-06-14,266946.3095325965,rain_95_available,0.75,5.639932965095795e-14,0.0,0.0,0.0,1.0,0.8699999999999999,0.0,0.0,3.171681478036593,0.0,0.0,0.0,0.0,0.0,0.00671703059695088,0.0,0.0,3.171681478036593,0.0,0.0,323.60659050754714,321.2981919989136,1.4654943925052066e-14,unvalidated-engineering-priors,fixed independent scenario factor; no N cycle,,,,right_censored,BBCH89_full_ripeness,,,
12,ag_046_048,maize,2023,2023-06-15,2023-10-05,266946.3095325965,rain_95_available,0.75,5.790923296444817e-13,3.637978807091713e-12,7.105427357601002e-15,0.0,0.03354275471250856,371.64,60.0,0.0,20.047283170808182,243.190389145786,80.29207031104929,0.0,0.0,0.0,6.770686320101827,60.0,0.0,343.5297426276435,9926.208892252705,19920.924509799366,321.2981919989136,402.63776305116613,2.146394173507815e-12,unvalidated-engineering-priors,fixed independent scenario factor; no N cycle,2023-08-13,2023-09-27,2023-09-27,physiological_maturity,R6_physiological_maturity,2023-06-16,seed_layer_available_water,50.0
12,ag_046_048,fallow,2023,2023-10-06,2023-10-11,266946.3095325965,rain_95_available,0.75,1.021405182655144e-13,0.0,0.0,0.0,1.0,0.01,0.0,0.0,12.852344886207975,0.0,0.0,0.0,0.0,0.0,0.17339040055544658,0.0,0.0,12.852344886207975,0.0,0.0,402.63776305116613,389.6220277644027,3.68594044175552e-14,unvalidated-engineering-priors,fixed independent scenario factor; no N cycle,,,,right_censored,BBCH89_full_ripeness,,,
12,ag_046_048,wheat,2024,2023-10-12,2024-06-10,266946.3095325965,rain_95_available,0.75,4.1744385725905886e-13,3.637978807091713e-12,0.0,0.0,0.04267140235271844,105.38,225.0,0.0,182.85956672141316,232.79280503423726,35.13632343799799,0.0,0.0,0.0,6.489791399302735,225.0,0.0,450.78869519364844,7532.814028962749,17099.231998808267,389.6220277644027,262.7235411714517,-1.7791323969618134e-13,unvalidated-engineering-priors,fixed independent scenario factor; no N cycle,2024-04-28,2024-06-07,2024-06-07,full_ripeness,BBCH89_full_ripeness,2023-10-12,seed_layer_available_water,50.0
12,ag_046_048,fallow,2024,2024-06-11,2024-06-14,266946.3095325965,rain_95_available,0.75,4.696243394164412e-14,0.0,0.0,0.0,1.0,0.37,0.0,0.0,1.9544771417442468,0.0,0.0,0.0,0.0,0.0,0.0010178789887673571,0.0,0.0,1.9544771417442468,0.0,0.0,262.7235411714517,261.1380461507187,-2.2148949341271873e-14,unvalidated-engineering-priors,fixed independent scenario factor; no N cycle,,,,right_censored,BBCH89_full_ripeness,,,
12,ag_046_048,maize,2024,2024-06-15,2024-10-05,266946.3095325965,rain_95_available,0.75,7.049916206369744e-13,2.5863755581667647e-12,0.0,0.0,0.03354275471250856,421.52,60.0,0.0,21.334827768447656,189.69923144663974,79.39214570844376,0.0,0.0,0.0,0.9631454698957576,60.0,0.0,290.42620492353115,8734.745079190283,16898.544027318174,261.1380461507187,451.26869575728983,1.9557688801796758e-12,unvalidated-engineering-priors,fixed independent scenario factor; no N cycle,2024-08-12,2024-09-26,2024-09-26,physiological_maturity,R6_physiological_maturity,2024-06-16,seed_layer_available_water,50.0
12,ag_046_048,fallow,2024,2024-10-06,2024-10-11,266946.3095325965,rain_95_available,0.75,1.1501910535116622e-13,0.0,0.0,0.0,1.0,1.22,0.0,0.0,16.40443729836038,0.0,0.0,0.0,0.0,0.0,0.22319037458743787,0.0,0.0,16.40443729836038,0.0,0.0,451.26869575728983,435.8610680843422,-1.9251267247000214e-13,unvalidated-engineering-priors,fixed independent scenario factor; no N cycle,,,,right_censored,BBCH89_full_ripeness,,,
12,ag_046_048,wheat,2025,2024-10-12,2025-06-10,266946.3095325965,rain_95_available,0.75,3.82804898890754e-13,3.637978807091713e-12,0.0,0.0,0.04267140235271844,106.34,225.0,0.0,203.0553723044404,242.26407614226025,20.23035695387038,0.0,0.0,0.0,17.97122486219416,225.0,0.0,465.549805400571,6698.985138364332,15458.2249509198,435.8610680843422,283.6800378215754,1.6036061367685761e-12,unvalidated-engineering-priors,fixed independent scenario factor; no N cycle,2025-04-25,2025-06-03,2025-06-03,full_ripeness,BBCH89_full_ripeness,2024-10-12,seed_layer_available_water,50.0
12,ag_046_048,fallow,2025,2025-06-11,2025-06-14,266946.3095325965,rain_95_available,0.75,5.867528685143952e-14,0.0,0.0,0.0,1.0,10.069999999999999,0.0,0.0,3.5556627430337735,0.0,0.0,0.0,0.0,0.0,0.0017438541853804202,0.0,0.0,3.5556627430337735,0.0,0.0,283.6800378215754,290.1926312243563,-6.256106743762757e-14,unvalidated-engineering-priors,fixed independent scenario factor; no N cycle,,,,right_censored,BBCH89_full_ripeness,,,
12,ag_046_048,maize,2025,2025-06-15,2025-10-05,266946.3095325965,rain_95_available,0.75,6.785683126508957e-13,3.581135388230905e-12,0.0,0.0,0.03354275471250856,346.6,60.0,0.0,20.09384867971898,198.70517617197441,88.3348852692395,0.0,0.0,0.0,0.33616476689876557,60.0,0.0,307.1339101209329,8274.967022775156,16512.213724315712,290.1926312243563,389.3225563365247,-5.850875339774575e-14,unvalidated-engineering-priors,fixed independent scenario factor; no N cycle,2025-08-10,2025-09-23,2025-09-23,physiological_maturity,R6_physiological_maturity,2025-06-15,seed_layer_available_water,50.0
12,ag_046_048,fallow,1996,1996-01-01,1996-10-11,266946.3095325965,rain_98_available,1.0,2.4513724383723456e-13,0.0,0.0,0.0,1.0,831.0699999999999,0.0,0.0,445.5901234762376,0.0,0.0,0.0,0.0,0.0,283.08770258802235,0.0,0.0,445.5901234762376,0.0,0.0,381.49245737517947,483.884631310919,5.146855164284148e-13,unvalidated-engineering-priors,fixed independent scenario factor; no N cycle,,,,right_censored,BBCH89_full_ripeness,,,
12,ag_046_048,wheat,1997,1996-10-12,1997-06-10,266946.3095325965,rain_98_available,1.0,5.364597654988756e-13,6.210143510543276e-12,0.0,0.0,0.04267140235271844,100.66,300.0,0.0,185.6759642371982,272.927942488179,23.584860036604343,0.0,0.0,0.0,59.77866244107508,300.0,0.0,482.1887667619815,9082.222066728029,20021.584439352482,483.884631310919,342.57720210786357,-1.1273759703556152e-12,unvalidated-engineering-priors,fixed independent scenario factor; no N cycle,1997-05-02,1997-06-08,1997-06-08,full_ripeness,BBCH89_full_ripeness,1996-10-12,seed_layer_available_water,50.0
12,ag_046_048,fallow,1997,1997-06-11,1997-06-14,266946.3095325965,rain_98_available,1.0,6.650235917504688e-14,0.0,0.0,0.0,1.0,1.8800000000000001,0.0,0.0,5.402119909226333,0.0,0.0,0.0,0.0,0.0,0.016603390297802056,0.0,0.0,5.402119909226333,0.0,0.0,342.57720210786357,339.0384788083393,1.5765166949677223e-13,unvalidated-engineering-priors,fixed independent scenario factor; no N cycle,,,,right_censored,BBCH89_full_ripeness,,,
12,ag_046_048,maize,1997,1997-06-15,1997-10-05,266946.3095325965,rain_98_available,1.0,2.611244553918368e-13,4.661160346586257e-12,0.0,0.0,0.03354275471250856,190.58,80.0,0.0,21.76675846228189,230.04354289263082,66.57870295148375,0.0,0.0,0.0,0.613035759741995,80.0,0.0,318.38900430639643,10332.98925898662,20437.25518941345,339.0384788083393,290.61643874220016,6.613598557692058e-13,unvalidated-engineering-priors,fixed independent scenario factor; no N cycle,1997-08-13,1997-10-01,1997-10-01,physiological_maturity,R6_physiological_maturity,1997-06-16,seed_layer_available_water,50.0
12,ag_046_048,fallow,1997,1997-10-06,1997-10-11,266946.3095325965,rain_98_available,1.0,6.350475700855895e-14,0.0,0.0,0.0,1.0,0.0,0.0,0.0,15.810270009413562,0.0,0.0,0.0,0.0,0.0,0.00046482430022264044,0.0,0.0,15.810270009413562,0.0,0.0,290.61643874220016,274.8057039084864,-3.352873534367973e-14,unvalidated-engineering-priors,fixed independent scenario factor; no N cycle,,,,right_censored,BBCH89_full_ripeness,,,
12,ag_046_048,wheat,1998,1997-10-12,1998-06-10,266946.3095325965,rain_98_available,1.0,2.042810365310288e-13,2.9558577807620168e-12,0.0,0.0,0.04267140235271844,191.31,300.0,0.0,224.20278447275987,174.959062543421,53.00587037160909,0.0,0.0,0.0,0.04210967317097511,300.0,0.0,452.16771738779,6797.075566297423,14935.368767833334,274.8057039084864,313.90587684752467,7.982781102811032e-13,unvalidated-engineering-priors,fixed independent scenario factor; no N cycle,1998-05-02,1998-06-08,1998-06-08,full_ripeness,BBCH89_full_ripeness,1997-10-13,seed_layer_available_water,50.0
12,ag_046_048,fallow,1998,1998-06-11,1998-06-14,266946.3095325965,rain_98_available,1.0,4.241051954068098e-14,0.0,0.0,0.0,1.0,0.99,0.0,0.0,4.65301216706695,0.0,0.0,0.0,0.0,0.0,0.001323853855181483,0.0,0.0,4.65301216706695,0.0,0.0,313.90587684752467,310.2415408266026,-6.661338147750939e-14,unvalidated-engineering-priors,fixed independent scenario factor; no N cycle,,,,right_censored,BBCH89_full_ripeness,,,
12,ag_046_048,maize,1998,1998-06-15,1998-10-05,266946.3095325965,rain_98_available,1.0,8.979483823168266e-13,2.3590018827235326e-12,0.0,0.0,0.03354275471250856,481.19,80.0,0.0,20.515304171651877,238.0133398271159,76.88448012864541,0.0,0.0,0.0,74.96155773641166,80.0,0.0,335.4131241274132,9766.572965547544,18677.906077633736,310.2415408266026,461.0568589627762,1.5445422718585178e-12,unvalidated-engineering-priors,fixed independent scenario factor; no N cycle,1998-08-12,1998-09-26,1998-09-26,physiological_maturity,R6_physiological_maturity,1998-06-16,seed_layer_available_water,50.0
12,ag_046_048,fallow,1998,1998-10-06,1998-10-11,266946.3095325965,rain_98_available,1.0,8.393286066166183e-14,0.0,0.0,0.0,1.0,8.09,0.0,0.0,12.098324328521668,0.0,0.0,0.0,0.0,0.0,1.8014455564456096,0.0,0.0,12.098324328521668,0.0,0.0,461.0568589627762,455.24708907780894,-3.952393967665557e-14,unvalidated-engineering-priors,fixed independent scenario factor; no N cycle,,,,right_censored,BBCH89_full_ripeness,,,
12,ag_046_048,wheat,1999,1998-10-12,1999-06-10,266946.3095325965,rain_98_available,1.0,6.084022174945858e-13,2.6005864128819667e-12,0.0,0.0,0.04267140235271844,91.78999999999999,300.0,0.0,188.38121331118808,242.88001836113912,38.01761075330361,0.0,0.0,0.0,35.94515372908222,300.0,0.0,469.2788424256308,7855.999936302504,17673.18345017344,455.24708907780894,341.8130929230992,-3.2817082384895002e-12,unvalidated-engineering-priors,fixed independent scenario factor; no N cycle,1999-04-30,1999-06-07,1999-06-07,full_ripeness,BBCH89_full_ripeness,1998-10-12,seed_layer_available_water,50.0
12,ag_046_048,fallow,1999,1999-06-11,1999-06-14,266946.3095325965,rain_98_available,1.0,9.980904991380157e-14,0.0,0.0,0.0,1.0,7.71,0.0,0.0,5.251527677163287,0.0,0.0,0.0,0.0,0.0,0.014695105394127586,0.0,0.0,5.251527677163287,0.0,0.0,341.8130929230992,344.2568701405417,6.88338275267597e-14,unvalidated-engineering-priors,fixed independent scenario factor; no N cycle,,,,right_censored,BBCH89_full_ripeness,,,
12,ag_046_048,maize,1999,1999-06-15,1999-10-05,266946.3095325965,rain_98_available,1.0,6.403766406037903e-13,2.8421709430404007e-12,0.0,0.0,0.03354275471250856,285.82,80.0,0.0,18.268290536251858,215.92928394208033,100.3884898162439,0.0,0.0,0.0,1.538855650907615,80.0,0.0,334.5860642945761,10051.056042604856,19476.393737436556,344.2568701405417,373.9519501950594,-1.4073187060148484e-12,unvalidated-engineering-priors,fixed independent scenario factor; no N cycle,1999-08-12,1999-09-28,1999-09-28,physiological_maturity,R6_physiological_maturity,1999-06-15,seed_layer_available_water,50.0
12,ag_046_048,fallow,1999,1999-10-06,1999-10-11,266946.3095325965,rain_98_available,1.0,1.1057821325266559e-13,0.0,0.0,0.0,1.0,0.16,0.0,0.0,16.061385501882384,0.0,0.0,0.0,0.0,0.0,0.010318593371038342,0.0,0.0,16.061385501882384,0.0,0.0,373.9519501950594,358.04024609980587,1.0258460747536446e-13,unvalidated-engineering-priors,fixed independent scenario factor; no N cycle,,,,right_censored,BBCH89_full_ripeness,,,
12,ag_046_048,wheat,2000,1999-10-12,2000-06-10,266946.3095325965,rain_98_available,1.0,5.790923296444817e-13,2.3874235921539366e-12,0.0,0.0,0.04267140235271844,118.11,300.0,0.0,207.69040523621237,251.6988400544743,30.853238497261447,0.0,0.0,0.0,1.9721314037040973,300.0,0.0,490.2424837879481,7520.89525091503,16945.608512515668,358.04024609980587,283.9356309081556,-1.9265977702076498e-12,unvalidated-engineering-priors,fixed independent scenario factor; no N cycle,2000-04-30,2000-06-07,2000-06-07,full_ripeness,BBCH89_full_ripeness,1999-10-12,seed_layer_available_water,50.0
12,ag_046_048,fallow,2000,2000-06-11,2000-06-14,266946.3095325965,rain_98_available,1.0,4.696243394164412e-14,0.0,0.0,0.0,1.0,1.11,0.0,0.0,2.9869533945458207,0.0,0.0,0.0,0.0,0.0,0.0007300755274697729,0.0,0.0,2.9869533945458207,0.0,0.0,283.9356309081556,282.05794743808235,-5.362377208939506e-14,unvalidated-engineering-priors,fixed independent scenario factor; no N cycle,,,,right_censored,BBCH89_full_ripeness,,,
12,ag_046_048,maize,2000,2000-06-15,2000-10-05,266946.3095325965,rain_98_available,1.0,9.352518759442319e-13,3.126388037344441e-12,0.0,0.0,0.03354275471250856,545.71,80.0,0.0,19.40615315272261,200.2689416772541,82.62238950242352,0.0,0.0,0.0,95.10925504501888,80.0,0.0,302.29748433240024,9452.171907855649,18120.58932161899,282.05794743808235,510.36120806065804,5.201505892671321e-12,unvalidated-engineering-priors,fixed independent scenario factor; no N cycle,2000-08-12,2000-09-28,2000-09-28,physiological_maturity,R6_physiological_maturity,2000-06-16,seed_layer_available_water,50.0
12,ag_046_048,fallow,2000,2000-10-06,2000-10-11,266946.3095325965,rain_98_available,1.0,1.2612133559741778e-13,0.0,0.0,0.0,1.0,53.4,0.0,0.0,13.2342224,0.0,0.0,0.0,0.0,0.0,2.7952494469740365,0.0,0.0,13.2342224,0.0,0.0,510.36120806065804,547.7317362136839,8.970602038971265e-14,unvalidated-engineering-priors,fixed independent scenario factor; no N cycle,,,,right_censored,BBCH89_full_ripeness,,,
12,ag_046_048,wheat,2001,2000-10-12,2001-06-10,266946.3095325965,rain_98_available,1.0,6.67021993194794e-13,4.320099833421409e-12,0.0,0.0,0.04267140235271844,115.6,300.0,0.0,232.74684748011146,287.80983177147647,17.298877125545577,0.0,0.0,0.0,118.66142911612606,300.0,0.0,537.8555563771334,8153.524123598626,19235.14341037108,547.7317362136839,306.81475072041957,4.792666263853107e-12,unvalidated-engineering-priors,fixed independent scenario factor; no N cycle,2001-05-02,,2001-06-10,cut_before_maturity,BBCH89_full_ripeness,2000-10-12,seed_layer_available_water,50.0
12,ag_046_048,fallow,2001,2001-06-11,2001-06-14,266946.3095325965,rain_98_available,1.0,7.455147610357926e-14,0.0,0.0,0.0,1.0,15.82,0.0,0.0,5.464529018431588,0.0,0.0,0.0,0.0,0.0,0.003952922158838443,0.0,0.0,5.464529018431588,0.0,0.0,306.81475072041957,317.1662687798292,-3.813616089587413e-14,unvalidated-engineering-priors,fixed independent scenario factor; no N cycle,,,,right_censored,BBCH89_full_ripeness,,,
12,ag_046_048,maize,2001,2001-06-15,2001-10-05,266946.3095325965,rain_98_available,1.0,8.775202786637237e-13,4.661160346586257e-12,0.0,0.0,0.03354275471250856,486.67,80.0,0.0,16.8482605287426,242.449418089715,78.22624658847565,0.0,0.0,0.0,107.50808990989587,80.0,0.0,337.52392520693326,10355.854052013525,19912.338246117004,317.1662687798292,438.8042536629963,3.758493516414774e-12,unvalidated-engineering-priors,fixed independent scenario factor; no N cycle,2001-08-11,2001-09-26,2001-09-26,physiological_maturity,R6_physiological_maturity,2001-06-15,seed_layer_available_water,50.0
12,ag_046_048,fallow,2001,2001-10-06,2001-10-11,266946.3095325965,rain_98_available,1.0,1.305622276959184e-13,0.0,0.0,0.0,1.0,6.28,0.0,0.0,15.552565191156805,0.0,0.0,0.0,0.0,0.0,0.6833498073178832,0.0,0.0,15.552565191156805,0.0,0.0,438.8042536629963,428.8483386645216,3.5083047578154947e-14,unvalidated-engineering-priors,fixed independent scenario factor; no N cycle,,,,right_censored,BBCH89_full_ripeness,,,
12,ag_046_048,wheat,2002,2001-10-12,2002-06-10,266946.3095325965,rain_98_available,1.0,4.911626660941693e-13,3.161915174132446e-12,0.0,0.0,0.04267140235271844,148.84,300.0,0.0,203.03962866408276,227.4931609249691,37.02589537667172,0.0,0.0,0.0,22.423528008772706,300.0,0.0,467.55868496572356,7700.5995645381345,17002.71192984516,428.8483386645216,387.706125690025,3.144706717250756e-13,unvalidated-engineering-priors,fixed independent scenario factor; no N cycle,2002-04-25,2002-06-07,2002-06-07,full_ripeness,BBCH89_full_ripeness,2001-10-12,seed_layer_available_water,50.0
12,ag_046_048,fallow,2002,2002-06-11,2002-06-14,266946.3095325965,rain_98_available,1.0,6.838973831690964e-14,0.0,0.0,0.0,1.0,1.7000000000000002,0.0,0.0,16.367258474986798,0.0,0.0,0.0,0.0,0.0,0.039133614320495086,0.0,0.0,16.367258474986798,0.0,0.0,387.706125690025,372.9997336007176,7.904787935331115e-14,unvalidated-engineering-priors,fixed independent scenario factor; no N cycle,,,,right_censored,BBCH89_full_ripeness,,,
12,ag_046_048,maize,2002,2002-06-15,2002-10-05,266946.3095325965,rain_98_available,1.0,6.021849685566849e-13,2.3021584638627246e-12,0.0,0.0,0.03354275471250856,282.34,80.0,0.0,18.68932980510644,230.95008901797902,74.01412568813755,0.0,0.0,0.0,23.158384887052513,80.0,0.0,323.653544511223,9955.578106137591,18676.15258721311,372.9997336007176,388.5278042024438,-1.7221779557985428e-12,unvalidated-engineering-priors,fixed independent scenario factor; no N cycle,2002-08-13,2002-10-01,2002-10-01,physiological_maturity,R6_physiological_maturity,2002-06-16,seed_layer_available_water,50.0
12,ag_046_048,fallow,2002,2002-10-06,2002-10-11,266946.3095325965,rain_98_available,1.0,1.1590728377086634e-13,0.0,0.0,0.0,1.0,0.51,0.0,0.0,15.003502668488393,0.0,0.0,0.0,0.0,0.0,0.07818315275016534,0.0,0.0,15.003502668488393,0.0,0.0,388.5278042024438,373.9561183812052,3.086420008457935e-14,unvalidated-engineering-priors,fixed independent scenario factor; no N cycle,,,,right_censored,BBCH89_full_ripeness,,,
12,ag_046_048,wheat,2003,2002-10-12,2003-06-10,266946.3095325965,rain_98_available,1.0,5.186961971048731e-13,3.126388037344441e-12,0.0,0.0,0.04267140235271844,193.65,300.0,0.0,223.0727226574484,198.72730087120632,46.95450838761493,0.0,0.0,0.0,6.9484430639070744,300.0,0.0,468.7545319162696,7630.891906706045,16833.508366587423,373.9561183812052,391.90314340102907,-5.77121683775772e-13,unvalidated-engineering-priors,fixed independent scenario factor; no N cycle,2003-05-05,,2003-06-10,cut_before_maturity,BBCH89_full_ripeness,2002-10-12,seed_layer_available_water,50.0
12,ag_046_048,fallow,2003,2003-06-11,2003-06-14,266946.3095325965,rain_98_available,1.0,6.17284001691587e-14,0.0,0.0,0.0,1.0,3.0599999999999996,0.0,0.0,9.885549813284019,0.0,0.0,0.0,0.0,0.0,0.10052765968288625,0.0,0.0,9.885549813284019,0.0,0.0,391.90314340102907,384.9770659280622,-2.4202861936828413e-14,unvalidated-engineering-priors,fixed independent scenario factor; no N cycle,,,,right_censored,BBCH89_full_ripeness,,,
12,ag_046_048,maize,2003,2003-06-15,2003-10-05,266946.3095325965,rain_98_available,1.0,5.897504706808832e-13,3.240074875066057e-12,0.0,0.0,0.03354275471250856,402.27,80.0,0.0,19.372712200832723,178.96856167581373,89.769190811512,0.0,0.0,0.0,43.74506381114318,80.0,0.0,288.11046468815846,8634.842254207742,16962.72540351544,384.9770659280622,535.3915374287618,-1.2445600106048005e-12,unvalidated-engineering-priors,fixed independent scenario factor; no N cycle,2003-08-12,2003-10-01,2003-10-01,physiological_maturity,R6_physiological_maturity,2003-06-16,seed_layer_available_water,50.0
12,ag_046_048,fallow,2003,2003-10-06,2003-10-11,266946.3095325965,rain_98_available,1.0,1.3145040611561853e-13,0.0,0.0,0.0,1.0,67.13,0.0,0.0,11.772914499999999,0.0,0.0,0.0,0.0,0.0,4.937124008436213,0.0,0.0,11.772914499999999,0.0,0.0,535.3915374287618,585.8114989203256,3.019806626980426e-14,unvalidated-engineering-priors,fixed independent scenario factor; no N cycle,,,,right_censored,BBCH89_full_ripeness,,,
12,ag_046_048,wheat,2004,2003-10-12,2004-06-10,266946.3095325965,rain_98_available,1.0,5.151434834260726e-13,2.8848035071860068e-12,0.0,0.0,0.04267140235271844,152.57,300.0,0.0,227.67962997279525,260.55265479991454,40.53786808073006,0.0,0.0,0.0,146.37571656144362,300.0,0.0,528.7701528534399,8684.007615097684,19159.641832225938,585.8114989203256,363.2356295054419,2.0394796962364126e-13,unvalidated-engineering-priors,fixed independent scenario factor; no N cycle,2004-04-26,2004-06-03,2004-06-03,full_ripeness,BBCH89_full_ripeness,2003-10-12,seed_layer_available_water,50.0
12,ag_046_048,fallow,2004,2004-06-11,2004-06-14,266946.3095325965,rain_98_available,1.0,5.445643935786393e-14,0.0,0.0,0.0,1.0,0.3,0.0,0.0,3.556470075380541,0.0,0.0,0.0,0.0,0.0,0.03796503068370933,0.0,0.0,3.556470075380541,0.0,0.0,363.2356295054419,359.9411943993777,-3.702593787124897e-14,unvalidated-engineering-priors,fixed independent scenario factor; no N cycle,,,,right_censored,BBCH89_full_ripeness,,,
12,ag_046_048,maize,2004,2004-06-15,2004-10-05,266946.3095325965,rain_98_available,1.0,6.838973831690964e-13,4.263256414560601e-12,0.0,0.0,0.03354275471250856,581.24,80.0,0.0,15.830228311842996,211.45365771247435,93.93657162826818,0.0,0.0,0.0,227.85435374421087,80.0,0.0,321.22045765258554,10516.403535545543,19499.244246565417,359.9411943993777,472.1063830025807,6.306621891383202e-13,unvalidated-engineering-priors,fixed independent scenario factor; no N cycle,2004-08-13,2004-10-03,2004-10-03,physiological_maturity,R6_physiological_maturity,2004-06-16,seed_layer_available_water,50.0
12,ag_046_048,fallow,2004,2004-10-06,2004-10-11,266946.3095325965,rain_98_available,1.0,1.1501910535116622e-13,0.0,0.0,0.0,1.0,0.01,0.0,0.0,17.410274049124496,0.0,0.0,0.0,0.0,0.0,1.0453522248633833,0.0,0.0,17.410274049124496,0.0,0.0,472.1063830025807,453.6607567285928,1.687538997430238e-14,unvalidated-engineering-priors,fixed independent scenario factor; no N cycle,,,,right_censored,BBCH89_full_ripeness,,,
12,ag_046_048,wheat,2005,2004-10-12,2005-06-10,266946.3095325965,rain_98_available,0.75,2.1049828546892968e-13,3.126388037344441e-12,0.0,0.0,0.04267140235271844,134.46,225.0,0.0,200.9187106987605,265.29230651651824,32.62822499049815,0.0,0.0,0.0,26.600754160259978,225.0,0.0,498.8392422057769,8332.014356098643,18459.9829295936,453.6607567285928,287.68076036255667,-7.42572670020536e-13,unvalidated-engineering-priors,fixed independent scenario factor; no N cycle,2005-05-03,,2005-06-10,cut_before_maturity,BBCH89_full_ripeness,2004-10-12,seed_layer_available_water,50.0
12,ag_046_048,fallow,2005,2005-06-11,2005-06-14,266946.3095325965,rain_98_available,0.75,1.0347278589506459e-13,0.0,0.0,0.0,1.0,2.13,0.0,0.0,5.226981176046729,0.0,0.0,0.0,0.0,0.0,0.001996331746636588,0.0,0.0,5.226981176046729,0.0,0.0,287.68076036255667,284.58178285476333,-2.90878432451791e-14,unvalidated-engineering-priors,fixed independent scenario factor; no N cycle,,,,right_censored,BBCH89_full_ripeness,,,
12,ag_046_048,maize,2005,2005-06-15,2005-10-05,266946.3095325965,rain_98_available,0.75,6.934453011808728e-13,5.115907697472721e-12,0.0,0.0,0.03354275471250856,410.16,60.0,0.0,20.057211808816792,233.77559072282506,76.46922197461237,0.0,0.0,0.0,6.006309979417334,60.0,0.0,330.3020245062542,10410.008894747229,19623.240757185693,284.58178285476333,418.4334483690947,-2.9304336734981007e-12,unvalidated-engineering-priors,fixed independent scenario factor; no N cycle,2005-08-12,2005-09-29,2005-09-29,physiological_maturity,R6_physiological_maturity,2005-06-16,seed_layer_available_water,50.0
12,ag_046_048,fallow,2005,2005-10-06,2005-10-11,266946.3095325965,rain_98_available,0.75,6.261657858885883e-14,0.0,0.0,0.0,1.0,5.24,0.0,0.0,17.87517929359851,0.0,0.0,0.0,0.0,0.0,0.15965357436415772,0.0,0.0,17.87517929359851,0.0,0.0,418.4334483690947,405.638615501132,5.81756864903582e-14,unvalidated-engineering-priors,fixed independent scenario factor; no N cycle,,,,right_censored,BBCH89_full_ripeness,,,
12,ag_046_048,wheat,2006,2005-10-12,2006-06-10,266946.3095325965,rain_98_available,1.0,5.53335155473178e-13,3.865352482534945e-12,0.0,0.0,0.04267140235271844,97.5,300.0,0.0,182.3348785767426,263.2292663109675,37.19039305548531,0.0,0.0,0.0,10.5641139136633,300.0,0.0,482.7545379431954,8506.793586817881,18890.182787846177,405.638615501132,309.8199636442718,1.5089596239192815e-12,unvalidated-engineering-priors,fixed independent scenario factor; no N cycle,2006-05-02,,2006-06-10,cut_before_maturity,BBCH89_full_ripeness,2005-10-12,seed_layer_available_water,50.0
12,ag_046_048,fallow,2006,2006-06-11,2006-06-14,266946.3095325965,rain_98_available,1.0,1.3855583347321954e-13,0.0,0.0,0.0,1.0,12.29,0.0,0.0,11.897729260059876,0.0,0.0,0.0,0.0,0.0,0.0021236081867531363,0.0,0.0,11.897729260059876,0.0,0.0,309.8199636442718,310.2101107760253,-1.3788969965844444e-13,unvalidated-engineering-priors,fixed independent scenario factor; no N cycle,,,,right_censored,BBCH89_full_ripeness,,,
12,ag_046_048,maize,2006,2006-06-15,2006-10-05,266946.3095325965,rain_98_available,1.0,6.67021993194794e-13,3.169020601490047e-12,0.0,0.0,0.03354275471250856,407.64,80.0,0.0,19.90323566087706,213.83245391095252,80.03499005011658,0.0,0.0,0.0,26.83791672579458,80.0,0.0,313.77067962194616,9550.986266446243,17967.91871901405,310.2101107760253,457.2415144282811,3.4843794516348225e-12,unvalidated-engineering-priors,fixed independent scenario factor; no N cycle,2006-08-11,2006-09-27,2006-09-27,physiological_maturity,R6_physiological_maturity,2006-06-16,seed_layer_available_water,50.0
12,ag_046_048,fallow,2006,2006-10-06,2006-10-11,266946.3095325965,rain_98_available,1.0,1.1945999744966684e-13,0.0,0.0,0.0,1.0,0.02,0.0,0.0,13.666973453063532,0.0,0.0,0.0,0.0,0.0,1.4281889210145144,0.0,0.0,13.666973453063532,0.0,0.0,457.2415144282811,442.16635205420334,-2.8332891588433995e-13,unvalidated-engineering-priors,fixed independent scenario factor; no N cycle,,,,right_censored,BBCH89_full_ripeness,,,
12,ag_046_048,wheat,2007,2006-10-12,2007-06-10,266946.3095325965,rain_98_available,1.0,5.222489107836736e-13,4.604316927725449e-12,0.0,0.0,0.04267140235271844,136.82999999999998,300.0,0.0,185.1064610897847,312.33400235632047,29.410126631834153,0.0,0.0,0.0,29.15599239273174,300.0,0.0,526.8505900779393,10061.271553502444,22369.48074779818,442.16635205420334,322.98976958353035,1.9522716776521065e-12,unvalidated-engineering-priors,fixed independent scenario factor; no N cycle,2007-05-01,,2007-06-10,cut_before_maturity,BBCH89_full_ripeness,2006-10-12,seed_layer_available_water,50.0
12,ag_046_048,fallow,2007,2007-06-11,2007-06-14,266946.3095325965,rain_98_available,1.0,5.917488721252084e-14,0.0,0.0,0.0,1.0,0.2,0.0,0.0,3.7984974166110086,0.0,0.0,0.0,0.0,0.0,0.0035714535028541746,0.0,0.0,3.7984974166110086,0.0,0.0,322.98976958353035,319.3877007134165,-2.3092638912203256e-14,unvalidated-engineering-priors,fixed independent scenario factor; no N cycle,,,,right_censored,BBCH89_full_ripeness,,,
12,ag_046_048,maize,2007,2007-06-15,2007-10-05,266946.3095325965,rain_98_available,1.0,5.773159728050814e-13,4.632738637155853e-12,0.0,0.0,0.03354275471250856,366.45,80.0,0.0,17.01436152895069,235.21920793687664,82.72411037420535,0.0,0.0,0.0,1.360064269963216,80.0,0.0,334.9576798400327,10353.947213333207,20128.04592773857,319.3877007134165,429.5199566034225,-1.8891554987021664e-12,unvalidated-engineering-priors,fixed independent scenario factor; no N cycle,2007-08-11,2007-09-25,2007-09-25,physiological_maturity,R6_physiological_maturity,2007-06-16,seed_layer_available_water,50.0
12,ag_046_048,fallow,2007,2007-10-06,2007-10-11,266946.3095325965,rain_98_available,1.0,5.1736392947532295e-14,0.0,0.0,0.0,1.0,12.370000000000001,0.0,0.0,10.174303539999999,0.0,0.0,0.0,0.0,0.0,0.029071034141433617,0.0,0.0,10.174303539999999,0.0,0.0,429.5199566034225,431.68658202928094,1.1191048088221578e-13,unvalidated-engineering-priors,fixed independent scenario factor; no N cycle,,,,right_censored,BBCH89_full_ripeness,,,
12,ag_046_048,wheat,2008,2007-10-12,2008-06-10,266946.3095325965,rain_98_available,1.0,6.039613253960852e-13,4.320099833421409e-12,0.0,0.0,0.04267140235271844,188.29,300.0,0.0,213.1717708402354,231.83278143314826,44.558541761017175,0.0,0.0,0.0,19.281847743652147,300.0,0.0,489.5630940344008,7726.291538661859,17876.328046673232,431.68658202928094,411.13164025122876,-8.030243137113757e-13,unvalidated-engineering-priors,fixed independent scenario factor; no N cycle,2008-04-29,2008-06-07,2008-06-07,full_ripeness,BBCH89_full_ripeness,2007-10-12,seed_layer_available_water,50.0
12,ag_046_048,fallow,2008,2008-06-11,2008-06-14,266946.3095325965,rain_98_available,1.0,9.681144774731365e-14,0.0,0.0,0.0,1.0,12.620000000000001,0.0,0.0,13.569957961045048,0.0,0.0,0.0,0.0,0.0,0.11582046529777774,0.0,0.0,13.569957961045048,0.0,0.0,411.13164025122876,410.0658618248859,3.552713678800501e-15,unvalidated-engineering-priors,fixed independent scenario factor; no N cycle,,,,right_censored,BBCH89_full_ripeness,,,
12,ag_046_048,maize,2008,2008-06-15,2008-10-05,266946.3095325965,rain_98_available,1.0,6.705747068735946e-13,3.637978807091713e-12,0.0,0.0,0.03354275471250856,395.69,80.0,0.0,16.22663187587355,220.4062117741534,84.21705896273646,0.0,0.0,0.0,91.77250504976635,80.0,0.0,320.8499026127634,9903.861598956515,18945.44045814777,410.0658618248859,473.1334541623589,-2.7166602301065268e-12,unvalidated-engineering-priors,fixed independent scenario factor; no N cycle,2008-08-11,2008-09-26,2008-09-26,physiological_maturity,R6_physiological_maturity,2008-06-15,seed_layer_available_water,50.0
12,ag_046_048,fallow,2008,2008-10-06,2008-10-11,266946.3095325965,rain_98_available,1.0,9.814371537686384e-14,0.0,0.0,0.0,1.0,1.9000000000000001,0.0,0.0,16.27576585755369,0.0,0.0,0.0,0.0,0.0,1.1069605531283002,0.0,0.0,16.27576585755369,0.0,0.0,473.1334541623589,457.6507277516769,-4.1744385725905886e-14,unvalidated-engineering-priors,fixed independent scenario factor; no N cycle,,,,right_censored,BBCH89_full_ripeness,,,
12,ag_046_048,wheat,2009,2008-10-12,2009-06-10,266946.3095325965,rain_98_available,1.0,4.973799150320701e-13,4.320099833421409e-12,0.0,0.0,0.04267140235271844,124.48,300.0,0.0,194.13558657170626,269.69443724240716,33.15570351459696,0.0,0.0,0.0,32.3713755966585,300.0,0.0,496.98572732871037,8373.15911027896,18459.524319595635,457.6507277516769,352.77362482630775,2.9198865547641617e-13,unvalidated-engineering-priors,fixed independent scenario factor; no N cycle,2009-04-29,2009-06-07,2009-06-07,full_ripeness,BBCH89_full_ripeness,2008-10-12,seed_layer_available_water,50.0
12,ag_046_048,fallow,2009,2009-06-11,2009-06-14,266946.3095325965,rain_98_available,1.0,7.882583474838611e-14,0.0,0.0,0.0,1.0,0.25,0.0,0.0,3.540160803095466,0.0,0.0,0.0,0.0,0.0,0.029013945305511466,0.0,0.0,3.540160803095466,0.0,0.0,352.77362482630775,349.4544500779066,1.8984813721090177e-13,unvalidated-engineering-priors,fixed independent scenario factor; no N cycle,,,,right_censored,BBCH89_full_ripeness,,,
12,ag_046_048,maize,2009,2009-06-15,2009-10-05,266946.3095325965,rain_98_available,1.0,5.497824417943775e-13,6.139089236967266e-12,0.0,0.0,0.03354275471250856,384.82,80.0,0.0,18.720066079621247,258.2546331133204,76.40325114663064,0.0,0.0,0.0,11.877868757345782,80.0,0.0,353.37795033957224,10548.190927262545,20896.088383882765,349.4544500779066,449.0186309809874,1.155742168634788e-12,unvalidated-engineering-priors,fixed independent scenario factor; no N cycle,2009-08-13,2009-10-02,2009-10-02,physiological_maturity,R6_physiological_maturity,2009-06-16,seed_layer_available_water,50.0
12,ag_046_048,fallow,2009,2009-10-06,2009-10-11,266946.3095325965,rain_98_available,1.0,8.348877145181177e-14,0.0,0.0,0.0,1.0,0.21000000000000002,0.0,0.0,12.679914856920753,0.0,0.0,0.0,0.0,0.0,0.7335698414384366,0.0,0.0,12.679914856920753,0.0,0.0,449.0186309809874,435.81514628262806,1.283417816466681e-13,unvalidated-engineering-priors,fixed independent scenario factor; no N cycle,,,,right_censored,BBCH89_full_ripeness,,,
12,ag_046_048,wheat,2010,2009-10-12,2010-06-10,266946.3095325965,rain_98_available,1.0,5.151434834260726e-13,6.252776074688882e-12,0.0,0.0,0.04267140235271844,86.94,300.0,0.0,187.51802719943765,262.7270332806428,33.698108735739694,0.0,0.0,0.0,24.663928933028103,300.0,0.0,483.94316921582015,7438.688239074651,18580.24088233557,435.81514628262806,314.14804813378066,-8.462675005205256e-13,unvalidated-engineering-priors,fixed independent scenario factor; no N cycle,2010-05-13,,2010-06-10,cut_before_maturity,BBCH89_full_ripeness,2009-10-12,seed_layer_available_water,50.0
12,ag_046_048,fallow,2010,2010-06-11,2010-06-14,266946.3095325965,rain_98_available,1.0,9.026113190202523e-14,0.0,0.0,0.0,1.0,0.02,0.0,0.0,4.863908502695964,0.0,0.0,0.0,0.0,0.0,0.006896856061890265,0.0,0.0,4.863908502695964,0.0,0.0,314.14804813378066,309.29724277502294,-1.297850715786808e-13,unvalidated-engineering-priors,fixed independent scenario factor; no N cycle,,,,right_censored,BBCH89_full_ripeness,,,
12,ag_046_048,maize,2010,2010-06-15,2010-10-05,266946.3095325965,rain_98_available,1.0,4.982680934517703e-13,3.694822225952521e-12,0.0,0.0,0.03354275471250856,462.8,80.0,0.0,18.53398395912627,226.8136912722232,86.7366755187224,0.0,0.0,0.0,19.703530830532454,80.0,0.0,332.08435075007185,9925.191612884839,19272.8937544208,309.29724277502294,500.30936119441725,1.3671286325234178e-12,unvalidated-engineering-priors,fixed independent scenario factor; no N cycle,2010-08-12,2010-09-30,2010-09-30,physiological_maturity,R6_physiological_maturity,2010-06-16,seed_layer_available_water,50.0
12,ag_046_048,fallow,2010,2010-10-06,2010-10-11,266946.3095325965,rain_98_available,1.0,7.327471962526033e-14,0.0,0.0,0.0,1.0,0.3,0.0,0.0,18.48005236204805,0.0,0.0,0.0,0.0,0.0,2.608385649699816,0.0,0.0,18.48005236204805,0.0,0.0,500.30936119441725,479.52092318266955,-1.652011860642233e-13,unvalidated-engineering-priors,fixed independent scenario factor; no N cycle,,,,right_censored,BBCH89_full_ripeness,,,
12,ag_046_048,wheat,2011,2010-10-12,2011-06-10,266946.3095325965,rain_98_available,1.0,4.982680934517703e-13,4.220623850414995e-12,0.0,0.0,0.04267140235271844,58.72,300.0,0.0,177.07010272532054,293.54618558110866,16.6464138311994,0.0,0.0,0.0,49.117083444484315,300.0,0.0,487.2627021376286,8582.043025630795,18749.88196195223,479.52092318266955,301.8611376005553,1.3127832154680164e-12,unvalidated-engineering-priors,fixed independent scenario factor; no N cycle,2011-05-02,2011-06-10,2011-06-10,full_ripeness,BBCH89_full_ripeness,2010-10-12,seed_layer_available_water,50.0
12,ag_046_048,fallow,2011,2011-06-11,2011-06-14,266946.3095325965,rain_98_available,1.0,8.737455203799982e-14,0.0,0.0,0.0,1.0,0.23,0.0,0.0,2.47085949620843,0.0,0.0,0.0,0.0,0.0,0.002552976273448276,0.0,0.0,2.47085949620843,0.0,0.0,301.8611376005553,299.61772512807346,-2.7644553313166398e-14,unvalidated-engineering-priors,fixed independent scenario factor; no N cycle,,,,right_censored,BBCH89_full_ripeness,,,
12,ag_046_048,maize,2011,2011-06-15,2011-10-05,266946.3095325965,rain_98_available,1.0,5.657696533489798e-13,5.172751116333529e-12,0.0,0.0,0.03354275471250856,404.71,80.0,0.0,19.28752062367145,210.25030625311345,97.3011441175337,0.0,0.0,0.0,6.943952118338514,80.0,0.0,326.8389709943186,10751.051610039196,19831.166007782227,299.61772512807346,450.544802015415,1.3886669592011458e-12,unvalidated-engineering-priors,fixed independent scenario factor; no N cycle,2011-08-12,2011-10-04,2011-10-04,physiological_maturity,R6_physiological_maturity,2011-06-16,seed_layer_available_water,50.0
12,ag_046_048,fallow,2011,2011-10-06,2011-10-11,266946.3095325965,rain_98_available,1.0,9.50350909079134e-14,0.0,0.0,0.0,1.0,4.25,0.0,0.0,14.769328841489788,0.0,0.0,0.0,0.0,0.0,0.5258619339534875,0.0,0.0,14.769328841489788,0.0,0.0,450.544802015415,439.49961123997167,2.7200464103316335e-14,unvalidated-engineering-priors,fixed independent scenario factor; no N cycle,,,,right_censored,BBCH89_full_ripeness,,,
12,ag_046_048,wheat,2012,2011-10-12,2012-06-10,266946.3095325965,rain_98_available,1.0,5.542233338928781e-13,5.4853899200679734e-12,0.0,0.0,0.04267140235271844,123.3,300.0,0.0,211.1661782626888,260.76368614201755,27.354996947556216,0.0,0.0,0.0,27.23597432386067,300.0,0.0,499.2848613522625,8310.586299007535,18766.28172694042,439.49961123997167,336.2787755638469,1.5916157281026244e-12,unvalidated-engineering-priors,fixed independent scenario factor; no N cycle,2012-05-03,,2012-06-10,cut_before_maturity,BBCH89_full_ripeness,2011-10-12,seed_layer_available_water,50.0
12,ag_046_048,fallow,2012,2012-06-11,2012-06-14,266946.3095325965,rain_98_available,1.0,9.259260025373806e-14,0.0,0.0,0.0,1.0,0.54,0.0,0.0,3.7591859873768545,0.0,0.0,0.0,0.0,0.0,0.012303905214254986,0.0,0.0,3.7591859873768545,0.0,0.0,336.2787755638469,333.04728567125574,7.505107646466058e-14,unvalidated-engineering-priors,fixed independent scenario factor; no N cycle,,,,right_censored,BBCH89_full_ripeness,,,
12,ag_046_048,maize,2012,2012-06-15,2012-10-05,266946.3095325965,rain_98_available,1.0,6.803446694902959e-13,2.7284841053187847e-12,0.0,0.0,0.03354275471250856,564.13,80.0,0.0,20.443159176992822,178.10354086947612,83.0878414040985,0.0,0.0,0.0,188.37141514143073,80.0,0.0,281.63454145056744,8441.83256725015,17119.874219120124,333.04728567125574,507.1713290792538,3.779254686975264e-12,unvalidated-engineering-priors,fixed independent scenario factor; no N cycle,2012-08-11,2012-10-01,2012-10-01,physiological_maturity,R6_physiological_maturity,2012-06-16,seed_layer_available_water,50.0
12,ag_046_048,fallow,2012,2012-10-06,2012-10-11,266946.3095325965,rain_98_available,1.0,7.593925488436071e-14,0.0,0.0,0.0,1.0,0.73,0.0,0.0,18.116887397435622,0.0,0.0,0.0,0.0,0.0,3.2796460083663233,0.0,0.0,18.116887397435622,0.0,0.0,507.1713290792538,486.5047956734518,5.284661597215745e-14,unvalidated-engineering-priors,fixed independent scenario factor; no N cycle,,,,right_censored,BBCH89_full_ripeness,,,
12,ag_046_048,wheat,2013,2012-10-12,2013-06-10,266946.3095325965,rain_98_available,0.75,5.444533712761768e-13,3.780087354243733e-12,0.0,0.0,0.04267140235271844,147.31,225.0,0.0,204.7476108279895,260.7020535302211,34.68772387619653,0.0,0.0,0.0,48.77240655880506,225.0,0.0,500.1373882344071,7977.935039348782,18929.258730027548,486.5047956734518,309.9050008802383,1.300848317953296e-12,unvalidated-engineering-priors,fixed independent scenario factor; no N cycle,2013-05-08,,2013-06-10,cut_before_maturity,BBCH89_full_ripeness,2012-10-12,seed_layer_available_water,50.0
12,ag_046_048,fallow,2013,2013-06-11,2013-06-14,266946.3095325965,rain_98_available,0.75,7.37188088351104e-14,0.0,0.0,0.0,1.0,0.06,0.0,0.0,15.204897269577334,0.0,0.0,0.0,0.0,0.0,0.0036389130818633344,0.0,0.0,15.204897269577334,0.0,0.0,309.9050008802383,294.756464697579,5.995204332975845e-14,unvalidated-engineering-priors,fixed independent scenario factor; no N cycle,,,,right_censored,BBCH89_full_ripeness,,,
12,ag_046_048,maize,2013,2013-06-15,2013-10-05,266946.3095325965,rain_98_available,0.75,6.679101716144942e-13,6.991740519879386e-12,0.0,0.0,0.03354275471250856,422.88,60.0,0.0,17.79459416213725,239.15318222898424,68.58624324239234,0.0,0.0,0.0,17.503232504021412,60.0,0.0,325.5340196335138,9861.484784103373,18712.540896380448,294.756464697579,434.59921256004776,-3.9801217877055706e-12,unvalidated-engineering-priors,fixed independent scenario factor; no N cycle,2013-08-12,2013-09-28,2013-09-28,physiological_maturity,R6_physiological_maturity,2013-06-16,seed_layer_available_water,50.0
12,ag_046_048,fallow,2013,2013-10-06,2013-10-11,266946.3095325965,rain_98_available,0.75,1.141309269314661e-13,0.0,0.0,0.0,1.0,0.69,0.0,0.0,16.982167193515565,0.0,0.0,0.0,0.0,0.0,0.21834683549946707,0.0,0.0,16.982167193515565,0.0,0.0,434.59921256004776,418.08869853103283,-1.0436096431476471e-13,unvalidated-engineering-priors,fixed independent scenario factor; no N cycle,,,,right_censored,BBCH89_full_ripeness,,,
12,ag_046_048,wheat,2014,2013-10-12,2014-06-10,266946.3095325965,rain_98_available,1.0,5.027089855502709e-13,4.291678123991005e-12,0.0,0.0,0.04267140235271844,97.85,300.0,0.0,185.3195554631703,241.74510349326965,35.115885058593406,0.0,0.0,0.0,18.989925637970686,300.0,0.0,462.1805440150334,7865.369486298288,17641.163046437803,418.08869853103283,334.7682288780258,2.972011525770313e-12,unvalidated-engineering-priors,fixed independent scenario factor; no N cycle,2014-04-25,2014-06-06,2014-06-06,full_ripeness,BBCH89_full_ripeness,2013-10-12,seed_layer_available_water,50.0
12,ag_046_048,fallow,2014,2014-06-11,2014-06-14,266946.3095325965,rain_98_available,1.0,3.042011087472929e-14,0.0,0.0,0.0,1.0,0.72,0.0,0.0,2.510952784162032,0.0,0.0,0.0,0.0,0.0,0.01348568209632014,0.0,0.0,2.510952784162032,0.0,0.0,334.7682288780258,332.96379041176755,-9.00390872971002e-14,unvalidated-engineering-priors,fixed independent scenario factor; no N cycle,,,,right_censored,BBCH89_full_ripeness,,,
12,ag_046_048,maize,2014,2014-06-15,2014-10-05,266946.3095325965,rain_98_available,1.0,7.465139617579553e-13,4.931166586175095e-12,0.0,0.0,0.03354275471250856,264.28000000000003,80.0,0.0,17.269378080100786,244.86245686776138,73.50324360108083,0.0,0.0,0.0,3.5546758391703626,80.0,0.0,335.635078548943,9652.1328596196,19235.806579190303,332.96379041176755,338.0540360236538,3.867739462037889e-13,unvalidated-engineering-priors,fixed independent scenario factor; no N cycle,2014-08-12,2014-09-29,2014-09-29,physiological_maturity,R6_physiological_maturity,2014-06-16,seed_layer_available_water,50.0
12,ag_046_048,fallow,2014,2014-10-06,2014-10-11,266946.3095325965,rain_98_available,1.0,1.2168044349891716e-13,0.0,0.0,0.0,1.0,0.0,0.0,0.0,14.01781450272264,0.0,0.0,0.0,0.0,0.0,0.0051850482426867755,0.0,0.0,14.01781450272264,0.0,0.0,338.0540360236538,324.0310364726883,1.6697754290362354e-13,unvalidated-engineering-priors,fixed independent scenario factor; no N cycle,,,,right_censored,BBCH89_full_ripeness,,,
12,ag_046_048,wheat,2015,2014-10-12,2015-06-10,266946.3095325965,rain_98_available,1.0,2.815525590449397e-13,3.467448550509289e-12,0.0,0.0,0.04267140235271844,125.44,300.0,0.0,194.46670988414826,206.81330134968965,41.546521657030375,0.0,0.0,0.0,0.5082485420091604,300.0,0.0,442.8265328908683,6690.643343242466,15386.922897706494,324.0310364726883,306.13625503980984,1.0231815394945443e-12,unvalidated-engineering-priors,fixed independent scenario factor; no N cycle,2015-04-30,2015-06-09,2015-06-09,full_ripeness,BBCH89_full_ripeness,2014-10-12,seed_layer_available_water,50.0
12,ag_046_048,fallow,2015,2015-06-11,2015-06-14,266946.3095325965,rain_98_available,1.0,1.5526468999382814e-13,0.0,0.0,0.0,1.0,0.06999999999999999,0.0,0.0,2.7493535239016675,0.0,0.0,0.0,0.0,0.0,0.0021331459741237655,0.0,0.0,2.7493535239016675,0.0,0.0,306.13625503980984,303.45476836993424,-1.9478862967048372e-13,unvalidated-engineering-priors,fixed independent scenario factor; no N cycle,,,,right_censored,BBCH89_full_ripeness,,,
12,ag_046_048,maize,2015,2015-06-15,2015-10-05,266946.3095325965,rain_98_available,1.0,6.927791673660977e-13,3.979039320256561e-12,0.0,0.0,0.03354275471250856,378.26,80.0,0.0,19.5688236676669,205.3739393638144,87.63553114140763,0.0,0.0,0.0,5.935934703123789,80.0,0.0,312.57829417288895,9739.635762059568,18464.698638166068,303.45476836993424,443.2005394939221,-6.014078124394473e-13,unvalidated-engineering-priors,fixed independent scenario factor; no N cycle,2015-08-12,2015-09-30,2015-09-30,physiological_maturity,R6_physiological_maturity,2015-06-16,seed_layer_available_water,50.0
12,ag_046_048,fallow,2015,2015-10-06,2015-10-11,266946.3095325965,rain_98_available,1.0,1.056932319443149e-13,0.0,0.0,0.0,1.0,0.01,0.0,0.0,17.891855308510525,0.0,0.0,0.0,0.0,0.0,0.5351874567367706,0.0,0.0,17.891855308510525,0.0,0.0,443.2005394939221,424.7834967286748,5.062616992290714e-14,unvalidated-engineering-priors,fixed independent scenario factor; no N cycle,,,,right_censored,BBCH89_full_ripeness,,,
12,ag_046_048,wheat,2016,2015-10-12,2016-06-10,266946.3095325965,rain_98_available,1.0,6.226130722097878e-13,3.353761712787673e-12,0.0,0.0,0.04267140235271844,143.35999999999999,300.0,0.0,234.24167141331836,265.4918676757109,22.541608958741566,0.0,0.0,0.0,26.911625661166816,300.0,0.0,522.2751480477708,8275.692685970278,18470.650070531243,424.7834967286748,318.9567230197363,8.325562461664049e-13,unvalidated-engineering-priors,fixed independent scenario factor; no N cycle,2016-04-29,2016-06-05,2016-06-05,full_ripeness,BBCH89_full_ripeness,2015-10-13,seed_layer_available_water,50.0
12,ag_046_048,fallow,2016,2016-06-11,2016-06-14,266946.3095325965,rain_98_available,1.0,6.838973831690964e-14,0.0,0.0,0.0,1.0,13.94,0.0,0.0,9.169735006794571,0.0,0.0,0.0,0.0,0.0,0.004542275789967492,0.0,0.0,9.169735006794571,0.0,0.0,318.9567230197363,323.7224457371518,-8.104628079763643e-14,unvalidated-engineering-priors,fixed independent scenario factor; no N cycle,,,,right_censored,BBCH89_full_ripeness,,,
12,ag_046_048,maize,2016,2016-06-15,2016-10-05,266946.3095325965,rain_98_available,1.0,1.0942358130705543e-12,3.240074875066057e-12,0.0,0.0,0.03354275471250856,559.91,80.0,0.0,18.887580988250374,190.60115562203555,99.43071844871943,0.0,0.0,0.0,181.71131702615253,80.0,0.0,308.9194550590054,9218.233521664572,17489.453815015244,323.7224457371518,473.0016736519923,1.6144863224099026e-12,unvalidated-engineering-priors,fixed independent scenario factor; no N cycle,2016-08-10,2016-09-24,2016-09-24,physiological_maturity,R6_physiological_maturity,2016-06-15,seed_layer_available_water,50.0
12,ag_046_048,fallow,2016,2016-10-06,2016-10-11,266946.3095325965,rain_98_available,1.0,9.192646643896296e-14,0.0,0.0,0.0,1.0,15.629999999999999,0.0,0.0,15.784294,0.0,0.0,0.0,0.0,0.0,1.9580615236940917,0.0,0.0,15.784294,0.0,0.0,473.0016736519923,470.889318128298,2.1316282072803006e-13,unvalidated-engineering-priors,fixed independent scenario factor; no N cycle,,,,right_censored,BBCH89_full_ripeness,,,
12,ag_046_048,wheat,2017,2016-10-12,2017-06-10,266946.3095325965,rain_98_available,0.75,5.231370892033738e-13,4.263256414560601e-12,0.0,0.0,0.04267140235271844,122.28999999999999,225.0,0.0,206.9278102529077,263.4091936045891,26.481872813660843,0.0,0.0,0.0,44.91813254841483,225.0,0.0,496.8188766711576,8125.549110197632,18509.990681030016,470.889318128298,276.44230890872467,8.450462551934379e-13,unvalidated-engineering-priors,fixed independent scenario factor; no N cycle,2017-04-30,2017-06-06,2017-06-06,full_ripeness,BBCH89_full_ripeness,2016-10-12,seed_layer_available_water,50.0
12,ag_046_048,fallow,2017,2017-06-11,2017-06-14,266946.3095325965,rain_98_available,0.75,3.730349362740526e-14,0.0,0.0,0.0,1.0,17.919999999999998,0.0,0.0,9.704462916999956,0.0,0.0,0.0,0.0,0.0,0.0017392934386247076,0.0,0.0,9.704462916999956,0.0,0.0,276.44230890872467,284.6561066982861,-3.530509218307998e-14,unvalidated-engineering-priors,fixed independent scenario factor; no N cycle,,,,right_censored,BBCH89_full_ripeness,,,
12,ag_046_048,maize,2017,2017-06-15,2017-10-05,266946.3095325965,rain_98_available,0.75,4.765077221691172e-13,3.637978807091713e-12,0.0,0.0,0.03354275471250856,314.18,60.0,0.0,18.03272067823624,236.5414981559231,90.17759403612806,0.0,0.0,0.0,0.14651979576384186,60.0,0.0,344.7518128702874,9783.766724119647,19641.367574488104,284.6561066982861,313.9377740322343,5.810907310888069e-13,unvalidated-engineering-priors,fixed independent scenario factor; no N cycle,2017-08-12,2017-09-26,2017-09-26,physiological_maturity,R6_physiological_maturity,2017-06-15,seed_layer_available_water,50.0
12,ag_046_048,fallow,2017,2017-10-06,2017-10-11,266946.3095325965,rain_98_available,0.75,9.059419880941277e-14,0.0,0.0,0.0,1.0,58.38,0.0,0.0,8.15267617,0.0,0.0,0.0,0.0,0.0,0.0015992352632911778,0.0,0.0,8.15267617,0.0,0.0,313.9377740322343,364.1634986269712,-1.9406698470447736e-13,unvalidated-engineering-priors,fixed independent scenario factor; no N cycle,,,,right_censored,BBCH89_full_ripeness,,,
12,ag_046_048,wheat,2018,2017-10-12,2018-06-10,266946.3095325965,rain_98_available,1.0,5.355715870791755e-13,3.296918293926865e-12,0.0,0.0,0.04267140235271844,212.49,300.0,0.0,208.62563319766122,218.05578825872692,34.625081152768885,0.0,0.0,0.0,4.6748594985299095,300.0,0.0,461.306502609157,7002.404835971331,15893.248877910099,364.1634986269712,410.6721365192838,4.793110353062957e-13,unvalidated-engineering-priors,fixed independent scenario factor; no N cycle,2018-04-30,2018-06-09,2018-06-09,full_ripeness,BBCH89_full_ripeness,2017-10-12,seed_layer_available_water,50.0
12,ag_046_048,fallow,2018,2018-06-11,2018-06-14,266946.3095325965,rain_98_available,1.0,7.549516567451064e-14,0.0,0.0,0.0,1.0,0.39,0.0,0.0,12.760884877508165,0.0,0.0,0.0,0.0,0.0,0.13055705131531187,0.0,0.0,12.760884877508165,0.0,0.0,410.6721365192838,398.1706945904604,-8.08242361927114e-14,unvalidated-engineering-priors,fixed independent scenario factor; no N cycle,,,,right_censored,BBCH89_full_ripeness,,,
12,ag_046_048,maize,2018,2018-06-15,2018-10-05,266946.3095325965,rain_98_available,1.0,5.435651928564766e-13,4.433786671143025e-12,0.0,0.0,0.03354275471250856,293.81,80.0,0.0,19.141381651783,240.9756095856894,79.84536483856046,0.0,0.0,0.0,22.886708114363152,80.0,0.0,339.96235607603285,9630.519131718855,17951.566438322006,398.1706945904604,409.1316304000651,-6.774025784750393e-13,unvalidated-engineering-priors,fixed independent scenario factor; no N cycle,2018-08-11,2018-09-26,2018-09-26,physiological_maturity,R6_physiological_maturity,2018-06-16,seed_layer_available_water,50.0
12,ag_046_048,fallow,2018,2018-10-06,2018-10-11,266946.3095325965,rain_98_available,1.0,8.881784197001252e-14,0.0,0.0,0.0,1.0,0.0,0.0,0.0,12.336701622784629,0.0,0.0,0.0,0.0,0.0,0.3449912915710878,0.0,0.0,12.336701622784629,0.0,0.0,409.1316304000651,396.44993748570937,4.440892098500626e-15,unvalidated-engineering-priors,fixed independent scenario factor; no N cycle,,,,right_censored,BBCH89_full_ripeness,,,
12,ag_046_048,wheat,2019,2018-10-12,2019-06-10,266946.3095325965,rain_98_available,1.0,5.719869022868806e-13,4.696687483374262e-12,0.0,0.0,0.04267140235271844,130.59,300.0,0.0,190.5181527932505,261.23517060233775,24.666092765467628,0.0,0.0,0.0,11.170649675430987,300.0,0.0,476.41941616105584,7517.589915860169,17797.343289703615,396.44993748570937,339.4498716492231,-5.654365864415922e-13,unvalidated-engineering-priors,fixed independent scenario factor; no N cycle,2019-05-01,,2019-06-10,cut_before_maturity,BBCH89_full_ripeness,2018-10-13,seed_layer_available_water,50.0
12,ag_046_048,fallow,2019,2019-06-11,2019-06-14,266946.3095325965,rain_98_available,1.0,5.040412531798211e-14,0.0,0.0,0.0,1.0,0.67,0.0,0.0,8.519675521425725,0.0,0.0,0.0,0.0,0.0,0.0054631579957358945,0.0,0.0,8.519675521425725,0.0,0.0,339.4498716492231,331.5947329698016,2.4202861936828413e-14,unvalidated-engineering-priors,fixed independent scenario factor; no N cycle,,,,right_censored,BBCH89_full_ripeness,,,
12,ag_046_048,maize,2019,2019-06-15,2019-10-05,266946.3095325965,rain_98_available,1.0,5.186961971048731e-13,6.536993168992922e-12,0.0,0.0,0.03354275471250856,263.21,80.0,0.0,19.011943288534965,261.9592634350988,81.50468778386319,0.0,0.0,0.0,1.0760585471976911,80.0,0.0,362.47589450749695,10308.615379972141,20089.929614554887,331.5947329698016,311.25277991510774,-7.579492589115944e-13,unvalidated-engineering-priors,fixed independent scenario factor; no N cycle,2019-08-12,2019-09-27,2019-09-27,physiological_maturity,R6_physiological_maturity,2019-06-16,seed_layer_available_water,50.0
12,ag_046_048,fallow,2019,2019-10-06,2019-10-11,266946.3095325965,rain_98_available,1.0,9.769962616701378e-14,0.0,0.0,0.0,1.0,3.14,0.0,0.0,12.12598984290753,0.0,0.0,0.0,0.0,0.0,0.004214391287991343,0.0,0.0,12.12598984290753,0.0,0.0,311.25277991510774,302.26257568091216,5.306866057708248e-14,unvalidated-engineering-priors,fixed independent scenario factor; no N cycle,,,,right_censored,BBCH89_full_ripeness,,,
12,ag_046_048,wheat,2020,2019-10-12,2020-06-10,266946.3095325965,rain_98_available,1.0,5.74651437545981e-13,3.069544618483633e-12,0.0,0.0,0.04267140235271844,157.45000000000002,300.0,0.0,192.07317604553373,214.74843488732787,30.645923402600218,0.0,0.0,0.0,0.30999221851125713,300.0,0.0,437.46753433546183,7128.355819561237,15794.206081732109,302.26257568091216,321.9350491269387,4.3348657996489237e-13,unvalidated-engineering-priors,fixed independent scenario factor; no N cycle,2020-04-29,2020-06-06,2020-06-06,full_ripeness,BBCH89_full_ripeness,2019-10-12,seed_layer_available_water,50.0
12,ag_046_048,fallow,2020,2020-06-11,2020-06-14,266946.3095325965,rain_98_available,1.0,9.447997939560082e-14,0.0,0.0,0.0,1.0,0.4,0.0,0.0,2.471468071440162,0.0,0.0,0.0,0.0,0.0,0.005313775307535804,0.0,0.0,2.471468071440162,0.0,0.0,321.9350491269387,319.8582672801909,9.43689570931383e-14,unvalidated-engineering-priors,fixed independent scenario factor; no N cycle,,,,right_censored,BBCH89_full_ripeness,,,
12,ag_046_048,maize,2020,2020-06-15,2020-10-05,266946.3095325965,rain_98_available,1.0,7.149836278586008e-13,2.5863755581667647e-12,0.0,0.0,0.03354275471250856,439.35,80.0,0.0,19.312440683305102,201.99728822315535,67.73753399720614,0.0,0.0,0.0,53.27512046528588,80.0,0.0,289.0472629036666,8829.257381667629,17029.297358966112,319.8582672801909,496.885883911237,1.4183099139586375e-12,unvalidated-engineering-priors,fixed independent scenario factor; no N cycle,2020-08-12,2020-09-28,2020-09-28,physiological_maturity,R6_physiological_maturity,2020-06-16,seed_layer_available_water,50.0
12,ag_046_048,fallow,2020,2020-10-06,2020-10-11,266946.3095325965,rain_98_available,1.0,9.14823772291129e-14,0.0,0.0,0.0,1.0,0.08,0.0,0.0,15.605307033648975,0.0,0.0,0.0,0.0,0.0,2.021208475878178,0.0,0.0,15.605307033648975,0.0,0.0,496.885883911237,479.3393684017098,2.9753977059954195e-14,unvalidated-engineering-priors,fixed independent scenario factor; no N cycle,,,,right_censored,BBCH89_full_ripeness,,,
12,ag_046_048,wheat,2021,2020-10-12,2021-06-10,266946.3095325965,rain_98_available,1.0,6.09734485124136e-13,4.604316927725449e-12,0.0,0.0,0.04267140235271844,100.67,300.0,0.0,195.58011072524587,284.75052426226637,25.695716143965285,0.0,0.0,0.0,47.539906154460795,300.0,0.0,506.0263511314775,8607.225100663518,19759.70897427216,479.3393684017098,326.44311111577025,1.2477796573762134e-12,unvalidated-engineering-priors,fixed independent scenario factor; no N cycle,2021-04-27,2021-06-03,2021-06-03,full_ripeness,BBCH89_full_ripeness,2020-10-12,seed_layer_available_water,50.0
12,ag_046_048,fallow,2021,2021-06-11,2021-06-14,266946.3095325965,rain_98_available,1.0,1.6253665080512292e-13,0.0,0.0,0.0,1.0,5.25,0.0,0.0,8.901455581193328,0.0,0.0,0.0,0.0,0.0,0.0055795680640214505,0.0,0.0,8.901455581193328,0.0,0.0,326.44311111577025,322.78607596651307,-1.667554982986985e-13,unvalidated-engineering-priors,fixed independent scenario factor; no N cycle,,,,right_censored,BBCH89_full_ripeness,,,
12,ag_046_048,maize,2021,2021-06-15,2021-10-05,266946.3095325965,rain_98_available,1.0,5.728750807065808e-13,6.679101716144942e-12,1.4210854715202004e-14,0.0,0.03354275471250856,578.99,80.0,0.0,17.959220488505753,202.2033466745097,92.25919977303808,0.0,0.0,0.0,23.458506541831277,80.0,0.0,312.42176693605353,9025.627068731616,17959.90491098261,322.78607596651307,645.89580248863,-1.7501555760190968e-12,unvalidated-engineering-priors,fixed independent scenario factor; no N cycle,2021-08-10,2021-09-24,2021-09-24,physiological_maturity,R6_physiological_maturity,2021-06-15,seed_layer_available_water,50.0
12,ag_046_048,fallow,2021,2021-10-06,2021-10-11,266946.3095325965,rain_98_available,1.0,1.794120407794253e-13,0.0,0.0,0.0,1.0,34.75,0.0,0.0,11.443648099999999,0.0,0.0,0.0,0.0,0.0,50.55348690779423,0.0,0.0,11.443648099999999,0.0,0.0,645.89580248863,618.6486674808353,4.4142467459096224e-13,unvalidated-engineering-priors,fixed independent scenario factor; no N cycle,,,,right_censored,BBCH89_full_ripeness,,,
12,ag_046_048,wheat,2022,2021-10-12,2022-06-10,266946.3095325965,rain_98_available,0.75,4.858335955759685e-13,4.916955731459893e-12,0.0,0.0,0.04267140235271844,99.78,225.0,0.0,194.58989698242394,288.0707013163986,20.839361942496176,0.0,0.0,0.0,159.6145766954693,225.0,0.0,503.49996024131866,8723.51843626895,19373.297142333504,618.6486674808353,280.3141305440478,-4.620748228489902e-13,unvalidated-engineering-priors,fixed independent scenario factor; no N cycle,2022-04-27,2022-06-09,2022-06-09,full_ripeness,BBCH89_full_ripeness,2021-10-12,seed_layer_available_water,50.0
12,ag_046_048,fallow,2022,2022-06-11,2022-06-14,266946.3095325965,rain_98_available,0.75,7.482903185973555e-14,0.0,0.0,0.0,1.0,2.87,0.0,0.0,3.5167453601741574,0.0,0.0,0.0,0.0,0.0,0.0016119239896152573,0.0,0.0,3.5167453601741574,0.0,0.0,280.3141305440478,279.665773259884,3.519406988061746e-14,unvalidated-engineering-priors,fixed independent scenario factor; no N cycle,,,,right_censored,BBCH89_full_ripeness,,,
12,ag_046_048,maize,2022,2022-06-15,2022-10-05,266946.3095325965,rain_98_available,0.75,4.902744876744691e-13,3.0411229090532288e-12,0.0,0.0,0.03354275471250856,512.52,60.0,0.0,20.154849088748147,225.63046219190232,67.53044800053199,0.0,0.0,0.0,43.68053190693826,60.0,0.0,313.31575928118247,9561.445100293033,18001.113173618403,279.665773259884,495.1894820717604,2.9247715360725124e-12,unvalidated-engineering-priors,fixed independent scenario factor; no N cycle,2022-08-13,2022-09-28,2022-09-28,physiological_maturity,R6_physiological_maturity,2022-06-16,seed_layer_available_water,50.0
12,ag_046_048,fallow,2022,2022-10-06,2022-10-11,266946.3095325965,rain_98_available,0.75,1.1901590823981678e-13,0.0,0.0,0.0,1.0,0.06,0.0,0.0,19.0835539,0.0,0.0,0.0,0.0,0.0,0.8671699300457476,0.0,0.0,19.0835539,0.0,0.0,495.1894820717604,475.2987582417147,-8.881784197001252e-14,unvalidated-engineering-priors,fixed independent scenario factor; no N cycle,,,,right_censored,BBCH89_full_ripeness,,,
12,ag_046_048,wheat,2023,2022-10-12,2023-06-10,266946.3095325965,rain_98_available,1.0,6.59916565837193e-13,3.751665644813329e-12,0.0,0.0,0.04267140235271844,142.95,300.0,0.0,214.60801993180448,239.05185565523493,37.51650262771499,0.0,0.0,0.0,44.55023385873119,300.0,0.0,491.17637821475444,7705.040207878441,17360.462431895503,475.2987582417147,382.5221461682302,-1.1077805339709812e-12,unvalidated-engineering-priors,fixed independent scenario factor; no N cycle,2023-04-28,2023-06-04,2023-06-04,full_ripeness,BBCH89_full_ripeness,2022-10-12,seed_layer_available_water,50.0
12,ag_046_048,fallow,2023,2023-06-11,2023-06-14,266946.3095325965,rain_98_available,1.0,5.284661597215745e-14,0.0,0.0,0.0,1.0,0.8699999999999999,0.0,0.0,3.8811922438807906,0.0,0.0,0.0,0.0,0.0,0.10635830628548634,0.0,0.0,3.8811922438807906,0.0,0.0,382.5221461682302,379.40459561806387,7.926992395823618e-14,unvalidated-engineering-priors,fixed independent scenario factor; no N cycle,,,,right_censored,BBCH89_full_ripeness,,,
12,ag_046_048,maize,2023,2023-06-15,2023-10-05,266946.3095325965,rain_98_available,1.0,6.625811010962934e-13,3.979039320256561e-12,0.0,0.0,0.03354275471250856,371.64,80.0,0.0,19.439531094112642,256.32085987190993,81.65770657460749,0.0,0.0,0.0,40.26498686896909,80.0,0.0,357.4180975406301,10108.584253078518,20414.278183077906,379.40459561806387,433.3615112084646,8.515410598874951e-14,unvalidated-engineering-priors,fixed independent scenario factor; no N cycle,2023-08-13,2023-09-27,2023-09-27,physiological_maturity,R6_physiological_maturity,2023-06-16,seed_layer_available_water,50.0
12,ag_046_048,fallow,2023,2023-10-06,2023-10-11,266946.3095325965,rain_98_available,1.0,6.394884621840902e-14,0.0,0.0,0.0,1.0,0.01,0.0,0.0,13.220230136063746,0.0,0.0,0.0,0.0,0.0,0.6174955610931372,0.0,0.0,13.220230136063746,0.0,0.0,433.3615112084646,419.5337855113078,-1.0391687510491465e-13,unvalidated-engineering-priors,fixed independent scenario factor; no N cycle,,,,right_censored,BBCH89_full_ripeness,,,
12,ag_046_048,wheat,2024,2023-10-12,2024-06-10,266946.3095325965,rain_98_available,1.0,6.785683126508957e-13,2.5721647034515627e-12,0.0,0.0,0.04267140235271844,105.38,300.0,0.0,196.8979990728284,250.27457716083825,37.054384985901066,0.0,0.0,0.0,18.53228089620603,300.0,0.0,484.2269612195677,8281.497992651286,18525.882523628396,419.5337855113078,322.15454339553395,1.1896039708858552e-13,unvalidated-engineering-priors,fixed independent scenario factor; no N cycle,2024-04-28,2024-06-07,2024-06-07,full_ripeness,BBCH89_full_ripeness,2023-10-12,seed_layer_available_water,50.0
12,ag_046_048,fallow,2024,2024-06-11,2024-06-14,266946.3095325965,rain_98_available,1.0,8.404388296412435e-14,0.0,0.0,0.0,1.0,0.37,0.0,0.0,3.0542012123760585,0.0,0.0,0.0,0.0,0.0,0.0062860807277933806,0.0,0.0,3.0542012123760585,0.0,0.0,322.15454339553395,319.4640561024299,2.1815882433884326e-13,unvalidated-engineering-priors,fixed independent scenario factor; no N cycle,,,,right_censored,BBCH89_full_ripeness,,,
12,ag_046_048,maize,2024,2024-06-15,2024-10-05,266946.3095325965,rain_98_available,1.0,4.3520742565306136e-13,2.9558577807620168e-12,0.0,0.0,0.03354275471250856,421.52,80.0,0.0,20.223805638284873,218.25319053252878,82.53092058648933,0.0,0.0,0.0,7.258374934759843,80.0,0.0,321.007916757303,9236.197715332868,17907.201754118054,319.4640561024299,492.7177644103688,-1.722844089613318e-12,unvalidated-engineering-priors,fixed independent scenario factor; no N cycle,2024-08-12,2024-09-26,2024-09-26,physiological_maturity,R6_physiological_maturity,2024-06-16,seed_layer_available_water,50.0
12,ag_046_048,fallow,2024,2024-10-06,2024-10-11,266946.3095325965,rain_98_available,1.0,8.260059303211165e-14,0.0,0.0,0.0,1.0,1.22,0.0,0.0,16.45123853867516,0.0,0.0,0.0,0.0,0.0,1.2096621808643684,0.0,0.0,16.45123853867516,0.0,0.0,492.7177644103688,476.2768636908294,-1.2856382625159313e-13,unvalidated-engineering-priors,fixed independent scenario factor; no N cycle,,,,right_censored,BBCH89_full_ripeness,,,
12,ag_046_048,wheat,2025,2024-10-12,2025-06-10,266946.3095325965,rain_98_available,1.0,4.46753745109163e-13,2.4442670110147446e-12,0.0,0.0,0.04267140235271844,106.34,300.0,0.0,214.15068529126157,266.4661483138408,21.534441095831866,0.0,0.0,0.0,49.56295059845922,300.0,0.0,502.1512747009342,7605.626199105494,17263.681161991786,476.2768636908294,330.90263839143535,5.850875339774575e-13,unvalidated-engineering-priors,fixed independent scenario factor; no N cycle,2025-04-25,2025-06-03,2025-06-03,full_ripeness,BBCH89_full_ripeness,2024-10-12,seed_layer_available_water,50.0
12,ag_046_048,fallow,2025,2025-06-11,2025-06-14,266946.3095325965,rain_98_available,1.0,1.0036416142611415e-13,0.0,0.0,0.0,1.0,10.069999999999999,0.0,0.0,4.249653235786247,0.0,0.0,0.0,0.0,0.0,0.010318358851875452,0.0,0.0,4.249653235786247,0.0,0.0,330.90263839143535,336.7126667967971,9.992007221626409e-14,unvalidated-engineering-priors,fixed independent scenario factor; no N cycle,,,,right_censored,BBCH89_full_ripeness,,,
12,ag_046_048,maize,2025,2025-06-15,2025-10-05,266946.3095325965,rain_98_available,1.0,5.273559366969494e-13,3.637978807091713e-12,0.0,0.0,0.03354275471250856,346.6,80.0,0.0,19.89077898970191,205.36604350077636,88.93615889365095,0.0,0.0,0.0,5.698414718116851,80.0,0.0,314.1929813841292,8373.371991204796,16700.263853885877,336.7126667967971,443.42127069455563,-4.595879232738298e-12,unvalidated-engineering-priors,fixed independent scenario factor; no N cycle,2025-08-10,2025-09-23,2025-09-23,physiological_maturity,R6_physiological_maturity,2025-06-15,seed_layer_available_water,50.0
