{
  "type": "FeatureCollection",
  "features": [
    {
      "type": "Feature",
      "properties": {
        "source": "Natural Earth Admin 1 v5.1.1",
        "role": "Deduplicated original cartographic boundaries clipped to display extent"
      },
      "geometry": {
        "type": "MultiLineString",
        "coordinates": [
          [
            [
              113.93121267892438,
              41.0
            ],
            [
              113.9542126806706,
              40.96742218748392
            ]
          ],
          [
            [
              113.9542126806706,
              40.96742218748392
            ],
            [
              113.9694055521245,
              40.95228099197419
            ]
          ],
          [
            [
              113.9694055521245,
              40.95228099197419
            ],
            [
              113.98418501242838,
              40.941713162032784
            ]
          ],
          [
            [
              113.98418501242838,
              40.941713162032784
            ],
            [
              113.99333173996774,
              40.9366230334262
            ]
          ],
          [
            [
              113.99333173996774,
              40.9366230334262
            ],
            [
              114.00929975777751,
              40.930163479261125
            ]
          ],
          [
            [
              114.00929975777751,
              40.930163479261125
            ],
            [
              114.01410566644336,
              40.927088731359845
            ]
          ],
          [
            [
              114.01410566644336,
              40.927088731359845
            ],
            [
              114.0186015158472,
              40.923600572308544
            ]
          ],
          [
            [
              114.0186015158472,
              40.923600572308544
            ],
            [
              114.02325239488209,
              40.91822622286185
            ]
          ],
          [
            [
              114.02325239488209,
              40.91822622286185
            ],
            [
              114.02774824428604,
              40.9115341247001
            ]
          ],
          [
            [
              114.02774824428604,
              40.9115341247001
            ],
            [
              114.04438805476491,
              40.87585154940945
            ]
          ],
          [
            [
              114.04438805476491,
              40.87585154940945
            ],
            [
              114.04609337800696,
              40.870632228694376
            ]
          ],
          [
            [
              114.04609337800696,
              40.870632228694376
            ],
            [
              114.04733361235628,
              40.865051174572045
            ]
          ],
          [
            [
              114.04733361235628,
              40.865051174572045
            ],
            [
              114.04748864108785,
              40.833063463008386
            ]
          ],
          [
            [
              114.04748864108785,
              40.833063463008386
            ],
            [
              114.04826378834309,
              40.82719818804594
            ]
          ],
          [
            [
              114.04826378834309,
              40.82719818804594
            ],
            [
              114.05244957938453,
              40.820506089884134
            ]
          ],
          [
            [
              114.05244957938453,
              40.820506089884134
            ],
            [
              114.06014936699967,
              40.8136589629907
            ]
          ],
          [
            [
              114.06014936699967,
              40.8136589629907
            ],
            [
              114.11590823767494,
              40.78689057124285
            ]
          ],
          [
            [
              114.11590823767494,
              40.78689057124285
            ],
            [
              114.12887902194927,
              40.77539256441531
            ]
          ],
          [
            [
              114.12887902194927,
              40.77539256441531
            ],
            [
              114.15409712098528,
              40.74257803055167
            ]
          ],
          [
            [
              114.15409712098528,
              40.74257803055167
            ],
            [
              114.08392052611134,
              40.705991115897234
            ]
          ],
          [
            [
              114.08392052611134,
              40.705991115897234
            ],
            [
              114.06345665889762,
              40.69250356678617
            ]
          ],
          [
            [
              114.06345665889762,
              40.69250356678617
            ],
            [
              114.0374117366623,
              40.662686266458024
            ]
          ],
          [
            [
              114.0374117366623,
              40.662686266458024
            ],
            [
              114.03152062417746,
              40.650697333215305
            ]
          ],
          [
            [
              114.03152062417746,
              40.650697333215305
            ],
            [
              114.0284200378544,
              40.642429103919994
            ]
          ],
          [
            [
              114.0284200378544,
              40.642429103919994
            ],
            [
              114.02697309793007,
              40.63516856497728
            ]
          ],
          [
            [
              114.02697309793007,
              40.63516856497728
            ],
            [
              114.02650800993672,
              40.62847646681547
            ]
          ],
          [
            [
              114.02650800993672,
              40.62847646681547
            ],
            [
              114.02697309793007,
              40.62227529596811
            ]
          ],
          [
            [
              114.02697309793007,
              40.62227529596811
            ],
            [
              114.02935021384121,
              40.61090648034974
            ]
          ],
          [
            [
              114.02935021384121,
              40.61090648034974
            ],
            [
              114.03348432803921,
              40.60077789998007
            ]
          ],
          [
            [
              114.03348432803921,
              40.60077789998007
            ],
            [
              114.04485314275826,
              40.5819676782657
            ]
          ],
          [
            [
              114.04485314275826,
              40.5819676782657
            ],
            [
              114.05539513607664,
              40.569384466719725
            ]
          ],
          [
            [
              114.05539513607664,
              40.569384466719725
            ],
            [
              114.07554894402847,
              40.55018667317643
            ]
          ],
          [
            [
              114.07554894402847,
              40.55018667317643
            ],
            [
              114.0788045590831,
              40.545897529347485
            ]
          ],
          [
            [
              114.0788045590831,
              40.545897529347485
            ],
            [
              114.08159508704364,
              40.5396188423357
            ]
          ],
          [
            [
              114.08159508704364,
              40.5396188423357
            ],
            [
              114.08309370291204,
              40.53155731951466
            ]
          ],
          [
            [
              114.08309370291204,
              40.53155731951466
            ],
            [
              114.08283532139296,
              40.51755300646607
            ]
          ],
          [
            [
              114.08283532139296,
              40.51755300646607
            ],
            [
              114.0800447943318,
              40.509310614693106
            ]
          ],
          [
            [
              114.0800447943318,
              40.509310614693106
            ],
            [
              114.07570397276004,
              40.502696030897084
            ]
          ],
          [
            [
              114.07570397276004,
              40.502696030897084
            ],
            [
              114.06872765465744,
              40.49791596155234
            ]
          ],
          [
            [
              114.06872765465744,
              40.49791596155234
            ],
            [
              114.0561702824325,
              40.491895656959
            ]
          ],
          [
            [
              114.0561702824325,
              40.491895656959
            ],
            [
              114.04376793803988,
              40.48799408585836
            ]
          ],
          [
            [
              114.04376793803988,
              40.48799408585836
            ],
            [
              113.92351688029976,
              40.47504914000581
            ]
          ],
          [
            [
              113.92351688029976,
              40.47504914000581
            ],
            [
              113.8961283709275,
              40.469158027520905
            ]
          ],
          [
            [
              113.8961283709275,
              40.469158027520905
            ],
            [
              113.80848514237539,
              40.43422475836587
            ]
          ],
          [
            [
              113.80848514237539,
              40.43422475836587
            ],
            [
              113.79530765162679,
              40.4308657905238
            ]
          ],
          [
            [
              113.79530765162679,
              40.4308657905238
            ],
            [
              113.76549035039932,
              40.42730011710671
            ]
          ],
          [
            [
              113.76549035039932,
              40.42730011710671
            ],
            [
              113.74843712787106,
              40.42745514583828
            ]
          ],
          [
            [
              113.74843712787106,
              40.42745514583828
            ],
            [
              113.71479576990885,
              40.43138255536064
            ]
          ],
          [
            [
              113.71479576990885,
              40.43138255536064
            ],
            [
              113.69820763627331,
              40.431795966510606
            ]
          ],
          [
            [
              113.69820763627331,
              40.431795966510606
            ],
            [
              113.68327314723786,
              40.430038967324435
            ]
          ],
          [
            [
              113.68327314723786,
              40.430038967324435
            ],
            [
              113.6766068865985,
              40.428540351456036
            ]
          ],
          [
            [
              113.6766068865985,
              40.428540351456036
            ],
            [
              113.51832197517899,
              40.343739325909155
            ]
          ],
          [
            [
              113.51832197517899,
              40.343739325909155
            ],
            [
              113.50684980677318,
              40.339088446874314
            ]
          ],
          [
            [
              113.50684980677318,
              40.339088446874314
            ],
            [
              113.48731611464689,
              40.33314565754603
            ]
          ],
          [
            [
              113.48731611464689,
              40.33314565754603
            ],
            [
              113.43734500456821,
              40.32477407546321
            ]
          ],
          [
            [
              113.43734500456821,
              40.32477407546321
            ],
            [
              113.35135542241471,
              40.31839203476454
            ]
          ],
          [
            [
              113.35135542241471,
              40.31839203476454
            ],
            [
              113.33414717025562,
              40.3187279324481
            ]
          ],
          [
            [
              113.33414717025562,
              40.3187279324481
            ],
            [
              113.32376020656818,
              40.320562446000054
            ]
          ],
          [
            [
              113.32376020656818,
              40.320562446000054
            ],
            [
              113.3108410991374,
              40.324670721776386
            ]
          ],
          [
            [
              113.3108410991374,
              40.324670721776386
            ],
            [
              113.30298628099206,
              40.32818471924935
            ]
          ],
          [
            [
              113.30298628099206,
              40.32818471924935
            ],
            [
              113.29688846203283,
              40.3319054231967
            ]
          ],
          [
            [
              113.29688846203283,
              40.3319054231967
            ],
            [
              113.28820682158755,
              40.339088446874314
            ]
          ],
          [
            [
              113.28820682158755,
              40.339088446874314
            ],
            [
              113.28433108890863,
              40.343119208284804
            ]
          ],
          [
            [
              113.28433108890863,
              40.343119208284804
            ],
            [
              113.281075473854,
              40.347563381744635
            ]
          ],
          [
            [
              113.281075473854,
              40.347563381744635
            ],
            [
              113.25503055161857,
              40.39489899349371
            ]
          ],
          [
            [
              113.25503055161857,
              40.39489899349371
            ],
            [
              113.25037967258379,
              40.400841782822
            ]
          ],
          [
            [
              113.25037967258379,
              40.400841782822
            ],
            [
              113.24355838411213,
              40.407146308255506
            ]
          ],
          [
            [
              113.24355838411213,
              40.407146308255506
            ],
            [
              113.22986413032527,
              40.41665477100088
            ]
          ],
          [
            [
              113.22986413032527,
              40.41665477100088
            ],
            [
              113.21947716663783,
              40.421202298147534
            ]
          ],
          [
            [
              113.21947716663783,
              40.421202298147534
            ],
            [
              113.2076949398695,
              40.424096177996205
            ]
          ],
          [
            [
              113.2076949398695,
              40.424096177996205
            ],
            [
              113.19312218604,
              40.425439765133035
            ]
          ],
          [
            [
              113.19312218604,
              40.425439765133035
            ],
            [
              113.18314863530122,
              40.425284736401466
            ]
          ],
          [
            [
              113.18314863530122,
              40.425284736401466
            ],
            [
              113.0864620301985,
              40.404433295560125
            ]
          ],
          [
            [
              113.0864620301985,
              40.404433295560125
            ],
            [
              112.96140506379265,
              40.35585744946172
            ]
          ],
          [
            [
              112.96140506379265,
              40.35585744946172
            ],
            [
              112.95055301301113,
              40.35043142317164
            ]
          ],
          [
            [
              112.95055301301113,
              40.35043142317164
            ],
            [
              112.94094119657893,
              40.34399770832755
            ]
          ],
          [
            [
              112.94094119657893,
              40.34399770832755
            ],
            [
              112.92466312130591,
              40.32818471924935
            ]
          ],
          [
            [
              112.92466312130591,
              40.32818471924935
            ],
            [
              112.8794979189937,
              40.267878323226
            ]
          ],
          [
            [
              112.8794979189937,
              40.267878323226
            ],
            [
              112.84378950438213,
              40.22565867850517
            ]
          ],
          [
            [
              112.84378950438213,
              40.22565867850517
            ],
            [
              112.8157292014414,
              40.202430120853364
            ]
          ],
          [
            [
              112.8157292014414,
              40.202430120853364
            ],
            [
              112.8081327657145,
              40.198218492289584
            ]
          ],
          [
            [
              112.8081327657145,
              40.198218492289584
            ],
            [
              112.73423546779259,
              40.17284536452195
            ]
          ],
          [
            [
              112.73423546779259,
              40.17284536452195
            ],
            [
              112.7263289728038,
              40.171450100541676
            ]
          ],
          [
            [
              112.7263289728038,
              40.171450100541676
            ],
            [
              112.71563195165322,
              40.17098501254827
            ]
          ],
          [
            [
              112.71563195165322,
              40.17098501254827
            ],
            [
              112.70803551592633,
              40.17243195247261
            ]
          ],
          [
            [
              112.70803551592633,
              40.17243195247261
            ],
            [
              112.7013692570855,
              40.17475739243969
            ]
          ],
          [
            [
              112.7013692570855,
              40.17475739243969
            ],
            [
              112.69620161321382,
              40.17790965380743
            ]
          ],
          [
            [
              112.69620161321382,
              40.17790965380743
            ],
            [
              112.69175743975404,
              40.181475328123895
            ]
          ],
          [
            [
              112.69175743975404,
              40.181475328123895
            ],
            [
              112.68400597529546,
              40.189381822213306
            ]
          ],
          [
            [
              112.68400597529546,
              40.189381822213306
            ],
            [
              112.67527265800675,
              40.19656484589092
            ]
          ],
          [
            [
              112.67527265800675,
              40.19656484589092
            ],
            [
              112.60917850138674,
              40.23121389420584
            ]
          ],
          [
            [
              112.60917850138674,
              40.23121389420584
            ],
            [
              112.60468265198278,
              40.23436615737222
            ]
          ],
          [
            [
              112.60468265198278,
              40.23436615737222
            ],
            [
              112.59584598190645,
              40.23777680115842
            ]
          ],
          [
            [
              112.59584598190645,
              40.23777680115842
            ],
            [
              112.58323693193881,
              40.240799872216314
            ]
          ],
          [
            [
              112.58323693193881,
              40.240799872216314
            ],
            [
              112.54339440312913,
              40.24570913277023
            ]
          ],
          [
            [
              112.54339440312913,
              40.24570913277023
            ],
            [
              112.53316246997201,
              40.24818960236826
            ]
          ],
          [
            [
              112.53316246997201,
              40.24818960236826
            ],
            [
              112.49249311706365,
              40.2671548528142
            ]
          ],
          [
            [
              112.49249311706365,
              40.2671548528142
            ],
            [
              112.47730024560985,
              40.27640493404044
            ]
          ],
          [
            [
              112.47730024560985,
              40.27640493404044
            ],
            [
              112.46737837081514,
              40.280280666719364
            ]
          ],
          [
            [
              112.46737837081514,
              40.280280666719364
            ],
            [
              112.4533740577665,
              40.284130560976564
            ]
          ],
          [
            [
              112.4533740577665,
              40.284130560976564
            ],
            [
              112.42407352137582,
              40.289375719214036
            ]
          ],
          [
            [
              112.42407352137582,
              40.289375719214036
            ],
            [
              112.40981082590883,
              40.28963410073317
            ]
          ],
          [
            [
              112.40981082590883,
              40.28963410073317
            ],
            [
              112.39921715664639,
              40.28834219043972
            ]
          ],
          [
            [
              112.39921715664639,
              40.28834219043972
            ],
            [
              112.3529667496158,
              40.261573797792494
            ]
          ],
          [
            [
              112.3529667496158,
              40.261573797792494
            ],
            [
              112.28981814968779,
              40.23653656680909
            ]
          ],
          [
            [
              112.28981814968779,
              40.23653656680909
            ],
            [
              112.28268680195436,
              40.23263499570845
            ]
          ],
          [
            [
              112.28268680195436,
              40.23263499570845
            ],
            [
              112.27927615816816,
              40.22896596950386
            ]
          ],
          [
            [
              112.27927615816816,
              40.22896596950386
            ],
            [
              112.27043948809182,
              40.21449656846187
            ]
          ],
          [
            [
              112.27043948809182,
              40.21449656846187
            ],
            [
              112.25493655827552,
              40.19808930108036
            ]
          ],
          [
            [
              112.25493655827552,
              40.19808930108036
            ],
            [
              112.23209557515065,
              40.16571401588908
            ]
          ],
          [
            [
              112.23209557515065,
              40.16571401588908
            ],
            [
              112.21984826128823,
              40.13920400745894
            ]
          ],
          [
            [
              112.21984826128823,
              40.13920400745894
            ],
            [
              112.16507124164445,
              40.05931224246598
            ]
          ],
          [
            [
              112.16507124164445,
              40.05931224246598
            ],
            [
              112.16011030514642,
              40.05476471621864
            ]
          ],
          [
            [
              112.16011030514642,
              40.05476471621864
            ],
            [
              112.14166181773862,
              40.041871446310154
            ]
          ],
          [
            [
              112.14166181773862,
              40.041871446310154
            ],
            [
              112.10982913580597,
              40.01750600799585
            ]
          ],
          [
            [
              112.10982913580597,
              40.01750600799585
            ],
            [
              112.09897708502444,
              40.00543956218604
            ]
          ],
          [
            [
              112.09897708502444,
              40.00543956218604
            ],
            [
              112.02435631669061,
              39.8890383978038
            ]
          ],
          [
            [
              112.02435631669061,
              39.8890383978038
            ],
            [
              112.0,
              39.83617689382937
            ]
          ],
          [
            [
              121.5,
              38.816861933187816
            ],
            [
              121.49887129000001,
              38.81464264500005
            ],
            [
              121.48495527400007,
              38.809881903000075
            ],
            [
              121.38013756600003,
              38.81659577000005
            ],
            [
              121.34473717500009,
              38.81464264500005
            ],
            [
              121.28760826900009,
              38.78807200700004
            ],
            [
              121.26075280000009,
              38.79511139500005
            ],
            [
              121.23666425900001,
              38.798488674000055
            ],
            [
              121.21753991000003,
              38.77558014500005
            ],
            [
              121.22559655000009,
              38.77631256700005
            ],
            [
              121.24472089900007,
              38.77558014500005
            ],
            [
              121.19849694100003,
              38.727850653000075
            ],
            [
              121.17953535200002,
              38.72093333500004
            ],
            [
              121.15308678500003,
              38.72760651200008
            ],
            [
              121.14136803500003,
              38.74274323100008
            ],
            [
              121.13241621200007,
              38.75873444200005
            ],
            [
              121.11451256600003,
              38.76813385600008
            ],
            [
              121.12411543100006,
              38.77838776200008
            ],
            [
              121.13404381600003,
              38.78221263200004
            ],
            [
              121.13925214900007,
              38.789496161000045
            ],
            [
              121.13485761800007,
              38.809759833000044
            ],
            [
              121.12777754000001,
              38.81891510600008
            ],
            [
              121.11793053500003,
              38.828192450000074
            ],
            [
              121.11133873800009,
              38.840277411000045
            ],
            [
              121.11451256600003,
              38.85814036700009
            ],
            [
              121.14014733200008,
              38.874253648000035
            ],
            [
              121.15235436300009,
              38.88629791900007
            ],
            [
              121.14852949300007,
              38.89907461100006
            ],
            [
              121.09042402400007,
              38.89907461100006
            ],
            [
              121.08619225400003,
              38.90570709800005
            ],
            [
              121.09620201900009,
              38.92059967700004
            ],
            [
              121.11793053500003,
              38.943426825000074
            ],
            [
              121.12875410200002,
              38.947333075000074
            ],
            [
              121.17953535200002,
              38.954331773000035
            ],
            [
              121.18881269600001,
              38.95229726800005
            ],
            [
              121.20199629000001,
              38.94285716400009
            ],
            [
              121.21070397200003,
              38.94009023600006
            ],
            [
              121.21949303500003,
              38.94049713700008
            ],
            [
              121.23438561300009,
              38.94562409100007
            ],
            [
              121.25684655000009,
              38.949652411000045
            ],
            [
              121.29184004000001,
              38.96735260600008
            ],
            [
              121.32032311300009,
              38.966498114000046
            ],
            [
              121.33432050900001,
              38.96857330900008
            ],
            [
              121.34034264400009,
              38.97760651200008
            ],
            [
              121.33814537900003,
              38.985256252000056
            ],
            [
              121.32886803500003,
              39.00141022300005
            ],
            [
              121.32675214900007,
              39.01203034100007
            ],
            [
              121.33423912900003,
              39.026597398000035
            ],
            [
              121.35230553500003,
              39.03807200700004
            ],
            [
              121.37484785200002,
              39.044175523000035
            ],
            [
              121.39551842500009,
              39.04246653900009
            ],
            [
              121.40333092500009,
              39.038275458000044
            ],
            [
              121.40853925900001,
              39.032863674000055
            ],
            [
              121.41920006600003,
              39.01854075700004
            ],
            [
              121.42807050900001,
              39.01471588700008
            ],
            [
              121.44149824300007,
              39.01390208500004
            ],
            [
              121.46729576900009,
              39.01512278900009
            ],
            [
              121.48633873800009,
              39.019598700000074
            ],
            [
              121.5,
              39.02633690027884
            ]
          ],
          [
            [
              121.5,
              39.38321425153207
            ],
            [
              121.49195397200003,
              39.38898346600007
            ],
            [
              121.46143639400009,
              39.47370026200008
            ],
            [
              121.43604576900009,
              39.50861237200007
            ],
            [
              121.41993248800009,
              39.516058661000045
            ],
            [
              121.39950605600006,
              39.52020905200004
            ],
            [
              121.35401451900009,
              39.52220286700009
            ],
            [
              121.34042402400007,
              39.51927317900004
            ],
            [
              121.31942793100006,
              39.50568268400008
            ],
            [
              121.30616295700008,
              39.50177643400008
            ],
            [
              121.29981530000009,
              39.50336334800005
            ],
            [
              121.28248131600003,
              39.512152411000045
            ],
            [
              121.27271569100003,
              39.51544830900008
            ],
            [
              121.23682701900009,
              39.51471588700008
            ],
            [
              121.22779381600003,
              39.518866278000075
            ],
            [
              121.22339928500003,
              39.528631903000075
            ],
            [
              121.22852623800009,
              39.536444403000075
            ],
            [
              121.23837324300007,
              39.54148997600004
            ],
            [
              121.24854576900009,
              39.543402411000045
            ],
            [
              121.26000136500011,
              39.563673366000046
            ],
            [
              121.29151451900009,
              39.586371161000045
            ],
            [
              121.30616295700008,
              39.59796784100007
            ],
            [
              121.32650800900001,
              39.60236237200007
            ],
            [
              121.38218295200011,
              39.601336840000045
            ],
            [
              121.4498053850001,
              39.615098025000066
            ],
            [
              121.47071373800009,
              39.632147528000075
            ],
            [
              121.46387780000009,
              39.645819403000075
            ],
            [
              121.498165438,
              39.65292419200006
            ],
            [
              121.5,
              39.65060426993101
            ]
          ],
          [
            [
              121.5,
              39.70574743616709
            ],
            [
              121.49086364000004,
              39.720994069000085
            ],
            [
              121.46387780000009,
              39.73859284100007
            ],
            [
              121.46265709700003,
              39.741522528000075
            ],
            [
              121.45980879000001,
              39.74433014500005
            ],
            [
              121.45728600400003,
              39.748480536000045
            ],
            [
              121.47418492300005,
              39.75607402900005
            ],
            [
              121.48461221900004,
              39.764005018000034
            ],
            [
              121.48732049700004,
              39.77800009900005
            ],
            [
              121.47754967500009,
              39.786769924000055
            ],
            [
              121.47152754000001,
              39.80508047100005
            ],
            [
              121.47071373800009,
              39.810248114000046
            ],
            [
              121.5,
              39.82054476424013
            ]
          ],
          [
            [
              121.5,
              40.88111539151096
            ],
            [
              121.47999656000002,
              40.88448912000007
            ],
            [
              121.45020592500009,
              40.885931708000044
            ],
            [
              121.44092858200008,
              40.89134349200003
            ],
            [
              121.43685957100001,
              40.89907461100006
            ],
            [
              121.43458092500009,
              40.90721263200004
            ],
            [
              121.42977949300007,
              40.91380442900004
            ],
            [
              121.41846764400009,
              40.91889069200005
            ],
            [
              121.39454186300009,
              40.92422109600005
            ],
            [
              121.38477623800009,
              40.93060944200005
            ],
            [
              121.36133873800009,
              40.93964264500005
            ],
            [
              121.33725019600001,
              40.928168036000045
            ],
            [
              121.31552168100006,
              40.910142320000034
            ],
            [
              121.29932701900009,
              40.899603583000044
            ],
            [
              121.28565514400009,
              40.89923737200007
            ],
            [
              121.27393639400009,
              40.90302155200004
            ],
            [
              121.26490319100003,
              40.91038646000004
            ],
            [
              121.25839277400007,
              40.92064036700003
            ],
            [
              121.24472089900007,
              40.90639883000006
            ],
            [
              121.22494550900001,
              40.927069403000075
            ],
            [
              121.20028730600006,
              40.93073151200008
            ],
            [
              121.17579186300009,
              40.922308661000045
            ],
            [
              121.15536543100006,
              40.90639883000006
            ],
            [
              121.14242597700002,
              40.90070221600007
            ],
            [
              121.13062584700003,
              40.89329661700003
            ],
            [
              121.11996504000001,
              40.88491445500006
            ],
            [
              121.11109459700003,
              40.87604401200008
            ],
            [
              121.10604902400007,
              40.87323639500005
            ],
            [
              121.08358808700007,
              40.86542389500005
            ],
            [
              121.07992597700002,
              40.862982489000046
            ],
            [
              121.08008873800009,
              40.857082424000055
            ],
            [
              121.08114668100006,
              40.85024648600006
            ],
            [
              121.08017011800007,
              40.844916083000044
            ],
            [
              121.08027266400006,
              40.82839510800005
            ],
            [
              121.06572061200006,
              40.818395836000036
            ],
            [
              121.06835077700009,
              40.80338908600004
            ],
            [
              121.049850107,
              40.797400734000064
            ],
            [
              121.041923989,
              40.81440147100005
            ],
            [
              121.02963300900001,
              40.82648346600007
            ],
            [
              121.00497480600006,
              40.83307526200008
            ],
            [
              120.99097741000003,
              40.831284898000035
            ],
            [
              120.98194420700008,
              40.82680898600006
            ],
            [
              120.97046959700003,
              40.81793854400007
            ],
            [
              120.96322675900001,
              40.80658600500004
            ],
            [
              120.96705162900003,
              40.79401276200008
            ],
            [
              120.96851647200003,
              40.78359609600005
            ],
            [
              120.95785566500001,
              40.774725653000075
            ],
            [
              120.94385826900009,
              40.76585521000004
            ],
            [
              120.93628991000003,
              40.755560614000046
            ],
            [
              120.93954511800007,
              40.74054596600007
            ],
            [
              120.95603623200009,
              40.73733066700004
            ],
            [
              120.97584685800007,
              40.73934102100009
            ],
            [
              120.99439537900003,
              40.73627350500004
            ],
            [
              121.01026451900009,
              40.73086172100005
            ],
            [
              121.020737908,
              40.719330067000044
            ],
            [
              120.99564874300006,
              40.715318538000076
            ],
            [
              120.96263662700005,
              40.709290141000054
            ],
            [
              120.94019490100004,
              40.691246239000066
            ],
            [
              120.92302989300003,
              40.68922261600005
            ],
            [
              120.89530456400007,
              40.68518129900008
            ],
            [
              120.88477623800009,
              40.68048737200007
            ],
            [
              120.86768639400009,
              40.67865631700005
            ],
            [
              120.84776417300009,
              40.68309677500008
            ],
            [
              120.82532081500005,
              40.67403348000005
            ],
            [
              120.81959069100003,
              40.65692780200004
            ],
            [
              120.81641686300009,
              40.64004140800006
            ],
            [
              120.80860436300009,
              40.618353583000044
            ],
            [
              120.79843183700007,
              40.599676825000074
            ],
            [
              120.78858483200008,
              40.59174225500004
            ],
            [
              120.77003014400009,
              40.58576080900008
            ],
            [
              120.70011311600001,
              40.53724422300007
            ],
            [
              120.67878839700006,
              40.52191605100006
            ],
            [
              120.6696190030001,
              40.50284098100008
            ],
            [
              120.665702947,
              40.49080019000007
            ],
            [
              120.65911435200007,
              40.48376149400008
            ],
            [
              120.63331139400009,
              40.47516510600008
            ],
            [
              120.62094160200002,
              40.47443268400008
            ],
            [
              120.60409589900007,
              40.46515534100007
            ],
            [
              120.59701582100001,
              40.45001862200007
            ],
            [
              120.59848066500001,
              40.43183014500005
            ],
            [
              120.5973763720001,
              40.42242315000004
            ],
            [
              120.58407636800007,
              40.413723049000055
            ],
            [
              120.56210371200007,
              40.411322333000044
            ],
            [
              120.54566491000003,
              40.402411200000074
            ],
            [
              120.53907311300009,
              40.382879950000074
            ],
            [
              120.547526447,
              40.37615916700008
            ],
            [
              120.56731603700007,
              40.38023714700006
            ],
            [
              120.588395547,
              40.384320341000034
            ],
            [
              120.59115289700003,
              40.36729769300007
            ],
            [
              120.56486835200008,
              40.35418214200007
            ],
            [
              120.53458443400007,
              40.34405893500008
            ],
            [
              120.501757645,
              40.32690995200005
            ],
            [
              120.50098717500009,
              40.307847398000035
            ],
            [
              120.50131269600001,
              40.291896877000056
            ],
            [
              120.50660241000003,
              40.27334219000005
            ],
            [
              120.50489342500009,
              40.24909088700008
            ],
            [
              120.49252363400001,
              40.23126862200007
            ],
            [
              120.47201582100001,
              40.21430084800005
            ],
            [
              120.45069420700008,
              40.20107656500005
            ],
            [
              120.43604576900009,
              40.19448476800005
            ],
            [
              120.39435218400001,
              40.19431209000004
            ],
            [
              120.35800214900007,
              40.19179922100005
            ],
            [
              120.33358808700007,
              40.18699778900009
            ],
            [
              120.30902673000003,
              40.17966794800009
            ],
            [
              120.289474445,
              40.16348444100004
            ],
            [
              120.26132246200007,
              40.14671458500004
            ],
            [
              120.246356977,
              40.144123369000056
            ],
            [
              120.225469191,
              40.134946995000064
            ],
            [
              120.19393964900007,
              40.126654364000046
            ],
            [
              120.18897545700008,
              40.126166083000044
            ],
            [
              120.18319746200007,
              40.12323639500005
            ],
            [
              120.15496447700002,
              40.111354927000036
            ],
            [
              120.11842925100007,
              40.10003543800008
            ],
            [
              119.95027692000008,
              40.05650213300004
            ],
            [
              119.91531026300004,
              40.03615345600008
            ],
            [
              119.911798266,
              40.01110570800006
            ],
            [
              119.91199784800006,
              39.99808813300007
            ],
            [
              119.87550094400001,
              39.99473907500004
            ],
            [
              119.85018964900007,
              39.986314195000034
            ]
          ],
          [
            [
              119.85018964900007,
              39.986314195000034
            ],
            [
              119.84780643102192,
              39.99342479142098
            ]
          ],
          [
            [
              119.84780643102192,
              39.99342479142098
            ],
            [
              119.84480919838575,
              40.000091051161064
            ]
          ],
          [
            [
              119.84480919838575,
              40.000091051161064
            ],
            [
              119.84470584469898,
              40.00060781509859
            ]
          ],
          [
            [
              119.84470584469898,
              40.00060781509859
            ],
            [
              119.84300052325545,
              40.004380194990006
            ]
          ],
          [
            [
              119.84300052325545,
              40.004380194990006
            ],
            [
              119.83214847157467,
              40.02179515182479
            ]
          ],
          [
            [
              119.83214847157467,
              40.02179515182479
            ],
            [
              119.82889285741942,
              40.025722561347095
            ]
          ],
          [
            [
              119.82889285741942,
              40.025722561347095
            ],
            [
              119.82346683202866,
              40.03109690989447
            ]
          ],
          [
            [
              119.82346683202866,
              40.03109690989447
            ],
            [
              119.81587039630165,
              40.03698802327864
            ]
          ],
          [
            [
              119.81587039630165,
              40.03698802327864
            ],
            [
              119.79163414919663,
              40.05122488122328
            ]
          ],
          [
            [
              119.79163414919663,
              40.05122488122328
            ],
            [
              119.76543419822963,
              40.06303294551401
            ]
          ],
          [
            [
              119.76543419822963,
              40.06303294551401
            ],
            [
              119.75902632000862,
              40.06840729406133
            ]
          ],
          [
            [
              119.75902632000862,
              40.06840729406133
            ],
            [
              119.75210167874945,
              40.07577118579155
            ]
          ],
          [
            [
              119.75210167874945,
              40.07577118579155
            ],
            [
              119.74181806874878,
              40.090473130830276
            ]
          ],
          [
            [
              119.74181806874878,
              40.090473130830276
            ],
            [
              119.73804568885737,
              40.09951650738088
            ]
          ],
          [
            [
              119.73804568885737,
              40.09951650738088
            ],
            [
              119.73685713135148,
              40.107112942208516
            ]
          ],
          [
            [
              119.73685713135148,
              40.107112942208516
            ],
            [
              119.73794233606986,
              40.11217723239332
            ]
          ],
          [
            [
              119.73794233606986,
              40.11217723239332
            ],
            [
              119.74553877179687,
              40.13070323326758
            ]
          ],
          [
            [
              119.74553877179687,
              40.13070323326758
            ],
            [
              119.74693403487777,
              40.13724030179844
            ]
          ],
          [
            [
              119.74693403487777,
              40.13724030179844
            ],
            [
              119.74765750528957,
              40.143622340698414
            ]
          ],
          [
            [
              119.74765750528957,
              40.143622340698414
            ],
            [
              119.74553877179687,
              40.17300039325352
            ]
          ],
          [
            [
              119.74553877179687,
              40.17300039325352
            ],
            [
              119.74832929885804,
              40.19299917337315
            ]
          ],
          [
            [
              119.74832929885804,
              40.19299917337315
            ],
            [
              119.74708906540798,
              40.1996137562698
            ]
          ],
          [
            [
              119.74708906540798,
              40.1996137562698
            ],
            [
              119.74259321510476,
              40.205194811291506
            ]
          ],
          [
            [
              119.74259321510476,
              40.205194811291506
            ],
            [
              119.73081098833643,
              40.21051748299544
            ]
          ],
          [
            [
              119.73081098833643,
              40.21051748299544
            ],
            [
              119.71964887919239,
              40.21333384937765
            ]
          ],
          [
            [
              119.71964887919239,
              40.21333384937765
            ],
            [
              119.70662641807473,
              40.21488414208949
            ]
          ],
          [
            [
              119.70662641807473,
              40.21488414208949
            ],
            [
              119.69014163632744,
              40.21506500924278
            ]
          ],
          [
            [
              119.69014163632744,
              40.21506500924278
            ],
            [
              119.66688724205255,
              40.21240367339078
            ]
          ],
          [
            [
              119.66688724205255,
              40.21240367339078
            ],
            [
              119.64874881390654,
              40.208037014296735
            ]
          ],
          [
            [
              119.64874881390654,
              40.208037014296735
            ],
            [
              119.64099734944807,
              40.20757192630333
            ]
          ],
          [
            [
              119.64099734944807,
              40.20757192630333
            ],
            [
              119.634744500858,
              40.20907054307111
            ]
          ],
          [
            [
              119.634744500858,
              40.20907054307111
            ],
            [
              119.63195397289746,
              40.21503917082106
            ]
          ],
          [
            [
              119.63195397289746,
              40.21503917082106
            ],
            [
              119.63055870981657,
              40.219767564221684
            ]
          ],
          [
            [
              119.63055870981657,
              40.219767564221684
            ],
            [
              119.63117882744086,
              40.229482734340706
            ]
          ],
          [
            [
              119.63117882744086,
              40.229482734340706
            ],
            [
              119.63831017517441,
              40.269893703931245
            ]
          ],
          [
            [
              119.63831017517441,
              40.269893703931245
            ],
            [
              119.6369665871382,
              40.27526805337794
            ]
          ],
          [
            [
              119.6369665871382,
              40.27526805337794
            ],
            [
              119.634744500858,
              40.280099799566074
            ]
          ],
          [
            [
              119.634744500858,
              40.280099799566074
            ],
            [
              119.62885338837316,
              40.2890656599522
            ]
          ],
          [
            [
              119.62885338837316,
              40.2890656599522
            ],
            [
              119.61598595598707,
              40.303276679475175
            ]
          ],
          [
            [
              119.61598595598707,
              40.303276679475175
            ],
            [
              119.59831261583452,
              40.32709951453097
            ]
          ],
          [
            [
              119.59831261583452,
              40.32709951453097
            ],
            [
              119.587460565053,
              40.34609060339858
            ]
          ],
          [
            [
              119.587460565053,
              40.34609060339858
            ],
            [
              119.58529015471686,
              40.35136159915845
            ]
          ],
          [
            [
              119.58529015471686,
              40.35136159915845
            ],
            [
              119.58167280535565,
              40.361981105943244
            ]
          ],
          [
            [
              119.58167280535565,
              40.361981105943244
            ],
            [
              119.58012251174443,
              40.373401598404996
            ]
          ],
          [
            [
              119.58012251174443,
              40.373401598404996
            ],
            [
              119.58094933494385,
              40.385700589110854
            ]
          ],
          [
            [
              119.58094933494385,
              40.385700589110854
            ],
            [
              119.5840499212668,
              40.39830963817923
            ]
          ],
          [
            [
              119.5840499212668,
              40.39830963817923
            ],
            [
              119.58622033070367,
              40.4043041043509
            ]
          ],
          [
            [
              119.58622033070367,
              40.4043041043509
            ],
            [
              119.5887008003017,
              40.40973012974166
            ]
          ],
          [
            [
              119.5887008003017,
              40.40973012974166
            ],
            [
              119.59066450416344,
              40.41562124312583
            ]
          ],
          [
            [
              119.59066450416344,
              40.41562124312583
            ],
            [
              119.59149132736286,
              40.42166738524162
            ]
          ],
          [
            [
              119.59149132736286,
              40.42166738524162
            ],
            [
              119.59128462088847,
              40.4389531517665
            ]
          ],
          [
            [
              119.59128462088847,
              40.4389531517665
            ],
            [
              119.59242150334967,
              40.44657542591517
            ]
          ],
          [
            [
              119.59242150334967,
              40.44657542591517
            ],
            [
              119.59831261583452,
              40.466496689870326
            ]
          ],
          [
            [
              119.59831261583452,
              40.466496689870326
            ],
            [
              119.59986290944562,
              40.47693533040115
            ]
          ],
          [
            [
              119.59986290944562,
              40.47693533040115
            ],
            [
              119.59779585189699,
              40.486107896362284
            ]
          ],
          [
            [
              119.59779585189699,
              40.486107896362284
            ],
            [
              119.59180138572538,
              40.49571971279448
            ]
          ],
          [
            [
              119.59180138572538,
              40.49571971279448
            ],
            [
              119.575936720703,
              40.51204946491083
            ]
          ],
          [
            [
              119.575936720703,
              40.51204946491083
            ],
            [
              119.57237104728597,
              40.51902578391275
            ]
          ],
          [
            [
              119.57237104728597,
              40.51902578391275
            ],
            [
              119.5709757833057,
              40.52421926530684
            ]
          ],
          [
            [
              119.5709757833057,
              40.52421926530684
            ],
            [
              119.56968387301231,
              40.53155731951466
            ]
          ],
          [
            [
              119.56968387301231,
              40.53155731951466
            ],
            [
              119.56368940594132,
              40.54005809190738
            ]
          ],
          [
            [
              119.56368940594132,
              40.54005809190738
            ],
            [
              119.55082197535387,
              40.545484117298145
            ]
          ],
          [
            [
              119.55082197535387,
              40.545484117298145
            ],
            [
              119.52844608022235,
              40.544553941311335
            ]
          ],
          [
            [
              119.52844608022235,
              40.544553941311335
            ],
            [
              119.46405724504575,
              40.53230662744886
            ]
          ],
          [
            [
              119.46405724504575,
              40.53230662744886
            ],
            [
              119.32752811113335,
              40.53334015622323
            ]
          ],
          [
            [
              119.32752811113335,
              40.53334015622323
            ],
            [
              119.30210330562306,
              40.52920604112586
            ]
          ],
          [
            [
              119.30210330562306,
              40.52920604112586
            ],
            [
              119.29362837075269,
              40.53070465789364
            ]
          ],
          [
            [
              119.29362837075269,
              40.53070465789364
            ],
            [
              119.28029585217178,
              40.54331370696201
            ]
          ],
          [
            [
              119.28029585217178,
              40.54331370696201
            ],
            [
              119.27244103402643,
              40.548197129993525
            ]
          ],
          [
            [
              119.27244103402643,
              40.548197129993525
            ],
            [
              119.25848839692196,
              40.55222789230339
            ]
          ],
          [
            [
              119.25848839692196,
              40.55222789230339
            ],
            [
              119.23952314737528,
              40.55964345997768
            ]
          ],
          [
            [
              119.23952314737528,
              40.55964345997768
            ],
            [
              119.22433027592149,
              40.57636078482233
            ]
          ],
          [
            [
              119.22433027592149,
              40.57636078482233
            ],
            [
              119.18975874197235,
              40.6201048847326
            ]
          ],
          [
            [
              119.18975874197235,
              40.6201048847326
            ],
            [
              119.18567630371842,
              40.632998155540406
            ]
          ],
          [
            [
              119.18567630371842,
              40.632998155540406
            ],
            [
              119.18583133334926,
              40.641395576045
            ]
          ],
          [
            [
              119.18583133334926,
              40.641395576045
            ],
            [
              119.19575320814397,
              40.67767243143754
            ]
          ],
          [
            [
              119.19575320814397,
              40.67767243143754
            ],
            [
              119.19699344339267,
              40.6844937199092
            ]
          ],
          [
            [
              119.19699344339267,
              40.6844937199092
            ],
            [
              119.19606326740586,
              40.69188345006114
            ]
          ],
          [
            [
              119.19606326740586,
              40.69188345006114
            ],
            [
              119.19099897722094,
              40.70041006087558
            ]
          ],
          [
            [
              119.19099897722094,
              40.70041006087558
            ],
            [
              119.18407433506252,
              40.703924059247925
            ]
          ],
          [
            [
              119.18407433506252,
              40.703924059247925
            ],
            [
              119.17714969290398,
              40.704440823185394
            ]
          ],
          [
            [
              119.17714969290398,
              40.704440823185394
            ],
            [
              119.17063846189546,
              40.70304555920518
            ]
          ],
          [
            [
              119.17063846189546,
              40.70304555920518
            ],
            [
              119.16459231977967,
              40.700849311346644
            ]
          ],
          [
            [
              119.16459231977967,
              40.700849311346644
            ],
            [
              119.15436038572318,
              40.69498403638414
            ]
          ],
          [
            [
              119.15436038572318,
              40.69498403638414
            ],
            [
              119.12392296777068,
              40.6675696876909
            ]
          ],
          [
            [
              119.12392296777068,
              40.6675696876909
            ],
            [
              119.11865197201087,
              40.66490835183896
            ]
          ],
          [
            [
              119.11865197201087,
              40.66490835183896
            ],
            [
              119.11260582899581,
              40.66278961834621
            ]
          ],
          [
            [
              119.11260582899581,
              40.66278961834621
            ],
            [
              119.08619917155443,
              40.65674347623042
            ]
          ],
          [
            [
              119.08619917155443,
              40.65674347623042
            ],
            [
              119.07410688732296,
              40.65276439076399
            ]
          ],
          [
            [
              119.07410688732296,
              40.65276439076399
            ],
            [
              119.06790571467695,
              40.651343289261376
            ]
          ],
          [
            [
              119.06790571467695,
              40.651343289261376
            ],
            [
              119.06154951419865,
              40.65136912678378
            ]
          ],
          [
            [
              119.06154951419865,
              40.65136912678378
            ],
            [
              119.0564335471704,
              40.65353953711991
            ]
          ],
          [
            [
              119.0564335471704,
              40.65353953711991
            ],
            [
              119.05100752177964,
              40.65648509381202
            ]
          ],
          [
            [
              119.05100752177964,
              40.65648509381202
            ],
            [
              119.04124067571661,
              40.663254706339615
            ]
          ],
          [
            [
              119.04124067571661,
              40.663254706339615
            ],
            [
              118.85468875488209,
              40.82060944357096
            ]
          ],
          [
            [
              118.85468875488209,
              40.82060944357096
            ],
            [
              118.85158816855903,
              40.825105292075534
            ]
          ],
          [
            [
              118.85158816855903,
              40.825105292075534
            ],
            [
              118.84926273039059,
              40.82983368637548
            ]
          ],
          [
            [
              118.84926273039059,
              40.82983368637548
            ],
            [
              118.84755740804792,
              40.83502716687025
            ]
          ],
          [
            [
              118.84755740804792,
              40.83502716687025
            ],
            [
              118.84755740804792,
              40.841512560356364
            ]
          ],
          [
            [
              118.84755740804792,
              40.841512560356364
            ],
            [
              118.84833255440378,
              40.84851471598131
            ]
          ],
          [
            [
              118.84833255440378,
              40.84851471598131
            ],
            [
              118.85112308236432,
              40.85724803327008
            ]
          ],
          [
            [
              118.85112308236432,
              40.85724803327008
            ],
            [
              118.85427534373207,
              40.863655911491094
            ]
          ],
          [
            [
              118.85427534373207,
              40.863655911491094
            ],
            [
              118.85768598841753,
              40.869081935982535
            ]
          ],
          [
            [
              118.85768598841753,
              40.869081935982535
            ],
            [
              118.87690962128192,
              40.89243968394425
            ]
          ],
          [
            [
              118.87690962128192,
              40.89243968394425
            ],
            [
              118.89334272708516,
              40.92230866111578
            ]
          ],
          [
            [
              118.89334272708516,
              40.92230866111578
            ],
            [
              118.90217939716138,
              40.9566218117472
            ]
          ],
          [
            [
              118.90217939716138,
              40.9566218117472
            ],
            [
              118.91535688701072,
              40.96344310201749
            ]
          ],
          [
            [
              118.91535688701072,
              40.96344310201749
            ],
            [
              118.9253304377495,
              40.96383067474579
            ]
          ],
          [
            [
              118.9253304377495,
              40.96383067474579
            ],
            [
              118.9510653016223,
              40.95512319587874
            ]
          ],
          [
            [
              118.9510653016223,
              40.95512319587874
            ],
            [
              118.96599979065775,
              40.95269440402353
            ]
          ],
          [
            [
              118.96599979065775,
              40.95269440402353
            ],
            [
              118.97886722214457,
              40.95377960874191
            ]
          ],
          [
            [
              118.97886722214457,
              40.95377960874191
            ],
            [
              118.98925418493263,
              40.95693187100903
            ]
          ],
          [
            [
              118.98925418493263,
              40.95693187100903
            ],
            [
              119.00227664605029,
              40.96416657242935
            ]
          ],
          [
            [
              119.00227664605029,
              40.96416657242935
            ],
            [
              119.00630740836016,
              40.969075832983265
            ]
          ],
          [
            [
              119.00630740836016,
              40.969075832983265
            ],
            [
              119.01033816887139,
              40.9762588575602
            ]
          ],
          [
            [
              119.01033816887139,
              40.9762588575602
            ],
            [
              119.01157840411997,
              40.98868703947528
            ]
          ],
          [
            [
              119.01157840411997,
              40.98868703947528
            ],
            [
              119.0101831401397,
              40.99517243116276
            ]
          ],
          [
            [
              119.0101831401397,
              40.99517243116276
            ],
            [
              119.00832278906546,
              40.99909983978574
            ]
          ],
          [
            [
              119.00832278906546,
              40.99909983978574
            ],
            [
              119.00722571926326,
              41.0
            ]
          ],
          [
            [
              121.42253665500004,
              39.47451406500005
            ],
            [
              121.44239342500009,
              39.462876695000034
            ],
            [
              121.45045006600003,
              39.45026276200008
            ],
            [
              121.44312584700003,
              39.44114817900004
            ],
            [
              121.41627037900003,
              39.440334377000056
            ],
            [
              121.41627037900003,
              39.43353913000004
            ],
            [
              121.42554772200003,
              39.430121161000045
            ],
            [
              121.43197675900001,
              39.424261786000045
            ],
            [
              121.43555748800009,
              39.41620514500005
            ],
            [
              121.43604576900009,
              39.409816799000055
            ],
            [
              121.43360436300009,
              39.38580963700008
            ],
            [
              121.42172285200002,
              39.37368398600006
            ],
            [
              121.40349368600005,
              39.37059153900009
            ],
            [
              121.35320071700005,
              39.37319570500006
            ],
            [
              121.33692467500009,
              39.377386786000045
            ],
            [
              121.33611087300005,
              39.38735586100006
            ],
            [
              121.35425866000003,
              39.40619538000004
            ],
            [
              121.37175540500004,
              39.41754791900007
            ],
            [
              121.37964928500003,
              39.42487213700008
            ],
            [
              121.38160241000003,
              39.43353913000004
            ],
            [
              121.37525475400003,
              39.44236888200004
            ],
            [
              121.36426842500009,
              39.44546133000006
            ],
            [
              121.35189863400001,
              39.44428131700005
            ],
            [
              121.34058678500003,
              39.440334377000056
            ],
            [
              121.32732181100005,
              39.42763906500005
            ],
            [
              121.31332441500001,
              39.40843333500004
            ],
            [
              121.29615319100003,
              39.39142487200007
            ],
            [
              121.27295983200008,
              39.38507721600007
            ],
            [
              121.26441491000003,
              39.38690827000005
            ],
            [
              121.25945071700005,
              39.391506252000056
            ],
            [
              121.25757897200003,
              39.399644273000035
            ],
            [
              121.25863691500001,
              39.41242096600007
            ],
            [
              121.26172936300009,
              39.427801825000074
            ],
            [
              121.26587975400003,
              39.433579820000034
            ],
            [
              121.29476972700002,
              39.443345445000034
            ],
            [
              121.30290774800005,
              39.44521719000005
            ],
            [
              121.31104576900009,
              39.44794342700004
            ],
            [
              121.32016035200002,
              39.454006252000056
            ],
            [
              121.32471764400009,
              39.46076080900008
            ],
            [
              121.32732181100005,
              39.468451239000046
            ],
            [
              121.33130944100003,
              39.475775458000044
            ],
            [
              121.34058678500003,
              39.481350002000056
            ],
            [
              121.35254967500009,
              39.482407945000034
            ],
            [
              121.38843834700003,
              39.47451406500005
            ],
            [
              121.41325931100005,
              39.47650788000004
            ],
            [
              121.42253665500004,
              39.47451406500005
            ]
          ],
          [
            [
              119.88070722700002,
              32.12518952000005
            ],
            [
              119.90137780000009,
              32.082464911000045
            ],
            [
              119.90186608200008,
              32.07339101800005
            ],
            [
              119.89031009200005,
              32.075384833000044
            ],
            [
              119.85873457100001,
              32.101548570000034
            ],
            [
              119.84351647200003,
              32.10814036700009
            ],
            [
              119.81519616000003,
              32.115220445000034
            ],
            [
              119.80486087300005,
              32.120306708000044
            ],
            [
              119.79517662900003,
              32.12055084800005
            ],
            [
              119.79200280000009,
              32.12177155200004
            ],
            [
              119.78711998800009,
              32.12958405200004
            ],
            [
              119.78834069100003,
              32.13361237200007
            ],
            [
              119.79127037900003,
              32.13686758000006
            ],
            [
              119.79200280000009,
              32.142279364000046
            ],
            [
              119.79102623800009,
              32.16547272300005
            ],
            [
              119.79883873800009,
              32.17869700700004
            ],
            [
              119.80990644600001,
              32.189113674000055
            ],
            [
              119.81934655000009,
              32.20376211100006
            ],
            [
              119.78931725400003,
              32.21149323100008
            ],
            [
              119.74984785200002,
              32.22801341400009
            ],
            [
              119.71949303500003,
              32.24957916900007
            ],
            [
              119.71615644600001,
              32.272650458000044
            ],
            [
              119.75082441500001,
              32.29311758000006
            ],
            [
              119.78532962300005,
              32.29169342700004
            ],
            [
              119.81430097700002,
              32.27558014500005
            ],
            [
              119.83285566500001,
              32.25214264500005
            ],
            [
              119.87501061300009,
              32.15521881700005
            ],
            [
              119.88070722700002,
              32.12518952000005
            ]
          ],
          [
            [
              119.28028405000009,
              35.076605536000045
            ],
            [
              119.25049889400009,
              35.06818268400008
            ],
            [
              119.22909589900007,
              35.066107489000046
            ],
            [
              119.22120201900009,
              35.06403229400007
            ],
            [
              119.21265709700003,
              35.05801015800006
            ],
            [
              119.20728600400003,
              35.04840729400007
            ],
            [
              119.20394941500001,
              35.02496979400007
            ],
            [
              119.19931074300007,
              35.01666901200008
            ],
            [
              119.19288170700008,
              35.000433661000045
            ],
            [
              119.19288170700008,
              34.97402578300006
            ],
            [
              119.19703209700003,
              34.947699286000045
            ],
            [
              119.20337975400003,
              34.931626695000034
            ],
            [
              119.18869763400005,
              34.856274168000084
            ],
            [
              119.19312584700003,
              34.809881903000075
            ],
            [
              119.20191491000003,
              34.78497955900008
            ],
            [
              119.18905683700007,
              34.76654694200005
            ],
            [
              119.19532311300009,
              34.75971100500004
            ],
            [
              119.19027754000001,
              34.749253648000035
            ],
            [
              119.18873131600003,
              34.73305898600006
            ],
            [
              119.19223066500001,
              34.71820709800005
            ],
            [
              119.20337975400003,
              34.71190013200004
            ],
            [
              119.20980879000001,
              34.71857330900008
            ],
            [
              119.22095787900003,
              34.74941640800006
            ],
            [
              119.22934004000001,
              34.75971100500004
            ],
            [
              119.24179121200007,
              34.76166413000004
            ],
            [
              119.29135175900001,
              34.75348541900007
            ],
            [
              119.31177819100003,
              34.755072333000044
            ],
            [
              119.32496178500003,
              34.75999583500004
            ],
            [
              119.33505293100006,
              34.76850006700005
            ],
            [
              119.34669030000009,
              34.78082916900007
            ],
            [
              119.35800214900007,
              34.774603583000044
            ],
            [
              119.37558027400007,
              34.75934479400007
            ],
            [
              119.38770592500009,
              34.75348541900007
            ],
            [
              119.40145918100006,
              34.75112539300005
            ],
            [
              119.42823326900009,
              34.74994538000004
            ],
            [
              119.44223066500001,
              34.74603913000004
            ],
            [
              119.46322675900001,
              34.73236725500004
            ],
            [
              119.47421308700007,
              34.715277411000045
            ],
            [
              119.47274824300007,
              34.698146877000056
            ],
            [
              119.45655358200008,
              34.68455638200004
            ],
            [
              119.53174889400009,
              34.61570872600004
            ],
            [
              119.58871504000001,
              34.58222077000005
            ],
            [
              119.59986412900003,
              34.56854889500005
            ],
            [
              119.60922285200002,
              34.56273021000004
            ],
            [
              119.64096113400001,
              34.55052317900004
            ],
            [
              119.64096113400001,
              34.54572174700007
            ],
            [
              119.64144941500001,
              34.54083893400008
            ],
            [
              119.64340254000001,
              34.53656647300005
            ],
            [
              119.64771569100003,
              34.53384023600006
            ],
            [
              119.65845787900003,
              34.53156159100007
            ],
            [
              119.68531334700003,
              34.53384023600006
            ],
            [
              119.70533287900003,
              34.53115469000005
            ],
            [
              119.72885175900001,
              34.52411530200004
            ],
            [
              119.75123131600003,
              34.51422760600008
            ],
            [
              119.79525800900001,
              34.481675523000035
            ],
            [
              119.82618248800009,
              34.470404364000046
            ],
            [
              119.86207116000003,
              34.46580638200004
            ],
            [
              119.90503991000003,
              34.464911200000074
            ],
            [
              119.93995201900009,
              34.457912502000056
            ],
            [
              119.98292076900009,
              34.440741278000075
            ],
            [
              120.02295983200008,
              34.41937897300005
            ],
            [
              120.07870527400007,
              34.37750885600008
            ],
            [
              120.11817467500009,
              34.35960521000004
            ],
            [
              120.23975670700008,
              34.32367584800005
            ],
            [
              120.25709069100003,
              34.311835028000075
            ],
            [
              120.26400800900001,
              34.29075755400004
            ],
            [
              120.26669355600006,
              34.26630280200004
            ],
            [
              120.27418053500003,
              34.24453359600005
            ],
            [
              120.29883873800009,
              34.20425039300005
            ],
            [
              120.30937427900005,
              34.17407134900009
            ],
            [
              120.317212315,
              34.152123405000054
            ],
            [
              120.32496554200009,
              34.13645107200006
            ],
            [
              120.3252237590001,
              34.111297999000044
            ],
            [
              120.34823652400007,
              34.07684967700004
            ],
            [
              120.35352623800009,
              34.06077708500004
            ],
            [
              120.35849043100006,
              34.05345286700009
            ],
            [
              120.36532636800007,
              34.04564036700009
            ],
            [
              120.37134850400003,
              34.036037502000056
            ],
            [
              120.38502037900003,
              33.970404364000046
            ],
            [
              120.40796959700003,
              33.91681549700007
            ],
            [
              120.41334069100003,
              33.897365627000056
            ],
            [
              120.41260826900009,
              33.88751862200007
            ],
            [
              120.39844811300009,
              33.878973700000074
            ],
            [
              120.39966881600003,
              33.86933014500005
            ],
            [
              120.40707441500001,
              33.85976797100005
            ],
            [
              120.41895592500009,
              33.85537344000005
            ],
            [
              120.43140709700003,
              33.84601471600007
            ],
            [
              120.44336998800009,
              33.82469310100004
            ],
            [
              120.45093834700003,
              33.80149974200009
            ],
            [
              120.44971764400009,
              33.786444403000075
            ],
            [
              120.46412194100003,
              33.77496979400007
            ],
            [
              120.48243248800009,
              33.76512278900009
            ],
            [
              120.49830162900003,
              33.75332265800006
            ],
            [
              120.50489342500009,
              33.735581773000035
            ],
            [
              120.50586998800009,
              33.69717031500005
            ],
            [
              120.51172936300009,
              33.65672435100004
            ],
            [
              120.50269616000003,
              33.66156647300005
            ],
            [
              120.49512780000009,
              33.662176825000074
            ],
            [
              120.48902428500003,
              33.65839264500005
            ],
            [
              120.48373457100001,
              33.64996979400007
            ],
            [
              120.52597089900007,
              33.610663153000075
            ],
            [
              120.53907311300009,
              33.59467194200005
            ],
            [
              120.56324303500003,
              33.54800039300005
            ],
            [
              120.57325280000009,
              33.533270575000074
            ],
            [
              120.62777754000001,
              33.47801341400009
            ],
            [
              120.63436933700007,
              33.46694570500006
            ],
            [
              120.65211022200003,
              33.42812734600005
            ],
            [
              120.65577233200008,
              33.41315338700008
            ],
            [
              120.66195722700002,
              33.33803945500006
            ],
            [
              120.66724694100003,
              33.325100002000056
            ],
            [
              120.68002363400001,
              33.30801015800006
            ],
            [
              120.69507897200003,
              33.29315827000005
            ],
            [
              120.70728600400003,
              33.286810614000046
            ],
            [
              120.72046959700003,
              33.28497955900008
            ],
            [
              120.73788496200007,
              33.279282945000034
            ],
            [
              120.75025475400003,
              33.269598700000074
            ],
            [
              120.74756920700008,
              33.25580475500004
            ],
            [
              120.74268639400009,
              33.25267161700009
            ],
            [
              120.73707116000003,
              33.25092194200005
            ],
            [
              120.73218834700003,
              33.24823639500005
            ],
            [
              120.73023522200003,
              33.24213288000004
            ],
            [
              120.73251386800007,
              33.23712799700007
            ],
            [
              120.74252363400001,
              33.227769273000035
            ],
            [
              120.74439537900003,
              33.22410716400009
            ],
            [
              120.74350019600001,
              33.208644924000055
            ],
            [
              120.74008222700002,
              33.205511786000045
            ],
            [
              120.73023522200003,
              33.20490143400008
            ],
            [
              120.78524824300007,
              33.16502513200004
            ],
            [
              120.80697675900001,
              33.13776276200008
            ],
            [
              120.79224694100003,
              33.108710028000075
            ],
            [
              120.81251061300009,
              33.10578034100007
            ],
            [
              120.81893964900007,
              33.09218984600005
            ],
            [
              120.81959069100003,
              33.05410390800006
            ],
            [
              120.82593834700003,
              33.030178127000056
            ],
            [
              120.83375084700003,
              33.02562083500004
            ],
            [
              120.84644616000003,
              33.02985260600008
            ],
            [
              120.86744225400003,
              33.03237539300005
            ],
            [
              120.89014733200008,
              33.02610911700009
            ],
            [
              120.89576256600003,
              33.01357656500005
            ],
            [
              120.88851972700002,
              32.977728583000044
            ],
            [
              120.88868248800009,
              32.96271393400008
            ],
            [
              120.90780683700007,
              32.84389883000006
            ],
            [
              120.90479576900009,
              32.81264883000006
            ],
            [
              120.88030821400002,
              32.77203182900007
            ],
            [
              120.85238691500001,
              32.75600820500006
            ],
            [
              120.86142011800007,
              32.71967194200005
            ],
            [
              120.86044355600006,
              32.68976471600007
            ],
            [
              120.85018964900007,
              32.696600653000075
            ],
            [
              120.84310957100001,
              32.70392487200007
            ],
            [
              120.84140058700007,
              32.71108633000006
            ],
            [
              120.84693444100003,
              32.717678127000056
            ],
            [
              120.84009850400003,
              32.72451406500005
            ],
            [
              120.83017011800007,
              32.709418036000045
            ],
            [
              120.83033287900003,
              32.69765859600005
            ],
            [
              120.86386823800001,
              32.67105755700004
            ],
            [
              120.90661411500002,
              32.65971027300009
            ],
            [
              120.91119932700008,
              32.630121296000084
            ],
            [
              120.94388695400005,
              32.60522416300006
            ],
            [
              120.97502096700009,
              32.59511507700006
            ],
            [
              121.02070551400004,
              32.568521788000055
            ],
            [
              121.04278207100003,
              32.55754181600008
            ],
            [
              121.06625410200002,
              32.54401276200008
            ],
            [
              121.08619225400003,
              32.536037502000056
            ],
            [
              121.09872480600006,
              32.521144924000055
            ],
            [
              121.10084069100003,
              32.49795156500005
            ],
            [
              121.10767662900003,
              32.49795156500005
            ],
            [
              121.12020918100006,
              32.50739166900007
            ],
            [
              121.157256416,
              32.49559551700008
            ],
            [
              121.1737999820001,
              32.487625079000054
            ],
            [
              121.191507408,
              32.47865253500004
            ],
            [
              121.21510394400002,
              32.472664414000064
            ],
            [
              121.2717099360001,
              32.44773449200005
            ],
            [
              121.35413965600003,
              32.41482275900006
            ],
            [
              121.38940888400009,
              32.38494757500007
            ],
            [
              121.40111730900003,
              32.35213194900007
            ],
            [
              121.41602623800009,
              32.26894765800006
            ],
            [
              121.41773522200003,
              32.25527578300006
            ],
            [
              121.41928144600001,
              32.25031159100007
            ],
            [
              121.41578209700003,
              32.24860260600008
            ],
            [
              121.40170332100001,
              32.24469635600008
            ],
            [
              121.37720787900003,
              32.24164459800005
            ],
            [
              121.36670983200008,
              32.23895905200004
            ],
            [
              121.36085045700008,
              32.231634833000044
            ],
            [
              121.36801191500001,
              32.22736237200007
            ],
            [
              121.39869225400003,
              32.16893138200004
            ],
            [
              121.42514082100001,
              32.164048570000034
            ],
            [
              121.43116295700008,
              32.15135325700004
            ],
            [
              121.43213951900009,
              32.13385651200008
            ],
            [
              121.44336998800009,
              32.11432526200008
            ],
            [
              121.44947350400003,
              32.11273834800005
            ],
            [
              121.45614668100006,
              32.11554596600007
            ],
            [
              121.46241295700008,
              32.11969635600008
            ],
            [
              121.46729576900009,
              32.12177155200004
            ],
            [
              121.47299238400001,
              32.11961497600004
            ],
            [
              121.48194420700008,
              32.110256252000056
            ],
            [
              121.48804772200003,
              32.10814036700009
            ],
            [
              121.49659264400009,
              32.110256252000056
            ],
            [
              121.5,
              32.110083225684015
            ]
          ],
          [
            [
              120.83701243000787,
              32.0
            ],
            [
              120.81080162900003,
              32.02260976800005
            ],
            [
              120.74364441600005,
              32.03604475700007
            ],
            [
              120.63437647600006,
              32.077009598000075
            ],
            [
              120.56548762200009,
              32.07671334500009
            ],
            [
              120.52236056200002,
              32.08260123700006
            ],
            [
              120.49075762900009,
              32.08245338200004
            ],
            [
              120.42782102700005,
              32.052929987000084
            ],
            [
              120.36158287900003,
              32.02558014500005
            ],
            [
              120.33250838959361,
              32.0
            ]
          ],
          [
            [
              120.00974376869237,
              32.0
            ],
            [
              119.99203535200002,
              32.01585521000004
            ],
            [
              119.92139733200008,
              32.10854726800005
            ],
            [
              119.91220136800007,
              32.12372467700004
            ],
            [
              119.90845787900003,
              32.13886139500005
            ],
            [
              119.91098066500001,
              32.15814850500004
            ],
            [
              119.92115319100003,
              32.196478583000044
            ],
            [
              119.92212975400003,
              32.21743398600006
            ],
            [
              119.90048261800007,
              32.19818756700005
            ],
            [
              119.88754316500001,
              32.21385325700004
            ],
            [
              119.87427819100003,
              32.26512278900009
            ],
            [
              119.86215254000001,
              32.28115469000005
            ],
            [
              119.84213300900001,
              32.29905833500004
            ],
            [
              119.81836998800009,
              32.313706773000035
            ],
            [
              119.79517662900003,
              32.31976959800005
            ],
            [
              119.78199303500003,
              32.32123444200005
            ],
            [
              119.75806725400003,
              32.32697174700007
            ],
            [
              119.74390709700003,
              32.32721588700008
            ],
            [
              119.69239342500009,
              32.31976959800005
            ],
            [
              119.67684980600006,
              32.32843659100007
            ],
            [
              119.66089928500003,
              32.345770575000074
            ],
            [
              119.64087975400003,
              32.35883209800005
            ],
            [
              119.61288496200007,
              32.35455963700008
            ],
            [
              119.64901777400007,
              32.33608633000006
            ],
            [
              119.66073652400007,
              32.32721588700008
            ],
            [
              119.67855879000001,
              32.30621979400007
            ],
            [
              119.68539472700002,
              32.29242584800005
            ],
            [
              119.67847741000003,
              32.28628164300005
            ],
            [
              119.67603600400003,
              32.27806224200009
            ],
            [
              119.65455162900003,
              32.23476797100005
            ],
            [
              119.64901777400007,
              32.21954987200007
            ],
            [
              119.63575280000009,
              32.211004950000074
            ],
            [
              119.61988366000003,
              32.20490143400008
            ],
            [
              119.60604902400007,
              32.196926174000055
            ],
            [
              119.62769616000003,
              32.18939850500004
            ],
            [
              119.64527428500003,
              32.19521719000005
            ],
            [
              119.65975996200007,
              32.207912502000056
            ],
            [
              119.67164147200003,
              32.220770575000074
            ],
            [
              119.69044030000009,
              32.23533763200004
            ],
            [
              119.70142662900003,
              32.23346588700008
            ],
            [
              119.71216881600003,
              32.22260163000004
            ],
            [
              119.73023522200003,
              32.210598049000055
            ],
            [
              119.75513756600003,
              32.20587799700007
            ],
            [
              119.77857506600003,
              32.20465729400007
            ],
            [
              119.78858483200008,
              32.19863515800006
            ],
            [
              119.76376386800007,
              32.16250234600005
            ],
            [
              119.76441491000003,
              32.143744208000044
            ],
            [
              119.77247155000009,
              32.12677643400008
            ],
            [
              119.78492272200003,
              32.11432526200008
            ],
            [
              119.85556074300007,
              32.08698151200008
            ],
            [
              119.86695397200003,
              32.07709381700005
            ],
            [
              119.90716251700007,
              32.04538471300009
            ],
            [
              119.93850207500009,
              32.018042851000075
            ],
            [
              119.95344861671363,
              32.0
            ]
          ],
          [
            [
              120.45440744774069,
              32.0
            ],
            [
              120.45415713800003,
              32.003185570000085
            ],
            [
              120.455412335,
              32.02142844200006
            ],
            [
              120.46949303500003,
              32.02513255400004
            ],
            [
              120.51783287900003,
              32.018744208000044
            ],
            [
              120.57716625832197,
              32.0
            ]
          ],
          [
            [
              118.40027160894661,
              32.0
            ],
            [
              118.40283003068134,
              32.00324066832218
            ]
          ],
          [
            [
              118.40283003068134,
              32.00324066832218
            ],
            [
              118.40143476760045,
              32.007193915366884
            ]
          ],
          [
            [
              118.40143476760045,
              32.007193915366884
            ],
            [
              118.39755903492153,
              32.011663927248435
            ]
          ],
          [
            [
              118.39755903492153,
              32.011663927248435
            ],
            [
              118.39213301043003,
              32.016469835014846
            ]
          ],
          [
            [
              118.39213301043003,
              32.016469835014846
            ],
            [
              118.385311721059,
              32.02404043232008
            ]
          ],
          [
            [
              118.385311721059,
              32.02404043232008
            ],
            [
              118.38205610600448,
              32.030319119331864
            ]
          ],
          [
            [
              118.38205610600448,
              32.030319119331864
            ],
            [
              118.38066084202421,
              32.037088730960136
            ]
          ],
          [
            [
              118.38066084202421,
              32.037088730960136
            ],
            [
              118.38112593001756,
              32.04243724198511
            ]
          ],
          [
            [
              118.38112593001756,
              32.04243724198511
            ],
            [
              118.38314131072286,
              32.05396108723437
            ]
          ],
          [
            [
              118.38314131072286,
              32.05396108723437
            ],
            [
              118.3978690941833,
              32.078145657496066
            ]
          ],
          [
            [
              118.3978690941833,
              32.078145657496066
            ],
            [
              118.411511672026,
              32.08866181149341
            ]
          ],
          [
            [
              118.411511672026,
              32.08866181149341
            ],
            [
              118.48303185403677,
              32.12413768210831
            ]
          ],
          [
            [
              118.48303185403677,
              32.12413768210831
            ],
            [
              118.49331546403744,
              32.13157908820432
            ]
          ],
          [
            [
              118.49331546403744,
              32.13157908820432
            ],
            [
              118.4990515477906,
              32.137676907163495
            ]
          ],
          [
            [
              118.4990515477906,
              32.137676907163495
            ],
            [
              118.49982669504584,
              32.13995067028719
            ]
          ],
          [
            [
              118.49982669504584,
              32.13995067028719
            ],
            [
              118.5002917830393,
              32.141345934267406
            ]
          ],
          [
            [
              118.5002917830393,
              32.141345934267406
            ],
            [
              118.50091189976433,
              32.15186208826475
            ]
          ],
          [
            [
              118.50091189976433,
              32.15186208826475
            ],
            [
              118.49874149032746,
              32.17630504004552
            ]
          ],
          [
            [
              118.49874149032746,
              32.17630504004552
            ],
            [
              118.49936160705249,
              32.18348806372313
            ]
          ],
          [
            [
              118.49936160705249,
              32.18348806372313
            ],
            [
              118.50308231010047,
              32.19286733705792
            ]
          ],
          [
            [
              118.50308231010047,
              32.19286733705792
            ],
            [
              118.50788821786693,
              32.19751821519344
            ]
          ],
          [
            [
              118.50788821786693,
              32.19751821519344
            ],
            [
              118.51439944887545,
              32.19976613989542
            ]
          ],
          [
            [
              118.51439944887545,
              32.19976613989542
            ],
            [
              118.54225304624106,
              32.20123891914079
            ]
          ],
          [
            [
              118.54225304624106,
              32.20123891914079
            ],
            [
              118.59899376794795,
              32.21157420508547
            ]
          ],
          [
            [
              118.59899376794795,
              32.21157420508547
            ],
            [
              118.60953576126633,
              32.215604967395336
            ]
          ],
          [
            [
              118.60953576126633,
              32.215604967395336
            ],
            [
              118.65036014200689,
              32.237877508839915
            ]
          ],
          [
            [
              118.65036014200689,
              32.237877508839915
            ],
            [
              118.66539798382985,
              32.24973724997409
            ]
          ],
          [
            [
              118.66539798382985,
              32.24973724997409
            ],
            [
              118.66849857015279,
              32.26105438874902
            ]
          ],
          [
            [
              118.66849857015279,
              32.26105438874902
            ],
            [
              118.66958377487128,
              32.267178046129914
            ]
          ],
          [
            [
              118.66958377487128,
              32.267178046129914
            ],
            [
              118.66880862761604,
              32.272965806726575
            ]
          ],
          [
            [
              118.66880862761604,
              32.272965806726575
            ],
            [
              118.66508792456807,
              32.276634832931165
            ]
          ],
          [
            [
              118.66508792456807,
              32.276634832931165
            ],
            [
              118.65315066906805,
              32.28084646329364
            ]
          ],
          [
            [
              118.65315066906805,
              32.28084646329364
            ],
            [
              118.65005008274511,
              32.28446381355411
            ]
          ],
          [
            [
              118.65005008274511,
              32.28446381355411
            ],
            [
              118.65036014200689,
              32.28903717732385
            ]
          ],
          [
            [
              118.65036014200689,
              32.28903717732385
            ],
            [
              118.6559411970286,
              32.3000184193146
            ]
          ],
          [
            [
              118.6559411970286,
              32.3000184193146
            ],
            [
              118.66152225115093,
              32.31567637786253
            ]
          ],
          [
            [
              118.66152225115093,
              32.31567637786253
            ],
            [
              118.66741336543441,
              32.32074066804739
            ]
          ],
          [
            [
              118.66741336543441,
              32.32074066804739
            ],
            [
              118.67826541621594,
              32.32735525184336
            ]
          ],
          [
            [
              118.67826541621594,
              32.32735525184336
            ],
            [
              118.68245120725737,
              32.333298041171645
            ]
          ],
          [
            [
              118.68245120725737,
              32.333298041171645
            ],
            [
              118.68405317591328,
              32.33924083139925
            ]
          ],
          [
            [
              118.68405317591328,
              32.33924083139925
            ],
            [
              118.68291629435146,
              32.351023058167584
            ]
          ],
          [
            [
              118.68291629435146,
              32.351023058167584
            ],
            [
              118.68167606000213,
              32.35634572987152
            ]
          ],
          [
            [
              118.68167606000213,
              32.35634572987152
            ],
            [
              118.67438968263775,
              32.37208120458388
            ]
          ],
          [
            [
              118.67438968263775,
              32.37208120458388
            ],
            [
              118.66911868687782,
              32.392235012535764
            ]
          ],
          [
            [
              118.66911868687782,
              32.392235012535764
            ],
            [
              118.66772342289755,
              32.40368134251992
            ]
          ],
          [
            [
              118.66772342289755,
              32.40368134251992
            ],
            [
              118.66896365814625,
              32.429261175862564
            ]
          ],
          [
            [
              118.66896365814625,
              32.429261175862564
            ],
            [
              118.66787845342787,
              32.45321320212753
            ]
          ],
          [
            [
              118.66787845342787,
              32.45321320212753
            ],
            [
              118.66679324781012,
              32.45887177241434
            ]
          ],
          [
            [
              118.66679324781012,
              32.45887177241434
            ],
            [
              118.66493289583639,
              32.4638585473341
            ]
          ],
          [
            [
              118.66493289583639,
              32.4638585473341
            ],
            [
              118.66136722241936,
              32.46822520642809
            ]
          ],
          [
            [
              118.66136722241936,
              32.46822520642809
            ],
            [
              118.65640628502194,
              32.47119660154192
            ]
          ],
          [
            [
              118.65640628502194,
              32.47119660154192
            ],
            [
              118.64989505401354,
              32.47347036376624
            ]
          ],
          [
            [
              118.64989505401354,
              32.47347036376624
            ],
            [
              118.61180952438997,
              32.477681993229396
            ]
          ],
          [
            [
              118.61180952438997,
              32.477681993229396
            ],
            [
              118.60581505731898,
              32.47982656514387
            ]
          ],
          [
            [
              118.60581505731898,
              32.47982656514387
            ],
            [
              118.60100914865325,
              32.48295298898921
            ]
          ],
          [
            [
              118.60100914865325,
              32.48295298898921
            ],
            [
              118.59734012334798,
              32.48685456008985
            ]
          ],
          [
            [
              118.59734012334798,
              32.48685456008985
            ],
            [
              118.59480797690651,
              32.49127289512796
            ]
          ],
          [
            [
              118.59480797690651,
              32.49127289512796
            ],
            [
              118.59341271382561,
              32.4954845236918
            ]
          ],
          [
            [
              118.59341271382561,
              32.4954845236918
            ],
            [
              118.59279259710058,
              32.50008372678252
            ]
          ],
          [
            [
              118.59279259710058,
              32.50008372678252
            ],
            [
              118.59387780181908,
              32.515586655699565
            ]
          ],
          [
            [
              118.59387780181908,
              32.515586655699565
            ],
            [
              118.59325768419467,
              32.5213744171956
            ]
          ],
          [
            [
              118.59325768419467,
              32.5213744171956
            ],
            [
              118.59186242111377,
              32.5267229273212
            ]
          ],
          [
            [
              118.59186242111377,
              32.5267229273212
            ],
            [
              118.58922692278418,
              32.531218776725154
            ]
          ],
          [
            [
              118.58922692278418,
              32.531218776725154
            ],
            [
              118.58535119010526,
              32.534913642250785
            ]
          ],
          [
            [
              118.58535119010526,
              32.534913642250785
            ],
            [
              118.58080366385798,
              32.538195094827756
            ]
          ],
          [
            [
              118.58080366385798,
              32.538195094827756
            ],
            [
              118.55925459192588,
              32.54930552802767
            ]
          ],
          [
            [
              118.55925459192588,
              32.54930552802767
            ],
            [
              118.55506880088444,
              32.554499010321024
            ]
          ],
          [
            [
              118.55506880088444,
              32.554499010321024
            ],
            [
              118.55243330255485,
              32.56163035715525
            ]
          ],
          [
            [
              118.55243330255485,
              32.56163035715525
            ],
            [
              118.55181318582981,
              32.5744461126979
            ]
          ],
          [
            [
              118.55181318582981,
              32.5744461126979
            ],
            [
              118.55455203694692,
              32.58175832848406
            ]
          ],
          [
            [
              118.55455203694692,
              32.58175832848406
            ],
            [
              118.55889285671992,
              32.58746857381561
            ]
          ],
          [
            [
              118.55889285671992,
              32.58746857381561
            ],
            [
              118.56623091002848,
              32.5914993352261
            ]
          ],
          [
            [
              118.56623091002848,
              32.5914993352261
            ],
            [
              118.5730521993994,
              32.59335968719978
            ]
          ],
          [
            [
              118.5730521993994,
              32.59335968719978
            ],
            [
              118.58018354713295,
              32.593488878409005
            ]
          ],
          [
            [
              118.58018354713295,
              32.593488878409005
            ],
            [
              118.5869014828171,
              32.59204193848467
            ]
          ],
          [
            [
              118.5869014828171,
              32.59204193848467
            ],
            [
              118.59263756657037,
              32.58956146888664
            ]
          ],
          [
            [
              118.59263756657037,
              32.58956146888664
            ],
            [
              118.60255944226435,
              32.5836703564018
            ]
          ],
          [
            [
              118.60255944226435,
              32.5836703564018
            ],
            [
              118.60798546765511,
              32.581344916434716
            ]
          ],
          [
            [
              118.60798546765511,
              32.581344916434716
            ],
            [
              118.61449669776437,
              32.58087982844131
            ]
          ],
          [
            [
              118.61449669776437,
              32.58087982844131
            ],
            [
              118.62069787041037,
              32.582688504470866
            ]
          ],
          [
            [
              118.62069787041037,
              32.582688504470866
            ],
            [
              118.64291873591094,
              32.59390228955897
            ]
          ],
          [
            [
              118.64291873591094,
              32.59390228955897
            ],
            [
              118.64974002528186,
              32.594212347921484
            ]
          ],
          [
            [
              118.64974002528186,
              32.594212347921484
            ],
            [
              118.6556311377667,
              32.59258453994454
            ]
          ],
          [
            [
              118.6556311377667,
              32.59258453994454
            ],
            [
              118.66038536958911,
              32.58969066009587
            ]
          ],
          [
            [
              118.66038536958911,
              32.58969066009587
            ],
            [
              118.66617313018571,
              32.58739105944983
            ]
          ],
          [
            [
              118.66617313018571,
              32.58739105944983
            ],
            [
              118.67392459464429,
              32.5876236034465
            ]
          ],
          [
            [
              118.67392459464429,
              32.5876236034465
            ],
            [
              118.68214114799548,
              32.59046580735111
            ]
          ],
          [
            [
              118.68214114799548,
              32.59046580735111
            ],
            [
              118.69366499234548,
              32.597519639819495
            ]
          ],
          [
            [
              118.69366499234548,
              32.597519639819495
            ],
            [
              118.70172651606583,
              32.60028432935832
            ]
          ],
          [
            [
              118.70172651606583,
              32.60028432935832
            ],
            [
              118.70978803888681,
              32.60082693081819
            ]
          ],
          [
            [
              118.70978803888681,
              32.60082693081819
            ],
            [
              118.71629926989533,
              32.599457506158956
            ]
          ],
          [
            [
              118.71629926989533,
              32.599457506158956
            ],
            [
              118.72436079271631,
              32.60012929882805
            ]
          ],
          [
            [
              118.72436079271631,
              32.60012929882805
            ],
            [
              118.73257734606761,
              32.60299734115438
            ]
          ],
          [
            [
              118.73257734606761,
              32.60299734115438
            ],
            [
              118.7437911320551,
              32.61012868888787
            ]
          ],
          [
            [
              118.7437911320551,
              32.61012868888787
            ],
            [
              118.75185265487607,
              32.612505804799014
            ]
          ],
          [
            [
              118.75185265487607,
              32.612505804799014
            ],
            [
              118.7586739442471,
              32.61266083442996
            ]
          ],
          [
            [
              118.7586739442471,
              32.61266083442996
            ],
            [
              118.76301476402011,
              32.61046458657137
            ]
          ],
          [
            [
              118.76301476402011,
              32.61046458657137
            ],
            [
              118.77665734276206,
              32.59914744689712
            ]
          ],
          [
            [
              118.77665734276206,
              32.59914744689712
            ],
            [
              118.78296186729631,
              32.59739044950959
            ]
          ],
          [
            [
              118.78296186729631,
              32.59739044950959
            ],
            [
              118.7904549502357,
              32.597545478241216
            ]
          ],
          [
            [
              118.7904549502357,
              32.597545478241216
            ],
            [
              118.80755984870802,
              32.60408254677208
            ]
          ],
          [
            [
              118.80755984870802,
              32.60408254677208
            ],
            [
              118.81407107971654,
              32.60516775238983
            ]
          ],
          [
            [
              118.81407107971654,
              32.60516775238983
            ],
            [
              118.81903201711384,
              32.60322988515105
            ]
          ],
          [
            [
              118.81903201711384,
              32.60322988515105
            ],
            [
              118.8224426617993,
              32.59953502052474
            ]
          ],
          [
            [
              118.8224426617993,
              32.59953502052474
            ],
            [
              118.82476810086712,
              32.59490997991162
            ]
          ],
          [
            [
              118.82476810086712,
              32.59490997991162
            ],
            [
              118.82833377518352,
              32.59118927686359
            ]
          ],
          [
            [
              118.82833377518352,
              32.59118927686359
            ],
            [
              118.83360477094334,
              32.588631292899834
            ]
          ],
          [
            [
              118.83360477094334,
              32.588631292899834
            ],
            [
              118.84027103068343,
              32.58783030902151
            ]
          ],
          [
            [
              118.84027103068343,
              32.58783030902151
            ],
            [
              118.84724734878603,
              32.5876236034465
            ]
          ],
          [
            [
              118.84724734878603,
              32.5876236034465
            ],
            [
              118.89132734637985,
              32.59568512626754
            ]
          ],
          [
            [
              118.89132734637985,
              32.59568512626754
            ],
            [
              118.89747684128315,
              32.59553009753597
            ]
          ],
          [
            [
              118.89747684128315,
              32.59553009753597
            ],
            [
              118.90279951388641,
              32.593643907140574
            ]
          ],
          [
            [
              118.90279951388641,
              32.593643907140574
            ],
            [
              118.90512495295422,
              32.589638984151804
            ]
          ],
          [
            [
              118.90512495295422,
              32.589638984151804
            ],
            [
              118.90481489459171,
              32.58467804585513
            ]
          ],
          [
            [
              118.90481489459171,
              32.58467804585513
            ],
            [
              118.90326460187987,
              32.579407050095256
            ]
          ],
          [
            [
              118.90326460187987,
              32.579407050095256
            ],
            [
              118.90233442589295,
              32.573438422345305
            ]
          ],
          [
            [
              118.90233442589295,
              32.573438422345305
            ],
            [
              118.90310957224892,
              32.568038235376264
            ]
          ],
          [
            [
              118.90310957224892,
              32.568038235376264
            ],
            [
              118.90574506967914,
              32.56369741470388
            ]
          ],
          [
            [
              118.90574506967914,
              32.56369741470388
            ],
            [
              118.91008589125079,
              32.56085521079933
            ]
          ],
          [
            [
              118.91008589125079,
              32.56085521079933
            ],
            [
              118.91628706299753,
              32.560157578809196
            ]
          ],
          [
            [
              118.91628706299753,
              32.560157578809196
            ],
            [
              118.92905114079747,
              32.56116526916185
            ]
          ],
          [
            [
              118.92905114079747,
              32.56116526916185
            ],
            [
              118.93540734307442,
              32.5605968292802
            ]
          ],
          [
            [
              118.93540734307442,
              32.5605968292802
            ],
            [
              118.94067833883423,
              32.55834890457828
            ]
          ],
          [
            [
              118.94067833883423,
              32.55834890457828
            ],
            [
              118.94486412987567,
              32.554912421471045
            ]
          ],
          [
            [
              118.94486412987567,
              32.554912421471045
            ],
            [
              118.94827477366186,
              32.55095917442634
            ]
          ],
          [
            [
              118.94827477366186,
              32.55095917442634
            ],
            [
              118.96176232277298,
              32.528634955239
            ]
          ],
          [
            [
              118.96176232277298,
              32.528634955239
            ],
            [
              118.96827355378139,
              32.52047007873114
            ]
          ],
          [
            [
              118.96827355378139,
              32.52047007873114
            ],
            [
              118.972511020767,
              32.51705943494494
            ]
          ],
          [
            [
              118.972511020767,
              32.51705943494494
            ],
            [
              118.97778201742608,
              32.514243069462054
            ]
          ],
          [
            [
              118.97778201742608,
              32.514243069462054
            ],
            [
              118.98351810117936,
              32.51227936470087
            ]
          ],
          [
            [
              118.98351810117936,
              32.51227936470087
            ],
            [
              118.98987430165766,
              32.51165924707658
            ]
          ],
          [
            [
              118.98987430165766,
              32.51165924707658
            ],
            [
              119.00398196839308,
              32.51336457031863
            ]
          ],
          [
            [
              119.00398196839308,
              32.51336457031863
            ],
            [
              119.00956302341478,
              32.51320953978842
            ]
          ],
          [
            [
              119.00956302341478,
              32.51320953978842
            ],
            [
              119.01545413589963,
              32.51165924707658
            ]
          ],
          [
            [
              119.01545413589963,
              32.51165924707658
            ],
            [
              119.02119021965291,
              32.50941132327392
            ]
          ],
          [
            [
              119.02119021965291,
              32.50941132327392
            ],
            [
              119.02987186099756,
              32.50352020899044
            ]
          ],
          [
            [
              119.02987186099756,
              32.50352020899044
            ],
            [
              119.03328250478376,
              32.50031626987993
            ]
          ],
          [
            [
              119.03328250478376,
              32.50031626987993
            ],
            [
              119.03395429925149,
              32.499411933214105
            ]
          ],
          [
            [
              119.03395429925149,
              32.499411933214105
            ],
            [
              119.03643476795014,
              32.49390839345756
            ]
          ],
          [
            [
              119.03643476795014,
              32.49390839345756
            ],
            [
              119.03907026627974,
              32.48995514641285
            ]
          ],
          [
            [
              119.03907026627974,
              32.48995514641285
            ],
            [
              119.04279096932771,
              32.48602773689055
            ]
          ],
          [
            [
              119.04279096932771,
              32.48602773689055
            ],
            [
              119.05622684069613,
              32.47620921488334
            ]
          ],
          [
            [
              119.05622684069613,
              32.47620921488334
            ],
            [
              119.05953413259408,
              32.47199758631956
            ]
          ],
          [
            [
              119.05953413259408,
              32.47199758631956
            ],
            [
              119.06232465965525,
              32.46760508880379
            ]
          ],
          [
            [
              119.06232465965525,
              32.46760508880379
            ],
            [
              119.06371992363552,
              32.46233409304392
            ]
          ],
          [
            [
              119.06371992363552,
              32.46233409304392
            ],
            [
              119.06620039323354,
              32.44535838488156
            ]
          ],
          [
            [
              119.06620039323354,
              32.44535838488156
            ],
            [
              119.08051476374533,
              32.44608185529336
            ]
          ],
          [
            [
              119.08051476374533,
              32.44608185529336
            ],
            [
              119.09028160980836,
              32.453161526183465
            ]
          ],
          [
            [
              119.09028160980836,
              32.453161526183465
            ],
            [
              119.13089928587328,
              32.49065277840299
            ]
          ],
          [
            [
              119.13089928587328,
              32.49065277840299
            ],
            [
              119.13622195757728,
              32.49641470057793
            ]
          ],
          [
            [
              119.13622195757728,
              32.49641470057793
            ],
            [
              119.1388057799627,
              32.50010956520424
            ]
          ],
          [
            [
              119.1388057799627,
              32.50010956520424
            ],
            [
              119.13942589668773,
              32.501349799553566
            ]
          ],
          [
            [
              119.13942589668773,
              32.501349799553566
            ],
            [
              119.14004601431202,
              32.50383026825227
            ]
          ],
          [
            [
              119.14004601431202,
              32.50383026825227
            ],
            [
              119.14149295513573,
              32.52129690193044
            ]
          ],
          [
            [
              119.14149295513573,
              32.52129690193044
            ],
            [
              119.1431465997357,
              32.53013357200672
            ]
          ],
          [
            [
              119.1431465997357,
              32.53013357200672
            ],
            [
              119.1466089212646,
              32.54090810842246
            ]
          ],
          [
            [
              119.1466089212646,
              32.54090810842246
            ],
            [
              119.15653079605931,
              32.56000255007763
            ]
          ],
          [
            [
              119.15653079605931,
              32.56000255007763
            ],
            [
              119.16288699833626,
              32.56907176415058
            ]
          ],
          [
            [
              119.16288699833626,
              32.56907176415058
            ],
            [
              119.16893313955268,
              32.575169583109755
            ]
          ],
          [
            [
              119.16893313955268,
              32.575169583109755
            ],
            [
              119.19937055930382,
              32.59372142240568
            ]
          ],
          [
            [
              119.19937055930382,
              32.59372142240568
            ],
            [
              119.20216108636498,
              32.62382294447326
            ]
          ],
          [
            [
              119.20216108636498,
              32.62382294447326
            ],
            [
              119.19947391209132,
              32.63968760769694
            ]
          ],
          [
            [
              119.19947391209132,
              32.63968760769694
            ],
            [
              119.19192915320775,
              32.66723114670003
            ]
          ],
          [
            [
              119.19192915320775,
              32.66723114670003
            ],
            [
              119.19037885959665,
              32.711233629028754
            ]
          ],
          [
            [
              119.19037885959665,
              32.711233629028754
            ],
            [
              119.18820844926051,
              32.7229641789537
            ]
          ],
          [
            [
              119.18820844926051,
              32.7229641789537
            ],
            [
              119.18500451104933,
              32.73099986425234
            ]
          ],
          [
            [
              119.18500451104933,
              32.73099986425234
            ],
            [
              119.17203372587574,
              32.741490179827906
            ]
          ],
          [
            [
              119.17203372587574,
              32.741490179827906
            ],
            [
              119.16691775884749,
              32.74730377884629
            ]
          ],
          [
            [
              119.16691775884749,
              32.74730377884629
            ],
            [
              119.16180179181924,
              32.75541697851071
            ]
          ],
          [
            [
              119.16180179181924,
              32.75541697851071
            ],
            [
              119.15436038572318,
              32.77130748105537
            ]
          ],
          [
            [
              119.15436038572318,
              32.77130748105537
            ],
            [
              119.15151818181857,
              32.78089345996517
            ]
          ],
          [
            [
              119.15151818181857,
              32.78089345996517
            ],
            [
              119.15094974193698,
              32.7891100124171
            ]
          ],
          [
            [
              119.15094974193698,
              32.7891100124171
            ],
            [
              119.15467044498496,
              32.80510386774927
            ]
          ],
          [
            [
              119.15467044498496,
              32.80510386774927
            ],
            [
              119.15653079605931,
              32.81825552007615
            ]
          ],
          [
            [
              119.15653079605931,
              32.81825552007615
            ],
            [
              119.1533785337923,
              32.82453420708799
            ]
          ],
          [
            [
              119.1533785337923,
              32.82453420708799
            ],
            [
              119.14800418524487,
              32.82853913007676
            ]
          ],
          [
            [
              119.14800418524487,
              32.82853913007676
            ],
            [
              119.10950524267275,
              32.83388764110174
            ]
          ],
          [
            [
              119.10950524267275,
              32.83388764110174
            ],
            [
              119.10190880694586,
              32.836290595434605
            ]
          ],
          [
            [
              119.10190880694586,
              32.836290595434605
            ],
            [
              119.09508751757483,
              32.84101898883523
            ]
          ],
          [
            [
              119.09508751757483,
              32.84101898883523
            ],
            [
              119.08175499899392,
              32.8566252714391
            ]
          ],
          [
            [
              119.08175499899392,
              32.8566252714391
            ],
            [
              119.07679406069735,
              32.861353664839726
            ]
          ],
          [
            [
              119.07679406069735,
              32.861353664839726
            ],
            [
              119.05023237542378,
              32.88013804813238
            ]
          ],
          [
            [
              119.05023237542378,
              32.88013804813238
            ],
            [
              119.04728681873166,
              32.88303192798105
            ]
          ],
          [
            [
              119.04728681873166,
              32.88303192798105
            ],
            [
              119.03969038300477,
              32.89308299398499
            ]
          ],
          [
            [
              119.03969038300477,
              32.89308299398499
            ],
            [
              119.0356596206949,
              32.897242947504026
            ]
          ],
          [
            [
              119.0356596206949,
              32.897242947504026
            ],
            [
              119.03069868419686,
              32.90034353292771
            ]
          ],
          [
            [
              119.03069868419686,
              32.90034353292771
            ],
            [
              119.01653934061801,
              32.90538198469085
            ]
          ],
          [
            [
              119.01653934061801,
              32.90538198469085
            ],
            [
              119.00894290579038,
              32.909541938209884
            ]
          ],
          [
            [
              119.00894290579038,
              32.909541938209884
            ],
            [
              119.00553226110492,
              32.914580389973025
            ]
          ],
          [
            [
              119.00553226110492,
              32.914580389973025
            ],
            [
              119.00475711474905,
              32.920549017722976
            ]
          ],
          [
            [
              119.00475711474905,
              32.920549017722976
            ],
            [
              119.00646243709173,
              32.93483755071236
            ]
          ],
          [
            [
              119.00646243709173,
              32.93483755071236
            ],
            [
              119.00630740836016,
              32.94370006010968
            ]
          ],
          [
            [
              119.00630740836016,
              32.94370006010968
            ],
            [
              119.00444705638654,
              32.94941030544123
            ]
          ],
          [
            [
              119.00444705638654,
              32.94941030544123
            ],
            [
              119.00212161731872,
              32.95375112611356
            ]
          ],
          [
            [
              119.00212161731872,
              32.95375112611356
            ],
            [
              118.99979617735164,
              32.956386624443155
            ]
          ],
          [
            [
              118.99979617735164,
              32.956386624443155
            ],
            [
              118.99700565029048,
              32.959073797817496
            ]
          ],
          [
            [
              118.99700565029048,
              32.959073797817496
            ],
            [
              118.99297488798061,
              32.96204519293127
            ]
          ],
          [
            [
              118.99297488798061,
              32.96204519293127
            ],
            [
              118.98723880422733,
              32.96431895605497
            ]
          ],
          [
            [
              118.98723880422733,
              32.96431895605497
            ],
            [
              118.98036583891223,
              32.96594676403191
            ]
          ],
          [
            [
              118.98036583891223,
              32.96594676403191
            ],
            [
              118.96506961467094,
              32.96734202711286
            ]
          ],
          [
            [
              118.96506961467094,
              32.96734202711286
            ],
            [
              118.95091027199146,
              32.96667023444377
            ]
          ],
          [
            [
              118.95091027199146,
              32.96667023444377
            ],
            [
              118.91039594871404,
              32.957316799530645
            ]
          ],
          [
            [
              118.91039594871404,
              32.957316799530645
            ],
            [
              118.90646854099032,
              32.95700674116813
            ]
          ],
          [
            [
              118.90646854099032,
              32.95700674116813
            ],
            [
              118.89861372284497,
              32.95855703387997
            ]
          ],
          [
            [
              118.89861372284497,
              32.95855703387997
            ],
            [
              118.88879520083776,
              32.96186432487866
            ]
          ],
          [
            [
              118.88879520083776,
              32.96186432487866
            ],
            [
              118.87411909422076,
              32.969512437449
            ]
          ],
          [
            [
              118.87411909422076,
              32.969512437449
            ],
            [
              118.86512739541297,
              32.97186371493848
            ]
          ],
          [
            [
              118.86512739541297,
              32.97186371493848
            ],
            [
              118.85737593005513,
              32.97230296540948
            ]
          ],
          [
            [
              118.85737593005513,
              32.97230296540948
            ],
            [
              118.84585208480587,
              32.96891815824637
            ]
          ],
          [
            [
              118.84585208480587,
              32.96891815824637
            ],
            [
              118.84135623630118,
              32.96579173440102
            ]
          ],
          [
            [
              118.84135623630118,
              32.96579173440102
            ],
            [
              118.83794559071634,
              32.9614250762063
            ]
          ],
          [
            [
              118.83794559071634,
              32.9614250762063
            ],
            [
              118.83298465421842,
              32.94282156006693
            ]
          ],
          [
            [
              118.83298465421842,
              32.94282156006693
            ],
            [
              118.83034915588883,
              32.93850657781627
            ]
          ],
          [
            [
              118.83034915588883,
              32.93850657781627
            ],
            [
              118.8264734232099,
              32.935173448395915
            ]
          ],
          [
            [
              118.8264734232099,
              32.935173448395915
            ],
            [
              118.81903201711384,
              32.930910142988694
            ]
          ],
          [
            [
              118.81903201711384,
              32.930910142988694
            ],
            [
              118.81608646042173,
              32.928636379865
            ]
          ],
          [
            [
              118.81608646042173,
              32.928636379865
            ],
            [
              118.81267581573627,
              32.92512238239203
            ]
          ],
          [
            [
              118.81267581573627,
              32.92512238239203
            ],
            [
              118.80973025904416,
              32.920704047353865
            ]
          ],
          [
            [
              118.80973025904416,
              32.920704047353865
            ],
            [
              118.80724979124477,
              32.91522634511972
            ]
          ],
          [
            [
              118.80724979124477,
              32.91522634511972
            ],
            [
              118.80569949763367,
              32.90887014374209
            ]
          ],
          [
            [
              118.80569949763367,
              32.90887014374209
            ],
            [
              118.8020821473732,
              32.876184801087675
            ]
          ],
          [
            [
              118.8020821473732,
              32.876184801087675
            ],
            [
              118.80042850097448,
              32.870009466863394
            ]
          ],
          [
            [
              118.80042850097448,
              32.870009466863394
            ],
            [
              118.79774132670082,
              32.86507436788776
            ]
          ],
          [
            [
              118.79774132670082,
              32.86507436788776
            ],
            [
              118.79324547729686,
              32.861741238467346
            ]
          ],
          [
            [
              118.79324547729686,
              32.861741238467346
            ],
            [
              118.78766442317453,
              32.85967418091872
            ]
          ],
          [
            [
              118.78766442317453,
              32.85967418091872
            ],
            [
              118.76673546796746,
              32.85546255145556
            ]
          ],
          [
            [
              118.76673546796746,
              32.85546255145556
            ],
            [
              118.76239464729508,
              32.85414480184113
            ]
          ],
          [
            [
              118.76239464729508,
              32.85414480184113
            ],
            [
              118.75820885625365,
              32.85220693640099
            ]
          ],
          [
            [
              118.75820885625365,
              32.85220693640099
            ],
            [
              118.75448815320567,
              32.84946808528389
            ]
          ],
          [
            [
              118.75448815320567,
              32.84946808528389
            ],
            [
              118.75216271413785,
              32.84714264621613
            ]
          ],
          [
            [
              118.75216271413785,
              32.84714264621613
            ],
            [
              118.74978559822671,
              32.84370616310895
            ]
          ],
          [
            [
              118.74978559822671,
              32.84370616310895
            ],
            [
              118.7482353046156,
              32.83853852013658
            ]
          ],
          [
            [
              118.7482353046156,
              32.83853852013658
            ],
            [
              118.74627159985437,
              32.80750682208213
            ]
          ],
          [
            [
              118.74627159985437,
              32.80750682208213
            ],
            [
              118.74513471919192,
              32.801615708697966
            ]
          ],
          [
            [
              118.74513471919192,
              32.801615708697966
            ],
            [
              118.740070429007,
              32.79164215795919
            ]
          ],
          [
            [
              118.740070429007,
              32.79164215795919
            ],
            [
              118.73800337055911,
              32.78639699972172
            ]
          ],
          [
            [
              118.73800337055911,
              32.78639699972172
            ],
            [
              118.73738325383408,
              32.781177679905966
            ]
          ],
          [
            [
              118.73738325383408,
              32.781177679905966
            ],
            [
              118.73846845855246,
              32.776165066564545
            ]
          ],
          [
            [
              118.73846845855246,
              32.776165066564545
            ],
            [
              118.74472130714253,
              32.761721503044896
            ]
          ],
          [
            [
              118.74472130714253,
              32.761721503044896
            ],
            [
              118.74544477755444,
              32.75719981521928
            ]
          ],
          [
            [
              118.74544477755444,
              32.75719981521928
            ],
            [
              118.74420454320511,
              32.75389252422059
            ]
          ],
          [
            [
              118.74420454320511,
              32.75389252422059
            ],
            [
              118.74286095606817,
              32.751489569887724
            ]
          ],
          [
            [
              118.74286095606817,
              32.751489569887724
            ],
            [
              118.74131066335633,
              32.74947418918248
            ]
          ],
          [
            [
              118.74131066335633,
              32.74947418918248
            ],
            [
              118.7287016133887,
              32.737795315201595
            ]
          ],
          [
            [
              118.7287016133887,
              32.737795315201595
            ],
            [
              118.72017500167499,
              32.73213674581416
            ]
          ],
          [
            [
              118.72017500167499,
              32.73213674581416
            ],
            [
              118.70854780543687,
              32.73208506897072
            ]
          ],
          [
            [
              118.70854780543687,
              32.73208506897072
            ],
            [
              118.62503869018337,
              32.74490082541274
            ]
          ],
          [
            [
              118.62503869018337,
              32.74490082541274
            ],
            [
              118.61077599471639,
              32.74559845650356
            ]
          ],
          [
            [
              118.61077599471639,
              32.74559845650356
            ],
            [
              118.60472985170122,
              32.74407400221344
            ]
          ],
          [
            [
              118.60472985170122,
              32.74407400221344
            ],
            [
              118.59961388557235,
              32.74164520945885
            ]
          ],
          [
            [
              118.59961388557235,
              32.74164520945885
            ],
            [
              118.58674645408553,
              32.731284085092454
            ]
          ],
          [
            [
              118.58674645408553,
              32.731284085092454
            ],
            [
              118.58194054631906,
              32.72851939555363
            ]
          ],
          [
            [
              118.58194054631906,
              32.72851939555363
            ],
            [
              118.57635949129747,
              32.72673655884512
            ]
          ],
          [
            [
              118.57635949129747,
              32.72673655884512
            ],
            [
              118.43078698083445,
              32.740327459844366
            ]
          ],
          [
            [
              118.43078698083445,
              32.740327459844366
            ],
            [
              118.42071007730817,
              32.739190579181866
            ]
          ],
          [
            [
              118.42071007730817,
              32.739190579181866
            ],
            [
              118.40861779217732,
              32.73332530421942
            ]
          ],
          [
            [
              118.40861779217732,
              32.73332530421942
            ],
            [
              118.39910932763337,
              32.730896511464834
            ]
          ],
          [
            [
              118.39910932763337,
              32.730896511464834
            ],
            [
              118.38143598838008,
              32.7298371442688
            ]
          ],
          [
            [
              118.38143598838008,
              32.7298371442688
            ],
            [
              118.3727543479348,
              32.73193004023915
            ]
          ],
          [
            [
              118.3727543479348,
              32.73193004023915
            ],
            [
              118.36732832164466,
              32.735728258552285
            ]
          ],
          [
            [
              118.36732832164466,
              32.735728258552285
            ],
            [
              118.36531294183874,
              32.7405600038411
            ]
          ],
          [
            [
              118.36531294183874,
              32.7405600038411
            ],
            [
              118.36386600101514,
              32.74500417730093
            ]
          ],
          [
            [
              118.36386600101514,
              32.74500417730093
            ],
            [
              118.36283247314009,
              32.74993927717588
            ]
          ],
          [
            [
              118.36283247314009,
              32.74993927717588
            ],
            [
              118.29968387321219,
              32.77740530001455
            ]
          ],
          [
            [
              118.29968387321219,
              32.77740530001455
            ],
            [
              118.29575646368983,
              32.781177679905966
            ]
          ],
          [
            [
              118.29575646368983,
              32.781177679905966
            ],
            [
              118.29255252457926,
              32.78528595658162
            ]
          ],
          [
            [
              118.29255252457926,
              32.78528595658162
            ],
            [
              118.2904854679299,
              32.790246893978974
            ]
          ],
          [
            [
              118.2904854679299,
              32.790246893978974
            ],
            [
              118.28909020394974,
              32.79556956658223
            ]
          ],
          [
            [
              118.28909020394974,
              32.79556956658223
            ],
            [
              118.28909020394974,
              32.8080494253407
            ]
          ],
          [
            [
              118.28909020394974,
              32.8080494253407
            ],
            [
              118.2904854679299,
              32.821278591134046
            ]
          ],
          [
            [
              118.2904854679299,
              32.821278591134046
            ],
            [
              118.2904854679299,
              32.82753143972417
            ]
          ],
          [
            [
              118.2904854679299,
              32.82753143972417
            ],
            [
              118.28971032067466,
              32.8331124938465
            ]
          ],
          [
            [
              118.28971032067466,
              32.8331124938465
            ],
            [
              118.28769493996947,
              32.838047593721456
            ]
          ],
          [
            [
              118.28769493996947,
              32.838047593721456
            ],
            [
              118.28412926565306,
              32.843034369540476
            ]
          ],
          [
            [
              118.28412926565306,
              32.843034369540476
            ],
            [
              118.27901330042346,
              32.84815033656878
            ]
          ],
          [
            [
              118.27901330042346,
              32.84815033656878
            ],
            [
              118.2577742859545,
              32.862309679248256
            ]
          ],
          [
            [
              118.2577742859545,
              32.862309679248256
            ],
            [
              118.25389855417484,
              32.86608205824035
            ]
          ],
          [
            [
              118.25389855417484,
              32.86608205824035
            ],
            [
              118.25064293822095,
              32.87011282055022
            ]
          ],
          [
            [
              118.25064293822095,
              32.87011282055022
            ],
            [
              118.2459403832421,
              32.877373359492935
            ]
          ],
          [
            [
              118.2459403832421,
              32.877373359492935
            ],
            [
              118.24252973765726,
              32.8840396183337
            ]
          ],
          [
            [
              118.24252973765726,
              32.8840396183337
            ],
            [
              118.23932580034534,
              32.893935654706695
            ]
          ],
          [
            [
              118.23932580034534,
              32.893935654706695
            ],
            [
              118.23756880115923,
              32.90525279438094
            ]
          ],
          [
            [
              118.23756880115923,
              32.90525279438094
            ],
            [
              118.23746544837172,
              32.911247260552614
            ]
          ],
          [
            [
              118.23746544837172,
              32.911247260552614
            ],
            [
              118.23901574108356,
              32.92370127999004
            ]
          ],
          [
            [
              118.23901574108356,
              32.92370127999004
            ],
            [
              118.24149620978221,
              32.92884308544001
            ]
          ],
          [
            [
              118.24149620978221,
              32.92884308544001
            ],
            [
              118.24501020725518,
              32.93292552279462
            ]
          ],
          [
            [
              118.24501020725518,
              32.93292552279462
            ],
            [
              118.25405358290652,
              32.939204209806405
            ]
          ],
          [
            [
              118.25405358290652,
              32.939204209806405
            ],
            [
              118.29885705001277,
              32.96305288328392
            ]
          ],
          [
            [
              118.29885705001277,
              32.96305288328392
            ],
            [
              118.29906375468852,
              32.96796214383784
            ]
          ],
          [
            [
              118.29906375468852,
              32.96796214383784
            ],
            [
              118.29482628770302,
              32.974628404477244
            ]
          ],
          [
            [
              118.29482628770302,
              32.974628404477244
            ],
            [
              118.25999637313407,
              32.998942165948165
            ]
          ],
          [
            [
              118.25999637313407,
              32.998942165948165
            ],
            [
              118.25374352364463,
              33.004936632119836
            ]
          ],
          [
            [
              118.25374352364463,
              33.004936632119836
            ],
            [
              118.24842085194075,
              33.013411566990214
            ]
          ],
          [
            [
              118.24842085194075,
              33.013411566990214
            ],
            [
              118.22408125204811,
              33.077903754055
            ]
          ],
          [
            [
              118.22408125204811,
              33.077903754055
            ],
            [
              118.21725996267708,
              33.105137233796256
            ]
          ],
          [
            [
              118.21725996267708,
              33.105137233796256
            ],
            [
              118.21648481722048,
              33.11715200546064
            ]
          ],
          [
            [
              118.21648481722048,
              33.11715200546064
            ],
            [
              118.21803510993232,
              33.142912705956576
            ]
          ],
          [
            [
              118.21803510993232,
              33.142912705956576
            ],
            [
              118.2205155777317,
              33.160456854899905
            ]
          ],
          [
            [
              118.2205155777317,
              33.160456854899905
            ],
            [
              118.22067060826191,
              33.16435842510123
            ]
          ],
          [
            [
              118.22067060826191,
              33.16435842510123
            ],
            [
              118.21927534428164,
              33.174538683213655
            ]
          ],
          [
            [
              118.21927534428164,
              33.174538683213655
            ],
            [
              118.21803510993232,
              33.179913031760975
            ]
          ],
          [
            [
              118.21803510993232,
              33.179913031760975
            ],
            [
              118.21477949397843,
              33.18668264428857
            ]
          ],
          [
            [
              118.21477949397843,
              33.18668264428857
            ],
            [
              118.20904341022515,
              33.193969020753684
            ]
          ],
          [
            [
              118.20904341022515,
              33.193969020753684
            ],
            [
              118.19679609636273,
              33.20489858680031
            ]
          ],
          [
            [
              118.19679609636273,
              33.20489858680031
            ],
            [
              118.18558231037525,
              33.21024709692597
            ]
          ],
          [
            [
              118.18558231037525,
              33.21024709692597
            ],
            [
              118.17767581628584,
              33.21257253689305
            ]
          ],
          [
            [
              118.17767581628584,
              33.21257253689305
            ],
            [
              118.16976932219643,
              33.2131926545174
            ]
          ],
          [
            [
              118.16976932219643,
              33.2131926545174
            ],
            [
              118.16646203029836,
              33.21233999289632
            ]
          ],
          [
            [
              118.16646203029836,
              33.21233999289632
            ],
            [
              118.1636715032372,
              33.21063467145291
            ]
          ],
          [
            [
              118.1636715032372,
              33.21063467145291
            ],
            [
              118.16046756412675,
              33.20714651150229
            ]
          ],
          [
            [
              118.16046756412675,
              33.20714651150229
            ],
            [
              118.15721194907212,
              33.19660451908328
            ]
          ],
          [
            [
              118.15721194907212,
              33.19660451908328
            ],
            [
              118.15674686107877,
              33.18872386341553
            ]
          ],
          [
            [
              118.15674686107877,
              33.18872386341553
            ],
            [
              118.15705691944129,
              33.18518402842017
            ]
          ],
          [
            [
              118.15705691944129,
              33.18518402842017
            ],
            [
              118.15643680181688,
              33.18135997168531
            ]
          ],
          [
            [
              118.15643680181688,
              33.18135997168531
            ],
            [
              118.15488650910504,
              33.179112046983334
            ]
          ],
          [
            [
              118.15488650910504,
              33.179112046983334
            ],
            [
              118.15147586531884,
              33.177665107059
            ]
          ],
          [
            [
              118.15147586531884,
              33.177665107059
            ],
            [
              118.12708458858287,
              33.17347931601762
            ]
          ],
          [
            [
              118.12708458858287,
              33.17347931601762
            ],
            [
              118.09499352423177,
              33.16133535404333
            ]
          ],
          [
            [
              118.09499352423177,
              33.16133535404333
            ],
            [
              118.09127282118368,
              33.159268297393965
            ]
          ],
          [
            [
              118.09127282118368,
              33.159268297393965
            ],
            [
              118.08533003095613,
              33.155082506352585
            ]
          ],
          [
            [
              118.08533003095613,
              33.155082506352585
            ],
            [
              118.08073082876467,
              33.14955312817432
            ]
          ],
          [
            [
              118.08073082876467,
              33.14955312817432
            ],
            [
              118.01380984894536,
              33.16177460451439
            ]
          ],
          [
            [
              118.01380984894536,
              33.16177460451439
            ],
            [
              117.99644656805458,
              33.16782074573081
            ]
          ],
          [
            [
              117.99644656805458,
              33.16782074573081
            ],
            [
              117.99096886582049,
              33.17464203510184
            ]
          ],
          [
            [
              117.99096886582049,
              33.17464203510184
            ],
            [
              117.98823001470339,
              33.17906037013995
            ]
          ],
          [
            [
              117.98823001470339,
              33.17906037013995
            ],
            [
              117.98636966362903,
              33.18554576272675
            ]
          ],
          [
            [
              117.98636966362903,
              33.18554576272675
            ],
            [
              117.98590457563557,
              33.19017080333987
            ]
          ],
          [
            [
              117.98590457563557,
              33.19017080333987
            ],
            [
              117.98497439964876,
              33.19373647675695
            ]
          ],
          [
            [
              117.98497439964876,
              33.19373647675695
            ],
            [
              117.9829073429994,
              33.19849070947862
            ]
          ],
          [
            [
              117.9829073429994,
              33.19849070947862
            ],
            [
              117.97892825663371,
              33.20443349880691
            ]
          ],
          [
            [
              117.97892825663371,
              33.20443349880691
            ],
            [
              117.96838626511396,
              33.21389028650748
            ]
          ],
          [
            [
              117.96838626511396,
              33.21389028650748
            ],
            [
              117.94182457894112,
              33.22461314518051
            ]
          ],
          [
            [
              117.94182457894112,
              33.22461314518051
            ],
            [
              117.93515831920104,
              33.22939321542452
            ]
          ],
          [
            [
              117.93515831920104,
              33.22939321542452
            ],
            [
              117.93185102730297,
              33.2351292991778
            ]
          ],
          [
            [
              117.93185102730297,
              33.2351292991778
            ],
            [
              117.93143761615306,
              33.240632838934346
            ]
          ],
          [
            [
              117.93143761615306,
              33.240632838934346
            ],
            [
              117.93205773287798,
              33.24587799717182
            ]
          ],
          [
            [
              117.93205773287798,
              33.24587799717182
            ],
            [
              117.93376305522077,
              33.25011546505664
            ]
          ],
          [
            [
              117.93376305522077,
              33.25011546505664
            ],
            [
              117.93805219904971,
              33.25747935588754
            ]
          ],
          [
            [
              117.93805219904971,
              33.25747935588754
            ],
            [
              117.94104943168588,
              33.26169098625002
            ]
          ],
          [
            [
              117.94104943168588,
              33.26169098625002
            ],
            [
              117.94880089704372,
              33.26951996507432
            ]
          ],
          [
            [
              117.94880089704372,
              33.26951996507432
            ],
            [
              117.97877322790214,
              33.29435049138203
            ]
          ],
          [
            [
              117.97877322790214,
              33.29435049138203
            ],
            [
              117.98311404767514,
              33.2995181343544
            ]
          ],
          [
            [
              117.98311404767514,
              33.2995181343544
            ],
            [
              117.9925191594316,
              33.34894664207383
            ]
          ],
          [
            [
              117.9925191594316,
              33.34894664207383
            ],
            [
              118.03959638876233,
              33.454728297872634
            ]
          ],
          [
            [
              118.03959638876233,
              33.454728297872634
            ],
            [
              118.0529289082425,
              33.476923325850805
            ]
          ],
          [
            [
              118.0529289082425,
              33.476923325850805
            ],
            [
              118.06331587103057,
              33.48901561098165
            ]
          ],
          [
            [
              118.06331587103057,
              33.48901561098165
            ],
            [
              118.0694136899898,
              33.4883696558349
            ]
          ],
          [
            [
              118.0694136899898,
              33.4883696558349
            ],
            [
              118.08073082876467,
              33.48374461522178
            ]
          ],
          [
            [
              118.08073082876467,
              33.48374461522178
            ],
            [
              118.09096276282116,
              33.47793101710272
            ]
          ],
          [
            [
              118.09096276282116,
              33.47793101710272
            ],
            [
              118.09731896419885,
              33.47599314986394
            ]
          ],
          [
            [
              118.09731896419885,
              33.47599314986394
            ],
            [
              118.10398522303956,
              33.47560557713564
            ]
          ],
          [
            [
              118.10398522303956,
              33.47560557713564
            ],
            [
              118.11282189311578,
              33.47948130981456
            ]
          ],
          [
            [
              118.11282189311578,
              33.47948130981456
            ],
            [
              118.11545739144537,
              33.484442247211916
            ]
          ],
          [
            [
              118.11545739144537,
              33.484442247211916
            ],
            [
              118.11561242107632,
              33.48979075823689
            ]
          ],
          [
            [
              118.11561242107632,
              33.48979075823689
            ],
            [
              118.11261518844015,
              33.498291531528935
            ]
          ],
          [
            [
              118.11261518844015,
              33.498291531528935
            ],
            [
              118.11220177639086,
              33.50030691223418
            ]
          ],
          [
            [
              118.11220177639086,
              33.50030691223418
            ],
            [
              118.11049645404808,
              33.53077016950772
            ]
          ],
          [
            [
              118.11049645404808,
              33.53077016950772
            ],
            [
              118.12150353356117,
              33.61125621190462
            ]
          ],
          [
            [
              118.12150353356117,
              33.61125621190462
            ],
            [
              118.12419070783483,
              33.618516750847334
            ]
          ],
          [
            [
              118.12419070783483,
              33.618516750847334
            ],
            [
              118.12739464694539,
              33.62425283549993
            ]
          ],
          [
            [
              118.12739464694539,
              33.62425283549993
            ],
            [
              118.13514611230323,
              33.63200429905913
            ]
          ],
          [
            [
              118.13514611230323,
              33.63200429905913
            ],
            [
              118.143724399961,
              33.639135646792624
            ]
          ],
          [
            [
              118.143724399961,
              33.639135646792624
            ],
            [
              118.15643680181688,
              33.65443187103398
            ]
          ],
          [
            [
              118.15643680181688,
              33.65443187103398
            ],
            [
              118.16837405821616,
              33.67259613670234
            ]
          ],
          [
            [
              118.16837405821616,
              33.67259613670234
            ],
            [
              118.17380008270766,
              33.68344818838318
            ]
          ],
          [
            [
              118.17380008270766,
              33.68344818838318
            ],
            [
              118.17674564029903,
              33.69262075524364
            ]
          ],
          [
            [
              118.17674564029903,
              33.69262075524364
            ],
            [
              118.1769006690306,
              33.698899441356104
            ]
          ],
          [
            [
              118.1769006690306,
              33.698899441356104
            ],
            [
              118.17628055230557,
              33.70479055384095
            ]
          ],
          [
            [
              118.17628055230557,
              33.70479055384095
            ],
            [
              118.17364505397597,
              33.71556509025669
            ]
          ],
          [
            [
              118.17364505397597,
              33.71556509025669
            ],
            [
              118.16945926293454,
              33.72564199558161
            ]
          ],
          [
            [
              118.16945926293454,
              33.72564199558161
            ],
            [
              118.16325809118791,
              33.73675242788221
            ]
          ],
          [
            [
              118.16325809118791,
              33.73675242788221
            ],
            [
              118.14418948795446,
              33.75561432554065
            ]
          ],
          [
            [
              118.14418948795446,
              33.75561432554065
            ],
            [
              118.13101199810524,
              33.76362417241762
            ]
          ],
          [
            [
              118.13101199810524,
              33.76362417241762
            ],
            [
              118.1236739438973,
              33.766001288328766
            ]
          ],
          [
            [
              118.1236739438973,
              33.766001288328766
            ],
            [
              118.11297692274672,
              33.76755158104061
            ]
          ],
          [
            [
              118.11297692274672,
              33.76755158104061
            ],
            [
              118.1047603702948,
              33.76762909630571
            ]
          ],
          [
            [
              118.1047603702948,
              33.76762909630571
            ],
            [
              118.09096276282116,
              33.76589793644058
            ]
          ],
          [
            [
              118.09096276282116,
              33.76589793644058
            ],
            [
              118.06155887274372,
              33.757087103886704
            ]
          ],
          [
            [
              118.06155887274372,
              33.757087103886704
            ],
            [
              117.96554406120936,
              33.75158356413016
            ]
          ],
          [
            [
              117.96554406120936,
              33.75158356413016
            ],
            [
              117.96213341742327,
              33.75008494736244
            ]
          ],
          [
            [
              117.96213341742327,
              33.75008494736244
            ],
            [
              117.9481807803187,
              33.74176504212295
            ]
          ],
          [
            [
              117.9481807803187,
              33.74176504212295
            ],
            [
              117.94027428622928,
              33.73814769096316
            ]
          ],
          [
            [
              117.94027428622928,
              33.73814769096316
            ],
            [
              117.92554650276884,
              33.733961899921724
            ]
          ],
          [
            [
              117.92554650276884,
              33.733961899921724
            ],
            [
              117.89919152217101,
              33.73427195918356
            ]
          ],
          [
            [
              117.89919152217101,
              33.73427195918356
            ],
            [
              117.88968305942558,
              33.732463284053324
            ]
          ],
          [
            [
              117.88968305942558,
              33.732463284053324
            ],
            [
              117.8788310077448,
              33.72799327217177
            ]
          ],
          [
            [
              117.8788310077448,
              33.72799327217177
            ],
            [
              117.87107954328621,
              33.72659800909082
            ]
          ],
          [
            [
              117.87107954328621,
              33.72659800909082
            ],
            [
              117.86487837064021,
              33.72636546509409
            ]
          ],
          [
            [
              117.86487837064021,
              33.72636546509409
            ],
            [
              117.83986697807848,
              33.73385854713422
            ]
          ],
          [
            [
              117.83986697807848,
              33.73385854713422
            ],
            [
              117.83134036726415,
              33.73463369438946
            ]
          ],
          [
            [
              117.83134036726415,
              33.73463369438946
            ],
            [
              117.7522237486271,
              33.724350084388846
            ]
          ],
          [
            [
              117.7522237486271,
              33.724350084388846
            ],
            [
              117.73620405487316,
              33.725125229845446
            ]
          ],
          [
            [
              117.73620405487316,
              33.725125229845446
            ],
            [
              117.72690229680347,
              33.72791575780593
            ]
          ],
          [
            [
              117.72690229680347,
              33.72791575780593
            ],
            [
              117.72566206335352,
              33.73251495999739
            ]
          ],
          [
            [
              117.72566206335352,
              33.73251495999739
            ],
            [
              117.72736738479693,
              33.737062486244724
            ]
          ],
          [
            [
              117.72736738479693,
              33.737062486244724
            ],
            [
              117.73113976378897,
              33.740757350871036
            ]
          ],
          [
            [
              117.73113976378897,
              33.740757350871036
            ],
            [
              117.7424052266199,
              33.75018830014989
            ]
          ],
          [
            [
              117.7424052266199,
              33.75018830014989
            ],
            [
              117.7432320498192,
              33.75114431455847
            ]
          ],
          [
            [
              117.7432320498192,
              33.75114431455847
            ],
            [
              117.74431725543695,
              33.75323721052882
            ]
          ],
          [
            [
              117.74431725543695,
              33.75323721052882
            ],
            [
              117.74571251761859,
              33.757707221511055
            ]
          ],
          [
            [
              117.74571251761859,
              33.757707221511055
            ],
            [
              117.74679772323634,
              33.76362417241762
            ]
          ],
          [
            [
              117.74679772323634,
              33.76362417241762
            ],
            [
              117.7475728695922,
              33.776388251116884
            ]
          ],
          [
            [
              117.7475728695922,
              33.776388251116884
            ],
            [
              117.74416222490674,
              33.823207098928435
            ]
          ],
          [
            [
              117.74416222490674,
              33.823207098928435
            ],
            [
              117.74493737216198,
              33.843102525361246
            ]
          ],
          [
            [
              117.74493737216198,
              33.843102525361246
            ],
            [
              117.74881310394153,
              33.86904409390979
            ]
          ],
          [
            [
              117.74881310394153,
              33.86904409390979
            ],
            [
              117.74865807520996,
              33.8757103545492
            ]
          ],
          [
            [
              117.74865807520996,
              33.8757103545492
            ],
            [
              117.7455574888869,
              33.88227326150178
            ]
          ],
          [
            [
              117.7455574888869,
              33.88227326150178
            ],
            [
              117.74054487464616,
              33.884495347782035
            ]
          ],
          [
            [
              117.74054487464616,
              33.884495347782035
            ],
            [
              117.73496381962457,
              33.88397858294525
            ]
          ],
          [
            [
              117.73496381962457,
              33.88397858294525
            ],
            [
              117.72271650576204,
              33.879896144691315
            ]
          ],
          [
            [
              117.72271650576204,
              33.879896144691315
            ],
            [
              117.71491336535951,
              33.878345851979475
            ]
          ],
          [
            [
              117.71491336535951,
              33.878345851979475
            ],
            [
              117.7031828154345,
              33.87803579451628
            ]
          ],
          [
            [
              117.7031828154345,
              33.87803579451628
            ],
            [
              117.69605146680169,
              33.88020620395315
            ]
          ],
          [
            [
              117.69605146680169,
              33.88020620395315
            ],
            [
              117.69093549977345,
              33.883513494951785
            ]
          ],
          [
            [
              117.69093549977345,
              33.883513494951785
            ],
            [
              117.68752485598725,
              33.887595934105036
            ]
          ],
          [
            [
              117.68752485598725,
              33.887595934105036
            ],
            [
              117.6850443872886,
              33.89214346035237
            ]
          ],
          [
            [
              117.6850443872886,
              33.89214346035237
            ],
            [
              117.68328738810249,
              33.8972594264813
            ]
          ],
          [
            [
              117.68328738810249,
              33.8972594264813
            ],
            [
              117.68080691940372,
              33.914545193006234
            ]
          ],
          [
            [
              117.68080691940372,
              33.914545193006234
            ],
            [
              117.67832645070507,
              33.91906688083185
            ]
          ],
          [
            [
              117.67832645070507,
              33.91906688083185
            ],
            [
              117.67543256995714,
              33.923407701504175
            ]
          ],
          [
            [
              117.67543256995714,
              33.923407701504175
            ],
            [
              117.66809451664858,
              33.9311591659627
            ]
          ],
          [
            [
              117.66809451664858,
              33.9311591659627
            ],
            [
              117.66514895995647,
              33.93552582505674
            ]
          ],
          [
            [
              117.66514895995647,
              33.93552582505674
            ],
            [
              117.66282352088876,
              33.940228380035705
            ]
          ],
          [
            [
              117.66282352088876,
              33.940228380035705
            ],
            [
              117.65088626538875,
              33.9824738631782
            ]
          ],
          [
            [
              117.65088626538875,
              33.9824738631782
            ],
            [
              117.64825076705915,
              33.98712474221304
            ]
          ],
          [
            [
              117.64825076705915,
              33.98712474221304
            ],
            [
              117.64525353442298,
              33.991465561986104
            ]
          ],
          [
            [
              117.64525353442298,
              33.991465561986104
            ],
            [
              117.64189456568158,
              33.9951862659334
            ]
          ],
          [
            [
              117.64189456568158,
              33.9951862659334
            ],
            [
              117.63445315958563,
              34.00138743678076
            ]
          ],
          [
            [
              117.63445315958563,
              34.00138743678076
            ],
            [
              117.62385949122245,
              34.00826040299518
            ]
          ],
          [
            [
              117.62385949122245,
              34.00826040299518
            ],
            [
              117.61920861218766,
              34.007278551064246
            ]
          ],
          [
            [
              117.61920861218766,
              34.007278551064246
            ],
            [
              117.61672814258964,
              34.004177964741245
            ]
          ],
          [
            [
              117.61672814258964,
              34.004177964741245
            ],
            [
              117.61626305459629,
              34.00154246731097
            ]
          ],
          [
            [
              117.61626305459629,
              34.00154246731097
            ],
            [
              117.61626305459629,
              34.000147203330755
            ]
          ],
          [
            [
              117.61626305459629,
              34.000147203330755
            ],
            [
              117.6161080258646,
              33.998958644925494
            ]
          ],
          [
            [
              117.6161080258646,
              33.998958644925494
            ],
            [
              117.6151778498778,
              33.996478176226844
            ]
          ],
          [
            [
              117.6151778498778,
              33.996478176226844
            ],
            [
              117.61223229408506,
              33.99322256117222
            ]
          ],
          [
            [
              117.61223229408506,
              33.99322256117222
            ],
            [
              117.60835656140614,
              33.98986359333014
            ]
          ],
          [
            [
              117.60835656140614,
              33.98986359333014
            ],
            [
              117.601845331297,
              33.98751231494134
            ]
          ],
          [
            [
              117.601845331297,
              33.98751231494134
            ],
            [
              117.59424889467073,
              33.98614289028217
            ]
          ],
          [
            [
              117.59424889467073,
              33.98614289028217
            ],
            [
              117.5826216984326,
              33.98655630143213
            ]
          ],
          [
            [
              117.5826216984326,
              33.98655630143213
            ],
            [
              117.57626549705503,
              33.98844249092821
            ]
          ],
          [
            [
              117.57626549705503,
              33.98844249092821
            ],
            [
              117.57238976437611,
              33.99045787253277
            ]
          ],
          [
            [
              117.57238976437611,
              33.99045787253277
            ],
            [
              117.56680871025378,
              33.99673655954456
            ]
          ],
          [
            [
              117.56680871025378,
              33.99673655954456
            ],
            [
              117.55730024570971,
              34.01063751890638
            ]
          ],
          [
            [
              117.55730024570971,
              34.01063751890638
            ],
            [
              117.55032392760711,
              34.0233499207622
            ]
          ],
          [
            [
              117.55032392760711,
              34.0233499207622
            ],
            [
              117.54753340144532,
              34.02670888950365
            ]
          ],
          [
            [
              117.54753340144532,
              34.02670888950365
            ],
            [
              117.5328056170855,
              34.039834703408815
            ]
          ],
          [
            [
              117.5328056170855,
              34.039834703408815
            ],
            [
              117.52515750541454,
              34.044304714391046
            ]
          ],
          [
            [
              117.52515750541454,
              34.044304714391046
            ],
            [
              117.518232863256,
              34.0472502710831
            ]
          ],
          [
            [
              117.518232863256,
              34.0472502710831
            ],
            [
              117.50893110608558,
              34.04929149021007
            ]
          ],
          [
            [
              117.50893110608558,
              34.04929149021007
            ],
            [
              117.5034534038515,
              34.04975657820353
            ]
          ],
          [
            [
              117.5034534038515,
              34.04975657820353
            ],
            [
              117.48826053329697,
              34.048309638279136
            ]
          ],
          [
            [
              117.48826053329697,
              34.048309638279136
            ],
            [
              117.48236941901348,
              34.0468626983548
            ]
          ],
          [
            [
              117.48236941901348,
              34.0468626983548
            ],
            [
              117.47678836489104,
              34.044692288018666
            ]
          ],
          [
            [
              117.47678836489104,
              34.044692288018666
            ],
            [
              117.440614862286,
              34.02624380151019
            ]
          ],
          [
            [
              117.440614862286,
              34.02624380151019
            ],
            [
              117.43286339692816,
              34.024409287958235
            ]
          ],
          [
            [
              117.43286339692816,
              34.024409287958235
            ],
            [
              117.4234066101269,
              34.023504950393146
            ]
          ],
          [
            [
              117.4234066101269,
              34.023504950393146
            ],
            [
              117.40692182837961,
              34.025003567160866
            ]
          ],
          [
            [
              117.40692182837961,
              34.025003567160866
            ],
            [
              117.39824018793433,
              34.02779409422203
            ]
          ],
          [
            [
              117.39824018793433,
              34.02779409422203
            ],
            [
              117.39172895692582,
              34.03125641485167
            ]
          ],
          [
            [
              117.39172895692582,
              34.03125641485167
            ],
            [
              117.37917158380151,
              34.047560330344936
            ]
          ],
          [
            [
              117.37917158380151,
              34.047560330344936
            ],
            [
              117.37033491372529,
              34.05567353000936
            ]
          ],
          [
            [
              117.37033491372529,
              34.05567353000936
            ],
            [
              117.3486308130615,
              34.0699620629988
            ]
          ],
          [
            [
              117.3486308130615,
              34.0699620629988
            ],
            [
              117.33168094332086,
              34.077403469094804
            ]
          ],
          [
            [
              117.33168094332086,
              34.077403469094804
            ],
            [
              117.32129397963342,
              34.07885040901914
            ]
          ],
          [
            [
              117.32129397963342,
              34.07885040901914
            ],
            [
              117.24481286022524,
              34.07370860446849
            ]
          ],
          [
            [
              117.24481286022524,
              34.07370860446849
            ],
            [
              117.22925825356549,
              34.074147854040234
            ]
          ],
          [
            [
              117.22925825356549,
              34.074147854040234
            ],
            [
              117.17851199803022,
              34.08445730246251
            ]
          ],
          [
            [
              117.17851199803022,
              34.08445730246251
            ],
            [
              117.1594433938975,
              34.09117523904604
            ]
          ],
          [
            [
              117.1594433938975,
              34.09117523904604
            ],
            [
              117.13696414597848,
              34.10737579995316
            ]
          ],
          [
            [
              117.13696414597848,
              34.10737579995316
            ],
            [
              117.03392134039746,
              34.1555382349016
            ]
          ],
          [
            [
              117.03392134039746,
              34.1555382349016
            ],
            [
              117.02570478704627,
              34.16272125947853
            ]
          ],
          [
            [
              117.02570478704627,
              34.16272125947853
            ],
            [
              117.01841840968177,
              34.17065359109034
            ]
          ],
          [
            [
              117.01841840968177,
              34.17065359109034
            ],
            [
              117.01609297061407,
              34.17527863170346
            ]
          ],
          [
            [
              117.01609297061407,
              34.17527863170346
            ],
            [
              117.0146977066338,
              34.18062714272844
            ]
          ],
          [
            [
              117.0146977066338,
              34.18062714272844
            ],
            [
              117.01407758990877,
              34.18644074174682
            ]
          ],
          [
            [
              117.01407758990877,
              34.18644074174682
            ],
            [
              117.01407758990877,
              34.19284861906851
            ]
          ],
          [
            [
              117.01407758990877,
              34.19284861906851
            ],
            [
              117.01996870329299,
              34.23258779598996
            ]
          ],
          [
            [
              117.01996870329299,
              34.23258779598996
            ],
            [
              117.01950361529953,
              34.237574570909715
            ]
          ],
          [
            [
              117.01950361529953,
              34.237574570909715
            ],
            [
              117.01516279462726,
              34.242380479575445
            ]
          ],
          [
            [
              117.01516279462726,
              34.242380479575445
            ],
            [
              117.00735965422462,
              34.248168240172106
            ]
          ],
          [
            [
              117.00735965422462,
              34.248168240172106
            ],
            [
              116.9789892920221,
              34.26542816827532
            ]
          ],
          [
            [
              116.9789892920221,
              34.26542816827532
            ],
            [
              116.9723230331814,
              34.27098338487531
            ]
          ],
          [
            [
              116.9723230331814,
              34.27098338487531
            ],
            [
              116.96953250522085,
              34.27540171991342
            ]
          ],
          [
            [
              116.96953250522085,
              34.27540171991342
            ],
            [
              116.96751712541493,
              34.28049184852
            ]
          ],
          [
            [
              116.96751712541493,
              34.28049184852
            ],
            [
              116.96612186143466,
              34.28581452112326
            ]
          ],
          [
            [
              116.96612186143466,
              34.28581452112326
            ],
            [
              116.96612186143466,
              34.29775177752248
            ]
          ],
          [
            [
              116.96612186143466,
              34.29775177752248
            ],
            [
              116.97046268120778,
              34.31725963032767
            ]
          ],
          [
            [
              116.97046268120778,
              34.31725963032767
            ],
            [
              116.97743900020964,
              34.33371857455256
            ]
          ],
          [
            [
              116.97743900020964,
              34.33371857455256
            ],
            [
              116.97914432165305,
              34.33955801019397
            ]
          ],
          [
            [
              116.97914432165305,
              34.33955801019397
            ],
            [
              116.98022952727081,
              34.34544912447751
            ]
          ],
          [
            [
              116.98022952727081,
              34.34544912447751
            ],
            [
              116.97960940964651,
              34.35103017770052
            ]
          ],
          [
            [
              116.97960940964651,
              34.35103017770052
            ],
            [
              116.97774905767278,
              34.356094468784704
            ]
          ],
          [
            [
              116.97774905767278,
              34.356094468784704
            ],
            [
              116.96436486224854,
              34.37438792656155
            ]
          ],
          [
            [
              116.96436486224854,
              34.37438792656155
            ],
            [
              116.94948205005653,
              34.38929657627597
            ]
          ],
          [
            [
              116.94948205005653,
              34.38929657627597
            ],
            [
              116.94250573105455,
              34.39412832336342
            ]
          ],
          [
            [
              116.94250573105455,
              34.39412832336342
            ],
            [
              116.93568444168363,
              34.39779735046733
            ]
          ],
          [
            [
              116.93568444168363,
              34.39779735046733
            ],
            [
              116.92886315321186,
              34.399606024698244
            ]
          ],
          [
            [
              116.92886315321186,
              34.399606024698244
            ],
            [
              116.92142174711591,
              34.400691230316
            ]
          ],
          [
            [
              116.92142174711591,
              34.400691230316
            ],
            [
              116.90617719881857,
              34.40089793589101
            ]
          ],
          [
            [
              116.90617719881857,
              34.40089793589101
            ],
            [
              116.84773115386963,
              34.38976166426937
            ]
          ],
          [
            [
              116.84773115386963,
              34.38976166426937
            ],
            [
              116.8389978365808,
              34.38921906191018
            ]
          ],
          [
            [
              116.8389978365808,
              34.38921906191018
            ],
            [
              116.82938602104798,
              34.389632473060146
            ]
          ],
          [
            [
              116.82938602104798,
              34.389632473060146
            ],
            [
              116.81450320795659,
              34.39208710423645
            ]
          ],
          [
            [
              116.81450320795659,
              34.39208710423645
            ],
            [
              116.80706180186064,
              34.39562693923182
            ]
          ],
          [
            [
              116.80706180186064,
              34.39562693923182
            ],
            [
              116.80225589409417,
              34.40007111269165
            ]
          ],
          [
            [
              116.80225589409417,
              34.40007111269165
            ],
            [
              116.78980187375737,
              34.42978506113167
            ]
          ],
          [
            [
              116.78980187375737,
              34.42978506113167
            ],
            [
              116.78298058528571,
              34.44079214154408
            ]
          ],
          [
            [
              116.78298058528571,
              34.44079214154408
            ],
            [
              116.77615929591468,
              34.44797516522169
            ]
          ],
          [
            [
              116.77615929591468,
              34.44797516522169
            ],
            [
              116.76954471211877,
              34.45182506037821
            ]
          ],
          [
            [
              116.76954471211877,
              34.45182506037821
            ],
            [
              116.7153361350546,
              34.468077297229456
            ]
          ],
          [
            [
              116.7153361350546,
              34.468077297229456
            ],
            [
              116.6248507016985,
              34.485001329447755
            ]
          ],
          [
            [
              116.6248507016985,
              34.485001329447755
            ],
            [
              116.60686730408281,
              34.49058238446946
            ]
          ],
          [
            [
              116.60686730408281,
              34.49058238446946
            ],
            [
              116.59803063400648,
              34.49476817551084
            ]
          ],
          [
            [
              116.59803063400648,
              34.49476817551084
            ],
            [
              116.59244957898488,
              34.498308010506264
            ]
          ],
          [
            [
              116.59244957898488,
              34.498308010506264
            ],
            [
              116.59058922701115,
              34.50053009678652
            ]
          ],
          [
            [
              116.59058922701115,
              34.50053009678652
            ],
            [
              116.58376793764012,
              34.51347504353839
            ]
          ],
          [
            [
              116.58376793764012,
              34.51347504353839
            ],
            [
              116.57896202987376,
              34.519676215285074
            ]
          ],
          [
            [
              116.57896202987376,
              34.519676215285074
            ],
            [
              116.5715206237777,
              34.52652334217845
            ]
          ],
          [
            [
              116.5715206237777,
              34.52652334217845
            ],
            [
              116.50971561098663,
              34.566159166312445
            ]
          ],
          [
            [
              116.50971561098663,
              34.566159166312445
            ],
            [
              116.50599490793866,
              34.57008657493549
            ]
          ],
          [
            [
              116.50599490793866,
              34.57008657493549
            ],
            [
              116.50310102719061,
              34.57432404192099
            ]
          ],
          [
            [
              116.50310102719061,
              34.57432404192099
            ],
            [
              116.50062055939122,
              34.57897492095583
            ]
          ],
          [
            [
              116.50062055939122,
              34.57897492095583
            ],
            [
              116.49855350094322,
              34.583935859252506
            ]
          ],
          [
            [
              116.49855350094322,
              34.583935859252506
            ],
            [
              116.49312747555246,
              34.59093801487745
            ]
          ],
          [
            [
              116.49312747555246,
              34.59093801487745
            ],
            [
              116.48429080637561,
              34.59881867144452
            ]
          ],
          [
            [
              116.48429080637561,
              34.59881867144452
            ],
            [
              116.44377648309819,
              34.625690415979875
            ]
          ],
          [
            [
              116.44377648309819,
              34.625690415979875
            ],
            [
              116.42811852365094,
              34.63969472902852
            ]
          ],
          [
            [
              116.42811852365094,
              34.63969472902852
            ],
            [
              116.41990197209827,
              34.642640285720574
            ]
          ],
          [
            [
              116.41990197209827,
              34.642640285720574
            ],
            [
              116.41277062436473,
              34.642846992194904
            ]
          ],
          [
            [
              116.41277062436473,
              34.642846992194904
            ],
            [
              116.39881798726026,
              34.640573228171945
            ]
          ],
          [
            [
              116.39881798726026,
              34.640573228171945
            ],
            [
              116.37721723758546,
              34.63953970029689
            ]
          ],
          [
            [
              116.37721723758546,
              34.63953970029689
            ],
            [
              116.38434858621827,
              34.65181285348041
            ]
          ],
          [
            [
              116.38434858621827,
              34.65181285348041
            ],
            [
              116.38744917164195,
              34.66853017832506
            ]
          ],
          [
            [
              116.38744917164195,
              34.66853017832506
            ],
            [
              116.38703576139119,
              34.68305125621049
            ]
          ],
          [
            [
              116.38703576139119,
              34.68305125621049
            ],
            [
              116.38558881966821,
              34.69144867581571
            ]
          ],
          [
            [
              116.38558881966821,
              34.69144867581571
            ],
            [
              116.38248823514391,
              34.703153388218254
            ]
          ],
          [
            [
              116.38248823514391,
              34.703153388218254
            ],
            [
              116.38248823514391,
              34.70845022239985
            ]
          ],
          [
            [
              116.38248823514391,
              34.70845022239985
            ],
            [
              116.38434858621827,
              34.71279104307217
            ]
          ],
          [
            [
              116.38434858621827,
              34.71279104307217
            ],
            [
              116.39013634681487,
              34.72056834595236
            ]
          ],
          [
            [
              116.39013634681487,
              34.72056834595236
            ],
            [
              116.40021325124053,
              34.72914663271092
            ]
          ],
          [
            [
              116.40021325124053,
              34.72914663271092
            ],
            [
              116.40780968606816,
              34.7341075710076
            ]
          ],
          [
            [
              116.40780968606816,
              34.7341075710076
            ],
            [
              116.41039350755432,
              34.73645884939634
            ]
          ],
          [
            [
              116.41039350755432,
              34.73645884939634
            ],
            [
              116.41571618015757,
              34.75803375885084
            ]
          ],
          [
            [
              116.41571618015757,
              34.75803375885084
            ],
            [
              116.42021202956141,
              34.8342564967399
            ]
          ],
          [
            [
              116.42021202956141,
              34.8342564967399
            ],
            [
              116.4536983578929,
              34.881643785332415
            ]
          ],
          [
            [
              116.4536983578929,
              34.881643785332415
            ],
            [
              116.47002811090852,
              34.89825775828888
            ]
          ],
          [
            [
              116.47002811090852,
              34.89825775828888
            ],
            [
              116.49938032414263,
              34.91063426425984
            ]
          ],
          [
            [
              116.49938032414263,
              34.91063426425984
            ],
            [
              116.50475467268996,
              34.91218455697168
            ]
          ],
          [
            [
              116.50475467268996,
              34.91218455697168
            ],
            [
              116.51689863466424,
              34.91404490804604
            ]
          ],
          [
            [
              116.51689863466424,
              34.91404490804604
            ],
            [
              116.5472327007285,
              34.91440664325194
            ]
          ],
          [
            [
              116.5472327007285,
              34.91440664325194
            ],
            [
              116.5750862980941,
              34.920349433479544
            ]
          ],
          [
            [
              116.5750862980941,
              34.920349433479544
            ],
            [
              116.63187869664443,
              34.93794525836694
            ]
          ],
          [
            [
              116.63187869664443,
              34.93794525836694
            ],
            [
              116.64676150883656,
              34.93838450793868
            ]
          ],
          [
            [
              116.64676150883656,
              34.93838450793868
            ],
            [
              116.72468956906835,
              34.929082749868996
            ]
          ],
          [
            [
              116.72468956906835,
              34.929082749868996
            ],
            [
              116.77729617657724,
              34.93430207058407
            ]
          ],
          [
            [
              116.77729617657724,
              34.93430207058407
            ],
            [
              116.7909387553193,
              34.93755768473932
            ]
          ],
          [
            [
              116.7909387553193,
              34.93755768473932
            ],
            [
              116.79962039576458,
              34.94166596141497
            ]
          ],
          [
            [
              116.79962039576458,
              34.94166596141497
            ],
            [
              116.80303104134941,
              34.94577423809062
            ]
          ],
          [
            [
              116.80303104134941,
              34.94577423809062
            ],
            [
              116.80892215383426,
              34.95476593689847
            ]
          ],
          [
            [
              116.80892215383426,
              34.95476593689847
            ],
            [
              116.81295291614413,
              34.95939097841091
            ]
          ],
          [
            [
              116.81295291614413,
              34.95939097841091
            ],
            [
              116.81853397026646,
              34.96207815178525
            ]
          ],
          [
            [
              116.81853397026646,
              34.96207815178525
            ],
            [
              116.82762902186187,
              34.95830577189383
            ]
          ],
          [
            [
              116.82762902186187,
              34.95830577189383
            ],
            [
              116.94142052633617,
              34.87962840372785
            ]
          ],
          [
            [
              116.94142052633617,
              34.87962840372785
            ],
            [
              116.95134240113089,
              34.87110179291341
            ]
          ],
          [
            [
              116.95134240113089,
              34.87110179291341
            ],
            [
              116.95930057206374,
              34.862936917304864
            ]
          ],
          [
            [
              116.95930057206374,
              34.862936917304864
            ],
            [
              116.9676721541465,
              34.85151642484311
            ]
          ],
          [
            [
              116.9676721541465,
              34.85151642484311
            ],
            [
              116.96891238759656,
              34.84913930893197
            ]
          ],
          [
            [
              116.96891238759656,
              34.84913930893197
            ],
            [
              116.9696875348518,
              34.84727895785761
            ]
          ],
          [
            [
              116.9696875348518,
              34.84727895785761
            ],
            [
              116.97216800265119,
              34.83802887573199
            ]
          ],
          [
            [
              116.97216800265119,
              34.83802887573199
            ],
            [
              116.97635379369262,
              34.8058344594927
            ]
          ],
          [
            [
              116.97635379369262,
              34.8058344594927
            ],
            [
              116.98317508306354,
              34.78901378006191
            ]
          ],
          [
            [
              116.98317508306354,
              34.78901378006191
            ],
            [
              116.99325198838847,
              34.77400177755999
            ]
          ],
          [
            [
              116.99325198838847,
              34.77400177755999
            ],
            [
              116.99774783689315,
              34.769660955988286
            ]
          ],
          [
            [
              116.99774783689315,
              34.769660955988286
            ],
            [
              117.01624800024501,
              34.75555329015219
            ]
          ],
          [
            [
              117.01624800024501,
              34.75555329015219
            ],
            [
              117.04322309756787,
              34.730231839228
            ]
          ],
          [
            [
              117.04322309756787,
              34.730231839228
            ],
            [
              117.06058637935791,
              34.70945791275244
            ]
          ],
          [
            [
              117.06058637935791,
              34.70945791275244
            ],
            [
              117.14037479066405,
              34.56435049118221
            ]
          ],
          [
            [
              117.14037479066405,
              34.56435049118221
            ],
            [
              117.14363040571857,
              34.55603058504346
            ]
          ],
          [
            [
              117.14363040571857,
              34.55603058504346
            ],
            [
              117.14471561133632,
              34.55109548606782
            ]
          ],
          [
            [
              117.14471561133632,
              34.55109548606782
            ],
            [
              117.14425052334298,
              34.546522122298086
            ]
          ],
          [
            [
              117.14425052334298,
              34.546522122298086
            ],
            [
              117.14301028899365,
              34.542646388719845
            ]
          ],
          [
            [
              117.14301028899365,
              34.542646388719845
            ],
            [
              117.14233849542518,
              34.538770656940244
            ]
          ],
          [
            [
              117.14233849542518,
              34.538770656940244
            ],
            [
              117.14177005374495,
              34.53241445646199
            ]
          ],
          [
            [
              117.14177005374495,
              34.53241445646199
            ],
            [
              117.14471561133632,
              34.501615302404275
            ]
          ],
          [
            [
              117.14471561133632,
              34.501615302404275
            ],
            [
              117.14983157836457,
              34.48719757730635
            ]
          ],
          [
            [
              117.14983157836457,
              34.48719757730635
            ],
            [
              117.15618777884288,
              34.475363673694574
            ]
          ],
          [
            [
              117.15618777884288,
              34.475363673694574
            ],
            [
              117.16579959527508,
              34.46257375747291
            ]
          ],
          [
            [
              117.16579959527508,
              34.46257375747291
            ],
            [
              117.18181928902891,
              34.450145575557826
            ]
          ],
          [
            [
              117.18181928902891,
              34.450145575557826
            ],
            [
              117.19391157415976,
              34.44595978451645
            ]
          ],
          [
            [
              117.19391157415976,
              34.44595978451645
            ],
            [
              117.20414350821625,
              34.4446937117454
            ]
          ],
          [
            [
              117.20414350821625,
              34.4446937117454
            ],
            [
              117.21044803275049,
              34.445494697422305
            ]
          ],
          [
            [
              117.21044803275049,
              34.445494697422305
            ],
            [
              117.21654585170961,
              34.44751007722829
            ]
          ],
          [
            [
              117.21654585170961,
              34.44751007722829
            ],
            [
              117.22135176037534,
              34.449964708404536
            ]
          ],
          [
            [
              117.22135176037534,
              34.449964708404536
            ],
            [
              117.22894819520297,
              34.45520986574269
            ]
          ],
          [
            [
              117.22894819520297,
              34.45520986574269
            ],
            [
              117.23545942621149,
              34.46125600785848
            ]
          ],
          [
            [
              117.23545942621149,
              34.46125600785848
            ],
            [
              117.2390767755727,
              34.46818065001696
            ]
          ],
          [
            [
              117.2390767755727,
              34.46818065001696
            ],
            [
              117.23985192282794,
              34.47391673377024
            ]
          ],
          [
            [
              117.23985192282794,
              34.47391673377024
            ],
            [
              117.23752648286086,
              34.51750580494894
            ]
          ],
          [
            [
              117.23752648286086,
              34.51750580494894
            ],
            [
              117.23856001163517,
              34.52479218231332
            ]
          ],
          [
            [
              117.23856001163517,
              34.52479218231332
            ],
            [
              117.2417122739023,
              34.53055410448832
            ]
          ],
          [
            [
              117.2417122739023,
              34.53055410448832
            ],
            [
              117.24434777223189,
              34.53432648437973
            ]
          ],
          [
            [
              117.24434777223189,
              34.53432648437973
            ],
            [
              117.25964399557392,
              34.548072415009926
            ]
          ],
          [
            [
              117.25964399557392,
              34.548072415009926
            ],
            [
              117.27390669194028,
              34.563678696714476
            ]
          ],
          [
            [
              117.27390669194028,
              34.563678696714476
            ],
            [
              117.2779891301941,
              34.56626251909995
            ]
          ],
          [
            [
              117.2779891301941,
              34.56626251909995
            ],
            [
              117.2833118018981,
              34.56812287017431
            ]
          ],
          [
            [
              117.2833118018981,
              34.56812287017431
            ],
            [
              117.29085656078166,
              34.56977651657297
            ]
          ],
          [
            [
              117.29085656078166,
              34.56977651657297
            ],
            [
              117.32609988829915,
              34.58455597597748
            ]
          ],
          [
            [
              117.32609988829915,
              34.58455597597748
            ],
            [
              117.33106082569645,
              34.58610626868932
            ]
          ],
          [
            [
              117.33106082569645,
              34.58610626868932
            ],
            [
              117.33695193908068,
              34.58861257580969
            ]
          ],
          [
            [
              117.33695193908068,
              34.58861257580969
            ],
            [
              117.34625369715036,
              34.585822047849206
            ]
          ],
          [
            [
              117.34625369715036,
              34.585822047849206
            ],
            [
              117.37364220562324,
              34.56398875597631
            ]
          ],
          [
            [
              117.37364220562324,
              34.56398875597631
            ],
            [
              117.4442322116472,
              34.4928819851155
            ]
          ],
          [
            [
              117.4442322116472,
              34.4928819851155
            ],
            [
              117.46903690043257,
              34.47533783617217
            ]
          ],
          [
            [
              117.46903690043257,
              34.47533783617217
            ],
            [
              117.54660322455914,
              34.462444566263684
            ]
          ],
          [
            [
              117.54660322455914,
              34.462444566263684
            ],
            [
              117.56629194541688,
              34.46259959589463
            ]
          ],
          [
            [
              117.56629194541688,
              34.46259959589463
            ],
            [
              117.57425011634973,
              34.464201565449855
            ]
          ],
          [
            [
              117.57425011634973,
              34.464201565449855
            ],
            [
              117.58076134735825,
              34.46626862209922
            ]
          ],
          [
            [
              117.58076134735825,
              34.46626862209922
            ],
            [
              117.58587731258785,
              34.46869741485381
            ]
          ],
          [
            [
              117.58587731258785,
              34.46869741485381
            ],
            [
              117.59068322215296,
              34.47159129470248
            ]
          ],
          [
            [
              117.59068322215296,
              34.47159129470248
            ],
            [
              117.65321170535583,
              34.526109931028486
            ]
          ],
          [
            [
              117.65321170535583,
              34.526109931028486
            ],
            [
              117.66080814018346,
              34.5297789581324
            ]
          ],
          [
            [
              117.66080814018346,
              34.5297789581324
            ],
            [
              117.67119510297152,
              34.53282786671264
            ]
          ],
          [
            [
              117.67119510297152,
              34.53282786671264
            ],
            [
              117.69279585174706,
              34.53499827704883
            ]
          ],
          [
            [
              117.69279585174706,
              34.53499827704883
            ],
            [
              117.7135697773233,
              34.53380971954289
            ]
          ],
          [
            [
              117.7135697773233,
              34.53380971954289
            ],
            [
              117.75976850840993,
              34.52207916871862
            ]
          ],
          [
            [
              117.75976850840993,
              34.52207916871862
            ],
            [
              117.76850182479927,
              34.52324188870216
            ]
          ],
          [
            [
              117.76850182479927,
              34.52324188870216
            ],
            [
              117.77330773256574,
              34.52654918149949
            ]
          ],
          [
            [
              117.77330773256574,
              34.52654918149949
            ],
            [
              117.77361779182763,
              34.53034739801399
            ]
          ],
          [
            [
              117.77361779182763,
              34.53034739801399
            ],
            [
              117.7743929381835,
              34.53414561632712
            ]
          ],
          [
            [
              117.7743929381835,
              34.53414561632712
            ],
            [
              117.77470299744527,
              34.545902005573055
            ]
          ],
          [
            [
              117.77470299744527,
              34.545902005573055
            ],
            [
              117.7874670761446,
              34.60230683049582
            ]
          ],
          [
            [
              117.7874670761446,
              34.60230683049582
            ],
            [
              117.78839725123214,
              34.60897309023591
            ]
          ],
          [
            [
              117.78839725123214,
              34.60897309023591
            ],
            [
              117.78684695762092,
              34.63907461230349
            ]
          ],
          [
            [
              117.78684695762092,
              34.63907461230349
            ],
            [
              117.79005089673149,
              34.65116689743434
            ]
          ],
          [
            [
              117.79005089673149,
              34.65116689743434
            ],
            [
              117.80591556175375,
              34.663672593715205
            ]
          ],
          [
            [
              117.80591556175375,
              34.663672593715205
            ],
            [
              117.85185591042193,
              34.663259182565184
            ]
          ],
          [
            [
              117.85185591042193,
              34.663259182565184
            ],
            [
              117.89076826414407,
              34.66997711824939
            ]
          ],
          [
            [
              117.89076826414407,
              34.66997711824939
            ],
            [
              117.91469445198732,
              34.67695343725131
            ]
          ],
          [
            [
              117.91469445198732,
              34.67695343725131
            ],
            [
              117.92120568209646,
              34.677909450760524
            ]
          ],
          [
            [
              117.92120568209646,
              34.677909450760524
            ],
            [
              117.928130324255,
              34.67783193639474
            ]
          ],
          [
            [
              117.928130324255,
              34.67783193639474
            ],
            [
              117.94259972529699,
              34.67504140933357
            ]
          ],
          [
            [
              117.94259972529699,
              34.67504140933357
            ],
            [
              117.99861697839083,
              34.65643789319421
            ]
          ],
          [
            [
              117.99861697839083,
              34.65643789319421
            ],
            [
              118.05044844044312,
              34.65147695579685
            ]
          ],
          [
            [
              118.05044844044312,
              34.65147695579685
            ],
            [
              118.06409101828581,
              34.64822133984296
            ]
          ],
          [
            [
              118.06409101828581,
              34.64822133984296
            ],
            [
              118.07044721876412,
              34.645017402531096
            ]
          ],
          [
            [
              118.07044721876412,
              34.645017402531096
            ],
            [
              118.07695844887326,
              34.640754096224555
            ]
          ],
          [
            [
              118.07695844887326,
              34.640754096224555
            ],
            [
              118.08414147255087,
              34.63137482378909
            ]
          ],
          [
            [
              118.08414147255087,
              34.63137482378909
            ],
            [
              118.08770714686727,
              34.622202256928574
            ]
          ],
          [
            [
              118.08770714686727,
              34.622202256928574
            ],
            [
              118.08941247010932,
              34.583522447203165
            ]
          ],
          [
            [
              118.08941247010932,
              34.583522447203165
            ],
            [
              118.09060102761532,
              34.57701121709397
            ]
          ],
          [
            [
              118.09060102761532,
              34.57701121709397
            ],
            [
              118.09421837787579,
              34.57096507407891
            ]
          ],
          [
            [
              118.09421837787579,
              34.57096507407891
            ],
            [
              118.10196984323363,
              34.56409210876376
            ]
          ],
          [
            [
              118.10196984323363,
              34.56409210876376
            ],
            [
              118.1082743668685,
              34.560578111290795
            ]
          ],
          [
            [
              118.1082743668685,
              34.560578111290795
            ],
            [
              118.1137520691027,
              34.55856272968623
            ]
          ],
          [
            [
              118.1137520691027,
              34.55856272968623
            ],
            [
              118.13845340420119,
              34.55230988199543
            ]
          ],
          [
            [
              118.13845340420119,
              34.55230988199543
            ],
            [
              118.1448096046795,
              34.55008779571517
            ]
          ],
          [
            [
              118.1448096046795,
              34.55008779571517
            ],
            [
              118.15039065970109,
              34.547503974229016
            ]
          ],
          [
            [
              118.15039065970109,
              34.547503974229016
            ],
            [
              118.15287112839985,
              34.541509508057345
            ]
          ],
          [
            [
              118.15287112839985,
              34.541509508057345
            ],
            [
              118.15312951081819,
              34.53368052833372
            ]
          ],
          [
            [
              118.15312951081819,
              34.53368052833372
            ],
            [
              118.14868533735842,
              34.51928864255677
            ]
          ],
          [
            [
              118.14868533735842,
              34.51928864255677
            ],
            [
              118.14139895999392,
              34.50647288701413
            ]
          ],
          [
            [
              118.14139895999392,
              34.50647288701413
            ],
            [
              118.13483605394072,
              34.50011668653582
            ]
          ],
          [
            [
              118.13483605394072,
              34.50011668653582
            ],
            [
              118.13235558524207,
              34.49603424738257
            ]
          ],
          [
            [
              118.13235558524207,
              34.49603424738257
            ],
            [
              118.13235558524207,
              34.484303697457676
            ]
          ],
          [
            [
              118.13235558524207,
              34.484303697457676
            ],
            [
              118.14604983902882,
              34.46508006369396
            ]
          ],
          [
            [
              118.14604983902882,
              34.46508006369396
            ],
            [
              118.16015750486486,
              34.456295071360444
            ]
          ],
          [
            [
              118.16015750486486,
              34.456295071360444
            ],
            [
              118.1636715032372,
              34.45262604425653
            ]
          ],
          [
            [
              118.1636715032372,
              34.45262604425653
            ],
            [
              118.1675989118603,
              34.447665106859176
            ]
          ],
          [
            [
              118.1675989118603,
              34.447665106859176
            ],
            [
              118.16945926293454,
              34.442807522249325
            ]
          ],
          [
            [
              118.16945926293454,
              34.442807522249325
            ],
            [
              118.17023441018978,
              34.43712311533949
            ]
          ],
          [
            [
              118.17023441018978,
              34.43712311533949
            ],
            [
              118.16961429166622,
              34.43076691306254
            ]
          ],
          [
            [
              118.16961429166622,
              34.43076691306254
            ],
            [
              118.16573855988656,
              34.41149160425414
            ]
          ],
          [
            [
              118.16573855988656,
              34.41149160425414
            ],
            [
              118.16527347189322,
              34.405238756563335
            ]
          ],
          [
            [
              118.16527347189322,
              34.405238756563335
            ],
            [
              118.16542850062478,
              34.399244290391664
            ]
          ],
          [
            [
              118.16542850062478,
              34.399244290391664
            ],
            [
              118.17514367074375,
              34.3972289087871
            ]
          ],
          [
            [
              118.17514367074375,
              34.3972289087871
            ],
            [
              118.19772627234954,
              34.39970937838507
            ]
          ],
          [
            [
              118.19772627234954,
              34.39970937838507
            ],
            [
              118.24811079267886,
              34.41198252976989
            ]
          ],
          [
            [
              118.24811079267886,
              34.41198252976989
            ],
            [
              118.31069095272528,
              34.419914863180395
            ]
          ],
          [
            [
              118.31069095272528,
              34.419914863180395
            ],
            [
              118.33890628529673,
              34.41826121678173
            ]
          ],
          [
            [
              118.33890628529673,
              34.41826121678173
            ],
            [
              118.34278201707639,
              34.41857127514419
            ]
          ],
          [
            [
              118.34278201707639,
              34.41857127514419
            ],
            [
              118.35663130139335,
              34.42368724217249
            ]
          ],
          [
            [
              118.35663130139335,
              34.42368724217249
            ],
            [
              118.39104780481227,
              34.44373769823619
            ]
          ],
          [
            [
              118.39104780481227,
              34.44373769823619
            ],
            [
              118.40985802562739,
              34.4716946483893
            ]
          ],
          [
            [
              118.40985802562739,
              34.4716946483893
            ],
            [
              118.41461225834905,
              34.48259837511489
            ]
          ],
          [
            [
              118.41461225834905,
              34.48259837511489
            ],
            [
              118.41946984295885,
              34.50399241831542
            ]
          ],
          [
            [
              118.41946984295885,
              34.50399241831542
            ],
            [
              118.42272545801347,
              34.578483995440024
            ]
          ],
          [
            [
              118.42272545801347,
              34.578483995440024
            ],
            [
              118.42551598507464,
              34.591790676498476
            ]
          ],
          [
            [
              118.42551598507464,
              34.591790676498476
            ],
            [
              118.42985680484765,
              34.603392035214256
            ]
          ],
          [
            [
              118.42985680484765,
              34.603392035214256
            ],
            [
              118.43342247916405,
              34.60925731107602
            ]
          ],
          [
            [
              118.43342247916405,
              34.60925731107602
            ],
            [
              118.4504757016922,
              34.62837759025359
            ]
          ],
          [
            [
              118.4504757016922,
              34.62837759025359
            ],
            [
              118.45342125928369,
              34.634191189271974
            ]
          ],
          [
            [
              118.45342125928369,
              34.634191189271974
            ],
            [
              118.45435143437112,
              34.639591376241015
            ]
          ],
          [
            [
              118.45435143437112,
              34.639591376241015
            ],
            [
              118.45398969916528,
              34.645172431262665
            ]
          ],
          [
            [
              118.45398969916528,
              34.645172431262665
            ],
            [
              118.45233605366593,
              34.65630870198498
            ]
          ],
          [
            [
              118.45233605366593,
              34.65630870198498
            ],
            [
              118.45233605366593,
              34.661967271372475
            ]
          ],
          [
            [
              118.45233605366593,
              34.661967271372475
            ],
            [
              118.45388634727703,
              34.667548326394126
            ]
          ],
          [
            [
              118.45388634727703,
              34.667548326394126
            ],
            [
              118.4566768743382,
              34.67235423416054
            ]
          ],
          [
            [
              118.4566768743382,
              34.67235423416054
            ],
            [
              118.4600875181244,
              34.67682424604209
            ]
          ],
          [
            [
              118.4600875181244,
              34.67682424604209
            ],
            [
              118.46401492674738,
              34.6808808458743
            ]
          ],
          [
            [
              118.46401492674738,
              34.6808808458743
            ],
            [
              118.4696993345566,
              34.685066636915735
            ]
          ],
          [
            [
              118.4696993345566,
              34.685066636915735
            ],
            [
              118.47719241659672,
              34.68920075111373
            ]
          ],
          [
            [
              118.47719241659672,
              34.68920075111373
            ],
            [
              118.53181440571018,
              34.705323798554446
            ]
          ],
          [
            [
              118.53181440571018,
              34.705323798554446
            ],
            [
              118.55785932794561,
              34.70868276639652
            ]
          ],
          [
            [
              118.55785932794561,
              34.70868276639652
            ],
            [
              118.58101037033225,
              34.70907033912482
            ]
          ],
          [
            [
              118.58101037033225,
              34.70907033912482
            ],
            [
              118.59635826961835,
              34.70749420799126
            ]
          ],
          [
            [
              118.59635826961835,
              34.70749420799126
            ],
            [
              118.65268558197397,
              34.68687531204597
            ]
          ],
          [
            [
              118.65268558197397,
              34.68687531204597
            ],
            [
              118.66663821817917,
              34.68377472572297
            ]
          ],
          [
            [
              118.66663821817917,
              34.68377472572297
            ],
            [
              118.67376956591272,
              34.68341299141639
            ]
          ],
          [
            [
              118.67376956591272,
              34.68341299141639
            ],
            [
              118.68074588401532,
              34.68385224098813
            ]
          ],
          [
            [
              118.68074588401532,
              34.68385224098813
            ],
            [
              118.69314822840795,
              34.68666860647102
            ]
          ],
          [
            [
              118.69314822840795,
              34.68666860647102
            ],
            [
              118.704517043127,
              34.690673530359106
            ]
          ],
          [
            [
              118.704517043127,
              34.690673530359106
            ],
            [
              118.7135087419349,
              34.69695221647157
            ]
          ],
          [
            [
              118.7135087419349,
              34.69695221647157
            ],
            [
              118.7246708519782,
              34.706848252844566
            ]
          ],
          [
            [
              118.7246708519782,
              34.706848252844566
            ],
            [
              118.74596154239123,
              34.73007680869773
            ]
          ],
          [
            [
              118.74596154239123,
              34.73007680869773
            ],
            [
              118.75944909060297,
              34.74862864799371
            ]
          ],
          [
            [
              118.75944909060297,
              34.74862864799371
            ],
            [
              118.75991417859643,
              34.75015310318315
            ]
          ],
          [
            [
              118.75991417859643,
              34.75015310318315
            ],
            [
              118.76037926569052,
              34.75371877749956
            ]
          ],
          [
            [
              118.76037926569052,
              34.75371877749956
            ],
            [
              118.76022423695895,
              34.75743948054759
            ]
          ],
          [
            [
              118.76022423695895,
              34.75743948054759
            ],
            [
              118.76084435368398,
              34.760565904392934
            ]
          ],
          [
            [
              118.76084435368398,
              34.760565904392934
            ],
            [
              118.7636348816444,
              34.76945425131265
            ]
          ],
          [
            [
              118.7636348816444,
              34.76945425131265
            ],
            [
              118.77278161008314,
              34.79157176402566
            ]
          ],
          [
            [
              118.77278161008314,
              34.79157176402566
            ],
            [
              118.77433190279498,
              34.79756623019733
            ]
          ],
          [
            [
              118.77433190279498,
              34.79756623019733
            ],
            [
              118.77495202041939,
              34.80350902042494
            ]
          ],
          [
            [
              118.77495202041939,
              34.80350902042494
            ],
            [
              118.77433190279498,
              34.82216421250837
            ]
          ],
          [
            [
              118.77433190279498,
              34.82216421250837
            ],
            [
              118.77510705005022,
              34.82774526573138
            ]
          ],
          [
            [
              118.77510705005022,
              34.82774526573138
            ],
            [
              118.77665734276206,
              34.83363638001492
            ]
          ],
          [
            [
              118.77665734276206,
              34.83363638001492
            ],
            [
              118.79825809063834,
              34.87575267194825
            ]
          ],
          [
            [
              118.79825809063834,
              34.87575267194825
            ],
            [
              118.83360477094334,
              34.91931590380591
            ]
          ],
          [
            [
              118.83360477094334,
              34.91931590380591
            ],
            [
              118.83965091395851,
              34.929082749868996
            ]
          ],
          [
            [
              118.83965091395851,
              34.929082749868996
            ],
            [
              118.8422864122881,
              34.93456045210314
            ]
          ],
          [
            [
              118.8422864122881,
              34.93456045210314
            ],
            [
              118.8567558133301,
              34.98370473898251
            ]
          ],
          [
            [
              118.8567558133301,
              34.98370473898251
            ],
            [
              118.8556189308689,
              35.01538239218365
            ]
          ],
          [
            [
              118.8556189308689,
              35.01538239218365
            ],
            [
              118.85592899013079,
              35.02044668236846
            ]
          ],
          [
            [
              118.85592899013079,
              35.02044668236846
            ],
            [
              118.8567558133301,
              35.025459295709936
            ]
          ],
          [
            [
              118.8567558133301,
              35.025459295709936
            ],
            [
              118.85892622276697,
              35.029645086751316
            ]
          ],
          [
            [
              118.85892622276697,
              35.029645086751316
            ],
            [
              118.86182010261564,
              35.03274567307432
            ]
          ],
          [
            [
              118.86182010261564,
              35.03274567307432
            ],
            [
              118.86678104091231,
              35.03631134739072
            ]
          ],
          [
            [
              118.86678104091231,
              35.03631134739072
            ],
            [
              118.87985517797404,
              35.04184072556899
            ]
          ],
          [
            [
              118.87985517797404,
              35.04184072556899
            ],
            [
              118.89427290307196,
              35.04535472304201
            ]
          ],
          [
            [
              118.89427290307196,
              35.04535472304201
            ],
            [
              118.9540108583144,
              35.05075491001105
            ]
          ],
          [
            [
              118.9540108583144,
              35.05075491001105
            ],
            [
              119.07627729675983,
              35.04982473402424
            ]
          ],
          [
            [
              119.07627729675983,
              35.04982473402424
            ],
            [
              119.1020638365768,
              35.06013418244652
            ]
          ],
          [
            [
              119.1020638365768,
              35.06013418244652
            ],
            [
              119.17559940019214,
              35.10591950148381
            ]
          ],
          [
            [
              119.17559940019214,
              35.10591950148381
            ],
            [
              119.19358279780784,
              35.110027778159406
            ]
          ],
          [
            [
              119.19358279780784,
              35.110027778159406
            ],
            [
              119.2286710956945,
              35.1125857612239
            ]
          ],
          [
            [
              119.2286710956945,
              35.1125857612239
            ],
            [
              119.23843794175752,
              35.112327378805446
            ]
          ],
          [
            [
              119.23843794175752,
              35.112327378805446
            ],
            [
              119.24608605432786,
              35.111190497243626
            ]
          ],
          [
            [
              119.24608605432786,
              35.111190497243626
            ],
            [
              119.25301069468776,
              35.10912343969494
            ]
          ],
          [
            [
              119.25301069468776,
              35.10912343969494
            ],
            [
              119.26592980391729,
              35.10390411987919
            ]
          ],
          [
            [
              119.26592980391729,
              35.10390411987919
            ],
            [
              119.2732161803824,
              35.09930491768779
            ]
          ],
          [
            [
              119.2732161803824,
              35.09930491768779
            ],
            [
              119.2774019723231,
              35.0933621283595
            ]
          ],
          [
            [
              119.2774019723231,
              35.0933621283595
            ],
            [
              119.28019249938427,
              35.0882978381747
            ]
          ],
          [
            [
              119.28019249938427,
              35.0882978381747
            ],
            [
              119.28028405000009,
              35.076605536000045
            ]
          ],
          [
            [
              117.83715902946562,
              38.27090758201928
            ],
            [
              117.90015709700003,
              38.246161200000074
            ],
            [
              117.9416977510001,
              38.23394647100008
            ],
            [
              117.9633461090001,
              38.21069368600007
            ],
            [
              117.97754417700003,
              38.19483706400007
            ],
            [
              117.98899518300004,
              38.19856575100005
            ],
            [
              118.00719688600009,
              38.19700984200006
            ],
            [
              118.03822468700002,
              38.18071770500006
            ],
            [
              118.05372658700003,
              38.17325326400004
            ],
            [
              118.0577849340001,
              38.161079362000066
            ],
            [
              118.05240830600007,
              38.153659066000046
            ],
            [
              118.06521373100009,
              38.143082037000056
            ],
            [
              118.08179772200003,
              38.140692450000074
            ],
            [
              118.08480879000001,
              38.138739325000074
            ],
            [
              118.09579511800007,
              38.14232005400004
            ],
            [
              118.10767662900003,
              38.14858633000006
            ],
            [
              118.11923261800007,
              38.15228913000004
            ],
            [
              118.14608808700007,
              38.14248281500005
            ],
            [
              118.21583092500009,
              38.144964911000045
            ],
            [
              118.31202233200008,
              38.12787506700005
            ],
            [
              118.42400472600002,
              38.11156859500005
            ],
            [
              118.4489284440001,
              38.10778712200005
            ],
            [
              118.47250485200004,
              38.101881035000076
            ],
            [
              118.49415123800009,
              38.093817450000074
            ],
            [
              118.51229902400007,
              38.08808014500005
            ],
            [
              118.53394616000003,
              38.07294342700004
            ],
            [
              118.54297936300009,
              38.068345445000034
            ],
            [
              118.55062910200002,
              38.070013739000046
            ],
            [
              118.55689537900003,
              38.073919989000046
            ],
            [
              118.56153405000009,
              38.07607656500005
            ],
            [
              118.57300866000003,
              38.07990143400008
            ],
            [
              118.58350670700008,
              38.089178778000075
            ],
            [
              118.59937584700003,
              38.11082591400009
            ],
            [
              118.615777009,
              38.12512038300008
            ],
            [
              118.6548709430001,
              38.145694596000055
            ],
            [
              118.76035265500002,
              38.15513204600006
            ],
            [
              118.80543053500003,
              38.15180084800005
            ],
            [
              118.82506583500003,
              38.151642167000034
            ],
            [
              118.84009850400003,
              38.15257396000004
            ],
            [
              118.8982451820001,
              38.12329876700005
            ],
            [
              118.95003676100009,
              38.09726186800009
            ],
            [
              118.92481530000009,
              38.05776601800005
            ],
            [
              118.94198652400007,
              38.04938385600008
            ],
            [
              118.95614668100006,
              38.03359609600005
            ],
            [
              118.97339928500003,
              37.99648672100005
            ],
            [
              118.99659264400009,
              37.96312083500004
            ],
            [
              119.04840455700003,
              37.94797820300005
            ],
            [
              119.09249331000001,
              37.91277311500005
            ],
            [
              119.11694226300006,
              37.85327074700007
            ],
            [
              119.155697433,
              37.82396426300005
            ],
            [
              119.20683608900003,
              37.802838559000065
            ],
            [
              119.243083071,
              37.76948233600007
            ],
            [
              119.25959745600005,
              37.71584741200007
            ],
            [
              119.25566353600004,
              37.67186657700006
            ],
            [
              119.21773647400005,
              37.67524798000005
            ],
            [
              119.1893132240001,
              37.70073456600005
            ],
            [
              119.12014099700002,
              37.737507864000065
            ],
            [
              119.06947218100004,
              37.74063064900008
            ],
            [
              119.03712772600011,
              37.72208882600006
            ],
            [
              119.02752700200006,
              37.703942931000086
            ],
            [
              119.02540081300003,
              37.68992311800008
            ],
            [
              119.01075280000009,
              37.65375397300005
            ],
            [
              118.99244225400003,
              37.63336823100008
            ],
            [
              118.97665449300007,
              37.61090729400007
            ],
            [
              118.96998131600003,
              37.593451239000046
            ],
            [
              118.96778405000009,
              37.57322825700004
            ],
            [
              118.95785566500001,
              37.53139883000006
            ],
            [
              118.94459069100003,
              37.378119208000044
            ],
            [
              118.94947350400003,
              37.33616771000004
            ],
            [
              118.96119225400003,
              37.29564036700009
            ],
            [
              118.97242272200003,
              37.28066640800006
            ],
            [
              118.99048912900003,
              37.274725653000075
            ],
            [
              119.01474043100006,
              37.26984284100007
            ],
            [
              119.03012129000001,
              37.257798570000034
            ],
            [
              119.04273522200003,
              37.24237702000005
            ],
            [
              119.05860436300009,
              37.22760651200008
            ],
            [
              119.11500084700003,
              37.20111725500004
            ],
            [
              119.14551842500009,
              37.17885976800005
            ],
            [
              119.28711998800009,
              37.13727448100008
            ],
            [
              119.44117272200003,
              37.12055084800005
            ],
            [
              119.47510826900009,
              37.13328685100004
            ],
            [
              119.52450605600006,
              37.13906484600005
            ],
            [
              119.53858483200008,
              37.137600002000056
            ],
            [
              119.56348717500009,
              37.141791083000044
            ],
            [
              119.66073652400007,
              37.137600002000056
            ],
            [
              119.71680748800009,
              37.14158763200004
            ],
            [
              119.77059980600006,
              37.15184153900009
            ],
            [
              119.77890058700007,
              37.16705963700008
            ],
            [
              119.79184004000001,
              37.180568752000056
            ],
            [
              119.87745201900009,
              37.23383209800005
            ],
            [
              119.89730879000001,
              37.24941640800006
            ],
            [
              119.88672936300009,
              37.28465403900009
            ],
            [
              119.86353600400003,
              37.321926174000055
            ],
            [
              119.84628339900007,
              37.34369538000004
            ],
            [
              119.85889733200008,
              37.36017487200007
            ],
            [
              119.88233483200008,
              37.370754299000055
            ],
            [
              119.92896569100003,
              37.38458893400008
            ],
            [
              119.98829186300009,
              37.413275458000044
            ],
            [
              119.99781334700003,
              37.42182038000004
            ],
            [
              120.00904381600003,
              37.42234935100004
            ],
            [
              120.05982506600003,
              37.44041575700004
            ],
            [
              120.18759199300007,
              37.511786200000074
            ],
            [
              120.29761803500003,
              37.59788646000004
            ],
            [
              120.32252037900003,
              37.63239166900007
            ],
            [
              120.30640709700003,
              37.66518789300005
            ],
            [
              120.29379316500001,
              37.67031484600005
            ],
            [
              120.27857506600003,
              37.67243073100008
            ],
            [
              120.24756920700008,
              37.67259349200009
            ],
            [
              120.23536217500009,
              37.67475006700005
            ],
            [
              120.22291100400003,
              37.67942942900004
            ],
            [
              120.21566816500001,
              37.68406810100004
            ],
            [
              120.21998131600003,
              37.68626536700009
            ],
            [
              120.31185957100001,
              37.68626536700009
            ],
            [
              120.36850019600001,
              37.69472890800006
            ],
            [
              120.38599694100003,
              37.70453522300005
            ],
            [
              120.39136803500003,
              37.706732489000046
            ],
            [
              120.41098066500001,
              37.712103583000044
            ],
            [
              120.44312584700003,
              37.73818594000005
            ],
            [
              120.46338951900009,
              37.747748114000046
            ],
            [
              120.55616295700008,
              37.761379299000055
            ],
            [
              120.56454511800007,
              37.76434967700004
            ],
            [
              120.59359785200002,
              37.78188711100006
            ],
            [
              120.63526451900009,
              37.788723049000055
            ],
            [
              120.67432701900009,
              37.801988023000035
            ],
            [
              120.70492597700002,
              37.82094961100006
            ],
            [
              120.73804772200003,
              37.833970445000034
            ],
            [
              120.78492272200003,
              37.82965729400007
            ],
            [
              120.82162519600001,
              37.81732819200005
            ],
            [
              120.83668053500003,
              37.81598541900007
            ],
            [
              120.84644616000003,
              37.81810130400004
            ],
            [
              120.86597741000003,
              37.82754140800006
            ],
            [
              120.87769616000003,
              37.82965729400007
            ],
            [
              120.89942467500009,
              37.827053127000056
            ],
            [
              120.92579186300009,
              37.81928131700005
            ],
            [
              120.94076582100001,
              37.80646393400008
            ],
            [
              120.92880293100006,
              37.788723049000055
            ],
            [
              120.94092858200008,
              37.77399323100008
            ],
            [
              120.95687910200002,
              37.76089101800005
            ],
            [
              120.97535241000003,
              37.75136953300006
            ],
            [
              120.99463951900009,
              37.747748114000046
            ],
            [
              121.00538170700008,
              37.74428945500006
            ],
            [
              121.01148522200003,
              37.73590729400007
            ],
            [
              121.01612389400009,
              37.72573476800005
            ],
            [
              121.02198326900009,
              37.71670156500005
            ],
            [
              121.03256269600001,
              37.71039459800005
            ],
            [
              121.04354902400007,
              37.71035390800006
            ],
            [
              121.05469811300009,
              37.71271393400008
            ],
            [
              121.06666100400003,
              37.71356842700004
            ],
            [
              121.11329186300009,
              37.708238023000035
            ],
            [
              121.13795006600003,
              37.701157945000034
            ],
            [
              121.14852949300007,
              37.68939850500004
            ],
            [
              121.14242597700002,
              37.67682526200008
            ],
            [
              121.13217207100001,
              37.664496161000045
            ],
            [
              121.13013756600003,
              37.65180084800005
            ],
            [
              121.14852949300007,
              37.637884833000044
            ],
            [
              121.13550866000003,
              37.626288153000075
            ],
            [
              121.13436933700007,
              37.610541083000044
            ],
            [
              121.14210045700008,
              37.59467194200005
            ],
            [
              121.15536543100006,
              37.58258698100008
            ],
            [
              121.17164147200003,
              37.57709381700005
            ],
            [
              121.19149824300007,
              37.57518138200004
            ],
            [
              121.30811608200008,
              37.581244208000044
            ],
            [
              121.34473717500009,
              37.59080638200004
            ],
            [
              121.37452233200008,
              37.610541083000044
            ],
            [
              121.36060631600003,
              37.63133372600004
            ],
            [
              121.35401451900009,
              37.637884833000044
            ],
            [
              121.37216230600006,
              37.63271719000005
            ],
            [
              121.39356530000009,
              37.62246328300006
            ],
            [
              121.41407311300009,
              37.60968659100007
            ],
            [
              121.42977949300007,
              37.596869208000044
            ],
            [
              121.39844811300009,
              37.59487539300005
            ],
            [
              121.38143964900007,
              37.58299388200004
            ],
            [
              121.38168379000001,
              37.566107489000046
            ],
            [
              121.40170332100001,
              37.54905833500004
            ],
            [
              121.42457116000003,
              37.536322333000044
            ],
            [
              121.44678795700008,
              37.519598700000074
            ],
            [
              121.46395918100006,
              37.49945709800005
            ],
            [
              121.47071373800009,
              37.47646719000005
            ],
            [
              121.47689863400001,
              37.468003648000035
            ],
            [
              121.49146569100003,
              37.462958075000074
            ],
            [
              121.5,
              37.462054973618415
            ]
          ],
          [
            [
              121.5,
              36.76740283407203
            ],
            [
              121.49642988400001,
              36.77448151200008
            ],
            [
              121.5,
              36.78196585228589
            ]
          ],
          [
            [
              121.5,
              36.810542637507545
            ],
            [
              121.49813886800007,
              36.81085846600007
            ],
            [
              121.49423261800007,
              36.81688060100004
            ],
            [
              121.49227949300007,
              36.823919989000046
            ],
            [
              121.48438561300009,
              36.82908763200004
            ],
            [
              121.45948326900009,
              36.82868073100008
            ],
            [
              121.45297285200002,
              36.816392320000034
            ],
            [
              121.45801842500009,
              36.801947333000044
            ],
            [
              121.46729576900009,
              36.794989325000074
            ],
            [
              121.47071373800009,
              36.78961823100008
            ],
            [
              121.46615644600001,
              36.77757396000004
            ],
            [
              121.45337975400003,
              36.75739166900007
            ],
            [
              121.44483483200008,
              36.75348541900007
            ],
            [
              121.43246504000001,
              36.75275299700007
            ],
            [
              121.40894616000003,
              36.753973700000074
            ],
            [
              121.39014733200008,
              36.74681224200009
            ],
            [
              121.37777754000001,
              36.73151276200008
            ],
            [
              121.37940514400009,
              36.71698639500005
            ],
            [
              121.40170332100001,
              36.71238841400009
            ],
            [
              121.38526451900009,
              36.70648834800005
            ],
            [
              121.36841881600003,
              36.70677317900004
            ],
            [
              121.33350670700008,
              36.71238841400009
            ],
            [
              121.31421959700003,
              36.711818752000056
            ],
            [
              121.15772545700008,
              36.66860586100006
            ],
            [
              121.12802168100006,
              36.65094635600008
            ],
            [
              121.08969160200002,
              36.616400458000044
            ],
            [
              121.08017011800007,
              36.61001211100006
            ],
            [
              121.06275475400003,
              36.61005280200004
            ],
            [
              121.04249108200008,
              36.62767161700009
            ],
            [
              121.03248131600003,
              36.624253648000035
            ],
            [
              121.03077233200008,
              36.61709219000005
            ],
            [
              121.03402754000001,
              36.59682851800005
            ],
            [
              121.03248131600003,
              36.589504299000055
            ],
            [
              121.02352949300007,
              36.58392975500004
            ],
            [
              121.01465905000009,
              36.58454010600008
            ],
            [
              121.00611412900003,
              36.58763255400004
            ],
            [
              120.99838300900001,
              36.589504299000055
            ],
            [
              120.94467207100001,
              36.59121328300006
            ],
            [
              120.92880293100006,
              36.59634023600006
            ],
            [
              120.93653405000009,
              36.61196523600006
            ],
            [
              120.93336022200003,
              36.62026601800005
            ],
            [
              120.92212975400003,
              36.62368398600006
            ],
            [
              120.90552819100003,
              36.624253648000035
            ],
            [
              120.89267011800007,
              36.62848541900007
            ],
            [
              120.86475670700008,
              36.64671458500004
            ],
            [
              120.85059655000009,
              36.65094635600008
            ],
            [
              120.82406660200002,
              36.64398834800005
            ],
            [
              120.77084394600001,
              36.617173570000034
            ],
            [
              120.75058027400007,
              36.616848049000055
            ],
            [
              120.74732506600003,
              36.60822174700007
            ],
            [
              120.74691816500001,
              36.603176174000055
            ],
            [
              120.75001061300009,
              36.59983958500004
            ],
            [
              120.75757897200003,
              36.59634023600006
            ],
            [
              120.74732506600003,
              36.57729726800005
            ],
            [
              120.74227949300007,
              36.555853583000044
            ],
            [
              120.75025475400003,
              36.54075755400004
            ],
            [
              120.77865644600001,
              36.541083075000074
            ],
            [
              120.79379316500001,
              36.55097077000005
            ],
            [
              120.81356855600006,
              36.583685614000046
            ],
            [
              120.82642662900003,
              36.59634023600006
            ],
            [
              120.85035241000003,
              36.60455963700008
            ],
            [
              120.86459394600001,
              36.597723700000074
            ],
            [
              120.89478600400003,
              36.56159088700008
            ],
            [
              120.90528405000009,
              36.557074286000045
            ],
            [
              120.91407311300009,
              36.55703359600005
            ],
            [
              120.92025800900001,
              36.55329010600008
            ],
            [
              120.92261803500003,
              36.53766510600008
            ],
            [
              120.92750084700003,
              36.532904364000046
            ],
            [
              120.93848717500009,
              36.534369208000044
            ],
            [
              120.95020592500009,
              36.54002513200004
            ],
            [
              120.95679772200003,
              36.54791901200008
            ],
            [
              120.96363366000003,
              36.54791901200008
            ],
            [
              120.96143639400009,
              36.53143952000005
            ],
            [
              120.95191491000003,
              36.51992422100005
            ],
            [
              120.94117272200003,
              36.50971100500004
            ],
            [
              120.93628991000003,
              36.49701569200005
            ],
            [
              120.93783613400001,
              36.48769765800006
            ],
            [
              120.94996178500003,
              36.45917389500005
            ],
            [
              120.93433678500003,
              36.45677317900004
            ],
            [
              120.91952558700007,
              36.45648834800005
            ],
            [
              120.90626061300009,
              36.452378648000035
            ],
            [
              120.89478600400003,
              36.438666083000044
            ],
            [
              120.90097089900007,
              36.42767975500004
            ],
            [
              120.90137780000009,
              36.41901276200008
            ],
            [
              120.89828535200002,
              36.41160716400009
            ],
            [
              120.89039147200003,
              36.39793528900009
            ],
            [
              120.88266035200002,
              36.388739325000074
            ],
            [
              120.87427819100003,
              36.38060130400004
            ],
            [
              120.86744225400003,
              36.37718333500004
            ],
            [
              120.84970136800007,
              36.38613515800006
            ],
            [
              120.84400475400003,
              36.42267487200007
            ],
            [
              120.82642662900003,
              36.432521877000056
            ],
            [
              120.83204186300009,
              36.45526764500005
            ],
            [
              120.80689537900003,
              36.46393463700008
            ],
            [
              120.77247155000009,
              36.46352773600006
            ],
            [
              120.75058027400007,
              36.45917389500005
            ],
            [
              120.74781334700003,
              36.45563385600008
            ],
            [
              120.74048912900003,
              36.44281647300005
            ],
            [
              120.73707116000003,
              36.438666083000044
            ],
            [
              120.73170006600003,
              36.43622467700004
            ],
            [
              120.71900475400003,
              36.43235911700009
            ],
            [
              120.71412194100003,
              36.42869700700004
            ],
            [
              120.68653405000009,
              36.387152411000045
            ],
            [
              120.69068444100003,
              36.37083567900004
            ],
            [
              120.70956464900007,
              36.34935130400004
            ],
            [
              120.72217858200008,
              36.33055247600004
            ],
            [
              120.70728600400003,
              36.32265859600005
            ],
            [
              120.69369550900001,
              36.32489655200004
            ],
            [
              120.66903730600006,
              36.33462148600006
            ],
            [
              120.66195722700002,
              36.33633047100005
            ],
            [
              120.64771569100003,
              36.33087799700007
            ],
            [
              120.64364668100006,
              36.32249583500004
            ],
            [
              120.64869225400003,
              36.31240469000005
            ],
            [
              120.66195722700002,
              36.30149974200009
            ],
            [
              120.65455162900003,
              36.288275458000044
            ],
            [
              120.66024824300007,
              36.277329820000034
            ],
            [
              120.67042076900009,
              36.26581452000005
            ],
            [
              120.67562910200002,
              36.25063711100006
            ],
            [
              120.68751061300009,
              36.18789297100005
            ],
            [
              120.69336998800009,
              36.17487213700008
            ],
            [
              120.70484459700003,
              36.156236070000034
            ],
            [
              120.69678795700008,
              36.14398834800005
            ],
            [
              120.62777754000001,
              36.116522528000075
            ],
            [
              120.62387129000001,
              36.11766185100004
            ],
            [
              120.62061608200008,
              36.12128327000005
            ],
            [
              120.61670983200008,
              36.12335846600007
            ],
            [
              120.59359785200002,
              36.10976797100005
            ],
            [
              120.56519616000003,
              36.11579010600008
            ],
            [
              120.55160566500001,
              36.113714911000045
            ],
            [
              120.54590905000009,
              36.09975820500006
            ],
            [
              120.53622480600006,
              36.091457424000055
            ],
            [
              120.51417076900009,
              36.08856842700004
            ],
            [
              120.47364342500009,
              36.08926015800006
            ],
            [
              120.46192467500009,
              36.08576080900008
            ],
            [
              120.43563886800007,
              36.06850820500006
            ],
            [
              120.42172285200002,
              36.06195709800005
            ],
            [
              120.36947675900001,
              36.04877350500004
            ],
            [
              120.35352623800009,
              36.04083893400008
            ],
            [
              120.33936608200008,
              36.04995351800005
            ],
            [
              120.32471764400009,
              36.05719635600008
            ],
            [
              120.30909264400009,
              36.06150950700004
            ],
            [
              120.29200280000009,
              36.06195709800005
            ],
            [
              120.29200280000009,
              36.06810130400004
            ],
            [
              120.30844160200002,
              36.07953522300005
            ],
            [
              120.31226647200003,
              36.09129466400009
            ],
            [
              120.31348717500009,
              36.10447825700004
            ],
            [
              120.32276451900009,
              36.11994049700007
            ],
            [
              120.33497155000009,
              36.13613515800006
            ],
            [
              120.36158287900003,
              36.19163646000004
            ],
            [
              120.34848066500001,
              36.21336497600004
            ],
            [
              120.33920332100001,
              36.22260163000004
            ],
            [
              120.32276451900009,
              36.22638580900008
            ],
            [
              120.31177819100003,
              36.26585521000004
            ],
            [
              120.30640709700003,
              36.27423737200007
            ],
            [
              120.28646894600001,
              36.26382070500006
            ],
            [
              120.27352949300007,
              36.23427969000005
            ],
            [
              120.27515709700003,
              36.20408763200004
            ],
            [
              120.29883873800009,
              36.19163646000004
            ],
            [
              120.28451582100001,
              36.17597077000005
            ],
            [
              120.26425214900007,
              36.180853583000044
            ],
            [
              120.24398847700002,
              36.191107489000046
            ],
            [
              120.22999108200008,
              36.19163646000004
            ],
            [
              120.22608483200008,
              36.19407786700009
            ],
            [
              120.22388756600003,
              36.196519273000035
            ],
            [
              120.22128339900007,
              36.19839101800005
            ],
            [
              120.21631920700008,
              36.19912344000005
            ],
            [
              120.21908613400001,
              36.221909898000035
            ],
            [
              120.18677819100003,
              36.21906159100007
            ],
            [
              120.14454186300009,
              36.20888906500005
            ],
            [
              120.11727949300007,
              36.20966217700004
            ],
            [
              120.11239668100006,
              36.21747467700004
            ],
            [
              120.11142011800007,
              36.222723700000074
            ],
            [
              120.10816491000003,
              36.22553131700005
            ],
            [
              120.09717858200008,
              36.22638580900008
            ],
            [
              120.09286543100006,
              36.22321198100008
            ],
            [
              120.08790123800009,
              36.21621328300006
            ],
            [
              120.08594811300009,
              36.20913320500006
            ],
            [
              120.09034264400009,
              36.205959377000056
            ],
            [
              120.10531660200002,
              36.200873114000046
            ],
            [
              120.10922285200002,
              36.188788153000075
            ],
            [
              120.10523522200003,
              36.17422109600005
            ],
            [
              120.08936608200008,
              36.147691148000035
            ],
            [
              120.08643639400009,
              36.13003164300005
            ],
            [
              120.08969160200002,
              36.11172109600005
            ],
            [
              120.10018964900007,
              36.09609609600005
            ],
            [
              120.11679121200007,
              36.087591864000046
            ],
            [
              120.13575280000009,
              36.08340078300006
            ],
            [
              120.15406334700003,
              36.077053127000056
            ],
            [
              120.16846764400009,
              36.06195709800005
            ],
            [
              120.17188561300009,
              36.046128648000035
            ],
            [
              120.17074629000001,
              36.008693752000056
            ],
            [
              120.17530358200008,
              35.99363841400009
            ],
            [
              120.18604576900009,
              35.98452383000006
            ],
            [
              120.19776451900009,
              35.98529694200005
            ],
            [
              120.22999108200008,
              35.99990469000005
            ],
            [
              120.22950280000009,
              35.97280508000006
            ],
            [
              120.24276777400007,
              35.97357819200005
            ],
            [
              120.27491295700008,
              35.99363841400009
            ],
            [
              120.28077233200008,
              35.99823639500005
            ],
            [
              120.28199303500003,
              36.00665924700007
            ],
            [
              120.28492272200003,
              36.010931708000044
            ],
            [
              120.29542076900009,
              36.00332265800006
            ],
            [
              120.30307050900001,
              35.99404531500005
            ],
            [
              120.30526777400007,
              35.98700592700004
            ],
            [
              120.30347741000003,
              35.980536200000074
            ],
            [
              120.29883873800009,
              35.97313060100004
            ],
            [
              120.28443444100003,
              35.962591864000046
            ],
            [
              120.24439537900003,
              35.95307038000004
            ],
            [
              120.22681725400003,
              35.941839911000045
            ],
            [
              120.18515058700007,
              35.90375397300005
            ],
            [
              120.17530358200008,
              35.89004140800006
            ],
            [
              120.17050214900007,
              35.907456773000035
            ],
            [
              120.17945397200003,
              35.92007070500006
            ],
            [
              120.18970787900003,
              35.93154531500005
            ],
            [
              120.18897545700008,
              35.94525788000004
            ],
            [
              120.16846764400009,
              35.93842194200005
            ],
            [
              120.16285241000003,
              35.933294989000046
            ],
            [
              120.14551842500009,
              35.91380442900004
            ],
            [
              120.14185631600003,
              35.90794505400004
            ],
            [
              120.13575280000009,
              35.90412018400008
            ],
            [
              120.10718834700003,
              35.903998114000046
            ],
            [
              120.09717858200008,
              35.900824286000045
            ],
            [
              120.05225670700008,
              35.862616278000075
            ],
            [
              120.03882897200003,
              35.84284088700008
            ],
            [
              120.01978600400003,
              35.759751695000034
            ],
            [
              120.00294030000009,
              35.727769273000035
            ],
            [
              119.96998131600003,
              35.73236725500004
            ],
            [
              119.94971764400009,
              35.75381094000005
            ],
            [
              119.93775475400003,
              35.76113515800006
            ],
            [
              119.92554772200003,
              35.75682200700004
            ],
            [
              119.90821373800009,
              35.74485911700009
            ],
            [
              119.90015709700003,
              35.73627350500004
            ],
            [
              119.93124433700007,
              35.71084219000005
            ],
            [
              119.93563886800007,
              35.70502350500004
            ],
            [
              119.93075605600006,
              35.69953034100007
            ],
            [
              119.90829511800007,
              35.680894273000035
            ],
            [
              119.90162194100003,
              35.671535549000055
            ],
            [
              119.90048261800007,
              35.66054922100005
            ],
            [
              119.90292402400007,
              35.652411200000074
            ],
            [
              119.90674889400009,
              35.64447663000004
            ],
            [
              119.90845787900003,
              35.633978583000044
            ],
            [
              119.90455162900003,
              35.62457916900007
            ],
            [
              119.89559980600006,
              35.620306708000044
            ],
            [
              119.88526451900009,
              35.617621161000045
            ],
            [
              119.87745201900009,
              35.61318594000005
            ],
            [
              119.86019941500001,
              35.60610586100006
            ],
            [
              119.84327233200008,
              35.61579010600008
            ],
            [
              119.83407636800007,
              35.63532135600008
            ],
            [
              119.84009850400003,
              35.657904364000046
            ],
            [
              119.81161543100006,
              35.64789459800005
            ],
            [
              119.77100670700008,
              35.59332916900007
            ],
            [
              119.74390709700003,
              35.57591380400004
            ],
            [
              119.74805748800009,
              35.59979889500005
            ],
            [
              119.74838300900001,
              35.60932038000004
            ],
            [
              119.74390709700003,
              35.616888739000046
            ],
            [
              119.73251386800007,
              35.62083567900004
            ],
            [
              119.71876061300009,
              35.61953359600005
            ],
            [
              119.70712324300007,
              35.614162502000056
            ],
            [
              119.70240319100003,
              35.60602448100008
            ],
            [
              119.69678795700008,
              35.59943268400008
            ],
            [
              119.68384850400003,
              35.59398021000004
            ],
            [
              119.66895592500009,
              35.59031810100004
            ],
            [
              119.65772545700008,
              35.58893463700008
            ],
            [
              119.64795983200008,
              35.58392975500004
            ],
            [
              119.64136803500003,
              35.57200755400004
            ],
            [
              119.63412519600001,
              35.548041083000044
            ],
            [
              119.60409589900007,
              35.48802317900004
            ],
            [
              119.59986412900003,
              35.469183661000045
            ],
            [
              119.59595787900003,
              35.46198151200008
            ],
            [
              119.56959069100003,
              35.434759833000044
            ],
            [
              119.56454511800007,
              35.424709377000056
            ],
            [
              119.56226647200003,
              35.40062083500004
            ],
            [
              119.55892988400001,
              35.390326239000046
            ],
            [
              119.55152428500003,
              35.38003164300005
            ],
            [
              119.52230879000001,
              35.352728583000044
            ],
            [
              119.51351972700002,
              35.33930084800005
            ],
            [
              119.50766035200002,
              35.33234284100007
            ],
            [
              119.46957441500001,
              35.321478583000044
            ],
            [
              119.43580162900003,
              35.32257721600007
            ],
            [
              119.42872155000009,
              35.321478583000044
            ],
            [
              119.42392011800007,
              35.31346263200004
            ],
            [
              119.42188561300009,
              35.30052317900004
            ],
            [
              119.42188561300009,
              35.277411200000074
            ],
            [
              119.41871178500003,
              35.27130768400008
            ],
            [
              119.40455162900003,
              35.25372955900008
            ],
            [
              119.38770592500009,
              35.20538971600007
            ],
            [
              119.37061608200008,
              35.11741771000004
            ],
            [
              119.35800214900007,
              35.09711334800005
            ],
            [
              119.33619225400003,
              35.08869049700007
            ],
            [
              119.31430097700002,
              35.08624909100007
            ],
            [
              119.28028405000009,
              35.076605536000045
            ]
          ],
          [
            [
              116.37721723758546,
              34.63953970029689
            ],
            [
              116.34404096941512,
              34.61602692270429
            ]
          ],
          [
            [
              116.34404096941512,
              34.61602692270429
            ],
            [
              116.26688805463994,
              34.57670115783213
            ]
          ],
          [
            [
              116.26688805463994,
              34.57670115783213
            ],
            [
              116.24332360200253,
              34.56832957574932
            ]
          ],
          [
            [
              116.24332360200253,
              34.56832957574932
            ],
            [
              116.22797570181717,
              34.565435695900646
            ]
          ],
          [
            [
              116.22797570181717,
              34.565435695900646
            ],
            [
              116.22332482278227,
              34.56869131095522
            ]
          ],
          [
            [
              116.22332482278227,
              34.56869131095522
            ],
            [
              116.21536665184942,
              34.576003525842
            ]
          ],
          [
            [
              116.21536665184942,
              34.576003525842
            ],
            [
              116.21019900887711,
              34.57972422889003
            ]
          ],
          [
            [
              116.21019900887711,
              34.57972422889003
            ],
            [
              116.20466963069885,
              34.58300568326564
            ]
          ],
          [
            [
              116.20466963069885,
              34.58300568326564
            ],
            [
              116.19397261044753,
              34.58434927040247
            ]
          ],
          [
            [
              116.19397261044753,
              34.58434927040247
            ],
            [
              116.18653120255294,
              34.583109036053145
            ]
          ],
          [
            [
              116.18653120255294,
              34.583109036053145
            ],
            [
              116.15128787593471,
              34.566727607093355
            ]
          ],
          [
            [
              116.15128787593471,
              34.566727607093355
            ],
            [
              116.13051395125785,
              34.57158519080389
            ]
          ],
          [
            [
              116.13051395125785,
              34.57158519080389
            ],
            [
              116.12632816021642,
              34.57476329239199
            ]
          ],
          [
            [
              116.12632816021642,
              34.57476329239199
            ],
            [
              116.12167728118152,
              34.579233303374224
            ]
          ],
          [
            [
              116.12167728118152,
              34.579233303374224
            ],
            [
              116.11232384716777,
              34.59403860120045
            ]
          ],
          [
            [
              116.11232384716777,
              34.59403860120045
            ],
            [
              116.10085167876196,
              34.60773285588658
            ]
          ],
          [
            [
              116.10085167876196,
              34.60773285588658
            ],
            [
              116.09248009667908,
              34.61344310211746
            ]
          ],
          [
            [
              116.09248009667908,
              34.61344310211746
            ],
            [
              116.0847286322205,
              34.61615611391352
            ]
          ],
          [
            [
              116.0847286322205,
              34.61615611391352
            ],
            [
              116.07914757719891,
              34.61457998277996
            ]
          ],
          [
            [
              116.07914757719891,
              34.61457998277996
            ],
            [
              116.07434166943244,
              34.61168610293129
            ]
          ],
          [
            [
              116.07434166943244,
              34.61168610293129
            ],
            [
              116.07046593585426,
              34.6077586943083
            ]
          ],
          [
            [
              116.07046593585426,
              34.6077586943083
            ],
            [
              116.06457482336941,
              34.604089667204335
            ]
          ],
          [
            [
              116.06457482336941,
              34.604089667204335
            ],
            [
              116.05713341727335,
              34.601454168874795
            ]
          ],
          [
            [
              116.05713341727335,
              34.601454168874795
            ],
            [
              116.04374922094973,
              34.60021393542473
            ]
          ],
          [
            [
              116.04374922094973,
              34.60021393542473
            ],
            [
              116.03398237488659,
              34.60362457921093
            ]
          ],
          [
            [
              116.03398237488659,
              34.60362457921093
            ],
            [
              116.00809248318149,
              34.618171495518084
            ]
          ],
          [
            [
              116.00809248318149,
              34.618171495518084
            ],
            [
              116.0008061058171,
              34.62114288973254
            ]
          ],
          [
            [
              116.0008061058171,
              34.62114288973254
            ],
            [
              115.99367475808356,
              34.621607977725944
            ]
          ],
          [
            [
              115.99367475808356,
              34.621607977725944
            ],
            [
              115.98928226056785,
              34.61886912750822
            ]
          ],
          [
            [
              115.98928226056785,
              34.61886912750822
            ],
            [
              115.98519982321318,
              34.61504507077336
            ]
          ],
          [
            [
              115.98519982321318,
              34.61504507077336
            ],
            [
              115.97501956600013,
              34.601247464199105
            ]
          ],
          [
            [
              115.97501956600013,
              34.601247464199105
            ],
            [
              115.97098880369026,
              34.59747508430769
            ]
          ],
          [
            [
              115.97098880369026,
              34.59747508430769
            ],
            [
              115.96664798391726,
              34.59403860120045
            ]
          ],
          [
            [
              115.96664798391726,
              34.59403860120045
            ],
            [
              115.95672610912254,
              34.591790676498476
            ]
          ],
          [
            [
              115.95672610912254,
              34.591790676498476
            ],
            [
              115.87926313688422,
              34.589077663803096
            ]
          ],
          [
            [
              115.87926313688422,
              34.589077663803096
            ],
            [
              115.85352827391068,
              34.58396169677485
            ]
          ],
          [
            [
              115.85352827391068,
              34.58396169677485
            ],
            [
              115.81642459531872,
              34.57143016207232
            ]
          ],
          [
            [
              115.81642459531872,
              34.57143016207232
            ],
            [
              115.80774295487345,
              34.57091339813479
            ]
          ],
          [
            [
              115.80774295487345,
              34.57091339813479
            ],
            [
              115.80030154787812,
              34.57212779406245
            ]
          ],
          [
            [
              115.80030154787812,
              34.57212779406245
            ],
            [
              115.77777062401503,
              34.5825922712163
            ]
          ],
          [
            [
              115.77777062401503,
              34.5825922712163
            ],
            [
              115.74831505709415,
              34.59204905891693
            ]
          ],
          [
            [
              115.74831505709415,
              34.59204905891693
            ],
            [
              115.70676720594179,
              34.600265611368854
            ]
          ],
          [
            [
              115.70676720594179,
              34.600265611368854
            ],
            [
              115.69307295125566,
              34.60075653688466
            ]
          ],
          [
            [
              115.69307295125566,
              34.60075653688466
            ],
            [
              115.68501142843468,
              34.597733465826764
            ]
          ],
          [
            [
              115.68501142843468,
              34.597733465826764
            ],
            [
              115.67694990381494,
              34.582540595272235
            ]
          ],
          [
            [
              115.67694990381494,
              34.582540595272235
            ],
            [
              115.67183393768607,
              34.57757965787488
            ]
          ],
          [
            [
              115.67183393768607,
              34.57757965787488
            ],
            [
              115.66284223797891,
              34.57339386683344
            ]
          ],
          [
            [
              115.66284223797891,
              34.57339386683344
            ],
            [
              115.64635745713088,
              34.56869131095522
            ]
          ],
          [
            [
              115.64635745713088,
              34.56869131095522
            ],
            [
              115.61643680221664,
              34.56739939976245
            ]
          ],
          [
            [
              115.61643680221664,
              34.56739939976245
            ],
            [
              115.5417126810953,
              34.577527981031494
            ]
          ],
          [
            [
              115.5417126810953,
              34.577527981031494
            ],
            [
              115.53075727662701,
              34.580060126573585
            ]
          ],
          [
            [
              115.53075727662701,
              34.580060126573585
            ],
            [
              115.5194401387514,
              34.585279446389336
            ]
          ],
          [
            [
              115.5194401387514,
              34.585279446389336
            ],
            [
              115.50114668187382,
              34.59633820184649
            ]
          ],
          [
            [
              115.50114668187382,
              34.59633820184649
            ],
            [
              115.48357669540815,
              34.6122545437122
            ]
          ],
          [
            [
              115.48357669540815,
              34.6122545437122
            ],
            [
              115.44807498637147,
              34.65196788221198
            ]
          ],
          [
            [
              115.44807498637147,
              34.65196788221198
            ],
            [
              115.44280398971227,
              34.66005524345468
            ]
          ],
          [
            [
              115.44280398971227,
              34.66005524345468
            ],
            [
              115.43753299395246,
              34.67085561829214
            ]
          ],
          [
            [
              115.43753299395246,
              34.67085561829214
            ],
            [
              115.43577599476635,
              34.67571320200267
            ]
          ],
          [
            [
              115.43577599476635,
              34.67571320200267
            ],
            [
              115.43081505736893,
              34.69829580270908
            ]
          ],
          [
            [
              115.43081505736893,
              34.69829580270908
            ],
            [
              115.42879967666374,
              34.72237702108265
            ]
          ],
          [
            [
              115.42879967666374,
              34.72237702108265
            ],
            [
              115.43133182220583,
              34.76826569290739
            ]
          ],
          [
            [
              115.43133182220583,
              34.76826569290739
            ],
            [
              115.43081505736893,
              34.77431183502313
            ]
          ],
          [
            [
              115.43081505736893,
              34.77431183502313
            ],
            [
              115.42926476375783,
              34.779712021992225
            ]
          ],
          [
            [
              115.42926476375783,
              34.779712021992225
            ],
            [
              115.42234012339793,
              34.786404120153975
            ]
          ],
          [
            [
              115.42234012339793,
              34.786404120153975
            ],
            [
              115.41050621978616,
              34.79405223182499
            ]
          ],
          [
            [
              115.41050621978616,
              34.79405223182499
            ],
            [
              115.3512333516378,
              34.819192817394594
            ]
          ],
          [
            [
              115.3512333516378,
              34.819192817394594
            ],
            [
              115.34100141758131,
              34.824980577091935
            ]
          ],
          [
            [
              115.34100141758131,
              34.824980577091935
            ],
            [
              115.3176436714183,
              34.84283478439778
            ]
          ],
          [
            [
              115.3176436714183,
              34.84283478439778
            ],
            [
              115.3119592627097,
              34.84531525309643
            ]
          ],
          [
            [
              115.3119592627097,
              34.84531525309643
            ],
            [
              115.30653323821832,
              34.84691722355103
            ]
          ],
          [
            [
              115.30653323821832,
              34.84691722355103
            ],
            [
              115.2904101907776,
              34.84942352977208
            ]
          ],
          [
            [
              115.2904101907776,
              34.84942352977208
            ],
            [
              115.28033328725132,
              34.84996613213127
            ]
          ],
          [
            [
              115.28033328725132,
              34.84996613213127
            ],
            [
              115.27010135319483,
              34.84934601540624
            ]
          ],
          [
            [
              115.27010135319483,
              34.84934601540624
            ],
            [
              115.25966271356333,
              34.847330633801676
            ]
          ],
          [
            [
              115.25966271356333,
              34.847330633801676
            ],
            [
              115.252221306568,
              34.84490184194641
            ]
          ],
          [
            [
              115.252221306568,
              34.84490184194641
            ],
            [
              115.24602013572064,
              34.84226634451619
            ]
          ],
          [
            [
              115.24602013572064,
              34.84226634451619
            ],
            [
              115.2359432312951,
              34.83534170235765
            ]
          ],
          [
            [
              115.2359432312951,
              34.83534170235765
            ],
            [
              115.23310102739049,
              34.83288707118135
            ]
          ],
          [
            [
              115.23310102739049,
              34.83288707118135
            ],
            [
              115.2306722346359,
              34.826711737856385
            ]
          ],
          [
            [
              115.2306722346359,
              34.826711737856385
            ],
            [
              115.21604780486223,
              34.83572927508595
            ]
          ],
          [
            [
              115.21604780486223,
              34.83572927508595
            ],
            [
              115.21625451133661,
              34.85608978951217
            ]
          ],
          [
            [
              115.21625451133661,
              34.85608978951217
            ],
            [
              115.22323082943922,
              34.89161733697051
            ]
          ],
          [
            [
              115.22323082943922,
              34.89161733697051
            ],
            [
              115.22230065255303,
              34.896474921580364
            ]
          ],
          [
            [
              115.22230065255303,
              34.896474921580364
            ],
            [
              115.2188383319234,
              34.901332506190215
            ]
          ],
          [
            [
              115.2188383319234,
              34.901332506190215
            ],
            [
              115.21387739542536,
              34.905156562025695
            ]
          ],
          [
            [
              115.21387739542536,
              34.905156562025695
            ],
            [
              115.2016300797643,
              34.92071116778612
            ]
          ],
          [
            [
              115.2016300797643,
              34.92071116778612
            ],
            [
              115.18163130144342,
              34.9399864774939
            ]
          ],
          [
            [
              115.18163130144342,
              34.9399864774939
            ],
            [
              115.17449995281049,
              34.94417226853534
            ]
          ],
          [
            [
              115.17449995281049,
              34.94417226853534
            ],
            [
              114.99776655488256,
              35.0077859564567
            ]
          ],
          [
            [
              114.99776655488256,
              35.0077859564567
            ],
            [
              114.99166873592333,
              35.009026190806026
            ]
          ],
          [
            [
              114.99166873592333,
              35.009026190806026
            ],
            [
              114.97694095336226,
              35.01013723394618
            ]
          ],
          [
            [
              114.97694095336226,
              35.01013723394618
            ],
            [
              114.9666573433617,
              35.009232896381036
            ]
          ],
          [
            [
              114.9666573433617,
              35.009232896381036
            ],
            [
              114.94965579587824,
              35.005770574852136
            ]
          ],
          [
            [
              114.94965579587824,
              35.005770574852136
            ],
            [
              114.93038048706978,
              34.99923350722054
            ]
          ],
          [
            [
              114.93038048706978,
              34.99923350722054
            ],
            [
              114.90505903524627,
              34.99597789216597
            ]
          ],
          [
            [
              114.90505903524627,
              34.99597789216597
            ],
            [
              114.88325158089572,
              34.99946605121727
            ]
          ],
          [
            [
              114.88325158089572,
              34.99946605121727
            ],
            [
              114.83421064680385,
              35.01618337696124
            ]
          ],
          [
            [
              114.83421064680385,
              35.01618337696124
            ],
            [
              114.83793134985183,
              35.01987824248687
            ]
          ],
          [
            [
              114.83793134985183,
              35.01987824248687
            ],
            [
              114.84749149033996,
              35.03806834657689
            ]
          ],
          [
            [
              114.84749149033996,
              35.03806834657689
            ],
            [
              114.84707807829068,
              35.08155406316945
            ]
          ],
          [
            [
              114.84707807829068,
              35.08155406316945
            ],
            [
              114.86500979996231,
              35.120595608100814
            ]
          ],
          [
            [
              114.86500979996231,
              35.120595608100814
            ],
            [
              114.86020389219584,
              35.14051687295529
            ]
          ],
          [
            [
              114.86020389219584,
              35.14051687295529
            ],
            [
              114.85183231011297,
              35.15961131371114
            ]
          ],
          [
            [
              114.85183231011297,
              35.15961131371114
            ],
            [
              114.85157392769452,
              35.17816315390638
            ]
          ],
          [
            [
              114.85157392769452,
              35.17816315390638
            ],
            [
              114.8642863295504,
              35.18870514632545
            ]
          ],
          [
            [
              114.8642863295504,
              35.18870514632545
            ],
            [
              114.91348229417247,
              35.20818716070886
            ]
          ],
          [
            [
              114.91348229417247,
              35.20818716070886
            ],
            [
              114.93038048706978,
              35.21164948223782
            ]
          ],
          [
            [
              114.93038048706978,
              35.21164948223782
            ],
            [
              114.94174930178883,
              35.21883250591537
            ]
          ],
          [
            [
              114.94174930178883,
              35.21883250591537
            ],
            [
              114.98195356670374,
              35.266891588076305
            ]
          ],
          [
            [
              114.98195356670374,
              35.266891588076305
            ],
            [
              115.00231408112984,
              35.284823309747935
            ]
          ],
          [
            [
              115.00231408112984,
              35.284823309747935
            ],
            [
              115.00923872328838,
              35.29422842150444
            ]
          ],
          [
            [
              115.00923872328838,
              35.29422842150444
            ],
            [
              115.02179609641269,
              35.324872545031894
            ]
          ],
          [
            [
              115.02179609641269,
              35.324872545031894
            ],
            [
              115.02629194491726,
              35.33239146639306
            ]
          ],
          [
            [
              115.02629194491726,
              35.33239146639306
            ],
            [
              115.05393883670786,
              35.366885484177715
            ]
          ],
          [
            [
              115.05393883670786,
              35.366885484177715
            ],
            [
              115.06835656090652,
              35.38011465087044
            ]
          ],
          [
            [
              115.06835656090652,
              35.38011465087044
            ],
            [
              115.09176598481235,
              35.390424099292716
            ]
          ],
          [
            [
              115.09176598481235,
              35.390424099292716
            ],
            [
              115.12220340366412,
              35.39396393518746
            ]
          ],
          [
            [
              115.12220340366412,
              35.39396393518746
            ],
            [
              115.13212527935809,
              35.39789134381044
            ]
          ],
          [
            [
              115.13212527935809,
              35.39789134381044
            ],
            [
              115.1400317734475,
              35.404660956338034
            ]
          ],
          [
            [
              115.1400317734475,
              35.404660956338034
            ],
            [
              115.14468265158303,
              35.41112051050311
            ]
          ],
          [
            [
              115.14468265158303,
              35.41112051050311
            ],
            [
              115.15072879369882,
              35.41587474232546
            ]
          ],
          [
            [
              115.15072879369882,
              35.41587474232546
            ],
            [
              115.16282107972904,
              35.41773509429913
            ]
          ],
          [
            [
              115.16282107972904,
              35.41773509429913
            ],
            [
              115.20581587080574,
              35.41471202234192
            ]
          ],
          [
            [
              115.20581587080574,
              35.41471202234192
            ],
            [
              115.22653812133717,
              35.41623647753141
            ]
          ],
          [
            [
              115.22653812133717,
              35.41623647753141
            ],
            [
              115.2488106627818,
              35.424556382770845
            ]
          ],
          [
            [
              115.2488106627818,
              35.424556382770845
            ],
            [
              115.26627729735935,
              35.43623525585235
            ]
          ],
          [
            [
              115.26627729735935,
              35.43623525585235
            ],
            [
              115.30710167899929,
              35.47576772719884
            ]
          ],
          [
            [
              115.30710167899929,
              35.47576772719884
            ],
            [
              115.31686852416306,
              35.479462591825154
            ]
          ],
          [
            [
              115.31686852416306,
              35.479462591825154
            ],
            [
              115.32952925007476,
              35.48103872295866
            ]
          ],
          [
            [
              115.32952925007476,
              35.48103872295866
            ],
            [
              115.34038130085628,
              35.48517283805603
            ]
          ],
          [
            [
              115.34038130085628,
              35.48517283805603
            ],
            [
              115.34503217989118,
              35.49625743283423
            ]
          ],
          [
            [
              115.34503217989118,
              35.49625743283423
            ],
            [
              115.3427067399241,
              35.50555919000459
            ]
          ],
          [
            [
              115.3427067399241,
              35.50555919000459
            ],
            [
              115.33262983639781,
              35.523361721366314
            ]
          ],
          [
            [
              115.33262983639781,
              35.523361721366314
            ],
            [
              115.33076948532346,
              35.53442047772285
            ]
          ],
          [
            [
              115.33076948532346,
              35.53442047772285
            ],
            [
              115.3416215352056,
              35.55545278571748
            ]
          ],
          [
            [
              115.3416215352056,
              35.55545278571748
            ],
            [
              115.38347944472059,
              35.55751984326611
            ]
          ],
          [
            [
              115.38347944472059,
              35.55751984326611
            ],
            [
              115.39278120279027,
              35.57229930356999
            ]
          ],
          [
            [
              115.39278120279027,
              35.57229930356999
            ],
            [
              115.39278120279027,
              35.59710399055672
            ]
          ],
          [
            [
              115.39278120279027,
              35.59710399055672
            ],
            [
              115.39505496591391,
              35.61575918174083
            ]
          ],
          [
            [
              115.39505496591391,
              35.61575918174083
            ],
            [
              115.40321984332104,
              35.630538642044655
            ]
          ],
          [
            [
              115.40321984332104,
              35.630538642044655
            ],
            [
              115.42073815294339,
              35.643664455949875
            ]
          ],
          [
            [
              115.42073815294339,
              35.643664455949875
            ],
            [
              115.4675053239115,
              35.663534043960965
            ]
          ],
          [
            [
              115.4675053239115,
              35.663534043960965
            ],
            [
              115.49205163027852,
              35.67818431215625
            ]
          ],
          [
            [
              115.49205163027852,
              35.67818431215625
            ],
            [
              115.50269697458566,
              35.695495917102846
            ]
          ],
          [
            [
              115.50269697458566,
              35.695495917102846
            ],
            [
              115.5022318865922,
              35.7165540635192
            ]
          ],
          [
            [
              115.5022318865922,
              35.7165540635192
            ],
            [
              115.50424726819688,
              35.72283275053098
            ]
          ],
          [
            [
              115.50424726819688,
              35.72283275053098
            ],
            [
              115.53680341964207,
              35.719396267423804
            ]
          ],
          [
            [
              115.53680341964207,
              35.719396267423804
            ],
            [
              115.57643924377601,
              35.72234182411586
            ]
          ],
          [
            [
              115.57643924377601,
              35.72234182411586
            ],
            [
              115.61798709492848,
              35.73125600855792
            ]
          ],
          [
            [
              115.61798709492848,
              35.73125600855792
            ],
            [
              115.65498742073282,
              35.746345527224264
            ]
          ],
          [
            [
              115.65498742073282,
              35.746345527224264
            ],
            [
              115.68082563739324,
              35.767791246368915
            ]
          ],
          [
            [
              115.68082563739324,
              35.767791246368915
            ],
            [
              115.73002160021667,
              35.830578111090915
            ]
          ],
          [
            [
              115.73002160021667,
              35.830578111090915
            ],
            [
              115.7613375182118,
              35.84918162723028
            ]
          ],
          [
            [
              115.7613375182118,
              35.84918162723028
            ],
            [
              115.85104780521203,
              35.85905182518155
            ]
          ],
          [
            [
              115.85104780521203,
              35.85905182518155
            ],
            [
              115.87378543465002,
              35.865511380246005
            ]
          ],
          [
            [
              115.87378543465002,
              35.865511380246005
            ],
            [
              115.88629113183026,
              35.87765534132092
            ]
          ],
          [
            [
              115.88629113183026,
              35.87765534132092
            ],
            [
              115.883914015919,
              35.887628892959015
            ]
          ],
          [
            [
              115.883914015919,
              35.887628892959015
            ],
            [
              115.87430219858754,
              35.89507029905502
            ]
          ],
          [
            [
              115.87430219858754,
              35.89507029905502
            ],
            [
              115.8636568542804,
              35.90052216196818
            ]
          ],
          [
            [
              115.8636568542804,
              35.90052216196818
            ],
            [
              115.85828250483371,
              35.904372057124704
            ]
          ],
          [
            [
              115.85828250483371,
              35.904372057124704
            ],
            [
              115.85828250483371,
              35.91646434225555
            ]
          ],
          [
            [
              115.85828250483371,
              35.91646434225555
            ],
            [
              115.8634501487054,
              35.925042629913435
            ]
          ],
          [
            [
              115.8634501487054,
              35.925042629913435
            ],
            [
              115.92019087131166,
              35.967779039471054
            ]
          ],
          [
            [
              115.92019087131166,
              35.967779039471054
            ],
            [
              115.94396203042334,
              35.97976797091508
            ]
          ],
          [
            [
              115.94396203042334,
              35.97976797091508
            ],
            [
              115.95450402194297,
              35.97666738549145
            ]
          ],
          [
            [
              115.95450402194297,
              35.97666738549145
            ],
            [
              115.96571780793045,
              35.985917466717694
            ]
          ],
          [
            [
              115.96571780793045,
              35.985917466717694
            ],
            [
              115.99098758291052,
              35.98093069089862
            ]
          ],
          [
            [
              115.99098758291052,
              35.98093069089862
            ],
            [
              116.03367231742345,
              35.96581533470993
            ]
          ],
          [
            [
              116.03367231742345,
              35.96581533470993
            ],
            [
              116.03920169470246,
              35.9763056502855
            ]
          ],
          [
            [
              116.03920169470246,
              35.9763056502855
            ],
            [
              116.06441979373847,
              36.04090119103711
            ]
          ],
          [
            [
              116.06441979373847,
              36.04090119103711
            ],
            [
              116.07868248920545,
              36.05141734503445
            ]
          ],
          [
            [
              116.07868248920545,
              36.05141734503445
            ],
            [
              116.08720910001989,
              36.05922048633636
            ]
          ],
          [
            [
              116.08720910001989,
              36.05922048633636
            ],
            [
              116.0917049503231,
              36.068238023565925
            ]
          ],
          [
            [
              116.0917049503231,
              36.068238023565925
            ],
            [
              116.09030968634295,
              36.07862498635404
            ]
          ],
          [
            [
              116.09030968634295,
              36.07862498635404
            ],
            [
              116.08049116433574,
              36.09857208873086
            ]
          ],
          [
            [
              116.08049116433574,
              36.09857208873086
            ],
            [
              116.07728722522518,
              36.103119614978255
            ]
          ],
          [
            [
              116.07728722522518,
              36.103119614978255
            ],
            [
              115.96246219287582,
              36.03547516474703
            ]
          ],
          [
            [
              115.96246219287582,
              36.03547516474703
            ],
            [
              115.92690880699581,
              36.02198761743455
            ]
          ],
          [
            [
              115.92690880699581,
              36.02198761743455
            ],
            [
              115.91667687383858,
              36.022556057316194
            ]
          ],
          [
            [
              115.91667687383858,
              36.022556057316194
            ],
            [
              115.85771406495212,
              36.03356313682929
            ]
          ],
          [
            [
              115.85771406495212,
              36.03356313682929
            ],
            [
              115.84081587115543,
              36.033537299306886
            ]
          ],
          [
            [
              115.84081587115543,
              36.033537299306886
            ],
            [
              115.83316775858509,
              36.03242625616679
            ]
          ],
          [
            [
              115.83316775858509,
              36.03242625616679
            ],
            [
              115.82872358602458,
              36.031030992186516
            ]
          ],
          [
            [
              115.82872358602458,
              36.031030992186516
            ],
            [
              115.81869835844248,
              36.02462311486482
            ]
          ],
          [
            [
              115.81869835844248,
              36.02462311486482
            ],
            [
              115.78851932200905,
              35.99878489820446
            ]
          ],
          [
            [
              115.78851932200905,
              35.99878489820446
            ],
            [
              115.76815880668357,
              35.98467723236837
            ]
          ],
          [
            [
              115.76815880668357,
              35.98467723236837
            ],
            [
              115.73870324066195,
              35.968605861771096
            ]
          ],
          [
            [
              115.73870324066195,
              35.968605861771096
            ],
            [
              115.66919844025574,
              35.94377533636265
            ]
          ],
          [
            [
              115.66919844025574,
              35.94377533636265
            ],
            [
              115.53029219043219,
              35.911193346495736
            ]
          ],
          [
            [
              115.53029219043219,
              35.911193346495736
            ],
            [
              115.51339399573624,
              35.911193346495736
            ]
          ],
          [
            [
              115.51339399573624,
              35.911193346495736
            ],
            [
              115.49117313023578,
              35.91545665100364
            ]
          ],
          [
            [
              115.49117313023578,
              35.91545665100364
            ],
            [
              115.4834216657772,
              35.91517243106284
            ]
          ],
          [
            [
              115.4834216657772,
              35.91517243106284
            ],
            [
              115.46822879432341,
              35.912924506360866
            ]
          ],
          [
            [
              115.46822879432341,
              35.912924506360866
            ],
            [
              115.45784183243461,
              35.90811859769508
            ]
          ],
          [
            [
              115.45784183243461,
              35.90811859769508
            ],
            [
              115.44931521982153,
              35.902098294001064
            ]
          ],
          [
            [
              115.44931521982153,
              35.902098294001064
            ],
            [
              115.44543948804187,
              35.89690481170766
            ]
          ],
          [
            [
              115.44543948804187,
              35.89690481170766
            ],
            [
              115.44156375536295,
              35.888843288886676
            ]
          ],
          [
            [
              115.44156375536295,
              35.888843288886676
            ],
            [
              115.43453576131628,
              35.85558950545129
            ]
          ],
          [
            [
              115.43453576131628,
              35.85558950545129
            ],
            [
              115.43133182220583,
              35.846236070538225
            ]
          ],
          [
            [
              115.43133182220583,
              35.846236070538225
            ],
            [
              115.42848961830123,
              35.84049998588563
            ]
          ],
          [
            [
              115.42848961830123,
              35.84049998588563
            ],
            [
              115.41639733317038,
              35.82375682171994
            ]
          ],
          [
            [
              115.41639733317038,
              35.82375682171994
            ],
            [
              115.40399498877764,
              35.8125688750535
            ]
          ],
          [
            [
              115.40399498877764,
              35.8125688750535
            ],
            [
              115.37727827387323,
              35.793422756554946
            ]
          ],
          [
            [
              115.37727827387323,
              35.793422756554946
            ],
            [
              115.35557417231018,
              35.78083954500897
            ]
          ],
          [
            [
              115.35557417231018,
              35.78083954500897
            ],
            [
              115.34301679918588,
              35.77580109324583
            ]
          ],
          [
            [
              115.34301679918588,
              35.77580109324583
            ],
            [
              115.3310795427866,
              35.773734035697146
            ]
          ],
          [
            [
              115.3310795427866,
              35.773734035697146
            ],
            [
              115.32580854702678,
              35.77525849088664
            ]
          ],
          [
            [
              115.32580854702678,
              35.77525849088664
            ],
            [
              115.32270796070372,
              35.77724803317017
            ]
          ],
          [
            [
              115.32270796070372,
              35.77724803317017
            ],
            [
              115.32033084479258,
              35.781072089005704
            ]
          ],
          [
            [
              115.32033084479258,
              35.781072089005704
            ],
            [
              115.31867719929323,
              35.785877996772115
            ]
          ],
          [
            [
              115.31867719929323,
              35.785877996772115
            ],
            [
              115.3176436714183,
              35.79151072773789
            ]
          ],
          [
            [
              115.3176436714183,
              35.79151072773789
            ],
            [
              115.31836714093072,
              35.81727143003246
            ]
          ],
          [
            [
              115.31836714093072,
              35.81727143003246
            ],
            [
              115.33387006984776,
              35.93114044887261
            ]
          ],
          [
            [
              115.33387006984776,
              35.93114044887261
            ],
            [
              115.3357304218215,
              35.93643728305415
            ]
          ],
          [
            [
              115.3357304218215,
              35.93643728305415
            ],
            [
              115.33867597941287,
              35.941217353298214
            ]
          ],
          [
            [
              115.33867597941287,
              35.941217353298214
            ],
            [
              115.34239668156158,
              35.945248114708704
            ]
          ],
          [
            [
              115.34239668156158,
              35.945248114708704
            ],
            [
              115.34689253096553,
              35.948555405707395
            ]
          ],
          [
            [
              115.34689253096553,
              35.948555405707395
            ],
            [
              115.3518534692621,
              35.95150096329877
            ]
          ],
          [
            [
              115.3518534692621,
              35.95150096329877
            ],
            [
              115.3998091977362,
              35.97240408008423
            ]
          ],
          [
            [
              115.3998091977362,
              35.97240408008423
            ],
            [
              115.40926598543683,
              35.9786827661967
            ]
          ],
          [
            [
              115.40926598543683,
              35.9786827661967
            ],
            [
              115.41732750915719,
              35.986330877867715
            ]
          ],
          [
            [
              115.41732750915719,
              35.986330877867715
            ],
            [
              115.4239937679979,
              35.994599107163026
            ]
          ],
          [
            [
              115.4239937679979,
              35.994599107163026
            ],
            [
              115.44931521982153,
              36.041831367023974
            ]
          ],
          [
            [
              115.44931521982153,
              36.041831367023974
            ],
            [
              115.45541303878065,
              36.058006090408696
            ]
          ],
          [
            [
              115.45541303878065,
              36.058006090408696
            ],
            [
              115.45877200662278,
              36.069995021852776
            ]
          ],
          [
            [
              115.45877200662278,
              36.069995021852776
            ],
            [
              115.46311282819443,
              36.11074188912687
            ]
          ],
          [
            [
              115.46311282819443,
              36.11074188912687
            ],
            [
              115.45954715387802,
              36.145106715702354
            ]
          ],
          [
            [
              115.45954715387802,
              36.145106715702354
            ],
            [
              115.46001224187137,
              36.14805227329373
            ]
          ],
          [
            [
              115.46001224187137,
              36.14805227329373
            ],
            [
              115.46032230023388,
              36.15787079530094
            ]
          ],
          [
            [
              115.46032230023388,
              36.15787079530094
            ],
            [
              115.45582645083005,
              36.22709137576635
            ]
          ],
          [
            [
              115.45582645083005,
              36.22709137576635
            ],
            [
              115.45474124611155,
              36.232775784474825
            ]
          ],
          [
            [
              115.45474124611155,
              36.232775784474825
            ],
            [
              115.45148563015766,
              36.24280101205704
            ]
          ],
          [
            [
              115.45148563015766,
              36.24280101205704
            ],
            [
              115.44885013182807,
              36.249157213434614
            ]
          ],
          [
            [
              115.44885013182807,
              36.249157213434614
            ],
            [
              115.44807498637147,
              36.25044912372806
            ]
          ],
          [
            [
              115.44807498637147,
              36.25044912372806
            ],
            [
              115.44559451677344,
              36.25339468042017
            ]
          ],
          [
            [
              115.44559451677344,
              36.25339468042017
            ],
            [
              115.43784305231497,
              36.25954417622273
            ]
          ],
          [
            [
              115.43784305231497,
              36.25954417622273
            ],
            [
              115.43288211491767,
              36.26254140885891
            ]
          ],
          [
            [
              115.43288211491767,
              36.26254140885891
            ],
            [
              115.42445885599136,
              36.26993113901085
            ]
          ],
          [
            [
              115.42445885599136,
              36.26993113901085
            ],
            [
              115.41810265461379,
              36.27845774982529
            ]
          ],
          [
            [
              115.41810265461379,
              36.27845774982529
            ],
            [
              115.41546715718346,
              36.28305695201669
            ]
          ],
          [
            [
              115.41546715718346,
              36.28305695201669
            ],
            [
              115.41236657086051,
              36.28765615510747
            ]
          ],
          [
            [
              115.41236657086051,
              36.28765615510747
            ],
            [
              115.40895592707432,
              36.291583563730455
            ]
          ],
          [
            [
              115.40895592707432,
              36.291583563730455
            ],
            [
              115.40477013603288,
              36.29551097325282
            ]
          ],
          [
            [
              115.40477013603288,
              36.29551097325282
            ],
            [
              115.39996422736715,
              36.29855988183306
            ]
          ],
          [
            [
              115.39996422736715,
              36.29855988183306
            ],
            [
              115.39453820197639,
              36.30104035143103
            ]
          ],
          [
            [
              115.39453820197639,
              36.30104035143103
            ],
            [
              115.38740685424284,
              36.30176382094356
            ]
          ],
          [
            [
              115.38740685424284,
              36.30176382094356
            ],
            [
              115.37417768844955,
              36.30016185228766
            ]
          ],
          [
            [
              115.37417768844955,
              36.30016185228766
            ],
            [
              115.36704633981674,
              36.3000843370225
            ]
          ],
          [
            [
              115.36704633981674,
              36.3000843370225
            ],
            [
              115.3600183448707,
              36.30078196901263
            ]
          ],
          [
            [
              115.3600183448707,
              36.30078196901263
            ],
            [
              115.35417890832991,
              36.302952379348824
            ]
          ],
          [
            [
              115.35417890832991,
              36.302952379348824
            ],
            [
              115.34983808765753,
              36.30897268304284
            ]
          ],
          [
            [
              115.34983808765753,
              36.30897268304284
            ],
            [
              115.34689253096553,
              36.31765432438755
            ]
          ],
          [
            [
              115.34689253096553,
              36.31765432438755
            ],
            [
              115.34611738460956,
              36.33488841406904
            ]
          ],
          [
            [
              115.34611738460956,
              36.33488841406904
            ],
            [
              115.34332685844777,
              36.352148342172256
            ]
          ],
          [
            [
              115.34332685844777,
              36.352148342172256
            ],
            [
              115.33293989476033,
              36.37553192855563
            ]
          ],
          [
            [
              115.33293989476033,
              36.37553192855563
            ],
            [
              115.3020373879151,
              36.428836168054715
            ]
          ],
          [
            [
              115.3020373879151,
              36.428836168054715
            ],
            [
              115.29599124579931,
              36.44873159448747
            ]
          ],
          [
            [
              115.29599124579931,
              36.44873159448747
            ],
            [
              115.2933557483691,
              36.45343415036575
            ]
          ],
          [
            [
              115.2933557483691,
              36.45343415036575
            ],
            [
              115.28653445809869,
              36.46149567318673
            ]
          ],
          [
            [
              115.28653445809869,
              36.46149567318673
            ],
            [
              115.28296878468166,
              36.46475128824136
            ]
          ],
          [
            [
              115.28296878468166,
              36.46475128824136
            ],
            [
              115.27909305200274,
              36.47012563678868
            ]
          ],
          [
            [
              115.27909305200274,
              36.47012563678868
            ],
            [
              115.2757340841606,
              36.47420807504261
            ]
          ],
          [
            [
              115.2757340841606,
              36.47420807504261
            ],
            [
              115.27614749620989,
              36.4797374541202
            ]
          ],
          [
            [
              115.27614749620989,
              36.4797374541202
            ],
            [
              115.28296878468166,
              36.487178860216204
            ]
          ],
          [
            [
              115.28296878468166,
              36.487178860216204
            ],
            [
              115.28916995732766,
              36.49890941014115
            ]
          ],
          [
            [
              115.28916995732766,
              36.49890941014115
            ],
            [
              115.30911705880521,
              36.5174870878588
            ]
          ],
          [
            [
              115.30911705880521,
              36.5174870878588
            ],
            [
              115.3176436714183,
              36.52815827148703
            ]
          ],
          [
            [
              115.3176436714183,
              36.52815827148703
            ],
            [
              115.32053755126697,
              36.53683991103304
            ]
          ],
          [
            [
              115.32053755126697,
              36.53683991103304
            ],
            [
              115.32312137275312,
              36.556373603159216
            ]
          ],
          [
            [
              115.32312137275312,
              36.556373603159216
            ],
            [
              115.3276688990004,
              36.56536530196706
            ]
          ],
          [
            [
              115.3276688990004,
              36.56536530196706
            ],
            [
              115.3436369159109,
              36.57461538319336
            ]
          ],
          [
            [
              115.3436369159109,
              36.57461538319336
            ],
            [
              115.34802941342662,
              36.58172089340451
            ]
          ],
          [
            [
              115.34802941342662,
              36.58172089340451
            ],
            [
              115.3416215352056,
              36.593012192858396
            ]
          ],
          [
            [
              115.3416215352056,
              36.593012192858396
            ],
            [
              115.3416215352056,
              36.59975596786359
            ]
          ],
          [
            [
              115.3416215352056,
              36.59975596786359
            ],
            [
              115.34875288293915,
              36.608644313883985
            ]
          ],
          [
            [
              115.34875288293915,
              36.608644313883985
            ],
            [
              115.3654960471049,
              36.62435395017462
            ]
          ],
          [
            [
              115.3654960471049,
              36.62435395017462
            ],
            [
              115.4001192569981,
              36.671663723502036
            ]
          ],
          [
            [
              115.4001192569981,
              36.671663723502036
            ],
            [
              115.40988610216186,
              36.67897593838882
            ]
          ],
          [
            [
              115.40988610216186,
              36.67897593838882
            ],
            [
              115.4240971207854,
              36.68633983011904
            ]
          ],
          [
            [
              115.4240971207854,
              36.68633983011904
            ],
            [
              115.4437341656992,
              36.70349640633407
            ]
          ],
          [
            [
              115.4437341656992,
              36.70349640633407
            ],
            [
              115.46109744658986,
              36.72287506793003
            ]
          ],
          [
            [
              115.46109744658986,
              36.72287506793003
            ],
            [
              115.47784061075549,
              36.753570868300926
            ]
          ],
          [
            [
              115.47784061075549,
              36.753570868300926
            ],
            [
              115.49954471231854,
              36.76168406796535
            ]
          ],
          [
            [
              115.49954471231854,
              36.76168406796535
            ],
            [
              115.54429650258146,
              36.7677302109804
            ]
          ],
          [
            [
              115.54429650258146,
              36.7677302109804
            ],
            [
              115.62641035385468,
              36.7935684267415
            ]
          ],
          [
            [
              115.62641035385468,
              36.7935684267415
            ],
            [
              115.66439253069075,
              36.81527252920381
            ]
          ],
          [
            [
              115.66439253069075,
              36.81527252920381
            ],
            [
              115.68082563739324,
              36.84284190483004
            ]
          ],
          [
            [
              115.68082563739324,
              36.84284190483004
            ],
            [
              115.68284101809843,
              36.84826793112012
            ]
          ],
          [
            [
              115.68284101809843,
              36.84826793112012
            ],
            [
              115.68609663315306,
              36.85950755552926
            ]
          ],
          [
            [
              115.68609663315306,
              36.85950755552926
            ],
            [
              115.68873213058328,
              36.86488190407658
            ]
          ],
          [
            [
              115.68873213058328,
              36.86488190407658
            ],
            [
              115.69178104096227,
              36.869584459055545
            ]
          ],
          [
            [
              115.69178104096227,
              36.869584459055545
            ],
            [
              115.69524336069253,
              36.873615221365355
            ]
          ],
          [
            [
              115.69524336069253,
              36.873615221365355
            ],
            [
              115.70066938698255,
              36.87873118749428
            ]
          ],
          [
            [
              115.70066938698255,
              36.87873118749428
            ],
            [
              115.74707482274482,
              36.91490469009932
            ]
          ],
          [
            [
              115.74707482274482,
              36.91490469009932
            ],
            [
              115.77301639219274,
              36.94570384415704
            ]
          ],
          [
            [
              115.77301639219274,
              36.94570384415704
            ],
            [
              115.77580691925391,
              36.952395942318844
            ]
          ],
          [
            [
              115.77580691925391,
              36.952395942318844
            ],
            [
              115.77777062401503,
              36.96061249387145
            ]
          ],
          [
            [
              115.77777062401503,
              36.96061249387145
            ],
            [
              115.77580691925391,
              36.97448761750951
            ]
          ],
          [
            [
              115.77580691925391,
              36.97448761750951
            ],
            [
              115.7762203313032,
              36.985365505813434
            ]
          ],
          [
            [
              115.7762203313032,
              36.985365505813434
            ],
            [
              115.77839074074006,
              36.9916441919259
            ]
          ],
          [
            [
              115.77839074074006,
              36.9916441919259
            ],
            [
              115.7813879742755,
              36.99626923343834
            ]
          ],
          [
            [
              115.7813879742755,
              36.99626923343834
            ],
            [
              115.78557376531694,
              36.99955068601531
            ]
          ],
          [
            [
              115.78557376531694,
              36.99955068601531
            ],
            [
              115.786813998767,
              37.00029999394951
            ]
          ],
          [
            [
              115.786813998767,
              37.00029999394951
            ],
            [
              115.8241760597773,
              37.037196966966405
            ]
          ],
          [
            [
              115.8241760597773,
              37.037196966966405
            ],
            [
              115.83440799383379,
              37.04352732992231
            ]
          ],
          [
            [
              115.83440799383379,
              37.04352732992231
            ],
            [
              115.85182295066863,
              37.05722158550776
            ]
          ],
          [
            [
              115.85182295066863,
              37.05722158550776
            ],
            [
              115.85735232974616,
              37.06621328431561
            ]
          ],
          [
            [
              115.85735232974616,
              37.06621328431561
            ],
            [
              115.87027143807632,
              37.09708995183979
            ]
          ],
          [
            [
              115.87027143807632,
              37.09708995183979
            ],
            [
              115.87161502521315,
              37.1072443715305
            ]
          ],
          [
            [
              115.87161502521315,
              37.1072443715305
            ],
            [
              115.870426466808,
              37.1287934434626
            ]
          ],
          [
            [
              115.870426466808,
              37.1287934434626
            ],
            [
              115.87089155480135,
              37.131687324210645
            ]
          ],
          [
            [
              115.87089155480135,
              37.131687324210645
            ],
            [
              115.87254520120007,
              37.135304674471115
            ]
          ],
          [
            [
              115.87254520120007,
              37.135304674471115
            ],
            [
              115.88236372320716,
              37.15000661950984
            ]
          ],
          [
            [
              115.88236372320716,
              37.15000661950984
            ],
            [
              115.89228559800188,
              37.17147817617689
            ]
          ],
          [
            [
              115.89228559800188,
              37.17147817617689
            ],
            [
              115.89838341696111,
              37.196231187219496
            ]
          ],
          [
            [
              115.89838341696111,
              37.196231187219496
            ],
            [
              115.90210412000908,
              37.20196727097277
            ]
          ],
          [
            [
              115.90210412000908,
              37.20196727097277
            ],
            [
              115.90722008703733,
              37.20646312127599
            ]
          ],
          [
            [
              115.90722008703733,
              37.20646312127599
            ],
            [
              115.94148156082531,
              37.22734040053905
            ]
          ],
          [
            [
              115.94148156082531,
              37.22734040053905
            ],
            [
              115.94799279183383,
              37.232818101873875
            ]
          ],
          [
            [
              115.94799279183383,
              37.232818101873875
            ],
            [
              115.95657108039097,
              37.24160309510671
            ]
          ],
          [
            [
              115.95657108039097,
              37.24160309510671
            ],
            [
              115.96711307191072,
              37.25720937771058
            ]
          ],
          [
            [
              115.96711307191072,
              37.25720937771058
            ],
            [
              115.97098880369026,
              37.26452159349674
            ]
          ],
          [
            [
              115.97098880369026,
              37.26452159349674
            ],
            [
              115.97269412603305,
              37.27183380838352
            ]
          ],
          [
            [
              115.97269412603305,
              37.27183380838352
            ],
            [
              115.97160892131467,
              37.30206452076101
            ]
          ],
          [
            [
              115.97160892131467,
              37.30206452076101
            ],
            [
              115.97424441874489,
              37.319376125707606
            ]
          ],
          [
            [
              115.97424441874489,
              37.319376125707606
            ],
            [
              115.97501956600013,
              37.32170156477537
            ]
          ],
          [
            [
              115.97501956600013,
              37.32170156477537
            ],
            [
              115.97718997633626,
              37.32379446074577
            ]
          ],
          [
            [
              115.97718997633626,
              37.32379446074577
            ],
            [
              115.9807556497534,
              37.3258873558168
            ]
          ],
          [
            [
              115.9807556497534,
              37.3258873558168
            ],
            [
              115.99656863793223,
              37.330899970057544
            ]
          ],
          [
            [
              115.99656863793223,
              37.330899970057544
            ],
            [
              116.03568769722938,
              37.35430939396332
            ]
          ],
          [
            [
              116.03568769722938,
              37.35430939396332
            ],
            [
              116.03847822518992,
              37.35552378989098
            ]
          ],
          [
            [
              116.03847822518992,
              37.35552378989098
            ],
            [
              116.0491752463405,
              37.35818512574292
            ]
          ],
          [
            [
              116.0491752463405,
              37.35818512574292
            ],
            [
              116.08488366095219,
              37.35932200820412
            ]
          ],
          [
            [
              116.08488366095219,
              37.35932200820412
            ],
            [
              116.10663943935856,
              37.36469635675144
            ]
          ],
          [
            [
              116.10663943935856,
              37.36469635675144
            ],
            [
              116.11191043511849,
              37.36720266387181
            ]
          ],
          [
            [
              116.11191043511849,
              37.36720266387181
            ],
            [
              116.11501102144143,
              37.368107001436954
            ]
          ],
          [
            [
              116.11501102144143,
              37.368107001436954
            ],
            [
              116.12400272024934,
              37.36960561820467
            ]
          ],
          [
            [
              116.12400272024934,
              37.36960561820467
            ],
            [
              116.13392459504394,
              37.370019029354694
            ]
          ],
          [
            [
              116.13392459504394,
              37.370019029354694
            ],
            [
              116.14090091404591,
              37.36919220615539
            ]
          ],
          [
            [
              116.14090091404591,
              37.36919220615539
            ],
            [
              116.14787723214852,
              37.3674868838126
            ]
          ],
          [
            [
              116.14787723214852,
              37.3674868838126
            ],
            [
              116.18048506133641,
              37.356014716306106
            ]
          ],
          [
            [
              116.18048506133641,
              37.356014716306106
            ],
            [
              116.18792646743248,
              37.354671129169276
            ]
          ],
          [
            [
              116.18792646743248,
              37.354671129169276
            ],
            [
              116.19552290226011,
              37.35410268838831
            ]
          ],
          [
            [
              116.19552290226011,
              37.35410268838831
            ],
            [
              116.2021891620002,
              37.354412746750825
            ]
          ],
          [
            [
              116.2021891620002,
              37.354412746750825
            ],
            [
              116.20678836509092,
              37.35508454031924
            ]
          ],
          [
            [
              116.20678836509092,
              37.35508454031924
            ],
            [
              116.2133512720435,
              37.35689321544953
            ]
          ],
          [
            [
              116.2133512720435,
              37.35689321544953
            ],
            [
              116.2211544133454,
              37.36020050734754
            ]
          ],
          [
            [
              116.2211544133454,
              37.36020050734754
            ],
            [
              116.22652876189284,
              37.36345612240211
            ]
          ],
          [
            [
              116.22652876189284,
              37.36345612240211
            ],
            [
              116.24859459776246,
              37.38306732799475
            ]
          ],
          [
            [
              116.24859459776246,
              37.38306732799475
            ],
            [
              116.25154015535384,
              37.38446259197502
            ]
          ],
          [
            [
              116.25154015535384,
              37.38446259197502
            ],
            [
              116.25324547679725,
              37.385470283226994
            ]
          ],
          [
            [
              116.25324547679725,
              37.385470283226994
            ],
            [
              116.25557091676433,
              37.38733063430129
            ]
          ],
          [
            [
              116.25557091676433,
              37.38733063430129
            ],
            [
              116.2563460631203,
              37.38996613173157
            ]
          ],
          [
            [
              116.2563460631203,
              37.38996613173157
            ],
            [
              116.25650109275114,
              37.39425527645983
            ]
          ],
          [
            [
              116.25650109275114,
              37.39425527645983
            ],
            [
              116.25557091676433,
              37.4047455920354
            ]
          ],
          [
            [
              116.25557091676433,
              37.4047455920354
            ],
            [
              116.2527803888039,
              37.41115346935709
            ]
          ],
          [
            [
              116.2527803888039,
              37.41115346935709
            ],
            [
              116.24916303944269,
              37.416527817904466
            ]
          ],
          [
            [
              116.24916303944269,
              37.416527817904466
            ],
            [
              116.24332360200253,
              37.41947337549584
            ]
          ],
          [
            [
              116.24332360200253,
              37.41947337549584
            ],
            [
              116.23324669757699,
              37.42582957597415
            ]
          ],
          [
            [
              116.23324669757699,
              37.42582957597415
            ],
            [
              116.22900923059149,
              37.42949860307806
            ]
          ],
          [
            [
              116.22900923059149,
              37.42949860307806
            ],
            [
              116.22559858590591,
              37.433658555697775
            ]
          ],
          [
            [
              116.22559858590591,
              37.433658555697775
            ],
            [
              116.22270470605724,
              37.438309434732616
            ]
          ],
          [
            [
              116.22270470605724,
              37.438309434732616
            ],
            [
              116.22063764940799,
              37.44365794485827
            ]
          ],
          [
            [
              116.22063764940799,
              37.44365794485827
            ],
            [
              116.21939741415929,
              37.44949738229832
            ]
          ],
          [
            [
              116.21939741415929,
              37.44949738229832
            ],
            [
              116.21991417899608,
              37.462364813785086
            ]
          ],
          [
            [
              116.21991417899608,
              37.462364813785086
            ],
            [
              116.22425499876908,
              37.47073639586796
            ]
          ],
          [
            [
              116.22425499876908,
              37.47073639586796
            ],
            [
              116.23169640486515,
              37.48039988914354
            ]
          ],
          [
            [
              116.23169640486515,
              37.48039988914354
            ],
            [
              116.2639424988472,
              37.511302395089444
            ]
          ],
          [
            [
              116.2639424988472,
              37.511302395089444
            ],
            [
              116.2665779971768,
              37.51564321486245
            ]
          ],
          [
            [
              116.2665779971768,
              37.51564321486245
            ],
            [
              116.2728308448676,
              37.532541409558405
            ]
          ],
          [
            [
              116.2728308448676,
              37.532541409558405
            ],
            [
              116.27593143119054,
              37.54546051698924
            ]
          ],
          [
            [
              116.27593143119054,
              37.54546051698924
            ],
            [
              116.27872195825171,
              37.550033880758974
            ]
          ],
          [
            [
              116.27872195825171,
              37.550033880758974
            ],
            [
              116.28285607334908,
              37.55357371755298
            ]
          ],
          [
            [
              116.28285607334908,
              37.55357371755298
            ],
            [
              116.29825565037788,
              37.56153188668719
            ]
          ],
          [
            [
              116.29825565037788,
              37.56153188668719
            ],
            [
              116.30352664613781,
              37.56636363377464
            ]
          ],
          [
            [
              116.30352664613781,
              37.56636363377464
            ],
            [
              116.30652387877399,
              37.57129873275028
            ]
          ],
          [
            [
              116.30652387877399,
              37.57129873275028
            ],
            [
              116.31949466394758,
              37.597498683717276
            ]
          ],
          [
            [
              116.31949466394758,
              37.597498683717276
            ],
            [
              116.32693607004353,
              37.60525014907512
            ]
          ],
          [
            [
              116.32693607004353,
              37.60525014907512
            ],
            [
              116.35008711063165,
              37.62090810852237
            ]
          ],
          [
            [
              116.35008711063165,
              37.62090810852237
            ],
            [
              116.3710160667381,
              37.59721446377648
            ]
          ],
          [
            [
              116.3710160667381,
              37.59721446377648
            ],
            [
              116.3759770041354,
              37.58308096041799
            ]
          ],
          [
            [
              116.3759770041354,
              37.58308096041799
            ],
            [
              116.3769071801222,
              37.556415921457585
            ]
          ],
          [
            [
              116.3769071801222,
              37.556415921457585
            ],
            [
              116.37969770718337,
              37.53300649755181
            ]
          ],
          [
            [
              116.37969770718337,
              37.53300649755181
            ],
            [
              116.38264326387548,
              37.52427318026304
            ]
          ],
          [
            [
              116.38264326387548,
              37.52427318026304
            ],
            [
              116.38641564286763,
              37.51564321486245
            ]
          ],
          [
            [
              116.38641564286763,
              37.51564321486245
            ],
            [
              116.39292687387604,
              37.50670319289799
            ]
          ],
          [
            [
              116.39292687387604,
              37.50670319289799
            ],
            [
              116.40171186710893,
              37.497039700521725
            ]
          ],
          [
            [
              116.40171186710893,
              37.497039700521725
            ],
            [
              116.41060021402859,
              37.48463735612904
            ]
          ],
          [
            [
              116.41060021402859,
              37.48463735612904
            ],
            [
              116.4149410338016,
              37.4811233595554
            ]
          ],
          [
            [
              116.4149410338016,
              37.4811233595554
            ],
            [
              116.42067711755487,
              37.478797918689
            ]
          ],
          [
            [
              116.42067711755487,
              37.478797918689
            ],
            [
              116.42517296785809,
              37.48070994750606
            ]
          ],
          [
            [
              116.42517296785809,
              37.48070994750606
            ],
            [
              116.42889367090618,
              37.48448232739747
            ]
          ],
          [
            [
              116.42889367090618,
              37.48448232739747
            ],
            [
              116.44191613202383,
              37.50453278346117
            ]
          ],
          [
            [
              116.44191613202383,
              37.50453278346117
            ],
            [
              116.4493575381199,
              37.51161245435128
            ]
          ],
          [
            [
              116.4493575381199,
              37.51161245435128
            ],
            [
              116.45406009309875,
              37.515126450924924
            ]
          ],
          [
            [
              116.45406009309875,
              37.515126450924924
            ],
            [
              116.47514407793676,
              37.52628856096828
            ]
          ],
          [
            [
              116.47514407793676,
              37.52628856096828
            ],
            [
              116.48491092310053,
              37.53259308550247
            ]
          ],
          [
            [
              116.48491092310053,
              37.53259308550247
            ],
            [
              116.50496137916423,
              37.552746894353675
            ]
          ],
          [
            [
              116.50496137916423,
              37.552746894353675
            ],
            [
              116.52852583180163,
              37.56762970654569
            ]
          ],
          [
            [
              116.52852583180163,
              37.56762970654569
            ],
            [
              116.53364179882988,
              37.571608792012114
            ]
          ],
          [
            [
              116.53364179882988,
              37.571608792012114
            ],
            [
              116.54790449429697,
              37.58928213126535
            ]
          ],
          [
            [
              116.54790449429697,
              37.58928213126535
            ],
            [
              116.5517802269759,
              37.59326121673172
            ]
          ],
          [
            [
              116.5517802269759,
              37.59326121673172
            ],
            [
              116.5567411643732,
              37.59713694941064
            ]
          ],
          [
            [
              116.5567411643732,
              37.59713694941064
            ],
            [
              116.58097741057895,
              37.610727851309264
            ]
          ],
          [
            [
              116.58097741057895,
              37.610727851309264
            ],
            [
              116.59394819485328,
              37.62256175402172
            ]
          ],
          [
            [
              116.59394819485328,
              37.62256175402172
            ],
            [
              116.60872765515717,
              37.63940827097491
            ]
          ],
          [
            [
              116.60872765515717,
              37.63940827097491
            ],
            [
              116.63156863828203,
              37.67248118725695
            ]
          ],
          [
            [
              116.63156863828203,
              37.67248118725695
            ],
            [
              116.6419556010701,
              37.694547024025894
            ]
          ],
          [
            [
              116.6419556010701,
              37.694547024025894
            ],
            [
              116.64500451144897,
              37.699430447057466
            ]
          ],
          [
            [
              116.64500451144897,
              37.699430447057466
            ],
            [
              116.64862186081018,
              37.70379710525219
            ]
          ],
          [
            [
              116.64862186081018,
              37.70379710525219
            ],
            [
              116.65730350125557,
              37.711186835404135
            ]
          ],
          [
            [
              116.65730350125557,
              37.711186835404135
            ],
            [
              116.71843672137754,
              37.74462148689207
            ]
          ],
          [
            [
              116.71843672137754,
              37.74462148689207
            ],
            [
              116.72417280513082,
              37.74934988119202
            ]
          ],
          [
            [
              116.72417280513082,
              37.74934988119202
            ],
            [
              116.72530968579326,
              37.750254217857844
            ]
          ],
          [
            [
              116.72530968579326,
              37.750254217857844
            ],
            [
              116.72603315620518,
              37.75139110031898
            ]
          ],
          [
            [
              116.72603315620518,
              37.75139110031898
            ],
            [
              116.72758344891702,
              37.753768215330865
            ]
          ],
          [
            [
              116.72758344891702,
              37.753768215330865
            ],
            [
              116.74391320193263,
              37.79929515194971
            ]
          ],
          [
            [
              116.74391320193263,
              37.79929515194971
            ],
            [
              116.75026940331031,
              37.80895864522529
            ]
          ],
          [
            [
              116.75026940331031,
              37.80895864522529
            ],
            [
              116.75616051579516,
              37.81510814102785
            ]
          ],
          [
            [
              116.75616051579516,
              37.81510814102785
            ],
            [
              116.76468712840824,
              37.82229116470546
            ]
          ],
          [
            [
              116.76468712840824,
              37.82229116470546
            ],
            [
              116.78194705561214,
              37.83384084747712
            ]
          ],
          [
            [
              116.78194705561214,
              37.83384084747712
            ],
            [
              116.79279910729292,
              37.83825918251523
            ]
          ],
          [
            [
              116.79279910729292,
              37.83825918251523
            ],
            [
              116.80241092282574,
              37.840326240063916
            ]
          ],
          [
            [
              116.80241092282574,
              37.840326240063916
            ],
            [
              116.80969730019024,
              37.839318548811946
            ]
          ],
          [
            [
              116.80969730019024,
              37.839318548811946
            ],
            [
              116.82395999565722,
              37.835882065704766
            ]
          ],
          [
            [
              116.82395999565722,
              37.835882065704766
            ],
            [
              116.83951460231697,
              37.83365998032383
            ]
          ],
          [
            [
              116.83951460231697,
              37.83365998032383
            ],
            [
              116.87548139934711,
              37.836863919434336
            ]
          ],
          [
            [
              116.87548139934711,
              37.836863919434336
            ],
            [
              116.93258385625995,
              37.83557200824157
            ]
          ],
          [
            [
              116.93258385625995,
              37.83557200824157
            ],
            [
              116.95945560079531,
              37.83807831536194
            ]
          ],
          [
            [
              116.95945560079531,
              37.83807831536194
            ],
            [
              116.97557864823602,
              37.83634715369817
            ]
          ],
          [
            [
              116.97557864823602,
              37.83634715369817
            ],
            [
              116.99650760344309,
              37.83185130519354
            ]
          ],
          [
            [
              116.99650760344309,
              37.83185130519354
            ],
            [
              117.01996870329299,
              37.83340159790538
            ]
          ],
          [
            [
              117.01996870329299,
              37.83340159790538
            ],
            [
              117.07552086839337,
              37.84244497355667
            ]
          ],
          [
            [
              117.07552086839337,
              37.84244497355667
            ],
            [
              117.10275434813457,
              37.84192820871982
            ]
          ],
          [
            [
              117.10275434813457,
              37.84192820871982
            ],
            [
              117.11939415861343,
              37.840067856746145
            ]
          ],
          [
            [
              117.11939415861343,
              37.840067856746145
            ],
            [
              117.17158735587168,
              37.84275503191918
            ]
          ],
          [
            [
              117.17158735587168,
              37.84275503191918
            ],
            [
              117.20429853694793,
              37.84022288727641
            ]
          ],
          [
            [
              117.20429853694793,
              37.84022288727641
            ],
            [
              117.2348393085872,
              37.8411530623639
            ]
          ],
          [
            [
              117.2348393085872,
              37.8411530623639
            ],
            [
              117.30718631379727,
              37.850506497277024
            ]
          ],
          [
            [
              117.30718631379727,
              37.850506497277024
            ],
            [
              117.31943362765969,
              37.8507648787961
            ]
          ],
          [
            [
              117.31943362765969,
              37.8507648787961
            ],
            [
              117.36335859562269,
              37.84461538299348
            ]
          ],
          [
            [
              117.36335859562269,
              37.84461538299348
            ],
            [
              117.36919803306273,
              37.84270335507574
            ]
          ],
          [
            [
              117.36919803306273,
              37.84270335507574
            ],
            [
              117.3774662623581,
              37.841049710475716
            ]
          ],
          [
            [
              117.3774662623581,
              37.841049710475716
            ],
            [
              117.38599287317254,
              37.840687975269816
            ]
          ],
          [
            [
              117.38599287317254,
              37.840687975269816
            ],
            [
              117.40382124205667,
              37.84141144478235
            ]
          ],
          [
            [
              117.40382124205667,
              37.84141144478235
            ],
            [
              117.41317467696967,
              37.84368520790599
            ]
          ],
          [
            [
              117.41317467696967,
              37.84368520790599
            ],
            [
              117.42061608306574,
              37.84668244144149
            ]
          ],
          [
            [
              117.42061608306574,
              37.84668244144149
            ],
            [
              117.43379357291496,
              37.85794790337303
            ]
          ],
          [
            [
              117.43379357291496,
              37.85794790337303
            ],
            [
              117.44092492064851,
              37.86688792623676
            ]
          ],
          [
            [
              117.44092492064851,
              37.86688792623676
            ],
            [
              117.45611779210242,
              37.89148590854779
            ]
          ],
          [
            [
              117.45611779210242,
              37.89148590854779
            ],
            [
              117.45849490801356,
              37.89704112424846
            ]
          ],
          [
            [
              117.45849490801356,
              37.89704112424846
            ],
            [
              117.46128543507473,
              37.90218292879911
            ]
          ],
          [
            [
              117.46128543507473,
              37.90218292879911
            ],
            [
              117.46448937418518,
              37.90685964625567
            ]
          ],
          [
            [
              117.46448937418518,
              37.90685964625567
            ],
            [
              117.48934573801534,
              37.93075999657657
            ]
          ],
          [
            [
              117.48934573801534,
              37.93075999657657
            ],
            [
              117.49570193939292,
              37.940139269012036
            ]
          ],
          [
            [
              117.49570193939292,
              37.940139269012036
            ],
            [
              117.4997327008034,
              37.949156806241604
            ]
          ],
          [
            [
              117.4997327008034,
              37.949156806241604
            ],
            [
              117.50593387344941,
              37.97013743739279
            ]
          ],
          [
            [
              117.50593387344941,
              37.97013743739279
            ],
            [
              117.5139953962705,
              37.98620880799007
            ]
          ],
          [
            [
              117.5139953962705,
              37.98620880799007
            ],
            [
              117.5235038599152,
              37.99972219552291
            ]
          ],
          [
            [
              117.5235038599152,
              37.99972219552291
            ],
            [
              117.53265058835393,
              38.01535431654844
            ]
          ],
          [
            [
              117.53265058835393,
              38.01535431654844
            ],
            [
              117.56866906132802,
              38.04891815924566
            ]
          ],
          [
            [
              117.56866906132802,
              38.04891815924566
            ],
            [
              117.5866524598431,
              38.057263902007435
            ]
          ],
          [
            [
              117.5866524598431,
              38.057263902007435
            ],
            [
              117.61848514177586,
              38.057884020531105
            ]
          ],
          [
            [
              117.61848514177586,
              38.057884020531105
            ],
            [
              117.68731815041224,
              38.072663479036294
            ]
          ],
          [
            [
              117.68731815041224,
              38.072663479036294
            ],
            [
              117.69713667241945,
              38.077546902067866
            ]
          ],
          [
            [
              117.69713667241945,
              38.077546902067866
            ],
            [
              117.7039579608911,
              38.08258535383101
            ]
          ],
          [
            [
              117.7039579608911,
              38.08258535383101
            ],
            [
              117.71000410390627,
              38.08976837840794
            ]
          ],
          [
            [
              117.71000410390627,
              38.08976837840794
            ],
            [
              117.71868574435155,
              38.098527534118375
            ]
          ],
          [
            [
              117.71868574435155,
              38.098527534118375
            ],
            [
              117.75408409970134,
              38.12816396729323
            ]
          ],
          [
            [
              117.75408409970134,
              38.12816396729323
            ],
            [
              117.7592000667297,
              38.134726874245814
            ]
          ],
          [
            [
              117.7592000667297,
              38.134726874245814
            ],
            [
              117.76447106338878,
              38.1434085146912
            ]
          ],
          [
            [
              117.76447106338878,
              38.1434085146912
            ],
            [
              117.7753231141703,
              38.15699941748909
            ]
          ],
          [
            [
              117.7753231141703,
              38.15699941748909
            ],
            [
              117.77981896357426,
              38.164440822685776
            ]
          ],
          [
            [
              117.77981896357426,
              38.164440822685776
            ],
            [
              117.78043908119855,
              38.17017690733837
            ]
          ],
          [
            [
              117.78043908119855,
              38.17017690733837
            ],
            [
              117.7790438172184,
              38.17363922796795
            ]
          ],
          [
            [
              117.7790438172184,
              38.17363922796795
            ],
            [
              117.77253258710914,
              38.18133901648241
            ]
          ],
          [
            [
              117.77253258710914,
              38.18133901648241
            ],
            [
              117.76958703041703,
              38.18583486588631
            ]
          ],
          [
            [
              117.76958703041703,
              38.18583486588631
            ],
            [
              117.76772667934279,
              38.19089915607117
            ]
          ],
          [
            [
              117.76772667934279,
              38.19089915607117
            ],
            [
              117.76726159134932,
              38.20350820603886
            ]
          ],
          [
            [
              117.76726159134932,
              38.20350820603886
            ],
            [
              117.76865685443022,
              38.21926951827362
            ]
          ],
          [
            [
              117.76865685443022,
              38.21926951827362
            ],
            [
              117.7709822943973,
              38.22769277630056
            ]
          ],
          [
            [
              117.7709822943973,
              38.22769277630056
            ],
            [
              117.77516808543874,
              38.23580597596498
            ]
          ],
          [
            [
              117.77516808543874,
              38.23580597596498
            ],
            [
              117.78353966662223,
              38.24686473232151
            ]
          ],
          [
            [
              117.78353966662223,
              38.24686473232151
            ],
            [
              117.79056766156828,
              38.25198069934976
            ]
          ],
          [
            [
              117.79056766156828,
              38.25198069934976
            ],
            [
              117.79904259733792,
              38.25570140239779
            ]
          ],
          [
            [
              117.79904259733792,
              38.25570140239779
            ],
            [
              117.80560550339123,
              38.256967475168835
            ]
          ],
          [
            [
              117.80560550339123,
              38.256967475168835
            ],
            [
              117.82668948822925,
              38.26396963079378
            ]
          ],
          [
            [
              117.82668948822925,
              38.26396963079378
            ],
            [
              117.83715902946562,
              38.27090758201928
            ]
          ],
          [
            [
              120.74838300900001,
              37.938706773000035
            ],
            [
              120.75733483200008,
              37.92267487200007
            ],
            [
              120.75879967500009,
              37.907538153000075
            ],
            [
              120.75456790500004,
              37.89667389500005
            ],
            [
              120.74659264400009,
              37.89789459800005
            ],
            [
              120.73698978000004,
              37.90460846600007
            ],
            [
              120.72632897200003,
              37.90884023600006
            ],
            [
              120.72242272200003,
              37.91909414300005
            ],
            [
              120.72706139400009,
              37.94765859600005
            ],
            [
              120.73454837300005,
              37.94765859600005
            ],
            [
              120.74838300900001,
              37.938706773000035
            ]
          ],
          [
            [
              120.60678144600001,
              37.97988515800006
            ],
            [
              120.61898847700002,
              37.98114655200004
            ],
            [
              120.62582441500001,
              37.97256094000005
            ],
            [
              120.62566165500004,
              37.958685614000046
            ],
            [
              120.62289472700002,
              37.94879791900007
            ],
            [
              120.61841881600003,
              37.94700755400004
            ],
            [
              120.61548912900003,
              37.94830963700008
            ],
            [
              120.60938561300009,
              37.95502350500004
            ],
            [
              120.60189863400001,
              37.96930573100008
            ],
            [
              120.60678144600001,
              37.97988515800006
            ]
          ],
          [
            [
              120.72006269600001,
              37.98094310100004
            ],
            [
              120.72730553500003,
              37.96942780200004
            ],
            [
              120.72046959700003,
              37.96401601800005
            ],
            [
              120.70915774800005,
              37.96576569200005
            ],
            [
              120.70053144600001,
              37.96987539300005
            ],
            [
              120.69499759200005,
              37.974676825000074
            ],
            [
              120.69092858200008,
              37.98143138200004
            ],
            [
              120.68824303500003,
              37.985256252000056
            ],
            [
              120.69019616000003,
              37.99062734600005
            ],
            [
              120.70411217500009,
              37.98965078300006
            ],
            [
              120.72006269600001,
              37.98094310100004
            ]
          ],
          [
            [
              120.76042728000004,
              38.17047760600008
            ],
            [
              120.77271569100003,
              38.16543203300006
            ],
            [
              120.77328535200002,
              38.15973541900007
            ],
            [
              120.76124108200008,
              38.15802643400008
            ],
            [
              120.75456790500004,
              38.158189195000034
            ],
            [
              120.74659264400009,
              38.16185130400004
            ],
            [
              120.73878014400009,
              38.17560455900008
            ],
            [
              120.74268639400009,
              38.187567450000074
            ],
            [
              120.76042728000004,
              38.17047760600008
            ]
          ],
          [
            [
              120.80648847700002,
              38.28823476800005
            ],
            [
              120.80005944100003,
              38.28750234600005
            ],
            [
              120.79997806100005,
              38.29389069200005
            ],
            [
              120.80274498800009,
              38.29840729400007
            ],
            [
              120.80738366000003,
              38.30487702000005
            ],
            [
              120.81983483200008,
              38.313666083000044
            ],
            [
              120.83375084700003,
              38.312567450000074
            ],
            [
              120.83619225400003,
              38.30426666900007
            ],
            [
              120.82837975400003,
              38.298814195000034
            ],
            [
              120.82439212300005,
              38.29832591400009
            ],
            [
              120.82048587300005,
              38.29751211100006
            ],
            [
              120.81332441500001,
              38.29376862200007
            ],
            [
              120.80648847700002,
              38.28823476800005
            ]
          ],
          [
            [
              120.91423587300005,
              38.384100653000075
            ],
            [
              120.90756269600001,
              38.38515859600005
            ],
            [
              120.90691165500004,
              38.392564195000034
            ],
            [
              120.91781660200002,
              38.39545319200005
            ],
            [
              120.92457116000003,
              38.38686758000006
            ],
            [
              120.92318769600001,
              38.383246161000045
            ],
            [
              120.91724694100003,
              38.384426174000055
            ],
            [
              120.91423587300005,
              38.384100653000075
            ]
          ],
          [
            [
              117.54354902400007,
              38.62132396000004
            ],
            [
              117.56597071300007,
              38.61250744900008
            ],
            [
              117.58043785300003,
              38.58481046600008
            ],
            [
              117.66804518100002,
              38.44615737100008
            ],
            [
              117.71608248500002,
              38.37851093200004
            ],
            [
              117.80389382300007,
              38.29401812600008
            ],
            [
              117.83715902946562,
              38.27090758201928
            ]
          ],
          [
            [
              115.46032230023388,
              36.15787079530094
            ],
            [
              115.39805219944935,
              36.1251854517472
            ]
          ],
          [
            [
              115.39805219944935,
              36.1251854517472
            ],
            [
              115.38037886019617,
              36.111387844273565
            ]
          ],
          [
            [
              115.38037886019617,
              36.111387844273565
            ],
            [
              115.36952680941465,
              36.09828786879007
            ]
          ],
          [
            [
              115.36952680941465,
              36.09828786879007
            ],
            [
              115.35789961137789,
              36.08722911243359
            ]
          ],
          [
            [
              115.35789961137789,
              36.08722911243359
            ],
            [
              115.34968305892596,
              36.08219065977113
            ]
          ],
          [
            [
              115.34968305892596,
              36.08219065977113
            ],
            [
              115.34131147684309,
              36.07903839840333
            ]
          ],
          [
            [
              115.34131147684309,
              36.07903839840333
            ],
            [
              115.33324995312284,
              36.07795319278557
            ]
          ],
          [
            [
              115.33324995312284,
              36.07795319278557
            ],
            [
              115.3220878439788,
              36.07787567841979
            ]
          ],
          [
            [
              115.3220878439788,
              36.07787567841979
            ],
            [
              115.31319949795841,
              36.07872833914149
            ]
          ],
          [
            [
              115.31319949795841,
              36.07872833914149
            ],
            [
              115.30591312059403,
              36.08064036705929
            ]
          ],
          [
            [
              115.30591312059403,
              36.08064036705929
            ],
            [
              115.30048709520327,
              36.083430895019774
            ]
          ],
          [
            [
              115.30048709520327,
              36.083430895019774
            ],
            [
              115.29599124579931,
              36.08684153880597
            ]
          ],
          [
            [
              115.29599124579931,
              36.08684153880597
            ],
            [
              115.2854492533803,
              36.09875295678353
            ]
          ],
          [
            [
              115.2854492533803,
              36.09875295678353
            ],
            [
              115.27955813999608,
              36.107718818068975
            ]
          ],
          [
            [
              115.27955813999608,
              36.107718818068975
            ],
            [
              115.26731082613367,
              36.13154165312477
            ]
          ],
          [
            [
              115.26731082613367,
              36.13154165312477
            ],
            [
              115.24524498936478,
              36.16135895435224
            ]
          ],
          [
            [
              115.24524498936478,
              36.16135895435224
            ],
            [
              115.24152428631669,
              36.165312201396944
            ]
          ],
          [
            [
              115.24152428631669,
              36.165312201396944
            ],
            [
              115.23439293768388,
              36.169988918853505
            ]
          ],
          [
            [
              115.23439293768388,
              36.169988918853505
            ],
            [
              115.22400597489582,
              36.174794827519236
            ]
          ],
          [
            [
              115.22400597489582,
              36.174794827519236
            ],
            [
              115.20219852144453,
              36.18109935205342
            ]
          ],
          [
            [
              115.20219852144453,
              36.18109935205342
            ],
            [
              115.1897961770519,
              36.18293386470606
            ]
          ],
          [
            [
              115.1897961770519,
              36.18293386470606
            ],
            [
              115.17992597910063,
              36.18311473185935
            ]
          ],
          [
            [
              115.17992597910063,
              36.18311473185935
            ],
            [
              115.15031538344817,
              36.17779206015541
            ]
          ],
          [
            [
              115.15031538344817,
              36.17779206015541
            ],
            [
              115.141116978166,
              36.17794708888704
            ]
          ],
          [
            [
              115.141116978166,
              36.17794708888704
            ],
            [
              115.13321048407659,
              36.17978160333831
            ]
          ],
          [
            [
              115.13321048407659,
              36.17978160333831
            ],
            [
              115.12809451704823,
              36.182494615134374
            ]
          ],
          [
            [
              115.12809451704823,
              36.182494615134374
            ],
            [
              115.119257846972,
              36.186008613506715
            ]
          ],
          [
            [
              115.119257846972,
              36.186008613506715
            ],
            [
              115.11243655760097,
              36.186008613506715
            ]
          ],
          [
            [
              115.11243655760097,
              36.186008613506715
            ],
            [
              115.10608035712278,
              36.18456167358232
            ]
          ],
          [
            [
              115.10608035712278,
              36.18456167358232
            ],
            [
              115.10142947808788,
              36.18125438078505
            ]
          ],
          [
            [
              115.10142947808788,
              36.18125438078505
            ],
            [
              115.08897545775108,
              36.17009227074169
            ]
          ],
          [
            [
              115.08897545775108,
              36.17009227074169
            ],
            [
              115.06060509644794,
              36.15161794671087
            ]
          ],
          [
            [
              115.06060509644794,
              36.15161794671087
            ],
            [
              115.05688439339997,
              36.14750967093454
            ]
          ],
          [
            [
              115.05688439339997,
              36.14750967093454
            ],
            [
              115.05393883670786,
              36.142600409481304
            ]
          ],
          [
            [
              115.05393883670786,
              36.142600409481304
            ],
            [
              115.04479210826912,
              36.11820913274528
            ]
          ],
          [
            [
              115.04479210826912,
              36.11820913274528
            ],
            [
              115.04179487473368,
              36.11260224110055
            ]
          ],
          [
            [
              115.04179487473368,
              36.11260224110055
            ],
            [
              115.0338367047001,
              36.10094920554138
            ]
          ],
          [
            [
              115.0338367047001,
              36.10094920554138
            ],
            [
              115.02861738488434,
              36.09609162003221
            ]
          ],
          [
            [
              115.02861738488434,
              36.09609162003221
            ],
            [
              115.01373457179295,
              36.08529124609413
            ]
          ],
          [
            [
              115.01373457179295,
              36.08529124609413
            ],
            [
              115.0056213730279,
              36.07660960474942
            ]
          ],
          [
            [
              115.0056213730279,
              36.07660960474942
            ],
            [
              114.99714643815753,
              36.070124213061945
            ]
          ],
          [
            [
              114.99714643815753,
              36.070124213061945
            ],
            [
              114.97771609881886,
              36.06092580777977
            ]
          ],
          [
            [
              114.97771609881886,
              36.06092580777977
            ],
            [
              114.9530664405637,
              36.06108083831003
            ]
          ],
          [
            [
              114.9530664405637,
              36.06108083831003
            ],
            [
              114.93069054633156,
              36.05655915048436
            ]
          ],
          [
            [
              114.93069054633156,
              36.05655915048436
            ],
            [
              114.9237142273297,
              36.05798025198703
            ]
          ],
          [
            [
              114.9237142273297,
              36.05798025198703
            ],
            [
              114.91890831866397,
              36.0612358670416
            ]
          ],
          [
            [
              114.91890831866397,
              36.0612358670416
            ],
            [
              114.9175130546837,
              36.065731716445555
            ]
          ],
          [
            [
              114.9175130546837,
              36.065731716445555
            ],
            [
              114.91782311394547,
              36.07025340427117
            ]
          ],
          [
            [
              114.91782311394547,
              36.07025340427117
            ],
            [
              114.91890831866397,
              36.073069769754056
            ]
          ],
          [
            [
              114.91890831866397,
              36.073069769754056
            ],
            [
              114.92402428569221,
              36.08115713099676
            ]
          ],
          [
            [
              114.92402428569221,
              36.08115713099676
            ],
            [
              114.92417931532304,
              36.088030097211174
            ]
          ],
          [
            [
              114.92417931532304,
              36.088030097211174
            ],
            [
              114.91549767487777,
              36.09919220635521
            ]
          ],
          [
            [
              114.91549767487777,
              36.09919220635521
            ],
            [
              114.89317345569043,
              36.11957855920315
            ]
          ],
          [
            [
              114.89317345569043,
              36.11957855920315
            ],
            [
              114.85994550977739,
              36.14037832320105
            ]
          ],
          [
            [
              114.85994550977739,
              36.14037832320105
            ],
            [
              114.84227216962483,
              36.14864655249636
            ]
          ],
          [
            [
              114.84227216962483,
              36.14864655249636
            ],
            [
              114.83064497338671,
              36.15076528598911
            ]
          ],
          [
            [
              114.83064497338671,
              36.15076528598911
            ],
            [
              114.82485721189073,
              36.148801581227985
            ]
          ],
          [
            [
              114.82485721189073,
              36.148801581227985
            ],
            [
              114.80950931170537,
              36.14037832320105
            ]
          ],
          [
            [
              114.80950931170537,
              36.14037832320105
            ],
            [
              114.79788211456787,
              36.14006826393921
            ]
          ],
          [
            [
              114.79788211456787,
              36.14006826393921
            ],
            [
              114.78129398003307,
              36.14177358718126
            ]
          ],
          [
            [
              114.78129398003307,
              36.14177358718126
            ],
            [
              114.72780887338081,
              36.15216054907006
            ]
          ],
          [
            [
              114.72780887338081,
              36.15216054907006
            ],
            [
              114.71437300021375,
              36.15352997552793
            ]
          ],
          [
            [
              114.71437300021375,
              36.15352997552793
            ],
            [
              114.70724165158094,
              36.15278066669441
            ]
          ],
          [
            [
              114.70724165158094,
              36.15278066669441
            ],
            [
              114.66879438675153,
              36.143943997517454
            ]
          ],
          [
            [
              114.66879438675153,
              36.143943997517454
            ],
            [
              114.63370608886487,
              36.13195506427479
            ]
          ],
          [
            [
              114.63370608886487,
              36.13195506427479
            ],
            [
              114.62347415570764,
              36.13061147713796
            ]
          ],
          [
            [
              114.62347415570764,
              36.13061147713796
            ],
            [
              114.58451012604144,
              36.130869859556356
            ]
          ],
          [
            [
              114.58451012604144,
              36.130869859556356
            ],
            [
              114.56063561414226,
              36.13438385702938
            ]
          ],
          [
            [
              114.56063561414226,
              36.13438385702938
            ],
            [
              114.54838830027984,
              36.13903473606422
            ]
          ],
          [
            [
              114.54838830027984,
              36.13903473606422
            ],
            [
              114.4181636900023,
              36.2118726667901
            ]
          ],
          [
            [
              114.4181636900023,
              36.2118726667901
            ],
            [
              114.40576134560956,
              36.21556753231573
            ]
          ],
          [
            [
              114.40576134560956,
              36.21556753231573
            ],
            [
              114.39242882702865,
              36.21794464822693
            ]
          ],
          [
            [
              114.39242882702865,
              36.21794464822693
            ],
            [
              114.3751688989255,
              36.21946910341637
            ]
          ],
          [
            [
              114.3751688989255,
              36.21946910341637
            ],
            [
              114.36586714085581,
              36.22207876242493
            ]
          ],
          [
            [
              114.36586714085581,
              36.22207876242493
            ],
            [
              114.35982099784076,
              36.226264553466365
            ]
          ],
          [
            [
              114.35982099784076,
              36.226264553466365
            ],
            [
              114.34922733037695,
              36.23670319309787
            ]
          ],
          [
            [
              114.34922733037695,
              36.23670319309787
            ],
            [
              114.34307783367501,
              36.24471303997478
            ]
          ],
          [
            [
              114.34307783367501,
              36.24471303997478
            ],
            [
              114.33269087088695,
              36.24409292324981
            ]
          ],
          [
            [
              114.33269087088695,
              36.24409292324981
            ],
            [
              114.31408735564685,
              36.24068227856429
            ]
          ],
          [
            [
              114.31408735564685,
              36.24068227856429
            ],
            [
              114.30457889200227,
              36.24073395450836
            ]
          ],
          [
            [
              114.30457889200227,
              36.24073395450836
            ],
            [
              114.26210086486299,
              36.25215444607079
            ]
          ],
          [
            [
              114.26210086486299,
              36.25215444607079
            ],
            [
              114.24561608311569,
              36.25280040121754
            ]
          ],
          [
            [
              114.24561608311569,
              36.25280040121754
            ],
            [
              114.24003502809398,
              36.24871796296361
            ]
          ],
          [
            [
              114.24003502809398,
              36.24871796296361
            ],
            [
              114.225772332627,
              36.242439276851144
            ]
          ],
          [
            [
              114.225772332627,
              36.242439276851144
            ],
            [
              114.2201912776053,
              36.24063060172085
            ]
          ],
          [
            [
              114.2201912776053,
              36.24063060172085
            ],
            [
              114.20856408136717,
              36.24016551372745
            ]
          ],
          [
            [
              114.20856408136717,
              36.24016551372745
            ],
            [
              114.19316450433837,
              36.24094066008337
            ]
          ],
          [
            [
              114.19316450433837,
              36.24094066008337
            ],
            [
              114.15626753132142,
              36.246676743836645
            ]
          ],
          [
            [
              114.15626753132142,
              36.246676743836645
            ],
            [
              114.08970828670806,
              36.265383612763515
            ]
          ],
          [
            [
              114.08970828670806,
              36.265383612763515
            ],
            [
              114.07353356332328,
              36.27161062293186
            ]
          ],
          [
            [
              114.07353356332328,
              36.27161062293186
            ],
            [
              114.06314659963584,
              36.27706248584502
            ]
          ],
          [
            [
              114.06314659963584,
              36.27706248584502
            ],
            [
              114.05973595584965,
              36.28135163057328
            ]
          ],
          [
            [
              114.05973595584965,
              36.28135163057328
            ],
            [
              114.05710045841943,
              36.286002508708805
            ]
          ],
          [
            [
              114.05710045841943,
              36.286002508708805
            ],
            [
              114.05089928577343,
              36.30114370421853
            ]
          ],
          [
            [
              114.05089928577343,
              36.30114370421853
            ],
            [
              114.04800540592464,
              36.31191823973495
            ]
          ],
          [
            [
              114.04800540592464,
              36.31191823973495
            ],
            [
              114.03751509034907,
              36.32158173301053
            ]
          ],
          [
            [
              114.03751509034907,
              36.32158173301053
            ],
            [
              114.02774824428604,
              36.33390656213811
            ]
          ],
          [
            [
              114.02774824428604,
              36.33390656213811
            ],
            [
              114.01705122313535,
              36.34473277449791
            ]
          ],
          [
            [
              114.01705122313535,
              36.34473277449791
            ],
            [
              114.00449385001116,
              36.3533110621558
            ]
          ],
          [
            [
              114.00449385001116,
              36.3533110621558
            ],
            [
              113.98930097855725,
              36.35902130838667
            ]
          ],
          [
            [
              113.98930097855725,
              36.35902130838667
            ],
            [
              113.98113610204939,
              36.35995148437348
            ]
          ],
          [
            [
              113.98113610204939,
              36.35995148437348
            ],
            [
              113.97581343034551,
              36.35840119076232
            ]
          ],
          [
            [
              113.97581343034551,
              36.35840119076232
            ],
            [
              113.9659949083383,
              36.350908107822875
            ]
          ],
          [
            [
              113.9659949083383,
              36.350908107822875
            ],
            [
              113.95994876532325,
              36.34775584645513
            ]
          ],
          [
            [
              113.95994876532325,
              36.34775584645513
            ],
            [
              113.95410932788309,
              36.34661896399399
            ]
          ],
          [
            [
              113.95410932788309,
              36.34661896399399
            ],
            [
              113.93395551993126,
              36.34850515438933
            ]
          ],
          [
            [
              113.93395551993126,
              36.34850515438933
            ],
            [
              113.92827111212205,
              36.34811758076171
            ]
          ],
          [
            [
              113.92827111212205,
              36.34811758076171
            ],
            [
              113.91602379825963,
              36.34504283286043
            ]
          ],
          [
            [
              113.91602379825963,
              36.34504283286043
            ],
            [
              113.90713545133997,
              36.34413849529528
            ]
          ],
          [
            [
              113.90713545133997,
              36.34413849529528
            ],
            [
              113.89933231003806,
              36.34620555284397
            ]
          ],
          [
            [
              113.89933231003806,
              36.34620555284397
            ],
            [
              113.89220096230451,
              36.350520535094574
            ]
          ],
          [
            [
              113.89220096230451,
              36.350520535094574
            ],
            [
              113.87871341409277,
              36.36150177708532
            ]
          ],
          [
            [
              113.87871341409277,
              36.36150177708532
            ],
            [
              113.87339074059014,
              36.36467987687479
            ]
          ],
          [
            [
              113.87339074059014,
              36.36467987687479
            ],
            [
              113.86729292163102,
              36.36529999449914
            ]
          ],
          [
            [
              113.86729292163102,
              36.36529999449914
            ],
            [
              113.85892134044741,
              36.36279368737877
            ]
          ],
          [
            [
              113.85892134044741,
              36.36279368737877
            ],
            [
              113.82543501211603,
              36.34512034812553
            ]
          ],
          [
            [
              113.82543501211603,
              36.34512034812553
            ],
            [
              113.808278435901,
              36.339384264372256
            ]
          ],
          [
            [
              113.808278435901,
              36.339384264372256
            ],
            [
              113.78972659660508,
              36.34041779224731
            ]
          ],
          [
            [
              113.78972659660508,
              36.34041779224731
            ],
            [
              113.72662967262124,
              36.354835517345236
            ]
          ],
          [
            [
              113.72662967262124,
              36.354835517345236
            ],
            [
              113.72104861939818,
              36.35586904611955
            ]
          ],
          [
            [
              113.72104861939818,
              36.35586904611955
            ],
            [
              113.7020316921089,
              36.38392934816085
            ]
          ],
          [
            [
              113.7020316921089,
              36.38392934816085
            ],
            [
              113.69148969879052,
              36.39532400220094
            ]
          ],
          [
            [
              113.69148969879052,
              36.39532400220094
            ],
            [
              113.65624637307167,
              36.41658885329292
            ]
          ],
          [
            [
              113.65624637307167,
              36.41658885329292
            ],
            [
              113.63082156756127,
              36.43808624928096
            ]
          ],
          [
            [
              113.63082156756127,
              36.43808624928096
            ],
            [
              113.6260156597948,
              36.44123851244734
            ]
          ],
          [
            [
              113.6260156597948,
              36.44123851244734
            ],
            [
              113.61516360901328,
              36.446716213782224
            ]
          ],
          [
            [
              113.61516360901328,
              36.446716213782224
            ],
            [
              113.60307132388243,
              36.45121206318612
            ]
          ],
          [
            [
              113.60307132388243,
              36.45121206318612
            ],
            [
              113.56767296763326,
              36.459790350844
            ]
          ],
          [
            [
              113.56767296763326,
              36.459790350844
            ],
            [
              113.55620080012682,
              36.46490631787225
            ]
          ],
          [
            [
              113.55620080012682,
              36.46490631787225
            ],
            [
              113.54302330937821,
              36.47518992787286
            ]
          ],
          [
            [
              113.54302330937821,
              36.47518992787286
            ],
            [
              113.5351168152888,
              36.48338064190307
            ]
          ],
          [
            [
              113.5351168152888,
              36.48338064190307
            ],
            [
              113.53242964101503,
              36.49071869611089
            ]
          ],
          [
            [
              113.53242964101503,
              36.49071869611089
            ],
            [
              113.5304659362539,
              36.50123485010823
            ]
          ],
          [
            [
              113.5304659362539,
              36.50123485010823
            ],
            [
              113.53304975774006,
              36.51627269103187
            ]
          ],
          [
            [
              113.53304975774006,
              36.51627269103187
            ],
            [
              113.5352201680762,
              36.52353322997459
            ]
          ],
          [
            [
              113.5352201680762,
              36.52353322997459
            ],
            [
              113.53852745997426,
              36.529424343358755
            ]
          ],
          [
            [
              113.53852745997426,
              36.529424343358755
            ],
            [
              113.54550377807686,
              36.53771841107579
            ]
          ],
          [
            [
              113.54550377807686,
              36.53771841107579
            ],
            [
              113.54751915878205,
              36.54278270126065
            ]
          ],
          [
            [
              113.54751915878205,
              36.54278270126065
            ],
            [
              113.54736413005048,
              36.54851878501387
            ]
          ],
          [
            [
              113.54736413005048,
              36.54851878501387
            ],
            [
              113.54302330937821,
              36.554616603973045
            ]
          ],
          [
            [
              113.54302330937821,
              36.554616603973045
            ],
            [
              113.53775231271902,
              36.55880239501448
            ]
          ],
          [
            [
              113.53775231271902,
              36.55880239501448
            ],
            [
              113.52674523320593,
              36.56500356676116
            ]
          ],
          [
            [
              113.52674523320593,
              36.56500356676116
            ],
            [
              113.522662794952,
              36.569266873067704
            ]
          ],
          [
            [
              113.522662794952,
              36.569266873067704
            ],
            [
              113.51971723825989,
              36.57477041282425
            ]
          ],
          [
            [
              113.51971723825989,
              36.57477041282425
            ],
            [
              113.51599653521191,
              36.58903310829129
            ]
          ],
          [
            [
              113.51599653521191,
              36.58903310829129
            ],
            [
              113.51382612487566,
              36.593787340113636
            ]
          ],
          [
            [
              113.51382612487566,
              36.593787340113636
            ],
            [
              113.51196577380142,
              36.59673289590643
            ]
          ],
          [
            [
              113.51196577380142,
              36.59673289590643
            ],
            [
              113.50638471877971,
              36.603218289392544
            ]
          ],
          [
            [
              113.50638471877971,
              36.603218289392544
            ],
            [
              113.496462843985,
              36.61104726821685
            ]
          ],
          [
            [
              113.496462843985,
              36.61104726821685
            ],
            [
              113.45873904776874,
              36.635800279259456
            ]
          ],
          [
            [
              113.45873904776874,
              36.635800279259456
            ],
            [
              113.45501834472077,
              36.6401927758759
            ]
          ],
          [
            [
              113.45501834472077,
              36.6401927758759
            ],
            [
              113.45253787602212,
              36.64551544937848
            ]
          ],
          [
            [
              113.45253787602212,
              36.64551544937848
            ],
            [
              113.45408816873396,
              36.65515310333302
            ]
          ],
          [
            [
              113.45408816873396,
              36.65515310333302
            ],
            [
              113.45796390231214,
              36.66360219978168
            ]
          ],
          [
            [
              113.45796390231214,
              36.66360219978168
            ],
            [
              113.46571536677072,
              36.67636627938026
            ]
          ],
          [
            [
              113.46571536677072,
              36.67636627938026
            ],
            [
              113.46855756977595,
              36.68308421506447
            ]
          ],
          [
            [
              113.46855756977595,
              36.68308421506447
            ],
            [
              113.46897098182535,
              36.68964712201705
            ]
          ],
          [
            [
              113.46897098182535,
              36.68964712201705
            ],
            [
              113.46633548439502,
              36.693987941790056
            ]
          ],
          [
            [
              113.46633548439502,
              36.693987941790056
            ],
            [
              113.46276981007861,
              36.69786367446898
            ]
          ],
          [
            [
              113.46276981007861,
              36.69786367446898
            ],
            [
              113.44401126520768,
              36.71101532589654
            ]
          ],
          [
            [
              113.44401126520768,
              36.71101532589654
            ],
            [
              113.44044559089127,
              36.714968573840565
            ]
          ],
          [
            [
              113.44044559089127,
              36.714968573840565
            ],
            [
              113.4383785342419,
              36.71946442324452
            ]
          ],
          [
            [
              113.4383785342419,
              36.71946442324452
            ],
            [
              113.4402905621597,
              36.72514883105367
            ]
          ],
          [
            [
              113.4402905621597,
              36.72514883105367
            ],
            [
              113.44457970598864,
              36.73052318050037
            ]
          ],
          [
            [
              113.44457970598864,
              36.73052318050037
            ],
            [
              113.45393314000239,
              36.73662099945955
            ]
          ],
          [
            [
              113.45393314000239,
              36.73662099945955
            ],
            [
              113.46354495733385,
              36.73964407051744
            ]
          ],
          [
            [
              113.46354495733385,
              36.73964407051744
            ],
            [
              113.47537886004636,
              36.74122020075163
            ]
          ],
          [
            [
              113.47537886004636,
              36.74122020075163
            ],
            [
              113.50762495312904,
              36.74140106880424
            ]
          ],
          [
            [
              113.50762495312904,
              36.74140106880424
            ],
            [
              113.53366987536447,
              36.747318019710804
            ]
          ],
          [
            [
              113.53366987536447,
              36.747318019710804
            ],
            [
              113.55651085758996,
              36.76070221603442
            ]
          ],
          [
            [
              113.55651085758996,
              36.76070221603442
            ],
            [
              113.58565636614833,
              36.76517222791597
            ]
          ],
          [
            [
              113.58565636614833,
              36.76517222791597
            ],
            [
              113.59516482979302,
              36.765663154331094
            ]
          ],
          [
            [
              113.59516482979302,
              36.765663154331094
            ],
            [
              113.60198611916405,
              36.76695506372516
            ]
          ],
          [
            [
              113.60198611916405,
              36.76695506372516
            ],
            [
              113.6077738788614,
              36.76907379811729
            ]
          ],
          [
            [
              113.6077738788614,
              36.76907379811729
            ],
            [
              113.6174890480811,
              36.775300808285635
            ]
          ],
          [
            [
              113.6174890480811,
              36.775300808285635
            ],
            [
              113.6556779322907,
              36.80777944626442
            ]
          ],
          [
            [
              113.6556779322907,
              36.80777944626442
            ],
            [
              113.6646696310986,
              36.81994924576105
            ]
          ],
          [
            [
              113.6646696310986,
              36.81994924576105
            ],
            [
              113.66947553886496,
              36.82989695897743
            ]
          ],
          [
            [
              113.66947553886496,
              36.82989695897743
            ],
            [
              113.66978559812685,
              36.84284190483004
            ]
          ],
          [
            [
              113.66978559812685,
              36.84284190483004
            ],
            [
              113.67149091957026,
              36.85542511727533
            ]
          ],
          [
            [
              113.67149091957026,
              36.85542511727533
            ],
            [
              113.6729895372373,
              36.86136790570424
            ]
          ],
          [
            [
              113.6729895372373,
              36.86136790570424
            ],
            [
              113.67552168188001,
              36.86689728388251
            ]
          ],
          [
            [
              113.67552168188001,
              36.86689728388251
            ],
            [
              113.6792423849281,
              36.87159983976079
            ]
          ],
          [
            [
              113.6792423849281,
              36.87159983976079
            ],
            [
              113.68916425972282,
              36.873641058887756
            ]
          ],
          [
            [
              113.68916425972282,
              36.873641058887756
            ],
            [
              113.69986128087339,
              36.87488129323708
            ]
          ],
          [
            [
              113.69986128087339,
              36.87488129323708
            ],
            [
              113.74833377508355,
              36.86157461217857
            ]
          ],
          [
            [
              113.74833377508355,
              36.86157461217857
            ],
            [
              113.7554651228171,
              36.86193634738453
            ]
          ],
          [
            [
              113.7554651228171,
              36.86193634738453
            ],
            [
              113.7658520847059,
              36.865088608752274
            ]
          ],
          [
            [
              113.7658520847059,
              36.865088608752274
            ],
            [
              113.77081302300257,
              36.868189195075274
            ]
          ],
          [
            [
              113.77081302300257,
              36.868189195075274
            ],
            [
              113.7741719908447,
              36.88033315704956
            ]
          ],
          [
            [
              113.7741719908447,
              36.88033315704956
            ],
            [
              113.77603234281833,
              36.89061676705012
            ]
          ],
          [
            [
              113.77603234281833,
              36.89061676705012
            ],
            [
              113.77484378531244,
              36.96869985601353
            ]
          ],
          [
            [
              113.77484378531244,
              36.96869985601353
            ],
            [
              113.77344852133217,
              36.98373769783649
            ]
          ],
          [
            [
              113.77344852133217,
              36.98373769783649
            ],
            [
              113.77174319898938,
              36.9885952833456
            ]
          ],
          [
            [
              113.77174319898938,
              36.9885952833456
            ],
            [
              113.76910770065979,
              36.99394379347126
            ]
          ],
          [
            [
              113.76910770065979,
              36.99394379347126
            ],
            [
              113.76399173363154,
              37.00029999394951
            ]
          ],
          [
            [
              113.76399173363154,
              37.00029999394951
            ],
            [
              113.76197635292635,
              37.00383982984425
            ]
          ],
          [
            [
              113.76197635292635,
              37.00383982984425
            ],
            [
              113.75422488756851,
              37.02306346270859
            ]
          ],
          [
            [
              113.75422488756851,
              37.02306346270859
            ],
            [
              113.74843712787106,
              37.051485500855165
            ]
          ],
          [
            [
              113.74843712787106,
              37.051485500855165
            ],
            [
              113.74688683515922,
              37.076186835054386
            ]
          ],
          [
            [
              113.74688683515922,
              37.076186835054386
            ],
            [
              113.74833377508355,
              37.089596868900344
            ]
          ],
          [
            [
              113.74833377508355,
              37.089596868900344
            ],
            [
              113.75432824125528,
              37.11494415914558
            ]
          ],
          [
            [
              113.75432824125528,
              37.11494415914558
            ],
            [
              113.75928917865258,
              37.12316071249688
            ]
          ],
          [
            [
              113.75928917865258,
              37.12316071249688
            ],
            [
              113.76652387917363,
              37.133030911347475
            ]
          ],
          [
            [
              113.76652387917363,
              37.133030911347475
            ],
            [
              113.79980350103074,
              37.16377838856175
            ]
          ],
          [
            [
              113.79980350103074,
              37.16377838856175
            ],
            [
              113.8454337913364,
              37.197006334474736
            ]
          ],
          [
            [
              113.8454337913364,
              37.197006334474736
            ],
            [
              113.85768110609808,
              37.208943589974695
            ]
          ],
          [
            [
              113.85768110609808,
              37.208943589974695
            ],
            [
              113.86233198513298,
              37.216255804861476
            ]
          ],
          [
            [
              113.86233198513298,
              37.216255804861476
            ],
            [
              113.86780968556855,
              37.226668606071314
            ]
          ],
          [
            [
              113.86780968556855,
              37.226668606071314
            ],
            [
              113.87571617965796,
              37.24847606132113
            ]
          ],
          [
            [
              113.87571617965796,
              37.24847606132113
            ],
            [
              113.88672326096969,
              37.29612173143272
            ]
          ],
          [
            [
              113.88672326096969,
              37.29612173143272
            ],
            [
              113.89695519412692,
              37.312244777974115
            ]
          ],
          [
            [
              113.89695519412692,
              37.312244777974115
            ],
            [
              113.93049319930162,
              37.348831691729174
            ]
          ],
          [
            [
              113.93049319930162,
              37.348831691729174
            ],
            [
              113.95111209524691,
              37.38841583901973
            ]
          ],
          [
            [
              113.95111209524691,
              37.38841583901973
            ],
            [
              113.96165408676666,
              37.40040477136307
            ]
          ],
          [
            [
              113.96165408676666,
              37.40040477136307
            ],
            [
              113.98852583220139,
              37.4237108424814
            ]
          ],
          [
            [
              113.98852583220139,
              37.4237108424814
            ],
            [
              114.01891157420971,
              37.454613349326564
            ]
          ],
          [
            [
              114.01891157420971,
              37.454613349326564
            ],
            [
              114.05151940339772,
              37.49796987650859
            ]
          ],
          [
            [
              114.05151940339772,
              37.49796987650859
            ],
            [
              114.053121372953,
              37.50057953551715
            ]
          ],
          [
            [
              114.053121372953,
              37.50057953551715
            ],
            [
              114.07596235607787,
              37.554064643068784
            ]
          ],
          [
            [
              114.07596235607787,
              37.554064643068784
            ],
            [
              114.08221520376856,
              37.5648133410628
            ]
          ],
          [
            [
              114.08221520376856,
              37.5648133410628
            ],
            [
              114.08764122915932,
              37.572383938368034
            ]
          ],
          [
            [
              114.08764122915932,
              37.572383938368034
            ],
            [
              114.0918786970442,
              37.58323598914956
            ]
          ],
          [
            [
              114.0918786970442,
              37.58323598914956
            ],
            [
              114.0963228696047,
              37.59953990284424
            ]
          ],
          [
            [
              114.0963228696047,
              37.59953990284424
            ],
            [
              114.10645145087369,
              37.66938060183327
            ]
          ],
          [
            [
              114.10645145087369,
              37.66938060183327
            ],
            [
              114.10040530785864,
              37.69819021270814
            ]
          ],
          [
            [
              114.10040530785864,
              37.69819021270814
            ],
            [
              114.02635298120504,
              37.75077098179537
            ]
          ],
          [
            [
              114.02635298120504,
              37.75077098179537
            ],
            [
              113.99488203267958,
              37.82539175102846
            ]
          ],
          [
            [
              113.99488203267958,
              37.82539175102846
            ],
            [
              113.98713056822112,
              37.83903432887115
            ]
          ],
          [
            [
              113.98713056822112,
              37.83903432887115
            ],
            [
              113.92641076104769,
              37.92357697199964
            ]
          ],
          [
            [
              113.92641076104769,
              37.92357697199964
            ],
            [
              113.89990075081892,
              37.942025458508056
            ]
          ],
          [
            [
              113.89990075081892,
              37.942025458508056
            ],
            [
              113.89147749189272,
              37.94946686550344
            ]
          ],
          [
            [
              113.89147749189272,
              37.94946686550344
            ],
            [
              113.88594811371445,
              37.958200181892835
            ]
          ],
          [
            [
              113.88594811371445,
              37.958200181892835
            ],
            [
              113.87928185397436,
              37.97117096616711
            ]
          ],
          [
            [
              113.87928185397436,
              37.97117096616711
            ],
            [
              113.85721601810474,
              38.02966868706022
            ]
          ],
          [
            [
              113.85721601810474,
              38.02966868706022
            ],
            [
              113.85427046141263,
              38.040520737841746
            ]
          ],
          [
            [
              113.85427046141263,
              38.040520737841746
            ],
            [
              113.8454337913364,
              38.05721222606337
            ]
          ],
          [
            [
              113.8454337913364,
              38.05721222606337
            ],
            [
              113.81768354675819,
              38.091370347963164
            ]
          ],
          [
            [
              113.81768354675819,
              38.091370347963164
            ],
            [
              113.8081750831135,
              38.10857860012226
            ]
          ],
          [
            [
              113.8081750831135,
              38.10857860012226
            ],
            [
              113.79065677259189,
              38.152865302391774
            ]
          ],
          [
            [
              113.79065677259189,
              38.152865302391774
            ],
            [
              113.75856570824078,
              38.15736115179567
            ]
          ],
          [
            [
              113.75856570824078,
              38.15736115179567
            ],
            [
              113.75184777165725,
              38.15932485655685
            ]
          ],
          [
            [
              113.75184777165725,
              38.15932485655685
            ],
            [
              113.74580163044084,
              38.16180532525556
            ]
          ],
          [
            [
              113.74580163044084,
              38.16180532525556
            ],
            [
              113.74084069214416,
              38.1648542338358
            ]
          ],
          [
            [
              113.74084069214416,
              38.1648542338358
            ],
            [
              113.71696618024498,
              38.18769521696066
            ]
          ],
          [
            [
              113.71696618024498,
              38.18769521696066
            ],
            [
              113.70797448143708,
              38.194671535962584
            ]
          ],
          [
            [
              113.70797448143708,
              38.194671535962584
            ],
            [
              113.68776899574254,
              38.20702220351188
            ]
          ],
          [
            [
              113.68776899574254,
              38.20702220351188
            ],
            [
              113.67598676987348,
              38.212241523327634
            ]
          ],
          [
            [
              113.67598676987348,
              38.212241523327634
            ],
            [
              113.55790612157023,
              38.24342825011365
            ]
          ],
          [
            [
              113.55790612157023,
              38.24342825011365
            ],
            [
              113.54689904205713,
              38.24776906988666
            ]
          ],
          [
            [
              113.54689904205713,
              38.24776906988666
            ],
            [
              113.54255822138475,
              38.25006867143202
            ]
          ],
          [
            [
              113.54255822138475,
              38.25006867143202
            ],
            [
              113.53945763596107,
              38.252135728980704
            ]
          ],
          [
            [
              113.53945763596107,
              38.252135728980704
            ],
            [
              113.53553022733809,
              38.26185089820035
            ]
          ],
          [
            [
              113.53553022733809,
              38.26185089820035
            ],
            [
              113.53180952429011,
              38.27787059195424
            ]
          ],
          [
            [
              113.53180952429011,
              38.27787059195424
            ],
            [
              113.52364464688287,
              38.34567007091704
            ]
          ],
          [
            [
              113.52364464688287,
              38.34567007091704
            ],
            [
              113.5180119159171,
              38.36148305909586
            ]
          ],
          [
            [
              113.5180119159171,
              38.36148305909586
            ],
            [
              113.51739179919218,
              38.36871776051623
            ]
          ],
          [
            [
              113.51739179919218,
              38.36871776051623
            ],
            [
              113.5180119159171,
              38.377606106536575
            ]
          ],
          [
            [
              113.5180119159171,
              38.377606106536575
            ],
            [
              113.5252982932816,
              38.39982697203709
            ]
          ],
          [
            [
              113.5252982932816,
              38.39982697203709
            ],
            [
              113.53775231271902,
              38.424424954348126
            ]
          ],
          [
            [
              113.53775231271902,
              38.424424954348126
            ],
            [
              113.54286827974727,
              38.439256089696755
            ]
          ],
          [
            [
              113.54286827974727,
              38.439256089696755
            ],
            [
              113.54317833900905,
              38.450056464534214
            ]
          ],
          [
            [
              113.54317833900905,
              38.450056464534214
            ],
            [
              113.54209313429067,
              38.46462921836371
            ]
          ],
          [
            [
              113.54209313429067,
              38.46462921836371
            ],
            [
              113.53211958175325,
              38.519871324202256
            ]
          ],
          [
            [
              113.53211958175325,
              38.519871324202256
            ],
            [
              113.5344966976644,
              38.53728628193636
            ]
          ],
          [
            [
              113.5344966976644,
              38.53728628193636
            ],
            [
              113.55248009617947,
              38.56617340807628
            ]
          ],
          [
            [
              113.55248009617947,
              38.56617340807628
            ],
            [
              113.59175418510756,
              38.61722972287339
            ]
          ],
          [
            [
              113.59175418510756,
              38.61722972287339
            ],
            [
              113.598885532841,
              38.63180247670289
            ]
          ],
          [
            [
              113.598885532841,
              38.63180247670289
            ],
            [
              113.60896243726665,
              38.64446320171538
            ]
          ],
          [
            [
              113.60896243726665,
              38.64446320171538
            ],
            [
              113.63061486198626,
              38.65340322547843
            ]
          ],
          [
            [
              113.63061486198626,
              38.65340322547843
            ],
            [
              113.66901045087161,
              38.660276190793525
            ]
          ],
          [
            [
              113.66901045087161,
              38.660276190793525
            ],
            [
              113.68094770727078,
              38.66776927283365
            ]
          ],
          [
            [
              113.68094770727078,
              38.66776927283365
            ],
            [
              113.68435835195635,
              38.67771698694935
            ]
          ],
          [
            [
              113.68435835195635,
              38.67771698694935
            ],
            [
              113.68311811670765,
              38.69107534395192
            ]
          ],
          [
            [
              113.68311811670765,
              38.69107534395192
            ],
            [
              113.68373823523132,
              38.70285757072031
            ]
          ],
          [
            [
              113.68373823523132,
              38.70285757072031
            ],
            [
              113.69055952370297,
              38.71355459187089
            ]
          ],
          [
            [
              113.69055952370297,
              38.71355459187089
            ],
            [
              113.74874718623357,
              38.72947093373659
            ]
          ],
          [
            [
              113.74874718623357,
              38.72947093373659
            ],
            [
              113.7982532083189,
              38.77835683909683
            ]
          ],
          [
            [
              113.7982532083189,
              38.77835683909683
            ],
            [
              113.82512495285425,
              38.81026703539533
            ]
          ],
          [
            [
              113.82512495285425,
              38.81026703539533
            ],
            [
              113.82574506957928,
              38.81628733998872
            ]
          ],
          [
            [
              113.82574506957928,
              38.81628733998872
            ],
            [
              113.82605512884106,
              38.82365123081962
            ]
          ],
          [
            [
              113.82605512884106,
              38.82365123081962
            ],
            [
              113.79437747563998,
              38.85426951772405
            ]
          ],
          [
            [
              113.79437747563998,
              38.85426951772405
            ],
            [
              113.77995975144131,
              38.87222707781734
            ]
          ],
          [
            [
              113.77995975144131,
              38.87222707781734
            ],
            [
              113.76879764229727,
              38.891192328263344
            ]
          ],
          [
            [
              113.76879764229727,
              38.891192328263344
            ],
            [
              113.76021935374013,
              38.90920156520008
            ]
          ],
          [
            [
              113.76021935374013,
              38.90920156520008
            ],
            [
              113.7560852404414,
              38.9215263943276
            ]
          ],
          [
            [
              113.7560852404414,
              38.9215263943276
            ],
            [
              113.75422488756851,
              38.93126740196902
            ]
          ],
          [
            [
              113.75422488756851,
              38.93126740196902
            ],
            [
              113.7554651228171,
              38.939535631264334
            ]
          ],
          [
            [
              113.7554651228171,
              38.939535631264334
            ],
            [
              113.75856570824078,
              38.94888906527814
            ]
          ],
          [
            [
              113.75856570824078,
              38.94888906527814
            ],
            [
              113.76290652891316,
              38.95741567609258
            ]
          ],
          [
            [
              113.76290652891316,
              38.95741567609258
            ],
            [
              113.76693729122292,
              38.96335846632013
            ]
          ],
          [
            [
              113.76693729122292,
              38.96335846632013
            ],
            [
              113.77127811099604,
              38.96772512541418
            ]
          ],
          [
            [
              113.77127811099604,
              38.96772512541418
            ],
            [
              113.77603234281833,
              38.97090322520364
            ]
          ],
          [
            [
              113.77603234281833,
              38.97090322520364
            ],
            [
              113.80931196467543,
              38.985992742970666
            ]
          ],
          [
            [
              113.80931196467543,
              38.985992742970666
            ],
            [
              113.81582319478457,
              38.99480357552454
            ]
          ],
          [
            [
              113.81582319478457,
              38.99480357552454
            ],
            [
              113.82295454341738,
              39.008368639001446
            ]
          ],
          [
            [
              113.82295454341738,
              39.008368639001446
            ],
            [
              113.8348917989174,
              39.041544908071046
            ]
          ],
          [
            [
              113.8348917989174,
              39.041544908071046
            ],
            [
              113.84341840973173,
              39.057693793034105
            ]
          ],
          [
            [
              113.84341840973173,
              39.057693793034105
            ],
            [
              113.85334028542582,
              39.07229238528532
            ]
          ],
          [
            [
              113.85334028542582,
              39.07229238528532
            ],
            [
              113.86357221858293,
              39.078545233875445
            ]
          ],
          [
            [
              113.86357221858293,
              39.078545233875445
            ],
            [
              113.8754061221947,
              39.083299464798415
            ]
          ],
          [
            [
              113.8754061221947,
              39.083299464798415
            ],
            [
              113.88749840732555,
              39.08459137599118
            ]
          ],
          [
            [
              113.88749840732555,
              39.08459137599118
            ],
            [
              113.91493859264187,
              39.082937730491835
            ]
          ],
          [
            [
              113.91493859264187,
              39.082937730491835
            ],
            [
              113.92754764171025,
              39.085263170458916
            ]
          ],
          [
            [
              113.92754764171025,
              39.085263170458916
            ],
            [
              113.9624292340219,
              39.098750719570035
            ]
          ],
          [
            [
              113.9624292340219,
              39.098750719570035
            ],
            [
              113.9848051291533,
              39.10944773982129
            ]
          ],
          [
            [
              113.9848051291533,
              39.10944773982129
            ],
            [
              114.01271040156371,
              39.118827013156135
            ]
          ],
          [
            [
              114.01271040156371,
              39.118827013156135
            ],
            [
              114.02118533733335,
              39.1192662618285
            ]
          ],
          [
            [
              114.02118533733335,
              39.1192662618285
            ],
            [
              114.03028038892876,
              39.11756094038509
            ]
          ],
          [
            [
              114.03028038892876,
              39.11756094038509
            ],
            [
              114.0374117366623,
              39.112625841409454
            ]
          ],
          [
            [
              114.0374117366623,
              39.112625841409454
            ],
            [
              114.04981408105493,
              39.10076610027528
            ]
          ],
          [
            [
              114.04981408105493,
              39.10076610027528
            ],
            [
              114.08908816908365,
              39.07435944283401
            ]
          ],
          [
            [
              114.08908816908365,
              39.07435944283401
            ],
            [
              114.10603803882441,
              39.06743480157479
            ]
          ],
          [
            [
              114.10603803882441,
              39.06743480157479
            ],
            [
              114.11668338403092,
              39.065574448701796
            ]
          ],
          [
            [
              114.11668338403092,
              39.065574448701796
            ],
            [
              114.1250549661138,
              39.065987860751136
            ]
          ],
          [
            [
              114.1250549661138,
              39.065987860751136
            ],
            [
              114.1447953629156,
              39.07084544536099
            ]
          ],
          [
            [
              114.1447953629156,
              39.07084544536099
            ],
            [
              114.15895470559519,
              39.07306753254056
            ]
          ],
          [
            [
              114.15895470559519,
              39.07306753254056
            ],
            [
              114.16680952374043,
              39.07322256127219
            ]
          ],
          [
            [
              114.16680952374043,
              39.07322256127219
            ],
            [
              114.21631554582575,
              39.06903677023075
            ]
          ],
          [
            [
              114.21631554582575,
              39.06903677023075
            ],
            [
              114.23135338764871,
              39.07014781337085
            ]
          ],
          [
            [
              114.23135338764871,
              39.07014781337085
            ],
            [
              114.24468590712888,
              39.073119208484684
            ]
          ],
          [
            [
              114.24468590712888,
              39.073119208484684
            ],
            [
              114.2569332209913,
              39.07709829395111
            ]
          ],
          [
            [
              114.2569332209913,
              39.07709829395111
            ],
            [
              114.2679919782471,
              39.08208506887081
            ]
          ],
          [
            [
              114.2679919782471,
              39.08208506887081
            ],
            [
              114.27543338434316,
              39.08880300635366
            ]
          ],
          [
            [
              114.27543338434316,
              39.08880300635366
            ],
            [
              114.30943647661206,
              39.13001495982252
            ]
          ],
          [
            [
              114.30943647661206,
              39.13001495982252
            ],
            [
              114.31667117713312,
              39.136707057984324
            ]
          ],
          [
            [
              114.31667117713312,
              39.136707057984324
            ],
            [
              114.32772993438891,
              39.141745509747466
            ]
          ],
          [
            [
              114.32772993438891,
              39.141745509747466
            ],
            [
              114.36638390479334,
              39.15259756142831
            ]
          ],
          [
            [
              114.36638390479334,
              39.15259756142831
            ],
            [
              114.37785607319915,
              39.15740346919472
            ]
          ],
          [
            [
              114.37785607319915,
              39.15740346919472
            ],
            [
              114.38281701059657,
              39.160374864308494
            ]
          ],
          [
            [
              114.38281701059657,
              39.160374864308494
            ],
            [
              114.3883980647189,
              39.16437978819664
            ]
          ],
          [
            [
              114.3883980647189,
              39.16437978819664
            ],
            [
              114.3939791197405,
              39.16934072469468
            ]
          ],
          [
            [
              114.3939791197405,
              39.16934072469468
            ],
            [
              114.40111046837342,
              39.177712306777494
            ]
          ],
          [
            [
              114.40111046837342,
              39.177712306777494
            ],
            [
              114.40560631687799,
              39.183913479423495
            ]
          ],
          [
            [
              114.40560631687799,
              39.183913479423495
            ],
            [
              114.40886193193262,
              39.18993378401689
            ]
          ],
          [
            [
              114.40886193193262,
              39.18993378401689
            ],
            [
              114.41165245989305,
              39.197814438785315
            ]
          ],
          [
            [
              114.41165245989305,
              39.197814438785315
            ],
            [
              114.41397789896087,
              39.20768463853523
            ]
          ],
          [
            [
              114.41397789896087,
              39.20768463853523
            ],
            [
              114.416148309297,
              39.22571971299436
            ]
          ],
          [
            [
              114.416148309297,
              39.22571971299436
            ],
            [
              114.41490807494768,
              39.28209870129399
            ]
          ],
          [
            [
              114.41490807494768,
              39.28209870129399
            ],
            [
              114.41640669171545,
              39.29005687132752
            ]
          ],
          [
            [
              114.41640669171545,
              39.29005687132752
            ],
            [
              114.42033410033844,
              39.299978746122235
            ]
          ],
          [
            [
              114.42033410033844,
              39.299978746122235
            ],
            [
              114.42767215364688,
              39.30933218013598
            ]
          ],
          [
            [
              114.42767215364688,
              39.30933218013598
            ],
            [
              114.43335656055683,
              39.31504242636686
            ]
          ],
          [
            [
              114.43335656055683,
              39.31504242636686
            ],
            [
              114.44767093286725,
              39.32612702114511
            ]
          ],
          [
            [
              114.44767093286725,
              39.32612702114511
            ],
            [
              114.45588748621844,
              39.333852647181914
            ]
          ],
          [
            [
              114.45588748621844,
              39.333852647181914
            ],
            [
              114.45945315963559,
              39.33816763033184
            ]
          ],
          [
            [
              114.45945315963559,
              39.33816763033184
            ],
            [
              114.46208865796518,
              39.34509227069174
            ]
          ],
          [
            [
              114.46208865796518,
              39.34509227069174
            ],
            [
              114.46410403867037,
              39.35379975045811
            ]
          ],
          [
            [
              114.46410403867037,
              39.35379975045811
            ],
            [
              114.46441409703289,
              39.36886342980341
            ]
          ],
          [
            [
              114.46441409703289,
              39.36886342980341
            ],
            [
              114.46580936101316,
              39.37963796621915
            ]
          ],
          [
            [
              114.46580936101316,
              39.37963796621915
            ],
            [
              114.46839318160005,
              39.39010244427237
            ]
          ],
          [
            [
              114.46839318160005,
              39.39010244427237
            ],
            [
              114.48007205558088,
              39.40935191555843
            ]
          ],
          [
            [
              114.48007205558088,
              39.40935191555843
            ],
            [
              114.50022586533134,
              39.434854234535294
            ]
          ],
          [
            [
              114.50022586533134,
              39.434854234535294
            ],
            [
              114.52895796094106,
              39.482241523127755
            ]
          ],
          [
            [
              114.52895796094106,
              39.482241523127755
            ],
            [
              114.53505577990029,
              39.49893301045006
            ]
          ],
          [
            [
              114.53505577990029,
              39.49893301045006
            ],
            [
              114.5409468932844,
              39.5312307812755
            ]
          ],
          [
            [
              114.5409468932844,
              39.5312307812755
            ],
            [
              114.53877648294826,
              39.538878892946514
            ]
          ],
          [
            [
              114.53877648294826,
              39.538878892946514
            ],
            [
              114.53639936703712,
              39.54440827112478
            ]
          ],
          [
            [
              114.53639936703712,
              39.54440827112478
            ],
            [
              114.51640058781686,
              39.5645104031326
            ]
          ],
          [
            [
              114.51640058781686,
              39.5645104031326
            ],
            [
              114.50043257000709,
              39.57231354443451
            ]
          ],
          [
            [
              114.50043257000709,
              39.57231354443451
            ],
            [
              114.49717695495247,
              39.57461314508055
            ]
          ],
          [
            [
              114.49717695495247,
              39.57461314508055
            ],
            [
              114.47996870279337,
              39.59435354278173
            ]
          ],
          [
            [
              114.47996870279337,
              39.59435354278173
            ],
            [
              114.47573123580787,
              39.598074245829764
            ]
          ],
          [
            [
              114.47573123580787,
              39.598074245829764
            ],
            [
              114.47108035677297,
              39.601381536828455
            ]
          ],
          [
            [
              114.47108035677297,
              39.601381536828455
            ],
            [
              114.46580936101316,
              39.60432709441983
            ]
          ],
          [
            [
              114.46580936101316,
              39.60432709441983
            ],
            [
              114.45945315963559,
              39.60680756311854
            ]
          ],
          [
            [
              114.45945315963559,
              39.60680756311854
            ],
            [
              114.45247684063361,
              39.608512885461266
            ]
          ],
          [
            [
              114.45247684063361,
              39.608512885461266
            ],
            [
              114.43712894134751,
              39.61081248610731
            ]
          ],
          [
            [
              114.43712894134751,
              39.61081248610731
            ],
            [
              114.43046268070805,
              39.61267283808098
            ]
          ],
          [
            [
              114.43046268070805,
              39.61267283808098
            ],
            [
              114.42529503773574,
              39.61804718752768
            ]
          ],
          [
            [
              114.42529503773574,
              39.61804718752768
            ],
            [
              114.42095421796273,
              39.626057034404596
            ]
          ],
          [
            [
              114.42095421796273,
              39.626057034404596
            ],
            [
              114.41506310367924,
              39.640681464178215
            ]
          ],
          [
            [
              114.41506310367924,
              39.640681464178215
            ],
            [
              114.41056725517467,
              39.64843292953606
            ]
          ],
          [
            [
              114.41056725517467,
              39.64843292953606
            ],
            [
              114.40586469929644,
              39.65437571886429
            ]
          ],
          [
            [
              114.40586469929644,
              39.65437571886429
            ],
            [
              114.40214399624836,
              39.65845815711822
            ]
          ],
          [
            [
              114.40214399624836,
              39.65845815711822
            ],
            [
              114.39925011639968,
              39.665951240057666
            ]
          ],
          [
            [
              114.39925011639968,
              39.665951240057666
            ],
            [
              114.39738976442607,
              39.67644155473397
            ]
          ],
          [
            [
              114.39738976442607,
              39.67644155473397
            ],
            [
              114.39676964680166,
              39.6970604524779
            ]
          ],
          [
            [
              114.39676964680166,
              39.6970604524779
            ],
            [
              114.39909508676874,
              39.71760183405735
            ]
          ],
          [
            [
              114.39909508676874,
              39.71760183405735
            ],
            [
              114.40560631687799,
              39.750132147980196
            ]
          ],
          [
            [
              114.40560631687799,
              39.750132147980196
            ],
            [
              114.40307417223516,
              39.780931301138594
            ]
          ],
          [
            [
              114.40307417223516,
              39.780931301138594
            ],
            [
              114.40545128814642,
              39.826509915500196
            ]
          ],
          [
            [
              114.40545128814642,
              39.826509915500196
            ],
            [
              114.4042110537971,
              39.83379629196526
            ]
          ],
          [
            [
              114.4042110537971,
              39.83379629196526
            ],
            [
              114.40111046837342,
              39.8415477573231
            ]
          ],
          [
            [
              114.40111046837342,
              39.8415477573231
            ],
            [
              114.39366906137809,
              39.852089748842786
            ]
          ],
          [
            [
              114.39366906137809,
              39.852089748842786
            ],
            [
              114.38808800725565,
              39.85761912702105
            ]
          ],
          [
            [
              114.38808800725565,
              39.85761912702105
            ],
            [
              114.38281701059657,
              39.86105561012829
            ]
          ],
          [
            [
              114.38281701059657,
              39.86105561012829
            ],
            [
              114.37909630664922,
              39.86216665326839
            ]
          ],
          [
            [
              114.37909630664922,
              39.86216665326839
            ],
            [
              114.37299848768998,
              39.86314850519932
            ]
          ],
          [
            [
              114.37299848768998,
              39.86314850519932
            ],
            [
              114.36607384643082,
              39.86314850519932
            ]
          ],
          [
            [
              114.36607384643082,
              39.86314850519932
            ],
            [
              114.33656660356587,
              39.86012543414142
            ]
          ],
          [
            [
              114.33656660356587,
              39.86012543414142
            ],
            [
              114.32835005111394,
              39.86046133092566
            ]
          ],
          [
            [
              114.32835005111394,
              39.86046133092566
            ],
            [
              114.23321373872307,
              39.87642934783611
            ]
          ],
          [
            [
              114.23321373872307,
              39.87642934783611
            ],
            [
              114.22112145359222,
              39.8817003444953
            ]
          ],
          [
            [
              114.22112145359222,
              39.8817003444953
            ],
            [
              114.21083784359155,
              39.888134060238656
            ]
          ],
          [
            [
              114.21083784359155,
              39.888134060238656
            ],
            [
              114.19771202968639,
              39.89888275823267
            ]
          ],
          [
            [
              114.19771202968639,
              39.89888275823267
            ],
            [
              114.19233768113907,
              39.901828314924785
            ]
          ],
          [
            [
              114.19233768113907,
              39.901828314924785
            ],
            [
              114.1857230982423,
              39.90402456278332
            ]
          ],
          [
            [
              114.1857230982423,
              39.90402456278332
            ],
            [
              114.17843672087793,
              39.90578156196949
            ]
          ],
          [
            [
              114.17843672087793,
              39.90578156196949
            ],
            [
              114.08598758276071,
              39.91691783269181
            ]
          ],
          [
            [
              114.08598758276071,
              39.91691783269181
            ],
            [
              114.05803063440624,
              39.92448842999704
            ]
          ],
          [
            [
              114.05803063440624,
              39.92448842999704
            ],
            [
              114.05198449139107,
              39.927046413960795
            ]
          ],
          [
            [
              114.05198449139107,
              39.927046413960795
            ],
            [
              114.04671349473199,
              39.93012116096281
            ]
          ],
          [
            [
              114.04671349473199,
              39.93012116096281
            ],
            [
              114.03865197101163,
              39.937640082323924
            ]
          ],
          [
            [
              114.03865197101163,
              39.937640082323924
            ],
            [
              114.03534468001294,
              39.94200674141797
            ]
          ],
          [
            [
              114.03534468001294,
              39.94200674141797
            ],
            [
              114.0226322772578,
              39.966553045986245
            ]
          ],
          [
            [
              114.0226322772578,
              39.966553045986245
            ],
            [
              114.0173612805986,
              39.97358104093229
            ]
          ],
          [
            [
              114.0173612805986,
              39.97358104093229
            ],
            [
              114.00945478740846,
              39.9807123895651
            ]
          ],
          [
            [
              114.00945478740846,
              39.9807123895651
            ],
            [
              113.93591922379312,
              40.0157231721866
            ]
          ],
          [
            [
              113.93591922379312,
              40.0157231721866
            ],
            [
              113.93328372636279,
              40.017816067257684
            ]
          ],
          [
            [
              113.93328372636279,
              40.017816067257684
            ],
            [
              113.92734093613524,
              40.024766546938565
            ]
          ],
          [
            [
              113.92734093613524,
              40.024766546938565
            ],
            [
              113.92444705628657,
              40.02908152918917
            ]
          ],
          [
            [
              113.92444705628657,
              40.02908152918917
            ],
            [
              113.92362023308726,
              40.03621287692272
            ]
          ],
          [
            [
              113.92362023308726,
              40.03621287692272
            ],
            [
              113.92537723227338,
              40.045049546998996
            ]
          ],
          [
            [
              113.92537723227338,
              40.045049546998996
            ],
            [
              113.93421390234971,
              40.06070750644625
            ]
          ],
          [
            [
              113.93421390234971,
              40.06070750644625
            ],
            [
              113.94072513155947,
              40.068355618117266
            ]
          ],
          [
            [
              113.94072513155947,
              40.068355618117266
            ],
            [
              113.94739139219894,
              40.07378164350803
            ]
          ],
          [
            [
              113.94739139219894,
              40.07378164350803
            ],
            [
              113.95839847171203,
              40.079311020786974
            ]
          ],
          [
            [
              113.95839847171203,
              40.079311020786974
            ],
            [
              113.9650647323515,
              40.085460517488855
            ]
          ],
          [
            [
              113.9650647323515,
              40.085460517488855
            ],
            [
              113.97219608008493,
              40.09543406822763
            ]
          ],
          [
            [
              113.97219608008493,
              40.09543406822763
            ],
            [
              113.98232465955539,
              40.11638886185648
            ]
          ],
          [
            [
              113.98232465955539,
              40.11638886185648
            ],
            [
              113.98976606655071,
              40.12643992786036
            ]
          ],
          [
            [
              113.98976606655071,
              40.12643992786036
            ],
            [
              113.99596723829734,
              40.13181427730706
            ]
          ],
          [
            [
              113.99596723829734,
              40.13181427730706
            ],
            [
              114.00046308770129,
              40.13248606997615
            ]
          ],
          [
            [
              114.00046308770129,
              40.13248606997615
            ],
            [
              114.00511396673608,
              40.13227936530046
            ]
          ],
          [
            [
              114.00511396673608,
              40.13227936530046
            ],
            [
              114.01007490413349,
              40.1306257189018
            ]
          ],
          [
            [
              114.01007490413349,
              40.1306257189018
            ],
            [
              114.01488081279922,
              40.12698253021955
            ]
          ],
          [
            [
              114.01488081279922,
              40.12698253021955
            ],
            [
              114.01906660384066,
              40.120187079270295
            ]
          ],
          [
            [
              114.01906660384066,
              40.120187079270295
            ],
            [
              114.02712812666164,
              40.101454372821024
            ]
          ],
          [
            [
              114.02712812666164,
              40.101454372821024
            ],
            [
              114.03152062417746,
              40.09527903949606
            ]
          ],
          [
            [
              114.03152062417746,
              40.09527903949606
            ],
            [
              114.03999555904772,
              40.08881948533099
            ]
          ],
          [
            [
              114.03999555904772,
              40.08881948533099
            ],
            [
              114.05058922741091,
              40.08561554622048
            ]
          ],
          [
            [
              114.05058922741091,
              40.08561554622048
            ],
            [
              114.06082116056803,
              40.086674913416516
            ]
          ],
          [
            [
              114.06082116056803,
              40.086674913416516
            ],
            [
              114.06593712759627,
              40.09305695231649
            ]
          ],
          [
            [
              114.06593712759627,
              40.09305695231649
            ],
            [
              114.06950280191268,
              40.10597606154596
            ]
          ],
          [
            [
              114.06950280191268,
              40.10597606154596
            ],
            [
              114.07492882730344,
              40.15997793213586
            ]
          ],
          [
            [
              114.07492882730344,
              40.15997793213586
            ],
            [
              114.08536746603568,
              40.18501516401858
            ]
          ],
          [
            [
              114.08536746603568,
              40.18501516401858
            ],
            [
              114.09963016240204,
              40.19682322920863
            ]
          ],
          [
            [
              114.09963016240204,
              40.19682322920863
            ],
            [
              114.11714847202427,
              40.20354116489284
            ]
          ],
          [
            [
              114.11714847202427,
              40.20354116489284
            ],
            [
              114.15998823526877,
              40.210362454263816
            ]
          ],
          [
            [
              114.15998823526877,
              40.210362454263816
            ],
            [
              114.23321373872307,
              40.23082632147754
            ]
          ],
          [
            [
              114.23321373872307,
              40.23082632147754
            ],
            [
              114.28855919824832,
              40.25495921489585
            ]
          ],
          [
            [
              114.28855919824832,
              40.25495921489585
            ],
            [
              114.45030643119685,
              40.29376821493116
            ]
          ],
          [
            [
              114.45030643119685,
              40.29376821493116
            ],
            [
              114.49252607591757,
              40.310563055940236
            ]
          ],
          [
            [
              114.49252607591757,
              40.310563055940236
            ],
            [
              114.50182783398725,
              40.31622162532773
            ]
          ],
          [
            [
              114.50182783398725,
              40.31622162532773
            ],
            [
              114.51066450406358,
              40.324980781038164
            ]
          ],
          [
            [
              114.51066450406358,
              40.324980781038164
            ],
            [
              114.51076785685109,
              40.33355906779673
            ]
          ],
          [
            [
              114.51076785685109,
              40.33355906779673
            ],
            [
              114.50415327395433,
              40.34249909155983
            ]
          ],
          [
            [
              114.50415327395433,
              40.34249909155983
            ],
            [
              114.49221601755517,
              40.34839020404468
            ]
          ],
          [
            [
              114.49221601755517,
              40.34839020404468
            ],
            [
              114.44823937364811,
              40.35888052051956
            ]
          ],
          [
            [
              114.44823937364811,
              40.35888052051956
            ],
            [
              114.43366661981861,
              40.36053416601891
            ]
          ],
          [
            [
              114.43366661981861,
              40.36053416601891
            ],
            [
              114.38560753765773,
              40.35523733183737
            ]
          ],
          [
            [
              114.38560753765773,
              40.35523733183737
            ],
            [
              114.30535403925751,
              40.362032782786684
            ]
          ],
          [
            [
              114.30535403925751,
              40.362032782786684
            ],
            [
              114.2951221052009,
              40.36678701370971
            ]
          ],
          [
            [
              114.2951221052009,
              40.36678701370971
            ],
            [
              114.28576867118716,
              40.37856924137736
            ]
          ],
          [
            [
              114.28576867118716,
              40.37856924137736
            ],
            [
              114.27930911702208,
              40.40722382352061
            ]
          ],
          [
            [
              114.27930911702208,
              40.40722382352061
            ],
            [
              114.27729373631678,
              40.42745514583828
            ]
          ],
          [
            [
              114.27729373631678,
              40.42745514583828
            ],
            [
              114.25910363222681,
              40.4926191273708
            ]
          ],
          [
            [
              114.25910363222681,
              40.4926191273708
            ],
            [
              114.2575533386156,
              40.5499799667021
            ]
          ],
          [
            [
              114.2575533386156,
              40.5499799667021
            ],
            [
              114.2562097505795,
              40.55747304874217
            ]
          ],
          [
            [
              114.2562097505795,
              40.55747304874217
            ],
            [
              114.25228234285578,
              40.56793752679539
            ]
          ],
          [
            [
              114.25228234285578,
              40.56793752679539
            ],
            [
              114.2465462591025,
              40.57930634241376
            ]
          ],
          [
            [
              114.2465462591025,
              40.57930634241376
            ],
            [
              114.22902794768163,
              40.600028591146554
            ]
          ],
          [
            [
              114.22902794768163,
              40.600028591146554
            ],
            [
              114.19843550009819,
              40.622223619124725
            ]
          ],
          [
            [
              114.19843550009819,
              40.622223619124725
            ],
            [
              114.16432905504178,
              40.65240265645741
            ]
          ],
          [
            [
              114.16432905504178,
              40.65240265645741
            ],
            [
              114.16014326400034,
              40.65777700500473
            ]
          ],
          [
            [
              114.16014326400034,
              40.65777700500473
            ],
            [
              114.15626753132142,
              40.66387482396391
            ]
          ],
          [
            [
              114.15626753132142,
              40.66387482396391
            ],
            [
              114.15172000507414,
              40.67358999318361
            ]
          ],
          [
            [
              114.15172000507414,
              40.67358999318361
            ],
            [
              114.14985965399978,
              40.682736720723085
            ]
          ],
          [
            [
              114.14985965399978,
              40.682736720723085
            ],
            [
              114.14975630121228,
              40.69519074195915
            ]
          ],
          [
            [
              114.14975630121228,
              40.69519074195915
            ],
            [
              114.15347700426025,
              40.71214061080053
            ]
          ],
          [
            [
              114.15347700426025,
              40.71214061080053
            ],
            [
              114.15409712098528,
              40.74257803055167
            ]
          ],
          [
            [
              119.85018964900007,
              39.986314195000034
            ],
            [
              119.81104576900009,
              39.97304922100005
            ],
            [
              119.79249108200008,
              39.96344635600008
            ],
            [
              119.77442467500009,
              39.950506903000075
            ],
            [
              119.74964876900003,
              39.952396744000055
            ],
            [
              119.7082172590001,
              39.93493496200006
            ],
            [
              119.66089928500003,
              39.93268463700008
            ],
            [
              119.62061608200008,
              39.911037502000056
            ],
            [
              119.60303795700008,
              39.90643952000005
            ],
            [
              119.57186375200001,
              39.904296285000044
            ],
            [
              119.55369991300006,
              39.89906255800008
            ],
            [
              119.53559238800005,
              39.89082558800004
            ],
            [
              119.52491295700008,
              39.87173086100006
            ],
            [
              119.51986738400001,
              39.858303127000056
            ],
            [
              119.52489928500006,
              39.841649302000064
            ],
            [
              119.53069893500003,
              39.81470221200004
            ],
            [
              119.49552420000009,
              39.813235671000086
            ],
            [
              119.46679518000008,
              39.81484778200007
            ],
            [
              119.42940637800007,
              39.795305952000035
            ],
            [
              119.41153788600002,
              39.778029364000076
            ],
            [
              119.38586899000006,
              39.75963047200008
            ],
            [
              119.3678657160001,
              39.74834820700005
            ],
            [
              119.35580488400001,
              39.73578522300005
            ],
            [
              119.34986412900003,
              39.731756903000075
            ],
            [
              119.33961022200003,
              39.71556224200009
            ],
            [
              119.31405683700007,
              39.64118073100008
            ],
            [
              119.30233808700007,
              39.61782461100006
            ],
            [
              119.28492272200003,
              39.59544505400004
            ],
            [
              119.28101647200003,
              39.59674713700008
            ],
            [
              119.26758873800009,
              39.59796784100007
            ],
            [
              119.24537194100003,
              39.59446849200009
            ],
            [
              119.22323652400007,
              39.58466217700004
            ],
            [
              119.20858808700007,
              39.569566148000035
            ],
            [
              119.20899498800009,
              39.55019765800006
            ],
            [
              119.23267662900003,
              39.56622955900008
            ],
            [
              119.24301191500001,
              39.57070547100005
            ],
            [
              119.23804772200003,
              39.56273021000004
            ],
            [
              119.23414147200003,
              39.554388739000046
            ],
            [
              119.23121178500003,
              39.54547760600008
            ],
            [
              119.22934004000001,
              39.53595612200007
            ],
            [
              119.24268639400009,
              39.54588450700004
            ],
            [
              119.26239651600008,
              39.57751181200007
            ],
            [
              119.27014167200002,
              39.58063606700006
            ],
            [
              119.281398136,
              39.57501372400009
            ],
            [
              119.26198127500004,
              39.53508424100005
            ],
            [
              119.25642455900004,
              39.49311137600006
            ],
            [
              119.27076255400004,
              39.489060804000076
            ],
            [
              119.2971032150001,
              39.455216619000055
            ],
            [
              119.30507538100005,
              39.432977787000084
            ],
            [
              119.29612802500003,
              39.41163902300008
            ],
            [
              119.2794293290001,
              39.38400560800005
            ],
            [
              119.2556602730001,
              39.36552154900005
            ],
            [
              119.22584968500007,
              39.35776693100007
            ],
            [
              119.20334492500001,
              39.36343799300005
            ],
            [
              119.18480422500011,
              39.35481411000006
            ],
            [
              119.12926608300006,
              39.29407360400006
            ],
            [
              119.09376740800008,
              39.26080836400007
            ],
            [
              119.06234862200006,
              39.23146551500008
            ],
            [
              119.03931725400003,
              39.212876695000034
            ],
            [
              119.01563561300009,
              39.18976471600007
            ],
            [
              118.99350019600001,
              39.17963288000004
            ],
            [
              118.94019616000003,
              39.13886139500005
            ],
            [
              118.92603600400003,
              39.13060130400004
            ],
            [
              118.91041100400003,
              39.125433661000045
            ],
            [
              118.89429772200003,
              39.12441640800006
            ],
            [
              118.89429772200003,
              39.13182200700004
            ],
            [
              118.93189537900003,
              39.15224844000005
            ],
            [
              118.94198652400007,
              39.15912506700005
            ],
            [
              118.94760175900001,
              39.16860586100006
            ],
            [
              118.95069420700008,
              39.179022528000075
            ],
            [
              118.95630944100003,
              39.18805573100008
            ],
            [
              118.96998131600003,
              39.19330475500004
            ],
            [
              118.94556725400003,
              39.19212474200009
            ],
            [
              118.90267988400001,
              39.176662502000056
            ],
            [
              118.88062584700003,
              39.17279694200005
            ],
            [
              118.88550866000003,
              39.185248114000046
            ],
            [
              118.87142988400001,
              39.200100002000056
            ],
            [
              118.87378991000003,
              39.21381256700005
            ],
            [
              118.85897871200007,
              39.20750560100004
            ],
            [
              118.84053530200003,
              39.17563023000008
            ],
            [
              118.816200267,
              39.16366540100006
            ],
            [
              118.79599059200007,
              39.15177712700006
            ],
            [
              118.77469445200006,
              39.14817017000007
            ],
            [
              118.72777874000008,
              39.14724971000004
            ],
            [
              118.68720441900007,
              39.153473287000054
            ],
            [
              118.64908209600003,
              39.15973155800009
            ],
            [
              118.61935987000004,
              39.16104245200006
            ],
            [
              118.59015064900007,
              39.14831235200006
            ],
            [
              118.56049306700004,
              39.147042929000065
            ],
            [
              118.52711022200003,
              39.14923737200007
            ],
            [
              118.51937910200002,
              39.13934967700004
            ],
            [
              118.529146018,
              39.124652763000086
            ],
            [
              118.51214550700001,
              39.115980154000056
            ],
            [
              118.48709561800001,
              39.102018411000074
            ],
            [
              118.46910620000006,
              39.09779346100004
            ],
            [
              118.40995940100004,
              39.06289983500005
            ],
            [
              118.38011530900008,
              39.050422282000056
            ],
            [
              118.36035134000008,
              39.04194827400005
            ],
            [
              118.344269586,
              39.03070861800006
            ],
            [
              118.32609628900002,
              39.03093224600008
            ],
            [
              118.30012638000005,
              39.040563804000044
            ],
            [
              118.26785485100004,
              39.043004120000035
            ],
            [
              118.23528462200011,
              39.053097566000076
            ],
            [
              118.20712242500008,
              39.076705813000046
            ],
            [
              118.18680376100008,
              39.11008019800005
            ],
            [
              118.17093646400008,
              39.135250764000034
            ],
            [
              118.14052807300004,
              39.17283510700008
            ],
            [
              118.09640359000002,
              39.20239193700007
            ],
            [
              118.04537990800009,
              39.21897204800007
            ],
            [
              118.02801994200001,
              39.219798051000055
            ],
            [
              118.0095633141336,
              39.21855181175426
            ]
          ],
          [
            [
              118.0095633141336,
              39.21855181175426
            ],
            [
              118.00667850121181,
              39.23931061489293
            ]
          ],
          [
            [
              118.00667850121181,
              39.23931061489293
            ],
            [
              118.0072986188361,
              39.244271552290286
            ]
          ],
          [
            [
              118.0072986188361,
              39.244271552290286
            ],
            [
              118.00714358920527,
              39.248870755381006
            ]
          ],
          [
            [
              118.00714358920527,
              39.248870755381006
            ],
            [
              118.01308637943282,
              39.30711009385573
            ]
          ],
          [
            [
              118.01308637943282,
              39.30711009385573
            ],
            [
              118.01246626180853,
              39.32514516921418
            ]
          ],
          [
            [
              118.01246626180853,
              39.32514516921418
            ],
            [
              118.01039920515916,
              39.33622976309306
            ]
          ],
          [
            [
              118.01039920515916,
              39.33622976309306
            ],
            [
              118.00791873556113,
              39.34266347883647
            ]
          ],
          [
            [
              118.00791873556113,
              39.34266347883647
            ],
            [
              118.00280276943226,
              39.35000153304429
            ]
          ],
          [
            [
              118.00280276943226,
              39.35000153304429
            ],
            [
              117.9914856297579,
              39.361266994975836
            ]
          ],
          [
            [
              117.9914856297579,
              39.361266994975836
            ],
            [
              117.98383751808694,
              39.36715810836
            ]
          ],
          [
            [
              117.98383751808694,
              39.36715810836
            ],
            [
              117.97629275920337,
              39.37175731145072
            ]
          ],
          [
            [
              117.97629275920337,
              39.37175731145072
            ],
            [
              117.89712446462227,
              39.3986807319302
            ]
          ],
          [
            [
              117.89712446462227,
              39.3986807319302
            ],
            [
              117.89133670492492,
              39.4017813182532
            ]
          ],
          [
            [
              117.89133670492492,
              39.4017813182532
            ],
            [
              117.88658247310264,
              39.40591543245125
            ]
          ],
          [
            [
              117.88658247310264,
              39.40591543245125
            ],
            [
              117.8823966820612,
              39.41061798832948
            ]
          ],
          [
            [
              117.8823966820612,
              39.41061798832948
            ],
            [
              117.87852094938228,
              39.41774933516365
            ]
          ],
          [
            [
              117.87852094938228,
              39.41774933516365
            ],
            [
              117.87619551031446,
              39.4245964629564
            ]
          ],
          [
            [
              117.87619551031446,
              39.4245964629564
            ],
            [
              117.87573042232111,
              39.43379486823858
            ]
          ],
          [
            [
              117.87573042232111,
              39.43379486823858
            ],
            [
              117.87666059830792,
              39.441003730337854
            ]
          ],
          [
            [
              117.87666059830792,
              39.441003730337854
            ],
            [
              117.87821089101976,
              39.44733409329376
            ]
          ],
          [
            [
              117.87821089101976,
              39.44733409329376
            ],
            [
              117.89681440625975,
              39.4931452498534
            ]
          ],
          [
            [
              117.89681440625975,
              39.4931452498534
            ],
            [
              117.89867475823348,
              39.500793362423735
            ]
          ],
          [
            [
              117.89867475823348,
              39.500793362423735
            ],
            [
              117.91138716008936,
              39.52758759169399
            ]
          ],
          [
            [
              117.91138716008936,
              39.52758759169399
            ],
            [
              117.91267907128201,
              39.53334951386893
            ]
          ],
          [
            [
              117.91267907128201,
              39.53334951386893
            ],
            [
              117.9128341000137,
              39.539447332828104
            ]
          ],
          [
            [
              117.9128341000137,
              39.539447332828104
            ],
            [
              117.91045698500182,
              39.546061917523446
            ]
          ],
          [
            [
              117.91045698500182,
              39.546061917523446
            ],
            [
              117.90508263555512,
              39.55389089634775
            ]
          ],
          [
            [
              117.90508263555512,
              39.55389089634775
            ],
            [
              117.89278364484926,
              39.56461375592005
            ]
          ],
          [
            [
              117.89278364484926,
              39.56461375592005
            ],
            [
              117.88332685804801,
              39.56916128216744
            ]
          ],
          [
            [
              117.88332685804801,
              39.56916128216744
            ],
            [
              117.8741801287099,
              39.57143504529108
            ]
          ],
          [
            [
              117.8741801287099,
              39.57143504529108
            ],
            [
              117.85216596878433,
              39.56998810536675
            ]
          ],
          [
            [
              117.85216596878433,
              39.56998810536675
            ],
            [
              117.83103030800225,
              39.56603485832204
            ]
          ],
          [
            [
              117.83103030800225,
              39.56603485832204
            ],
            [
              117.8238989602687,
              39.565569770328636
            ]
          ],
          [
            [
              117.8238989602687,
              39.565569770328636
            ],
            [
              117.81614749581024,
              39.566319078262836
            ]
          ],
          [
            [
              117.81614749581024,
              39.566319078262836
            ],
            [
              117.8090161480767,
              39.56771434224305
            ]
          ],
          [
            [
              117.8090161480767,
              39.56771434224305
            ],
            [
              117.80203982997409,
              39.56983307573586
            ]
          ],
          [
            [
              117.80203982997409,
              39.56983307573586
            ],
            [
              117.77795861160064,
              39.579961656105525
            ]
          ],
          [
            [
              117.77795861160064,
              39.579961656105525
            ],
            [
              117.77067223513552,
              39.581460272873244
            ]
          ],
          [
            [
              117.77067223513552,
              39.581460272873244
            ],
            [
              117.76292076977768,
              39.5821837432851
            ]
          ],
          [
            [
              117.76292076977768,
              39.5821837432851
            ],
            [
              117.75625451093686,
              39.581511948817365
            ]
          ],
          [
            [
              117.75625451093686,
              39.581511948817365
            ],
            [
              117.75015669197774,
              39.579754951429834
            ]
          ],
          [
            [
              117.75015669197774,
              39.579754951429834
            ],
            [
              117.74540246015533,
              39.57665436510683
            ]
          ],
          [
            [
              117.74540246015533,
              39.57665436510683
            ],
            [
              117.7426119321949,
              39.57221019074768
            ]
          ],
          [
            [
              117.7426119321949,
              39.57221019074768
            ],
            [
              117.7426119321949,
              39.567275091772046
            ]
          ],
          [
            [
              117.7426119321949,
              39.567275091772046
            ],
            [
              117.7432320498192,
              39.5621332872214
            ]
          ],
          [
            [
              117.7432320498192,
              39.5621332872214
            ],
            [
              117.74302534424419,
              39.55681061551746
            ]
          ],
          [
            [
              117.74302534424419,
              39.55681061551746
            ],
            [
              117.74106163858369,
              39.55156545727999
            ]
          ],
          [
            [
              117.74106163858369,
              39.55156545727999
            ],
            [
              117.73796105405938,
              39.54678538703598
            ]
          ],
          [
            [
              117.73796105405938,
              39.54678538703598
            ],
            [
              117.73424035011203,
              39.542212022366925
            ]
          ],
          [
            [
              117.73424035011203,
              39.542212022366925
            ],
            [
              117.73000288312653,
              39.53818126095638
            ]
          ],
          [
            [
              117.73000288312653,
              39.53818126095638
            ],
            [
              117.72488691609828,
              39.5351065130551
            ]
          ],
          [
            [
              117.72488691609828,
              39.5351065130551
            ],
            [
              117.71977094907004,
              39.53324616108142
            ]
          ],
          [
            [
              117.71977094907004,
              39.53324616108142
            ],
            [
              117.7135697773233,
              39.53314280919329
            ]
          ],
          [
            [
              117.7135697773233,
              39.53314280919329
            ],
            [
              117.70829878066411,
              39.53505483711103
            ]
          ],
          [
            [
              117.70829878066411,
              39.53505483711103
            ],
            [
              117.70380293215953,
              39.53841380495311
            ]
          ],
          [
            [
              117.70380293215953,
              39.53841380495311
            ],
            [
              117.69372602683461,
              39.55125539801816
            ]
          ],
          [
            [
              117.69372602683461,
              39.55125539801816
            ],
            [
              117.69000532378664,
              39.55495026354379
            ]
          ],
          [
            [
              117.69000532378664,
              39.55495026354379
            ],
            [
              117.68535444475174,
              39.558541775382594
            ]
          ],
          [
            [
              117.68535444475174,
              39.558541775382594
            ],
            [
              117.67987674431629,
              39.561694036750396
            ]
          ],
          [
            [
              117.67987674431629,
              39.561694036750396
            ],
            [
              117.66819787033535,
              39.56652578383785
            ]
          ],
          [
            [
              117.66819787033535,
              39.56652578383785
            ],
            [
              117.63088748616849,
              39.57587921785159
            ]
          ],
          [
            [
              117.63088748616849,
              39.57587921785159
            ],
            [
              117.62478966720937,
              39.57846304023707
            ]
          ],
          [
            [
              117.62478966720937,
              39.57846304023707
            ],
            [
              117.6207589048995,
              39.582829698431794
            ]
          ],
          [
            [
              117.6207589048995,
              39.582829698431794
            ],
            [
              117.61889855382515,
              39.58892751739097
            ]
          ],
          [
            [
              117.61889855382515,
              39.58892751739097
            ],
            [
              117.62168908088631,
              39.59939199544419
            ]
          ],
          [
            [
              117.62168908088631,
              39.59939199544419
            ],
            [
              117.62509972467251,
              39.6061099311284
            ]
          ],
          [
            [
              117.62509972467251,
              39.6061099311284
            ],
            [
              117.62902713419487,
              39.61189769082574
            ]
          ],
          [
            [
              117.62902713419487,
              39.61189769082574
            ],
            [
              117.63274783724285,
              39.61647105639412
            ]
          ],
          [
            [
              117.63274783724285,
              39.61647105639412
            ],
            [
              117.63584842266653,
              39.62112193542896
            ]
          ],
          [
            [
              117.63584842266653,
              39.62112193542896
            ],
            [
              117.63708865791523,
              39.628537503103246
            ]
          ],
          [
            [
              117.63708865791523,
              39.628537503103246
            ],
            [
              117.63662356992177,
              39.637580877855214
            ]
          ],
          [
            [
              117.63662356992177,
              39.637580877855214
            ],
            [
              117.63130089731851,
              39.65238617658076
            ]
          ],
          [
            [
              117.63130089731851,
              39.65238617658076
            ],
            [
              117.62727013590802,
              39.660473537823464
            ]
          ],
          [
            [
              117.62727013590802,
              39.660473537823464
            ],
            [
              117.62251590408562,
              39.66641632715175
            ]
          ],
          [
            [
              117.62251590408562,
              39.66641632715175
            ],
            [
              117.61750328984488,
              39.66956859031819
            ]
          ],
          [
            [
              117.61750328984488,
              39.66956859031819
            ],
            [
              117.5909932796161,
              39.67794017240101
            ]
          ],
          [
            [
              117.5909932796161,
              39.67794017240101
            ],
            [
              117.58541222459439,
              39.680549832308884
            ]
          ],
          [
            [
              117.58541222459439,
              39.680549832308884
            ],
            [
              117.58029625936479,
              39.684244696935195
            ]
          ],
          [
            [
              117.58029625936479,
              39.684244696935195
            ],
            [
              117.57673058504838,
              39.68843048797663
            ]
          ],
          [
            [
              117.57673058504838,
              39.68843048797663
            ],
            [
              117.57487023307476,
              39.69359813094894
            ]
          ],
          [
            [
              117.57487023307476,
              39.69359813094894
            ],
            [
              117.56784223812872,
              39.723570461807356
            ]
          ],
          [
            [
              117.56784223812872,
              39.723570461807356
            ],
            [
              117.56412153508074,
              39.72974579513232
            ]
          ],
          [
            [
              117.56412153508074,
              39.72974579513232
            ],
            [
              117.55978071530774,
              39.73421580701387
            ]
          ],
          [
            [
              117.55978071530774,
              39.73421580701387
            ],
            [
              117.54877363489527,
              39.739538478717805
            ]
          ],
          [
            [
              117.54877363489527,
              39.739538478717805
            ],
            [
              117.53849002489471,
              39.74579132730787
            ]
          ],
          [
            [
              117.53849002489471,
              39.74579132730787
            ],
            [
              117.53311567634739,
              39.75041636792105
            ]
          ],
          [
            [
              117.53311567634739,
              39.75041636792105
            ],
            [
              117.53001509002434,
              39.77085439671299
            ]
          ],
          [
            [
              117.53001509002434,
              39.77085439671299
            ],
            [
              117.52815473805072,
              39.803953152316126
            ]
          ],
          [
            [
              117.52815473805072,
              39.803953152316126
            ],
            [
              117.5235038599152,
              39.82816356099954
            ]
          ],
          [
            [
              117.5235038599152,
              39.82816356099954
            ],
            [
              117.5077942236245,
              39.85637889357105
            ]
          ],
          [
            [
              117.5077942236245,
              39.85637889357105
            ],
            [
              117.50407352057641,
              39.86761851708087
            ]
          ],
          [
            [
              117.50407352057641,
              39.86761851708087
            ],
            [
              117.50324669827648,
              39.8732254087256
            ]
          ],
          [
            [
              117.50324669827648,
              39.8732254087256
            ],
            [
              117.50407352057641,
              39.88242381400778
            ]
          ],
          [
            [
              117.50407352057641,
              39.88242381400778
            ],
            [
              117.51647586496915,
              39.93027619149302
            ]
          ],
          [
            [
              117.51647586496915,
              39.93027619149302
            ],
            [
              117.51740604095596,
              39.93973297829427
            ]
          ],
          [
            [
              117.51740604095596,
              39.93973297829427
            ],
            [
              117.51575239455735,
              39.952109483365916
            ]
          ],
          [
            [
              117.51575239455735,
              39.952109483365916
            ],
            [
              117.51120486920934,
              39.96642385477708
            ]
          ],
          [
            [
              117.51120486920934,
              39.96642385477708
            ],
            [
              117.50298831585803,
              39.980247301571694
            ]
          ],
          [
            [
              117.50298831585803,
              39.980247301571694
            ],
            [
              117.50143802314619,
              39.9845881213447
            ]
          ],
          [
            [
              117.50143802314619,
              39.9845881213447
            ],
            [
              117.50128299441462,
              39.988722236442015
            ]
          ],
          [
            [
              117.50128299441462,
              39.988722236442015
            ],
            [
              117.50298831585803,
              39.99290802748345
            ]
          ],
          [
            [
              117.50298831585803,
              39.99290802748345
            ],
            [
              117.50955122281061,
              39.99962596316766
            ]
          ],
          [
            [
              117.50955122281061,
              39.99962596316766
            ],
            [
              117.51585574824412,
              40.002416490228825
            ]
          ],
          [
            [
              117.51585574824412,
              40.002416490228825
            ],
            [
              117.52288374229079,
              40.00350169494726
            ]
          ],
          [
            [
              117.52288374229079,
              40.00350169494726
            ],
            [
              117.5304801780178,
              40.00246816707221
            ]
          ],
          [
            [
              117.5304801780178,
              40.00246816707221
            ],
            [
              117.53838667210721,
              40.000323595157795
            ]
          ],
          [
            [
              117.53838667210721,
              40.000323595157795
            ],
            [
              117.61564293787126,
              39.964666856490226
            ]
          ],
          [
            [
              117.61564293787126,
              39.964666856490226
            ],
            [
              117.62127566883703,
              39.963142402200106
            ]
          ],
          [
            [
              117.62127566883703,
              39.963142402200106
            ],
            [
              117.63445315958563,
              39.9614112414356
            ]
          ],
          [
            [
              117.63445315958563,
              39.9614112414356
            ],
            [
              117.64794070779737,
              39.96169546227571
            ]
          ],
          [
            [
              117.64794070779737,
              39.96169546227571
            ],
            [
              117.69744673078196,
              39.96820669238491
            ]
          ],
          [
            [
              117.69744673078196,
              39.96820669238491
            ],
            [
              117.71248457170555,
              39.968516750747426
            ]
          ],
          [
            [
              117.71248457170555,
              39.968516750747426
            ],
            [
              117.76555626810728,
              39.964072577287595
            ]
          ],
          [
            [
              117.76555626810728,
              39.964072577287595
            ],
            [
              117.77268761584071,
              39.9648994004869
            ]
          ],
          [
            [
              117.77268761584071,
              39.9648994004869
            ],
            [
              117.77764855413739,
              39.96670807651651
            ]
          ],
          [
            [
              117.77764855413739,
              39.96670807651651
            ],
            [
              117.78121422665515,
              39.96970530915269
            ]
          ],
          [
            [
              117.78121422665515,
              39.96970530915269
            ],
            [
              117.78524498896502,
              39.97404612892569
            ]
          ],
          [
            [
              117.78524498896502,
              39.97404612892569
            ],
            [
              117.78963748558147,
              39.981590887809205
            ]
          ],
          [
            [
              117.78963748558147,
              39.981590887809205
            ],
            [
              117.78881066328142,
              39.98655182610588
            ]
          ],
          [
            [
              117.78881066328142,
              39.98655182610588
            ],
            [
              117.78622684089589,
              39.990272529153856
            ]
          ],
          [
            [
              117.78622684089589,
              39.990272529153856
            ],
            [
              117.77656334762037,
              39.999703478432764
            ]
          ],
          [
            [
              117.77656334762037,
              39.999703478432764
            ],
            [
              117.7709822943973,
              40.00680898684527
            ]
          ],
          [
            [
              117.7709822943973,
              40.00680898684527
            ],
            [
              117.7647811217513,
              40.01130483714849
            ]
          ],
          [
            [
              117.7647811217513,
              40.01130483714849
            ],
            [
              117.74679772323634,
              40.01853953677016
            ]
          ],
          [
            [
              117.74679772323634,
              40.01853953677016
            ],
            [
              117.7419918145705,
              40.026135973396435
            ]
          ],
          [
            [
              117.7419918145705,
              40.026135973396435
            ],
            [
              117.74230187383239,
              40.03161367383194
            ]
          ],
          [
            [
              117.74230187383239,
              40.03161367383194
            ],
            [
              117.74602257688036,
              40.03946849197729
            ]
          ],
          [
            [
              117.74602257688036,
              40.03946849197729
            ],
            [
              117.75625451093686,
              40.05259430588251
            ]
          ],
          [
            [
              117.75625451093686,
              40.05259430588251
            ],
            [
              117.75532433495005,
              40.05817536090416
            ]
          ],
          [
            [
              117.75532433495005,
              40.05817536090416
            ],
            [
              117.74974327992834,
              40.063472195085694
            ]
          ],
          [
            [
              117.74974327992834,
              40.063472195085694
            ],
            [
              117.73237999903768,
              40.06925995478309
            ]
          ],
          [
            [
              117.73237999903768,
              40.06925995478309
            ],
            [
              117.71775556926411,
              40.07212799710936
            ]
          ],
          [
            [
              117.71775556926411,
              40.07212799710936
            ],
            [
              117.68287397695246,
              40.07543528900737
            ]
          ],
          [
            [
              117.68287397695246,
              40.07543528900737
            ],
            [
              117.65011111903289,
              40.083186754365215
            ]
          ],
          [
            [
              117.65011111903289,
              40.083186754365215
            ],
            [
              117.63507327720993,
              40.09899974254404
            ]
          ],
          [
            [
              117.63507327720993,
              40.09899974254404
            ],
            [
              117.62251590408562,
              40.12390778321759
            ]
          ],
          [
            [
              117.62251590408562,
              40.12390778321759
            ],
            [
              117.60525597508308,
              40.139462388978075
            ]
          ],
          [
            [
              117.60525597508308,
              40.139462388978075
            ],
            [
              117.55590498262882,
              40.17036489492392
            ]
          ],
          [
            [
              117.55590498262882,
              40.17036489492392
            ],
            [
              117.45105350101824,
              40.22669220638022
            ]
          ],
          [
            [
              117.45105350101824,
              40.22669220638022
            ],
            [
              117.3567956886701,
              40.25702627244448
            ]
          ],
          [
            [
              117.3567956886701,
              40.25702627244448
            ],
            [
              117.3312158553274,
              40.2675165880201
            ]
          ],
          [
            [
              117.3312158553274,
              40.2675165880201
            ],
            [
              117.28796268093288,
              40.297850654084414
            ]
          ],
          [
            [
              117.28796268093288,
              40.297850654084414
            ],
            [
              117.27111616397974,
              40.31247508385803
            ]
          ],
          [
            [
              117.27111616397974,
              40.31247508385803
            ],
            [
              117.26372643382786,
              40.320381577947444
            ]
          ],
          [
            [
              117.26372643382786,
              40.320381577947444
            ],
            [
              117.25054894397852,
              40.33782237410327
            ]
          ],
          [
            [
              117.25054894397852,
              40.33782237410327
            ],
            [
              117.24357262587591,
              40.35229177514526
            ]
          ],
          [
            [
              117.24357262587591,
              40.35229177514526
            ],
            [
              117.24078209791548,
              40.363066311561
            ]
          ],
          [
            [
              117.24078209791548,
              40.363066311561
            ],
            [
              117.23793989491014,
              40.385545559479965
            ]
          ],
          [
            [
              117.23793989491014,
              40.385545559479965
            ],
            [
              117.23793989491014,
              40.39355540635688
            ]
          ],
          [
            [
              117.23793989491014,
              40.39355540635688
            ],
            [
              117.24233239062733,
              40.425233059558025
            ]
          ],
          [
            [
              117.24233239062733,
              40.425233059558025
            ],
            [
              117.24248742115753,
              40.43846222625069
            ]
          ],
          [
            [
              117.24248742115753,
              40.43846222625069
            ],
            [
              117.24016198119045,
              40.44636872034016
            ]
          ],
          [
            [
              117.24016198119045,
              40.44636872034016
            ],
            [
              117.23793989491014,
              40.45019277617564
            ]
          ],
          [
            [
              117.23793989491014,
              40.45019277617564
            ],
            [
              117.23204878062666,
              40.45427521442957
            ]
          ],
          [
            [
              117.23204878062666,
              40.45427521442957
            ],
            [
              117.2225919938254,
              40.45923615182693
            ]
          ],
          [
            [
              117.2225919938254,
              40.45923615182693
            ],
            [
              117.2092594752445,
              40.4679694691157
            ]
          ],
          [
            [
              117.2092594752445,
              40.4679694691157
            ],
            [
              117.1956168974018,
              40.47949331346564
            ]
          ],
          [
            [
              117.1956168974018,
              40.47949331346564
            ],
            [
              117.18740034405062,
              40.490758775397126
            ]
          ],
          [
            [
              117.18740034405062,
              40.490758775397126
            ],
            [
              117.18414472899599,
              40.49727000640564
            ]
          ],
          [
            [
              117.18414472899599,
              40.49727000640564
            ],
            [
              117.18336958174075,
              40.500577298303654
            ]
          ],
          [
            [
              117.18336958174075,
              40.500577298303654
            ],
            [
              117.1835246113717,
              40.50419464856418
            ]
          ],
          [
            [
              117.1835246113717,
              40.50419464856418
            ],
            [
              117.18491987535197,
              40.51204946491083
            ]
          ],
          [
            [
              117.18491987535197,
              40.51204946491083
            ],
            [
              117.18926069512497,
              40.52359914858181
            ]
          ],
          [
            [
              117.18926069512497,
              40.52359914858181
            ],
            [
              117.19732221884533,
              40.53419281694494
            ]
          ],
          [
            [
              117.19732221884533,
              40.53419281694494
            ],
            [
              117.24310753788257,
              40.570159613974965
            ]
          ],
          [
            [
              117.24310753788257,
              40.570159613974965
            ],
            [
              117.25964399557392,
              40.57824697521772
            ]
          ],
          [
            [
              117.25964399557392,
              40.57824697521772
            ],
            [
              117.28248497869879,
              40.58532664610783
            ]
          ],
          [
            [
              117.28248497869879,
              40.58532664610783
            ],
            [
              117.32827029773603,
              40.59457672823339
            ]
          ],
          [
            [
              117.32827029773603,
              40.59457672823339
            ],
            [
              117.35932783421208,
              40.59638540336363
            ]
          ],
          [
            [
              117.35932783421208,
              40.59638540336363
            ],
            [
              117.39968712785867,
              40.594318345815
            ]
          ],
          [
            [
              117.39968712785867,
              40.594318345815
            ],
            [
              117.41177941298952,
              40.59736725529456
            ]
          ],
          [
            [
              117.41177941298952,
              40.59736725529456
            ],
            [
              117.42061608306574,
              40.60780589492606
            ]
          ],
          [
            [
              117.42061608306574,
              40.60780589492606
            ],
            [
              117.42309655176439,
              40.61744354888066
            ]
          ],
          [
            [
              117.42309655176439,
              40.61744354888066
            ],
            [
              117.43053795786045,
              40.628218085296396
            ]
          ],
          [
            [
              117.43053795786045,
              40.628218085296396
            ],
            [
              117.43813439268797,
              40.63689972574173
            ]
          ],
          [
            [
              117.43813439268797,
              40.63689972574173
            ],
            [
              117.4885705907601,
              40.65126577399627
            ]
          ],
          [
            [
              117.4885705907601,
              40.65126577399627
            ],
            [
              117.48593509332989,
              40.66193695672513
            ]
          ],
          [
            [
              117.48593509332989,
              40.66193695672513
            ],
            [
              117.42852257715515,
              40.669042466936276
            ]
          ],
          [
            [
              117.42852257715515,
              40.669042466936276
            ],
            [
              117.3034656107493,
              40.66180776641528
            ]
          ],
          [
            [
              117.3034656107493,
              40.66180776641528
            ],
            [
              117.19918256991957,
              40.690023098087465
            ]
          ],
          [
            [
              117.19918256991957,
              40.690023098087465
            ],
            [
              117.17437788293296,
              40.69343374277298
            ]
          ],
          [
            [
              117.17437788293296,
              40.69343374277298
            ],
            [
              117.16579959527508,
              40.69358877240393
            ]
          ],
          [
            [
              117.16579959527508,
              40.69358877240393
            ],
            [
              117.11629357318975,
              40.687310086291404
            ]
          ],
          [
            [
              117.11629357318975,
              40.687310086291404
            ],
            [
              117.09970543775569,
              40.67922272414938
            ]
          ],
          [
            [
              117.09970543775569,
              40.67922272414938
            ],
            [
              117.08761315262484,
              40.675011094686226
            ]
          ],
          [
            [
              117.08761315262484,
              40.675011094686226
            ],
            [
              117.07273034133209,
              40.67353831634023
            ]
          ],
          [
            [
              117.07273034133209,
              40.67353831634023
            ],
            [
              117.05800255697238,
              40.67720734344414
            ]
          ],
          [
            [
              117.05800255697238,
              40.67720734344414
            ],
            [
              116.95883548407028,
              40.71834178344653
            ]
          ],
          [
            [
              116.95883548407028,
              40.71834178344653
            ],
            [
              116.91041466670345,
              40.749218450970716
            ]
          ],
          [
            [
              116.91041466670345,
              40.749218450970716
            ],
            [
              116.8652494652905,
              40.78474599932838
            ]
          ],
          [
            [
              116.8652494652905,
              40.78474599932838
            ],
            [
              116.83703413271905,
              40.811617742964415
            ]
          ],
          [
            [
              116.83703413271905,
              40.811617742964415
            ],
            [
              116.76887291944968,
              40.864844468997035
            ]
          ],
          [
            [
              116.76887291944968,
              40.864844468997035
            ],
            [
              116.76468712840824,
              40.8687460391983
            ]
          ],
          [
            [
              116.76468712840824,
              40.8687460391983
            ],
            [
              116.75786583903721,
              40.87683340134038
            ]
          ],
          [
            [
              116.75786583903721,
              40.87683340134038
            ],
            [
              116.72468956906835,
              40.906883246564576
            ]
          ],
          [
            [
              116.72468956906835,
              40.906883246564576
            ],
            [
              116.69378706312239,
              40.92597768821969
            ]
          ],
          [
            [
              116.69378706312239,
              40.92597768821969
            ],
            [
              116.67580366370805,
              40.94013703089922
            ]
          ],
          [
            [
              116.67580366370805,
              40.94013703089922
            ],
            [
              116.66805219924959,
              40.947940172201186
            ]
          ],
          [
            [
              116.66805219924959,
              40.947940172201186
            ],
            [
              116.66495161292653,
              40.95228099197419
            ]
          ],
          [
            [
              116.66495161292653,
              40.95228099197419
            ],
            [
              116.65900882359824,
              40.96251292603068
            ]
          ],
          [
            [
              116.65900882359824,
              40.96251292603068
            ],
            [
              116.65792361887986,
              40.965251777147785
            ]
          ],
          [
            [
              116.65792361887986,
              40.965251777147785
            ],
            [
              116.65497806218775,
              40.981994941313474
            ]
          ],
          [
            [
              116.65497806218775,
              40.981994941313474
            ],
            [
              116.65412384235377,
              41.0
            ]
          ],
          [
            [
              116.59543334300564,
              41.0
            ],
            [
              116.59446495969007,
              40.995895901574556
            ]
          ],
          [
            [
              116.59446495969007,
              40.995895901574556
            ],
            [
              116.59182946225985,
              40.991865139264746
            ]
          ],
          [
            [
              116.59182946225985,
              40.991865139264746
            ],
            [
              116.49720991380639,
              40.953211167961
            ]
          ],
          [
            [
              116.49720991380639,
              40.953211167961
            ],
            [
              116.48227542477105,
              40.94313426443472
            ]
          ],
          [
            [
              116.48227542477105,
              40.94313426443472
            ],
            [
              116.47607425302431,
              40.93419424157099
            ]
          ],
          [
            [
              116.47607425302431,
              40.93419424157099
            ],
            [
              116.46630740786054,
              40.91491893186321
            ]
          ],
          [
            [
              116.46630740786054,
              40.91491893186321
            ],
            [
              116.46196658718816,
              40.909182848109936
            ]
          ],
          [
            [
              116.46196658718816,
              40.909182848109936
            ],
            [
              116.45406009309875,
              40.90282664583299
            ]
          ],
          [
            [
              116.45406009309875,
              40.90282664583299
            ],
            [
              116.43819542897586,
              40.899726061308684
            ]
          ],
          [
            [
              116.43819542897586,
              40.899726061308684
            ],
            [
              116.41711144413784,
              40.902413235582344
            ]
          ],
          [
            [
              116.41711144413784,
              40.902413235582344
            ],
            [
              116.40021325124053,
              40.90690908498624
            ]
          ],
          [
            [
              116.40021325124053,
              40.90690908498624
            ],
            [
              116.36481489499135,
              40.93031850799275
            ]
          ],
          [
            [
              116.36481489499135,
              40.93031850799275
            ],
            [
              116.35086225788689,
              40.926132716951315
            ]
          ],
          [
            [
              116.35086225788689,
              40.926132716951315
            ],
            [
              116.34946699390662,
              40.92179189717831
            ]
          ],
          [
            [
              116.34946699390662,
              40.92179189717831
            ],
            [
              116.34931196517505,
              40.912464300686906
            ]
          ],
          [
            [
              116.34931196517505,
              40.912464300686906
            ],
            [
              116.35582319528419,
              40.90158641238298
            ]
          ],
          [
            [
              116.35582319528419,
              40.90158641238298
            ],
            [
              116.45886600086521,
              40.79156728780009
            ]
          ],
          [
            [
              116.45886600086521,
              40.79156728780009
            ],
            [
              116.46894290619014,
              40.77844147389487
            ]
          ],
          [
            [
              116.46894290619014,
              40.77844147389487
            ],
            [
              116.47230187403227,
              40.769811510292925
            ]
          ],
          [
            [
              116.47230187403227,
              40.769811510292925
            ],
            [
              116.46801273020333,
              40.765574042408105
            ]
          ],
          [
            [
              116.46801273020333,
              40.765574042408105
            ],
            [
              116.46026126484549,
              40.7624476185627
            ]
          ],
          [
            [
              116.46026126484549,
              40.7624476185627
            ],
            [
              116.44997765484482,
              40.760974840216704
            ]
          ],
          [
            [
              116.44997765484482,
              40.760974840216704
            ],
            [
              116.440365839312,
              40.76167247220678
            ]
          ],
          [
            [
              116.440365839312,
              40.76167247220678
            ],
            [
              116.40827477406151,
              40.766917630444254
            ]
          ],
          [
            [
              116.40827477406151,
              40.766917630444254
            ],
            [
              116.3759770041354,
              40.767305203172555
            ]
          ],
          [
            [
              116.3759770041354,
              40.767305203172555
            ],
            [
              116.35380781457889,
              40.764798896052184
            ]
          ],
          [
            [
              116.35380781457889,
              40.764798896052184
            ],
            [
              116.34760664283226,
              40.762912706556165
            ]
          ],
          [
            [
              116.34760664283226,
              40.762912706556165
            ],
            [
              116.34187055907898,
              40.76040639943574
            ]
          ],
          [
            [
              116.34187055907898,
              40.76040639943574
            ],
            [
              116.33701297356981,
              40.75715078438117
            ]
          ],
          [
            [
              116.33701297356981,
              40.75715078438117
            ],
            [
              116.3270910987751,
              40.748675849510846
            ]
          ],
          [
            [
              116.3270910987751,
              40.748675849510846
            ],
            [
              116.31995975104167,
              40.74371491121417
            ]
          ],
          [
            [
              116.31995975104167,
              40.74371491121417
            ],
            [
              116.31344852093241,
              40.74076935542138
            ]
          ],
          [
            [
              116.31344852093241,
              40.74076935542138
            ],
            [
              116.30631717319898,
              40.73883148908192
            ]
          ],
          [
            [
              116.30631717319898,
              40.73883148908192
            ],
            [
              116.29887576710291,
              40.73867645945103
            ]
          ],
          [
            [
              116.29887576710291,
              40.73867645945103
            ],
            [
              116.29143436100696,
              40.73989085537863
            ]
          ],
          [
            [
              116.29143436100696,
              40.73989085537863
            ],
            [
              116.28523318926023,
              40.742242132868114
            ]
          ],
          [
            [
              116.28523318926023,
              40.742242132868114
            ],
            [
              116.28027225096355,
              40.745316880769394
            ]
          ],
          [
            [
              116.28027225096355,
              40.745316880769394
            ],
            [
              116.26177208941033,
              40.75901113545552
            ]
          ],
          [
            [
              116.26177208941033,
              40.75901113545552
            ],
            [
              116.25650109275114,
              40.762111720879204
            ]
          ],
          [
            [
              116.25650109275114,
              40.762111720879204
            ],
            [
              116.25060997936703,
              40.76469554326468
            ]
          ],
          [
            [
              116.25060997936703,
              40.76469554326468
            ],
            [
              116.24409874925777,
              40.766917630444254
            ]
          ],
          [
            [
              116.24409874925777,
              40.766917630444254
            ],
            [
              116.23541710791312,
              40.76702098233244
            ]
          ],
          [
            [
              116.23541710791312,
              40.76702098233244
            ],
            [
              116.22611534984344,
              40.7647472192088
            ]
          ],
          [
            [
              116.22611534984344,
              40.7647472192088
            ],
            [
              116.20730512902844,
              40.750381170954256
            ]
          ],
          [
            [
              116.20730512902844,
              40.750381170954256
            ],
            [
              116.13035892072753,
              40.65798371057974
            ]
          ],
          [
            [
              116.13035892072753,
              40.65798371057974
            ],
            [
              116.12648318894799,
              40.65465058026007
            ]
          ],
          [
            [
              116.12648318894799,
              40.65465058026007
            ],
            [
              116.11950687084538,
              40.65043895079691
            ]
          ],
          [
            [
              116.11950687084538,
              40.65043895079691
            ],
            [
              116.09837121006319,
              40.641085516783164
            ]
          ],
          [
            [
              116.09837121006319,
              40.641085516783164
            ],
            [
              116.04824507035369,
              40.606824042095866
            ]
          ],
          [
            [
              116.04824507035369,
              40.606824042095866
            ],
            [
              116.03940840117673,
              40.60191478154189
            ]
          ],
          [
            [
              116.03940840117673,
              40.60191478154189
            ],
            [
              116.02685102715316,
              40.59809072480709
            ]
          ],
          [
            [
              116.02685102715316,
              40.59809072480709
            ],
            [
              116.00638715993944,
              40.59530019774593
            ]
          ],
          [
            [
              116.00638715993944,
              40.59530019774593
            ],
            [
              115.99470828685787,
              40.59597199221366
            ]
          ],
          [
            [
              115.99470828685787,
              40.59597199221366
            ],
            [
              115.91388634677742,
              40.61183665633661
            ]
          ],
          [
            [
              115.91388634677742,
              40.61183665633661
            ],
            [
              115.89605797699403,
              40.61343862589183
            ]
          ],
          [
            [
              115.89605797699403,
              40.61343862589183
            ],
            [
              115.88794477732961,
              40.61310272910765
            ]
          ],
          [
            [
              115.88794477732961,
              40.61310272910765
            ],
            [
              115.87445722911775,
              40.610234686781325
            ]
          ],
          [
            [
              115.87445722911775,
              40.610234686781325
            ],
            [
              115.77932091672687,
              40.5747329777447
            ]
          ],
          [
            [
              115.77932091672687,
              40.5747329777447
            ],
            [
              115.74847008672509,
              40.566542262815176
            ]
          ],
          [
            [
              115.74847008672509,
              40.566542262815176
            ],
            [
              115.73436242088894,
              40.5612454295329
            ]
          ],
          [
            [
              115.73436242088894,
              40.5612454295329
            ],
            [
              115.72785118988043,
              40.55602610881783
            ]
          ],
          [
            [
              115.72785118988043,
              40.55602610881783
            ],
            [
              115.72521569155083,
              40.55018667317643
            ]
          ],
          [
            [
              115.72521569155083,
              40.55018667317643
            ],
            [
              115.72568078044367,
              40.54478648530801
            ]
          ],
          [
            [
              115.72568078044367,
              40.54478648530801
            ],
            [
              115.72816124914232,
              40.53959300391398
            ]
          ],
          [
            [
              115.72816124914232,
              40.53959300391398
            ],
            [
              115.89497277227554,
              40.3468657497545
            ]
          ],
          [
            [
              115.89497277227554,
              40.3468657497545
            ],
            [
              115.89667809461832,
              40.34516042741177
            ]
          ],
          [
            [
              115.89667809461832,
              40.34516042741177
            ],
            [
              115.91233605406558,
              40.33836497736178
            ]
          ],
          [
            [
              115.91233605406558,
              40.33836497736178
            ],
            [
              115.92055260561824,
              40.33366242148355
            ]
          ],
          [
            [
              115.92055260561824,
              40.33366242148355
            ],
            [
              115.93031945168127,
              40.325058295404006
            ]
          ],
          [
            [
              115.93031945168127,
              40.325058295404006
            ],
            [
              115.93858768097664,
              40.3121391870738
            ]
          ],
          [
            [
              115.93858768097664,
              40.3121391870738
            ],
            [
              115.94520226387328,
              40.29371653898704
            ]
          ],
          [
            [
              115.94520226387328,
              40.29371653898704
            ],
            [
              115.94303185443653,
              40.27152151100893
            ]
          ],
          [
            [
              115.94303185443653,
              40.27152151100893
            ],
            [
              115.93404015472936,
              40.258163154006354
            ]
          ],
          [
            [
              115.93404015472936,
              40.258163154006354
            ],
            [
              115.90551476379528,
              40.239249579504474
            ]
          ],
          [
            [
              115.90551476379528,
              40.239249579504474
            ],
            [
              115.89218224521437,
              40.2277774110986
            ]
          ],
          [
            [
              115.89218224521437,
              40.2277774110986
            ],
            [
              115.88164025279536,
              40.21330801005661
            ]
          ],
          [
            [
              115.88164025279536,
              40.21330801005661
            ],
            [
              115.86298506071194,
              40.17852977143178
            ]
          ],
          [
            [
              115.86298506071194,
              40.17852977143178
            ],
            [
              115.85492353699158,
              40.16809113180028
            ]
          ],
          [
            [
              115.85492353699158,
              40.16809113180028
            ],
            [
              115.84500166219686,
              40.16057221133843
            ]
          ],
          [
            [
              115.84500166219686,
              40.16057221133843
            ],
            [
              115.8198352400043,
              40.1518905708931
            ]
          ],
          [
            [
              115.8198352400043,
              40.1518905708931
            ],
            [
              115.57762780218127,
              40.09631256827038
            ]
          ],
          [
            [
              115.57762780218127,
              40.09631256827038
            ],
            [
              115.54553673693079,
              40.08282501915926
            ]
          ],
          [
            [
              115.54553673693079,
              40.08282501915926
            ],
            [
              115.52838016161513,
              40.07316152588368
            ]
          ],
          [
            [
              115.52838016161513,
              40.07316152588368
            ],
            [
              115.51913008038889,
              40.065926826262
            ]
          ],
          [
            [
              115.51913008038889,
              40.065926826262
            ],
            [
              115.5130839382731,
              40.06019074250872
            ]
          ],
          [
            [
              115.5130839382731,
              40.06019074250872
            ],
            [
              115.48497195758978,
              40.01851369924782
            ]
          ],
          [
            [
              115.48497195758978,
              40.01851369924782
            ],
            [
              115.47954593309828,
              40.01290680580445
            ]
          ],
          [
            [
              115.47954593309828,
              40.01290680580445
            ],
            [
              115.46900394067927,
              40.00655060532614
            ]
          ],
          [
            [
              115.46900394067927,
              40.00655060532614
            ],
            [
              115.45768680190429,
              40.001796373503794
            ]
          ],
          [
            [
              115.45768680190429,
              40.001796373503794
            ],
            [
              115.45241580614447,
              40.00016856552685
            ]
          ],
          [
            [
              115.45241580614447,
              40.00016856552685
            ],
            [
              115.45195071815112,
              40.000091051161064
            ]
          ],
          [
            [
              115.45195071815112,
              40.000091051161064
            ],
            [
              115.44729983911623,
              39.99846324318412
            ]
          ],
          [
            [
              115.44729983911623,
              39.99846324318412
            ],
            [
              115.43081505736893,
              39.99058258751637
            ]
          ],
          [
            [
              115.43081505736893,
              39.99058258751637
            ],
            [
              115.4252340032466,
              39.985466620488125
            ]
          ],
          [
            [
              115.4252340032466,
              39.985466620488125
            ],
            [
              115.42234012339793,
              39.98014394788487
            ]
          ],
          [
            [
              115.42234012339793,
              39.98014394788487
            ],
            [
              115.42182335766176,
              39.97557058411513
            ]
          ],
          [
            [
              115.42182335766176,
              39.97557058411513
            ],
            [
              115.42234012339793,
              39.97182404174612
            ]
          ],
          [
            [
              115.42234012339793,
              39.97182404174612
            ],
            [
              115.42347700406049,
              39.96841339795992
            ]
          ],
          [
            [
              115.42347700406049,
              39.96841339795992
            ],
            [
              115.42709435432096,
              39.96257396141914
            ]
          ],
          [
            [
              115.42709435432096,
              39.96257396141914
            ],
            [
              115.4542761581182,
              39.942110094205475
            ]
          ],
          [
            [
              115.4542761581182,
              39.942110094205475
            ],
            [
              115.4964441259956,
              39.923635769275336
            ]
          ],
          [
            [
              115.4964441259956,
              39.923635769275336
            ],
            [
              115.50145674023634,
              39.919889227805584
            ]
          ],
          [
            [
              115.50145674023634,
              39.919889227805584
            ],
            [
              115.50316206257912,
              39.91611684791417
            ]
          ],
          [
            [
              115.50316206257912,
              39.91611684791417
            ],
            [
              115.50388553299092,
              39.91255117449708
            ]
          ],
          [
            [
              115.50388553299092,
              39.91255117449708
            ],
            [
              115.50424726819688,
              39.908727117762226
            ]
          ],
          [
            [
              115.50424726819688,
              39.908727117762226
            ],
            [
              115.50083662261204,
              39.864621284444695
            ]
          ],
          [
            [
              115.50083662261204,
              39.864621284444695
            ],
            [
              115.50145674023634,
              39.85761912702105
            ]
          ],
          [
            [
              115.50145674023634,
              39.85761912702105
            ],
            [
              115.50471235619023,
              39.849376736147406
            ]
          ],
          [
            [
              115.50471235619023,
              39.849376736147406
            ],
            [
              115.51091352703759,
              39.83849884694422
            ]
          ],
          [
            [
              115.51091352703759,
              39.83849884694422
            ],
            [
              115.54874067604135,
              39.818345038093014
            ]
          ],
          [
            [
              115.54874067604135,
              39.818345038093014
            ],
            [
              115.5624349298281,
              39.80749298821081
            ]
          ],
          [
            [
              115.5624349298281,
              39.80749298821081
            ],
            [
              115.56569054578199,
              39.8007233747839
            ]
          ],
          [
            [
              115.56569054578199,
              39.8007233747839
            ],
            [
              115.56274498908988,
              39.79475474703395
            ]
          ],
          [
            [
              115.56274498908988,
              39.79475474703395
            ],
            [
              115.52781172083417,
              39.782171536387295
            ]
          ],
          [
            [
              115.52781172083417,
              39.782171536387295
            ],
            [
              115.51261885027964,
              39.77966522926687
            ]
          ],
          [
            [
              115.51261885027964,
              39.77966522926687
            ],
            [
              115.4986145372311,
              39.78051788998863
            ]
          ],
          [
            [
              115.4986145372311,
              39.78051788998863
            ],
            [
              115.47567020131874,
              39.78529796023264
            ]
          ],
          [
            [
              115.47567020131874,
              39.78529796023264
            ],
            [
              115.46853885268581,
              39.78514293150107
            ]
          ],
          [
            [
              115.46853885268581,
              39.78514293150107
            ],
            [
              115.46202762257667,
              39.78392853377477
            ]
          ],
          [
            [
              115.46202762257667,
              39.78392853377477
            ],
            [
              115.45071048380169,
              39.77948436121426
            ]
          ],
          [
            [
              115.45071048380169,
              39.77948436121426
            ],
            [
              115.44543948804187,
              39.77563446695706
            ]
          ],
          [
            [
              115.44543948804187,
              39.77563446695706
            ],
            [
              115.44094363773866,
              39.77005341193541
            ]
          ],
          [
            [
              115.44094363773866,
              39.77005341193541
            ],
            [
              115.43660281796565,
              39.760777493186765
            ]
          ],
          [
            [
              115.43660281796565,
              39.760777493186765
            ],
            [
              115.43567264197884,
              39.75493805574666
            ]
          ],
          [
            [
              115.43567264197884,
              39.75493805574666
            ],
            [
              115.43608605402812,
              39.75137238232958
            ]
          ],
          [
            [
              115.43608605402812,
              39.75137238232958
            ],
            [
              115.43660281796565,
              39.7502355007677
            ]
          ],
          [
            [
              115.43660281796565,
              39.7502355007677
            ],
            [
              115.43732628837745,
              39.74930532478089
            ]
          ],
          [
            [
              115.43732628837745,
              39.74930532478089
            ],
            [
              115.46342288565756,
              39.643213608820986
            ]
          ],
          [
            [
              115.46342288565756,
              39.643213608820986
            ],
            [
              115.46822879432341,
              39.63375682201968
            ]
          ],
          [
            [
              115.46822879432341,
              39.63375682201968
            ],
            [
              115.47194949827065,
              39.62915761982828
            ]
          ],
          [
            [
              115.47194949827065,
              39.62915761982828
            ],
            [
              115.47675540603711,
              39.62476512321183
            ]
          ],
          [
            [
              115.47675540603711,
              39.62476512321183
            ],
            [
              115.48388675287129,
              39.620010891389484
            ]
          ],
          [
            [
              115.48388675287129,
              39.620010891389484
            ],
            [
              115.49044965982387,
              39.61724620185072
            ]
          ],
          [
            [
              115.49044965982387,
              39.61724620185072
            ],
            [
              115.55421837827544,
              39.598306789826495
            ]
          ],
          [
            [
              115.55421837827544,
              39.598306789826495
            ],
            [
              115.56987633682343,
              39.59587799707191
            ]
          ],
          [
            [
              115.56987633682343,
              39.59587799707191
            ],
            [
              115.57793785964441,
              39.59572296834028
            ]
          ],
          [
            [
              115.57793785964441,
              39.59572296834028
            ],
            [
              115.58475914901544,
              39.596756497114654
            ]
          ],
          [
            [
              115.58475914901544,
              39.596756497114654
            ],
            [
              115.60320763642324,
              39.602750963286326
            ]
          ],
          [
            [
              115.60320763642324,
              39.602750963286326
            ],
            [
              115.61054568883242,
              39.60357778648563
            ]
          ],
          [
            [
              115.61054568883242,
              39.60357778648563
            ],
            [
              115.61845218292183,
              39.6037328152172
            ]
          ],
          [
            [
              115.61845218292183,
              39.6037328152172
            ],
            [
              115.65209354088415,
              39.598875229708085
            ]
          ],
          [
            [
              115.65209354088415,
              39.598875229708085
            ],
            [
              115.66036177017952,
              39.59551626186595
            ]
          ],
          [
            [
              115.66036177017952,
              39.59551626186595
            ],
            [
              115.66935346898731,
              39.58892751739097
            ]
          ],
          [
            [
              115.66935346898731,
              39.58892751739097
            ],
            [
              115.67353926002875,
              39.58352733042193
            ]
          ],
          [
            [
              115.67353926002875,
              39.58352733042193
            ],
            [
              115.67586469909656,
              39.57722280498842
            ]
          ],
          [
            [
              115.67586469909656,
              39.57722280498842
            ],
            [
              115.67989546140632,
              39.561616523283874
            ]
          ],
          [
            [
              115.67989546140632,
              39.561616523283874
            ],
            [
              115.68439131081027,
              39.55427846907605
            ]
          ],
          [
            [
              115.68439131081027,
              39.55427846907605
            ],
            [
              115.68806033701492,
              39.54967926688465
            ]
          ],
          [
            [
              115.68806033701492,
              39.54967926688465
            ],
            [
              115.6958634792162,
              39.54422740307217
            ]
          ],
          [
            [
              115.6958634792162,
              39.54422740307217
            ],
            [
              115.70764570508516,
              39.539137275364965
            ]
          ],
          [
            [
              115.70764570508516,
              39.539137275364965
            ],
            [
              115.72009972542196,
              39.53185089800053
            ]
          ],
          [
            [
              115.72009972542196,
              39.53185089800053
            ],
            [
              115.73984012312314,
              39.51557282182824
            ]
          ],
          [
            [
              115.73984012312314,
              39.51557282182824
            ],
            [
              115.74816002836258,
              39.510792752483496
            ]
          ],
          [
            [
              115.74816002836258,
              39.510792752483496
            ],
            [
              115.75591149282104,
              39.50895823803222
            ]
          ],
          [
            [
              115.75591149282104,
              39.50895823803222
            ],
            [
              115.76257775256124,
              39.5097075468658
            ]
          ],
          [
            [
              115.76257775256124,
              39.5097075468658
            ],
            [
              115.76898562988288,
              39.51133535394342
            ]
          ],
          [
            [
              115.76898562988288,
              39.51133535394342
            ],
            [
              115.77425662564269,
              39.51407420506047
            ]
          ],
          [
            [
              115.77425662564269,
              39.51407420506047
            ],
            [
              115.77890750467759,
              39.51738149695848
            ]
          ],
          [
            [
              115.77890750467759,
              39.51738149695848
            ],
            [
              115.78278323825577,
              39.521360582424904
            ]
          ],
          [
            [
              115.78278323825577,
              39.521360582424904
            ],
            [
              115.79255008341954,
              39.53577830752283
            ]
          ],
          [
            [
              115.79255008341954,
              39.53577830752283
            ],
            [
              115.79668419761754,
              39.53957652403733
            ]
          ],
          [
            [
              115.79668419761754,
              39.53957652403733
            ],
            [
              115.80200687112017,
              39.542392890419535
            ]
          ],
          [
            [
              115.80200687112017,
              39.542392890419535
            ],
            [
              115.80851810122931,
              39.54399485907544
            ]
          ],
          [
            [
              115.80851810122931,
              39.54399485907544
            ],
            [
              115.8330644057977,
              39.543943183131375
            ]
          ],
          [
            [
              115.8330644057977,
              39.543943183131375
            ],
            [
              115.84019575443051,
              39.5448475197972
            ]
          ],
          [
            [
              115.84019575443051,
              39.5448475197972
            ],
            [
              115.85786909368369,
              39.55153961795895
            ]
          ],
          [
            [
              115.85786909368369,
              39.55153961795895
            ],
            [
              115.87068484922634,
              39.55448517555038
            ]
          ],
          [
            [
              115.87068484922634,
              39.55448517555038
            ],
            [
              115.87662763855462,
              39.5552603219063
            ]
          ],
          [
            [
              115.87662763855462,
              39.5552603219063
            ],
            [
              115.88133019443285,
              39.55675893777476
            ]
          ],
          [
            [
              115.88133019443285,
              39.55675893777476
            ],
            [
              115.88443077985653,
              39.558386745751704
            ]
          ],
          [
            [
              115.88443077985653,
              39.558386745751704
            ],
            [
              115.8919755387401,
              39.5645104031326
            ]
          ],
          [
            [
              115.8919755387401,
              39.5645104031326
            ],
            [
              115.89641971219987,
              39.56714590146214
            ]
          ],
          [
            [
              115.89641971219987,
              39.56714590146214
            ],
            [
              115.90008873930378,
              39.56843781175559
            ]
          ],
          [
            [
              115.90008873930378,
              39.56843781175559
            ],
            [
              115.9190023129064,
              39.57050486930427
            ]
          ],
          [
            [
              115.9190023129064,
              39.57050486930427
            ],
            [
              115.93140465729903,
              39.57432892513975
            ]
          ],
          [
            [
              115.93140465729903,
              39.57432892513975
            ],
            [
              115.93807091703911,
              39.57546580670157
            ]
          ],
          [
            [
              115.93807091703911,
              39.57546580670157
            ],
            [
              115.94540897034767,
              39.57538829233579
            ]
          ],
          [
            [
              115.94540897034767,
              39.57538829233579
            ],
            [
              115.95734622584757,
              39.57321788199965
            ]
          ],
          [
            [
              115.95734622584757,
              39.57321788199965
            ],
            [
              116.0005994002421,
              39.557611599395784
            ]
          ],
          [
            [
              116.0005994002421,
              39.557611599395784
            ],
            [
              116.01010786298741,
              39.556448880311564
            ]
          ],
          [
            [
              116.01010786298741,
              39.556448880311564
            ],
            [
              116.01723921072096,
              39.55655223219975
            ]
          ],
          [
            [
              116.01723921072096,
              39.55655223219975
            ],
            [
              116.07155114057264,
              39.56616404953127
            ]
          ],
          [
            [
              116.07155114057264,
              39.56616404953127
            ],
            [
              116.07914757719891,
              39.56606069584444
            ]
          ],
          [
            [
              116.07914757719891,
              39.56606069584444
            ],
            [
              116.1025053242613,
              39.563425198414166
            ]
          ],
          [
            [
              116.1025053242613,
              39.563425198414166
            ],
            [
              116.10974002478224,
              39.564174506348365
            ]
          ],
          [
            [
              116.10974002478224,
              39.564174506348365
            ],
            [
              116.16089969326617,
              39.57779124576933
            ]
          ],
          [
            [
              116.16089969326617,
              39.57779124576933
            ],
            [
              116.18529096910288,
              39.5790831569621
            ]
          ],
          [
            [
              116.18529096910288,
              39.5790831569621
            ],
            [
              116.19552290226011,
              39.577842923512094
            ]
          ],
          [
            [
              116.19552290226011,
              39.577842923512094
            ],
            [
              116.2015173693311,
              39.57489736592066
            ]
          ],
          [
            [
              116.2015173693311,
              39.57489736592066
            ],
            [
              116.21040571535138,
              39.57190013328449
            ]
          ],
          [
            [
              116.21040571535138,
              39.57190013328449
            ],
            [
              116.224978469181,
              39.53567495383601
            ]
          ],
          [
            [
              116.224978469181,
              39.53567495383601
            ],
            [
              116.24978315616772,
              39.505805975765156
            ]
          ],
          [
            [
              116.24978315616772,
              39.505805975765156
            ],
            [
              116.31763431197385,
              39.460899155871346
            ]
          ],
          [
            [
              116.31763431197385,
              39.460899155871346
            ],
            [
              116.33577274011986,
              39.45325104420033
            ]
          ],
          [
            [
              116.33577274011986,
              39.45325104420033
            ],
            [
              116.3866223493419,
              39.442140611000355
            ]
          ],
          [
            [
              116.3866223493419,
              39.442140611000355
            ],
            [
              116.41039350755432,
              39.440435289556945
            ]
          ],
          [
            [
              116.41039350755432,
              39.440435289556945
            ],
            [
              116.43354454994096,
              39.442347317474685
            ]
          ],
          [
            [
              116.43354454994096,
              39.442347317474685
            ],
            [
              116.44729048057116,
              39.447359930816106
            ]
          ],
          [
            [
              116.44729048057116,
              39.447359930816106
            ],
            [
              116.45902103139542,
              39.45397451371281
            ]
          ],
          [
            [
              116.45902103139542,
              39.45397451371281
            ],
            [
              116.46289676317508,
              39.460434067877884
            ]
          ],
          [
            [
              116.46289676317508,
              39.460434067877884
            ],
            [
              116.46460208461849,
              39.46629934284039
            ]
          ],
          [
            [
              116.46460208461849,
              39.46629934284039
            ],
            [
              116.4655322606053,
              39.47221629554559
            ]
          ],
          [
            [
              116.4655322606053,
              39.47221629554559
            ],
            [
              116.46424035031191,
              39.47828827608305
            ]
          ],
          [
            [
              116.46424035031191,
              39.47828827608305
            ],
            [
              116.46165652882564,
              39.48296499353961
            ]
          ],
          [
            [
              116.46165652882564,
              39.48296499353961
            ],
            [
              116.45778079614684,
              39.4866340197442
            ]
          ],
          [
            [
              116.45778079614684,
              39.4866340197442
            ],
            [
              116.43261437395415,
              39.500121567956
            ]
          ],
          [
            [
              116.43261437395415,
              39.500121567956
            ],
            [
              116.43147749239233,
              39.5008450383678
            ]
          ],
          [
            [
              116.43147749239233,
              39.5008450383678
            ],
            [
              116.42966881726204,
              39.50244700792308
            ]
          ],
          [
            [
              116.42966881726204,
              39.50244700792308
            ],
            [
              116.42687829020088,
              39.50585765170922
            ]
          ],
          [
            [
              116.42687829020088,
              39.50585765170922
            ],
            [
              116.42532799658977,
              39.51061188443089
            ]
          ],
          [
            [
              116.42532799658977,
              39.51061188443089
            ],
            [
              116.42610314294564,
              39.51606374824337
            ]
          ],
          [
            [
              116.42610314294564,
              39.51606374824337
            ],
            [
              116.42827355418115,
              39.521412258369025
            ]
          ],
          [
            [
              116.42827355418115,
              39.521412258369025
            ],
            [
              116.43478478429029,
              39.52668325502816
            ]
          ],
          [
            [
              116.43478478429029,
              39.52668325502816
            ],
            [
              116.44429324793498,
              39.53198008920975
            ]
          ],
          [
            [
              116.44429324793498,
              39.53198008920975
            ],
            [
              116.4932825051834,
              39.55236644115831
            ]
          ],
          [
            [
              116.4932825051834,
              39.55236644115831
            ],
            [
              116.52744062708325,
              39.556448880311564
            ]
          ],
          [
            [
              116.52744062708325,
              39.556448880311564
            ],
            [
              116.53767256113974,
              39.56153900801877
            ]
          ],
          [
            [
              116.53767256113974,
              39.56153900801877
            ],
            [
              116.54340864489302,
              39.567275091772046
            ]
          ],
          [
            [
              116.54340864489302,
              39.567275091772046
            ],
            [
              116.54743940630351,
              39.58161530250419
            ]
          ],
          [
            [
              116.54743940630351,
              39.58161530250419
            ],
            [
              116.54971316942715,
              39.58546519586207
            ]
          ],
          [
            [
              116.54971316942715,
              39.58546519586207
            ],
            [
              116.55271040206333,
              39.5891600613877
            ]
          ],
          [
            [
              116.55271040206333,
              39.5891600613877
            ],
            [
              116.55880822192182,
              39.594431057147574
            ]
          ],
          [
            [
              116.55880822192182,
              39.594431057147574
            ],
            [
              116.56438927604415,
              39.597531643470575
            ]
          ],
          [
            [
              116.56438927604415,
              39.597531643470575
            ],
            [
              116.60438683538405,
              39.61117422131326
            ]
          ],
          [
            [
              116.60438683538405,
              39.61117422131326
            ],
            [
              116.61430871017876,
              39.61210439730007
            ]
          ],
          [
            [
              116.61430871017876,
              39.61210439730007
            ],
            [
              116.62753787597217,
              39.61148428057504
            ]
          ],
          [
            [
              116.62753787597217,
              39.61148428057504
            ],
            [
              116.67642378133235,
              39.603267727223795
            ]
          ],
          [
            [
              116.67642378133235,
              39.603267727223795
            ],
            [
              116.79341922401795,
              39.602311712815265
            ]
          ],
          [
            [
              116.79341922401795,
              39.602311712815265
            ],
            [
              116.78783816899625,
              39.57239105880029
            ]
          ],
          [
            [
              116.78783816899625,
              39.57239105880029
            ],
            [
              116.7869079939087,
              39.55215973648262
            ]
          ],
          [
            [
              116.7869079939087,
              39.55215973648262
            ],
            [
              116.7912488136817,
              39.49293854427839
            ]
          ],
          [
            [
              116.7912488136817,
              39.49293854427839
            ],
            [
              116.79341922401795,
              39.48371430147381
            ]
          ],
          [
            [
              116.79341922401795,
              39.48371430147381
            ],
            [
              116.79760501505939,
              39.47128611955873
            ]
          ],
          [
            [
              116.79760501505939,
              39.47128611955873
            ],
            [
              116.81450320795659,
              39.437127996759614
            ]
          ],
          [
            [
              116.81450320795659,
              39.437127996759614
            ],
            [
              116.82256473167695,
              39.42498403658402
            ]
          ],
          [
            [
              116.82256473167695,
              39.42498403658402
            ],
            [
              116.82520023000654,
              39.418472805575504
            ]
          ],
          [
            [
              116.82520023000654,
              39.418472805575504
            ],
            [
              116.82721561071185,
              39.40999786980581
            ]
          ],
          [
            [
              116.82721561071185,
              39.40999786980581
            ],
            [
              116.82876590432295,
              39.39426239689209
            ]
          ],
          [
            [
              116.82876590432295,
              39.39426239689209
            ],
            [
              116.83155643138412,
              39.383358670166444
            ]
          ],
          [
            [
              116.83155643138412,
              39.383358670166444
            ],
            [
              116.83827436706838,
              39.37059459146718
            ]
          ],
          [
            [
              116.83827436706838,
              39.37059459146718
            ],
            [
              116.85098676982352,
              39.35558258716662
            ]
          ],
          [
            [
              116.85098676982352,
              39.35558258716662
            ],
            [
              116.85315718015966,
              39.35224945684695
            ]
          ],
          [
            [
              116.85315718015966,
              39.35224945684695
            ],
            [
              116.85346723762291,
              39.341423245386466
            ]
          ],
          [
            [
              116.85346723762291,
              39.341423245386466
            ],
            [
              116.8450956564393,
              39.31093414969121
            ]
          ],
          [
            [
              116.8450956564393,
              39.31093414969121
            ],
            [
              116.82675052271838,
              39.240964260392275
            ]
          ],
          [
            [
              116.82675052271838,
              39.240964260392275
            ],
            [
              116.82551028926844,
              39.228458564111406
            ]
          ],
          [
            [
              116.82551028926844,
              39.228458564111406
            ],
            [
              116.82613040599335,
              39.21654714613385
            ]
          ],
          [
            [
              116.82613040599335,
              39.21654714613385
            ],
            [
              116.83093631375982,
              39.20019155469646
            ]
          ],
          [
            [
              116.83093631375982,
              39.20019155469646
            ],
            [
              116.83341678335785,
              39.19533397098593
            ]
          ],
          [
            [
              116.83341678335785,
              39.19533397098593
            ],
            [
              116.83620731041901,
              39.19094147436954
            ]
          ],
          [
            [
              116.83620731041901,
              39.19094147436954
            ],
            [
              116.83961795510447,
              39.18706574169062
            ]
          ],
          [
            [
              116.83961795510447,
              39.18706574169062
            ],
            [
              116.8436487156157,
              39.183345037743265
            ]
          ],
          [
            [
              116.8436487156157,
              39.183345037743265
            ],
            [
              116.84773115386963,
              39.180244452319585
            ]
          ],
          [
            [
              116.84773115386963,
              39.180244452319585
            ],
            [
              116.8517619161795,
              39.17760895398999
            ]
          ],
          [
            [
              116.8517619161795,
              39.17760895398999
            ],
            [
              116.85501753123401,
              39.17605866127815
            ]
          ],
          [
            [
              116.85501753123401,
              39.17605866127815
            ],
            [
              116.86028852699383,
              39.17406911899462
            ]
          ],
          [
            [
              116.86028852699383,
              39.17406911899462
            ],
            [
              116.88106245257006,
              39.16848806397297
            ]
          ],
          [
            [
              116.88106245257006,
              39.16848806397297
            ],
            [
              116.8933614441753,
              39.16378550899401
            ]
          ],
          [
            [
              116.8933614441753,
              39.16378550899401
            ],
            [
              116.8983223815726,
              39.160245673099325
            ]
          ],
          [
            [
              116.8983223815726,
              39.160245673099325
            ],
            [
              116.90204308462057,
              39.15649913252889
            ]
          ],
          [
            [
              116.90204308462057,
              39.15649913252889
            ],
            [
              116.90498864131268,
              39.15208079749078
            ]
          ],
          [
            [
              116.90498864131268,
              39.15208079749078
            ],
            [
              116.90715905164882,
              39.14737824251188
            ]
          ],
          [
            [
              116.90715905164882,
              39.14737824251188
            ],
            [
              116.9088643739916,
              39.141952216221796
            ]
          ],
          [
            [
              116.9088643739916,
              39.141952216221796
            ],
            [
              116.9099495787101,
              39.13637116120009
            ]
          ],
          [
            [
              116.9099495787101,
              39.13637116120009
            ],
            [
              116.91010460834093,
              39.13006663756522
            ]
          ],
          [
            [
              116.91010460834093,
              39.13006663756522
            ],
            [
              116.9088643739916,
              39.123400376925815
            ]
          ],
          [
            [
              116.9088643739916,
              39.123400376925815
            ],
            [
              116.90514367094363,
              39.11564891246729
            ]
          ],
          [
            [
              116.90514367094363,
              39.11564891246729
            ],
            [
              116.90121626232065,
              39.11027456302065
            ]
          ],
          [
            [
              116.90121626232065,
              39.11027456302065
            ],
            [
              116.89677208886076,
              39.106088771979216
            ]
          ],
          [
            [
              116.89677208886076,
              39.106088771979216
            ],
            [
              116.89181115056408,
              39.10252309856213
            ]
          ],
          [
            [
              116.89181115056408,
              39.10252309856213
            ],
            [
              116.71218387278748,
              39.0118309605304
            ]
          ],
          [
            [
              116.71218387278748,
              39.0118309605304
            ],
            [
              116.70060835159416,
              39.00041046806865
            ]
          ],
          [
            [
              116.70060835159416,
              39.00041046806865
            ],
            [
              116.69828291162708,
              38.99725820580153
            ]
          ],
          [
            [
              116.69828291162708,
              38.99725820580153
            ],
            [
              116.69580244382769,
              38.99338247312261
            ]
          ],
          [
            [
              116.69580244382769,
              38.99338247312261
            ],
            [
              116.69084150643027,
              38.98340892238383
            ]
          ],
          [
            [
              116.69084150643027,
              38.98340892238383
            ],
            [
              116.68867109609414,
              38.977672837731234
            ]
          ],
          [
            [
              116.68867109609414,
              38.977672837731234
            ],
            [
              116.68215986508562,
              38.95271312111362
            ]
          ],
          [
            [
              116.68215986508562,
              38.95271312111362
            ],
            [
              116.68060957237378,
              38.91594534020527
            ]
          ],
          [
            [
              116.68060957237378,
              38.91594534020527
            ],
            [
              116.68246992434752,
              38.896799220807395
            ]
          ],
          [
            [
              116.68246992434752,
              38.896799220807395
            ],
            [
              116.68774092010733,
              38.87494009051272
            ]
          ],
          [
            [
              116.68774092010733,
              38.87494009051272
            ],
            [
              116.70060835159416,
              38.84044607182875
            ]
          ],
          [
            [
              116.70060835159416,
              38.84044607182875
            ],
            [
              116.71084028475127,
              38.82052480697422
            ]
          ],
          [
            [
              116.71084028475127,
              38.82052480697422
            ],
            [
              116.72344933471902,
              38.80321320202762
            ]
          ],
          [
            [
              116.72344933471902,
              38.80321320202762
            ],
            [
              116.73817711817946,
              38.78706431706456
            ]
          ],
          [
            [
              116.73817711817946,
              38.78706431706456
            ],
            [
              116.75305993037148,
              38.77484284072449
            ]
          ],
          [
            [
              116.75305993037148,
              38.77484284072449
            ],
            [
              116.7738338559476,
              38.764197496417296
            ]
          ],
          [
            [
              116.7738338559476,
              38.764197496417296
            ],
            [
              116.80783694911588,
              38.75505076797856
            ]
          ],
          [
            [
              116.80783694911588,
              38.75505076797856
            ],
            [
              116.83016116740396,
              38.75003815373776
            ]
          ],
          [
            [
              116.83016116740396,
              38.75003815373776
            ],
            [
              116.84054813019202,
              38.74536143718058
            ]
          ],
          [
            [
              116.84054813019202,
              38.74536143718058
            ],
            [
              116.85114179855509,
              38.73887604369446
            ]
          ],
          [
            [
              116.85114179855509,
              38.73887604369446
            ],
            [
              116.85749799993266,
              38.731796372804354
            ]
          ],
          [
            [
              116.85749799993266,
              38.731796372804354
            ],
            [
              116.87176069539976,
              38.70843862574196
            ]
          ],
          [
            [
              116.87176069539976,
              38.70843862574196
            ],
            [
              116.876876662428,
              38.70275421793281
            ]
          ],
          [
            [
              116.876876662428,
              38.70275421793281
            ],
            [
              116.88075239510692,
              38.699395250090674
            ]
          ],
          [
            [
              116.88075239510692,
              38.699395250090674
            ],
            [
              116.88767703726546,
              38.69590709103937
            ]
          ],
          [
            [
              116.88767703726546,
              38.69590709103937
            ],
            [
              116.89749555927256,
              38.69278066719403
            ]
          ],
          [
            [
              116.89749555927256,
              38.69278066719403
            ],
            [
              116.91475548737583,
              38.69017100728615
            ]
          ],
          [
            [
              116.91475548737583,
              38.69017100728615
            ],
            [
              116.92576256688892,
              38.68993846328942
            ]
          ],
          [
            [
              116.92576256688892,
              38.68993846328942
            ],
            [
              116.93475426569671,
              38.690765286488784
            ]
          ],
          [
            [
              116.93475426569671,
              38.690765286488784
            ],
            [
              117.02105390801137,
              38.70823192016695
            ]
          ],
          [
            [
              117.02105390801137,
              38.70823192016695
            ],
            [
              117.0284953150067,
              38.70864533131697
            ]
          ],
          [
            [
              117.0284953150067,
              38.70864533131697
            ],
            [
              117.03562666184098,
              38.707715156229426
            ]
          ],
          [
            [
              117.03562666184098,
              38.707715156229426
            ],
            [
              117.04322309756787,
              38.703684393919616
            ]
          ],
          [
            [
              117.04322309756787,
              38.703684393919616
            ],
            [
              117.04849409422707,
              38.69776744211373
            ]
          ],
          [
            [
              117.04849409422707,
              38.69776744211373
            ],
            [
              117.05283491400007,
              38.69035187443944
            ]
          ],
          [
            [
              117.05283491400007,
              38.69035187443944
            ],
            [
              117.06606408069274,
              38.634696357450935
            ]
          ],
          [
            [
              117.06606408069274,
              38.634696357450935
            ],
            [
              117.07273034133209,
              38.62415436503187
            ]
          ],
          [
            [
              117.07273034133209,
              38.62415436503187
            ],
            [
              117.09489952998922,
              38.611752021538564
            ]
          ],
          [
            [
              117.09489952998922,
              38.611752021538564
            ],
            [
              117.1894157247558,
              38.60580923131096
            ]
          ],
          [
            [
              117.1894157247558,
              38.60580923131096
            ],
            [
              117.21329023575572,
              38.597902737221546
            ]
          ],
          [
            [
              117.21329023575572,
              38.597902737221546
            ],
            [
              117.21530561736029,
              38.59320018224258
            ]
          ],
          [
            [
              117.21530561736029,
              38.59320018224258
            ],
            [
              117.22073164275105,
              38.58369171769857
            ]
          ],
          [
            [
              117.22073164275105,
              38.58369171769857
            ],
            [
              117.2238322290741,
              38.579376736347285
            ]
          ],
          [
            [
              117.2238322290741,
              38.579376736347285
            ],
            [
              117.22760460806614,
              38.57542348930258
            ]
          ],
          [
            [
              117.22760460806614,
              38.57542348930258
            ],
            [
              117.23669965966155,
              38.56875722956249
            ]
          ],
          [
            [
              117.23669965966155,
              38.56875722956249
            ],
            [
              117.24248742115753,
              38.565682480761836
            ]
          ],
          [
            [
              117.24248742115753,
              38.565682480761836
            ],
            [
              117.24853356327333,
              38.56315033611912
            ]
          ],
          [
            [
              117.24853356327333,
              38.56315033611912
            ],
            [
              117.25566491100676,
              38.56136749941055
            ]
          ],
          [
            [
              117.25566491100676,
              38.56136749941055
            ],
            [
              117.27132286955475,
              38.5592487659178
            ]
          ],
          [
            [
              117.27132286955475,
              38.5592487659178
            ],
            [
              117.40852379793489,
              38.59113312379458
            ]
          ],
          [
            [
              117.40852379793489,
              38.59113312379458
            ],
            [
              117.44294030225308,
              38.602501939412946
            ]
          ],
          [
            [
              117.44294030225308,
              38.602501939412946
            ],
            [
              117.54354902400007,
              38.62132396000004
            ]
          ],
          [
            [
              118.6327429910001,
              39.07458077300004
            ],
            [
              118.64867241500008,
              39.05585067800007
            ],
            [
              118.64873628100008,
              39.04465116700004
            ],
            [
              118.59432056600008,
              38.97219739900004
            ],
            [
              118.51430835400004,
              38.919445031000066
            ],
            [
              118.50269895000008,
              38.919027758000084
            ],
            [
              118.48027591300001,
              38.934819522000055
            ],
            [
              118.49090040700003,
              38.94318689100004
            ],
            [
              118.4706979660001,
              38.970550754000044
            ],
            [
              118.4694771400001,
              39.00631855200004
            ],
            [
              118.47848274500006,
              39.04285781300007
            ],
            [
              118.48819315800006,
              39.05049224800007
            ],
            [
              118.52638107400003,
              39.046693882000056
            ],
            [
              118.559717761,
              39.00312515400009
            ],
            [
              118.57781186700004,
              39.00861929800004
            ],
            [
              118.61019559500005,
              39.034034371000075
            ],
            [
              118.62871121300009,
              39.04855385900004
            ],
            [
              118.61463708200006,
              39.06764896700008
            ],
            [
              118.6327429910001,
              39.07458077300004
            ]
          ],
          [
            [
              117.2390767755727,
              40.09261770274475
            ],
            [
              117.21763105732737,
              40.052335924363376
            ]
          ],
          [
            [
              117.21763105732737,
              40.052335924363376
            ],
            [
              117.20708906490836,
              40.03706553854374
            ]
          ],
          [
            [
              117.20708906490836,
              40.03706553854374
            ],
            [
              117.16393924420072,
              39.987223618774976
            ]
          ],
          [
            [
              117.16393924420072,
              39.987223618774976
            ],
            [
              117.15324222215077,
              39.96799998591058
            ]
          ],
          [
            [
              117.15324222215077,
              39.96799998591058
            ],
            [
              117.1484363143843,
              39.95575267204816
            ]
          ],
          [
            [
              117.1484363143843,
              39.95575267204816
            ],
            [
              117.14750613839749,
              39.94800120669032
            ]
          ],
          [
            [
              117.14750613839749,
              39.94800120669032
            ],
            [
              117.14983157836457,
              39.9368390984456
            ]
          ],
          [
            [
              117.14983157836457,
              39.9368390984456
            ],
            [
              117.1594433938975,
              39.905704046704386
            ]
          ],
          [
            [
              117.1594433938975,
              39.905704046704386
            ],
            [
              117.16440433219418,
              39.89560130475638
            ]
          ],
          [
            [
              117.16440433219418,
              39.89560130475638
            ],
            [
              117.16750491671849,
              39.89131216092744
            ]
          ],
          [
            [
              117.16750491671849,
              39.89131216092744
            ],
            [
              117.17964887869277,
              39.87940074294988
            ]
          ],
          [
            [
              117.17964887869277,
              39.87940074294988
            ],
            [
              117.18429975772756,
              39.87601593668609
            ]
          ],
          [
            [
              117.18429975772756,
              39.87601593668609
            ],
            [
              117.18910566639329,
              39.8732254087256
            ]
          ],
          [
            [
              117.18910566639329,
              39.8732254087256
            ],
            [
              117.19453169178405,
              39.87074494092627
            ]
          ],
          [
            [
              117.19453169178405,
              39.87074494092627
            ],
            [
              117.20894941598272,
              39.86681753230323
            ]
          ],
          [
            [
              117.20894941598272,
              39.86681753230323
            ],
            [
              117.22543419773001,
              39.8651122099605
            ]
          ],
          [
            [
              117.22543419773001,
              39.8651122099605
            ],
            [
              117.24109215717726,
              39.86552562111052
            ]
          ],
          [
            [
              117.24109215717726,
              39.86552562111052
            ],
            [
              117.24817182806737,
              39.86469879791116
            ]
          ],
          [
            [
              117.24817182806737,
              39.86469879791116
            ],
            [
              117.25488976375152,
              39.86195994679406
            ]
          ],
          [
            [
              117.25488976375152,
              39.86195994679406
            ],
            [
              117.25964399557392,
              39.857670802965174
            ]
          ],
          [
            [
              117.25964399557392,
              39.857670802965174
            ],
            [
              117.26310631710282,
              39.85123708812108
            ]
          ],
          [
            [
              117.26310631710282,
              39.85123708812108
            ],
            [
              117.26202111238433,
              39.8454234891027
            ]
          ],
          [
            [
              117.26202111238433,
              39.8454234891027
            ],
            [
              117.25845543806793,
              39.84123769806132
            ]
          ],
          [
            [
              117.25845543806793,
              39.84123769806132
            ],
            [
              117.25333947193906,
              39.838188788581704
            ]
          ],
          [
            [
              117.25333947193906,
              39.838188788581704
            ],
            [
              117.24760338818578,
              39.83599253982385
            ]
          ],
          [
            [
              117.24760338818578,
              39.83599253982385
            ],
            [
              117.20305830259849,
              39.824003608379826
            ]
          ],
          [
            [
              117.20305830259849,
              39.824003608379826
            ],
            [
              117.1967021021203,
              39.820903022056825
            ]
          ],
          [
            [
              117.1967021021203,
              39.820903022056825
            ],
            [
              117.19096601836702,
              39.81638133423115
            ]
          ],
          [
            [
              117.19096601836702,
              39.81638133423115
            ],
            [
              117.18429975772756,
              39.80878489850426
            ]
          ],
          [
            [
              117.18429975772756,
              39.80878489850426
            ],
            [
              117.18305952427761,
              39.802377021182565
            ]
          ],
          [
            [
              117.18305952427761,
              39.802377021182565
            ],
            [
              117.18414472899599,
              39.79700267173587
            ]
          ],
          [
            [
              117.18414472899599,
              39.79700267173587
            ],
            [
              117.18750369683812,
              39.79258433669776
            ]
          ],
          [
            [
              117.18750369683812,
              39.79258433669776
            ],
            [
              117.19220625181697,
              39.78899282485895
            ]
          ],
          [
            [
              117.19220625181697,
              39.78899282485895
            ],
            [
              117.1967021021203,
              39.78434194582411
            ]
          ],
          [
            [
              117.1967021021203,
              39.78434194582411
            ],
            [
              117.20088789316173,
              39.778450833339264
            ]
          ],
          [
            [
              117.20088789316173,
              39.778450833339264
            ],
            [
              117.20336836096101,
              39.76876150254128
            ]
          ],
          [
            [
              117.20336836096101,
              39.76876150254128
            ],
            [
              117.20290327386692,
              39.76160431638607
            ]
          ],
          [
            [
              117.20290327386692,
              39.76160431638607
            ],
            [
              117.20073286263141,
              39.75586823173347
            ]
          ],
          [
            [
              117.20073286263141,
              39.75586823173347
            ],
            [
              117.19732221884533,
              39.74951203125522
            ]
          ],
          [
            [
              117.19732221884533,
              39.74951203125522
            ],
            [
              117.19329145743473,
              39.739357612463834
            ]
          ],
          [
            [
              117.19329145743473,
              39.739357612463834
            ],
            [
              117.18864057839994,
              39.721012477843544
            ]
          ],
          [
            [
              117.18864057839994,
              39.721012477843544
            ],
            [
              117.18321455300918,
              39.65509918927614
            ]
          ],
          [
            [
              117.18321455300918,
              39.65509918927614
            ],
            [
              117.18006229074206,
              39.64269684488346
            ]
          ],
          [
            [
              117.18006229074206,
              39.64269684488346
            ],
            [
              117.17437788293296,
              39.63292999882037
            ]
          ],
          [
            [
              117.17437788293296,
              39.63292999882037
            ],
            [
              117.16941694463628,
              39.62724559191054
            ]
          ],
          [
            [
              117.16941694463628,
              39.62724559191054
            ],
            [
              117.16409427293229,
              39.622982286503316
            ]
          ],
          [
            [
              117.16409427293229,
              39.622982286503316
            ],
            [
              117.15882327717247,
              39.620320949752
            ]
          ],
          [
            [
              117.15882327717247,
              39.620320949752
            ],
            [
              117.15277713415742,
              39.61840892183426
            ]
          ],
          [
            [
              117.15277713415742,
              39.61840892183426
            ],
            [
              117.13789432196529,
              39.61693614438752
            ]
          ],
          [
            [
              117.13789432196529,
              39.61693614438752
            ],
            [
              117.13014285660745,
              39.616961981909924
            ]
          ],
          [
            [
              117.13014285660745,
              39.616961981909924
            ],
            [
              117.12218468567471,
              39.61799550978492
            ]
          ],
          [
            [
              117.12218468567471,
              39.61799550978492
            ],
            [
              117.03516157384752,
              39.64672760719327
            ]
          ],
          [
            [
              117.03516157384752,
              39.64672760719327
            ],
            [
              116.95506310417886,
              39.6646593288649
            ]
          ],
          [
            [
              116.95506310417886,
              39.6646593288649
            ],
            [
              116.92839806521852,
              39.67458120455893
            ]
          ],
          [
            [
              116.92839806521852,
              39.67458120455893
            ],
            [
              116.91630578008767,
              39.68104075782469
            ]
          ],
          [
            [
              116.91630578008767,
              39.68104075782469
            ],
            [
              116.90731408127976,
              39.68470978402928
            ]
          ],
          [
            [
              116.90731408127976,
              39.68470978402928
            ],
            [
              116.90312829023833,
              39.68587250401282
            ]
          ],
          [
            [
              116.90312829023833,
              39.68587250401282
            ],
            [
              116.89005415227723,
              39.68757782635561
            ]
          ],
          [
            [
              116.89005415227723,
              39.68757782635561
            ],
            [
              116.87563642807868,
              39.68646678321545
            ]
          ],
          [
            [
              116.87563642807868,
              39.68646678321545
            ],
            [
              116.87408613536684,
              39.694063218942404
            ]
          ],
          [
            [
              116.87408613536684,
              39.694063218942404
            ],
            [
              116.87393110573589,
              39.6990241563397
            ]
          ],
          [
            [
              116.87393110573589,
              39.6990241563397
            ],
            [
              116.87517134008522,
              39.71057383911136
            ]
          ],
          [
            [
              116.87517134008522,
              39.71057383911136
            ],
            [
              116.87656660406549,
              39.71434621810346
            ]
          ],
          [
            [
              116.87656660406549,
              39.71434621810346
            ],
            [
              116.88028730711346,
              39.720237332386944
            ]
          ],
          [
            [
              116.88028730711346,
              39.720237332386944
            ],
            [
              116.90467858295017,
              39.751682440692036
            ]
          ],
          [
            [
              116.90467858295017,
              39.751682440692036
            ],
            [
              116.90576378766866,
              39.754576321440084
            ]
          ],
          [
            [
              116.90576378766866,
              39.754576321440084
            ],
            [
              116.91367028175807,
              39.765376695378166
            ]
          ],
          [
            [
              116.91367028175807,
              39.765376695378166
            ],
            [
              116.92219689257252,
              39.77359324783009
            ]
          ],
          [
            [
              116.92219689257252,
              39.77359324783009
            ],
            [
              116.92793297722505,
              39.78589223943527
            ]
          ],
          [
            [
              116.92793297722505,
              39.78589223943527
            ],
            [
              116.92963829956784,
              39.79444468777211
            ]
          ],
          [
            [
              116.92963829956784,
              39.79444468777211
            ],
            [
              116.92870812358103,
              39.801395169251634
            ]
          ],
          [
            [
              116.92870812358103,
              39.801395169251634
            ],
            [
              116.91599572172515,
              39.83291779192251
            ]
          ],
          [
            [
              116.91599572172515,
              39.83291779192251
            ],
            [
              116.91336022339556,
              39.83738780380406
            ]
          ],
          [
            [
              116.91336022339556,
              39.83738780380406
            ],
            [
              116.91010460834093,
              39.841289374005385
            ]
          ],
          [
            [
              116.91010460834093,
              39.841289374005385
            ],
            [
              116.90607384693044,
              39.84371816675997
            ]
          ],
          [
            [
              116.90607384693044,
              39.84371816675997
            ],
            [
              116.90250817261403,
              39.843020534769835
            ]
          ],
          [
            [
              116.90250817261403,
              39.843020534769835
            ],
            [
              116.89646202959898,
              39.83689687828826
            ]
          ],
          [
            [
              116.89646202959898,
              39.83689687828826
            ],
            [
              116.89222456261348,
              39.83105744084821
            ]
          ],
          [
            [
              116.89222456261348,
              39.83105744084821
            ],
            [
              116.88431806942333,
              39.83072154406398
            ]
          ],
          [
            [
              116.88431806942333,
              39.83072154406398
            ],
            [
              116.87920210239508,
              39.83240102798504
            ]
          ],
          [
            [
              116.87920210239508,
              39.83240102798504
            ],
            [
              116.86943525633194,
              39.83855052288828
            ]
          ],
          [
            [
              116.86943525633194,
              39.83855052288828
            ],
            [
              116.86338911331688,
              39.84123769806132
            ]
          ],
          [
            [
              116.86338911331688,
              39.84123769806132
            ],
            [
              116.85021162256828,
              39.8454234891027
            ]
          ],
          [
            [
              116.85021162256828,
              39.8454234891027
            ],
            [
              116.84540571480181,
              39.847490545752066
            ]
          ],
          [
            [
              116.84540571480181,
              39.847490545752066
            ],
            [
              116.84230512937813,
              39.84984182414087
            ]
          ],
          [
            [
              116.84230512937813,
              39.84984182414087
            ],
            [
              116.83217654810915,
              39.859815374879645
            ]
          ],
          [
            [
              116.83217654810915,
              39.859815374879645
            ],
            [
              116.82349490766376,
              39.866972561034856
            ]
          ],
          [
            [
              116.82349490766376,
              39.866972561034856
            ],
            [
              116.81589847193686,
              39.87513743754266
            ]
          ],
          [
            [
              116.81589847193686,
              39.87513743754266
            ],
            [
              116.81093753543882,
              39.87854808222818
            ]
          ],
          [
            [
              116.81093753543882,
              39.87854808222818
            ],
            [
              116.80504642115534,
              39.880976874083444
            ]
          ],
          [
            [
              116.80504642115534,
              39.880976874083444
            ],
            [
              116.79011193211988,
              39.88319896126302
            ]
          ],
          [
            [
              116.79011193211988,
              39.88319896126302
            ],
            [
              116.78442752521005,
              39.885627753118285
            ]
          ],
          [
            [
              116.78442752521005,
              39.885627753118285
            ],
            [
              116.78143029167461,
              39.889658515428096
            ]
          ],
          [
            [
              116.78143029167461,
              39.889658515428096
            ],
            [
              116.77894982297585,
              39.902422594127415
            ]
          ],
          [
            [
              116.77894982297585,
              39.902422594127415
            ],
            [
              116.77600426628385,
              39.909941515488526
            ]
          ],
          [
            [
              116.77600426628385,
              39.909941515488526
            ],
            [
              116.75786583903721,
              39.93006948501869
            ]
          ],
          [
            [
              116.75786583903721,
              39.93006948501869
            ],
            [
              116.74933922732339,
              39.94314362208047
            ]
          ],
          [
            [
              116.74933922732339,
              39.94314362208047
            ],
            [
              116.74499840665112,
              39.95306549687518
            ]
          ],
          [
            [
              116.74499840665112,
              39.95306549687518
            ],
            [
              116.74422326119452,
              39.95900828710273
            ]
          ],
          [
            [
              116.74422326119452,
              39.95900828710273
            ],
            [
              116.7446883482886,
              39.96497691485274
            ]
          ],
          [
            [
              116.7446883482886,
              39.96497691485274
            ],
            [
              116.74623864100045,
              39.97104889628952
            ]
          ],
          [
            [
              116.74623864100045,
              39.97104889628952
            ],
            [
              116.75678063431872,
              40.000246079892634
            ]
          ],
          [
            [
              116.75678063431872,
              40.000246079892634
            ],
            [
              116.75941613174905,
              40.012622585863596
            ]
          ],
          [
            [
              116.75941613174905,
              40.012622585863596
            ],
            [
              116.76499718587138,
              40.0189529488195
            ]
          ],
          [
            [
              116.76499718587138,
              40.0189529488195
            ],
            [
              116.7738338559476,
              40.02463735572934
            ]
          ],
          [
            [
              116.7738338559476,
              40.02463735572934
            ],
            [
              116.79434940000476,
              40.03145864510037
            ]
          ],
          [
            [
              116.79434940000476,
              40.03145864510037
            ],
            [
              116.82938602104798,
              40.03667796491612
            ]
          ],
          [
            [
              116.82938602104798,
              40.03667796491612
            ],
            [
              116.98767093336687,
              40.03435252494904
            ]
          ],
          [
            [
              116.98767093336687,
              40.03435252494904
            ],
            [
              116.9955774265569,
              40.03585114171682
            ]
          ],
          [
            [
              116.9955774265569,
              40.03585114171682
            ],
            [
              117.00508589110098,
              40.03879669930819
            ]
          ],
          [
            [
              117.00508589110098,
              40.03879669930819
            ],
            [
              117.06430708240589,
              40.064841619744925
            ]
          ],
          [
            [
              117.06430708240589,
              40.064841619744925
            ],
            [
              117.2390767755727,
              40.09261770274475
            ]
          ],
          [
            [
              118.0095633141336,
              39.21855181175426
            ],
            [
              117.97372480600006,
              39.216131903000075
            ],
            [
              117.93116295700008,
              39.212103583000044
            ],
            [
              117.88559004000001,
              39.20111725500004
            ],
            [
              117.811815508,
              39.15136979500005
            ],
            [
              117.75733483200008,
              39.114447333000044
            ],
            [
              117.73755944100003,
              39.10639069200005
            ],
            [
              117.71542402400007,
              39.111395575000074
            ],
            [
              117.71827233200008,
              39.093003648000035
            ],
            [
              117.72664914300003,
              39.08829118400007
            ],
            [
              117.73781695600007,
              39.078387182000085
            ],
            [
              117.751477841,
              39.06791408700008
            ],
            [
              117.75748395000005,
              39.04508591500007
            ],
            [
              117.76577158100008,
              39.02615531500004
            ],
            [
              117.773615103,
              38.99890416300008
            ],
            [
              117.775263945,
              38.981058362000056
            ],
            [
              117.74325605600006,
              38.98224518400008
            ],
            [
              117.72950280000009,
              38.984361070000034
            ],
            [
              117.70191491000003,
              38.995306708000044
            ],
            [
              117.70435631600003,
              38.98615143400008
            ],
            [
              117.70557701900009,
              38.984361070000034
            ],
            [
              117.70875084700003,
              38.98102448100008
            ],
            [
              117.58399498800009,
              38.81159088700008
            ],
            [
              117.57837975400003,
              38.792669989000046
            ],
            [
              117.57626386800007,
              38.77374909100007
            ],
            [
              117.57322225600001,
              38.71374780800005
            ],
            [
              117.55877791300009,
              38.69094144700006
            ],
            [
              117.55724628600001,
              38.67234853300005
            ],
            [
              117.56047272400008,
              38.657096624000076
            ],
            [
              117.5529534530001,
              38.64344657500004
            ],
            [
              117.54354902400007,
              38.62132396000004
            ]
          ],
          [
            [
              116.79341922401795,
              39.602311712815265
            ],
            [
              116.80768191858567,
              39.60797028310208
            ]
          ],
          [
            [
              116.80768191858567,
              39.60797028310208
            ],
            [
              116.81217776888889,
              39.61081248610731
            ]
          ],
          [
            [
              116.81217776888889,
              39.61081248610731
            ],
            [
              116.82163455569014,
              39.619080715402674
            ]
          ],
          [
            [
              116.82163455569014,
              39.619080715402674
            ],
            [
              116.85625776558334,
              39.657269598713015
            ]
          ],
          [
            [
              116.85625776558334,
              39.657269598713015
            ],
            [
              116.87563642807868,
              39.68646678321545
            ]
          ],
          [
            [
              117.2390767755727,
              40.09261770274475
            ],
            [
              117.28858279765791,
              40.10003327131841
            ]
          ],
          [
            [
              117.28858279765791,
              40.10003327131841
            ],
            [
              117.30108849483815,
              40.104322415147294
            ]
          ],
          [
            [
              117.30108849483815,
              40.104322415147294
            ],
            [
              117.30625613781046,
              40.10721629499602
            ]
          ],
          [
            [
              117.30625613781046,
              40.10721629499602
            ],
            [
              117.31059695758347,
              40.11047191005059
            ]
          ],
          [
            [
              117.31059695758347,
              40.11047191005059
            ],
            [
              117.31555789588015,
              40.11646637622226
            ]
          ],
          [
            [
              117.31555789588015,
              40.11646637622226
            ],
            [
              117.32082889163996,
              40.12468292957351
            ]
          ],
          [
            [
              117.32082889163996,
              40.12468292957351
            ],
            [
              117.33292117677081,
              40.149074205410216
            ]
          ],
          [
            [
              117.33292117677081,
              40.149074205410216
            ],
            [
              117.33715864465569,
              40.15561127394113
            ]
          ],
          [
            [
              117.33715864465569,
              40.15561127394113
            ],
            [
              117.33994917171685,
              40.1588668889957
            ]
          ],
          [
            [
              117.33994917171685,
              40.1588668889957
            ],
            [
              117.35948286294376,
              40.17548086195217
            ]
          ],
          [
            [
              117.35948286294376,
              40.17548086195217
            ],
            [
              117.3636686539852,
              40.180493476192964
            ]
          ],
          [
            [
              117.3636686539852,
              40.180493476192964
            ],
            [
              117.36816450428842,
              40.18772817581464
            ]
          ],
          [
            [
              117.36816450428842,
              40.18772817581464
            ],
            [
              117.37080000171864,
              40.19403270124815
            ]
          ],
          [
            [
              117.37080000171864,
              40.19403270124815
            ],
            [
              117.37204023606796,
              40.20064728414485
            ]
          ],
          [
            [
              117.37204023606796,
              40.20064728414485
            ],
            [
              117.36971479700026,
              40.21795888909145
            ]
          ],
          [
            [
              117.36971479700026,
              40.21795888909145
            ],
            [
              117.3567956886701,
              40.25702627244448
            ]
          ],
          [
            [
              113.72104861939818,
              36.35586904611955
            ],
            [
              113.72177208891071,
              36.354835517345236
            ]
          ],
          [
            [
              113.72177208891071,
              36.354835517345236
            ],
            [
              113.72125532407392,
              36.33349315008877
            ]
          ],
          [
            [
              113.72125532407392,
              36.33349315008877
            ],
            [
              113.70482221917007,
              36.289619858969274
            ]
          ],
          [
            [
              113.70482221917007,
              36.289619858969274
            ],
            [
              113.69583052036216,
              36.27504710513978
            ]
          ],
          [
            [
              113.69583052036216,
              36.27504710513978
            ],
            [
              113.67981082570896,
              36.2381501330222
            ]
          ],
          [
            [
              113.67981082570896,
              36.2381501330222
            ],
            [
              113.67614179860504,
              36.23269826920972
            ]
          ],
          [
            [
              113.67614179860504,
              36.23269826920972
            ],
            [
              113.67397138916829,
              36.227246406296615
            ]
          ],
          [
            [
              113.67397138916829,
              36.227246406296615
            ],
            [
              113.67288618355053,
              36.22145864480058
            ]
          ],
          [
            [
              113.67288618355053,
              36.22145864480058
            ],
            [
              113.67536665224918,
              36.21419810585786
            ]
          ],
          [
            [
              113.67536665224918,
              36.21419810585786
            ],
            [
              113.67877729693464,
              36.209263006882225
            ]
          ],
          [
            [
              113.67877729693464,
              36.209263006882225
            ],
            [
              113.68296308797608,
              36.205025539896724
            ]
          ],
          [
            [
              113.68296308797608,
              36.205025539896724
            ],
            [
              113.6917997580523,
              36.1980492208948
            ]
          ],
          [
            [
              113.6917997580523,
              36.1980492208948
            ],
            [
              113.69448693232607,
              36.193708401121796
            ]
          ],
          [
            [
              113.69448693232607,
              36.193708401121796
            ],
            [
              113.69448693232607,
              36.188282375731035
            ]
          ],
          [
            [
              113.69448693232607,
              36.188282375731035
            ],
            [
              113.69040449407214,
              36.18215871835014
            ]
          ],
          [
            [
              113.69040449407214,
              36.18215871835014
            ],
            [
              113.68559858630567,
              36.17799876573042
            ]
          ],
          [
            [
              113.68559858630567,
              36.17799876573042
            ],
            [
              113.6756767106117,
              36.171539212464666
            ]
          ],
          [
            [
              113.6756767106117,
              36.171539212464666
            ],
            [
              113.6722660668255,
              36.167043362161394
            ]
          ],
          [
            [
              113.6722660668255,
              36.167043362161394
            ],
            [
              113.67133589083869,
              36.16141063119568
            ]
          ],
          [
            [
              113.67133589083869,
              36.16141063119568
            ],
            [
              113.67521162261824,
              36.15278066669441
            ]
          ],
          [
            [
              113.67521162261824,
              36.15278066669441
            ],
            [
              113.68973270140305,
              36.14037832320105
            ]
          ],
          [
            [
              113.68973270140305,
              36.14037832320105
            ],
            [
              113.69335005076414,
              36.13629588494712
            ]
          ],
          [
            [
              113.69335005076414,
              36.13629588494712
            ],
            [
              113.69459028511358,
              36.13019806598794
            ]
          ],
          [
            [
              113.69459028511358,
              36.13019806598794
            ],
            [
              113.69386681470166,
              36.12291168952282
            ]
          ],
          [
            [
              113.69386681470166,
              36.12291168952282
            ],
            [
              113.68776899574254,
              36.111439521117006
            ]
          ],
          [
            [
              113.68776899574254,
              36.111439521117006
            ],
            [
              113.68296308797608,
              36.104824937320984
            ]
          ],
          [
            [
              113.68296308797608,
              36.104824937320984
            ],
            [
              113.67955244329062,
              36.09784861921838
            ]
          ],
          [
            [
              113.67955244329062,
              36.09784861921838
            ],
            [
              113.67846723767286,
              36.09107900579147
            ]
          ],
          [
            [
              113.67846723767286,
              36.09107900579147
            ],
            [
              113.68032758964648,
              36.08069204390267
            ]
          ],
          [
            [
              113.68032758964648,
              36.08069204390267
            ],
            [
              113.68606367429913,
              36.0618818221883
            ]
          ],
          [
            [
              113.68606367429913,
              36.0618818221883
            ],
            [
              113.68714887901751,
              36.05573232728506
            ]
          ],
          [
            [
              113.68714887901751,
              36.05573232728506
            ],
            [
              113.6852885270439,
              36.04397593803907
            ]
          ],
          [
            [
              113.6852885270439,
              36.04397593803907
            ],
            [
              113.66947553886496,
              35.9952450632091
            ]
          ],
          [
            [
              113.66947553886496,
              35.9952450632091
            ],
            [
              113.6626542503933,
              35.98100820616378
            ]
          ],
          [
            [
              113.6626542503933,
              35.98100820616378
            ],
            [
              113.65624637307167,
              35.971861476825666
            ]
          ],
          [
            [
              113.65624637307167,
              35.971861476825666
            ],
            [
              113.63578250495857,
              35.96059601489418
            ]
          ],
          [
            [
              113.63578250495857,
              35.96059601489418
            ],
            [
              113.63113162592379,
              35.95734039983955
            ]
          ],
          [
            [
              113.63113162592379,
              35.95734039983955
            ],
            [
              113.62756595340602,
              35.95323212316396
            ]
          ],
          [
            [
              113.62756595340602,
              35.95323212316396
            ],
            [
              113.62570560143229,
              35.94607493700869
            ]
          ],
          [
            [
              113.62570560143229,
              35.94607493700869
            ],
            [
              113.62555057180145,
              35.93672150299494
            ]
          ],
          [
            [
              113.62555057180145,
              35.93672150299494
            ],
            [
              113.62896121558754,
              35.920856838872
            ]
          ],
          [
            [
              113.62896121558754,
              35.920856838872
            ],
            [
              113.63020145083624,
              35.909074612103666
            ]
          ],
          [
            [
              113.63020145083624,
              35.909074612103666
            ],
            [
              113.63035647956781,
              35.89703400291688
            ]
          ],
          [
            [
              113.63035647956781,
              35.89703400291688
            ],
            [
              113.62089969276656,
              35.85548615176447
            ]
          ],
          [
            [
              113.62089969276656,
              35.85548615176447
            ],
            [
              113.62244998637777,
              35.84220530912768
            ]
          ],
          [
            [
              113.62244998637777,
              35.84220530912768
            ],
            [
              113.63144168518556,
              35.82453196897518
            ]
          ],
          [
            [
              113.63144168518556,
              35.82453196897518
            ],
            [
              113.63252688990406,
              35.81817576849687
            ]
          ],
          [
            [
              113.63252688990406,
              35.81817576849687
            ],
            [
              113.59438968343704,
              35.807840480753555
            ]
          ],
          [
            [
              113.59438968343704,
              35.807840480753555
            ],
            [
              113.59030724518323,
              35.786653144027355
            ]
          ],
          [
            [
              113.59030724518323,
              35.786653144027355
            ],
            [
              113.5934078306069,
              35.77693797480765
            ]
          ],
          [
            [
              113.5934078306069,
              35.77693797480765
            ],
            [
              113.5948547714305,
              35.77440582926556
            ]
          ],
          [
            [
              113.5948547714305,
              35.77440582926556
            ],
            [
              113.59656009287391,
              35.77022003822418
            ]
          ],
          [
            [
              113.59656009287391,
              35.77022003822418
            ],
            [
              113.59733524012915,
              35.764845688777484
            ]
          ],
          [
            [
              113.59733524012915,
              35.764845688777484
            ],
            [
              113.59733524012915,
              35.75885122350513
            ]
          ],
          [
            [
              113.59733524012915,
              35.75885122350513
            ],
            [
              113.58472619016152,
              35.686865953500956
            ]
          ],
          [
            [
              113.58472619016152,
              35.686865953500956
            ],
            [
              113.58534630688655,
              35.68092316327335
            ]
          ],
          [
            [
              113.58534630688655,
              35.68092316327335
            ],
            [
              113.58720665886017,
              35.67570384435692
            ]
          ],
          [
            [
              113.58720665886017,
              35.67570384435692
            ],
            [
              113.59376956581275,
              35.667177231743835
            ]
          ],
          [
            [
              113.59376956581275,
              35.667177231743835
            ],
            [
              113.60477664622522,
              35.65539500587482
            ]
          ],
          [
            [
              113.60477664622522,
              35.65539500587482
            ],
            [
              113.6077738788614,
              35.65095083331431
            ]
          ],
          [
            [
              113.6077738788614,
              35.65095083331431
            ],
            [
              113.60994428919753,
              35.64606741028274
            ]
          ],
          [
            [
              113.60994428919753,
              35.64606741028274
            ],
            [
              113.61035770124693,
              35.640176296898574
            ]
          ],
          [
            [
              113.61035770124693,
              35.640176296898574
            ],
            [
              113.60958255399157,
              35.63410431636112
            ]
          ],
          [
            [
              113.60958255399157,
              35.63410431636112
            ],
            [
              113.60446658696333,
              35.626327013480875
            ]
          ],
          [
            [
              113.60446658696333,
              35.626327013480875
            ],
            [
              113.59526818168115,
              35.61829132728292
            ]
          ],
          [
            [
              113.59526818168115,
              35.61829132728292
            ],
            [
              113.5461238948019,
              35.590644436391585
            ]
          ],
          [
            [
              113.5461238948019,
              35.590644436391585
            ],
            [
              113.51599653521191,
              35.563126735810215
            ]
          ],
          [
            [
              113.51599653521191,
              35.563126735810215
            ],
            [
              113.49129520101269,
              35.525480454859064
            ]
          ],
          [
            [
              113.49129520101269,
              35.525480454859064
            ],
            [
              113.48778120264035,
              35.521294663817685
            ]
          ],
          [
            [
              113.48778120264035,
              35.521294663817685
            ],
            [
              113.47982303260687,
              35.51364655214667
            ]
          ],
          [
            [
              113.47982303260687,
              35.51364655214667
            ],
            [
              113.47537886004636,
              35.51023590836047
            ]
          ],
          [
            [
              113.47537886004636,
              35.51023590836047
            ],
            [
              113.46762739468852,
              35.505636705269694
            ]
          ],
          [
            [
              113.46762739468852,
              35.505636705269694
            ],
            [
              113.43036868736499,
              35.48938446751913
            ]
          ],
          [
            [
              113.43036868736499,
              35.48938446751913
            ],
            [
              113.37305952397776,
              35.47398489049027
            ]
          ],
          [
            [
              113.37305952397776,
              35.47398489049027
            ],
            [
              113.32841108560308,
              35.46300364849958
            ]
          ],
          [
            [
              113.32841108560308,
              35.46300364849958
            ],
            [
              113.31042768798739,
              35.464760646786374
            ]
          ],
          [
            [
              113.31042768798739,
              35.464760646786374
            ],
            [
              113.30484663296568,
              35.46584585240413
            ]
          ],
          [
            [
              113.30484663296568,
              35.46584585240413
            ],
            [
              113.29998904835588,
              35.464657293998926
            ]
          ],
          [
            [
              113.29998904835588,
              35.464657293998926
            ],
            [
              113.29781863801963,
              35.45920543108576
            ]
          ],
          [
            [
              113.29781863801963,
              35.45920543108576
            ],
            [
              113.29843875474467,
              35.4538052432174
            ]
          ],
          [
            [
              113.29843875474467,
              35.4538052432174
            ],
            [
              113.29967898999337,
              35.44832754188252
            ]
          ],
          [
            [
              113.29967898999337,
              35.44832754188252
            ],
            [
              113.29926557794397,
              35.44259145812924
            ]
          ],
          [
            [
              113.29926557794397,
              35.44259145812924
            ],
            [
              113.29704349166377,
              35.43760468231022
            ]
          ],
          [
            [
              113.29704349166377,
              35.43760468231022
            ],
            [
              113.29394290624009,
              35.43292796485366
            ]
          ],
          [
            [
              113.29394290624009,
              35.43292796485366
            ],
            [
              113.2900671726618,
              35.428948880286555
            ]
          ],
          [
            [
              113.2900671726618,
              35.428948880286555
            ],
            [
              113.28603641215068,
              35.425486558757655
            ]
          ],
          [
            [
              113.28603641215068,
              35.425486558757655
            ],
            [
              113.2803003283974,
              35.42192088534057
            ]
          ],
          [
            [
              113.2803003283974,
              35.42192088534057
            ],
            [
              113.27285892140208,
              35.41918203422347
            ]
          ],
          [
            [
              113.27285892140208,
              35.41918203422347
            ],
            [
              113.26030154827777,
              35.41758006376892
            ]
          ],
          [
            [
              113.26030154827777,
              35.41758006376892
            ],
            [
              113.24417850083705,
              35.419905503736004
            ]
          ],
          [
            [
              113.24417850083705,
              35.419905503736004
            ],
            [
              113.2374605651529,
              35.41959544537349
            ]
          ],
          [
            [
              113.2374605651529,
              35.41959544537349
            ],
            [
              113.23187951103057,
              35.41690827109983
            ]
          ],
          [
            [
              113.23187951103057,
              35.41690827109983
            ],
            [
              113.22485151608453,
              35.40975108494462
            ]
          ],
          [
            [
              113.22485151608453,
              35.40975108494462
            ],
            [
              113.21513634596556,
              35.403369046044645
            ]
          ],
          [
            [
              113.21513634596556,
              35.403369046044645
            ],
            [
              113.16842085184078,
              35.38856374821836
            ]
          ],
          [
            [
              113.16842085184078,
              35.38856374821836
            ],
            [
              113.15953250492112,
              35.38414541318025
            ]
          ],
          [
            [
              113.15953250492112,
              35.38414541318025
            ],
            [
              113.14702680864025,
              35.37427521432966
            ]
          ],
          [
            [
              113.14702680864025,
              35.37427521432966
            ],
            [
              113.14082563689362,
              35.368074042582975
            ]
          ],
          [
            [
              113.14082563689362,
              35.368074042582975
            ],
            [
              113.13648481712062,
              35.36290639871129
            ]
          ],
          [
            [
              113.13648481712062,
              35.36290639871129
            ],
            [
              113.13276411317327,
              35.35629181581464
            ]
          ],
          [
            [
              113.13276411317327,
              35.35629181581464
            ],
            [
              113.12956017496208,
              35.3522868919265
            ]
          ],
          [
            [
              113.12956017496208,
              35.3522868919265
            ],
            [
              113.12087853361743,
              35.34797191057521
            ]
          ],
          [
            [
              113.12087853361743,
              35.34797191057521
            ],
            [
              113.10806277897404,
              35.343760281112054
            ]
          ],
          [
            [
              113.10806277897404,
              35.343760281112054
            ],
            [
              113.05576622892829,
              35.33474274298317
            ]
          ],
          [
            [
              113.05576622892829,
              35.33474274298317
            ],
            [
              113.0374727720507,
              35.3343293318332
            ]
          ],
          [
            [
              113.0374727720507,
              35.3343293318332
            ],
            [
              113.01979943189826,
              35.328593248079926
            ]
          ],
          [
            [
              113.01979943189826,
              35.328593248079926
            ],
            [
              112.98765669160298,
              35.304512031505055
            ]
          ],
          [
            [
              112.98765669160298,
              35.304512031505055
            ],
            [
              112.97850996316424,
              35.29236806953077
            ]
          ],
          [
            [
              112.97850996316424,
              35.29236806953077
            ],
            [
              112.97277387941097,
              35.28311798830447
            ]
          ],
          [
            [
              112.97277387941097,
              35.28311798830447
            ],
            [
              112.97122358579975,
              35.27924225472623
            ]
          ],
          [
            [
              112.97122358579975,
              35.27924225472623
            ],
            [
              112.96967329308791,
              35.27702016934529
            ]
          ],
          [
            [
              112.96967329308791,
              35.27702016934529
            ],
            [
              112.96357547412879,
              35.271542467111146
            ]
          ],
          [
            [
              112.96357547412879,
              35.271542467111146
            ],
            [
              112.95458377532088,
              35.265315456942744
            ]
          ],
          [
            [
              112.95458377532088,
              35.265315456942744
            ],
            [
              112.91737674394153,
              35.249528307185585
            ]
          ],
          [
            [
              112.91737674394153,
              35.249528307185585
            ],
            [
              112.90275231326859,
              35.24058828432186
            ]
          ],
          [
            [
              112.90275231326859,
              35.24058828432186
            ],
            [
              112.88306359331011,
              35.23839203556395
            ]
          ],
          [
            [
              112.88306359331011,
              35.23839203556395
            ],
            [
              112.80761600087772,
              35.24198354830207
            ]
          ],
          [
            [
              112.80761600087772,
              35.24198354830207
            ],
            [
              112.72379682816108,
              35.27453969974732
            ]
          ],
          [
            [
              112.72379682816108,
              35.27453969974732
            ],
            [
              112.71904259633868,
              35.27764028607032
            ]
          ],
          [
            [
              112.71904259633868,
              35.27764028607032
            ],
            [
              112.71051598462498,
              35.28510752968873
            ]
          ],
          [
            [
              112.71051598462498,
              35.28510752968873
            ],
            [
              112.69997399310523,
              35.29748403655901
            ]
          ],
          [
            [
              112.69997399310523,
              35.29748403655901
            ],
            [
              112.69217085180333,
              35.30497711769982
            ]
          ],
          [
            [
              112.69217085180333,
              35.30497711769982
            ],
            [
              112.68772667924281,
              35.308336087340535
            ]
          ],
          [
            [
              112.68772667924281,
              35.308336087340535
            ],
            [
              112.68245568168436,
              35.31117829034582
            ]
          ],
          [
            [
              112.68245568168436,
              35.31117829034582
            ],
            [
              112.67460086533765,
              35.312185980698416
            ]
          ],
          [
            [
              112.67460086533765,
              35.312185980698416
            ],
            [
              112.66473066558774,
              35.31128164313333
            ]
          ],
          [
            [
              112.66473066558774,
              35.31128164313333
            ],
            [
              112.64209638893715,
              35.30342682498798
            ]
          ],
          [
            [
              112.64209638893715,
              35.30342682498798
            ],
            [
              112.63015913343725,
              35.29748403655901
            ]
          ],
          [
            [
              112.63015913343725,
              35.29748403655901
            ],
            [
              112.62561160718985,
              35.29443512618013
            ]
          ],
          [
            [
              112.62561160718985,
              35.29443512618013
            ],
            [
              112.61010867737355,
              35.287743028018326
            ]
          ],
          [
            [
              112.61010867737355,
              35.287743028018326
            ],
            [
              112.60592288633211,
              35.28430654581041
            ]
          ],
          [
            [
              112.60592288633211,
              35.28430654581041
            ],
            [
              112.60266727127748,
              35.28009491634731
            ]
          ],
          [
            [
              112.60266727127748,
              35.28009491634731
            ],
            [
              112.60080691930386,
              35.27443634695982
            ]
          ],
          [
            [
              112.60080691930386,
              35.27443634695982
            ],
            [
              112.59987674421632,
              35.268596910419035
            ]
          ],
          [
            [
              112.59987674421632,
              35.268596910419035
            ],
            [
              112.59739627461829,
              35.262240709041464
            ]
          ],
          [
            [
              112.59739627461829,
              35.262240709041464
            ],
            [
              112.59166019086513,
              35.25324901023362
            ]
          ],
          [
            [
              112.59166019086513,
              35.25324901023362
            ],
            [
              112.5871643405618,
              35.24756460242446
            ]
          ],
          [
            [
              112.5871643405618,
              35.24756460242446
            ],
            [
              112.58592410711185,
              35.245109972147475
            ]
          ],
          [
            [
              112.58592410711185,
              35.245109972147475
            ],
            [
              112.58514895985661,
              35.243792223432365
            ]
          ],
          [
            [
              112.58514895985661,
              35.243792223432365
            ],
            [
              112.58323693193881,
              35.24198354830207
            ]
          ],
          [
            [
              112.58323693193881,
              35.24198354830207
            ],
            [
              112.56447838796714,
              35.23185496703309
            ]
          ],
          [
            [
              112.56447838796714,
              35.23185496703309
            ],
            [
              112.55316124919227,
              35.22751414636076
            ]
          ],
          [
            [
              112.55316124919227,
              35.22751414636076
            ],
            [
              112.52597944539502,
              35.22027944583971
            ]
          ],
          [
            [
              112.52597944539502,
              35.22027944583971
            ],
            [
              112.48954756127091,
              35.21950429948379
            ]
          ],
          [
            [
              112.48954756127091,
              35.21950429948379
            ],
            [
              112.44035159664884,
              35.22609304485809
            ]
          ],
          [
            [
              112.44035159664884,
              35.22609304485809
            ],
            [
              112.42934451713575,
              35.22901276312848
            ]
          ],
          [
            [
              112.42934451713575,
              35.22901276312848
            ],
            [
              112.41740726073647,
              35.23345693568899
            ]
          ],
          [
            [
              112.41740726073647,
              35.23345693568899
            ],
            [
              112.41053429632063,
              35.23526561081928
            ]
          ],
          [
            [
              112.41053429632063,
              35.23526561081928
            ],
            [
              112.4015425957142,
              35.23578237655539
            ]
          ],
          [
            [
              112.4015425957142,
              35.23578237655539
            ],
            [
              112.39084557456351,
              35.23505890614359
            ]
          ],
          [
            [
              112.39084557456351,
              35.23505890614359
            ],
            [
              112.36681603393276,
              35.22849599919101
            ]
          ],
          [
            [
              112.36681603393276,
              35.22849599919101
            ],
            [
              112.35389692560261,
              35.22345754742787
            ]
          ],
          [
            [
              112.35389692560261,
              35.22345754742787
            ],
            [
              112.334983352,
              35.2186774771838
            ]
          ],
          [
            [
              112.334983352,
              35.2186774771838
            ],
            [
              112.15669965956158,
              35.23660919885543
            ]
          ],
          [
            [
              112.15669965956158,
              35.23660919885543
            ],
            [
              112.1347888533229,
              35.229555366387046
            ]
          ],
          [
            [
              112.1347888533229,
              35.229555366387046
            ],
            [
              112.12414350811639,
              35.22844432234757
            ]
          ],
          [
            [
              112.12414350811639,
              35.22844432234757
            ],
            [
              112.11230960540388,
              35.229684556696895
            ]
          ],
          [
            [
              112.11230960540388,
              35.229684556696895
            ],
            [
              112.07877160022917,
              35.23707428594952
            ]
          ],
          [
            [
              112.07877160022917,
              35.23707428594952
            ],
            [
              112.05846276264629,
              35.23449046536268
            ]
          ],
          [
            [
              112.05846276264629,
              35.23449046536268
            ],
            [
              112.05970299699572,
              35.17258209888473
            ]
          ],
          [
            [
              112.05970299699572,
              35.17258209888473
            ],
            [
              112.06171837770091,
              35.15563222914403
            ]
          ],
          [
            [
              112.06171837770091,
              35.15563222914403
            ],
            [
              112.06109826097588,
              35.108477485447565
            ]
          ],
          [
            [
              112.06109826097588,
              35.108477485447565
            ],
            [
              112.0564473819411,
              35.08969310215491
            ]
          ],
          [
            [
              112.0564473819411,
              35.08969310215491
            ],
            [
              112.03991092335036,
              35.04920461729921
            ]
          ],
          [
            [
              112.03991092335036,
              35.04920461729921
            ],
            [
              112.03815392506351,
              35.04576813419203
            ]
          ],
          [
            [
              112.03815392506351,
              35.04576813419203
            ],
            [
              112.03489830910962,
              35.047809353318996
            ]
          ],
          [
            [
              112.03489830910962,
              35.047809353318996
            ],
            [
              112.0,
              35.06888240196338
            ]
          ],
          [
            [
              116.15128787593471,
              34.566727607093355
            ],
            [
              116.16338016196482,
              34.53473989552975
            ]
          ],
          [
            [
              116.16338016196482,
              34.53473989552975
            ],
            [
              116.16338016196482,
              34.527608546896886
            ]
          ],
          [
            [
              116.16338016196482,
              34.527608546896886
            ],
            [
              116.16276004434053,
              34.51936615692256
            ]
          ],
          [
            [
              116.16276004434053,
              34.51936615692256
            ],
            [
              116.16017622285437,
              34.51425018989431
            ]
          ],
          [
            [
              116.16017622285437,
              34.51425018989431
            ],
            [
              116.15702395968799,
              34.50512929897792
            ]
          ],
          [
            [
              116.15702395968799,
              34.50512929897792
            ],
            [
              116.15206302318995,
              34.466888739723515
            ]
          ],
          [
            [
              116.15206302318995,
              34.466888739723515
            ],
            [
              116.15376834463336,
              34.45526154168675
            ]
          ],
          [
            [
              116.15376834463336,
              34.45526154168675
            ],
            [
              116.15671390222474,
              34.4473033725526
            ]
          ],
          [
            [
              116.15671390222474,
              34.4473033725526
            ],
            [
              116.18715132017724,
              34.42017324469947
            ]
          ],
          [
            [
              116.18715132017724,
              34.42017324469947
            ],
            [
              116.20327436671857,
              34.40221568550544
            ]
          ],
          [
            [
              116.20327436671857,
              34.40221568550544
            ],
            [
              116.22208458933233,
              34.38916738506674
            ]
          ],
          [
            [
              116.22208458933233,
              34.38916738506674
            ],
            [
              116.26719811390183,
              34.36829010670306
            ]
          ],
          [
            [
              116.26719811390183,
              34.36829010670306
            ],
            [
              116.31530887290614,
              34.336819159076924
            ]
          ],
          [
            [
              116.31530887290614,
              34.336819159076924
            ],
            [
              116.3693107443953,
              34.28607290354165
            ]
          ],
          [
            [
              116.3693107443953,
              34.28607290354165
            ],
            [
              116.37830244410247,
              34.28023346610155
            ]
          ],
          [
            [
              116.37830244410247,
              34.28023346610155
            ],
            [
              116.38651899565502,
              34.276486925531174
            ]
          ],
          [
            [
              116.38651899565502,
              34.276486925531174
            ],
            [
              116.39385704986296,
              34.27524669028253
            ]
          ],
          [
            [
              116.39385704986296,
              34.27524669028253
            ],
            [
              116.40098839669713,
              34.2750141462858
            ]
          ],
          [
            [
              116.40098839669713,
              34.2750141462858
            ],
            [
              116.41478600507003,
              34.276486925531174
            ]
          ],
          [
            [
              116.41478600507003,
              34.276486925531174
            ],
            [
              116.43333784436595,
              34.28064687815089
            ]
          ],
          [
            [
              116.43333784436595,
              34.28064687815089
            ],
            [
              116.440365839312,
              34.280543525363385
            ]
          ],
          [
            [
              116.440365839312,
              34.280543525363385
            ],
            [
              116.46134646956386,
              34.27757213024961
            ]
          ],
          [
            [
              116.46134646956386,
              34.27757213024961
            ],
            [
              116.46785770057238,
              34.27837311502719
            ]
          ],
          [
            [
              116.46785770057238,
              34.27837311502719
            ],
            [
              116.48010501533417,
              34.28137034856269
            ]
          ],
          [
            [
              116.48010501533417,
              34.28137034856269
            ],
            [
              116.5520902853383,
              34.28684804899825
            ]
          ],
          [
            [
              116.5520902853383,
              34.28684804899825
            ],
            [
              116.56004845627115,
              34.285607815548246
            ]
          ],
          [
            [
              116.56004845627115,
              34.285607815548246
            ],
            [
              116.56935021434083,
              34.28281728848708
            ]
          ],
          [
            [
              116.56935021434083,
              34.28281728848708
            ],
            [
              116.57338097485206,
              34.278812363699615
            ]
          ],
          [
            [
              116.57338097485206,
              34.278812363699615
            ],
            [
              116.57462121010076,
              34.27447154392661
            ]
          ],
          [
            [
              116.57462121010076,
              34.27447154392661
            ],
            [
              116.57400109337573,
              34.27062165056867
            ]
          ],
          [
            [
              116.57400109337573,
              34.27062165056867
            ],
            [
              116.5671798040047,
              34.24886587216224
            ]
          ],
          [
            [
              116.5671798040047,
              34.24886587216224
            ],
            [
              116.56609459838694,
              34.24075267249782
            ]
          ],
          [
            [
              116.56609459838694,
              34.24075267249782
            ],
            [
              116.56609459838694,
              34.234861559113654
            ]
          ],
          [
            [
              116.56609459838694,
              34.234861559113654
            ],
            [
              116.56748986236721,
              34.22323436107689
            ]
          ],
          [
            [
              116.56748986236721,
              34.22323436107689
            ],
            [
              116.57338097485206,
              34.20199534840657
            ]
          ],
          [
            [
              116.57338097485206,
              34.20199534840657
            ],
            [
              116.5750862980941,
              34.19212514955598
            ]
          ],
          [
            [
              116.5750862980941,
              34.19212514955598
            ],
            [
              116.57524132682568,
              34.18876618081458
            ]
          ],
          [
            [
              116.57524132682568,
              34.18876618081458
            ],
            [
              116.57477623883233,
              34.183805243417225
            ]
          ],
          [
            [
              116.57477623883233,
              34.183805243417225
            ],
            [
              116.57353600538227,
              34.17830170276136
            ]
          ],
          [
            [
              116.57353600538227,
              34.17830170276136
            ],
            [
              116.57090050705267,
              34.1732115750541
            ]
          ],
          [
            [
              116.57090050705267,
              34.1732115750541
            ],
            [
              116.56748986236721,
              34.16881907843771
            ]
          ],
          [
            [
              116.56748986236721,
              34.16881907843771
            ],
            [
              116.56314904169483,
              34.16538259533047
            ]
          ],
          [
            [
              116.56314904169483,
              34.16538259533047
            ],
            [
              116.55849816266004,
              34.16235952427263
            ]
          ],
          [
            [
              116.55849816266004,
              34.16235952427263
            ],
            [
              116.55426069477517,
              34.158742174012104
            ]
          ],
          [
            [
              116.55426069477517,
              34.158742174012104
            ],
            [
              116.55064334541396,
              34.154711411702294
            ]
          ],
          [
            [
              116.55064334541396,
              34.154711411702294
            ],
            [
              116.54774946466603,
              34.14967295993915
            ]
          ],
          [
            [
              116.54774946466603,
              34.14967295993915
            ],
            [
              116.54542402559821,
              34.14416942018255
            ]
          ],
          [
            [
              116.54542402559821,
              34.14416942018255
            ],
            [
              116.54387373288637,
              34.138123277167495
            ]
          ],
          [
            [
              116.54387373288637,
              34.138123277167495
            ],
            [
              116.54278852726873,
              34.13166372300242
            ]
          ],
          [
            [
              116.54278852726873,
              34.13166372300242
            ],
            [
              116.54263349763778,
              34.12592763924914
            ]
          ],
          [
            [
              116.54263349763778,
              34.12592763924914
            ],
            [
              116.54294355689956,
              34.1209150250084
            ]
          ],
          [
            [
              116.54294355689956,
              34.1209150250084
            ],
            [
              116.55116011025086,
              34.10598053597295
            ]
          ],
          [
            [
              116.55116011025086,
              34.10598053597295
            ],
            [
              116.57090050705267,
              34.078747057130954
            ]
          ],
          [
            [
              116.57090050705267,
              34.078747057130954
            ],
            [
              116.60262983619793,
              34.008415431726746
            ]
          ],
          [
            [
              116.60262983619793,
              34.008415431726746
            ],
            [
              116.63420413571225,
              33.97048493083486
            ]
          ],
          [
            [
              116.63420413571225,
              33.97048493083486
            ],
            [
              116.64118045471412,
              33.95322500273164
            ]
          ],
          [
            [
              116.64118045471412,
              33.95322500273164
            ],
            [
              116.63792483876023,
              33.91855011689438
            ]
          ],
          [
            [
              116.63792483876023,
              33.91855011689438
            ],
            [
              116.63606448768587,
              33.9096100940306
            ]
          ],
          [
            [
              116.63606448768587,
              33.9096100940306
            ],
            [
              116.63249881426884,
              33.904571642267456
            ]
          ],
          [
            [
              116.63249881426884,
              33.904571642267456
            ],
            [
              116.62707278887808,
              33.90178111430697
            ]
          ],
          [
            [
              116.62707278887808,
              33.90178111430697
            ],
            [
              116.6205098819255,
              33.901626085575344
            ]
          ],
          [
            [
              116.6205098819255,
              33.901626085575344
            ],
            [
              116.61399865091698,
              33.90309886302208
            ]
          ],
          [
            [
              116.61399865091698,
              33.90309886302208
            ],
            [
              116.60795250880119,
              33.90519175899249
            ]
          ],
          [
            [
              116.60795250880119,
              33.90519175899249
            ],
            [
              116.59115766779212,
              33.91268484103256
            ]
          ],
          [
            [
              116.59115766779212,
              33.91268484103256
            ],
            [
              116.58376793764012,
              33.91152212194834
            ]
          ],
          [
            [
              116.58376793764012,
              33.91152212194834
            ],
            [
              116.57601647318165,
              33.90692291885762
            ]
          ],
          [
            [
              116.57601647318165,
              33.90692291885762
            ],
            [
              116.565939568756,
              33.89477895778265
            ]
          ],
          [
            [
              116.565939568756,
              33.89477895778265
            ],
            [
              116.55922163307184,
              33.88826772677413
            ]
          ],
          [
            [
              116.55922163307184,
              33.88826772677413
            ],
            [
              116.55271040206333,
              33.88418528941958
            ]
          ],
          [
            [
              116.55271040206333,
              33.88418528941958
            ],
            [
              116.54604414322262,
              33.88310008380182
            ]
          ],
          [
            [
              116.54604414322262,
              33.88310008380182
            ],
            [
              116.52371992403528,
              33.882169907814955
            ]
          ],
          [
            [
              116.52371992403528,
              33.882169907814955
            ],
            [
              116.51782881065105,
              33.880412909528104
            ]
          ],
          [
            [
              116.51782881065105,
              33.880412909528104
            ],
            [
              116.51240278526029,
              33.878113307982744
            ]
          ],
          [
            [
              116.51240278526029,
              33.878113307982744
            ],
            [
              116.50010379365506,
              33.87082693151763
            ]
          ],
          [
            [
              116.50010379365506,
              33.87082693151763
            ],
            [
              116.49658979708147,
              33.86927663790647
            ]
          ],
          [
            [
              116.49658979708147,
              33.86927663790647
            ],
            [
              116.49142215410905,
              33.86788137482557
            ]
          ],
          [
            [
              116.49142215410905,
              33.86788137482557
            ],
            [
              116.48522098236242,
              33.86682200852886
            ]
          ],
          [
            [
              116.48522098236242,
              33.86682200852886
            ],
            [
              116.46863284692824,
              33.861964423019685
            ]
          ],
          [
            [
              116.46863284692824,
              33.861964423019685
            ],
            [
              116.456230503435,
              33.85586660406051
            ]
          ],
          [
            [
              116.456230503435,
              33.85586660406051
            ],
            [
              116.44966759738168,
              33.85054393235657
            ]
          ],
          [
            [
              116.44966759738168,
              33.85054393235657
            ],
            [
              116.44532677581003,
              33.845014553278986
            ]
          ],
          [
            [
              116.44532677581003,
              33.845014553278986
            ],
            [
              116.4397457216877,
              33.82708283070804
            ]
          ],
          [
            [
              116.4397457216877,
              33.82708283070804
            ],
            [
              116.4371102233581,
              33.81124400500681
            ]
          ],
          [
            [
              116.4371102233581,
              33.81124400500681
            ],
            [
              116.43447472502851,
              33.80367340770158
            ]
          ],
          [
            [
              116.43447472502851,
              33.80367340770158
            ],
            [
              116.43106408124231,
              33.79866079436016
            ]
          ],
          [
            [
              116.43106408124231,
              33.79866079436016
            ],
            [
              116.42718834766401,
              33.79478506078192
            ]
          ],
          [
            [
              116.42718834766401,
              33.79478506078192
            ],
            [
              116.42372602703449,
              33.79230459208321
            ]
          ],
          [
            [
              116.42372602703449,
              33.79230459208321
            ],
            [
              116.42067711755487,
              33.79083181373721
            ]
          ],
          [
            [
              116.42067711755487,
              33.79083181373721
            ],
            [
              116.3814547063696,
              33.778687853561564
            ]
          ],
          [
            [
              116.3814547063696,
              33.778687853561564
            ],
            [
              116.18203535404825,
              33.718329779795454
            ]
          ],
          [
            [
              116.18203535404825,
              33.718329779795454
            ],
            [
              116.16617068902599,
              33.71670197181851
            ]
          ],
          [
            [
              116.16617068902599,
              33.71670197181851
            ],
            [
              116.1572823430057,
              33.71789053022377
            ]
          ],
          [
            [
              116.1572823430057,
              33.71789053022377
            ],
            [
              116.14694705616171,
              33.720345160500756
            ]
          ],
          [
            [
              116.14694705616171,
              33.720345160500756
            ],
            [
              116.14028079642162,
              33.72326487877109
            ]
          ],
          [
            [
              116.14028079642162,
              33.72326487877109
            ],
            [
              116.13469974229918,
              33.726468817881596
            ]
          ],
          [
            [
              116.13469974229918,
              33.726468817881596
            ],
            [
              116.12105716355723,
              33.73644236951969
            ]
          ],
          [
            [
              116.12105716355723,
              33.73644236951969
            ],
            [
              116.07961266519226,
              33.778351955878065
            ]
          ],
          [
            [
              116.07961266519226,
              33.778351955878065
            ],
            [
              116.06736535043058,
              33.79535350246215
            ]
          ],
          [
            [
              116.06736535043058,
              33.79535350246215
            ],
            [
              116.05930382671022,
              33.80915110903641
            ]
          ],
          [
            [
              116.05930382671022,
              33.80915110903641
            ],
            [
              116.04876183519048,
              33.83563528084352
            ]
          ],
          [
            [
              116.04876183519048,
              33.83563528084352
            ],
            [
              116.04049360589511,
              33.84904531468948
            ]
          ],
          [
            [
              116.04049360589511,
              33.84904531468948
            ],
            [
              116.0293314958518,
              33.86067251182692
            ]
          ],
          [
            [
              116.0293314958518,
              33.86067251182692
            ],
            [
              115.97067874622712,
              33.90480418626419
            ]
          ],
          [
            [
              115.97067874622712,
              33.90480418626419
            ],
            [
              115.96773318863575,
              33.908421536524656
            ]
          ],
          [
            [
              115.96773318863575,
              33.908421536524656
            ],
            [
              115.96494266157458,
              33.91276235629766
            ]
          ],
          [
            [
              115.96494266157458,
              33.91276235629766
            ],
            [
              115.96370242722514,
              33.918188380789104
            ]
          ],
          [
            [
              115.96370242722514,
              33.918188380789104
            ],
            [
              115.96370242722514,
              33.924027818229206
            ]
          ],
          [
            [
              115.96370242722514,
              33.924027818229206
            ],
            [
              115.96504601436197,
              33.92997060845681
            ]
          ],
          [
            [
              115.96504601436197,
              33.92997060845681
            ],
            [
              115.97393436128175,
              33.95224314990145
            ]
          ],
          [
            [
              115.97393436128175,
              33.95224314990145
            ],
            [
              115.97651818186853,
              33.964852199869085
            ]
          ],
          [
            [
              115.97651818186853,
              33.964852199869085
            ],
            [
              115.9764148299804,
              33.977202867418384
            ]
          ],
          [
            [
              115.9764148299804,
              33.977202867418384
            ],
            [
              115.97408939001332,
              33.9837140984269
            ]
          ],
          [
            [
              115.97408939001332,
              33.9837140984269
            ],
            [
              115.97036868696523,
              33.99076793089529
            ]
          ],
          [
            [
              115.97036868696523,
              33.99076793089529
            ],
            [
              115.96137698815744,
              34.000147203330755
            ]
          ],
          [
            [
              115.96137698815744,
              34.000147203330755
            ],
            [
              115.95331546443708,
              34.00407461195374
            ]
          ],
          [
            [
              115.95331546443708,
              34.00407461195374
            ],
            [
              115.94540897034767,
              34.005728258352406
            ]
          ],
          [
            [
              115.94540897034767,
              34.005728258352406
            ],
            [
              115.9315596860306,
              34.003247788754436
            ]
          ],
          [
            [
              115.9315596860306,
              34.003247788754436
            ],
            [
              115.9217411640235,
              34.003816230434666
            ]
          ],
          [
            [
              115.9217411640235,
              34.003816230434666
            ],
            [
              115.9065999703123,
              34.00691681585835
            ]
          ],
          [
            [
              115.9065999703123,
              34.00691681585835
            ],
            [
              115.89032189324075,
              34.01513336831027
            ]
          ],
          [
            [
              115.89032189324075,
              34.01513336831027
            ],
            [
              115.87926313688422,
              34.018078925002385
            ]
          ],
          [
            [
              115.87926313688422,
              34.018078925002385
            ],
            [
              115.87161502521315,
              34.01838898426416
            ]
          ],
          [
            [
              115.87161502521315,
              34.01838898426416
            ],
            [
              115.86670576375991,
              34.015753485934624
            ]
          ],
          [
            [
              115.86670576375991,
              34.015753485934624
            ],
            [
              115.86220991435607,
              34.01234284124911
            ]
          ],
          [
            [
              115.86220991435607,
              34.01234284124911
            ],
            [
              115.85709394732771,
              34.00908722619454
            ]
          ],
          [
            [
              115.85709394732771,
              34.00908722619454
            ],
            [
              115.85042768758763,
              34.007071845489236
            ]
          ],
          [
            [
              115.85042768758763,
              34.007071845489236
            ],
            [
              115.84112593041732,
              34.00691681585835
            ]
          ],
          [
            [
              115.84112593041732,
              34.00691681585835
            ],
            [
              115.83502811055882,
              34.00908722619454
            ]
          ],
          [
            [
              115.83502811055882,
              34.00908722619454
            ],
            [
              115.83027387873642,
              34.01239451809249
            ]
          ],
          [
            [
              115.83027387873642,
              34.01239451809249
            ],
            [
              115.81502933223783,
              34.0275873895464
            ]
          ],
          [
            [
              115.81502933223783,
              34.0275873895464
            ],
            [
              115.76991580586969,
              34.05559601474425
            ]
          ],
          [
            [
              115.76991580586969,
              34.05559601474425
            ],
            [
              115.74816002836258,
              34.065259508019835
            ]
          ],
          [
            [
              115.74816002836258,
              34.065259508019835
            ],
            [
              115.74211388624678,
              34.066267198372486
            ]
          ],
          [
            [
              115.74211388624678,
              34.066267198372486
            ],
            [
              115.73715294795011,
              34.066241359950766
            ]
          ],
          [
            [
              115.73715294795011,
              34.066241359950766
            ],
            [
              115.73296715690867,
              34.06556956638235
            ]
          ],
          [
            [
              115.73296715690867,
              34.06556956638235
            ],
            [
              115.71121137940156,
              34.05823151307385
            ]
          ],
          [
            [
              115.71121137940156,
              34.05823151307385
            ],
            [
              115.70330488531215,
              34.05691376435874
            ]
          ],
          [
            [
              115.70330488531215,
              34.05691376435874
            ],
            [
              115.67508955274059,
              34.05704295556791
            ]
          ],
          [
            [
              115.67508955274059,
              34.05704295556791
            ],
            [
              115.66635623635113,
              34.055647690688374
            ]
          ],
          [
            [
              115.66635623635113,
              34.055647690688374
            ],
            [
              115.66170535731635,
              34.054097397976534
            ]
          ],
          [
            [
              115.66170535731635,
              34.054097397976534
            ],
            [
              115.65364383269673,
              34.04841299106664
            ]
          ],
          [
            [
              115.65364383269673,
              34.04841299106664
            ],
            [
              115.61085574809431,
              34.00464305273465
            ]
          ],
          [
            [
              115.61085574809431,
              34.00464305273465
            ],
            [
              115.59716149340818,
              33.99420441310315
            ]
          ],
          [
            [
              115.59716149340818,
              33.99420441310315
            ],
            [
              115.58615441299571,
              33.97957998332953
            ]
          ],
          [
            [
              115.58615441299571,
              33.97957998332953
            ],
            [
              115.57313195187805,
              33.95198476838232
            ]
          ],
          [
            [
              115.57313195187805,
              33.95198476838232
            ],
            [
              115.56553551615116,
              33.92451874374501
            ]
          ],
          [
            [
              115.56553551615116,
              33.92451874374501
            ],
            [
              115.56134972510972,
              33.89813792652404
            ]
          ],
          [
            [
              115.56134972510972,
              33.89813792652404
            ],
            [
              115.56258996035831,
              33.8722221954979
            ]
          ],
          [
            [
              115.56258996035831,
              33.8722221954979
            ],
            [
              115.56398522343932,
              33.86788137482557
            ]
          ],
          [
            [
              115.56398522343932,
              33.86788137482557
            ],
            [
              115.56615563377545,
              33.86356639347429
            ]
          ],
          [
            [
              115.56615563377545,
              33.86356639347429
            ],
            [
              115.56941124883008,
              33.85974233673943
            ]
          ],
          [
            [
              115.56941124883008,
              33.85974233673943
            ],
            [
              115.57421715659643,
              33.85741689677235
            ]
          ],
          [
            [
              115.57421715659643,
              33.85741689677235
            ],
            [
              115.57871300689965,
              33.85648672078554
            ]
          ],
          [
            [
              115.57871300689965,
              33.85648672078554
            ],
            [
              115.58398400265958,
              33.85628001610985
            ]
          ],
          [
            [
              115.58398400265958,
              33.85628001610985
            ],
            [
              115.6041378106114,
              33.857752794455905
            ]
          ],
          [
            [
              115.6041378106114,
              33.857752794455905
            ],
            [
              115.61147586481923,
              33.85757192640324
            ]
          ],
          [
            [
              115.61147586481923,
              33.85757192640324
            ],
            [
              115.61845218292183,
              33.856357530475634
            ]
          ],
          [
            [
              115.61845218292183,
              33.856357530475634
            ],
            [
              115.62367150273758,
              33.85359284093681
            ]
          ],
          [
            [
              115.62367150273758,
              33.85359284093681
            ],
            [
              115.62728885299816,
              33.84971710915727
            ]
          ],
          [
            [
              115.62728885299816,
              33.84971710915727
            ],
            [
              115.62930423370335,
              33.844601142128965
            ]
          ],
          [
            [
              115.62930423370335,
              33.844601142128965
            ],
            [
              115.62992435132776,
              33.83876170468892
            ]
          ],
          [
            [
              115.62992435132776,
              33.83876170468892
            ],
            [
              115.6241882666751,
              33.772331651284674
            ]
          ],
          [
            [
              115.6241882666751,
              33.772331651284674
            ],
            [
              115.6224829452317,
              33.76615631795971
            ]
          ],
          [
            [
              115.6224829452317,
              33.76615631795971
            ],
            [
              115.61938235890864,
              33.761350409293925
            ]
          ],
          [
            [
              115.61938235890864,
              33.761350409293925
            ],
            [
              115.6149898622923,
              33.75840485350119
            ]
          ],
          [
            [
              115.6149898622923,
              33.75840485350119
            ],
            [
              115.60816857292127,
              33.75954173416369
            ]
          ],
          [
            [
              115.60816857292127,
              33.75954173416369
            ],
            [
              115.60341434109887,
              33.762538966799866
            ]
          ],
          [
            [
              115.60341434109887,
              33.762538966799866
            ],
            [
              115.5996936380509,
              33.76662140595312
            ]
          ],
          [
            [
              115.5996936380509,
              33.76662140595312
            ],
            [
              115.59462934786609,
              33.76892100749848
            ]
          ],
          [
            [
              115.59462934786609,
              33.76892100749848
            ],
            [
              115.5887899113253,
              33.76923106496167
            ]
          ],
          [
            [
              115.5887899113253,
              33.76923106496167
            ],
            [
              115.5832088563036,
              33.7667247578413
            ]
          ],
          [
            [
              115.5832088563036,
              33.7667247578413
            ],
            [
              115.57871300689965,
              33.76259064454257
            ]
          ],
          [
            [
              115.57871300689965,
              33.76259064454257
            ],
            [
              115.57545739094576,
              33.755924383903164
            ]
          ],
          [
            [
              115.57545739094576,
              33.755924383903164
            ],
            [
              115.57406212786486,
              33.752100328067684
            ]
          ],
          [
            [
              115.57406212786486,
              33.752100328067684
            ],
            [
              115.57354536302807,
              33.75018830014989
            ]
          ],
          [
            [
              115.57354536302807,
              33.75018830014989
            ],
            [
              115.57390709823392,
              33.74558909795849
            ]
          ],
          [
            [
              115.57390709823392,
              33.74558909795849
            ],
            [
              115.57545739094576,
              33.741351630073666
            ]
          ],
          [
            [
              115.57545739094576,
              33.741351630073666
            ],
            [
              115.57778283091284,
              33.736855781569034
            ]
          ],
          [
            [
              115.57778283091284,
              33.736855781569034
            ],
            [
              115.58072838760495,
              33.73256663684077
            ]
          ],
          [
            [
              115.58072838760495,
              33.73256663684077
            ],
            [
              115.59121870318052,
              33.72062938134087
            ]
          ],
          [
            [
              115.59121870318052,
              33.72062938134087
            ],
            [
              115.59406090708512,
              33.71615936945932
            ]
          ],
          [
            [
              115.59406090708512,
              33.71615936945932
            ],
            [
              115.5996936380509,
              33.70091482206135
            ]
          ],
          [
            [
              115.5996936380509,
              33.70091482206135
            ],
            [
              115.60961551284561,
              33.656912339732685
            ]
          ],
          [
            [
              115.60961551284561,
              33.656912339732685
            ],
            [
              115.62310306195673,
              33.62774099455123
            ]
          ],
          [
            [
              115.62310306195673,
              33.62774099455123
            ],
            [
              115.63473025909411,
              33.59182587346527
            ]
          ],
          [
            [
              115.63473025909411,
              33.59182587346527
            ],
            [
              115.63488528872506,
              33.58802765605145
            ]
          ],
          [
            [
              115.63488528872506,
              33.58802765605145
            ],
            [
              115.63457523036254,
              33.58477204009756
            ]
          ],
          [
            [
              115.63457523036254,
              33.58477204009756
            ],
            [
              115.63100955604614,
              33.581154689837035
            ]
          ],
          [
            [
              115.63100955604614,
              33.581154689837035
            ],
            [
              115.62589358901789,
              33.578441677141655
            ]
          ],
          [
            [
              115.62589358901789,
              33.578441677141655
            ],
            [
              115.5922005551115,
              33.56849396392528
            ]
          ],
          [
            [
              115.5922005551115,
              33.56849396392528
            ],
            [
              115.49696089083238,
              33.56102672030687
            ]
          ],
          [
            [
              115.49696089083238,
              33.56102672030687
            ],
            [
              115.46574832562465,
              33.555729885226015
            ]
          ],
          [
            [
              115.46574832562465,
              33.555729885226015
            ],
            [
              115.44259728413726,
              33.548081773555
            ]
          ],
          [
            [
              115.44259728413726,
              33.548081773555
            ],
            [
              115.43608605402812,
              33.54402517282347
            ]
          ],
          [
            [
              115.43608605402812,
              33.54402517282347
            ],
            [
              115.42879967666374,
              33.53813406033862
            ]
          ],
          [
            [
              115.42879967666374,
              33.53813406033862
            ],
            [
              115.41252159959208,
              33.518548692268325
            ]
          ],
          [
            [
              115.41252159959208,
              33.518548692268325
            ],
            [
              115.40275475532769,
              33.503123276817746
            ]
          ],
          [
            [
              115.40275475532769,
              33.503123276817746
            ],
            [
              115.40042931536061,
              33.50017772102501
            ]
          ],
          [
            [
              115.40042931536061,
              33.50017772102501
            ],
            [
              115.39856896428626,
              33.499660956188166
            ]
          ],
          [
            [
              115.39856896428626,
              33.499660956188166
            ],
            [
              115.39500328996985,
              33.498911648253966
            ]
          ],
          [
            [
              115.39500328996985,
              33.498911648253966
            ],
            [
              115.38813032375538,
              33.49898916351907
            ]
          ],
          [
            [
              115.38813032375538,
              33.49898916351907
            ],
            [
              115.38182580012051,
              33.50012604418157
            ]
          ],
          [
            [
              115.38182580012051,
              33.50012604418157
            ],
            [
              115.38068891765943,
              33.500772000227585
            ]
          ],
          [
            [
              115.38068891765943,
              33.500772000227585
            ],
            [
              115.37562462837388,
              33.50477692321641
            ]
          ],
          [
            [
              115.37562462837388,
              33.50477692321641
            ],
            [
              115.36565107583647,
              33.51666250277225
            ]
          ],
          [
            [
              115.36565107583647,
              33.51666250277225
            ],
            [
              115.36131025606346,
              33.51981476503937
            ]
          ],
          [
            [
              115.36131025606346,
              33.51981476503937
            ],
            [
              115.35557417231018,
              33.520098984980166
            ]
          ],
          [
            [
              115.35557417231018,
              33.520098984980166
            ],
            [
              115.34999311728848,
              33.51686920834726
            ]
          ],
          [
            [
              115.34999311728848,
              33.51686920834726
            ],
            [
              115.34472212062929,
              33.50865265589533
            ]
          ],
          [
            [
              115.34472212062929,
              33.50865265589533
            ],
            [
              115.34208662319907,
              33.5007461609066
            ]
          ],
          [
            [
              115.34208662319907,
              33.5007461609066
            ],
            [
              115.34782270695234,
              33.46503774719423
            ]
          ],
          [
            [
              115.34782270695234,
              33.46503774719423
            ],
            [
              115.34782270695234,
              33.458991604179175
            ]
          ],
          [
            [
              115.34782270695234,
              33.458991604179175
            ],
            [
              115.34642744387145,
              33.45304881395157
            ]
          ],
          [
            [
              115.34642744387145,
              33.45304881395157
            ],
            [
              115.3268420758011,
              33.42757233339643
            ]
          ],
          [
            [
              115.3268420758011,
              33.42757233339643
            ],
            [
              115.32394819505316,
              33.419510810575446
            ]
          ],
          [
            [
              115.32394819505316,
              33.419510810575446
            ],
            [
              115.32363813669065,
              33.412741197148534
            ]
          ],
          [
            [
              115.32363813669065,
              33.412741197148534
            ],
            [
              115.3268420758011,
              33.4024059112038
            ]
          ],
          [
            [
              115.3268420758011,
              33.4024059112038
            ],
            [
              115.32797895736292,
              33.39718659138805
            ]
          ],
          [
            [
              115.32797895736292,
              33.39718659138805
            ],
            [
              115.32642866375181,
              33.39072703722297
            ]
          ],
          [
            [
              115.32642866375181,
              33.39072703722297
            ],
            [
              115.3156799657578,
              33.373983873057284
            ]
          ],
          [
            [
              115.3156799657578,
              33.373983873057284
            ],
            [
              115.31505984903276,
              33.36775686288888
            ]
          ],
          [
            [
              115.31505984903276,
              33.36775686288888
            ],
            [
              115.31800540572488,
              33.36326101348499
            ]
          ],
          [
            [
              115.31800540572488,
              33.36326101348499
            ],
            [
              115.32870242687545,
              33.35793834088173
            ]
          ],
          [
            [
              115.32870242687545,
              33.35793834088173
            ],
            [
              115.33293989476033,
              33.35437266746459
            ]
          ],
          [
            [
              115.33293989476033,
              33.35437266746459
            ],
            [
              115.33588545055306,
              33.35003184679226
            ]
          ],
          [
            [
              115.33588545055306,
              33.35003184679226
            ],
            [
              115.33790083215763,
              33.34509674691731
            ]
          ],
          [
            [
              115.33790083215763,
              33.34509674691731
            ],
            [
              115.34084638884974,
              33.33416718177
            ]
          ],
          [
            [
              115.34084638884974,
              33.33416718177
            ],
            [
              115.34668582628979,
              33.28605642276568
            ]
          ],
          [
            [
              115.34668582628979,
              33.28605642276568
            ],
            [
              115.34751264858983,
              33.283989366116316
            ]
          ],
          [
            [
              115.34751264858983,
              33.283989366116316
            ],
            [
              115.34797773568391,
              33.2794676782907
            ]
          ],
          [
            [
              115.34797773568391,
              33.2794676782907
            ],
            [
              115.34906294220093,
              33.27445506404996
            ]
          ],
          [
            [
              115.34906294220093,
              33.27445506404996
            ],
            [
              115.34921797093261,
              33.263344630849986
            ]
          ],
          [
            [
              115.34921797093261,
              33.263344630849986
            ],
            [
              115.34782270695234,
              33.25613576875071
            ]
          ],
          [
            [
              115.34782270695234,
              33.25613576875071
            ],
            [
              115.34534223825369,
              33.25060639147176
            ]
          ],
          [
            [
              115.34534223825369,
              33.25060639147176
            ],
            [
              115.34472212062929,
              33.24998627384741
            ]
          ],
          [
            [
              115.34472212062929,
              33.24998627384741
            ],
            [
              115.33821089141941,
              33.243707586835626
            ]
          ],
          [
            [
              115.33821089141941,
              33.243707586835626
            ],
            [
              115.3102539412663,
              33.22166758938772
            ]
          ],
          [
            [
              115.3102539412663,
              33.22166758938772
            ],
            [
              115.30482791587553,
              33.21569896073845
            ]
          ],
          [
            [
              115.30482791587553,
              33.21569896073845
            ],
            [
              115.30064212393484,
              33.20983368577595
            ]
          ],
          [
            [
              115.30064212393484,
              33.20983368577595
            ],
            [
              115.29862674412891,
              33.20412344044439
            ]
          ],
          [
            [
              115.29862674412891,
              33.20412344044439
            ],
            [
              115.29258060111385,
              33.17234243445574
            ]
          ],
          [
            [
              115.29258060111385,
              33.17234243445574
            ],
            [
              115.28575931174282,
              33.14823537945915
            ]
          ],
          [
            [
              115.28575931174282,
              33.14823537945915
            ],
            [
              115.28312381431249,
              33.14322276521841
            ]
          ],
          [
            [
              115.28312381431249,
              33.14322276521841
            ],
            [
              115.27909305200274,
              33.13802928292506
            ]
          ],
          [
            [
              115.27909305200274,
              33.13802928292506
            ],
            [
              115.2738220562428,
              33.13280996400863
            ]
          ],
          [
            [
              115.2738220562428,
              33.13280996400863
            ],
            [
              115.25826744958306,
              33.12312063231133
            ]
          ],
          [
            [
              115.25826744958306,
              33.12312063231133
            ],
            [
              115.25098107311794,
              33.12064016451194
            ]
          ],
          [
            [
              115.25098107311794,
              33.12064016451194
            ],
            [
              115.19635908400448,
              33.110330715190344
            ]
          ],
          [
            [
              115.19635908400448,
              33.110330715190344
            ],
            [
              115.18814253065318,
              33.10785024739096
            ]
          ],
          [
            [
              115.18814253065318,
              33.10785024739096
            ],
            [
              115.1428222996094,
              33.08425995543257
            ]
          ],
          [
            [
              115.1428222996094,
              33.08425995543257
            ],
            [
              115.10556359318525,
              33.08332978034508
            ]
          ],
          [
            [
              115.10556359318525,
              33.08332978034508
            ],
            [
              115.03280317592578,
              33.09035777439175
            ]
          ],
          [
            [
              115.03280317592578,
              33.09035777439175
            ],
            [
              115.01885053882131,
              33.093949286230554
            ]
          ],
          [
            [
              115.01885053882131,
              33.093949286230554
            ],
            [
              114.986294387376,
              33.11622182947383
            ]
          ],
          [
            [
              114.986294387376,
              33.11622182947383
            ],
            [
              114.96918948800442,
              33.12374074993562
            ]
          ],
          [
            [
              114.96918948800442,
              33.12374074993562
            ],
            [
              114.94624515209205,
              33.11893484126989
            ]
          ],
          [
            [
              114.94624515209205,
              33.11893484126989
            ],
            [
              114.88655887279367,
              33.08340729381155
            ]
          ],
          [
            [
              114.88655887279367,
              33.08340729381155
            ],
            [
              114.89007287026675,
              33.057724106782075
            ]
          ],
          [
            [
              114.89007287026675,
              33.057724106782075
            ],
            [
              114.89038292862915,
              33.05167796556566
            ]
          ],
          [
            [
              114.89038292862915,
              33.05167796556566
            ],
            [
              114.88976281100486,
              33.04565766007295
            ]
          ],
          [
            [
              114.88976281100486,
              33.04565766007295
            ],
            [
              114.88805748866207,
              33.040024929107176
            ]
          ],
          [
            [
              114.88805748866207,
              33.040024929107176
            ],
            [
              114.88573204959437,
              33.034753933347304
            ]
          ],
          [
            [
              114.88573204959437,
              33.034753933347304
            ],
            [
              114.88015099457266,
              33.02483205855265
            ]
          ],
          [
            [
              114.88015099457266,
              33.02483205855265
            ],
            [
              114.8780839379234,
              33.019406033161886
            ]
          ],
          [
            [
              114.8780839379234,
              33.019406033161886
            ],
            [
              114.87653364521157,
              33.013489081356
            ]
          ],
          [
            [
              114.87653364521157,
              33.013489081356
            ],
            [
              114.8759135266879,
              33.001086737862636
            ]
          ],
          [
            [
              114.8759135266879,
              33.001086737862636
            ],
            [
              114.87612023316217,
              32.99984650351331
            ]
          ],
          [
            [
              114.87612023316217,
              32.99984650351331
            ],
            [
              114.87653364521157,
              32.99847707795476
            ]
          ],
          [
            [
              114.87653364521157,
              32.99847707795476
            ],
            [
              114.87984093621014,
              32.99341278687058
            ]
          ],
          [
            [
              114.87984093621014,
              32.99341278687058
            ],
            [
              114.88604210795688,
              32.9864881447121
            ]
          ],
          [
            [
              114.88604210795688,
              32.9864881447121
            ],
            [
              114.89921959780611,
              32.974240830849624
            ]
          ],
          [
            [
              114.89921959780611,
              32.974240830849624
            ],
            [
              114.9141024108975,
              32.9633887800681
            ]
          ],
          [
            [
              114.9141024108975,
              32.9633887800681
            ],
            [
              114.91937340665731,
              32.96057241548459
            ]
          ],
          [
            [
              114.91937340665731,
              32.96057241548459
            ],
            [
              114.92521284409747,
              32.95824697551751
            ]
          ],
          [
            [
              114.92521284409747,
              32.95824697551751
            ],
            [
              115.01202925034954,
              32.93463084603667
            ]
          ],
          [
            [
              115.01202925034954,
              32.93463084603667
            ],
            [
              115.01699018774696,
              32.9317628037104
            ]
          ],
          [
            [
              115.01699018774696,
              32.9317628037104
            ],
            [
              115.02143436120673,
              32.92845551181239
            ]
          ],
          [
            [
              115.02143436120673,
              32.92845551181239
            ],
            [
              115.02970258960283,
              32.92124664971311
            ]
          ],
          [
            [
              115.02970258960283,
              32.92124664971311
            ],
            [
              115.03419843990605,
              32.91814606428943
            ]
          ],
          [
            [
              115.03419843990605,
              32.91814606428943
            ],
            [
              115.03952111160993,
              32.91540721317233
            ]
          ],
          [
            [
              115.03952111160993,
              32.91540721317233
            ],
            [
              115.04520552031852,
              32.91310761252629
            ]
          ],
          [
            [
              115.04520552031852,
              32.91310761252629
            ],
            [
              115.0517684272711,
              32.91155731891513
            ]
          ],
          [
            [
              115.0517684272711,
              32.91155731891513
            ],
            [
              115.0734208519907,
              32.91013621741246
            ]
          ],
          [
            [
              115.0734208519907,
              32.91013621741246
            ],
            [
              115.07998375894329,
              32.90848257101385
            ]
          ],
          [
            [
              115.07998375894329,
              32.90848257101385
            ],
            [
              115.10390994678653,
              32.899361680996776
            ]
          ],
          [
            [
              115.10390994678653,
              32.899361680996776
            ],
            [
              115.1304199570153,
              32.892385361994855
            ]
          ],
          [
            [
              115.1304199570153,
              32.892385361994855
            ],
            [
              115.13967003824166,
              32.88827708621852
            ]
          ],
          [
            [
              115.13967003824166,
              32.88827708621852
            ],
            [
              115.1428222996094,
              32.88644257356589
            ]
          ],
          [
            [
              115.1428222996094,
              32.88644257356589
            ],
            [
              115.14669803318759,
              32.88362620718368
            ]
          ],
          [
            [
              115.14669803318759,
              32.88362620718368
            ],
            [
              115.1612707870172,
              32.87026784928179
            ]
          ],
          [
            [
              115.1612707870172,
              32.87026784928179
            ],
            [
              115.16705854671454,
              32.86683136707393
            ]
          ],
          [
            [
              115.16705854671454,
              32.86683136707393
            ],
            [
              115.18473188686698,
              32.859054063294366
            ]
          ],
          [
            [
              115.18473188686698,
              32.859054063294366
            ],
            [
              115.18938276590188,
              32.854015611531224
            ]
          ],
          [
            [
              115.18938276590188,
              32.854015611531224
            ],
            [
              115.19232832169462,
              32.84644501422599
            ]
          ],
          [
            [
              115.19232832169462,
              32.84644501422599
            ],
            [
              115.19124311697624,
              32.82122691518998
            ]
          ],
          [
            [
              115.19124311697624,
              32.82122691518998
            ],
            [
              115.19232832169462,
              32.812235216382135
            ]
          ],
          [
            [
              115.19232832169462,
              32.812235216382135
            ],
            [
              115.19573896727945,
              32.80347606157096
            ]
          ],
          [
            [
              115.19573896727945,
              32.80347606157096
            ],
            [
              115.19635908400448,
              32.79750743292169
            ]
          ],
          [
            [
              115.19635908400448,
              32.79750743292169
            ],
            [
              115.19201826423148,
              32.792572333046735
            ]
          ],
          [
            [
              115.19201826423148,
              32.792572333046735
            ],
            [
              115.1876774435591,
              32.788696601267134
            ]
          ],
          [
            [
              115.1876774435591,
              32.788696601267134
            ],
            [
              115.18426679887364,
              32.784071559754636
            ]
          ],
          [
            [
              115.18426679887364,
              32.784071559754636
            ],
            [
              115.18209638943677,
              32.774072171493515
            ]
          ],
          [
            [
              115.18209638943677,
              32.774072171493515
            ],
            [
              115.1801843606197,
              32.714489244083325
            ]
          ],
          [
            [
              115.1801843606197,
              32.714489244083325
            ],
            [
              115.18132124218153,
              32.70221609089987
            ]
          ],
          [
            [
              115.18132124218153,
              32.70221609089987
            ],
            [
              115.18597212121642,
              32.69314687772618
            ]
          ],
          [
            [
              115.18597212121642,
              32.69314687772618
            ],
            [
              115.20395551973138,
              32.670176703392144
            ]
          ],
          [
            [
              115.20395551973138,
              32.670176703392144
            ],
            [
              115.20664269400504,
              32.66562917714481
            ]
          ],
          [
            [
              115.20664269400504,
              32.66562917714481
            ],
            [
              115.20881310434129,
              32.6611850045843
            ]
          ],
          [
            [
              115.20881310434129,
              32.6611850045843
            ],
            [
              115.21015669237738,
              32.656921699177076
            ]
          ],
          [
            [
              115.21015669237738,
              32.656921699177076
            ],
            [
              115.2094332210662,
              32.641470445304776
            ]
          ],
          [
            [
              115.2094332210662,
              32.641470445304776
            ],
            [
              115.1993046406966,
              32.59147349680444
            ]
          ],
          [
            [
              115.1993046406966,
              32.59147349680444
            ],
            [
              115.26141971185018,
              32.5836703564018
            ]
          ],
          [
            [
              115.26141971185018,
              32.5836703564018
            ],
            [
              115.28064334471458,
              32.576539007768986
            ]
          ],
          [
            [
              115.28064334471458,
              32.576539007768986
            ],
            [
              115.28498416628622,
              32.57312836398279
            ]
          ],
          [
            [
              115.28498416628622,
              32.57312836398279
            ],
            [
              115.28979007405258,
              32.57018280729068
            ]
          ],
          [
            [
              115.28979007405258,
              32.57018280729068
            ],
            [
              115.29692142088686,
              32.56819326410783
            ]
          ],
          [
            [
              115.29692142088686,
              32.56819326410783
            ],
            [
              115.36673628055485,
              32.55951162456182
            ]
          ],
          [
            [
              115.36673628055485,
              32.55951162456182
            ],
            [
              115.37996544814689,
              32.55403392232762
            ]
          ],
          [
            [
              115.37996544814689,
              32.55403392232762
            ],
            [
              115.38720014866783,
              32.54871124882504
            ]
          ],
          [
            [
              115.38720014866783,
              32.54871124882504
            ],
            [
              115.3898873229416,
              32.54429291378693
            ]
          ],
          [
            [
              115.3898873229416,
              32.54429291378693
            ],
            [
              115.39422814271461,
              32.54083059315735
            ]
          ],
          [
            [
              115.39422814271461,
              32.54083059315735
            ],
            [
              115.39949913937369,
              32.53811758136129
            ]
          ],
          [
            [
              115.39949913937369,
              32.53811758136129
            ],
            [
              115.41128136614213,
              32.53338918706129
            ]
          ],
          [
            [
              115.41128136614213,
              32.53338918706129
            ],
            [
              115.42972985175118,
              32.52059926994036
            ]
          ],
          [
            [
              115.42972985175118,
              32.52059926994036
            ],
            [
              115.45691165644769,
              32.50739594256868
            ]
          ],
          [
            [
              115.45691165644769,
              32.50739594256868
            ],
            [
              115.46094241695891,
              32.50429535624568
            ]
          ],
          [
            [
              115.46094241695891,
              32.50429535624568
            ],
            [
              115.46481814963784,
              32.50054881387666
            ]
          ],
          [
            [
              115.46481814963784,
              32.50054881387666
            ],
            [
              115.46543826726213,
              32.4996961531549
            ]
          ],
          [
            [
              115.46543826726213,
              32.4996961531549
            ],
            [
              115.4714844102773,
              32.48494253217211
            ]
          ],
          [
            [
              115.4714844102773,
              32.48494253217211
            ],
            [
              115.47474002533181,
              32.48083425549646
            ]
          ],
          [
            [
              115.47474002533181,
              32.48083425549646
            ],
            [
              115.4828015481529,
              32.47365123091953
            ]
          ],
          [
            [
              115.4828015481529,
              32.47365123091953
            ],
            [
              115.48636722156994,
              32.46969798387482
            ]
          ],
          [
            [
              115.48636722156994,
              32.46969798387482
            ],
            [
              115.4985111844436,
              32.447580471161814
            ]
          ],
          [
            [
              115.4985111844436,
              32.447580471161814
            ],
            [
              115.50068159388036,
              32.44507416404144
            ]
          ],
          [
            [
              115.50068159388036,
              32.44507416404144
            ],
            [
              115.50672773599615,
              32.43905386034737
            ]
          ],
          [
            [
              115.50672773599615,
              32.43905386034737
            ],
            [
              115.53230757023812,
              32.41856415471193
            ]
          ],
          [
            [
              115.53230757023812,
              32.41856415471193
            ],
            [
              115.54667361939198,
              32.40918488227646
            ]
          ],
          [
            [
              115.54667361939198,
              32.40918488227646
            ],
            [
              115.56476036979518,
              32.40244110817059
            ]
          ],
          [
            [
              115.56476036979518,
              32.40244110817059
            ],
            [
              115.58563764905819,
              32.41238882138697
            ]
          ],
          [
            [
              115.58563764905819,
              32.41238882138697
            ],
            [
              115.60935713132653,
              32.416367905954075
            ]
          ],
          [
            [
              115.60935713132653,
              32.416367905954075
            ],
            [
              115.63131961530792,
              32.413318997373835
            ]
          ],
          [
            [
              115.63131961530792,
              32.413318997373835
            ],
            [
              115.64661583864995,
              32.40244110817059
            ]
          ],
          [
            [
              115.64661583864995,
              32.40244110817059
            ],
            [
              115.68744022028989,
              32.46667491281693
            ]
          ],
          [
            [
              115.68744022028989,
              32.46667491281693
            ],
            [
              115.69384809761152,
              32.49181549748721
            ]
          ],
          [
            [
              115.69384809761152,
              32.49181549748721
            ],
            [
              115.72635257401203,
              32.48122182912408
            ]
          ],
          [
            [
              115.72635257401203,
              32.48122182912408
            ],
            [
              115.74190717977251,
              32.47923228594124
            ]
          ],
          [
            [
              115.74190717977251,
              32.47923228594124
            ],
            [
              115.75477461125922,
              32.498275050752966
            ]
          ],
          [
            [
              115.75477461125922,
              32.498275050752966
            ],
            [
              115.7687272483638,
              32.49106618955301
            ]
          ],
          [
            [
              115.7687272483638,
              32.49106618955301
            ],
            [
              115.79006961472089,
              32.470705675126794
            ]
          ],
          [
            [
              115.79006961472089,
              32.470705675126794
            ],
            [
              115.80825971881097,
              32.50341685620293
            ]
          ],
          [
            [
              115.80825971881097,
              32.50341685620293
            ],
            [
              115.84350304632846,
              32.5425617539218
            ]
          ],
          [
            [
              115.84350304632846,
              32.5425617539218
            ],
            [
              115.88453413264403,
              32.571681423159134
            ]
          ],
          [
            [
              115.88453413264403,
              32.571681423159134
            ],
            [
              115.92039757688667,
              32.574368598332114
            ]
          ],
          [
            [
              115.92039757688667,
              32.574368598332114
            ],
            [
              115.92210289922934,
              32.56788320574532
            ]
          ],
          [
            [
              115.92210289922934,
              32.56788320574532
            ],
            [
              115.90210412000908,
              32.55873647730658
            ]
          ],
          [
            [
              115.90210412000908,
              32.55873647730658
            ],
            [
              115.87089155480135,
              32.53243317355208
            ]
          ],
          [
            [
              115.87089155480135,
              32.53243317355208
            ],
            [
              115.86670576375991,
              32.52744639683374
            ]
          ],
          [
            [
              115.86670576375991,
              32.52744639683374
            ],
            [
              115.8634501487054,
              32.5223821075482
            ]
          ],
          [
            [
              115.8634501487054,
              32.5223821075482
            ],
            [
              115.86174482636261,
              32.515018214918655
            ]
          ],
          [
            [
              115.86174482636261,
              32.515018214918655
            ],
            [
              115.86376020706791,
              32.51010895436474
            ]
          ],
          [
            [
              115.86376020706791,
              32.51010895436474
            ],
            [
              115.86748091011589,
              32.506362412895044
            ]
          ],
          [
            [
              115.86748091011589,
              32.506362412895044
            ],
            [
              115.87414716985597,
              32.501349799553566
            ]
          ],
          [
            [
              115.87414716985597,
              32.501349799553566
            ],
            [
              115.87507734584278,
              32.500419623566756
            ]
          ],
          [
            [
              115.87507734584278,
              32.500419623566756
            ],
            [
              115.87569746256781,
              32.499437770736506
            ]
          ],
          [
            [
              115.87569746256781,
              32.499437770736506
            ],
            [
              115.87228681878162,
              32.48155772590832
            ]
          ],
          [
            [
              115.87228681878162,
              32.48155772590832
            ],
            [
              115.86376020706791,
              32.455099392522925
            ]
          ],
          [
            [
              115.86376020706791,
              32.455099392522925
            ],
            [
              115.86107303279414,
              32.44163768183353
            ]
          ],
          [
            [
              115.86107303279414,
              32.44163768183353
            ],
            [
              115.86065962074485,
              32.432000026979665
            ]
          ],
          [
            [
              115.86065962074485,
              32.432000026979665
            ],
            [
              115.8634501487054,
              32.42771088315072
            ]
          ],
          [
            [
              115.8634501487054,
              32.42771088315072
            ],
            [
              115.87492231711121,
              32.416393744375796
            ]
          ],
          [
            [
              115.87492231711121,
              32.416393744375796
            ],
            [
              115.87833296089741,
              32.412311306121865
            ]
          ],
          [
            [
              115.87833296089741,
              32.412311306121865
            ],
            [
              115.88112348795858,
              32.40794464792714
            ]
          ],
          [
            [
              115.88112348795858,
              32.40794464792714
            ],
            [
              115.8884615421664,
              32.39386282051271
            ]
          ],
          [
            [
              115.8884615421664,
              32.39386282051271
            ],
            [
              115.8919755387401,
              32.37022085171094
            ]
          ],
          [
            [
              115.8919755387401,
              32.37022085171094
            ],
            [
              115.89373253792621,
              32.30890676533494
            ]
          ],
          [
            [
              115.89373253792621,
              32.30890676533494
            ],
            [
              115.89605797699403,
              32.297460436250105
            ]
          ],
          [
            [
              115.89605797699403,
              32.297460436250105
            ],
            [
              115.90344770714592,
              32.277048244980506
            ]
          ],
          [
            [
              115.90344770714592,
              32.277048244980506
            ],
            [
              115.9109407900853,
              32.26309560787598
            ]
          ],
          [
            [
              115.9109407900853,
              32.26309560787598
            ],
            [
              115.91264611242809,
              32.258341376053636
            ]
          ],
          [
            [
              115.91264611242809,
              32.258341376053636
            ],
            [
              115.91481652186496,
              32.250021470814204
            ]
          ],
          [
            [
              115.91481652186496,
              32.250021470814204
            ],
            [
              115.92814904224451,
              32.02458303557859
            ]
          ],
          [
            [
              115.92814904224451,
              32.02458303557859
            ],
            [
              115.92690880699581,
              32.016288966962236
            ]
          ],
          [
            [
              115.92690880699581,
              32.016288966962236
            ],
            [
              115.92535851428397,
              32.009700222487254
            ]
          ],
          [
            [
              115.92535851428397,
              32.009700222487254
            ],
            [
              115.92241295759186,
              32.00166453718862
            ]
          ],
          [
            [
              115.92241295759186,
              32.00166453718862
            ],
            [
              115.92157192820491,
              32.0
            ]
          ],
          [
            [
              113.78872440746943,
              32.0
            ],
            [
              113.78988162623602,
              32.030319119331864
            ]
          ],
          [
            [
              113.78988162623602,
              32.030319119331864
            ],
            [
              113.7860058935571,
              32.04724314975152
            ]
          ],
          [
            [
              113.7860058935571,
              32.04724314975152
            ],
            [
              113.77019290627754,
              32.08367503477501
            ]
          ],
          [
            [
              113.77019290627754,
              32.08367503477501
            ],
            [
              113.75308800690595,
              32.1208562277327
            ]
          ],
          [
            [
              113.75308800690595,
              32.1208562277327
            ],
            [
              113.75236453739342,
              32.13759939189839
            ]
          ],
          [
            [
              113.75236453739342,
              32.13759939189839
            ],
            [
              113.7548450051928,
              32.142896226979246
            ]
          ],
          [
            [
              113.7548450051928,
              32.142896226979246
            ],
            [
              113.76114952972694,
              32.151784572999645
            ]
          ],
          [
            [
              113.76114952972694,
              32.151784572999645
            ],
            [
              113.7684875830355,
              32.15976858235416
            ]
          ],
          [
            [
              113.7684875830355,
              32.15976858235416
            ],
            [
              113.77251834534536,
              32.1654788267864
            ]
          ],
          [
            [
              113.77251834534536,
              32.1654788267864
            ],
            [
              113.77670413638668,
              32.17266185226265
            ]
          ],
          [
            [
              113.77670413638668,
              32.17266185226265
            ],
            [
              113.78104495705907,
              32.18565847405932
            ]
          ],
          [
            [
              113.78104495705907,
              32.18565847405932
            ],
            [
              113.7816650737841,
              32.19371999777968
            ]
          ],
          [
            [
              113.7816650737841,
              32.19371999777968
            ],
            [
              113.7740686380572,
              32.250254014810935
            ]
          ],
          [
            [
              113.7740686380572,
              32.250254014810935
            ],
            [
              113.76786746631046,
              32.276040553728535
            ]
          ],
          [
            [
              113.76786746631046,
              32.276040553728535
            ],
            [
              113.76735070237294,
              32.28500641501404
            ]
          ],
          [
            [
              113.76735070237294,
              32.28500641501404
            ],
            [
              113.76786746631046,
              32.29211192522513
            ]
          ],
          [
            [
              113.76786746631046,
              32.29211192522513
            ],
            [
              113.76895267102896,
              32.29694367141326
            ]
          ],
          [
            [
              113.76895267102896,
              32.29694367141326
            ],
            [
              113.77003787574733,
              32.30027680083367
            ]
          ],
          [
            [
              113.77003787574733,
              32.30027680083367
            ],
            [
              113.77453372605055,
              32.30947520611585
            ]
          ],
          [
            [
              113.77453372605055,
              32.30947520611585
            ],
            [
              113.7805798690656,
              32.32647675180061
            ]
          ],
          [
            [
              113.7805798690656,
              32.32647675180061
            ],
            [
              113.7843005721137,
              32.34303904881301
            ]
          ],
          [
            [
              113.7843005721137,
              32.34303904881301
            ],
            [
              113.7843005721137,
              32.35228913003931
            ]
          ],
          [
            [
              113.7843005721137,
              32.35228913003931
            ],
            [
              113.78275027940185,
              32.35936880092942
            ]
          ],
          [
            [
              113.78275027940185,
              32.35936880092942
            ],
            [
              113.74285607284946,
              32.40197602017719
            ]
          ],
          [
            [
              113.74285607284946,
              32.40197602017719
            ],
            [
              113.738050165083,
              32.411768703762675
            ]
          ],
          [
            [
              113.738050165083,
              32.411768703762675
            ],
            [
              113.73727501782776,
              32.41282807095871
            ]
          ],
          [
            [
              113.73727501782776,
              32.41282807095871
            ],
            [
              113.73479455002837,
              32.41507599476131
            ]
          ],
          [
            [
              113.73479455002837,
              32.41507599476131
            ],
            [
              113.72921349500677,
              32.419261785802746
            ]
          ],
          [
            [
              113.72921349500677,
              32.419261785802746
            ],
            [
              113.70905968615557,
              32.40794464792714
            ]
          ],
          [
            [
              113.70905968615557,
              32.40794464792714
            ],
            [
              113.70316857277135,
              32.40719533909362
            ]
          ],
          [
            [
              113.70316857277135,
              32.40719533909362
            ],
            [
              113.69417687396356,
              32.407892971083754
            ]
          ],
          [
            [
              113.69417687396356,
              32.407892971083754
            ],
            [
              113.68559858630567,
              32.410192573528434
            ]
          ],
          [
            [
              113.68559858630567,
              32.410192573528434
            ],
            [
              113.66885542213993,
              32.41107107177254
            ]
          ],
          [
            [
              113.66885542213993,
              32.41107107177254
            ],
            [
              113.65753828336506,
              32.40879730954816
            ]
          ],
          [
            [
              113.65753828336506,
              32.40879730954816
            ],
            [
              113.64312055916639,
              32.40331960731402
            ]
          ],
          [
            [
              113.64312055916639,
              32.40331960731402
            ],
            [
              113.63020145083624,
              32.39587820121801
            ]
          ],
          [
            [
              113.63020145083624,
              32.39587820121801
            ],
            [
              113.6164038433626,
              32.38567210558318
            ]
          ],
          [
            [
              113.6164038433626,
              32.38567210558318
            ],
            [
              113.6128381690462,
              32.3817446969602
            ]
          ],
          [
            [
              113.6128381690462,
              32.3817446969602
            ],
            [
              113.6105127299785,
              32.376706244297736
            ]
          ],
          [
            [
              113.6105127299785,
              32.376706244297736
            ],
            [
              113.60674035008708,
              32.36314118082083
            ]
          ],
          [
            [
              113.60674035008708,
              32.36314118082083
            ],
            [
              113.60136600064038,
              32.35520884920902
            ]
          ],
          [
            [
              113.60136600064038,
              32.35520884920902
            ],
            [
              113.59547488815554,
              32.352935086085324
            ]
          ],
          [
            [
              113.59547488815554,
              32.352935086085324
            ],
            [
              113.58224572056349,
              32.353710232441244
            ]
          ],
          [
            [
              113.58224572056349,
              32.353710232441244
            ],
            [
              113.57619957934708,
              32.351178086899154
            ]
          ],
          [
            [
              113.57619957934708,
              32.351178086899154
            ],
            [
              113.57015343633202,
              32.34688894307027
            ]
          ],
          [
            [
              113.57015343633202,
              32.34688894307027
            ],
            [
              113.56250532376168,
              32.340041816176836
            ]
          ],
          [
            [
              113.56250532376168,
              32.340041816176836
            ],
            [
              113.55837120956357,
              32.335003364413694
            ]
          ],
          [
            [
              113.55837120956357,
              32.335003364413694
            ],
            [
              113.55434044815308,
              32.321541652824976
            ]
          ],
          [
            [
              113.55434044815308,
              32.321541652824976
            ],
            [
              113.55092980436689,
              32.313480130003995
            ]
          ],
          [
            [
              113.55092980436689,
              32.313480130003995
            ],
            [
              113.5427132510157,
              32.30327403436917
            ]
          ],
          [
            [
              113.5427132510157,
              32.30327403436917
            ],
            [
              113.5351168152888,
              32.299010728062626
            ]
          ],
          [
            [
              113.5351168152888,
              32.299010728062626
            ],
            [
              113.52767540919274,
              32.296685288994865
            ]
          ],
          [
            [
              113.52767540919274,
              32.296685288994865
            ],
            [
              113.4359497423867,
              32.28875295738305
            ]
          ],
          [
            [
              113.4359497423867,
              32.28875295738305
            ],
            [
              113.42008507736443,
              32.29025157325151
            ]
          ],
          [
            [
              113.42008507736443,
              32.29025157325151
            ],
            [
              113.36561811698243,
              32.30394582793758
            ]
          ],
          [
            [
              113.36561811698243,
              32.30394582793758
            ],
            [
              113.33631757969249,
              32.31435862914742
            ]
          ],
          [
            [
              113.33631757969249,
              32.31435862914742
            ],
            [
              113.33161502471353,
              32.31722667147369
            ]
          ],
          [
            [
              113.33161502471353,
              32.31722667147369
            ],
            [
              113.32903120322737,
              32.321748359299306
            ]
          ],
          [
            [
              113.32903120322737,
              32.321748359299306
            ],
            [
              113.32624067616621,
              32.33260040918151
            ]
          ],
          [
            [
              113.32624067616621,
              32.33260040918151
            ],
            [
              113.32422529456164,
              32.337561347478186
            ]
          ],
          [
            [
              113.32422529456164,
              32.337561347478186
            ],
            [
              113.32096968040639,
              32.34179881446369
            ]
          ],
          [
            [
              113.32096968040639,
              32.34179881446369
            ],
            [
              113.31735233014592,
              32.34551951841104
            ]
          ],
          [
            [
              113.31735233014592,
              32.34551951841104
            ],
            [
              113.30432986902815,
              32.355673936303106
            ]
          ],
          [
            [
              113.30432986902815,
              32.355673936303106
            ],
            [
              113.29926557794397,
              32.35843862584187
            ]
          ],
          [
            [
              113.29926557794397,
              32.35843862584187
            ],
            [
              113.29301273025328,
              32.36053152091296
            ]
          ],
          [
            [
              113.29301273025328,
              32.36053152091296
            ],
            [
              113.27177371578432,
              32.36487234068596
            ]
          ],
          [
            [
              113.27177371578432,
              32.36487234068596
            ],
            [
              113.26536583936195,
              32.36681020792474
            ]
          ],
          [
            [
              113.26536583936195,
              32.36681020792474
            ],
            [
              113.26014651864682,
              32.36936819098918
            ]
          ],
          [
            [
              113.26014651864682,
              32.36936819098918
            ],
            [
              113.25565066924298,
              32.372623806043805
            ]
          ],
          [
            [
              113.25565066924298,
              32.372623806043805
            ],
            [
              113.25234337824429,
              32.376835436406225
            ]
          ],
          [
            [
              113.25234337824429,
              32.376835436406225
            ],
            [
              113.24758914642189,
              32.38624054636409
            ]
          ],
          [
            [
              113.24758914642189,
              32.38624054636409
            ],
            [
              113.24195641455685,
              32.395128893283754
            ]
          ],
          [
            [
              113.24195641455685,
              32.395128893283754
            ],
            [
              113.23435997882996,
              32.40277700495477
            ]
          ],
          [
            [
              113.23435997882996,
              32.40277700495477
            ],
            [
              113.22769371998913,
              32.40662689921203
            ]
          ],
          [
            [
              113.22769371998913,
              32.40662689921203
            ],
            [
              113.21870202028197,
              32.4102700869949
            ]
          ],
          [
            [
              113.21870202028197,
              32.4102700869949
            ],
            [
              113.20118370976036,
              32.41417165809554
            ]
          ],
          [
            [
              113.20118370976036,
              32.41417165809554
            ],
            [
              113.19105512939063,
              32.414404202092214
            ]
          ],
          [
            [
              113.19105512939063,
              32.414404202092214
            ],
            [
              113.18299360567028,
              32.413318997373835
            ]
          ],
          [
            [
              113.18299360567028,
              32.413318997373835
            ],
            [
              113.17286502530067,
              32.40802216229292
            ]
          ],
          [
            [
              113.17286502530067,
              32.40802216229292
            ],
            [
              113.15601850834742,
              32.39450877476014
            ]
          ],
          [
            [
              113.15601850834742,
              32.39450877476014
            ],
            [
              113.1499206893883,
              32.390555527715435
            ]
          ],
          [
            [
              113.1499206893883,
              32.390555527715435
            ],
            [
              113.14206587124295,
              32.38701569272001
            ]
          ],
          [
            [
              113.14206587124295,
              32.38701569272001
            ],
            [
              113.12837161655682,
              32.38257151926018
            ]
          ],
          [
            [
              113.12837161655682,
              32.38257151926018
            ],
            [
              113.11937991684965,
              32.38120209370163
            ]
          ],
          [
            [
              113.11937991684965,
              32.38120209370163
            ],
            [
              113.11240359874705,
              32.38156382890753
            ]
          ],
          [
            [
              113.11240359874705,
              32.38156382890753
            ],
            [
              113.10899295496085,
              32.38280406325691
            ]
          ],
          [
            [
              113.10899295496085,
              32.38280406325691
            ],
            [
              113.10465213428847,
              32.38538788474307
            ]
          ],
          [
            [
              113.10465213428847,
              32.38538788474307
            ],
            [
              113.09380008260769,
              32.39564565722128
            ]
          ],
          [
            [
              113.09380008260769,
              32.39564565722128
            ],
            [
              113.065688103723,
              32.417375597206046
            ]
          ],
          [
            [
              113.065688103723,
              32.417375597206046
            ],
            [
              113.04584435413358,
              32.42523041445202
            ]
          ],
          [
            [
              113.04584435413358,
              32.42523041445202
            ],
            [
              113.03716271368819,
              32.42551463529219
            ]
          ],
          [
            [
              113.03716271368819,
              32.42551463529219
            ],
            [
              113.02703413331858,
              32.42453278336126
            ]
          ],
          [
            [
              113.02703413331858,
              32.42453278336126
            ],
            [
              113.01385664256998,
              32.420424505786286
            ]
          ],
          [
            [
              113.01385664256998,
              32.420424505786286
            ],
            [
              112.99881880074702,
              32.41052846941329
            ]
          ],
          [
            [
              112.99881880074702,
              32.41052846941329
            ],
            [
              112.9915324242819,
              32.40440481203245
            ]
          ],
          [
            [
              112.9915324242819,
              32.40440481203245
            ],
            [
              112.85014570486032,
              32.38117625617923
            ]
          ],
          [
            [
              112.85014570486032,
              32.38117625617923
            ],
            [
              112.80358524036649,
              32.36159088810899
            ]
          ],
          [
            [
              112.80358524036649,
              32.36159088810899
            ],
            [
              112.77288943909628,
              32.35228913003931
            ]
          ],
          [
            [
              112.77288943909628,
              32.35228913003931
            ],
            [
              112.76079715396543,
              32.35032542617745
            ]
          ],
          [
            [
              112.76079715396543,
              32.35032542617745
            ],
            [
              112.75087527917071,
              32.34978282291894
            ]
          ],
          [
            [
              112.75087527917071,
              32.34978282291894
            ],
            [
              112.61196902934716,
              32.37347646676551
            ]
          ],
          [
            [
              112.61196902934716,
              32.37347646676551
            ],
            [
              112.53393761632788,
              32.37675792114112
            ]
          ],
          [
            [
              112.53393761632788,
              32.37675792114112
            ],
            [
              112.51140669156553,
              32.37208120458388
            ]
          ],
          [
            [
              112.51140669156553,
              32.37208120458388
            ],
            [
              112.46799848843943,
              32.37153860132537
            ]
          ],
          [
            [
              112.46799848843943,
              32.37153860132537
            ],
            [
              112.4614872583303,
              32.37060842533856
            ]
          ],
          [
            [
              112.4614872583303,
              32.37060842533856
            ],
            [
              112.4514620298487,
              32.36802460385235
            ]
          ],
          [
            [
              112.4514620298487,
              32.36802460385235
            ],
            [
              112.43430545543242,
              32.359911404187926
            ]
          ],
          [
            [
              112.43430545543242,
              32.359911404187926
            ],
            [
              112.3689864442689,
              32.36370962250106
            ]
          ],
          [
            [
              112.3689864442689,
              32.36370962250106
            ],
            [
              112.3535868672401,
              32.36293447524582
            ]
          ],
          [
            [
              112.3535868672401,
              32.36293447524582
            ],
            [
              112.34350996281444,
              32.36089325611886
            ]
          ],
          [
            [
              112.34350996281444,
              32.36089325611886
            ],
            [
              112.34035770144669,
              32.358206081845196
            ]
          ],
          [
            [
              112.34035770144669,
              32.358206081845196
            ],
            [
              112.33591352708754,
              32.355286363574805
            ]
          ],
          [
            [
              112.33591352708754,
              32.355286363574805
            ],
            [
              112.32831709225991,
              32.35146230683995
            ]
          ],
          [
            [
              112.32831709225991,
              32.35146230683995
            ],
            [
              112.31374433843041,
              32.3455711943551
            ]
          ],
          [
            [
              112.31374433843041,
              32.3455711943551
            ],
            [
              112.30428755072978,
              32.344666855890694
            ]
          ],
          [
            [
              112.30428755072978,
              32.344666855890694
            ],
            [
              112.29663943905882,
              32.34564870872089
            ]
          ],
          [
            [
              112.29663943905882,
              32.34564870872089
            ],
            [
              112.2857873882773,
              32.350635484539964
            ]
          ],
          [
            [
              112.2857873882773,
              32.350635484539964
            ],
            [
              112.25152591358994,
              32.37197785089705
            ]
          ],
          [
            [
              112.25152591358994,
              32.37197785089705
            ],
            [
              112.23442101421836,
              32.38500031201477
            ]
          ],
          [
            [
              112.23442101421836,
              32.38500031201477
            ],
            [
              112.22713463775324,
              32.38851430948779
            ]
          ],
          [
            [
              112.22713463775324,
              32.38851430948779
            ],
            [
              112.19860924681927,
              32.395335597959445
            ]
          ],
          [
            [
              112.19860924681927,
              32.395335597959445
            ],
            [
              112.18646528484499,
              32.395206406750276
            ]
          ],
          [
            [
              112.18646528484499,
              32.395206406750276
            ],
            [
              112.16057539313988,
              32.391718247698975
            ]
          ],
          [
            [
              112.16057539313988,
              32.391718247698975
            ],
            [
              112.15153201658927,
              32.392441718110774
            ]
          ],
          [
            [
              112.15153201658927,
              32.392441718110774
            ],
            [
              112.14460737533011,
              32.39463796596931
            ]
          ],
          [
            [
              112.14460737533011,
              32.39463796596931
            ],
            [
              112.10161258335404,
              32.42197479939745
            ]
          ],
          [
            [
              112.10161258335404,
              32.42197479939745
            ],
            [
              112.07071007740808,
              32.44843313188352
            ]
          ],
          [
            [
              112.07071007740808,
              32.44843313188352
            ],
            [
              112.06109826097588,
              32.453523261389364
            ]
          ],
          [
            [
              112.06109826097588,
              32.453523261389364
            ],
            [
              112.05334679561804,
              32.45484101010453
            ]
          ],
          [
            [
              112.05334679561804,
              32.45484101010453
            ],
            [
              112.04673221182202,
              32.454091702170274
            ]
          ],
          [
            [
              112.04673221182202,
              32.454091702170274
            ],
            [
              112.04140954011814,
              32.45166290941569
            ]
          ],
          [
            [
              112.04140954011814,
              32.45166290941569
            ],
            [
              112.03691368981492,
              32.448562323992064
            ]
          ],
          [
            [
              112.03691368981492,
              32.448562323992064
            ],
            [
              112.03272789877349,
              32.44502248809732
            ]
          ],
          [
            [
              112.03272789877349,
              32.44502248809732
            ],
            [
              112.02714684465116,
              32.44137929941513
            ]
          ],
          [
            [
              112.02714684465116,
              32.44137929941513
            ],
            [
              112.02234093598531,
              32.43923472839998
            ]
          ],
          [
            [
              112.02234093598531,
              32.43923472839998
            ],
            [
              112.00539106714393,
              32.43396373084147
            ]
          ],
          [
            [
              112.00539106714393,
              32.43396373084147
            ],
            [
              112.0,
              32.44011988372781
            ]
          ]
        ]
      }
    }
  ]
}
