Index,site,crop,plot,variable,value,unit,window_start,window_end,time_basis,event,cultivar,source,source_row,qc,case_id,split,source_group_id,season_year,phenology_cultivar,cultivar_match_status,measurement_plot,observation_id,prior_qc,lai_above_study_threshold,screening_threshold_m2_m2,start_index,end_index,model,_1,transpiration_feature,evaporation_feature,measurement_method,et_target_kind,measurement_kind,raw_density_g_m2,replicate,recorded_sampling_date,harvest_sampling_lag_days,_30,inner_partition
272.0,Fengqiu,wheat,辅助观测场（优化）,lai,2.3,m2/m2,2004-05-19,2004-05-19,exact_date,灌浆成熟期,郑麦9023,data/tables/extracted/nesdc/fengqiu/5fc9868c042ebb415eebe73b/2-实体数据及关联说明文档_DP2011_FQA_SWSJ_SYDT/2-实体数据及关联说明文档_DP2011_FQA_SWSJ_SYDT/实体数据/封丘站农田作物叶面积与生物量（地上部及根系）动态/辅助观测场（优化）__8bb8ad03.csv,54,valid,Fengqiu-wheat-2004-辅助观测场（优化）,calibration,Fengqiu-2004,2004.0,郑麦9023,normalized_exact,,obs_000272,valid,False,7.0,202.0,202.0,calibrated,,,,growth_sampling,,growth_sampling,,,,,,inner_training
273.0,Fengqiu,wheat,辅助观测场（优化）,biomass,14708.2,kg/ha,2004-05-19,2004-05-19,exact_date,灌浆成熟期,郑麦9023,data/tables/extracted/nesdc/fengqiu/5fc9868c042ebb415eebe73b/2-实体数据及关联说明文档_DP2011_FQA_SWSJ_SYDT/2-实体数据及关联说明文档_DP2011_FQA_SWSJ_SYDT/实体数据/封丘站农田作物叶面积与生物量（地上部及根系）动态/辅助观测场（优化）__8bb8ad03.csv,54,valid,Fengqiu-wheat-2004-辅助观测场（优化）,calibration,Fengqiu-2004,2004.0,郑麦9023,normalized_exact,,obs_000273,valid,False,7.0,202.0,202.0,calibrated,,,,growth_sampling,,growth_sampling,,,,,,inner_training
274.0,Fengqiu,wheat,辅助观测场（优化）,lai,2.84,m2/m2,2004-05-15,2004-05-15,exact_date,灌浆成熟期,郑麦9023,data/tables/extracted/nesdc/fengqiu/5fc9868c042ebb415eebe73b/2-实体数据及关联说明文档_DP2011_FQA_SWSJ_SYDT/2-实体数据及关联说明文档_DP2011_FQA_SWSJ_SYDT/实体数据/封丘站农田作物叶面积与生物量（地上部及根系）动态/辅助观测场（优化）__8bb8ad03.csv,55,valid,Fengqiu-wheat-2004-辅助观测场（优化）,calibration,Fengqiu-2004,2004.0,郑麦9023,normalized_exact,,obs_000274,valid,False,7.0,198.0,198.0,calibrated,,,,growth_sampling,,growth_sampling,,,,,,inner_training
275.0,Fengqiu,wheat,辅助观测场（优化）,biomass,13261.3,kg/ha,2004-05-15,2004-05-15,exact_date,灌浆成熟期,郑麦9023,data/tables/extracted/nesdc/fengqiu/5fc9868c042ebb415eebe73b/2-实体数据及关联说明文档_DP2011_FQA_SWSJ_SYDT/2-实体数据及关联说明文档_DP2011_FQA_SWSJ_SYDT/实体数据/封丘站农田作物叶面积与生物量（地上部及根系）动态/辅助观测场（优化）__8bb8ad03.csv,55,valid,Fengqiu-wheat-2004-辅助观测场（优化）,calibration,Fengqiu-2004,2004.0,郑麦9023,normalized_exact,,obs_000275,valid,False,7.0,198.0,198.0,calibrated,,,,growth_sampling,,growth_sampling,,,,,,inner_training
276.0,Fengqiu,wheat,辅助观测场（优化）,lai,3.01,m2/m2,2004-05-09,2004-05-09,exact_date,灌浆成熟期,郑麦9023,data/tables/extracted/nesdc/fengqiu/5fc9868c042ebb415eebe73b/2-实体数据及关联说明文档_DP2011_FQA_SWSJ_SYDT/2-实体数据及关联说明文档_DP2011_FQA_SWSJ_SYDT/实体数据/封丘站农田作物叶面积与生物量（地上部及根系）动态/辅助观测场（优化）__8bb8ad03.csv,56,valid,Fengqiu-wheat-2004-辅助观测场（优化）,calibration,Fengqiu-2004,2004.0,郑麦9023,normalized_exact,,obs_000276,valid,False,7.0,192.0,192.0,calibrated,,,,growth_sampling,,growth_sampling,,,,,,inner_training
277.0,Fengqiu,wheat,辅助观测场（优化）,biomass,9747.9,kg/ha,2004-05-09,2004-05-09,exact_date,灌浆成熟期,郑麦9023,data/tables/extracted/nesdc/fengqiu/5fc9868c042ebb415eebe73b/2-实体数据及关联说明文档_DP2011_FQA_SWSJ_SYDT/2-实体数据及关联说明文档_DP2011_FQA_SWSJ_SYDT/实体数据/封丘站农田作物叶面积与生物量（地上部及根系）动态/辅助观测场（优化）__8bb8ad03.csv,56,valid,Fengqiu-wheat-2004-辅助观测场（优化）,calibration,Fengqiu-2004,2004.0,郑麦9023,normalized_exact,,obs_000277,valid,False,7.0,192.0,192.0,calibrated,,,,growth_sampling,,growth_sampling,,,,,,inner_training
278.0,Fengqiu,wheat,辅助观测场（优化）,lai,3.2,m2/m2,2004-04-25,2004-04-25,exact_date,抽穗期,郑麦9023,data/tables/extracted/nesdc/fengqiu/5fc9868c042ebb415eebe73b/2-实体数据及关联说明文档_DP2011_FQA_SWSJ_SYDT/2-实体数据及关联说明文档_DP2011_FQA_SWSJ_SYDT/实体数据/封丘站农田作物叶面积与生物量（地上部及根系）动态/辅助观测场（优化）__8bb8ad03.csv,57,valid,Fengqiu-wheat-2004-辅助观测场（优化）,calibration,Fengqiu-2004,2004.0,郑麦9023,normalized_exact,,obs_000278,valid,False,7.0,178.0,178.0,calibrated,,,,growth_sampling,,growth_sampling,,,,,,inner_training
279.0,Fengqiu,wheat,辅助观测场（优化）,biomass,5988.099999999999,kg/ha,2004-04-25,2004-04-25,exact_date,抽穗期,郑麦9023,data/tables/extracted/nesdc/fengqiu/5fc9868c042ebb415eebe73b/2-实体数据及关联说明文档_DP2011_FQA_SWSJ_SYDT/2-实体数据及关联说明文档_DP2011_FQA_SWSJ_SYDT/实体数据/封丘站农田作物叶面积与生物量（地上部及根系）动态/辅助观测场（优化）__8bb8ad03.csv,57,valid,Fengqiu-wheat-2004-辅助观测场（优化）,calibration,Fengqiu-2004,2004.0,郑麦9023,normalized_exact,,obs_000279,valid,False,7.0,178.0,178.0,calibrated,,,,growth_sampling,,growth_sampling,,,,,,inner_training
280.0,Fengqiu,wheat,辅助观测场（优化）,lai,3.39,m2/m2,2004-04-20,2004-04-20,exact_date,抽穗期,郑麦9023,data/tables/extracted/nesdc/fengqiu/5fc9868c042ebb415eebe73b/2-实体数据及关联说明文档_DP2011_FQA_SWSJ_SYDT/2-实体数据及关联说明文档_DP2011_FQA_SWSJ_SYDT/实体数据/封丘站农田作物叶面积与生物量（地上部及根系）动态/辅助观测场（优化）__8bb8ad03.csv,58,valid,Fengqiu-wheat-2004-辅助观测场（优化）,calibration,Fengqiu-2004,2004.0,郑麦9023,normalized_exact,,obs_000280,valid,False,7.0,173.0,173.0,calibrated,,,,growth_sampling,,growth_sampling,,,,,,inner_training
281.0,Fengqiu,wheat,辅助观测场（优化）,biomass,5294.099999999999,kg/ha,2004-04-20,2004-04-20,exact_date,抽穗期,郑麦9023,data/tables/extracted/nesdc/fengqiu/5fc9868c042ebb415eebe73b/2-实体数据及关联说明文档_DP2011_FQA_SWSJ_SYDT/2-实体数据及关联说明文档_DP2011_FQA_SWSJ_SYDT/实体数据/封丘站农田作物叶面积与生物量（地上部及根系）动态/辅助观测场（优化）__8bb8ad03.csv,58,valid,Fengqiu-wheat-2004-辅助观测场（优化）,calibration,Fengqiu-2004,2004.0,郑麦9023,normalized_exact,,obs_000281,valid,False,7.0,173.0,173.0,calibrated,,,,growth_sampling,,growth_sampling,,,,,,inner_training
282.0,Fengqiu,wheat,辅助观测场（优化）,lai,3.93,m2/m2,2004-04-15,2004-04-15,exact_date,拔节期,郑麦9023,data/tables/extracted/nesdc/fengqiu/5fc9868c042ebb415eebe73b/2-实体数据及关联说明文档_DP2011_FQA_SWSJ_SYDT/2-实体数据及关联说明文档_DP2011_FQA_SWSJ_SYDT/实体数据/封丘站农田作物叶面积与生物量（地上部及根系）动态/辅助观测场（优化）__8bb8ad03.csv,59,valid,Fengqiu-wheat-2004-辅助观测场（优化）,calibration,Fengqiu-2004,2004.0,郑麦9023,normalized_exact,,obs_000282,valid,False,7.0,168.0,168.0,calibrated,,,,growth_sampling,,growth_sampling,,,,,,inner_training
283.0,Fengqiu,wheat,辅助观测场（优化）,biomass,4298.8,kg/ha,2004-04-15,2004-04-15,exact_date,拔节期,郑麦9023,data/tables/extracted/nesdc/fengqiu/5fc9868c042ebb415eebe73b/2-实体数据及关联说明文档_DP2011_FQA_SWSJ_SYDT/2-实体数据及关联说明文档_DP2011_FQA_SWSJ_SYDT/实体数据/封丘站农田作物叶面积与生物量（地上部及根系）动态/辅助观测场（优化）__8bb8ad03.csv,59,valid,Fengqiu-wheat-2004-辅助观测场（优化）,calibration,Fengqiu-2004,2004.0,郑麦9023,normalized_exact,,obs_000283,valid,False,7.0,168.0,168.0,calibrated,,,,growth_sampling,,growth_sampling,,,,,,inner_training
284.0,Fengqiu,wheat,辅助观测场（优化）,lai,4.41,m2/m2,2004-04-04,2004-04-04,exact_date,拔节期,郑麦9023,data/tables/extracted/nesdc/fengqiu/5fc9868c042ebb415eebe73b/2-实体数据及关联说明文档_DP2011_FQA_SWSJ_SYDT/2-实体数据及关联说明文档_DP2011_FQA_SWSJ_SYDT/实体数据/封丘站农田作物叶面积与生物量（地上部及根系）动态/辅助观测场（优化）__8bb8ad03.csv,60,valid,Fengqiu-wheat-2004-辅助观测场（优化）,calibration,Fengqiu-2004,2004.0,郑麦9023,normalized_exact,,obs_000284,valid,False,7.0,157.0,157.0,calibrated,,,,growth_sampling,,growth_sampling,,,,,,inner_training
285.0,Fengqiu,wheat,辅助观测场（优化）,biomass,4094.1,kg/ha,2004-04-04,2004-04-04,exact_date,拔节期,郑麦9023,data/tables/extracted/nesdc/fengqiu/5fc9868c042ebb415eebe73b/2-实体数据及关联说明文档_DP2011_FQA_SWSJ_SYDT/2-实体数据及关联说明文档_DP2011_FQA_SWSJ_SYDT/实体数据/封丘站农田作物叶面积与生物量（地上部及根系）动态/辅助观测场（优化）__8bb8ad03.csv,60,valid,Fengqiu-wheat-2004-辅助观测场（优化）,calibration,Fengqiu-2004,2004.0,郑麦9023,normalized_exact,,obs_000285,valid,False,7.0,157.0,157.0,calibrated,,,,growth_sampling,,growth_sampling,,,,,,inner_training
286.0,Fengqiu,wheat,辅助观测场（优化）,lai,2.86,m2/m2,2004-03-30,2004-03-30,exact_date,拔节期,郑麦9023,data/tables/extracted/nesdc/fengqiu/5fc9868c042ebb415eebe73b/2-实体数据及关联说明文档_DP2011_FQA_SWSJ_SYDT/2-实体数据及关联说明文档_DP2011_FQA_SWSJ_SYDT/实体数据/封丘站农田作物叶面积与生物量（地上部及根系）动态/辅助观测场（优化）__8bb8ad03.csv,61,valid,Fengqiu-wheat-2004-辅助观测场（优化）,calibration,Fengqiu-2004,2004.0,郑麦9023,normalized_exact,,obs_000286,valid,False,7.0,152.0,152.0,calibrated,,,,growth_sampling,,growth_sampling,,,,,,inner_training
287.0,Fengqiu,wheat,辅助观测场（优化）,biomass,2110.7,kg/ha,2004-03-30,2004-03-30,exact_date,拔节期,郑麦9023,data/tables/extracted/nesdc/fengqiu/5fc9868c042ebb415eebe73b/2-实体数据及关联说明文档_DP2011_FQA_SWSJ_SYDT/2-实体数据及关联说明文档_DP2011_FQA_SWSJ_SYDT/实体数据/封丘站农田作物叶面积与生物量（地上部及根系）动态/辅助观测场（优化）__8bb8ad03.csv,61,valid,Fengqiu-wheat-2004-辅助观测场（优化）,calibration,Fengqiu-2004,2004.0,郑麦9023,normalized_exact,,obs_000287,valid,False,7.0,152.0,152.0,calibrated,,,,growth_sampling,,growth_sampling,,,,,,inner_training
288.0,Fengqiu,wheat,辅助观测场（优化）,lai,0.65,m2/m2,2004-03-10,2004-03-10,exact_date,返青期,郑麦9023,data/tables/extracted/nesdc/fengqiu/5fc9868c042ebb415eebe73b/2-实体数据及关联说明文档_DP2011_FQA_SWSJ_SYDT/2-实体数据及关联说明文档_DP2011_FQA_SWSJ_SYDT/实体数据/封丘站农田作物叶面积与生物量（地上部及根系）动态/辅助观测场（优化）__8bb8ad03.csv,62,valid,Fengqiu-wheat-2004-辅助观测场（优化）,calibration,Fengqiu-2004,2004.0,郑麦9023,normalized_exact,,obs_000288,valid,False,7.0,132.0,132.0,calibrated,,,,growth_sampling,,growth_sampling,,,,,,inner_training
289.0,Fengqiu,wheat,辅助观测场（优化）,biomass,446.9,kg/ha,2004-03-10,2004-03-10,exact_date,返青期,郑麦9023,data/tables/extracted/nesdc/fengqiu/5fc9868c042ebb415eebe73b/2-实体数据及关联说明文档_DP2011_FQA_SWSJ_SYDT/2-实体数据及关联说明文档_DP2011_FQA_SWSJ_SYDT/实体数据/封丘站农田作物叶面积与生物量（地上部及根系）动态/辅助观测场（优化）__8bb8ad03.csv,62,valid,Fengqiu-wheat-2004-辅助观测场（优化）,calibration,Fengqiu-2004,2004.0,郑麦9023,normalized_exact,,obs_000289,valid,False,7.0,132.0,132.0,calibrated,,,,growth_sampling,,growth_sampling,,,,,,inner_training
290.0,Fengqiu,wheat,辅助观测场（优化）,lai,0.53,m2/m2,2004-03-05,2004-03-05,exact_date,返青期,郑麦9023,data/tables/extracted/nesdc/fengqiu/5fc9868c042ebb415eebe73b/2-实体数据及关联说明文档_DP2011_FQA_SWSJ_SYDT/2-实体数据及关联说明文档_DP2011_FQA_SWSJ_SYDT/实体数据/封丘站农田作物叶面积与生物量（地上部及根系）动态/辅助观测场（优化）__8bb8ad03.csv,63,valid,Fengqiu-wheat-2004-辅助观测场（优化）,calibration,Fengqiu-2004,2004.0,郑麦9023,normalized_exact,,obs_000290,valid,False,7.0,127.0,127.0,calibrated,,,,growth_sampling,,growth_sampling,,,,,,inner_training
291.0,Fengqiu,wheat,辅助观测场（优化）,biomass,397.0,kg/ha,2004-03-05,2004-03-05,exact_date,返青期,郑麦9023,data/tables/extracted/nesdc/fengqiu/5fc9868c042ebb415eebe73b/2-实体数据及关联说明文档_DP2011_FQA_SWSJ_SYDT/2-实体数据及关联说明文档_DP2011_FQA_SWSJ_SYDT/实体数据/封丘站农田作物叶面积与生物量（地上部及根系）动态/辅助观测场（优化）__8bb8ad03.csv,63,valid,Fengqiu-wheat-2004-辅助观测场（优化）,calibration,Fengqiu-2004,2004.0,郑麦9023,normalized_exact,,obs_000291,valid,False,7.0,127.0,127.0,calibrated,,,,growth_sampling,,growth_sampling,,,,,,inner_training
292.0,Fengqiu,wheat,辅助观测场（优化）,lai,0.2,m2/m2,2004-02-20,2004-02-20,exact_date,返青期,郑麦9023,data/tables/extracted/nesdc/fengqiu/5fc9868c042ebb415eebe73b/2-实体数据及关联说明文档_DP2011_FQA_SWSJ_SYDT/2-实体数据及关联说明文档_DP2011_FQA_SWSJ_SYDT/实体数据/封丘站农田作物叶面积与生物量（地上部及根系）动态/辅助观测场（优化）__8bb8ad03.csv,64,valid,Fengqiu-wheat-2004-辅助观测场（优化）,calibration,Fengqiu-2004,2004.0,郑麦9023,normalized_exact,,obs_000292,valid,False,7.0,113.0,113.0,calibrated,,,,growth_sampling,,growth_sampling,,,,,,inner_training
293.0,Fengqiu,wheat,辅助观测场（优化）,biomass,153.8,kg/ha,2004-02-20,2004-02-20,exact_date,返青期,郑麦9023,data/tables/extracted/nesdc/fengqiu/5fc9868c042ebb415eebe73b/2-实体数据及关联说明文档_DP2011_FQA_SWSJ_SYDT/2-实体数据及关联说明文档_DP2011_FQA_SWSJ_SYDT/实体数据/封丘站农田作物叶面积与生物量（地上部及根系）动态/辅助观测场（优化）__8bb8ad03.csv,64,valid,Fengqiu-wheat-2004-辅助观测场（优化）,calibration,Fengqiu-2004,2004.0,郑麦9023,normalized_exact,,obs_000293,valid,False,7.0,113.0,113.0,calibrated,,,,growth_sampling,,growth_sampling,,,,,,inner_training
294.0,Fengqiu,wheat,辅助观测场（优化）,lai,0.14,m2/m2,2004-02-01,2004-02-01,exact_date,苗期,郑麦9023,data/tables/extracted/nesdc/fengqiu/5fc9868c042ebb415eebe73b/2-实体数据及关联说明文档_DP2011_FQA_SWSJ_SYDT/2-实体数据及关联说明文档_DP2011_FQA_SWSJ_SYDT/实体数据/封丘站农田作物叶面积与生物量（地上部及根系）动态/辅助观测场（优化）__8bb8ad03.csv,65,valid,Fengqiu-wheat-2004-辅助观测场（优化）,calibration,Fengqiu-2004,2004.0,郑麦9023,normalized_exact,,obs_000294,valid,False,7.0,94.0,94.0,calibrated,,,,growth_sampling,,growth_sampling,,,,,,inner_training
295.0,Fengqiu,wheat,辅助观测场（优化）,biomass,114.6,kg/ha,2004-02-01,2004-02-01,exact_date,苗期,郑麦9023,data/tables/extracted/nesdc/fengqiu/5fc9868c042ebb415eebe73b/2-实体数据及关联说明文档_DP2011_FQA_SWSJ_SYDT/2-实体数据及关联说明文档_DP2011_FQA_SWSJ_SYDT/实体数据/封丘站农田作物叶面积与生物量（地上部及根系）动态/辅助观测场（优化）__8bb8ad03.csv,65,valid,Fengqiu-wheat-2004-辅助观测场（优化）,calibration,Fengqiu-2004,2004.0,郑麦9023,normalized_exact,,obs_000295,valid,False,7.0,94.0,94.0,calibrated,,,,growth_sampling,,growth_sampling,,,,,,inner_training
296.0,Fengqiu,wheat,辅助观测场（优化）,lai,0.11,m2/m2,2004-01-10,2004-01-10,exact_date,苗期,郑麦9023,data/tables/extracted/nesdc/fengqiu/5fc9868c042ebb415eebe73b/2-实体数据及关联说明文档_DP2011_FQA_SWSJ_SYDT/2-实体数据及关联说明文档_DP2011_FQA_SWSJ_SYDT/实体数据/封丘站农田作物叶面积与生物量（地上部及根系）动态/辅助观测场（优化）__8bb8ad03.csv,66,valid,Fengqiu-wheat-2004-辅助观测场（优化）,calibration,Fengqiu-2004,2004.0,郑麦9023,normalized_exact,,obs_000296,valid,False,7.0,72.0,72.0,calibrated,,,,growth_sampling,,growth_sampling,,,,,,inner_training
297.0,Fengqiu,wheat,辅助观测场（优化）,biomass,87.0,kg/ha,2004-01-10,2004-01-10,exact_date,苗期,郑麦9023,data/tables/extracted/nesdc/fengqiu/5fc9868c042ebb415eebe73b/2-实体数据及关联说明文档_DP2011_FQA_SWSJ_SYDT/2-实体数据及关联说明文档_DP2011_FQA_SWSJ_SYDT/实体数据/封丘站农田作物叶面积与生物量（地上部及根系）动态/辅助观测场（优化）__8bb8ad03.csv,66,valid,Fengqiu-wheat-2004-辅助观测场（优化）,calibration,Fengqiu-2004,2004.0,郑麦9023,normalized_exact,,obs_000297,valid,False,7.0,72.0,72.0,calibrated,,,,growth_sampling,,growth_sampling,,,,,,inner_training
298.0,Fengqiu,wheat,辅助观测场（优化）,lai,0.05,m2/m2,2003-12-09,2003-12-09,exact_date,苗期,郑麦9023,data/tables/extracted/nesdc/fengqiu/5fc9868c042ebb415eebe73b/2-实体数据及关联说明文档_DP2011_FQA_SWSJ_SYDT/2-实体数据及关联说明文档_DP2011_FQA_SWSJ_SYDT/实体数据/封丘站农田作物叶面积与生物量（地上部及根系）动态/辅助观测场（优化）__8bb8ad03.csv,67,valid,Fengqiu-wheat-2004-辅助观测场（优化）,calibration,Fengqiu-2004,2004.0,郑麦9023,normalized_exact,,obs_000298,valid,False,7.0,40.0,40.0,calibrated,,,,growth_sampling,,growth_sampling,,,,,,inner_training
299.0,Fengqiu,wheat,辅助观测场（优化）,biomass,38.1,kg/ha,2003-12-09,2003-12-09,exact_date,苗期,郑麦9023,data/tables/extracted/nesdc/fengqiu/5fc9868c042ebb415eebe73b/2-实体数据及关联说明文档_DP2011_FQA_SWSJ_SYDT/2-实体数据及关联说明文档_DP2011_FQA_SWSJ_SYDT/实体数据/封丘站农田作物叶面积与生物量（地上部及根系）动态/辅助观测场（优化）__8bb8ad03.csv,67,valid,Fengqiu-wheat-2004-辅助观测场（优化）,calibration,Fengqiu-2004,2004.0,郑麦9023,normalized_exact,,obs_000299,valid,False,7.0,40.0,40.0,calibrated,,,,growth_sampling,,growth_sampling,,,,,,inner_training
300.0,Fengqiu,wheat,辅助观测场（优化）,lai,0.03,m2/m2,2003-11-24,2003-11-24,exact_date,苗期,郑麦9023,data/tables/extracted/nesdc/fengqiu/5fc9868c042ebb415eebe73b/2-实体数据及关联说明文档_DP2011_FQA_SWSJ_SYDT/2-实体数据及关联说明文档_DP2011_FQA_SWSJ_SYDT/实体数据/封丘站农田作物叶面积与生物量（地上部及根系）动态/辅助观测场（优化）__8bb8ad03.csv,68,valid,Fengqiu-wheat-2004-辅助观测场（优化）,calibration,Fengqiu-2004,2004.0,郑麦9023,normalized_exact,,obs_000300,valid,False,7.0,25.0,25.0,calibrated,,,,growth_sampling,,growth_sampling,,,,,,inner_training
301.0,Fengqiu,wheat,辅助观测场（优化）,biomass,32.2,kg/ha,2003-11-24,2003-11-24,exact_date,苗期,郑麦9023,data/tables/extracted/nesdc/fengqiu/5fc9868c042ebb415eebe73b/2-实体数据及关联说明文档_DP2011_FQA_SWSJ_SYDT/2-实体数据及关联说明文档_DP2011_FQA_SWSJ_SYDT/实体数据/封丘站农田作物叶面积与生物量（地上部及根系）动态/辅助观测场（优化）__8bb8ad03.csv,68,valid,Fengqiu-wheat-2004-辅助观测场（优化）,calibration,Fengqiu-2004,2004.0,郑麦9023,normalized_exact,,obs_000301,valid,False,7.0,25.0,25.0,calibrated,,,,growth_sampling,,growth_sampling,,,,,,inner_training
72.0,Fengqiu,wheat,综合观测场,lai,0.54,m2/m2,2005-05-28,2005-05-28,exact_date,蜡熟期,郑麦9023,data/tables/extracted/nesdc/fengqiu/5fc9868c042ebb415eebe73b/2-实体数据及关联说明文档_DP2011_FQA_SWSJ_SYDT/2-实体数据及关联说明文档_DP2011_FQA_SWSJ_SYDT/实体数据/封丘站农田作物叶面积与生物量（地上部及根系）动态/综合观测场__8bb8ad03.csv,39,valid,Fengqiu-wheat-2005-综合观测场,calibration,Fengqiu-2005,2005.0,郑麦9023,normalized_exact,,obs_000072,valid,False,7.0,231.0,231.0,calibrated,,,,growth_sampling,,growth_sampling,,,,,,inner_training
73.0,Fengqiu,wheat,综合观测场,biomass,13222.2,kg/ha,2005-05-28,2005-05-28,exact_date,蜡熟期,郑麦9023,data/tables/extracted/nesdc/fengqiu/5fc9868c042ebb415eebe73b/2-实体数据及关联说明文档_DP2011_FQA_SWSJ_SYDT/2-实体数据及关联说明文档_DP2011_FQA_SWSJ_SYDT/实体数据/封丘站农田作物叶面积与生物量（地上部及根系）动态/综合观测场__8bb8ad03.csv,39,valid,Fengqiu-wheat-2005-综合观测场,calibration,Fengqiu-2005,2005.0,郑麦9023,normalized_exact,,obs_000073,valid,False,7.0,231.0,231.0,calibrated,,,,growth_sampling,,growth_sampling,,,,,,inner_training
74.0,Fengqiu,wheat,综合观测场,lai,1.36,m2/m2,2005-05-20,2005-05-20,exact_date,乳熟期,郑麦9023,data/tables/extracted/nesdc/fengqiu/5fc9868c042ebb415eebe73b/2-实体数据及关联说明文档_DP2011_FQA_SWSJ_SYDT/2-实体数据及关联说明文档_DP2011_FQA_SWSJ_SYDT/实体数据/封丘站农田作物叶面积与生物量（地上部及根系）动态/综合观测场__8bb8ad03.csv,40,valid,Fengqiu-wheat-2005-综合观测场,calibration,Fengqiu-2005,2005.0,郑麦9023,normalized_exact,,obs_000074,valid,False,7.0,223.0,223.0,calibrated,,,,growth_sampling,,growth_sampling,,,,,,inner_training
75.0,Fengqiu,wheat,综合观测场,biomass,9180.4,kg/ha,2005-05-20,2005-05-20,exact_date,乳熟期,郑麦9023,data/tables/extracted/nesdc/fengqiu/5fc9868c042ebb415eebe73b/2-实体数据及关联说明文档_DP2011_FQA_SWSJ_SYDT/2-实体数据及关联说明文档_DP2011_FQA_SWSJ_SYDT/实体数据/封丘站农田作物叶面积与生物量（地上部及根系）动态/综合观测场__8bb8ad03.csv,40,valid,Fengqiu-wheat-2005-综合观测场,calibration,Fengqiu-2005,2005.0,郑麦9023,normalized_exact,,obs_000075,valid,False,7.0,223.0,223.0,calibrated,,,,growth_sampling,,growth_sampling,,,,,,inner_training
76.0,Fengqiu,wheat,综合观测场,lai,2.35,m2/m2,2005-05-12,2005-05-12,exact_date,灌浆期,郑麦9023,data/tables/extracted/nesdc/fengqiu/5fc9868c042ebb415eebe73b/2-实体数据及关联说明文档_DP2011_FQA_SWSJ_SYDT/2-实体数据及关联说明文档_DP2011_FQA_SWSJ_SYDT/实体数据/封丘站农田作物叶面积与生物量（地上部及根系）动态/综合观测场__8bb8ad03.csv,41,valid,Fengqiu-wheat-2005-综合观测场,calibration,Fengqiu-2005,2005.0,郑麦9023,normalized_exact,,obs_000076,valid,False,7.0,215.0,215.0,calibrated,,,,growth_sampling,,growth_sampling,,,,,,inner_training
77.0,Fengqiu,wheat,综合观测场,biomass,9896.4,kg/ha,2005-05-12,2005-05-12,exact_date,灌浆期,郑麦9023,data/tables/extracted/nesdc/fengqiu/5fc9868c042ebb415eebe73b/2-实体数据及关联说明文档_DP2011_FQA_SWSJ_SYDT/2-实体数据及关联说明文档_DP2011_FQA_SWSJ_SYDT/实体数据/封丘站农田作物叶面积与生物量（地上部及根系）动态/综合观测场__8bb8ad03.csv,41,valid,Fengqiu-wheat-2005-综合观测场,calibration,Fengqiu-2005,2005.0,郑麦9023,normalized_exact,,obs_000077,valid,False,7.0,215.0,215.0,calibrated,,,,growth_sampling,,growth_sampling,,,,,,inner_training
78.0,Fengqiu,wheat,综合观测场,lai,2.8,m2/m2,2005-04-27,2005-04-27,exact_date,扬花期,郑麦9023,data/tables/extracted/nesdc/fengqiu/5fc9868c042ebb415eebe73b/2-实体数据及关联说明文档_DP2011_FQA_SWSJ_SYDT/2-实体数据及关联说明文档_DP2011_FQA_SWSJ_SYDT/实体数据/封丘站农田作物叶面积与生物量（地上部及根系）动态/综合观测场__8bb8ad03.csv,42,valid,Fengqiu-wheat-2005-综合观测场,calibration,Fengqiu-2005,2005.0,郑麦9023,normalized_exact,,obs_000078,valid,False,7.0,200.0,200.0,calibrated,,,,growth_sampling,,growth_sampling,,,,,,inner_training
79.0,Fengqiu,wheat,综合观测场,biomass,6638.200000000001,kg/ha,2005-04-27,2005-04-27,exact_date,扬花期,郑麦9023,data/tables/extracted/nesdc/fengqiu/5fc9868c042ebb415eebe73b/2-实体数据及关联说明文档_DP2011_FQA_SWSJ_SYDT/2-实体数据及关联说明文档_DP2011_FQA_SWSJ_SYDT/实体数据/封丘站农田作物叶面积与生物量（地上部及根系）动态/综合观测场__8bb8ad03.csv,42,valid,Fengqiu-wheat-2005-综合观测场,calibration,Fengqiu-2005,2005.0,郑麦9023,normalized_exact,,obs_000079,valid,False,7.0,200.0,200.0,calibrated,,,,growth_sampling,,growth_sampling,,,,,,inner_training
80.0,Fengqiu,wheat,综合观测场,lai,3.99,m2/m2,2005-04-18,2005-04-18,exact_date,抽穗期,郑麦9023,data/tables/extracted/nesdc/fengqiu/5fc9868c042ebb415eebe73b/2-实体数据及关联说明文档_DP2011_FQA_SWSJ_SYDT/2-实体数据及关联说明文档_DP2011_FQA_SWSJ_SYDT/实体数据/封丘站农田作物叶面积与生物量（地上部及根系）动态/综合观测场__8bb8ad03.csv,43,valid,Fengqiu-wheat-2005-综合观测场,calibration,Fengqiu-2005,2005.0,郑麦9023,normalized_exact,,obs_000080,valid,False,7.0,191.0,191.0,calibrated,,,,growth_sampling,,growth_sampling,,,,,,inner_training
81.0,Fengqiu,wheat,综合观测场,biomass,6215.5,kg/ha,2005-04-18,2005-04-18,exact_date,抽穗期,郑麦9023,data/tables/extracted/nesdc/fengqiu/5fc9868c042ebb415eebe73b/2-实体数据及关联说明文档_DP2011_FQA_SWSJ_SYDT/2-实体数据及关联说明文档_DP2011_FQA_SWSJ_SYDT/实体数据/封丘站农田作物叶面积与生物量（地上部及根系）动态/综合观测场__8bb8ad03.csv,43,valid,Fengqiu-wheat-2005-综合观测场,calibration,Fengqiu-2005,2005.0,郑麦9023,normalized_exact,,obs_000081,valid,False,7.0,191.0,191.0,calibrated,,,,growth_sampling,,growth_sampling,,,,,,inner_training
82.0,Fengqiu,wheat,综合观测场,lai,1.0,m2/m2,2005-03-25,2005-03-25,exact_date,拔节期,郑麦9023,data/tables/extracted/nesdc/fengqiu/5fc9868c042ebb415eebe73b/2-实体数据及关联说明文档_DP2011_FQA_SWSJ_SYDT/2-实体数据及关联说明文档_DP2011_FQA_SWSJ_SYDT/实体数据/封丘站农田作物叶面积与生物量（地上部及根系）动态/综合观测场__8bb8ad03.csv,44,valid,Fengqiu-wheat-2005-综合观测场,calibration,Fengqiu-2005,2005.0,郑麦9023,normalized_exact,,obs_000082,valid,False,7.0,167.0,167.0,calibrated,,,,growth_sampling,,growth_sampling,,,,,,inner_training
83.0,Fengqiu,wheat,综合观测场,biomass,1473.1999999999998,kg/ha,2005-03-25,2005-03-25,exact_date,拔节期,郑麦9023,data/tables/extracted/nesdc/fengqiu/5fc9868c042ebb415eebe73b/2-实体数据及关联说明文档_DP2011_FQA_SWSJ_SYDT/2-实体数据及关联说明文档_DP2011_FQA_SWSJ_SYDT/实体数据/封丘站农田作物叶面积与生物量（地上部及根系）动态/综合观测场__8bb8ad03.csv,44,valid,Fengqiu-wheat-2005-综合观测场,calibration,Fengqiu-2005,2005.0,郑麦9023,normalized_exact,,obs_000083,valid,False,7.0,167.0,167.0,calibrated,,,,growth_sampling,,growth_sampling,,,,,,inner_training
84.0,Fengqiu,wheat,综合观测场,lai,1.1,m2/m2,2005-03-18,2005-03-18,exact_date,返青期,郑麦9023,data/tables/extracted/nesdc/fengqiu/5fc9868c042ebb415eebe73b/2-实体数据及关联说明文档_DP2011_FQA_SWSJ_SYDT/2-实体数据及关联说明文档_DP2011_FQA_SWSJ_SYDT/实体数据/封丘站农田作物叶面积与生物量（地上部及根系）动态/综合观测场__8bb8ad03.csv,45,valid,Fengqiu-wheat-2005-综合观测场,calibration,Fengqiu-2005,2005.0,郑麦9023,normalized_exact,,obs_000084,valid,False,7.0,160.0,160.0,calibrated,,,,growth_sampling,,growth_sampling,,,,,,inner_training
85.0,Fengqiu,wheat,综合观测场,biomass,1878.8,kg/ha,2005-03-18,2005-03-18,exact_date,返青期,郑麦9023,data/tables/extracted/nesdc/fengqiu/5fc9868c042ebb415eebe73b/2-实体数据及关联说明文档_DP2011_FQA_SWSJ_SYDT/2-实体数据及关联说明文档_DP2011_FQA_SWSJ_SYDT/实体数据/封丘站农田作物叶面积与生物量（地上部及根系）动态/综合观测场__8bb8ad03.csv,45,valid,Fengqiu-wheat-2005-综合观测场,calibration,Fengqiu-2005,2005.0,郑麦9023,normalized_exact,,obs_000085,valid,False,7.0,160.0,160.0,calibrated,,,,growth_sampling,,growth_sampling,,,,,,inner_training
156.0,Fengqiu,wheat,辅助观测场（不施肥）,lai,0.06,m2/m2,2005-05-28,2005-05-28,exact_date,蜡熟期,郑麦9023,data/tables/extracted/nesdc/fengqiu/5fc9868c042ebb415eebe73b/2-实体数据及关联说明文档_DP2011_FQA_SWSJ_SYDT/2-实体数据及关联说明文档_DP2011_FQA_SWSJ_SYDT/实体数据/封丘站农田作物叶面积与生物量（地上部及根系）动态/辅助观测场（不施肥）__8bb8ad03.csv,38,valid,Fengqiu-wheat-2005-辅助观测场（不施肥）,calibration,Fengqiu-2005,2005.0,郑麦9023,normalized_exact,,obs_000156,valid,False,7.0,231.0,231.0,calibrated,,,,growth_sampling,,growth_sampling,,,,,,inner_training
157.0,Fengqiu,wheat,辅助观测场（不施肥）,biomass,2445.2000000000003,kg/ha,2005-05-28,2005-05-28,exact_date,蜡熟期,郑麦9023,data/tables/extracted/nesdc/fengqiu/5fc9868c042ebb415eebe73b/2-实体数据及关联说明文档_DP2011_FQA_SWSJ_SYDT/2-实体数据及关联说明文档_DP2011_FQA_SWSJ_SYDT/实体数据/封丘站农田作物叶面积与生物量（地上部及根系）动态/辅助观测场（不施肥）__8bb8ad03.csv,38,valid,Fengqiu-wheat-2005-辅助观测场（不施肥）,calibration,Fengqiu-2005,2005.0,郑麦9023,normalized_exact,,obs_000157,valid,False,7.0,231.0,231.0,calibrated,,,,growth_sampling,,growth_sampling,,,,,,inner_training
158.0,Fengqiu,wheat,辅助观测场（不施肥）,lai,0.41,m2/m2,2005-05-20,2005-05-20,exact_date,乳熟期,郑麦9023,data/tables/extracted/nesdc/fengqiu/5fc9868c042ebb415eebe73b/2-实体数据及关联说明文档_DP2011_FQA_SWSJ_SYDT/2-实体数据及关联说明文档_DP2011_FQA_SWSJ_SYDT/实体数据/封丘站农田作物叶面积与生物量（地上部及根系）动态/辅助观测场（不施肥）__8bb8ad03.csv,39,valid,Fengqiu-wheat-2005-辅助观测场（不施肥）,calibration,Fengqiu-2005,2005.0,郑麦9023,normalized_exact,,obs_000158,valid,False,7.0,223.0,223.0,calibrated,,,,growth_sampling,,growth_sampling,,,,,,inner_training
159.0,Fengqiu,wheat,辅助观测场（不施肥）,biomass,3187.2000000000003,kg/ha,2005-05-20,2005-05-20,exact_date,乳熟期,郑麦9023,data/tables/extracted/nesdc/fengqiu/5fc9868c042ebb415eebe73b/2-实体数据及关联说明文档_DP2011_FQA_SWSJ_SYDT/2-实体数据及关联说明文档_DP2011_FQA_SWSJ_SYDT/实体数据/封丘站农田作物叶面积与生物量（地上部及根系）动态/辅助观测场（不施肥）__8bb8ad03.csv,39,valid,Fengqiu-wheat-2005-辅助观测场（不施肥）,calibration,Fengqiu-2005,2005.0,郑麦9023,normalized_exact,,obs_000159,valid,False,7.0,223.0,223.0,calibrated,,,,growth_sampling,,growth_sampling,,,,,,inner_training
160.0,Fengqiu,wheat,辅助观测场（不施肥）,lai,0.51,m2/m2,2005-05-12,2005-05-12,exact_date,灌浆期,郑麦9023,data/tables/extracted/nesdc/fengqiu/5fc9868c042ebb415eebe73b/2-实体数据及关联说明文档_DP2011_FQA_SWSJ_SYDT/2-实体数据及关联说明文档_DP2011_FQA_SWSJ_SYDT/实体数据/封丘站农田作物叶面积与生物量（地上部及根系）动态/辅助观测场（不施肥）__8bb8ad03.csv,40,valid,Fengqiu-wheat-2005-辅助观测场（不施肥）,calibration,Fengqiu-2005,2005.0,郑麦9023,normalized_exact,,obs_000160,valid,False,7.0,215.0,215.0,calibrated,,,,growth_sampling,,growth_sampling,,,,,,inner_training
161.0,Fengqiu,wheat,辅助观测场（不施肥）,biomass,2708.0,kg/ha,2005-05-12,2005-05-12,exact_date,灌浆期,郑麦9023,data/tables/extracted/nesdc/fengqiu/5fc9868c042ebb415eebe73b/2-实体数据及关联说明文档_DP2011_FQA_SWSJ_SYDT/2-实体数据及关联说明文档_DP2011_FQA_SWSJ_SYDT/实体数据/封丘站农田作物叶面积与生物量（地上部及根系）动态/辅助观测场（不施肥）__8bb8ad03.csv,40,valid,Fengqiu-wheat-2005-辅助观测场（不施肥）,calibration,Fengqiu-2005,2005.0,郑麦9023,normalized_exact,,obs_000161,valid,False,7.0,215.0,215.0,calibrated,,,,growth_sampling,,growth_sampling,,,,,,inner_training
162.0,Fengqiu,wheat,辅助观测场（不施肥）,lai,0.64,m2/m2,2005-04-27,2005-04-27,exact_date,扬花期,郑麦9023,data/tables/extracted/nesdc/fengqiu/5fc9868c042ebb415eebe73b/2-实体数据及关联说明文档_DP2011_FQA_SWSJ_SYDT/2-实体数据及关联说明文档_DP2011_FQA_SWSJ_SYDT/实体数据/封丘站农田作物叶面积与生物量（地上部及根系）动态/辅助观测场（不施肥）__8bb8ad03.csv,41,valid,Fengqiu-wheat-2005-辅助观测场（不施肥）,calibration,Fengqiu-2005,2005.0,郑麦9023,normalized_exact,,obs_000162,valid,False,7.0,200.0,200.0,calibrated,,,,growth_sampling,,growth_sampling,,,,,,inner_training
163.0,Fengqiu,wheat,辅助观测场（不施肥）,biomass,1766.5,kg/ha,2005-04-27,2005-04-27,exact_date,扬花期,郑麦9023,data/tables/extracted/nesdc/fengqiu/5fc9868c042ebb415eebe73b/2-实体数据及关联说明文档_DP2011_FQA_SWSJ_SYDT/2-实体数据及关联说明文档_DP2011_FQA_SWSJ_SYDT/实体数据/封丘站农田作物叶面积与生物量（地上部及根系）动态/辅助观测场（不施肥）__8bb8ad03.csv,41,valid,Fengqiu-wheat-2005-辅助观测场（不施肥）,calibration,Fengqiu-2005,2005.0,郑麦9023,normalized_exact,,obs_000163,valid,False,7.0,200.0,200.0,calibrated,,,,growth_sampling,,growth_sampling,,,,,,inner_training
164.0,Fengqiu,wheat,辅助观测场（不施肥）,lai,0.61,m2/m2,2005-04-20,2005-04-20,exact_date,抽穗期,郑麦9023,data/tables/extracted/nesdc/fengqiu/5fc9868c042ebb415eebe73b/2-实体数据及关联说明文档_DP2011_FQA_SWSJ_SYDT/2-实体数据及关联说明文档_DP2011_FQA_SWSJ_SYDT/实体数据/封丘站农田作物叶面积与生物量（地上部及根系）动态/辅助观测场（不施肥）__8bb8ad03.csv,42,valid,Fengqiu-wheat-2005-辅助观测场（不施肥）,calibration,Fengqiu-2005,2005.0,郑麦9023,normalized_exact,,obs_000164,valid,False,7.0,193.0,193.0,calibrated,,,,growth_sampling,,growth_sampling,,,,,,inner_training
165.0,Fengqiu,wheat,辅助观测场（不施肥）,biomass,959.5,kg/ha,2005-04-20,2005-04-20,exact_date,抽穗期,郑麦9023,data/tables/extracted/nesdc/fengqiu/5fc9868c042ebb415eebe73b/2-实体数据及关联说明文档_DP2011_FQA_SWSJ_SYDT/2-实体数据及关联说明文档_DP2011_FQA_SWSJ_SYDT/实体数据/封丘站农田作物叶面积与生物量（地上部及根系）动态/辅助观测场（不施肥）__8bb8ad03.csv,42,valid,Fengqiu-wheat-2005-辅助观测场（不施肥）,calibration,Fengqiu-2005,2005.0,郑麦9023,normalized_exact,,obs_000165,valid,False,7.0,193.0,193.0,calibrated,,,,growth_sampling,,growth_sampling,,,,,,inner_training
166.0,Fengqiu,wheat,辅助观测场（不施肥）,lai,0.23,m2/m2,2005-03-25,2005-03-25,exact_date,拔节期,郑麦9023,data/tables/extracted/nesdc/fengqiu/5fc9868c042ebb415eebe73b/2-实体数据及关联说明文档_DP2011_FQA_SWSJ_SYDT/2-实体数据及关联说明文档_DP2011_FQA_SWSJ_SYDT/实体数据/封丘站农田作物叶面积与生物量（地上部及根系）动态/辅助观测场（不施肥）__8bb8ad03.csv,43,valid,Fengqiu-wheat-2005-辅助观测场（不施肥）,calibration,Fengqiu-2005,2005.0,郑麦9023,normalized_exact,,obs_000166,valid,False,7.0,167.0,167.0,calibrated,,,,growth_sampling,,growth_sampling,,,,,,inner_training
167.0,Fengqiu,wheat,辅助观测场（不施肥）,biomass,315.2,kg/ha,2005-03-25,2005-03-25,exact_date,拔节期,郑麦9023,data/tables/extracted/nesdc/fengqiu/5fc9868c042ebb415eebe73b/2-实体数据及关联说明文档_DP2011_FQA_SWSJ_SYDT/2-实体数据及关联说明文档_DP2011_FQA_SWSJ_SYDT/实体数据/封丘站农田作物叶面积与生物量（地上部及根系）动态/辅助观测场（不施肥）__8bb8ad03.csv,43,valid,Fengqiu-wheat-2005-辅助观测场（不施肥）,calibration,Fengqiu-2005,2005.0,郑麦9023,normalized_exact,,obs_000167,valid,False,7.0,167.0,167.0,calibrated,,,,growth_sampling,,growth_sampling,,,,,,inner_training
168.0,Fengqiu,wheat,辅助观测场（不施肥）,lai,0.11,m2/m2,2005-03-13,2005-03-13,exact_date,返青期,郑麦9023,data/tables/extracted/nesdc/fengqiu/5fc9868c042ebb415eebe73b/2-实体数据及关联说明文档_DP2011_FQA_SWSJ_SYDT/2-实体数据及关联说明文档_DP2011_FQA_SWSJ_SYDT/实体数据/封丘站农田作物叶面积与生物量（地上部及根系）动态/辅助观测场（不施肥）__8bb8ad03.csv,44,valid,Fengqiu-wheat-2005-辅助观测场（不施肥）,calibration,Fengqiu-2005,2005.0,郑麦9023,normalized_exact,,obs_000168,valid,False,7.0,155.0,155.0,calibrated,,,,growth_sampling,,growth_sampling,,,,,,inner_training
169.0,Fengqiu,wheat,辅助观测场（不施肥）,biomass,111.8,kg/ha,2005-03-13,2005-03-13,exact_date,返青期,郑麦9023,data/tables/extracted/nesdc/fengqiu/5fc9868c042ebb415eebe73b/2-实体数据及关联说明文档_DP2011_FQA_SWSJ_SYDT/2-实体数据及关联说明文档_DP2011_FQA_SWSJ_SYDT/实体数据/封丘站农田作物叶面积与生物量（地上部及根系）动态/辅助观测场（不施肥）__8bb8ad03.csv,44,valid,Fengqiu-wheat-2005-辅助观测场（不施肥）,calibration,Fengqiu-2005,2005.0,郑麦9023,normalized_exact,,obs_000169,valid,False,7.0,155.0,155.0,calibrated,,,,growth_sampling,,growth_sampling,,,,,,inner_training
240.0,Fengqiu,wheat,辅助观测场（优化）,lai,0.02,m2/m2,2005-05-28,2005-05-28,exact_date,蜡熟期,郑麦9023,data/tables/extracted/nesdc/fengqiu/5fc9868c042ebb415eebe73b/2-实体数据及关联说明文档_DP2011_FQA_SWSJ_SYDT/2-实体数据及关联说明文档_DP2011_FQA_SWSJ_SYDT/实体数据/封丘站农田作物叶面积与生物量（地上部及根系）动态/辅助观测场（优化）__8bb8ad03.csv,38,valid,Fengqiu-wheat-2005-辅助观测场（优化）,calibration,Fengqiu-2005,2005.0,郑麦9023,normalized_exact,,obs_000240,valid,False,7.0,232.0,232.0,calibrated,,,,growth_sampling,,growth_sampling,,,,,,inner_training
241.0,Fengqiu,wheat,辅助观测场（优化）,biomass,9674.9,kg/ha,2005-05-28,2005-05-28,exact_date,蜡熟期,郑麦9023,data/tables/extracted/nesdc/fengqiu/5fc9868c042ebb415eebe73b/2-实体数据及关联说明文档_DP2011_FQA_SWSJ_SYDT/2-实体数据及关联说明文档_DP2011_FQA_SWSJ_SYDT/实体数据/封丘站农田作物叶面积与生物量（地上部及根系）动态/辅助观测场（优化）__8bb8ad03.csv,38,valid,Fengqiu-wheat-2005-辅助观测场（优化）,calibration,Fengqiu-2005,2005.0,郑麦9023,normalized_exact,,obs_000241,valid,False,7.0,232.0,232.0,calibrated,,,,growth_sampling,,growth_sampling,,,,,,inner_training
242.0,Fengqiu,wheat,辅助观测场（优化）,lai,0.39,m2/m2,2005-05-20,2005-05-20,exact_date,乳熟期,郑麦9023,data/tables/extracted/nesdc/fengqiu/5fc9868c042ebb415eebe73b/2-实体数据及关联说明文档_DP2011_FQA_SWSJ_SYDT/2-实体数据及关联说明文档_DP2011_FQA_SWSJ_SYDT/实体数据/封丘站农田作物叶面积与生物量（地上部及根系）动态/辅助观测场（优化）__8bb8ad03.csv,39,valid,Fengqiu-wheat-2005-辅助观测场（优化）,calibration,Fengqiu-2005,2005.0,郑麦9023,normalized_exact,,obs_000242,valid,False,7.0,224.0,224.0,calibrated,,,,growth_sampling,,growth_sampling,,,,,,inner_training
243.0,Fengqiu,wheat,辅助观测场（优化）,biomass,9840.9,kg/ha,2005-05-20,2005-05-20,exact_date,乳熟期,郑麦9023,data/tables/extracted/nesdc/fengqiu/5fc9868c042ebb415eebe73b/2-实体数据及关联说明文档_DP2011_FQA_SWSJ_SYDT/2-实体数据及关联说明文档_DP2011_FQA_SWSJ_SYDT/实体数据/封丘站农田作物叶面积与生物量（地上部及根系）动态/辅助观测场（优化）__8bb8ad03.csv,39,valid,Fengqiu-wheat-2005-辅助观测场（优化）,calibration,Fengqiu-2005,2005.0,郑麦9023,normalized_exact,,obs_000243,valid,False,7.0,224.0,224.0,calibrated,,,,growth_sampling,,growth_sampling,,,,,,inner_training
244.0,Fengqiu,wheat,辅助观测场（优化）,lai,1.81,m2/m2,2005-05-12,2005-05-12,exact_date,灌浆期,郑麦9023,data/tables/extracted/nesdc/fengqiu/5fc9868c042ebb415eebe73b/2-实体数据及关联说明文档_DP2011_FQA_SWSJ_SYDT/2-实体数据及关联说明文档_DP2011_FQA_SWSJ_SYDT/实体数据/封丘站农田作物叶面积与生物量（地上部及根系）动态/辅助观测场（优化）__8bb8ad03.csv,40,valid,Fengqiu-wheat-2005-辅助观测场（优化）,calibration,Fengqiu-2005,2005.0,郑麦9023,normalized_exact,,obs_000244,valid,False,7.0,216.0,216.0,calibrated,,,,growth_sampling,,growth_sampling,,,,,,inner_training
245.0,Fengqiu,wheat,辅助观测场（优化）,biomass,8945.800000000001,kg/ha,2005-05-12,2005-05-12,exact_date,灌浆期,郑麦9023,data/tables/extracted/nesdc/fengqiu/5fc9868c042ebb415eebe73b/2-实体数据及关联说明文档_DP2011_FQA_SWSJ_SYDT/2-实体数据及关联说明文档_DP2011_FQA_SWSJ_SYDT/实体数据/封丘站农田作物叶面积与生物量（地上部及根系）动态/辅助观测场（优化）__8bb8ad03.csv,40,valid,Fengqiu-wheat-2005-辅助观测场（优化）,calibration,Fengqiu-2005,2005.0,郑麦9023,normalized_exact,,obs_000245,valid,False,7.0,216.0,216.0,calibrated,,,,growth_sampling,,growth_sampling,,,,,,inner_training
246.0,Fengqiu,wheat,辅助观测场（优化）,lai,1.87,m2/m2,2005-04-27,2005-04-27,exact_date,扬花期,郑麦9023,data/tables/extracted/nesdc/fengqiu/5fc9868c042ebb415eebe73b/2-实体数据及关联说明文档_DP2011_FQA_SWSJ_SYDT/2-实体数据及关联说明文档_DP2011_FQA_SWSJ_SYDT/实体数据/封丘站农田作物叶面积与生物量（地上部及根系）动态/辅助观测场（优化）__8bb8ad03.csv,41,valid,Fengqiu-wheat-2005-辅助观测场（优化）,calibration,Fengqiu-2005,2005.0,郑麦9023,normalized_exact,,obs_000246,valid,False,7.0,201.0,201.0,calibrated,,,,growth_sampling,,growth_sampling,,,,,,inner_training
247.0,Fengqiu,wheat,辅助观测场（优化）,biomass,5161.1,kg/ha,2005-04-27,2005-04-27,exact_date,扬花期,郑麦9023,data/tables/extracted/nesdc/fengqiu/5fc9868c042ebb415eebe73b/2-实体数据及关联说明文档_DP2011_FQA_SWSJ_SYDT/2-实体数据及关联说明文档_DP2011_FQA_SWSJ_SYDT/实体数据/封丘站农田作物叶面积与生物量（地上部及根系）动态/辅助观测场（优化）__8bb8ad03.csv,41,valid,Fengqiu-wheat-2005-辅助观测场（优化）,calibration,Fengqiu-2005,2005.0,郑麦9023,normalized_exact,,obs_000247,valid,False,7.0,201.0,201.0,calibrated,,,,growth_sampling,,growth_sampling,,,,,,inner_training
248.0,Fengqiu,wheat,辅助观测场（优化）,lai,3.2,m2/m2,2005-04-20,2005-04-20,exact_date,抽穗期,郑麦9023,data/tables/extracted/nesdc/fengqiu/5fc9868c042ebb415eebe73b/2-实体数据及关联说明文档_DP2011_FQA_SWSJ_SYDT/2-实体数据及关联说明文档_DP2011_FQA_SWSJ_SYDT/实体数据/封丘站农田作物叶面积与生物量（地上部及根系）动态/辅助观测场（优化）__8bb8ad03.csv,42,valid,Fengqiu-wheat-2005-辅助观测场（优化）,calibration,Fengqiu-2005,2005.0,郑麦9023,normalized_exact,,obs_000248,valid,False,7.0,194.0,194.0,calibrated,,,,growth_sampling,,growth_sampling,,,,,,inner_training
249.0,Fengqiu,wheat,辅助观测场（优化）,biomass,5368.7,kg/ha,2005-04-20,2005-04-20,exact_date,抽穗期,郑麦9023,data/tables/extracted/nesdc/fengqiu/5fc9868c042ebb415eebe73b/2-实体数据及关联说明文档_DP2011_FQA_SWSJ_SYDT/2-实体数据及关联说明文档_DP2011_FQA_SWSJ_SYDT/实体数据/封丘站农田作物叶面积与生物量（地上部及根系）动态/辅助观测场（优化）__8bb8ad03.csv,42,valid,Fengqiu-wheat-2005-辅助观测场（优化）,calibration,Fengqiu-2005,2005.0,郑麦9023,normalized_exact,,obs_000249,valid,False,7.0,194.0,194.0,calibrated,,,,growth_sampling,,growth_sampling,,,,,,inner_training
250.0,Fengqiu,wheat,辅助观测场（优化）,lai,1.17,m2/m2,2005-03-25,2005-03-25,exact_date,拔节期,郑麦9023,data/tables/extracted/nesdc/fengqiu/5fc9868c042ebb415eebe73b/2-实体数据及关联说明文档_DP2011_FQA_SWSJ_SYDT/2-实体数据及关联说明文档_DP2011_FQA_SWSJ_SYDT/实体数据/封丘站农田作物叶面积与生物量（地上部及根系）动态/辅助观测场（优化）__8bb8ad03.csv,43,valid,Fengqiu-wheat-2005-辅助观测场（优化）,calibration,Fengqiu-2005,2005.0,郑麦9023,normalized_exact,,obs_000250,valid,False,7.0,168.0,168.0,calibrated,,,,growth_sampling,,growth_sampling,,,,,,inner_training
251.0,Fengqiu,wheat,辅助观测场（优化）,biomass,2115.7,kg/ha,2005-03-25,2005-03-25,exact_date,拔节期,郑麦9023,data/tables/extracted/nesdc/fengqiu/5fc9868c042ebb415eebe73b/2-实体数据及关联说明文档_DP2011_FQA_SWSJ_SYDT/2-实体数据及关联说明文档_DP2011_FQA_SWSJ_SYDT/实体数据/封丘站农田作物叶面积与生物量（地上部及根系）动态/辅助观测场（优化）__8bb8ad03.csv,43,valid,Fengqiu-wheat-2005-辅助观测场（优化）,calibration,Fengqiu-2005,2005.0,郑麦9023,normalized_exact,,obs_000251,valid,False,7.0,168.0,168.0,calibrated,,,,growth_sampling,,growth_sampling,,,,,,inner_training
252.0,Fengqiu,wheat,辅助观测场（优化）,lai,0.96,m2/m2,2005-03-18,2005-03-18,exact_date,返青期,郑麦9023,data/tables/extracted/nesdc/fengqiu/5fc9868c042ebb415eebe73b/2-实体数据及关联说明文档_DP2011_FQA_SWSJ_SYDT/2-实体数据及关联说明文档_DP2011_FQA_SWSJ_SYDT/实体数据/封丘站农田作物叶面积与生物量（地上部及根系）动态/辅助观测场（优化）__8bb8ad03.csv,44,valid,Fengqiu-wheat-2005-辅助观测场（优化）,calibration,Fengqiu-2005,2005.0,郑麦9023,normalized_exact,,obs_000252,valid,False,7.0,161.0,161.0,calibrated,,,,growth_sampling,,growth_sampling,,,,,,inner_training
253.0,Fengqiu,wheat,辅助观测场（优化）,biomass,1391.9,kg/ha,2005-03-18,2005-03-18,exact_date,返青期,郑麦9023,data/tables/extracted/nesdc/fengqiu/5fc9868c042ebb415eebe73b/2-实体数据及关联说明文档_DP2011_FQA_SWSJ_SYDT/2-实体数据及关联说明文档_DP2011_FQA_SWSJ_SYDT/实体数据/封丘站农田作物叶面积与生物量（地上部及根系）动态/辅助观测场（优化）__8bb8ad03.csv,44,valid,Fengqiu-wheat-2005-辅助观测场（优化）,calibration,Fengqiu-2005,2005.0,郑麦9023,normalized_exact,,obs_000253,valid,False,7.0,161.0,161.0,calibrated,,,,growth_sampling,,growth_sampling,,,,,,inner_training
372.0,Fengqiu,wheat,辅助观测场（水平衡场）,lai,0.33,m2/m2,2005-05-28,2005-05-28,exact_date,蜡熟期,郑麦9023,data/tables/extracted/nesdc/fengqiu/5fc9868c042ebb415eebe73b/2-实体数据及关联说明文档_DP2011_FQA_SWSJ_SYDT/2-实体数据及关联说明文档_DP2011_FQA_SWSJ_SYDT/实体数据/封丘站农田作物叶面积与生物量（地上部及根系）动态/辅助观测场（水平衡场）__8bb8ad03.csv,38,valid,Fengqiu-wheat-2005-辅助观测场（水平衡场）,calibration,Fengqiu-2005,2005.0,郑麦9023,normalized_exact,,obs_000372,valid,False,7.0,229.0,229.0,calibrated,,,,growth_sampling,,growth_sampling,,,,,,inner_training
373.0,Fengqiu,wheat,辅助观测场（水平衡场）,biomass,11619.3,kg/ha,2005-05-28,2005-05-28,exact_date,蜡熟期,郑麦9023,data/tables/extracted/nesdc/fengqiu/5fc9868c042ebb415eebe73b/2-实体数据及关联说明文档_DP2011_FQA_SWSJ_SYDT/2-实体数据及关联说明文档_DP2011_FQA_SWSJ_SYDT/实体数据/封丘站农田作物叶面积与生物量（地上部及根系）动态/辅助观测场（水平衡场）__8bb8ad03.csv,38,valid,Fengqiu-wheat-2005-辅助观测场（水平衡场）,calibration,Fengqiu-2005,2005.0,郑麦9023,normalized_exact,,obs_000373,valid,False,7.0,229.0,229.0,calibrated,,,,growth_sampling,,growth_sampling,,,,,,inner_training
374.0,Fengqiu,wheat,辅助观测场（水平衡场）,lai,1.25,m2/m2,2005-05-20,2005-05-20,exact_date,乳熟期,郑麦9023,data/tables/extracted/nesdc/fengqiu/5fc9868c042ebb415eebe73b/2-实体数据及关联说明文档_DP2011_FQA_SWSJ_SYDT/2-实体数据及关联说明文档_DP2011_FQA_SWSJ_SYDT/实体数据/封丘站农田作物叶面积与生物量（地上部及根系）动态/辅助观测场（水平衡场）__8bb8ad03.csv,39,valid,Fengqiu-wheat-2005-辅助观测场（水平衡场）,calibration,Fengqiu-2005,2005.0,郑麦9023,normalized_exact,,obs_000374,valid,False,7.0,221.0,221.0,calibrated,,,,growth_sampling,,growth_sampling,,,,,,inner_training
375.0,Fengqiu,wheat,辅助观测场（水平衡场）,biomass,11849.5,kg/ha,2005-05-20,2005-05-20,exact_date,乳熟期,郑麦9023,data/tables/extracted/nesdc/fengqiu/5fc9868c042ebb415eebe73b/2-实体数据及关联说明文档_DP2011_FQA_SWSJ_SYDT/2-实体数据及关联说明文档_DP2011_FQA_SWSJ_SYDT/实体数据/封丘站农田作物叶面积与生物量（地上部及根系）动态/辅助观测场（水平衡场）__8bb8ad03.csv,39,valid,Fengqiu-wheat-2005-辅助观测场（水平衡场）,calibration,Fengqiu-2005,2005.0,郑麦9023,normalized_exact,,obs_000375,valid,False,7.0,221.0,221.0,calibrated,,,,growth_sampling,,growth_sampling,,,,,,inner_training
376.0,Fengqiu,wheat,辅助观测场（水平衡场）,lai,1.94,m2/m2,2005-05-12,2005-05-12,exact_date,灌浆期,郑麦9023,data/tables/extracted/nesdc/fengqiu/5fc9868c042ebb415eebe73b/2-实体数据及关联说明文档_DP2011_FQA_SWSJ_SYDT/2-实体数据及关联说明文档_DP2011_FQA_SWSJ_SYDT/实体数据/封丘站农田作物叶面积与生物量（地上部及根系）动态/辅助观测场（水平衡场）__8bb8ad03.csv,40,valid,Fengqiu-wheat-2005-辅助观测场（水平衡场）,calibration,Fengqiu-2005,2005.0,郑麦9023,normalized_exact,,obs_000376,valid,False,7.0,213.0,213.0,calibrated,,,,growth_sampling,,growth_sampling,,,,,,inner_training
377.0,Fengqiu,wheat,辅助观测场（水平衡场）,biomass,8969.7,kg/ha,2005-05-12,2005-05-12,exact_date,灌浆期,郑麦9023,data/tables/extracted/nesdc/fengqiu/5fc9868c042ebb415eebe73b/2-实体数据及关联说明文档_DP2011_FQA_SWSJ_SYDT/2-实体数据及关联说明文档_DP2011_FQA_SWSJ_SYDT/实体数据/封丘站农田作物叶面积与生物量（地上部及根系）动态/辅助观测场（水平衡场）__8bb8ad03.csv,40,valid,Fengqiu-wheat-2005-辅助观测场（水平衡场）,calibration,Fengqiu-2005,2005.0,郑麦9023,normalized_exact,,obs_000377,valid,False,7.0,213.0,213.0,calibrated,,,,growth_sampling,,growth_sampling,,,,,,inner_training
378.0,Fengqiu,wheat,辅助观测场（水平衡场）,lai,2.55,m2/m2,2005-04-27,2005-04-27,exact_date,扬花期,郑麦9023,data/tables/extracted/nesdc/fengqiu/5fc9868c042ebb415eebe73b/2-实体数据及关联说明文档_DP2011_FQA_SWSJ_SYDT/2-实体数据及关联说明文档_DP2011_FQA_SWSJ_SYDT/实体数据/封丘站农田作物叶面积与生物量（地上部及根系）动态/辅助观测场（水平衡场）__8bb8ad03.csv,41,valid,Fengqiu-wheat-2005-辅助观测场（水平衡场）,calibration,Fengqiu-2005,2005.0,郑麦9023,normalized_exact,,obs_000378,valid,False,7.0,198.0,198.0,calibrated,,,,growth_sampling,,growth_sampling,,,,,,inner_training
379.0,Fengqiu,wheat,辅助观测场（水平衡场）,biomass,7716.5,kg/ha,2005-04-27,2005-04-27,exact_date,扬花期,郑麦9023,data/tables/extracted/nesdc/fengqiu/5fc9868c042ebb415eebe73b/2-实体数据及关联说明文档_DP2011_FQA_SWSJ_SYDT/2-实体数据及关联说明文档_DP2011_FQA_SWSJ_SYDT/实体数据/封丘站农田作物叶面积与生物量（地上部及根系）动态/辅助观测场（水平衡场）__8bb8ad03.csv,41,valid,Fengqiu-wheat-2005-辅助观测场（水平衡场）,calibration,Fengqiu-2005,2005.0,郑麦9023,normalized_exact,,obs_000379,valid,False,7.0,198.0,198.0,calibrated,,,,growth_sampling,,growth_sampling,,,,,,inner_training
380.0,Fengqiu,wheat,辅助观测场（水平衡场）,lai,4.15,m2/m2,2005-04-20,2005-04-20,exact_date,抽穗期,郑麦9023,data/tables/extracted/nesdc/fengqiu/5fc9868c042ebb415eebe73b/2-实体数据及关联说明文档_DP2011_FQA_SWSJ_SYDT/2-实体数据及关联说明文档_DP2011_FQA_SWSJ_SYDT/实体数据/封丘站农田作物叶面积与生物量（地上部及根系）动态/辅助观测场（水平衡场）__8bb8ad03.csv,42,valid,Fengqiu-wheat-2005-辅助观测场（水平衡场）,calibration,Fengqiu-2005,2005.0,郑麦9023,normalized_exact,,obs_000380,valid,False,7.0,191.0,191.0,calibrated,,,,growth_sampling,,growth_sampling,,,,,,inner_training
381.0,Fengqiu,wheat,辅助观测场（水平衡场）,biomass,5287.5,kg/ha,2005-04-20,2005-04-20,exact_date,抽穗期,郑麦9023,data/tables/extracted/nesdc/fengqiu/5fc9868c042ebb415eebe73b/2-实体数据及关联说明文档_DP2011_FQA_SWSJ_SYDT/2-实体数据及关联说明文档_DP2011_FQA_SWSJ_SYDT/实体数据/封丘站农田作物叶面积与生物量（地上部及根系）动态/辅助观测场（水平衡场）__8bb8ad03.csv,42,valid,Fengqiu-wheat-2005-辅助观测场（水平衡场）,calibration,Fengqiu-2005,2005.0,郑麦9023,normalized_exact,,obs_000381,valid,False,7.0,191.0,191.0,calibrated,,,,growth_sampling,,growth_sampling,,,,,,inner_training
382.0,Fengqiu,wheat,辅助观测场（水平衡场）,lai,2.8,m2/m2,2005-03-25,2005-03-25,exact_date,拔节期,郑麦9023,data/tables/extracted/nesdc/fengqiu/5fc9868c042ebb415eebe73b/2-实体数据及关联说明文档_DP2011_FQA_SWSJ_SYDT/2-实体数据及关联说明文档_DP2011_FQA_SWSJ_SYDT/实体数据/封丘站农田作物叶面积与生物量（地上部及根系）动态/辅助观测场（水平衡场）__8bb8ad03.csv,43,valid,Fengqiu-wheat-2005-辅助观测场（水平衡场）,calibration,Fengqiu-2005,2005.0,郑麦9023,normalized_exact,,obs_000382,valid,False,7.0,165.0,165.0,calibrated,,,,growth_sampling,,growth_sampling,,,,,,inner_training
383.0,Fengqiu,wheat,辅助观测场（水平衡场）,biomass,3214.9,kg/ha,2005-03-25,2005-03-25,exact_date,拔节期,郑麦9023,data/tables/extracted/nesdc/fengqiu/5fc9868c042ebb415eebe73b/2-实体数据及关联说明文档_DP2011_FQA_SWSJ_SYDT/2-实体数据及关联说明文档_DP2011_FQA_SWSJ_SYDT/实体数据/封丘站农田作物叶面积与生物量（地上部及根系）动态/辅助观测场（水平衡场）__8bb8ad03.csv,43,valid,Fengqiu-wheat-2005-辅助观测场（水平衡场）,calibration,Fengqiu-2005,2005.0,郑麦9023,normalized_exact,,obs_000383,valid,False,7.0,165.0,165.0,calibrated,,,,growth_sampling,,growth_sampling,,,,,,inner_training
384.0,Fengqiu,wheat,辅助观测场（水平衡场）,lai,1.69,m2/m2,2005-03-13,2005-03-13,exact_date,返青期,郑麦9023,data/tables/extracted/nesdc/fengqiu/5fc9868c042ebb415eebe73b/2-实体数据及关联说明文档_DP2011_FQA_SWSJ_SYDT/2-实体数据及关联说明文档_DP2011_FQA_SWSJ_SYDT/实体数据/封丘站农田作物叶面积与生物量（地上部及根系）动态/辅助观测场（水平衡场）__8bb8ad03.csv,44,valid,Fengqiu-wheat-2005-辅助观测场（水平衡场）,calibration,Fengqiu-2005,2005.0,郑麦9023,normalized_exact,,obs_000384,valid,False,7.0,153.0,153.0,calibrated,,,,growth_sampling,,growth_sampling,,,,,,inner_training
385.0,Fengqiu,wheat,辅助观测场（水平衡场）,biomass,2553.8999999999996,kg/ha,2005-03-13,2005-03-13,exact_date,返青期,郑麦9023,data/tables/extracted/nesdc/fengqiu/5fc9868c042ebb415eebe73b/2-实体数据及关联说明文档_DP2011_FQA_SWSJ_SYDT/2-实体数据及关联说明文档_DP2011_FQA_SWSJ_SYDT/实体数据/封丘站农田作物叶面积与生物量（地上部及根系）动态/辅助观测场（水平衡场）__8bb8ad03.csv,44,valid,Fengqiu-wheat-2005-辅助观测场（水平衡场）,calibration,Fengqiu-2005,2005.0,郑麦9023,normalized_exact,,obs_000385,valid,False,7.0,153.0,153.0,calibrated,,,,growth_sampling,,growth_sampling,,,,,,inner_training
50.0,Fengqiu,wheat,综合观测场,lai,1.99,m2/m2,2006-05-17,2006-05-17,exact_date,蜡熟期,郑麦9023,data/tables/extracted/nesdc/fengqiu/5fc9868c042ebb415eebe73b/2-实体数据及关联说明文档_DP2011_FQA_SWSJ_SYDT/2-实体数据及关联说明文档_DP2011_FQA_SWSJ_SYDT/实体数据/封丘站农田作物叶面积与生物量（地上部及根系）动态/综合观测场__8bb8ad03.csv,28,valid,Fengqiu-wheat-2006-综合观测场,calibration,Fengqiu-2006,2006.0,郑麦9023,normalized_exact,,obs_000050,valid,False,7.0,194.0,194.0,calibrated,,,,growth_sampling,,growth_sampling,,,,,,inner_holdout
51.0,Fengqiu,wheat,综合观测场,biomass,8611.699999999999,kg/ha,2006-05-17,2006-05-17,exact_date,蜡熟期,郑麦9023,data/tables/extracted/nesdc/fengqiu/5fc9868c042ebb415eebe73b/2-实体数据及关联说明文档_DP2011_FQA_SWSJ_SYDT/2-实体数据及关联说明文档_DP2011_FQA_SWSJ_SYDT/实体数据/封丘站农田作物叶面积与生物量（地上部及根系）动态/综合观测场__8bb8ad03.csv,28,valid,Fengqiu-wheat-2006-综合观测场,calibration,Fengqiu-2006,2006.0,郑麦9023,normalized_exact,,obs_000051,valid,False,7.0,194.0,194.0,calibrated,,,,growth_sampling,,growth_sampling,,,,,,inner_holdout
52.0,Fengqiu,wheat,综合观测场,lai,2.73,m2/m2,2006-05-08,2006-05-08,exact_date,乳熟期,郑麦9023,data/tables/extracted/nesdc/fengqiu/5fc9868c042ebb415eebe73b/2-实体数据及关联说明文档_DP2011_FQA_SWSJ_SYDT/2-实体数据及关联说明文档_DP2011_FQA_SWSJ_SYDT/实体数据/封丘站农田作物叶面积与生物量（地上部及根系）动态/综合观测场__8bb8ad03.csv,29,valid,Fengqiu-wheat-2006-综合观测场,calibration,Fengqiu-2006,2006.0,郑麦9023,normalized_exact,,obs_000052,valid,False,7.0,185.0,185.0,calibrated,,,,growth_sampling,,growth_sampling,,,,,,inner_holdout
53.0,Fengqiu,wheat,综合观测场,biomass,8063.7,kg/ha,2006-05-08,2006-05-08,exact_date,乳熟期,郑麦9023,data/tables/extracted/nesdc/fengqiu/5fc9868c042ebb415eebe73b/2-实体数据及关联说明文档_DP2011_FQA_SWSJ_SYDT/2-实体数据及关联说明文档_DP2011_FQA_SWSJ_SYDT/实体数据/封丘站农田作物叶面积与生物量（地上部及根系）动态/综合观测场__8bb8ad03.csv,29,valid,Fengqiu-wheat-2006-综合观测场,calibration,Fengqiu-2006,2006.0,郑麦9023,normalized_exact,,obs_000053,valid,False,7.0,185.0,185.0,calibrated,,,,growth_sampling,,growth_sampling,,,,,,inner_holdout
54.0,Fengqiu,wheat,综合观测场,lai,2.8,m2/m2,2006-04-30,2006-04-30,exact_date,扬花期,郑麦9023,data/tables/extracted/nesdc/fengqiu/5fc9868c042ebb415eebe73b/2-实体数据及关联说明文档_DP2011_FQA_SWSJ_SYDT/2-实体数据及关联说明文档_DP2011_FQA_SWSJ_SYDT/实体数据/封丘站农田作物叶面积与生物量（地上部及根系）动态/综合观测场__8bb8ad03.csv,30,valid,Fengqiu-wheat-2006-综合观测场,calibration,Fengqiu-2006,2006.0,郑麦9023,normalized_exact,,obs_000054,valid,False,7.0,177.0,177.0,calibrated,,,,growth_sampling,,growth_sampling,,,,,,inner_holdout
55.0,Fengqiu,wheat,综合观测场,biomass,7891.3,kg/ha,2006-04-30,2006-04-30,exact_date,扬花期,郑麦9023,data/tables/extracted/nesdc/fengqiu/5fc9868c042ebb415eebe73b/2-实体数据及关联说明文档_DP2011_FQA_SWSJ_SYDT/2-实体数据及关联说明文档_DP2011_FQA_SWSJ_SYDT/实体数据/封丘站农田作物叶面积与生物量（地上部及根系）动态/综合观测场__8bb8ad03.csv,30,valid,Fengqiu-wheat-2006-综合观测场,calibration,Fengqiu-2006,2006.0,郑麦9023,normalized_exact,,obs_000055,valid,False,7.0,177.0,177.0,calibrated,,,,growth_sampling,,growth_sampling,,,,,,inner_holdout
56.0,Fengqiu,wheat,综合观测场,lai,3.18,m2/m2,2006-04-18,2006-04-18,exact_date,抽穗期,郑麦9023,data/tables/extracted/nesdc/fengqiu/5fc9868c042ebb415eebe73b/2-实体数据及关联说明文档_DP2011_FQA_SWSJ_SYDT/2-实体数据及关联说明文档_DP2011_FQA_SWSJ_SYDT/实体数据/封丘站农田作物叶面积与生物量（地上部及根系）动态/综合观测场__8bb8ad03.csv,31,valid,Fengqiu-wheat-2006-综合观测场,calibration,Fengqiu-2006,2006.0,郑麦9023,normalized_exact,,obs_000056,valid,False,7.0,165.0,165.0,calibrated,,,,growth_sampling,,growth_sampling,,,,,,inner_holdout
57.0,Fengqiu,wheat,综合观测场,biomass,3538.3999999999996,kg/ha,2006-04-18,2006-04-18,exact_date,抽穗期,郑麦9023,data/tables/extracted/nesdc/fengqiu/5fc9868c042ebb415eebe73b/2-实体数据及关联说明文档_DP2011_FQA_SWSJ_SYDT/2-实体数据及关联说明文档_DP2011_FQA_SWSJ_SYDT/实体数据/封丘站农田作物叶面积与生物量（地上部及根系）动态/综合观测场__8bb8ad03.csv,31,valid,Fengqiu-wheat-2006-综合观测场,calibration,Fengqiu-2006,2006.0,郑麦9023,normalized_exact,,obs_000057,valid,False,7.0,165.0,165.0,calibrated,,,,growth_sampling,,growth_sampling,,,,,,inner_holdout
58.0,Fengqiu,wheat,综合观测场,lai,1.81,m2/m2,2006-03-16,2006-03-16,exact_date,拔节期,郑麦9023,data/tables/extracted/nesdc/fengqiu/5fc9868c042ebb415eebe73b/2-实体数据及关联说明文档_DP2011_FQA_SWSJ_SYDT/2-实体数据及关联说明文档_DP2011_FQA_SWSJ_SYDT/实体数据/封丘站农田作物叶面积与生物量（地上部及根系）动态/综合观测场__8bb8ad03.csv,32,valid,Fengqiu-wheat-2006-综合观测场,calibration,Fengqiu-2006,2006.0,郑麦9023,normalized_exact,,obs_000058,valid,False,7.0,132.0,132.0,calibrated,,,,growth_sampling,,growth_sampling,,,,,,inner_holdout
59.0,Fengqiu,wheat,综合观测场,biomass,1193.8,kg/ha,2006-03-16,2006-03-16,exact_date,拔节期,郑麦9023,data/tables/extracted/nesdc/fengqiu/5fc9868c042ebb415eebe73b/2-实体数据及关联说明文档_DP2011_FQA_SWSJ_SYDT/2-实体数据及关联说明文档_DP2011_FQA_SWSJ_SYDT/实体数据/封丘站农田作物叶面积与生物量（地上部及根系）动态/综合观测场__8bb8ad03.csv,32,valid,Fengqiu-wheat-2006-综合观测场,calibration,Fengqiu-2006,2006.0,郑麦9023,normalized_exact,,obs_000059,valid,False,7.0,132.0,132.0,calibrated,,,,growth_sampling,,growth_sampling,,,,,,inner_holdout
60.0,Fengqiu,wheat,综合观测场,lai,0.24,m2/m2,2006-02-19,2006-02-19,exact_date,返青期,郑麦9023,data/tables/extracted/nesdc/fengqiu/5fc9868c042ebb415eebe73b/2-实体数据及关联说明文档_DP2011_FQA_SWSJ_SYDT/2-实体数据及关联说明文档_DP2011_FQA_SWSJ_SYDT/实体数据/封丘站农田作物叶面积与生物量（地上部及根系）动态/综合观测场__8bb8ad03.csv,33,valid,Fengqiu-wheat-2006-综合观测场,calibration,Fengqiu-2006,2006.0,郑麦9023,normalized_exact,,obs_000060,valid,False,7.0,107.0,107.0,calibrated,,,,growth_sampling,,growth_sampling,,,,,,inner_holdout
61.0,Fengqiu,wheat,综合观测场,biomass,206.1,kg/ha,2006-02-19,2006-02-19,exact_date,返青期,郑麦9023,data/tables/extracted/nesdc/fengqiu/5fc9868c042ebb415eebe73b/2-实体数据及关联说明文档_DP2011_FQA_SWSJ_SYDT/2-实体数据及关联说明文档_DP2011_FQA_SWSJ_SYDT/实体数据/封丘站农田作物叶面积与生物量（地上部及根系）动态/综合观测场__8bb8ad03.csv,33,valid,Fengqiu-wheat-2006-综合观测场,calibration,Fengqiu-2006,2006.0,郑麦9023,normalized_exact,,obs_000061,valid,False,7.0,107.0,107.0,calibrated,,,,growth_sampling,,growth_sampling,,,,,,inner_holdout
136.0,Fengqiu,wheat,辅助观测场（不施肥）,lai,0.4,m2/m2,2006-05-17,2006-05-17,exact_date,蜡熟期,郑麦9023,data/tables/extracted/nesdc/fengqiu/5fc9868c042ebb415eebe73b/2-实体数据及关联说明文档_DP2011_FQA_SWSJ_SYDT/2-实体数据及关联说明文档_DP2011_FQA_SWSJ_SYDT/实体数据/封丘站农田作物叶面积与生物量（地上部及根系）动态/辅助观测场（不施肥）__8bb8ad03.csv,28,valid,Fengqiu-wheat-2006-辅助观测场（不施肥）,calibration,Fengqiu-2006,2006.0,郑麦9023,normalized_exact,,obs_000136,valid,False,7.0,205.0,205.0,calibrated,,,,growth_sampling,,growth_sampling,,,,,,inner_holdout
137.0,Fengqiu,wheat,辅助观测场（不施肥）,biomass,2572.2000000000003,kg/ha,2006-05-17,2006-05-17,exact_date,蜡熟期,郑麦9023,data/tables/extracted/nesdc/fengqiu/5fc9868c042ebb415eebe73b/2-实体数据及关联说明文档_DP2011_FQA_SWSJ_SYDT/2-实体数据及关联说明文档_DP2011_FQA_SWSJ_SYDT/实体数据/封丘站农田作物叶面积与生物量（地上部及根系）动态/辅助观测场（不施肥）__8bb8ad03.csv,28,valid,Fengqiu-wheat-2006-辅助观测场（不施肥）,calibration,Fengqiu-2006,2006.0,郑麦9023,normalized_exact,,obs_000137,valid,False,7.0,205.0,205.0,calibrated,,,,growth_sampling,,growth_sampling,,,,,,inner_holdout
138.0,Fengqiu,wheat,辅助观测场（不施肥）,lai,0.93,m2/m2,2006-05-07,2006-05-07,exact_date,乳熟期,郑麦9023,data/tables/extracted/nesdc/fengqiu/5fc9868c042ebb415eebe73b/2-实体数据及关联说明文档_DP2011_FQA_SWSJ_SYDT/2-实体数据及关联说明文档_DP2011_FQA_SWSJ_SYDT/实体数据/封丘站农田作物叶面积与生物量（地上部及根系）动态/辅助观测场（不施肥）__8bb8ad03.csv,29,valid,Fengqiu-wheat-2006-辅助观测场（不施肥）,calibration,Fengqiu-2006,2006.0,郑麦9023,normalized_exact,,obs_000138,valid,False,7.0,195.0,195.0,calibrated,,,,growth_sampling,,growth_sampling,,,,,,inner_holdout
139.0,Fengqiu,wheat,辅助观测场（不施肥）,biomass,2909.7000000000003,kg/ha,2006-05-07,2006-05-07,exact_date,乳熟期,郑麦9023,data/tables/extracted/nesdc/fengqiu/5fc9868c042ebb415eebe73b/2-实体数据及关联说明文档_DP2011_FQA_SWSJ_SYDT/2-实体数据及关联说明文档_DP2011_FQA_SWSJ_SYDT/实体数据/封丘站农田作物叶面积与生物量（地上部及根系）动态/辅助观测场（不施肥）__8bb8ad03.csv,29,valid,Fengqiu-wheat-2006-辅助观测场（不施肥）,calibration,Fengqiu-2006,2006.0,郑麦9023,normalized_exact,,obs_000139,valid,False,7.0,195.0,195.0,calibrated,,,,growth_sampling,,growth_sampling,,,,,,inner_holdout
140.0,Fengqiu,wheat,辅助观测场（不施肥）,lai,0.55,m2/m2,2006-04-30,2006-04-30,exact_date,扬花期,郑麦9023,data/tables/extracted/nesdc/fengqiu/5fc9868c042ebb415eebe73b/2-实体数据及关联说明文档_DP2011_FQA_SWSJ_SYDT/2-实体数据及关联说明文档_DP2011_FQA_SWSJ_SYDT/实体数据/封丘站农田作物叶面积与生物量（地上部及根系）动态/辅助观测场（不施肥）__8bb8ad03.csv,30,valid,Fengqiu-wheat-2006-辅助观测场（不施肥）,calibration,Fengqiu-2006,2006.0,郑麦9023,normalized_exact,,obs_000140,valid,False,7.0,188.0,188.0,calibrated,,,,growth_sampling,,growth_sampling,,,,,,inner_holdout
141.0,Fengqiu,wheat,辅助观测场（不施肥）,biomass,1373.6,kg/ha,2006-04-30,2006-04-30,exact_date,扬花期,郑麦9023,data/tables/extracted/nesdc/fengqiu/5fc9868c042ebb415eebe73b/2-实体数据及关联说明文档_DP2011_FQA_SWSJ_SYDT/2-实体数据及关联说明文档_DP2011_FQA_SWSJ_SYDT/实体数据/封丘站农田作物叶面积与生物量（地上部及根系）动态/辅助观测场（不施肥）__8bb8ad03.csv,30,valid,Fengqiu-wheat-2006-辅助观测场（不施肥）,calibration,Fengqiu-2006,2006.0,郑麦9023,normalized_exact,,obs_000141,valid,False,7.0,188.0,188.0,calibrated,,,,growth_sampling,,growth_sampling,,,,,,inner_holdout
142.0,Fengqiu,wheat,辅助观测场（不施肥）,lai,0.94,m2/m2,2006-04-20,2006-04-20,exact_date,抽穗期,郑麦9023,data/tables/extracted/nesdc/fengqiu/5fc9868c042ebb415eebe73b/2-实体数据及关联说明文档_DP2011_FQA_SWSJ_SYDT/2-实体数据及关联说明文档_DP2011_FQA_SWSJ_SYDT/实体数据/封丘站农田作物叶面积与生物量（地上部及根系）动态/辅助观测场（不施肥）__8bb8ad03.csv,31,valid,Fengqiu-wheat-2006-辅助观测场（不施肥）,calibration,Fengqiu-2006,2006.0,郑麦9023,normalized_exact,,obs_000142,valid,False,7.0,178.0,178.0,calibrated,,,,growth_sampling,,growth_sampling,,,,,,inner_holdout
143.0,Fengqiu,wheat,辅助观测场（不施肥）,biomass,1365.5,kg/ha,2006-04-20,2006-04-20,exact_date,抽穗期,郑麦9023,data/tables/extracted/nesdc/fengqiu/5fc9868c042ebb415eebe73b/2-实体数据及关联说明文档_DP2011_FQA_SWSJ_SYDT/2-实体数据及关联说明文档_DP2011_FQA_SWSJ_SYDT/实体数据/封丘站农田作物叶面积与生物量（地上部及根系）动态/辅助观测场（不施肥）__8bb8ad03.csv,31,valid,Fengqiu-wheat-2006-辅助观测场（不施肥）,calibration,Fengqiu-2006,2006.0,郑麦9023,normalized_exact,,obs_000143,valid,False,7.0,178.0,178.0,calibrated,,,,growth_sampling,,growth_sampling,,,,,,inner_holdout
144.0,Fengqiu,wheat,辅助观测场（不施肥）,lai,0.94,m2/m2,2006-04-07,2006-04-07,exact_date,拔节期,郑麦9023,data/tables/extracted/nesdc/fengqiu/5fc9868c042ebb415eebe73b/2-实体数据及关联说明文档_DP2011_FQA_SWSJ_SYDT/2-实体数据及关联说明文档_DP2011_FQA_SWSJ_SYDT/实体数据/封丘站农田作物叶面积与生物量（地上部及根系）动态/辅助观测场（不施肥）__8bb8ad03.csv,32,valid,Fengqiu-wheat-2006-辅助观测场（不施肥）,calibration,Fengqiu-2006,2006.0,郑麦9023,normalized_exact,,obs_000144,valid,False,7.0,165.0,165.0,calibrated,,,,growth_sampling,,growth_sampling,,,,,,inner_holdout
145.0,Fengqiu,wheat,辅助观测场（不施肥）,biomass,707.0999999999999,kg/ha,2006-04-07,2006-04-07,exact_date,拔节期,郑麦9023,data/tables/extracted/nesdc/fengqiu/5fc9868c042ebb415eebe73b/2-实体数据及关联说明文档_DP2011_FQA_SWSJ_SYDT/2-实体数据及关联说明文档_DP2011_FQA_SWSJ_SYDT/实体数据/封丘站农田作物叶面积与生物量（地上部及根系）动态/辅助观测场（不施肥）__8bb8ad03.csv,32,valid,Fengqiu-wheat-2006-辅助观测场（不施肥）,calibration,Fengqiu-2006,2006.0,郑麦9023,normalized_exact,,obs_000145,valid,False,7.0,165.0,165.0,calibrated,,,,growth_sampling,,growth_sampling,,,,,,inner_holdout
146.0,Fengqiu,wheat,辅助观测场（不施肥）,lai,0.34,m2/m2,2006-03-09,2006-03-09,exact_date,返青期,郑麦9023,data/tables/extracted/nesdc/fengqiu/5fc9868c042ebb415eebe73b/2-实体数据及关联说明文档_DP2011_FQA_SWSJ_SYDT/2-实体数据及关联说明文档_DP2011_FQA_SWSJ_SYDT/实体数据/封丘站农田作物叶面积与生物量（地上部及根系）动态/辅助观测场（不施肥）__8bb8ad03.csv,33,valid,Fengqiu-wheat-2006-辅助观测场（不施肥）,calibration,Fengqiu-2006,2006.0,郑麦9023,normalized_exact,,obs_000146,valid,False,7.0,136.0,136.0,calibrated,,,,growth_sampling,,growth_sampling,,,,,,inner_holdout
147.0,Fengqiu,wheat,辅助观测场（不施肥）,biomass,289.8,kg/ha,2006-03-09,2006-03-09,exact_date,返青期,郑麦9023,data/tables/extracted/nesdc/fengqiu/5fc9868c042ebb415eebe73b/2-实体数据及关联说明文档_DP2011_FQA_SWSJ_SYDT/2-实体数据及关联说明文档_DP2011_FQA_SWSJ_SYDT/实体数据/封丘站农田作物叶面积与生物量（地上部及根系）动态/辅助观测场（不施肥）__8bb8ad03.csv,33,valid,Fengqiu-wheat-2006-辅助观测场（不施肥）,calibration,Fengqiu-2006,2006.0,郑麦9023,normalized_exact,,obs_000147,valid,False,7.0,136.0,136.0,calibrated,,,,growth_sampling,,growth_sampling,,,,,,inner_holdout
220.0,Fengqiu,wheat,辅助观测场（优化）,lai,1.34,m2/m2,2006-05-17,2006-05-17,exact_date,蜡熟期,郑麦9023,data/tables/extracted/nesdc/fengqiu/5fc9868c042ebb415eebe73b/2-实体数据及关联说明文档_DP2011_FQA_SWSJ_SYDT/2-实体数据及关联说明文档_DP2011_FQA_SWSJ_SYDT/实体数据/封丘站农田作物叶面积与生物量（地上部及根系）动态/辅助观测场（优化）__8bb8ad03.csv,28,valid,Fengqiu-wheat-2006-辅助观测场（优化）,calibration,Fengqiu-2006,2006.0,郑麦9023,normalized_exact,,obs_000220,valid,False,7.0,205.0,205.0,calibrated,,,,growth_sampling,,growth_sampling,,,,,,inner_holdout
221.0,Fengqiu,wheat,辅助观测场（优化）,biomass,11143.0,kg/ha,2006-05-17,2006-05-17,exact_date,蜡熟期,郑麦9023,data/tables/extracted/nesdc/fengqiu/5fc9868c042ebb415eebe73b/2-实体数据及关联说明文档_DP2011_FQA_SWSJ_SYDT/2-实体数据及关联说明文档_DP2011_FQA_SWSJ_SYDT/实体数据/封丘站农田作物叶面积与生物量（地上部及根系）动态/辅助观测场（优化）__8bb8ad03.csv,28,valid,Fengqiu-wheat-2006-辅助观测场（优化）,calibration,Fengqiu-2006,2006.0,郑麦9023,normalized_exact,,obs_000221,valid,False,7.0,205.0,205.0,calibrated,,,,growth_sampling,,growth_sampling,,,,,,inner_holdout
222.0,Fengqiu,wheat,辅助观测场（优化）,lai,3.2,m2/m2,2006-05-07,2006-05-07,exact_date,乳熟期,郑麦9023,data/tables/extracted/nesdc/fengqiu/5fc9868c042ebb415eebe73b/2-实体数据及关联说明文档_DP2011_FQA_SWSJ_SYDT/2-实体数据及关联说明文档_DP2011_FQA_SWSJ_SYDT/实体数据/封丘站农田作物叶面积与生物量（地上部及根系）动态/辅助观测场（优化）__8bb8ad03.csv,29,valid,Fengqiu-wheat-2006-辅助观测场（优化）,calibration,Fengqiu-2006,2006.0,郑麦9023,normalized_exact,,obs_000222,valid,False,7.0,195.0,195.0,calibrated,,,,growth_sampling,,growth_sampling,,,,,,inner_holdout
223.0,Fengqiu,wheat,辅助观测场（优化）,biomass,11389.0,kg/ha,2006-05-07,2006-05-07,exact_date,乳熟期,郑麦9023,data/tables/extracted/nesdc/fengqiu/5fc9868c042ebb415eebe73b/2-实体数据及关联说明文档_DP2011_FQA_SWSJ_SYDT/2-实体数据及关联说明文档_DP2011_FQA_SWSJ_SYDT/实体数据/封丘站农田作物叶面积与生物量（地上部及根系）动态/辅助观测场（优化）__8bb8ad03.csv,29,valid,Fengqiu-wheat-2006-辅助观测场（优化）,calibration,Fengqiu-2006,2006.0,郑麦9023,normalized_exact,,obs_000223,valid,False,7.0,195.0,195.0,calibrated,,,,growth_sampling,,growth_sampling,,,,,,inner_holdout
224.0,Fengqiu,wheat,辅助观测场（优化）,lai,3.4,m2/m2,2006-04-26,2006-04-26,exact_date,扬花期,郑麦9023,data/tables/extracted/nesdc/fengqiu/5fc9868c042ebb415eebe73b/2-实体数据及关联说明文档_DP2011_FQA_SWSJ_SYDT/2-实体数据及关联说明文档_DP2011_FQA_SWSJ_SYDT/实体数据/封丘站农田作物叶面积与生物量（地上部及根系）动态/辅助观测场（优化）__8bb8ad03.csv,30,valid,Fengqiu-wheat-2006-辅助观测场（优化）,calibration,Fengqiu-2006,2006.0,郑麦9023,normalized_exact,,obs_000224,valid,False,7.0,184.0,184.0,calibrated,,,,growth_sampling,,growth_sampling,,,,,,inner_holdout
225.0,Fengqiu,wheat,辅助观测场（优化）,biomass,7220.900000000001,kg/ha,2006-04-26,2006-04-26,exact_date,扬花期,郑麦9023,data/tables/extracted/nesdc/fengqiu/5fc9868c042ebb415eebe73b/2-实体数据及关联说明文档_DP2011_FQA_SWSJ_SYDT/2-实体数据及关联说明文档_DP2011_FQA_SWSJ_SYDT/实体数据/封丘站农田作物叶面积与生物量（地上部及根系）动态/辅助观测场（优化）__8bb8ad03.csv,30,valid,Fengqiu-wheat-2006-辅助观测场（优化）,calibration,Fengqiu-2006,2006.0,郑麦9023,normalized_exact,,obs_000225,valid,False,7.0,184.0,184.0,calibrated,,,,growth_sampling,,growth_sampling,,,,,,inner_holdout
226.0,Fengqiu,wheat,辅助观测场（优化）,lai,4.97,m2/m2,2006-04-20,2006-04-20,exact_date,抽穗期,郑麦9023,data/tables/extracted/nesdc/fengqiu/5fc9868c042ebb415eebe73b/2-实体数据及关联说明文档_DP2011_FQA_SWSJ_SYDT/2-实体数据及关联说明文档_DP2011_FQA_SWSJ_SYDT/实体数据/封丘站农田作物叶面积与生物量（地上部及根系）动态/辅助观测场（优化）__8bb8ad03.csv,31,valid,Fengqiu-wheat-2006-辅助观测场（优化）,calibration,Fengqiu-2006,2006.0,郑麦9023,normalized_exact,,obs_000226,valid,False,7.0,178.0,178.0,calibrated,,,,growth_sampling,,growth_sampling,,,,,,inner_holdout
227.0,Fengqiu,wheat,辅助观测场（优化）,biomass,6736.7,kg/ha,2006-04-20,2006-04-20,exact_date,抽穗期,郑麦9023,data/tables/extracted/nesdc/fengqiu/5fc9868c042ebb415eebe73b/2-实体数据及关联说明文档_DP2011_FQA_SWSJ_SYDT/2-实体数据及关联说明文档_DP2011_FQA_SWSJ_SYDT/实体数据/封丘站农田作物叶面积与生物量（地上部及根系）动态/辅助观测场（优化）__8bb8ad03.csv,31,valid,Fengqiu-wheat-2006-辅助观测场（优化）,calibration,Fengqiu-2006,2006.0,郑麦9023,normalized_exact,,obs_000227,valid,False,7.0,178.0,178.0,calibrated,,,,growth_sampling,,growth_sampling,,,,,,inner_holdout
228.0,Fengqiu,wheat,辅助观测场（优化）,lai,3.06,m2/m2,2006-03-16,2006-03-16,exact_date,拔节期,郑麦9023,data/tables/extracted/nesdc/fengqiu/5fc9868c042ebb415eebe73b/2-实体数据及关联说明文档_DP2011_FQA_SWSJ_SYDT/2-实体数据及关联说明文档_DP2011_FQA_SWSJ_SYDT/实体数据/封丘站农田作物叶面积与生物量（地上部及根系）动态/辅助观测场（优化）__8bb8ad03.csv,32,valid,Fengqiu-wheat-2006-辅助观测场（优化）,calibration,Fengqiu-2006,2006.0,郑麦9023,normalized_exact,,obs_000228,valid,False,7.0,143.0,143.0,calibrated,,,,growth_sampling,,growth_sampling,,,,,,inner_holdout
229.0,Fengqiu,wheat,辅助观测场（优化）,biomass,2399.9,kg/ha,2006-03-16,2006-03-16,exact_date,拔节期,郑麦9023,data/tables/extracted/nesdc/fengqiu/5fc9868c042ebb415eebe73b/2-实体数据及关联说明文档_DP2011_FQA_SWSJ_SYDT/2-实体数据及关联说明文档_DP2011_FQA_SWSJ_SYDT/实体数据/封丘站农田作物叶面积与生物量（地上部及根系）动态/辅助观测场（优化）__8bb8ad03.csv,32,valid,Fengqiu-wheat-2006-辅助观测场（优化）,calibration,Fengqiu-2006,2006.0,郑麦9023,normalized_exact,,obs_000229,valid,False,7.0,143.0,143.0,calibrated,,,,growth_sampling,,growth_sampling,,,,,,inner_holdout
230.0,Fengqiu,wheat,辅助观测场（优化）,lai,0.62,m2/m2,2006-02-19,2006-02-19,exact_date,返青期,郑麦9023,data/tables/extracted/nesdc/fengqiu/5fc9868c042ebb415eebe73b/2-实体数据及关联说明文档_DP2011_FQA_SWSJ_SYDT/2-实体数据及关联说明文档_DP2011_FQA_SWSJ_SYDT/实体数据/封丘站农田作物叶面积与生物量（地上部及根系）动态/辅助观测场（优化）__8bb8ad03.csv,33,valid,Fengqiu-wheat-2006-辅助观测场（优化）,calibration,Fengqiu-2006,2006.0,郑麦9023,normalized_exact,,obs_000230,valid,False,7.0,118.0,118.0,calibrated,,,,growth_sampling,,growth_sampling,,,,,,inner_holdout
231.0,Fengqiu,wheat,辅助观测场（优化）,biomass,558.4000000000001,kg/ha,2006-02-19,2006-02-19,exact_date,返青期,郑麦9023,data/tables/extracted/nesdc/fengqiu/5fc9868c042ebb415eebe73b/2-实体数据及关联说明文档_DP2011_FQA_SWSJ_SYDT/2-实体数据及关联说明文档_DP2011_FQA_SWSJ_SYDT/实体数据/封丘站农田作物叶面积与生物量（地上部及根系）动态/辅助观测场（优化）__8bb8ad03.csv,33,valid,Fengqiu-wheat-2006-辅助观测场（优化）,calibration,Fengqiu-2006,2006.0,郑麦9023,normalized_exact,,obs_000231,valid,False,7.0,118.0,118.0,calibrated,,,,growth_sampling,,growth_sampling,,,,,,inner_holdout
352.0,Fengqiu,wheat,辅助观测场（水平衡场）,lai,1.84,m2/m2,2006-05-17,2006-05-17,exact_date,蜡熟期,郑麦9023,data/tables/extracted/nesdc/fengqiu/5fc9868c042ebb415eebe73b/2-实体数据及关联说明文档_DP2011_FQA_SWSJ_SYDT/2-实体数据及关联说明文档_DP2011_FQA_SWSJ_SYDT/实体数据/封丘站农田作物叶面积与生物量（地上部及根系）动态/辅助观测场（水平衡场）__8bb8ad03.csv,28,valid,Fengqiu-wheat-2006-辅助观测场（水平衡场）,calibration,Fengqiu-2006,2006.0,郑麦9023,normalized_exact,,obs_000352,valid,False,7.0,200.0,200.0,calibrated,,,,growth_sampling,,growth_sampling,,,,,,inner_holdout
353.0,Fengqiu,wheat,辅助观测场（水平衡场）,biomass,10125.8,kg/ha,2006-05-17,2006-05-17,exact_date,蜡熟期,郑麦9023,data/tables/extracted/nesdc/fengqiu/5fc9868c042ebb415eebe73b/2-实体数据及关联说明文档_DP2011_FQA_SWSJ_SYDT/2-实体数据及关联说明文档_DP2011_FQA_SWSJ_SYDT/实体数据/封丘站农田作物叶面积与生物量（地上部及根系）动态/辅助观测场（水平衡场）__8bb8ad03.csv,28,valid,Fengqiu-wheat-2006-辅助观测场（水平衡场）,calibration,Fengqiu-2006,2006.0,郑麦9023,normalized_exact,,obs_000353,valid,False,7.0,200.0,200.0,calibrated,,,,growth_sampling,,growth_sampling,,,,,,inner_holdout
354.0,Fengqiu,wheat,辅助观测场（水平衡场）,lai,2.23,m2/m2,2006-05-08,2006-05-08,exact_date,乳熟期,郑麦9023,data/tables/extracted/nesdc/fengqiu/5fc9868c042ebb415eebe73b/2-实体数据及关联说明文档_DP2011_FQA_SWSJ_SYDT/2-实体数据及关联说明文档_DP2011_FQA_SWSJ_SYDT/实体数据/封丘站农田作物叶面积与生物量（地上部及根系）动态/辅助观测场（水平衡场）__8bb8ad03.csv,29,valid,Fengqiu-wheat-2006-辅助观测场（水平衡场）,calibration,Fengqiu-2006,2006.0,郑麦9023,normalized_exact,,obs_000354,valid,False,7.0,191.0,191.0,calibrated,,,,growth_sampling,,growth_sampling,,,,,,inner_holdout
355.0,Fengqiu,wheat,辅助观测场（水平衡场）,biomass,12948.0,kg/ha,2006-05-08,2006-05-08,exact_date,乳熟期,郑麦9023,data/tables/extracted/nesdc/fengqiu/5fc9868c042ebb415eebe73b/2-实体数据及关联说明文档_DP2011_FQA_SWSJ_SYDT/2-实体数据及关联说明文档_DP2011_FQA_SWSJ_SYDT/实体数据/封丘站农田作物叶面积与生物量（地上部及根系）动态/辅助观测场（水平衡场）__8bb8ad03.csv,29,valid,Fengqiu-wheat-2006-辅助观测场（水平衡场）,calibration,Fengqiu-2006,2006.0,郑麦9023,normalized_exact,,obs_000355,valid,False,7.0,191.0,191.0,calibrated,,,,growth_sampling,,growth_sampling,,,,,,inner_holdout
356.0,Fengqiu,wheat,辅助观测场（水平衡场）,lai,3.62,m2/m2,2006-04-30,2006-04-30,exact_date,扬花期,郑麦9023,data/tables/extracted/nesdc/fengqiu/5fc9868c042ebb415eebe73b/2-实体数据及关联说明文档_DP2011_FQA_SWSJ_SYDT/2-实体数据及关联说明文档_DP2011_FQA_SWSJ_SYDT/实体数据/封丘站农田作物叶面积与生物量（地上部及根系）动态/辅助观测场（水平衡场）__8bb8ad03.csv,30,valid,Fengqiu-wheat-2006-辅助观测场（水平衡场）,calibration,Fengqiu-2006,2006.0,郑麦9023,normalized_exact,,obs_000356,valid,False,7.0,183.0,183.0,calibrated,,,,growth_sampling,,growth_sampling,,,,,,inner_holdout
357.0,Fengqiu,wheat,辅助观测场（水平衡场）,biomass,6579.099999999999,kg/ha,2006-04-30,2006-04-30,exact_date,扬花期,郑麦9023,data/tables/extracted/nesdc/fengqiu/5fc9868c042ebb415eebe73b/2-实体数据及关联说明文档_DP2011_FQA_SWSJ_SYDT/2-实体数据及关联说明文档_DP2011_FQA_SWSJ_SYDT/实体数据/封丘站农田作物叶面积与生物量（地上部及根系）动态/辅助观测场（水平衡场）__8bb8ad03.csv,30,valid,Fengqiu-wheat-2006-辅助观测场（水平衡场）,calibration,Fengqiu-2006,2006.0,郑麦9023,normalized_exact,,obs_000357,valid,False,7.0,183.0,183.0,calibrated,,,,growth_sampling,,growth_sampling,,,,,,inner_holdout
358.0,Fengqiu,wheat,辅助观测场（水平衡场）,lai,2.5,m2/m2,2006-04-20,2006-04-20,exact_date,抽穗期,郑麦9023,data/tables/extracted/nesdc/fengqiu/5fc9868c042ebb415eebe73b/2-实体数据及关联说明文档_DP2011_FQA_SWSJ_SYDT/2-实体数据及关联说明文档_DP2011_FQA_SWSJ_SYDT/实体数据/封丘站农田作物叶面积与生物量（地上部及根系）动态/辅助观测场（水平衡场）__8bb8ad03.csv,31,valid,Fengqiu-wheat-2006-辅助观测场（水平衡场）,calibration,Fengqiu-2006,2006.0,郑麦9023,normalized_exact,,obs_000358,valid,False,7.0,173.0,173.0,calibrated,,,,growth_sampling,,growth_sampling,,,,,,inner_holdout
359.0,Fengqiu,wheat,辅助观测场（水平衡场）,biomass,863.3,kg/ha,2006-04-20,2006-04-20,exact_date,抽穗期,郑麦9023,data/tables/extracted/nesdc/fengqiu/5fc9868c042ebb415eebe73b/2-实体数据及关联说明文档_DP2011_FQA_SWSJ_SYDT/2-实体数据及关联说明文档_DP2011_FQA_SWSJ_SYDT/实体数据/封丘站农田作物叶面积与生物量（地上部及根系）动态/辅助观测场（水平衡场）__8bb8ad03.csv,31,valid,Fengqiu-wheat-2006-辅助观测场（水平衡场）,calibration,Fengqiu-2006,2006.0,郑麦9023,normalized_exact,,obs_000359,valid,False,7.0,173.0,173.0,calibrated,,,,growth_sampling,,growth_sampling,,,,,,inner_holdout
360.0,Fengqiu,wheat,辅助观测场（水平衡场）,lai,1.93,m2/m2,2006-03-16,2006-03-16,exact_date,拔节期,郑麦9023,data/tables/extracted/nesdc/fengqiu/5fc9868c042ebb415eebe73b/2-实体数据及关联说明文档_DP2011_FQA_SWSJ_SYDT/2-实体数据及关联说明文档_DP2011_FQA_SWSJ_SYDT/实体数据/封丘站农田作物叶面积与生物量（地上部及根系）动态/辅助观测场（水平衡场）__8bb8ad03.csv,32,valid,Fengqiu-wheat-2006-辅助观测场（水平衡场）,calibration,Fengqiu-2006,2006.0,郑麦9023,normalized_exact,,obs_000360,valid,False,7.0,138.0,138.0,calibrated,,,,growth_sampling,,growth_sampling,,,,,,inner_holdout
361.0,Fengqiu,wheat,辅助观测场（水平衡场）,biomass,1292.8,kg/ha,2006-03-16,2006-03-16,exact_date,拔节期,郑麦9023,data/tables/extracted/nesdc/fengqiu/5fc9868c042ebb415eebe73b/2-实体数据及关联说明文档_DP2011_FQA_SWSJ_SYDT/2-实体数据及关联说明文档_DP2011_FQA_SWSJ_SYDT/实体数据/封丘站农田作物叶面积与生物量（地上部及根系）动态/辅助观测场（水平衡场）__8bb8ad03.csv,32,valid,Fengqiu-wheat-2006-辅助观测场（水平衡场）,calibration,Fengqiu-2006,2006.0,郑麦9023,normalized_exact,,obs_000361,valid,False,7.0,138.0,138.0,calibrated,,,,growth_sampling,,growth_sampling,,,,,,inner_holdout
362.0,Fengqiu,wheat,辅助观测场（水平衡场）,lai,0.35,m2/m2,2006-02-19,2006-02-19,exact_date,返青期,郑麦9023,data/tables/extracted/nesdc/fengqiu/5fc9868c042ebb415eebe73b/2-实体数据及关联说明文档_DP2011_FQA_SWSJ_SYDT/2-实体数据及关联说明文档_DP2011_FQA_SWSJ_SYDT/实体数据/封丘站农田作物叶面积与生物量（地上部及根系）动态/辅助观测场（水平衡场）__8bb8ad03.csv,33,valid,Fengqiu-wheat-2006-辅助观测场（水平衡场）,calibration,Fengqiu-2006,2006.0,郑麦9023,normalized_exact,,obs_000362,valid,False,7.0,113.0,113.0,calibrated,,,,growth_sampling,,growth_sampling,,,,,,inner_holdout
363.0,Fengqiu,wheat,辅助观测场（水平衡场）,biomass,409.5,kg/ha,2006-02-19,2006-02-19,exact_date,返青期,郑麦9023,data/tables/extracted/nesdc/fengqiu/5fc9868c042ebb415eebe73b/2-实体数据及关联说明文档_DP2011_FQA_SWSJ_SYDT/2-实体数据及关联说明文档_DP2011_FQA_SWSJ_SYDT/实体数据/封丘站农田作物叶面积与生物量（地上部及根系）动态/辅助观测场（水平衡场）__8bb8ad03.csv,33,valid,Fengqiu-wheat-2006-辅助观测场（水平衡场）,calibration,Fengqiu-2006,2006.0,郑麦9023,normalized_exact,,obs_000363,valid,False,7.0,113.0,113.0,calibrated,,,,growth_sampling,,growth_sampling,,,,,,inner_holdout
1152.0,Luancheng,wheat,综合观测场,lai,1.6,m2/m2,2004-03-01,2004-03-31,monthly_window,起身期,科农9204,data/tables/extracted/nesdc/luancheng/5fc9880d042ebb415eebe75e/2-实体数据及关联说明文档_DP2011_LCA_SWSJ_SYDT/2-实体数据及关联说明文档_DP2011_LCA_SWSJ_SYDT/实体数据/栾城站农田作物叶面积与生物量（地上部及根系）动态/综合观测场冬小麦__870f187d.csv,99,valid,Luancheng-wheat-2004-综合观测场冬小麦,calibration,Luancheng-2004,2004.0,科农9204,normalized_exact,,obs_001152,valid,False,7.0,146.0,176.0,calibrated,,,,growth_sampling,,growth_sampling,,,,,,inner_training
1153.0,Luancheng,wheat,综合观测场,biomass,433.6,kg/ha,2004-03-01,2004-03-31,monthly_window,起身期,科农9204,data/tables/extracted/nesdc/luancheng/5fc9880d042ebb415eebe75e/2-实体数据及关联说明文档_DP2011_LCA_SWSJ_SYDT/2-实体数据及关联说明文档_DP2011_LCA_SWSJ_SYDT/实体数据/栾城站农田作物叶面积与生物量（地上部及根系）动态/综合观测场冬小麦__870f187d.csv,99,valid,Luancheng-wheat-2004-综合观测场冬小麦,calibration,Luancheng-2004,2004.0,科农9204,normalized_exact,,obs_001153,valid,False,7.0,146.0,176.0,calibrated,,,,growth_sampling,,growth_sampling,,,,,,inner_training
1154.0,Luancheng,wheat,综合观测场,lai,3.5,m2/m2,2004-03-01,2004-03-31,monthly_window,起身期,科农9204,data/tables/extracted/nesdc/luancheng/5fc9880d042ebb415eebe75e/2-实体数据及关联说明文档_DP2011_LCA_SWSJ_SYDT/2-实体数据及关联说明文档_DP2011_LCA_SWSJ_SYDT/实体数据/栾城站农田作物叶面积与生物量（地上部及根系）动态/综合观测场冬小麦__870f187d.csv,100,valid,Luancheng-wheat-2004-综合观测场冬小麦,calibration,Luancheng-2004,2004.0,科农9204,normalized_exact,,obs_001154,valid,False,7.0,146.0,176.0,calibrated,,,,growth_sampling,,growth_sampling,,,,,,inner_training
1155.0,Luancheng,wheat,综合观测场,biomass,709.5,kg/ha,2004-03-01,2004-03-31,monthly_window,起身期,科农9204,data/tables/extracted/nesdc/luancheng/5fc9880d042ebb415eebe75e/2-实体数据及关联说明文档_DP2011_LCA_SWSJ_SYDT/2-实体数据及关联说明文档_DP2011_LCA_SWSJ_SYDT/实体数据/栾城站农田作物叶面积与生物量（地上部及根系）动态/综合观测场冬小麦__870f187d.csv,100,valid,Luancheng-wheat-2004-综合观测场冬小麦,calibration,Luancheng-2004,2004.0,科农9204,normalized_exact,,obs_001155,valid,False,7.0,146.0,176.0,calibrated,,,,growth_sampling,,growth_sampling,,,,,,inner_training
1156.0,Luancheng,wheat,综合观测场,lai,5.0,m2/m2,2004-04-01,2004-04-30,monthly_window,拔节期,科农9204,data/tables/extracted/nesdc/luancheng/5fc9880d042ebb415eebe75e/2-实体数据及关联说明文档_DP2011_LCA_SWSJ_SYDT/2-实体数据及关联说明文档_DP2011_LCA_SWSJ_SYDT/实体数据/栾城站农田作物叶面积与生物量（地上部及根系）动态/综合观测场冬小麦__870f187d.csv,101,valid,Luancheng-wheat-2004-综合观测场冬小麦,calibration,Luancheng-2004,2004.0,科农9204,normalized_exact,,obs_001156,valid,False,7.0,177.0,206.0,calibrated,,,,growth_sampling,,growth_sampling,,,,,,inner_training
1157.0,Luancheng,wheat,综合观测场,biomass,1157.2,kg/ha,2004-04-01,2004-04-30,monthly_window,拔节期,科农9204,data/tables/extracted/nesdc/luancheng/5fc9880d042ebb415eebe75e/2-实体数据及关联说明文档_DP2011_LCA_SWSJ_SYDT/2-实体数据及关联说明文档_DP2011_LCA_SWSJ_SYDT/实体数据/栾城站农田作物叶面积与生物量（地上部及根系）动态/综合观测场冬小麦__870f187d.csv,101,valid,Luancheng-wheat-2004-综合观测场冬小麦,calibration,Luancheng-2004,2004.0,科农9204,normalized_exact,,obs_001157,valid,False,7.0,177.0,206.0,calibrated,,,,growth_sampling,,growth_sampling,,,,,,inner_training
1158.0,Luancheng,wheat,综合观测场,lai,6.2,m2/m2,2004-04-01,2004-04-30,monthly_window,拔节期,科农9204,data/tables/extracted/nesdc/luancheng/5fc9880d042ebb415eebe75e/2-实体数据及关联说明文档_DP2011_LCA_SWSJ_SYDT/2-实体数据及关联说明文档_DP2011_LCA_SWSJ_SYDT/实体数据/栾城站农田作物叶面积与生物量（地上部及根系）动态/综合观测场冬小麦__870f187d.csv,102,valid,Luancheng-wheat-2004-综合观测场冬小麦,calibration,Luancheng-2004,2004.0,科农9204,normalized_exact,,obs_001158,valid,False,7.0,177.0,206.0,calibrated,,,,growth_sampling,,growth_sampling,,,,,,inner_training
1159.0,Luancheng,wheat,综合观测场,biomass,1140.0,kg/ha,2004-04-01,2004-04-30,monthly_window,拔节期,科农9204,data/tables/extracted/nesdc/luancheng/5fc9880d042ebb415eebe75e/2-实体数据及关联说明文档_DP2011_LCA_SWSJ_SYDT/2-实体数据及关联说明文档_DP2011_LCA_SWSJ_SYDT/实体数据/栾城站农田作物叶面积与生物量（地上部及根系）动态/综合观测场冬小麦__870f187d.csv,102,valid,Luancheng-wheat-2004-综合观测场冬小麦,calibration,Luancheng-2004,2004.0,科农9204,normalized_exact,,obs_001159,valid,False,7.0,177.0,206.0,calibrated,,,,growth_sampling,,growth_sampling,,,,,,inner_training
1160.0,Luancheng,wheat,综合观测场,lai,6.1,m2/m2,2004-04-01,2004-04-30,monthly_window,孕穗期,科农9204,data/tables/extracted/nesdc/luancheng/5fc9880d042ebb415eebe75e/2-实体数据及关联说明文档_DP2011_LCA_SWSJ_SYDT/2-实体数据及关联说明文档_DP2011_LCA_SWSJ_SYDT/实体数据/栾城站农田作物叶面积与生物量（地上部及根系）动态/综合观测场冬小麦__870f187d.csv,103,valid,Luancheng-wheat-2004-综合观测场冬小麦,calibration,Luancheng-2004,2004.0,科农9204,normalized_exact,,obs_001160,valid,False,7.0,177.0,206.0,calibrated,,,,growth_sampling,,growth_sampling,,,,,,inner_training
1161.0,Luancheng,wheat,综合观测场,biomass,1336.6,kg/ha,2004-04-01,2004-04-30,monthly_window,孕穗期,科农9204,data/tables/extracted/nesdc/luancheng/5fc9880d042ebb415eebe75e/2-实体数据及关联说明文档_DP2011_LCA_SWSJ_SYDT/2-实体数据及关联说明文档_DP2011_LCA_SWSJ_SYDT/实体数据/栾城站农田作物叶面积与生物量（地上部及根系）动态/综合观测场冬小麦__870f187d.csv,103,valid,Luancheng-wheat-2004-综合观测场冬小麦,calibration,Luancheng-2004,2004.0,科农9204,normalized_exact,,obs_001161,valid,False,7.0,177.0,206.0,calibrated,,,,growth_sampling,,growth_sampling,,,,,,inner_training
1162.0,Luancheng,wheat,综合观测场,lai,5.8,m2/m2,2004-05-01,2004-05-31,monthly_window,抽穗期,科农9204,data/tables/extracted/nesdc/luancheng/5fc9880d042ebb415eebe75e/2-实体数据及关联说明文档_DP2011_LCA_SWSJ_SYDT/2-实体数据及关联说明文档_DP2011_LCA_SWSJ_SYDT/实体数据/栾城站农田作物叶面积与生物量（地上部及根系）动态/综合观测场冬小麦__870f187d.csv,104,valid,Luancheng-wheat-2004-综合观测场冬小麦,calibration,Luancheng-2004,2004.0,科农9204,normalized_exact,,obs_001162,valid,False,7.0,207.0,237.0,calibrated,,,,growth_sampling,,growth_sampling,,,,,,inner_training
1163.0,Luancheng,wheat,综合观测场,biomass,2900.1,kg/ha,2004-05-01,2004-05-31,monthly_window,抽穗期,科农9204,data/tables/extracted/nesdc/luancheng/5fc9880d042ebb415eebe75e/2-实体数据及关联说明文档_DP2011_LCA_SWSJ_SYDT/2-实体数据及关联说明文档_DP2011_LCA_SWSJ_SYDT/实体数据/栾城站农田作物叶面积与生物量（地上部及根系）动态/综合观测场冬小麦__870f187d.csv,104,valid,Luancheng-wheat-2004-综合观测场冬小麦,calibration,Luancheng-2004,2004.0,科农9204,normalized_exact,,obs_001163,valid,False,7.0,207.0,237.0,calibrated,,,,growth_sampling,,growth_sampling,,,,,,inner_training
1164.0,Luancheng,wheat,综合观测场,lai,4.3,m2/m2,2004-05-01,2004-05-31,monthly_window,灌浆期,科农9204,data/tables/extracted/nesdc/luancheng/5fc9880d042ebb415eebe75e/2-实体数据及关联说明文档_DP2011_LCA_SWSJ_SYDT/2-实体数据及关联说明文档_DP2011_LCA_SWSJ_SYDT/实体数据/栾城站农田作物叶面积与生物量（地上部及根系）动态/综合观测场冬小麦__870f187d.csv,105,valid,Luancheng-wheat-2004-综合观测场冬小麦,calibration,Luancheng-2004,2004.0,科农9204,normalized_exact,,obs_001164,valid,False,7.0,207.0,237.0,calibrated,,,,growth_sampling,,growth_sampling,,,,,,inner_training
1165.0,Luancheng,wheat,综合观测场,biomass,3876.6,kg/ha,2004-05-01,2004-05-31,monthly_window,灌浆期,科农9204,data/tables/extracted/nesdc/luancheng/5fc9880d042ebb415eebe75e/2-实体数据及关联说明文档_DP2011_LCA_SWSJ_SYDT/2-实体数据及关联说明文档_DP2011_LCA_SWSJ_SYDT/实体数据/栾城站农田作物叶面积与生物量（地上部及根系）动态/综合观测场冬小麦__870f187d.csv,105,valid,Luancheng-wheat-2004-综合观测场冬小麦,calibration,Luancheng-2004,2004.0,科农9204,normalized_exact,,obs_001165,valid,False,7.0,207.0,237.0,calibrated,,,,growth_sampling,,growth_sampling,,,,,,inner_training
1166.0,Luancheng,wheat,综合观测场,lai,3.7,m2/m2,2004-05-01,2004-05-31,monthly_window,乳熟期,科农9204,data/tables/extracted/nesdc/luancheng/5fc9880d042ebb415eebe75e/2-实体数据及关联说明文档_DP2011_LCA_SWSJ_SYDT/2-实体数据及关联说明文档_DP2011_LCA_SWSJ_SYDT/实体数据/栾城站农田作物叶面积与生物量（地上部及根系）动态/综合观测场冬小麦__870f187d.csv,106,valid,Luancheng-wheat-2004-综合观测场冬小麦,calibration,Luancheng-2004,2004.0,科农9204,normalized_exact,,obs_001166,valid,False,7.0,207.0,237.0,calibrated,,,,growth_sampling,,growth_sampling,,,,,,inner_training
1167.0,Luancheng,wheat,综合观测场,biomass,6256.599999999999,kg/ha,2004-05-01,2004-05-31,monthly_window,乳熟期,科农9204,data/tables/extracted/nesdc/luancheng/5fc9880d042ebb415eebe75e/2-实体数据及关联说明文档_DP2011_LCA_SWSJ_SYDT/2-实体数据及关联说明文档_DP2011_LCA_SWSJ_SYDT/实体数据/栾城站农田作物叶面积与生物量（地上部及根系）动态/综合观测场冬小麦__870f187d.csv,106,valid,Luancheng-wheat-2004-综合观测场冬小麦,calibration,Luancheng-2004,2004.0,科农9204,normalized_exact,,obs_001167,valid,False,7.0,207.0,237.0,calibrated,,,,growth_sampling,,growth_sampling,,,,,,inner_training
1168.0,Luancheng,wheat,综合观测场,lai,2.6,m2/m2,2004-06-01,2004-06-13,monthly_window,蜡熟期,科农9204,data/tables/extracted/nesdc/luancheng/5fc9880d042ebb415eebe75e/2-实体数据及关联说明文档_DP2011_LCA_SWSJ_SYDT/2-实体数据及关联说明文档_DP2011_LCA_SWSJ_SYDT/实体数据/栾城站农田作物叶面积与生物量（地上部及根系）动态/综合观测场冬小麦__870f187d.csv,107,valid,Luancheng-wheat-2004-综合观测场冬小麦,calibration,Luancheng-2004,2004.0,科农9204,normalized_exact,,obs_001168,valid,False,7.0,238.0,250.0,calibrated,,,,growth_sampling,,growth_sampling,,,,,,inner_training
1169.0,Luancheng,wheat,综合观测场,biomass,5241.599999999999,kg/ha,2004-06-01,2004-06-13,monthly_window,蜡熟期,科农9204,data/tables/extracted/nesdc/luancheng/5fc9880d042ebb415eebe75e/2-实体数据及关联说明文档_DP2011_LCA_SWSJ_SYDT/2-实体数据及关联说明文档_DP2011_LCA_SWSJ_SYDT/实体数据/栾城站农田作物叶面积与生物量（地上部及根系）动态/综合观测场冬小麦__870f187d.csv,107,valid,Luancheng-wheat-2004-综合观测场冬小麦,calibration,Luancheng-2004,2004.0,科农9204,normalized_exact,,obs_001169,valid,False,7.0,238.0,250.0,calibrated,,,,growth_sampling,,growth_sampling,,,,,,inner_training
1100.0,Luancheng,wheat,综合观测场,lai,0.8,m2/m2,2004-11-01,2004-11-30,monthly_window,越冬前期,石麦12,data/tables/extracted/nesdc/luancheng/5fc9880d042ebb415eebe75e/2-实体数据及关联说明文档_DP2011_LCA_SWSJ_SYDT/2-实体数据及关联说明文档_DP2011_LCA_SWSJ_SYDT/实体数据/栾城站农田作物叶面积与生物量（地上部及根系）动态/综合观测场冬小麦__870f187d.csv,73,valid,Luancheng-wheat-2005-综合观测场冬小麦,calibration,Luancheng-2005,2005.0,石麦12,normalized_exact,,obs_001100,valid,False,7.0,25.0,54.0,calibrated,,,,growth_sampling,,growth_sampling,,,,,,inner_holdout
1101.0,Luancheng,wheat,综合观测场,biomass,746.2,kg/ha,2004-11-01,2004-11-30,monthly_window,越冬前期,石麦12,data/tables/extracted/nesdc/luancheng/5fc9880d042ebb415eebe75e/2-实体数据及关联说明文档_DP2011_LCA_SWSJ_SYDT/2-实体数据及关联说明文档_DP2011_LCA_SWSJ_SYDT/实体数据/栾城站农田作物叶面积与生物量（地上部及根系）动态/综合观测场冬小麦__870f187d.csv,73,valid,Luancheng-wheat-2005-综合观测场冬小麦,calibration,Luancheng-2005,2005.0,石麦12,normalized_exact,,obs_001101,valid,False,7.0,25.0,54.0,calibrated,,,,growth_sampling,,growth_sampling,,,,,,inner_holdout
1104.0,Luancheng,wheat,综合观测场,lai,1.2,m2/m2,2005-03-01,2005-03-31,monthly_window,返青期,石麦12,data/tables/extracted/nesdc/luancheng/5fc9880d042ebb415eebe75e/2-实体数据及关联说明文档_DP2011_LCA_SWSJ_SYDT/2-实体数据及关联说明文档_DP2011_LCA_SWSJ_SYDT/实体数据/栾城站农田作物叶面积与生物量（地上部及根系）动态/综合观测场冬小麦__870f187d.csv,75,valid,Luancheng-wheat-2005-综合观测场冬小麦,calibration,Luancheng-2005,2005.0,石麦12,normalized_exact,,obs_001104,valid,False,7.0,145.0,175.0,calibrated,,,,growth_sampling,,growth_sampling,,,,,,inner_holdout
1105.0,Luancheng,wheat,综合观测场,biomass,1267.9,kg/ha,2005-03-01,2005-03-31,monthly_window,返青期,石麦12,data/tables/extracted/nesdc/luancheng/5fc9880d042ebb415eebe75e/2-实体数据及关联说明文档_DP2011_LCA_SWSJ_SYDT/2-实体数据及关联说明文档_DP2011_LCA_SWSJ_SYDT/实体数据/栾城站农田作物叶面积与生物量（地上部及根系）动态/综合观测场冬小麦__870f187d.csv,75,valid,Luancheng-wheat-2005-综合观测场冬小麦,calibration,Luancheng-2005,2005.0,石麦12,normalized_exact,,obs_001105,valid,False,7.0,145.0,175.0,calibrated,,,,growth_sampling,,growth_sampling,,,,,,inner_holdout
1106.0,Luancheng,wheat,综合观测场,lai,1.0,m2/m2,2005-03-01,2005-03-31,monthly_window,返青期,石麦12,data/tables/extracted/nesdc/luancheng/5fc9880d042ebb415eebe75e/2-实体数据及关联说明文档_DP2011_LCA_SWSJ_SYDT/2-实体数据及关联说明文档_DP2011_LCA_SWSJ_SYDT/实体数据/栾城站农田作物叶面积与生物量（地上部及根系）动态/综合观测场冬小麦__870f187d.csv,76,valid,Luancheng-wheat-2005-综合观测场冬小麦,calibration,Luancheng-2005,2005.0,石麦12,normalized_exact,,obs_001106,valid,False,7.0,145.0,175.0,calibrated,,,,growth_sampling,,growth_sampling,,,,,,inner_holdout
1107.0,Luancheng,wheat,综合观测场,biomass,1413.7,kg/ha,2005-03-01,2005-03-31,monthly_window,返青期,石麦12,data/tables/extracted/nesdc/luancheng/5fc9880d042ebb415eebe75e/2-实体数据及关联说明文档_DP2011_LCA_SWSJ_SYDT/2-实体数据及关联说明文档_DP2011_LCA_SWSJ_SYDT/实体数据/栾城站农田作物叶面积与生物量（地上部及根系）动态/综合观测场冬小麦__870f187d.csv,76,valid,Luancheng-wheat-2005-综合观测场冬小麦,calibration,Luancheng-2005,2005.0,石麦12,normalized_exact,,obs_001107,valid,False,7.0,145.0,175.0,calibrated,,,,growth_sampling,,growth_sampling,,,,,,inner_holdout
1108.0,Luancheng,wheat,综合观测场,lai,1.0,m2/m2,2005-03-01,2005-03-31,monthly_window,返青期,石麦12,data/tables/extracted/nesdc/luancheng/5fc9880d042ebb415eebe75e/2-实体数据及关联说明文档_DP2011_LCA_SWSJ_SYDT/2-实体数据及关联说明文档_DP2011_LCA_SWSJ_SYDT/实体数据/栾城站农田作物叶面积与生物量（地上部及根系）动态/综合观测场冬小麦__870f187d.csv,77,valid,Luancheng-wheat-2005-综合观测场冬小麦,calibration,Luancheng-2005,2005.0,石麦12,normalized_exact,,obs_001108,valid,False,7.0,145.0,175.0,calibrated,,,,growth_sampling,,growth_sampling,,,,,,inner_holdout
1109.0,Luancheng,wheat,综合观测场,biomass,1237.3,kg/ha,2005-03-01,2005-03-31,monthly_window,返青期,石麦12,data/tables/extracted/nesdc/luancheng/5fc9880d042ebb415eebe75e/2-实体数据及关联说明文档_DP2011_LCA_SWSJ_SYDT/2-实体数据及关联说明文档_DP2011_LCA_SWSJ_SYDT/实体数据/栾城站农田作物叶面积与生物量（地上部及根系）动态/综合观测场冬小麦__870f187d.csv,77,valid,Luancheng-wheat-2005-综合观测场冬小麦,calibration,Luancheng-2005,2005.0,石麦12,normalized_exact,,obs_001109,valid,False,7.0,145.0,175.0,calibrated,,,,growth_sampling,,growth_sampling,,,,,,inner_holdout
1110.0,Luancheng,wheat,综合观测场,lai,1.1,m2/m2,2005-03-01,2005-03-31,monthly_window,返青期,石麦12,data/tables/extracted/nesdc/luancheng/5fc9880d042ebb415eebe75e/2-实体数据及关联说明文档_DP2011_LCA_SWSJ_SYDT/2-实体数据及关联说明文档_DP2011_LCA_SWSJ_SYDT/实体数据/栾城站农田作物叶面积与生物量（地上部及根系）动态/综合观测场冬小麦__870f187d.csv,78,valid,Luancheng-wheat-2005-综合观测场冬小麦,calibration,Luancheng-2005,2005.0,石麦12,normalized_exact,,obs_001110,valid,False,7.0,145.0,175.0,calibrated,,,,growth_sampling,,growth_sampling,,,,,,inner_holdout
1111.0,Luancheng,wheat,综合观测场,biomass,1453.0,kg/ha,2005-03-01,2005-03-31,monthly_window,返青期,石麦12,data/tables/extracted/nesdc/luancheng/5fc9880d042ebb415eebe75e/2-实体数据及关联说明文档_DP2011_LCA_SWSJ_SYDT/2-实体数据及关联说明文档_DP2011_LCA_SWSJ_SYDT/实体数据/栾城站农田作物叶面积与生物量（地上部及根系）动态/综合观测场冬小麦__870f187d.csv,78,valid,Luancheng-wheat-2005-综合观测场冬小麦,calibration,Luancheng-2005,2005.0,石麦12,normalized_exact,,obs_001111,valid,False,7.0,145.0,175.0,calibrated,,,,growth_sampling,,growth_sampling,,,,,,inner_holdout
1112.0,Luancheng,wheat,综合观测场,lai,1.0,m2/m2,2005-03-01,2005-03-31,monthly_window,返青期,石麦12,data/tables/extracted/nesdc/luancheng/5fc9880d042ebb415eebe75e/2-实体数据及关联说明文档_DP2011_LCA_SWSJ_SYDT/2-实体数据及关联说明文档_DP2011_LCA_SWSJ_SYDT/实体数据/栾城站农田作物叶面积与生物量（地上部及根系）动态/综合观测场冬小麦__870f187d.csv,79,valid,Luancheng-wheat-2005-综合观测场冬小麦,calibration,Luancheng-2005,2005.0,石麦12,normalized_exact,,obs_001112,valid,False,7.0,145.0,175.0,calibrated,,,,growth_sampling,,growth_sampling,,,,,,inner_holdout
1113.0,Luancheng,wheat,综合观测场,biomass,1173.5,kg/ha,2005-03-01,2005-03-31,monthly_window,返青期,石麦12,data/tables/extracted/nesdc/luancheng/5fc9880d042ebb415eebe75e/2-实体数据及关联说明文档_DP2011_LCA_SWSJ_SYDT/2-实体数据及关联说明文档_DP2011_LCA_SWSJ_SYDT/实体数据/栾城站农田作物叶面积与生物量（地上部及根系）动态/综合观测场冬小麦__870f187d.csv,79,valid,Luancheng-wheat-2005-综合观测场冬小麦,calibration,Luancheng-2005,2005.0,石麦12,normalized_exact,,obs_001113,valid,False,7.0,145.0,175.0,calibrated,,,,growth_sampling,,growth_sampling,,,,,,inner_holdout
1114.0,Luancheng,wheat,综合观测场,lai,1.0,m2/m2,2005-03-01,2005-03-31,monthly_window,返青期,石麦12,data/tables/extracted/nesdc/luancheng/5fc9880d042ebb415eebe75e/2-实体数据及关联说明文档_DP2011_LCA_SWSJ_SYDT/2-实体数据及关联说明文档_DP2011_LCA_SWSJ_SYDT/实体数据/栾城站农田作物叶面积与生物量（地上部及根系）动态/综合观测场冬小麦__870f187d.csv,80,valid,Luancheng-wheat-2005-综合观测场冬小麦,calibration,Luancheng-2005,2005.0,石麦12,normalized_exact,,obs_001114,valid,False,7.0,145.0,175.0,calibrated,,,,growth_sampling,,growth_sampling,,,,,,inner_holdout
1115.0,Luancheng,wheat,综合观测场,biomass,1269.9,kg/ha,2005-03-01,2005-03-31,monthly_window,返青期,石麦12,data/tables/extracted/nesdc/luancheng/5fc9880d042ebb415eebe75e/2-实体数据及关联说明文档_DP2011_LCA_SWSJ_SYDT/2-实体数据及关联说明文档_DP2011_LCA_SWSJ_SYDT/实体数据/栾城站农田作物叶面积与生物量（地上部及根系）动态/综合观测场冬小麦__870f187d.csv,80,valid,Luancheng-wheat-2005-综合观测场冬小麦,calibration,Luancheng-2005,2005.0,石麦12,normalized_exact,,obs_001115,valid,False,7.0,145.0,175.0,calibrated,,,,growth_sampling,,growth_sampling,,,,,,inner_holdout
1116.0,Luancheng,wheat,综合观测场,lai,4.6,m2/m2,2005-04-01,2005-04-30,monthly_window,拔节期,石麦12,data/tables/extracted/nesdc/luancheng/5fc9880d042ebb415eebe75e/2-实体数据及关联说明文档_DP2011_LCA_SWSJ_SYDT/2-实体数据及关联说明文档_DP2011_LCA_SWSJ_SYDT/实体数据/栾城站农田作物叶面积与生物量（地上部及根系）动态/综合观测场冬小麦__870f187d.csv,81,valid,Luancheng-wheat-2005-综合观测场冬小麦,calibration,Luancheng-2005,2005.0,石麦12,normalized_exact,,obs_001116,valid,False,7.0,176.0,205.0,calibrated,,,,growth_sampling,,growth_sampling,,,,,,inner_holdout
1117.0,Luancheng,wheat,综合观测场,biomass,2199.1,kg/ha,2005-04-01,2005-04-30,monthly_window,拔节期,石麦12,data/tables/extracted/nesdc/luancheng/5fc9880d042ebb415eebe75e/2-实体数据及关联说明文档_DP2011_LCA_SWSJ_SYDT/2-实体数据及关联说明文档_DP2011_LCA_SWSJ_SYDT/实体数据/栾城站农田作物叶面积与生物量（地上部及根系）动态/综合观测场冬小麦__870f187d.csv,81,valid,Luancheng-wheat-2005-综合观测场冬小麦,calibration,Luancheng-2005,2005.0,石麦12,normalized_exact,,obs_001117,valid,False,7.0,176.0,205.0,calibrated,,,,growth_sampling,,growth_sampling,,,,,,inner_holdout
1118.0,Luancheng,wheat,综合观测场,lai,4.0,m2/m2,2005-04-01,2005-04-30,monthly_window,拔节期,石麦12,data/tables/extracted/nesdc/luancheng/5fc9880d042ebb415eebe75e/2-实体数据及关联说明文档_DP2011_LCA_SWSJ_SYDT/2-实体数据及关联说明文档_DP2011_LCA_SWSJ_SYDT/实体数据/栾城站农田作物叶面积与生物量（地上部及根系）动态/综合观测场冬小麦__870f187d.csv,82,valid,Luancheng-wheat-2005-综合观测场冬小麦,calibration,Luancheng-2005,2005.0,石麦12,normalized_exact,,obs_001118,valid,False,7.0,176.0,205.0,calibrated,,,,growth_sampling,,growth_sampling,,,,,,inner_holdout
1119.0,Luancheng,wheat,综合观测场,biomass,2043.5,kg/ha,2005-04-01,2005-04-30,monthly_window,拔节期,石麦12,data/tables/extracted/nesdc/luancheng/5fc9880d042ebb415eebe75e/2-实体数据及关联说明文档_DP2011_LCA_SWSJ_SYDT/2-实体数据及关联说明文档_DP2011_LCA_SWSJ_SYDT/实体数据/栾城站农田作物叶面积与生物量（地上部及根系）动态/综合观测场冬小麦__870f187d.csv,82,valid,Luancheng-wheat-2005-综合观测场冬小麦,calibration,Luancheng-2005,2005.0,石麦12,normalized_exact,,obs_001119,valid,False,7.0,176.0,205.0,calibrated,,,,growth_sampling,,growth_sampling,,,,,,inner_holdout
1120.0,Luancheng,wheat,综合观测场,lai,4.0,m2/m2,2005-04-01,2005-04-30,monthly_window,拔节期,石麦12,data/tables/extracted/nesdc/luancheng/5fc9880d042ebb415eebe75e/2-实体数据及关联说明文档_DP2011_LCA_SWSJ_SYDT/2-实体数据及关联说明文档_DP2011_LCA_SWSJ_SYDT/实体数据/栾城站农田作物叶面积与生物量（地上部及根系）动态/综合观测场冬小麦__870f187d.csv,83,valid,Luancheng-wheat-2005-综合观测场冬小麦,calibration,Luancheng-2005,2005.0,石麦12,normalized_exact,,obs_001120,valid,False,7.0,176.0,205.0,calibrated,,,,growth_sampling,,growth_sampling,,,,,,inner_holdout
1121.0,Luancheng,wheat,综合观测场,biomass,2025.0,kg/ha,2005-04-01,2005-04-30,monthly_window,拔节期,石麦12,data/tables/extracted/nesdc/luancheng/5fc9880d042ebb415eebe75e/2-实体数据及关联说明文档_DP2011_LCA_SWSJ_SYDT/2-实体数据及关联说明文档_DP2011_LCA_SWSJ_SYDT/实体数据/栾城站农田作物叶面积与生物量（地上部及根系）动态/综合观测场冬小麦__870f187d.csv,83,valid,Luancheng-wheat-2005-综合观测场冬小麦,calibration,Luancheng-2005,2005.0,石麦12,normalized_exact,,obs_001121,valid,False,7.0,176.0,205.0,calibrated,,,,growth_sampling,,growth_sampling,,,,,,inner_holdout
1122.0,Luancheng,wheat,综合观测场,lai,3.9,m2/m2,2005-04-01,2005-04-30,monthly_window,拔节期,石麦12,data/tables/extracted/nesdc/luancheng/5fc9880d042ebb415eebe75e/2-实体数据及关联说明文档_DP2011_LCA_SWSJ_SYDT/2-实体数据及关联说明文档_DP2011_LCA_SWSJ_SYDT/实体数据/栾城站农田作物叶面积与生物量（地上部及根系）动态/综合观测场冬小麦__870f187d.csv,84,valid,Luancheng-wheat-2005-综合观测场冬小麦,calibration,Luancheng-2005,2005.0,石麦12,normalized_exact,,obs_001122,valid,False,7.0,176.0,205.0,calibrated,,,,growth_sampling,,growth_sampling,,,,,,inner_holdout
1123.0,Luancheng,wheat,综合观测场,biomass,2161.8,kg/ha,2005-04-01,2005-04-30,monthly_window,拔节期,石麦12,data/tables/extracted/nesdc/luancheng/5fc9880d042ebb415eebe75e/2-实体数据及关联说明文档_DP2011_LCA_SWSJ_SYDT/2-实体数据及关联说明文档_DP2011_LCA_SWSJ_SYDT/实体数据/栾城站农田作物叶面积与生物量（地上部及根系）动态/综合观测场冬小麦__870f187d.csv,84,valid,Luancheng-wheat-2005-综合观测场冬小麦,calibration,Luancheng-2005,2005.0,石麦12,normalized_exact,,obs_001123,valid,False,7.0,176.0,205.0,calibrated,,,,growth_sampling,,growth_sampling,,,,,,inner_holdout
1124.0,Luancheng,wheat,综合观测场,lai,4.1,m2/m2,2005-04-01,2005-04-30,monthly_window,拔节期,石麦12,data/tables/extracted/nesdc/luancheng/5fc9880d042ebb415eebe75e/2-实体数据及关联说明文档_DP2011_LCA_SWSJ_SYDT/2-实体数据及关联说明文档_DP2011_LCA_SWSJ_SYDT/实体数据/栾城站农田作物叶面积与生物量（地上部及根系）动态/综合观测场冬小麦__870f187d.csv,85,valid,Luancheng-wheat-2005-综合观测场冬小麦,calibration,Luancheng-2005,2005.0,石麦12,normalized_exact,,obs_001124,valid,False,7.0,176.0,205.0,calibrated,,,,growth_sampling,,growth_sampling,,,,,,inner_holdout
1125.0,Luancheng,wheat,综合观测场,biomass,2017.2,kg/ha,2005-04-01,2005-04-30,monthly_window,拔节期,石麦12,data/tables/extracted/nesdc/luancheng/5fc9880d042ebb415eebe75e/2-实体数据及关联说明文档_DP2011_LCA_SWSJ_SYDT/2-实体数据及关联说明文档_DP2011_LCA_SWSJ_SYDT/实体数据/栾城站农田作物叶面积与生物量（地上部及根系）动态/综合观测场冬小麦__870f187d.csv,85,valid,Luancheng-wheat-2005-综合观测场冬小麦,calibration,Luancheng-2005,2005.0,石麦12,normalized_exact,,obs_001125,valid,False,7.0,176.0,205.0,calibrated,,,,growth_sampling,,growth_sampling,,,,,,inner_holdout
1126.0,Luancheng,wheat,综合观测场,lai,4.1,m2/m2,2005-04-01,2005-04-30,monthly_window,拔节期,石麦12,data/tables/extracted/nesdc/luancheng/5fc9880d042ebb415eebe75e/2-实体数据及关联说明文档_DP2011_LCA_SWSJ_SYDT/2-实体数据及关联说明文档_DP2011_LCA_SWSJ_SYDT/实体数据/栾城站农田作物叶面积与生物量（地上部及根系）动态/综合观测场冬小麦__870f187d.csv,86,valid,Luancheng-wheat-2005-综合观测场冬小麦,calibration,Luancheng-2005,2005.0,石麦12,normalized_exact,,obs_001126,valid,False,7.0,176.0,205.0,calibrated,,,,growth_sampling,,growth_sampling,,,,,,inner_holdout
1127.0,Luancheng,wheat,综合观测场,biomass,1914.7,kg/ha,2005-04-01,2005-04-30,monthly_window,拔节期,石麦12,data/tables/extracted/nesdc/luancheng/5fc9880d042ebb415eebe75e/2-实体数据及关联说明文档_DP2011_LCA_SWSJ_SYDT/2-实体数据及关联说明文档_DP2011_LCA_SWSJ_SYDT/实体数据/栾城站农田作物叶面积与生物量（地上部及根系）动态/综合观测场冬小麦__870f187d.csv,86,valid,Luancheng-wheat-2005-综合观测场冬小麦,calibration,Luancheng-2005,2005.0,石麦12,normalized_exact,,obs_001127,valid,False,7.0,176.0,205.0,calibrated,,,,growth_sampling,,growth_sampling,,,,,,inner_holdout
1128.0,Luancheng,wheat,综合观测场,lai,6.0,m2/m2,2005-05-01,2005-05-31,monthly_window,抽穗期,石麦12,data/tables/extracted/nesdc/luancheng/5fc9880d042ebb415eebe75e/2-实体数据及关联说明文档_DP2011_LCA_SWSJ_SYDT/2-实体数据及关联说明文档_DP2011_LCA_SWSJ_SYDT/实体数据/栾城站农田作物叶面积与生物量（地上部及根系）动态/综合观测场冬小麦__870f187d.csv,87,valid,Luancheng-wheat-2005-综合观测场冬小麦,calibration,Luancheng-2005,2005.0,石麦12,normalized_exact,,obs_001128,valid,False,7.0,206.0,236.0,calibrated,,,,growth_sampling,,growth_sampling,,,,,,inner_holdout
1129.0,Luancheng,wheat,综合观测场,biomass,10060.4,kg/ha,2005-05-01,2005-05-31,monthly_window,抽穗期,石麦12,data/tables/extracted/nesdc/luancheng/5fc9880d042ebb415eebe75e/2-实体数据及关联说明文档_DP2011_LCA_SWSJ_SYDT/2-实体数据及关联说明文档_DP2011_LCA_SWSJ_SYDT/实体数据/栾城站农田作物叶面积与生物量（地上部及根系）动态/综合观测场冬小麦__870f187d.csv,87,valid,Luancheng-wheat-2005-综合观测场冬小麦,calibration,Luancheng-2005,2005.0,石麦12,normalized_exact,,obs_001129,valid,False,7.0,206.0,236.0,calibrated,,,,growth_sampling,,growth_sampling,,,,,,inner_holdout
1130.0,Luancheng,wheat,综合观测场,lai,6.0,m2/m2,2005-05-01,2005-05-31,monthly_window,抽穗期,石麦12,data/tables/extracted/nesdc/luancheng/5fc9880d042ebb415eebe75e/2-实体数据及关联说明文档_DP2011_LCA_SWSJ_SYDT/2-实体数据及关联说明文档_DP2011_LCA_SWSJ_SYDT/实体数据/栾城站农田作物叶面积与生物量（地上部及根系）动态/综合观测场冬小麦__870f187d.csv,88,valid,Luancheng-wheat-2005-综合观测场冬小麦,calibration,Luancheng-2005,2005.0,石麦12,normalized_exact,,obs_001130,valid,False,7.0,206.0,236.0,calibrated,,,,growth_sampling,,growth_sampling,,,,,,inner_holdout
1131.0,Luancheng,wheat,综合观测场,biomass,9334.3,kg/ha,2005-05-01,2005-05-31,monthly_window,抽穗期,石麦12,data/tables/extracted/nesdc/luancheng/5fc9880d042ebb415eebe75e/2-实体数据及关联说明文档_DP2011_LCA_SWSJ_SYDT/2-实体数据及关联说明文档_DP2011_LCA_SWSJ_SYDT/实体数据/栾城站农田作物叶面积与生物量（地上部及根系）动态/综合观测场冬小麦__870f187d.csv,88,valid,Luancheng-wheat-2005-综合观测场冬小麦,calibration,Luancheng-2005,2005.0,石麦12,normalized_exact,,obs_001131,valid,False,7.0,206.0,236.0,calibrated,,,,growth_sampling,,growth_sampling,,,,,,inner_holdout
1132.0,Luancheng,wheat,综合观测场,lai,6.0,m2/m2,2005-05-01,2005-05-31,monthly_window,抽穗期,石麦12,data/tables/extracted/nesdc/luancheng/5fc9880d042ebb415eebe75e/2-实体数据及关联说明文档_DP2011_LCA_SWSJ_SYDT/2-实体数据及关联说明文档_DP2011_LCA_SWSJ_SYDT/实体数据/栾城站农田作物叶面积与生物量（地上部及根系）动态/综合观测场冬小麦__870f187d.csv,89,valid,Luancheng-wheat-2005-综合观测场冬小麦,calibration,Luancheng-2005,2005.0,石麦12,normalized_exact,,obs_001132,valid,False,7.0,206.0,236.0,calibrated,,,,growth_sampling,,growth_sampling,,,,,,inner_holdout
1133.0,Luancheng,wheat,综合观测场,biomass,10898.1,kg/ha,2005-05-01,2005-05-31,monthly_window,抽穗期,石麦12,data/tables/extracted/nesdc/luancheng/5fc9880d042ebb415eebe75e/2-实体数据及关联说明文档_DP2011_LCA_SWSJ_SYDT/2-实体数据及关联说明文档_DP2011_LCA_SWSJ_SYDT/实体数据/栾城站农田作物叶面积与生物量（地上部及根系）动态/综合观测场冬小麦__870f187d.csv,89,valid,Luancheng-wheat-2005-综合观测场冬小麦,calibration,Luancheng-2005,2005.0,石麦12,normalized_exact,,obs_001133,valid,False,7.0,206.0,236.0,calibrated,,,,growth_sampling,,growth_sampling,,,,,,inner_holdout
1134.0,Luancheng,wheat,综合观测场,lai,5.4,m2/m2,2005-05-01,2005-05-31,monthly_window,抽穗期,石麦12,data/tables/extracted/nesdc/luancheng/5fc9880d042ebb415eebe75e/2-实体数据及关联说明文档_DP2011_LCA_SWSJ_SYDT/2-实体数据及关联说明文档_DP2011_LCA_SWSJ_SYDT/实体数据/栾城站农田作物叶面积与生物量（地上部及根系）动态/综合观测场冬小麦__870f187d.csv,90,valid,Luancheng-wheat-2005-综合观测场冬小麦,calibration,Luancheng-2005,2005.0,石麦12,normalized_exact,,obs_001134,valid,False,7.0,206.0,236.0,calibrated,,,,growth_sampling,,growth_sampling,,,,,,inner_holdout
1135.0,Luancheng,wheat,综合观测场,biomass,10230.0,kg/ha,2005-05-01,2005-05-31,monthly_window,抽穗期,石麦12,data/tables/extracted/nesdc/luancheng/5fc9880d042ebb415eebe75e/2-实体数据及关联说明文档_DP2011_LCA_SWSJ_SYDT/2-实体数据及关联说明文档_DP2011_LCA_SWSJ_SYDT/实体数据/栾城站农田作物叶面积与生物量（地上部及根系）动态/综合观测场冬小麦__870f187d.csv,90,valid,Luancheng-wheat-2005-综合观测场冬小麦,calibration,Luancheng-2005,2005.0,石麦12,normalized_exact,,obs_001135,valid,False,7.0,206.0,236.0,calibrated,,,,growth_sampling,,growth_sampling,,,,,,inner_holdout
1136.0,Luancheng,wheat,综合观测场,lai,5.6,m2/m2,2005-05-01,2005-05-31,monthly_window,抽穗期,石麦12,data/tables/extracted/nesdc/luancheng/5fc9880d042ebb415eebe75e/2-实体数据及关联说明文档_DP2011_LCA_SWSJ_SYDT/2-实体数据及关联说明文档_DP2011_LCA_SWSJ_SYDT/实体数据/栾城站农田作物叶面积与生物量（地上部及根系）动态/综合观测场冬小麦__870f187d.csv,91,valid,Luancheng-wheat-2005-综合观测场冬小麦,calibration,Luancheng-2005,2005.0,石麦12,normalized_exact,,obs_001136,valid,False,7.0,206.0,236.0,calibrated,,,,growth_sampling,,growth_sampling,,,,,,inner_holdout
1137.0,Luancheng,wheat,综合观测场,biomass,9981.5,kg/ha,2005-05-01,2005-05-31,monthly_window,抽穗期,石麦12,data/tables/extracted/nesdc/luancheng/5fc9880d042ebb415eebe75e/2-实体数据及关联说明文档_DP2011_LCA_SWSJ_SYDT/2-实体数据及关联说明文档_DP2011_LCA_SWSJ_SYDT/实体数据/栾城站农田作物叶面积与生物量（地上部及根系）动态/综合观测场冬小麦__870f187d.csv,91,valid,Luancheng-wheat-2005-综合观测场冬小麦,calibration,Luancheng-2005,2005.0,石麦12,normalized_exact,,obs_001137,valid,False,7.0,206.0,236.0,calibrated,,,,growth_sampling,,growth_sampling,,,,,,inner_holdout
1138.0,Luancheng,wheat,综合观测场,lai,5.5,m2/m2,2005-05-01,2005-05-31,monthly_window,抽穗期,石麦12,data/tables/extracted/nesdc/luancheng/5fc9880d042ebb415eebe75e/2-实体数据及关联说明文档_DP2011_LCA_SWSJ_SYDT/2-实体数据及关联说明文档_DP2011_LCA_SWSJ_SYDT/实体数据/栾城站农田作物叶面积与生物量（地上部及根系）动态/综合观测场冬小麦__870f187d.csv,92,valid,Luancheng-wheat-2005-综合观测场冬小麦,calibration,Luancheng-2005,2005.0,石麦12,normalized_exact,,obs_001138,valid,False,7.0,206.0,236.0,calibrated,,,,growth_sampling,,growth_sampling,,,,,,inner_holdout
1139.0,Luancheng,wheat,综合观测场,biomass,10130.0,kg/ha,2005-05-01,2005-05-31,monthly_window,抽穗期,石麦12,data/tables/extracted/nesdc/luancheng/5fc9880d042ebb415eebe75e/2-实体数据及关联说明文档_DP2011_LCA_SWSJ_SYDT/2-实体数据及关联说明文档_DP2011_LCA_SWSJ_SYDT/实体数据/栾城站农田作物叶面积与生物量（地上部及根系）动态/综合观测场冬小麦__870f187d.csv,92,valid,Luancheng-wheat-2005-综合观测场冬小麦,calibration,Luancheng-2005,2005.0,石麦12,normalized_exact,,obs_001139,valid,False,7.0,206.0,236.0,calibrated,,,,growth_sampling,,growth_sampling,,,,,,inner_holdout
1141.0,Luancheng,wheat,综合观测场,biomass,17052.0,kg/ha,2005-06-01,2005-06-13,monthly_window,成熟期,石麦12,data/tables/extracted/nesdc/luancheng/5fc9880d042ebb415eebe75e/2-实体数据及关联说明文档_DP2011_LCA_SWSJ_SYDT/2-实体数据及关联说明文档_DP2011_LCA_SWSJ_SYDT/实体数据/栾城站农田作物叶面积与生物量（地上部及根系）动态/综合观测场冬小麦__870f187d.csv,93,valid,Luancheng-wheat-2005-综合观测场冬小麦,calibration,Luancheng-2005,2005.0,石麦12,normalized_exact,,obs_001141,valid,False,7.0,237.0,249.0,calibrated,,,,growth_sampling,,growth_sampling,,,,,,inner_holdout
1143.0,Luancheng,wheat,综合观测场,biomass,16842.4,kg/ha,2005-06-01,2005-06-13,monthly_window,成熟期,石麦12,data/tables/extracted/nesdc/luancheng/5fc9880d042ebb415eebe75e/2-实体数据及关联说明文档_DP2011_LCA_SWSJ_SYDT/2-实体数据及关联说明文档_DP2011_LCA_SWSJ_SYDT/实体数据/栾城站农田作物叶面积与生物量（地上部及根系）动态/综合观测场冬小麦__870f187d.csv,94,valid,Luancheng-wheat-2005-综合观测场冬小麦,calibration,Luancheng-2005,2005.0,石麦12,normalized_exact,,obs_001143,valid,False,7.0,237.0,249.0,calibrated,,,,growth_sampling,,growth_sampling,,,,,,inner_holdout
1145.0,Luancheng,wheat,综合观测场,biomass,18307.7,kg/ha,2005-06-01,2005-06-13,monthly_window,成熟期,石麦12,data/tables/extracted/nesdc/luancheng/5fc9880d042ebb415eebe75e/2-实体数据及关联说明文档_DP2011_LCA_SWSJ_SYDT/2-实体数据及关联说明文档_DP2011_LCA_SWSJ_SYDT/实体数据/栾城站农田作物叶面积与生物量（地上部及根系）动态/综合观测场冬小麦__870f187d.csv,95,valid,Luancheng-wheat-2005-综合观测场冬小麦,calibration,Luancheng-2005,2005.0,石麦12,normalized_exact,,obs_001145,valid,False,7.0,237.0,249.0,calibrated,,,,growth_sampling,,growth_sampling,,,,,,inner_holdout
1147.0,Luancheng,wheat,综合观测场,biomass,17482.2,kg/ha,2005-06-01,2005-06-13,monthly_window,成熟期,石麦12,data/tables/extracted/nesdc/luancheng/5fc9880d042ebb415eebe75e/2-实体数据及关联说明文档_DP2011_LCA_SWSJ_SYDT/2-实体数据及关联说明文档_DP2011_LCA_SWSJ_SYDT/实体数据/栾城站农田作物叶面积与生物量（地上部及根系）动态/综合观测场冬小麦__870f187d.csv,96,valid,Luancheng-wheat-2005-综合观测场冬小麦,calibration,Luancheng-2005,2005.0,石麦12,normalized_exact,,obs_001147,valid,False,7.0,237.0,249.0,calibrated,,,,growth_sampling,,growth_sampling,,,,,,inner_holdout
1149.0,Luancheng,wheat,综合观测场,biomass,13478.9,kg/ha,2005-06-01,2005-06-13,monthly_window,成熟期,石麦12,data/tables/extracted/nesdc/luancheng/5fc9880d042ebb415eebe75e/2-实体数据及关联说明文档_DP2011_LCA_SWSJ_SYDT/2-实体数据及关联说明文档_DP2011_LCA_SWSJ_SYDT/实体数据/栾城站农田作物叶面积与生物量（地上部及根系）动态/综合观测场冬小麦__870f187d.csv,97,valid,Luancheng-wheat-2005-综合观测场冬小麦,calibration,Luancheng-2005,2005.0,石麦12,normalized_exact,,obs_001149,valid,False,7.0,237.0,249.0,calibrated,,,,growth_sampling,,growth_sampling,,,,,,inner_holdout
1151.0,Luancheng,wheat,综合观测场,biomass,17186.4,kg/ha,2005-06-01,2005-06-13,monthly_window,成熟期,石麦12,data/tables/extracted/nesdc/luancheng/5fc9880d042ebb415eebe75e/2-实体数据及关联说明文档_DP2011_LCA_SWSJ_SYDT/2-实体数据及关联说明文档_DP2011_LCA_SWSJ_SYDT/实体数据/栾城站农田作物叶面积与生物量（地上部及根系）动态/综合观测场冬小麦__870f187d.csv,98,valid,Luancheng-wheat-2005-综合观测场冬小麦,calibration,Luancheng-2005,2005.0,石麦12,normalized_exact,,obs_001151,valid,False,7.0,237.0,249.0,calibrated,,,,growth_sampling,,growth_sampling,,,,,,inner_holdout
1404.0,Shangqiu,wheat,关庄站区调查点,lai,0.1,m2/m2,2000-10-18,2000-10-31,monthly_window,出苗期,周麦11,data/tables/extracted/nesdc/shangqiu/6020f966042ebb719ff186c3/实体数据及关联说明文档_DP2011_SQA_SWSJ_SHENGYUSHENGZHDT/实体数据/8-商丘站作物叶面积与生物量动态/关庄站区调查点__f4d9acb1.csv,3,valid,Shangqiu-wheat-2001-关庄站区调查点,calibration,Shangqiu-2001,2001.0,周麦11,normalized_exact,,obs_001404,valid,False,7.0,0.0,13.0,calibrated,,,,growth_sampling,,growth_sampling,,,,,,inner_training
1405.0,Shangqiu,wheat,关庄站区调查点,biomass,27.0,kg/ha,2000-10-18,2000-10-31,monthly_window,出苗期,周麦11,data/tables/extracted/nesdc/shangqiu/6020f966042ebb719ff186c3/实体数据及关联说明文档_DP2011_SQA_SWSJ_SHENGYUSHENGZHDT/实体数据/8-商丘站作物叶面积与生物量动态/关庄站区调查点__f4d9acb1.csv,3,valid,Shangqiu-wheat-2001-关庄站区调查点,calibration,Shangqiu-2001,2001.0,周麦11,normalized_exact,,obs_001405,valid,False,7.0,0.0,13.0,calibrated,,,,growth_sampling,,growth_sampling,,,,,,inner_training
1406.0,Shangqiu,wheat,关庄站区调查点,lai,1.5,m2/m2,2000-11-01,2000-11-30,monthly_window,分蘖期,周麦11,data/tables/extracted/nesdc/shangqiu/6020f966042ebb719ff186c3/实体数据及关联说明文档_DP2011_SQA_SWSJ_SHENGYUSHENGZHDT/实体数据/8-商丘站作物叶面积与生物量动态/关庄站区调查点__f4d9acb1.csv,4,valid,Shangqiu-wheat-2001-关庄站区调查点,calibration,Shangqiu-2001,2001.0,周麦11,normalized_exact,,obs_001406,valid,False,7.0,14.0,43.0,calibrated,,,,growth_sampling,,growth_sampling,,,,,,inner_training
1407.0,Shangqiu,wheat,关庄站区调查点,biomass,438.0,kg/ha,2000-11-01,2000-11-30,monthly_window,分蘖期,周麦11,data/tables/extracted/nesdc/shangqiu/6020f966042ebb719ff186c3/实体数据及关联说明文档_DP2011_SQA_SWSJ_SHENGYUSHENGZHDT/实体数据/8-商丘站作物叶面积与生物量动态/关庄站区调查点__f4d9acb1.csv,4,valid,Shangqiu-wheat-2001-关庄站区调查点,calibration,Shangqiu-2001,2001.0,周麦11,normalized_exact,,obs_001407,valid,False,7.0,14.0,43.0,calibrated,,,,growth_sampling,,growth_sampling,,,,,,inner_training
1408.0,Shangqiu,wheat,关庄站区调查点,lai,5.4,m2/m2,2001-02-01,2001-02-28,monthly_window,返青期,周麦11,data/tables/extracted/nesdc/shangqiu/6020f966042ebb719ff186c3/实体数据及关联说明文档_DP2011_SQA_SWSJ_SHENGYUSHENGZHDT/实体数据/8-商丘站作物叶面积与生物量动态/关庄站区调查点__f4d9acb1.csv,5,valid,Shangqiu-wheat-2001-关庄站区调查点,calibration,Shangqiu-2001,2001.0,周麦11,normalized_exact,,obs_001408,valid,False,7.0,106.0,133.0,calibrated,,,,growth_sampling,,growth_sampling,,,,,,inner_training
1409.0,Shangqiu,wheat,关庄站区调查点,biomass,6015.0,kg/ha,2001-02-01,2001-02-28,monthly_window,返青期,周麦11,data/tables/extracted/nesdc/shangqiu/6020f966042ebb719ff186c3/实体数据及关联说明文档_DP2011_SQA_SWSJ_SHENGYUSHENGZHDT/实体数据/8-商丘站作物叶面积与生物量动态/关庄站区调查点__f4d9acb1.csv,5,valid,Shangqiu-wheat-2001-关庄站区调查点,calibration,Shangqiu-2001,2001.0,周麦11,normalized_exact,,obs_001409,valid,False,7.0,106.0,133.0,calibrated,,,,growth_sampling,,growth_sampling,,,,,,inner_training
1411.0,Shangqiu,wheat,关庄站区调查点,biomass,8673.0,kg/ha,2001-03-01,2001-03-31,monthly_window,拔节期,周麦11,data/tables/extracted/nesdc/shangqiu/6020f966042ebb719ff186c3/实体数据及关联说明文档_DP2011_SQA_SWSJ_SHENGYUSHENGZHDT/实体数据/8-商丘站作物叶面积与生物量动态/关庄站区调查点__f4d9acb1.csv,6,valid,Shangqiu-wheat-2001-关庄站区调查点,calibration,Shangqiu-2001,2001.0,周麦11,normalized_exact,,obs_001411,valid,False,7.0,134.0,164.0,calibrated,,,,growth_sampling,,growth_sampling,,,,,,inner_training
1413.0,Shangqiu,wheat,关庄站区调查点,biomass,10460.0,kg/ha,2001-04-01,2001-04-30,monthly_window,抽穗期,周麦11,data/tables/extracted/nesdc/shangqiu/6020f966042ebb719ff186c3/实体数据及关联说明文档_DP2011_SQA_SWSJ_SHENGYUSHENGZHDT/实体数据/8-商丘站作物叶面积与生物量动态/关庄站区调查点__f4d9acb1.csv,7,valid,Shangqiu-wheat-2001-关庄站区调查点,calibration,Shangqiu-2001,2001.0,周麦11,normalized_exact,,obs_001413,valid,False,7.0,165.0,194.0,calibrated,,,,growth_sampling,,growth_sampling,,,,,,inner_training
1414.0,Shangqiu,wheat,关庄站区调查点,lai,0.1,m2/m2,2001-06-01,2001-06-04,monthly_window,收获期,周麦11,data/tables/extracted/nesdc/shangqiu/6020f966042ebb719ff186c3/实体数据及关联说明文档_DP2011_SQA_SWSJ_SHENGYUSHENGZHDT/实体数据/8-商丘站作物叶面积与生物量动态/关庄站区调查点__f4d9acb1.csv,8,valid,Shangqiu-wheat-2001-关庄站区调查点,calibration,Shangqiu-2001,2001.0,周麦11,normalized_exact,,obs_001414,valid,False,7.0,226.0,229.0,calibrated,,,,growth_sampling,,growth_sampling,,,,,,inner_training
1415.0,Shangqiu,wheat,关庄站区调查点,biomass,18923.0,kg/ha,2001-06-01,2001-06-04,monthly_window,收获期,周麦11,data/tables/extracted/nesdc/shangqiu/6020f966042ebb719ff186c3/实体数据及关联说明文档_DP2011_SQA_SWSJ_SHENGYUSHENGZHDT/实体数据/8-商丘站作物叶面积与生物量动态/关庄站区调查点__f4d9acb1.csv,8,valid,Shangqiu-wheat-2001-关庄站区调查点,calibration,Shangqiu-2001,2001.0,周麦11,normalized_exact,,obs_001415,valid,False,7.0,226.0,229.0,calibrated,,,,growth_sampling,,growth_sampling,,,,,,inner_training
1506.0,Shangqiu,wheat,张大庄站区调查点,lai,0.1,m2/m2,2000-10-20,2000-10-31,monthly_window,出苗期,周麦11,data/tables/extracted/nesdc/shangqiu/6020f966042ebb719ff186c3/实体数据及关联说明文档_DP2011_SQA_SWSJ_SHENGYUSHENGZHDT/实体数据/8-商丘站作物叶面积与生物量动态/张大庄站区调查点__f4d9acb1.csv,3,valid,Shangqiu-wheat-2001-张大庄站区调查点,calibration,Shangqiu-2001,2001.0,周麦11,normalized_exact,,obs_001506,valid,False,7.0,0.0,11.0,calibrated,,,,growth_sampling,,growth_sampling,,,,,,inner_training
1507.0,Shangqiu,wheat,张大庄站区调查点,biomass,26.0,kg/ha,2000-10-20,2000-10-31,monthly_window,出苗期,周麦11,data/tables/extracted/nesdc/shangqiu/6020f966042ebb719ff186c3/实体数据及关联说明文档_DP2011_SQA_SWSJ_SHENGYUSHENGZHDT/实体数据/8-商丘站作物叶面积与生物量动态/张大庄站区调查点__f4d9acb1.csv,3,valid,Shangqiu-wheat-2001-张大庄站区调查点,calibration,Shangqiu-2001,2001.0,周麦11,normalized_exact,,obs_001507,valid,False,7.0,0.0,11.0,calibrated,,,,growth_sampling,,growth_sampling,,,,,,inner_training
1508.0,Shangqiu,wheat,张大庄站区调查点,lai,1.4,m2/m2,2000-11-01,2000-11-30,monthly_window,分蘖期,周麦11,data/tables/extracted/nesdc/shangqiu/6020f966042ebb719ff186c3/实体数据及关联说明文档_DP2011_SQA_SWSJ_SHENGYUSHENGZHDT/实体数据/8-商丘站作物叶面积与生物量动态/张大庄站区调查点__f4d9acb1.csv,4,valid,Shangqiu-wheat-2001-张大庄站区调查点,calibration,Shangqiu-2001,2001.0,周麦11,normalized_exact,,obs_001508,valid,False,7.0,12.0,41.0,calibrated,,,,growth_sampling,,growth_sampling,,,,,,inner_training
1509.0,Shangqiu,wheat,张大庄站区调查点,biomass,465.0,kg/ha,2000-11-01,2000-11-30,monthly_window,分蘖期,周麦11,data/tables/extracted/nesdc/shangqiu/6020f966042ebb719ff186c3/实体数据及关联说明文档_DP2011_SQA_SWSJ_SHENGYUSHENGZHDT/实体数据/8-商丘站作物叶面积与生物量动态/张大庄站区调查点__f4d9acb1.csv,4,valid,Shangqiu-wheat-2001-张大庄站区调查点,calibration,Shangqiu-2001,2001.0,周麦11,normalized_exact,,obs_001509,valid,False,7.0,12.0,41.0,calibrated,,,,growth_sampling,,growth_sampling,,,,,,inner_training
1510.0,Shangqiu,wheat,张大庄站区调查点,lai,5.5,m2/m2,2001-02-01,2001-02-28,monthly_window,返青期,周麦11,data/tables/extracted/nesdc/shangqiu/6020f966042ebb719ff186c3/实体数据及关联说明文档_DP2011_SQA_SWSJ_SHENGYUSHENGZHDT/实体数据/8-商丘站作物叶面积与生物量动态/张大庄站区调查点__f4d9acb1.csv,5,valid,Shangqiu-wheat-2001-张大庄站区调查点,calibration,Shangqiu-2001,2001.0,周麦11,normalized_exact,,obs_001510,valid,False,7.0,104.0,131.0,calibrated,,,,growth_sampling,,growth_sampling,,,,,,inner_training
1511.0,Shangqiu,wheat,张大庄站区调查点,biomass,6018.0,kg/ha,2001-02-01,2001-02-28,monthly_window,返青期,周麦11,data/tables/extracted/nesdc/shangqiu/6020f966042ebb719ff186c3/实体数据及关联说明文档_DP2011_SQA_SWSJ_SHENGYUSHENGZHDT/实体数据/8-商丘站作物叶面积与生物量动态/张大庄站区调查点__f4d9acb1.csv,5,valid,Shangqiu-wheat-2001-张大庄站区调查点,calibration,Shangqiu-2001,2001.0,周麦11,normalized_exact,,obs_001511,valid,False,7.0,104.0,131.0,calibrated,,,,growth_sampling,,growth_sampling,,,,,,inner_training
1513.0,Shangqiu,wheat,张大庄站区调查点,biomass,8688.0,kg/ha,2001-03-01,2001-03-31,monthly_window,拔节期,周麦11,data/tables/extracted/nesdc/shangqiu/6020f966042ebb719ff186c3/实体数据及关联说明文档_DP2011_SQA_SWSJ_SHENGYUSHENGZHDT/实体数据/8-商丘站作物叶面积与生物量动态/张大庄站区调查点__f4d9acb1.csv,6,valid,Shangqiu-wheat-2001-张大庄站区调查点,calibration,Shangqiu-2001,2001.0,周麦11,normalized_exact,,obs_001513,valid,False,7.0,132.0,162.0,calibrated,,,,growth_sampling,,growth_sampling,,,,,,inner_training
1515.0,Shangqiu,wheat,张大庄站区调查点,biomass,10219.0,kg/ha,2001-04-01,2001-04-30,monthly_window,抽穗期,周麦11,data/tables/extracted/nesdc/shangqiu/6020f966042ebb719ff186c3/实体数据及关联说明文档_DP2011_SQA_SWSJ_SHENGYUSHENGZHDT/实体数据/8-商丘站作物叶面积与生物量动态/张大庄站区调查点__f4d9acb1.csv,7,valid,Shangqiu-wheat-2001-张大庄站区调查点,calibration,Shangqiu-2001,2001.0,周麦11,normalized_exact,,obs_001515,valid,False,7.0,163.0,192.0,calibrated,,,,growth_sampling,,growth_sampling,,,,,,inner_training
1516.0,Shangqiu,wheat,张大庄站区调查点,lai,0.1,m2/m2,2001-06-01,2001-06-03,monthly_window,收获期,周麦11,data/tables/extracted/nesdc/shangqiu/6020f966042ebb719ff186c3/实体数据及关联说明文档_DP2011_SQA_SWSJ_SHENGYUSHENGZHDT/实体数据/8-商丘站作物叶面积与生物量动态/张大庄站区调查点__f4d9acb1.csv,8,valid,Shangqiu-wheat-2001-张大庄站区调查点,calibration,Shangqiu-2001,2001.0,周麦11,normalized_exact,,obs_001516,valid,False,7.0,224.0,226.0,calibrated,,,,growth_sampling,,growth_sampling,,,,,,inner_training
1517.0,Shangqiu,wheat,张大庄站区调查点,biomass,20580.0,kg/ha,2001-06-01,2001-06-03,monthly_window,收获期,周麦11,data/tables/extracted/nesdc/shangqiu/6020f966042ebb719ff186c3/实体数据及关联说明文档_DP2011_SQA_SWSJ_SHENGYUSHENGZHDT/实体数据/8-商丘站作物叶面积与生物量动态/张大庄站区调查点__f4d9acb1.csv,8,valid,Shangqiu-wheat-2001-张大庄站区调查点,calibration,Shangqiu-2001,2001.0,周麦11,normalized_exact,,obs_001517,valid,False,7.0,224.0,226.0,calibrated,,,,growth_sampling,,growth_sampling,,,,,,inner_training
1294.0,Shangqiu,wheat,综合观测场,lai,0.1,m2/m2,2000-10-20,2000-10-31,monthly_window,出苗期,周麦11,data/tables/extracted/nesdc/shangqiu/6020f966042ebb719ff186c3/实体数据及关联说明文档_DP2011_SQA_SWSJ_SHENGYUSHENGZHDT/实体数据/8-商丘站作物叶面积与生物量动态/综合观测场__f4d9acb1.csv,3,valid,Shangqiu-wheat-2001-综合观测场,calibration,Shangqiu-2001,2001.0,周麦11,normalized_exact,,obs_001294,valid,False,7.0,0.0,11.0,calibrated,,,,growth_sampling,,growth_sampling,,,,,,inner_training
1295.0,Shangqiu,wheat,综合观测场,biomass,23.0,kg/ha,2000-10-20,2000-10-31,monthly_window,出苗期,周麦11,data/tables/extracted/nesdc/shangqiu/6020f966042ebb719ff186c3/实体数据及关联说明文档_DP2011_SQA_SWSJ_SHENGYUSHENGZHDT/实体数据/8-商丘站作物叶面积与生物量动态/综合观测场__f4d9acb1.csv,3,valid,Shangqiu-wheat-2001-综合观测场,calibration,Shangqiu-2001,2001.0,周麦11,normalized_exact,,obs_001295,valid,False,7.0,0.0,11.0,calibrated,,,,growth_sampling,,growth_sampling,,,,,,inner_training
1296.0,Shangqiu,wheat,综合观测场,lai,1.4,m2/m2,2000-11-01,2000-11-30,monthly_window,分蘖期,周麦11,data/tables/extracted/nesdc/shangqiu/6020f966042ebb719ff186c3/实体数据及关联说明文档_DP2011_SQA_SWSJ_SHENGYUSHENGZHDT/实体数据/8-商丘站作物叶面积与生物量动态/综合观测场__f4d9acb1.csv,4,valid,Shangqiu-wheat-2001-综合观测场,calibration,Shangqiu-2001,2001.0,周麦11,normalized_exact,,obs_001296,valid,False,7.0,12.0,41.0,calibrated,,,,growth_sampling,,growth_sampling,,,,,,inner_training
1297.0,Shangqiu,wheat,综合观测场,biomass,439.0,kg/ha,2000-11-01,2000-11-30,monthly_window,分蘖期,周麦11,data/tables/extracted/nesdc/shangqiu/6020f966042ebb719ff186c3/实体数据及关联说明文档_DP2011_SQA_SWSJ_SHENGYUSHENGZHDT/实体数据/8-商丘站作物叶面积与生物量动态/综合观测场__f4d9acb1.csv,4,valid,Shangqiu-wheat-2001-综合观测场,calibration,Shangqiu-2001,2001.0,周麦11,normalized_exact,,obs_001297,valid,False,7.0,12.0,41.0,calibrated,,,,growth_sampling,,growth_sampling,,,,,,inner_training
1298.0,Shangqiu,wheat,综合观测场,lai,5.7,m2/m2,2001-02-01,2001-02-28,monthly_window,返青期,周麦11,data/tables/extracted/nesdc/shangqiu/6020f966042ebb719ff186c3/实体数据及关联说明文档_DP2011_SQA_SWSJ_SHENGYUSHENGZHDT/实体数据/8-商丘站作物叶面积与生物量动态/综合观测场__f4d9acb1.csv,5,valid,Shangqiu-wheat-2001-综合观测场,calibration,Shangqiu-2001,2001.0,周麦11,normalized_exact,,obs_001298,valid,False,7.0,104.0,131.0,calibrated,,,,growth_sampling,,growth_sampling,,,,,,inner_training
1299.0,Shangqiu,wheat,综合观测场,biomass,5757.0,kg/ha,2001-02-01,2001-02-28,monthly_window,返青期,周麦11,data/tables/extracted/nesdc/shangqiu/6020f966042ebb719ff186c3/实体数据及关联说明文档_DP2011_SQA_SWSJ_SHENGYUSHENGZHDT/实体数据/8-商丘站作物叶面积与生物量动态/综合观测场__f4d9acb1.csv,5,valid,Shangqiu-wheat-2001-综合观测场,calibration,Shangqiu-2001,2001.0,周麦11,normalized_exact,,obs_001299,valid,False,7.0,104.0,131.0,calibrated,,,,growth_sampling,,growth_sampling,,,,,,inner_training
1301.0,Shangqiu,wheat,综合观测场,biomass,8399.0,kg/ha,2001-03-01,2001-03-31,monthly_window,拔节期,周麦11,data/tables/extracted/nesdc/shangqiu/6020f966042ebb719ff186c3/实体数据及关联说明文档_DP2011_SQA_SWSJ_SHENGYUSHENGZHDT/实体数据/8-商丘站作物叶面积与生物量动态/综合观测场__f4d9acb1.csv,6,valid,Shangqiu-wheat-2001-综合观测场,calibration,Shangqiu-2001,2001.0,周麦11,normalized_exact,,obs_001301,valid,False,7.0,132.0,162.0,calibrated,,,,growth_sampling,,growth_sampling,,,,,,inner_training
1303.0,Shangqiu,wheat,综合观测场,biomass,9800.0,kg/ha,2001-04-01,2001-04-30,monthly_window,抽穗期,周麦11,data/tables/extracted/nesdc/shangqiu/6020f966042ebb719ff186c3/实体数据及关联说明文档_DP2011_SQA_SWSJ_SHENGYUSHENGZHDT/实体数据/8-商丘站作物叶面积与生物量动态/综合观测场__f4d9acb1.csv,7,valid,Shangqiu-wheat-2001-综合观测场,calibration,Shangqiu-2001,2001.0,周麦11,normalized_exact,,obs_001303,valid,False,7.0,163.0,192.0,calibrated,,,,growth_sampling,,growth_sampling,,,,,,inner_training
1304.0,Shangqiu,wheat,综合观测场,lai,0.1,m2/m2,2001-06-01,2001-06-03,monthly_window,收获期,周麦11,data/tables/extracted/nesdc/shangqiu/6020f966042ebb719ff186c3/实体数据及关联说明文档_DP2011_SQA_SWSJ_SHENGYUSHENGZHDT/实体数据/8-商丘站作物叶面积与生物量动态/综合观测场__f4d9acb1.csv,8,valid,Shangqiu-wheat-2001-综合观测场,calibration,Shangqiu-2001,2001.0,周麦11,normalized_exact,,obs_001304,valid,False,7.0,224.0,226.0,calibrated,,,,growth_sampling,,growth_sampling,,,,,,inner_training
1305.0,Shangqiu,wheat,综合观测场,biomass,19426.0,kg/ha,2001-06-01,2001-06-03,monthly_window,收获期,周麦11,data/tables/extracted/nesdc/shangqiu/6020f966042ebb719ff186c3/实体数据及关联说明文档_DP2011_SQA_SWSJ_SHENGYUSHENGZHDT/实体数据/8-商丘站作物叶面积与生物量动态/综合观测场__f4d9acb1.csv,8,valid,Shangqiu-wheat-2001-综合观测场,calibration,Shangqiu-2001,2001.0,周麦11,normalized_exact,,obs_001305,valid,False,7.0,224.0,226.0,calibrated,,,,growth_sampling,,growth_sampling,,,,,,inner_training
1416.0,Shangqiu,wheat,关庄站区调查点,lai,0.1,m2/m2,2001-10-14,2001-10-31,monthly_window,出苗期,豫展1号,data/tables/extracted/nesdc/shangqiu/6020f966042ebb719ff186c3/实体数据及关联说明文档_DP2011_SQA_SWSJ_SHENGYUSHENGZHDT/实体数据/8-商丘站作物叶面积与生物量动态/关庄站区调查点__f4d9acb1.csv,13,valid,Shangqiu-wheat-2002-关庄站区调查点,calibration,Shangqiu-2002,2002.0,豫展1号,normalized_exact,,obs_001416,valid,False,7.0,0.0,17.0,calibrated,,,,growth_sampling,,growth_sampling,,,,,,inner_training
1417.0,Shangqiu,wheat,关庄站区调查点,biomass,29.0,kg/ha,2001-10-14,2001-10-31,monthly_window,出苗期,豫展1号,data/tables/extracted/nesdc/shangqiu/6020f966042ebb719ff186c3/实体数据及关联说明文档_DP2011_SQA_SWSJ_SHENGYUSHENGZHDT/实体数据/8-商丘站作物叶面积与生物量动态/关庄站区调查点__f4d9acb1.csv,13,valid,Shangqiu-wheat-2002-关庄站区调查点,calibration,Shangqiu-2002,2002.0,豫展1号,normalized_exact,,obs_001417,valid,False,7.0,0.0,17.0,calibrated,,,,growth_sampling,,growth_sampling,,,,,,inner_training
1418.0,Shangqiu,wheat,关庄站区调查点,lai,1.5,m2/m2,2001-11-01,2001-11-30,monthly_window,分蘖期,豫展1号,data/tables/extracted/nesdc/shangqiu/6020f966042ebb719ff186c3/实体数据及关联说明文档_DP2011_SQA_SWSJ_SHENGYUSHENGZHDT/实体数据/8-商丘站作物叶面积与生物量动态/关庄站区调查点__f4d9acb1.csv,14,valid,Shangqiu-wheat-2002-关庄站区调查点,calibration,Shangqiu-2002,2002.0,豫展1号,normalized_exact,,obs_001418,valid,False,7.0,18.0,47.0,calibrated,,,,growth_sampling,,growth_sampling,,,,,,inner_training
1419.0,Shangqiu,wheat,关庄站区调查点,biomass,451.0,kg/ha,2001-11-01,2001-11-30,monthly_window,分蘖期,豫展1号,data/tables/extracted/nesdc/shangqiu/6020f966042ebb719ff186c3/实体数据及关联说明文档_DP2011_SQA_SWSJ_SHENGYUSHENGZHDT/实体数据/8-商丘站作物叶面积与生物量动态/关庄站区调查点__f4d9acb1.csv,14,valid,Shangqiu-wheat-2002-关庄站区调查点,calibration,Shangqiu-2002,2002.0,豫展1号,normalized_exact,,obs_001419,valid,False,7.0,18.0,47.0,calibrated,,,,growth_sampling,,growth_sampling,,,,,,inner_training
1420.0,Shangqiu,wheat,关庄站区调查点,lai,3.8,m2/m2,2002-02-01,2002-02-28,monthly_window,返青期,豫展1号,data/tables/extracted/nesdc/shangqiu/6020f966042ebb719ff186c3/实体数据及关联说明文档_DP2011_SQA_SWSJ_SHENGYUSHENGZHDT/实体数据/8-商丘站作物叶面积与生物量动态/关庄站区调查点__f4d9acb1.csv,15,valid,Shangqiu-wheat-2002-关庄站区调查点,calibration,Shangqiu-2002,2002.0,豫展1号,normalized_exact,,obs_001420,valid,False,7.0,110.0,137.0,calibrated,,,,growth_sampling,,growth_sampling,,,,,,inner_training
1421.0,Shangqiu,wheat,关庄站区调查点,biomass,5650.0,kg/ha,2002-02-01,2002-02-28,monthly_window,返青期,豫展1号,data/tables/extracted/nesdc/shangqiu/6020f966042ebb719ff186c3/实体数据及关联说明文档_DP2011_SQA_SWSJ_SHENGYUSHENGZHDT/实体数据/8-商丘站作物叶面积与生物量动态/关庄站区调查点__f4d9acb1.csv,15,valid,Shangqiu-wheat-2002-关庄站区调查点,calibration,Shangqiu-2002,2002.0,豫展1号,normalized_exact,,obs_001421,valid,False,7.0,110.0,137.0,calibrated,,,,growth_sampling,,growth_sampling,,,,,,inner_training
1423.0,Shangqiu,wheat,关庄站区调查点,biomass,8481.0,kg/ha,2002-03-01,2002-03-31,monthly_window,拔节期,豫展1号,data/tables/extracted/nesdc/shangqiu/6020f966042ebb719ff186c3/实体数据及关联说明文档_DP2011_SQA_SWSJ_SHENGYUSHENGZHDT/实体数据/8-商丘站作物叶面积与生物量动态/关庄站区调查点__f4d9acb1.csv,16,valid,Shangqiu-wheat-2002-关庄站区调查点,calibration,Shangqiu-2002,2002.0,豫展1号,normalized_exact,,obs_001423,valid,False,7.0,138.0,168.0,calibrated,,,,growth_sampling,,growth_sampling,,,,,,inner_training
1425.0,Shangqiu,wheat,关庄站区调查点,biomass,10324.0,kg/ha,2002-04-01,2002-04-30,monthly_window,抽穗期,豫展1号,data/tables/extracted/nesdc/shangqiu/6020f966042ebb719ff186c3/实体数据及关联说明文档_DP2011_SQA_SWSJ_SHENGYUSHENGZHDT/实体数据/8-商丘站作物叶面积与生物量动态/关庄站区调查点__f4d9acb1.csv,17,valid,Shangqiu-wheat-2002-关庄站区调查点,calibration,Shangqiu-2002,2002.0,豫展1号,normalized_exact,,obs_001425,valid,False,7.0,169.0,198.0,calibrated,,,,growth_sampling,,growth_sampling,,,,,,inner_training
1426.0,Shangqiu,wheat,关庄站区调查点,lai,0.1,m2/m2,2002-06-01,2002-06-01,monthly_window,收获期,豫展1号,data/tables/extracted/nesdc/shangqiu/6020f966042ebb719ff186c3/实体数据及关联说明文档_DP2011_SQA_SWSJ_SHENGYUSHENGZHDT/实体数据/8-商丘站作物叶面积与生物量动态/关庄站区调查点__f4d9acb1.csv,18,valid,Shangqiu-wheat-2002-关庄站区调查点,calibration,Shangqiu-2002,2002.0,豫展1号,normalized_exact,,obs_001426,valid,False,7.0,230.0,230.0,calibrated,,,,growth_sampling,,growth_sampling,,,,,,inner_training
1427.0,Shangqiu,wheat,关庄站区调查点,biomass,18687.0,kg/ha,2002-06-01,2002-06-01,monthly_window,收获期,豫展1号,data/tables/extracted/nesdc/shangqiu/6020f966042ebb719ff186c3/实体数据及关联说明文档_DP2011_SQA_SWSJ_SHENGYUSHENGZHDT/实体数据/8-商丘站作物叶面积与生物量动态/关庄站区调查点__f4d9acb1.csv,18,valid,Shangqiu-wheat-2002-关庄站区调查点,calibration,Shangqiu-2002,2002.0,豫展1号,normalized_exact,,obs_001427,valid,False,7.0,230.0,230.0,calibrated,,,,growth_sampling,,growth_sampling,,,,,,inner_training
1518.0,Shangqiu,wheat,张大庄站区调查点,lai,0.1,m2/m2,2001-10-17,2001-10-31,monthly_window,出苗期,周麦11,data/tables/extracted/nesdc/shangqiu/6020f966042ebb719ff186c3/实体数据及关联说明文档_DP2011_SQA_SWSJ_SHENGYUSHENGZHDT/实体数据/8-商丘站作物叶面积与生物量动态/张大庄站区调查点__f4d9acb1.csv,13,valid,Shangqiu-wheat-2002-张大庄站区调查点,calibration,Shangqiu-2002,2002.0,周麦11,normalized_exact,,obs_001518,valid,False,7.0,0.0,14.0,calibrated,,,,growth_sampling,,growth_sampling,,,,,,inner_training
1519.0,Shangqiu,wheat,张大庄站区调查点,biomass,27.0,kg/ha,2001-10-17,2001-10-31,monthly_window,出苗期,周麦11,data/tables/extracted/nesdc/shangqiu/6020f966042ebb719ff186c3/实体数据及关联说明文档_DP2011_SQA_SWSJ_SHENGYUSHENGZHDT/实体数据/8-商丘站作物叶面积与生物量动态/张大庄站区调查点__f4d9acb1.csv,13,valid,Shangqiu-wheat-2002-张大庄站区调查点,calibration,Shangqiu-2002,2002.0,周麦11,normalized_exact,,obs_001519,valid,False,7.0,0.0,14.0,calibrated,,,,growth_sampling,,growth_sampling,,,,,,inner_training
1520.0,Shangqiu,wheat,张大庄站区调查点,lai,1.7,m2/m2,2001-11-01,2001-11-30,monthly_window,分蘖期,周麦11,data/tables/extracted/nesdc/shangqiu/6020f966042ebb719ff186c3/实体数据及关联说明文档_DP2011_SQA_SWSJ_SHENGYUSHENGZHDT/实体数据/8-商丘站作物叶面积与生物量动态/张大庄站区调查点__f4d9acb1.csv,14,valid,Shangqiu-wheat-2002-张大庄站区调查点,calibration,Shangqiu-2002,2002.0,周麦11,normalized_exact,,obs_001520,valid,False,7.0,15.0,44.0,calibrated,,,,growth_sampling,,growth_sampling,,,,,,inner_training
1521.0,Shangqiu,wheat,张大庄站区调查点,biomass,520.0,kg/ha,2001-11-01,2001-11-30,monthly_window,分蘖期,周麦11,data/tables/extracted/nesdc/shangqiu/6020f966042ebb719ff186c3/实体数据及关联说明文档_DP2011_SQA_SWSJ_SHENGYUSHENGZHDT/实体数据/8-商丘站作物叶面积与生物量动态/张大庄站区调查点__f4d9acb1.csv,14,valid,Shangqiu-wheat-2002-张大庄站区调查点,calibration,Shangqiu-2002,2002.0,周麦11,normalized_exact,,obs_001521,valid,False,7.0,15.0,44.0,calibrated,,,,growth_sampling,,growth_sampling,,,,,,inner_training
1522.0,Shangqiu,wheat,张大庄站区调查点,lai,5.5,m2/m2,2002-02-01,2002-02-28,monthly_window,返青期,周麦11,data/tables/extracted/nesdc/shangqiu/6020f966042ebb719ff186c3/实体数据及关联说明文档_DP2011_SQA_SWSJ_SHENGYUSHENGZHDT/实体数据/8-商丘站作物叶面积与生物量动态/张大庄站区调查点__f4d9acb1.csv,15,valid,Shangqiu-wheat-2002-张大庄站区调查点,calibration,Shangqiu-2002,2002.0,周麦11,normalized_exact,,obs_001522,valid,False,7.0,107.0,134.0,calibrated,,,,growth_sampling,,growth_sampling,,,,,,inner_training
1523.0,Shangqiu,wheat,张大庄站区调查点,biomass,6123.0,kg/ha,2002-02-01,2002-02-28,monthly_window,返青期,周麦11,data/tables/extracted/nesdc/shangqiu/6020f966042ebb719ff186c3/实体数据及关联说明文档_DP2011_SQA_SWSJ_SHENGYUSHENGZHDT/实体数据/8-商丘站作物叶面积与生物量动态/张大庄站区调查点__f4d9acb1.csv,15,valid,Shangqiu-wheat-2002-张大庄站区调查点,calibration,Shangqiu-2002,2002.0,周麦11,normalized_exact,,obs_001523,valid,False,7.0,107.0,134.0,calibrated,,,,growth_sampling,,growth_sampling,,,,,,inner_training
1525.0,Shangqiu,wheat,张大庄站区调查点,biomass,8376.0,kg/ha,2002-03-01,2002-03-31,monthly_window,拔节期,周麦11,data/tables/extracted/nesdc/shangqiu/6020f966042ebb719ff186c3/实体数据及关联说明文档_DP2011_SQA_SWSJ_SHENGYUSHENGZHDT/实体数据/8-商丘站作物叶面积与生物量动态/张大庄站区调查点__f4d9acb1.csv,16,valid,Shangqiu-wheat-2002-张大庄站区调查点,calibration,Shangqiu-2002,2002.0,周麦11,normalized_exact,,obs_001525,valid,False,7.0,135.0,165.0,calibrated,,,,growth_sampling,,growth_sampling,,,,,,inner_training
1527.0,Shangqiu,wheat,张大庄站区调查点,biomass,9967.0,kg/ha,2002-04-01,2002-04-30,monthly_window,抽穗期,周麦11,data/tables/extracted/nesdc/shangqiu/6020f966042ebb719ff186c3/实体数据及关联说明文档_DP2011_SQA_SWSJ_SHENGYUSHENGZHDT/实体数据/8-商丘站作物叶面积与生物量动态/张大庄站区调查点__f4d9acb1.csv,17,valid,Shangqiu-wheat-2002-张大庄站区调查点,calibration,Shangqiu-2002,2002.0,周麦11,normalized_exact,,obs_001527,valid,False,7.0,166.0,195.0,calibrated,,,,growth_sampling,,growth_sampling,,,,,,inner_training
1528.0,Shangqiu,wheat,张大庄站区调查点,lai,0.1,m2/m2,2002-06-01,2002-06-02,monthly_window,收获期,周麦11,data/tables/extracted/nesdc/shangqiu/6020f966042ebb719ff186c3/实体数据及关联说明文档_DP2011_SQA_SWSJ_SHENGYUSHENGZHDT/实体数据/8-商丘站作物叶面积与生物量动态/张大庄站区调查点__f4d9acb1.csv,18,valid,Shangqiu-wheat-2002-张大庄站区调查点,calibration,Shangqiu-2002,2002.0,周麦11,normalized_exact,,obs_001528,valid,False,7.0,227.0,228.0,calibrated,,,,growth_sampling,,growth_sampling,,,,,,inner_training
1529.0,Shangqiu,wheat,张大庄站区调查点,biomass,21546.0,kg/ha,2002-06-01,2002-06-02,monthly_window,收获期,周麦11,data/tables/extracted/nesdc/shangqiu/6020f966042ebb719ff186c3/实体数据及关联说明文档_DP2011_SQA_SWSJ_SHENGYUSHENGZHDT/实体数据/8-商丘站作物叶面积与生物量动态/张大庄站区调查点__f4d9acb1.csv,18,valid,Shangqiu-wheat-2002-张大庄站区调查点,calibration,Shangqiu-2002,2002.0,周麦11,normalized_exact,,obs_001529,valid,False,7.0,227.0,228.0,calibrated,,,,growth_sampling,,growth_sampling,,,,,,inner_training
1306.0,Shangqiu,wheat,综合观测场,lai,0.1,m2/m2,2001-10-17,2001-10-31,monthly_window,出苗期,周麦11,data/tables/extracted/nesdc/shangqiu/6020f966042ebb719ff186c3/实体数据及关联说明文档_DP2011_SQA_SWSJ_SHENGYUSHENGZHDT/实体数据/8-商丘站作物叶面积与生物量动态/综合观测场__f4d9acb1.csv,13,valid,Shangqiu-wheat-2002-综合观测场,calibration,Shangqiu-2002,2002.0,周麦11,normalized_exact,,obs_001306,valid,False,7.0,0.0,14.0,calibrated,,,,growth_sampling,,growth_sampling,,,,,,inner_training
1307.0,Shangqiu,wheat,综合观测场,biomass,25.0,kg/ha,2001-10-17,2001-10-31,monthly_window,出苗期,周麦11,data/tables/extracted/nesdc/shangqiu/6020f966042ebb719ff186c3/实体数据及关联说明文档_DP2011_SQA_SWSJ_SHENGYUSHENGZHDT/实体数据/8-商丘站作物叶面积与生物量动态/综合观测场__f4d9acb1.csv,13,valid,Shangqiu-wheat-2002-综合观测场,calibration,Shangqiu-2002,2002.0,周麦11,normalized_exact,,obs_001307,valid,False,7.0,0.0,14.0,calibrated,,,,growth_sampling,,growth_sampling,,,,,,inner_training
1308.0,Shangqiu,wheat,综合观测场,lai,1.7,m2/m2,2001-11-01,2001-11-30,monthly_window,分蘖期,周麦11,data/tables/extracted/nesdc/shangqiu/6020f966042ebb719ff186c3/实体数据及关联说明文档_DP2011_SQA_SWSJ_SHENGYUSHENGZHDT/实体数据/8-商丘站作物叶面积与生物量动态/综合观测场__f4d9acb1.csv,14,valid,Shangqiu-wheat-2002-综合观测场,calibration,Shangqiu-2002,2002.0,周麦11,normalized_exact,,obs_001308,valid,False,7.0,15.0,44.0,calibrated,,,,growth_sampling,,growth_sampling,,,,,,inner_training
1309.0,Shangqiu,wheat,综合观测场,biomass,440.0,kg/ha,2001-11-01,2001-11-30,monthly_window,分蘖期,周麦11,data/tables/extracted/nesdc/shangqiu/6020f966042ebb719ff186c3/实体数据及关联说明文档_DP2011_SQA_SWSJ_SHENGYUSHENGZHDT/实体数据/8-商丘站作物叶面积与生物量动态/综合观测场__f4d9acb1.csv,14,valid,Shangqiu-wheat-2002-综合观测场,calibration,Shangqiu-2002,2002.0,周麦11,normalized_exact,,obs_001309,valid,False,7.0,15.0,44.0,calibrated,,,,growth_sampling,,growth_sampling,,,,,,inner_training
1310.0,Shangqiu,wheat,综合观测场,lai,4.3,m2/m2,2002-02-01,2002-02-28,monthly_window,返青期,周麦11,data/tables/extracted/nesdc/shangqiu/6020f966042ebb719ff186c3/实体数据及关联说明文档_DP2011_SQA_SWSJ_SHENGYUSHENGZHDT/实体数据/8-商丘站作物叶面积与生物量动态/综合观测场__f4d9acb1.csv,15,valid,Shangqiu-wheat-2002-综合观测场,calibration,Shangqiu-2002,2002.0,周麦11,normalized_exact,,obs_001310,valid,False,7.0,107.0,134.0,calibrated,,,,growth_sampling,,growth_sampling,,,,,,inner_training
1311.0,Shangqiu,wheat,综合观测场,biomass,5621.0,kg/ha,2002-02-01,2002-02-28,monthly_window,返青期,周麦11,data/tables/extracted/nesdc/shangqiu/6020f966042ebb719ff186c3/实体数据及关联说明文档_DP2011_SQA_SWSJ_SHENGYUSHENGZHDT/实体数据/8-商丘站作物叶面积与生物量动态/综合观测场__f4d9acb1.csv,15,valid,Shangqiu-wheat-2002-综合观测场,calibration,Shangqiu-2002,2002.0,周麦11,normalized_exact,,obs_001311,valid,False,7.0,107.0,134.0,calibrated,,,,growth_sampling,,growth_sampling,,,,,,inner_training
1313.0,Shangqiu,wheat,综合观测场,biomass,8435.0,kg/ha,2002-03-01,2002-03-31,monthly_window,拔节期,周麦11,data/tables/extracted/nesdc/shangqiu/6020f966042ebb719ff186c3/实体数据及关联说明文档_DP2011_SQA_SWSJ_SHENGYUSHENGZHDT/实体数据/8-商丘站作物叶面积与生物量动态/综合观测场__f4d9acb1.csv,16,valid,Shangqiu-wheat-2002-综合观测场,calibration,Shangqiu-2002,2002.0,周麦11,normalized_exact,,obs_001313,valid,False,7.0,135.0,165.0,calibrated,,,,growth_sampling,,growth_sampling,,,,,,inner_training
1315.0,Shangqiu,wheat,综合观测场,biomass,9549.0,kg/ha,2002-04-01,2002-04-30,monthly_window,抽穗期,周麦11,data/tables/extracted/nesdc/shangqiu/6020f966042ebb719ff186c3/实体数据及关联说明文档_DP2011_SQA_SWSJ_SHENGYUSHENGZHDT/实体数据/8-商丘站作物叶面积与生物量动态/综合观测场__f4d9acb1.csv,17,valid,Shangqiu-wheat-2002-综合观测场,calibration,Shangqiu-2002,2002.0,周麦11,normalized_exact,,obs_001315,valid,False,7.0,166.0,195.0,calibrated,,,,growth_sampling,,growth_sampling,,,,,,inner_training
1316.0,Shangqiu,wheat,综合观测场,lai,0.1,m2/m2,2002-06-01,2002-06-02,monthly_window,收获期,周麦11,data/tables/extracted/nesdc/shangqiu/6020f966042ebb719ff186c3/实体数据及关联说明文档_DP2011_SQA_SWSJ_SHENGYUSHENGZHDT/实体数据/8-商丘站作物叶面积与生物量动态/综合观测场__f4d9acb1.csv,18,valid,Shangqiu-wheat-2002-综合观测场,calibration,Shangqiu-2002,2002.0,周麦11,normalized_exact,,obs_001316,valid,False,7.0,227.0,228.0,calibrated,,,,growth_sampling,,growth_sampling,,,,,,inner_training
1317.0,Shangqiu,wheat,综合观测场,biomass,18678.0,kg/ha,2002-06-01,2002-06-02,monthly_window,收获期,周麦11,data/tables/extracted/nesdc/shangqiu/6020f966042ebb719ff186c3/实体数据及关联说明文档_DP2011_SQA_SWSJ_SHENGYUSHENGZHDT/实体数据/8-商丘站作物叶面积与生物量动态/综合观测场__f4d9acb1.csv,18,valid,Shangqiu-wheat-2002-综合观测场,calibration,Shangqiu-2002,2002.0,周麦11,normalized_exact,,obs_001317,valid,False,7.0,227.0,228.0,calibrated,,,,growth_sampling,,growth_sampling,,,,,,inner_training
1428.0,Shangqiu,wheat,关庄站区调查点,lai,0.1,m2/m2,2002-10-15,2002-10-31,monthly_window,出苗期,豫展1号,data/tables/extracted/nesdc/shangqiu/6020f966042ebb719ff186c3/实体数据及关联说明文档_DP2011_SQA_SWSJ_SHENGYUSHENGZHDT/实体数据/8-商丘站作物叶面积与生物量动态/关庄站区调查点__f4d9acb1.csv,23,valid,Shangqiu-wheat-2003-关庄站区调查点,calibration,Shangqiu-2003,2003.0,豫展1号,normalized_exact,,obs_001428,valid,False,7.0,0.0,16.0,calibrated,,,,growth_sampling,,growth_sampling,,,,,,inner_training
1429.0,Shangqiu,wheat,关庄站区调查点,biomass,25.0,kg/ha,2002-10-15,2002-10-31,monthly_window,出苗期,豫展1号,data/tables/extracted/nesdc/shangqiu/6020f966042ebb719ff186c3/实体数据及关联说明文档_DP2011_SQA_SWSJ_SHENGYUSHENGZHDT/实体数据/8-商丘站作物叶面积与生物量动态/关庄站区调查点__f4d9acb1.csv,23,valid,Shangqiu-wheat-2003-关庄站区调查点,calibration,Shangqiu-2003,2003.0,豫展1号,normalized_exact,,obs_001429,valid,False,7.0,0.0,16.0,calibrated,,,,growth_sampling,,growth_sampling,,,,,,inner_training
1430.0,Shangqiu,wheat,关庄站区调查点,lai,1.5,m2/m2,2002-11-01,2002-11-30,monthly_window,分蘖期,豫展1号,data/tables/extracted/nesdc/shangqiu/6020f966042ebb719ff186c3/实体数据及关联说明文档_DP2011_SQA_SWSJ_SHENGYUSHENGZHDT/实体数据/8-商丘站作物叶面积与生物量动态/关庄站区调查点__f4d9acb1.csv,24,valid,Shangqiu-wheat-2003-关庄站区调查点,calibration,Shangqiu-2003,2003.0,豫展1号,normalized_exact,,obs_001430,valid,False,7.0,17.0,46.0,calibrated,,,,growth_sampling,,growth_sampling,,,,,,inner_training
1431.0,Shangqiu,wheat,关庄站区调查点,biomass,470.0,kg/ha,2002-11-01,2002-11-30,monthly_window,分蘖期,豫展1号,data/tables/extracted/nesdc/shangqiu/6020f966042ebb719ff186c3/实体数据及关联说明文档_DP2011_SQA_SWSJ_SHENGYUSHENGZHDT/实体数据/8-商丘站作物叶面积与生物量动态/关庄站区调查点__f4d9acb1.csv,24,valid,Shangqiu-wheat-2003-关庄站区调查点,calibration,Shangqiu-2003,2003.0,豫展1号,normalized_exact,,obs_001431,valid,False,7.0,17.0,46.0,calibrated,,,,growth_sampling,,growth_sampling,,,,,,inner_training
1432.0,Shangqiu,wheat,关庄站区调查点,lai,5.3,m2/m2,2003-02-01,2003-02-28,monthly_window,返青期,豫展1号,data/tables/extracted/nesdc/shangqiu/6020f966042ebb719ff186c3/实体数据及关联说明文档_DP2011_SQA_SWSJ_SHENGYUSHENGZHDT/实体数据/8-商丘站作物叶面积与生物量动态/关庄站区调查点__f4d9acb1.csv,25,valid,Shangqiu-wheat-2003-关庄站区调查点,calibration,Shangqiu-2003,2003.0,豫展1号,normalized_exact,,obs_001432,valid,False,7.0,109.0,136.0,calibrated,,,,growth_sampling,,growth_sampling,,,,,,inner_training
1433.0,Shangqiu,wheat,关庄站区调查点,biomass,5538.0,kg/ha,2003-02-01,2003-02-28,monthly_window,返青期,豫展1号,data/tables/extracted/nesdc/shangqiu/6020f966042ebb719ff186c3/实体数据及关联说明文档_DP2011_SQA_SWSJ_SHENGYUSHENGZHDT/实体数据/8-商丘站作物叶面积与生物量动态/关庄站区调查点__f4d9acb1.csv,25,valid,Shangqiu-wheat-2003-关庄站区调查点,calibration,Shangqiu-2003,2003.0,豫展1号,normalized_exact,,obs_001433,valid,False,7.0,109.0,136.0,calibrated,,,,growth_sampling,,growth_sampling,,,,,,inner_training
1435.0,Shangqiu,wheat,关庄站区调查点,biomass,8618.0,kg/ha,2003-03-01,2003-03-31,monthly_window,拔节期,豫展1号,data/tables/extracted/nesdc/shangqiu/6020f966042ebb719ff186c3/实体数据及关联说明文档_DP2011_SQA_SWSJ_SHENGYUSHENGZHDT/实体数据/8-商丘站作物叶面积与生物量动态/关庄站区调查点__f4d9acb1.csv,26,valid,Shangqiu-wheat-2003-关庄站区调查点,calibration,Shangqiu-2003,2003.0,豫展1号,normalized_exact,,obs_001435,valid,False,7.0,137.0,167.0,calibrated,,,,growth_sampling,,growth_sampling,,,,,,inner_training
1437.0,Shangqiu,wheat,关庄站区调查点,biomass,10003.0,kg/ha,2003-04-01,2003-04-30,monthly_window,抽穗期,豫展1号,data/tables/extracted/nesdc/shangqiu/6020f966042ebb719ff186c3/实体数据及关联说明文档_DP2011_SQA_SWSJ_SHENGYUSHENGZHDT/实体数据/8-商丘站作物叶面积与生物量动态/关庄站区调查点__f4d9acb1.csv,27,valid,Shangqiu-wheat-2003-关庄站区调查点,calibration,Shangqiu-2003,2003.0,豫展1号,normalized_exact,,obs_001437,valid,False,7.0,168.0,197.0,calibrated,,,,growth_sampling,,growth_sampling,,,,,,inner_training
1438.0,Shangqiu,wheat,关庄站区调查点,lai,0.1,m2/m2,2003-06-01,2003-06-07,monthly_window,收获期,豫展1号,data/tables/extracted/nesdc/shangqiu/6020f966042ebb719ff186c3/实体数据及关联说明文档_DP2011_SQA_SWSJ_SHENGYUSHENGZHDT/实体数据/8-商丘站作物叶面积与生物量动态/关庄站区调查点__f4d9acb1.csv,28,valid,Shangqiu-wheat-2003-关庄站区调查点,calibration,Shangqiu-2003,2003.0,豫展1号,normalized_exact,,obs_001438,valid,False,7.0,229.0,235.0,calibrated,,,,growth_sampling,,growth_sampling,,,,,,inner_training
1439.0,Shangqiu,wheat,关庄站区调查点,biomass,19432.0,kg/ha,2003-06-01,2003-06-07,monthly_window,收获期,豫展1号,data/tables/extracted/nesdc/shangqiu/6020f966042ebb719ff186c3/实体数据及关联说明文档_DP2011_SQA_SWSJ_SHENGYUSHENGZHDT/实体数据/8-商丘站作物叶面积与生物量动态/关庄站区调查点__f4d9acb1.csv,28,valid,Shangqiu-wheat-2003-关庄站区调查点,calibration,Shangqiu-2003,2003.0,豫展1号,normalized_exact,,obs_001439,valid,False,7.0,229.0,235.0,calibrated,,,,growth_sampling,,growth_sampling,,,,,,inner_training
1440.0,Shangqiu,wheat,关庄站区调查点,lai,0.1,m2/m2,2003-10-15,2003-10-31,monthly_window,出苗期,豫展1号,data/tables/extracted/nesdc/shangqiu/6020f966042ebb719ff186c3/实体数据及关联说明文档_DP2011_SQA_SWSJ_SHENGYUSHENGZHDT/实体数据/8-商丘站作物叶面积与生物量动态/关庄站区调查点__f4d9acb1.csv,33,valid,Shangqiu-wheat-2004-关庄站区调查点,calibration,Shangqiu-2004,2004.0,豫展1号,normalized_exact,,obs_001440,valid,False,7.0,0.0,16.0,calibrated,,,,growth_sampling,,growth_sampling,,,,,,inner_holdout
1441.0,Shangqiu,wheat,关庄站区调查点,biomass,29.0,kg/ha,2003-10-15,2003-10-31,monthly_window,出苗期,豫展1号,data/tables/extracted/nesdc/shangqiu/6020f966042ebb719ff186c3/实体数据及关联说明文档_DP2011_SQA_SWSJ_SHENGYUSHENGZHDT/实体数据/8-商丘站作物叶面积与生物量动态/关庄站区调查点__f4d9acb1.csv,33,valid,Shangqiu-wheat-2004-关庄站区调查点,calibration,Shangqiu-2004,2004.0,豫展1号,normalized_exact,,obs_001441,valid,False,7.0,0.0,16.0,calibrated,,,,growth_sampling,,growth_sampling,,,,,,inner_holdout
1442.0,Shangqiu,wheat,关庄站区调查点,lai,1.3,m2/m2,2003-11-01,2003-11-30,monthly_window,分蘖期,豫展1号,data/tables/extracted/nesdc/shangqiu/6020f966042ebb719ff186c3/实体数据及关联说明文档_DP2011_SQA_SWSJ_SHENGYUSHENGZHDT/实体数据/8-商丘站作物叶面积与生物量动态/关庄站区调查点__f4d9acb1.csv,34,valid,Shangqiu-wheat-2004-关庄站区调查点,calibration,Shangqiu-2004,2004.0,豫展1号,normalized_exact,,obs_001442,valid,False,7.0,17.0,46.0,calibrated,,,,growth_sampling,,growth_sampling,,,,,,inner_holdout
1443.0,Shangqiu,wheat,关庄站区调查点,biomass,414.0,kg/ha,2003-11-01,2003-11-30,monthly_window,分蘖期,豫展1号,data/tables/extracted/nesdc/shangqiu/6020f966042ebb719ff186c3/实体数据及关联说明文档_DP2011_SQA_SWSJ_SHENGYUSHENGZHDT/实体数据/8-商丘站作物叶面积与生物量动态/关庄站区调查点__f4d9acb1.csv,34,valid,Shangqiu-wheat-2004-关庄站区调查点,calibration,Shangqiu-2004,2004.0,豫展1号,normalized_exact,,obs_001443,valid,False,7.0,17.0,46.0,calibrated,,,,growth_sampling,,growth_sampling,,,,,,inner_holdout
1444.0,Shangqiu,wheat,关庄站区调查点,lai,5.2,m2/m2,2004-02-01,2004-02-29,monthly_window,返青期,豫展1号,data/tables/extracted/nesdc/shangqiu/6020f966042ebb719ff186c3/实体数据及关联说明文档_DP2011_SQA_SWSJ_SHENGYUSHENGZHDT/实体数据/8-商丘站作物叶面积与生物量动态/关庄站区调查点__f4d9acb1.csv,35,valid,Shangqiu-wheat-2004-关庄站区调查点,calibration,Shangqiu-2004,2004.0,豫展1号,normalized_exact,,obs_001444,valid,False,7.0,109.0,137.0,calibrated,,,,growth_sampling,,growth_sampling,,,,,,inner_holdout
1445.0,Shangqiu,wheat,关庄站区调查点,biomass,5722.0,kg/ha,2004-02-01,2004-02-29,monthly_window,返青期,豫展1号,data/tables/extracted/nesdc/shangqiu/6020f966042ebb719ff186c3/实体数据及关联说明文档_DP2011_SQA_SWSJ_SHENGYUSHENGZHDT/实体数据/8-商丘站作物叶面积与生物量动态/关庄站区调查点__f4d9acb1.csv,35,valid,Shangqiu-wheat-2004-关庄站区调查点,calibration,Shangqiu-2004,2004.0,豫展1号,normalized_exact,,obs_001445,valid,False,7.0,109.0,137.0,calibrated,,,,growth_sampling,,growth_sampling,,,,,,inner_holdout
1447.0,Shangqiu,wheat,关庄站区调查点,biomass,8067.0,kg/ha,2004-03-01,2004-03-31,monthly_window,拔节期,豫展1号,data/tables/extracted/nesdc/shangqiu/6020f966042ebb719ff186c3/实体数据及关联说明文档_DP2011_SQA_SWSJ_SHENGYUSHENGZHDT/实体数据/8-商丘站作物叶面积与生物量动态/关庄站区调查点__f4d9acb1.csv,36,valid,Shangqiu-wheat-2004-关庄站区调查点,calibration,Shangqiu-2004,2004.0,豫展1号,normalized_exact,,obs_001447,valid,False,7.0,138.0,168.0,calibrated,,,,growth_sampling,,growth_sampling,,,,,,inner_holdout
1449.0,Shangqiu,wheat,关庄站区调查点,biomass,9751.0,kg/ha,2004-04-01,2004-04-30,monthly_window,抽穗期,豫展1号,data/tables/extracted/nesdc/shangqiu/6020f966042ebb719ff186c3/实体数据及关联说明文档_DP2011_SQA_SWSJ_SHENGYUSHENGZHDT/实体数据/8-商丘站作物叶面积与生物量动态/关庄站区调查点__f4d9acb1.csv,37,valid,Shangqiu-wheat-2004-关庄站区调查点,calibration,Shangqiu-2004,2004.0,豫展1号,normalized_exact,,obs_001449,valid,False,7.0,169.0,198.0,calibrated,,,,growth_sampling,,growth_sampling,,,,,,inner_holdout
1450.0,Shangqiu,wheat,关庄站区调查点,lai,0.1,m2/m2,2004-06-01,2004-06-06,monthly_window,收获期,豫展1号,data/tables/extracted/nesdc/shangqiu/6020f966042ebb719ff186c3/实体数据及关联说明文档_DP2011_SQA_SWSJ_SHENGYUSHENGZHDT/实体数据/8-商丘站作物叶面积与生物量动态/关庄站区调查点__f4d9acb1.csv,38,valid,Shangqiu-wheat-2004-关庄站区调查点,calibration,Shangqiu-2004,2004.0,豫展1号,normalized_exact,,obs_001450,valid,False,7.0,230.0,235.0,calibrated,,,,growth_sampling,,growth_sampling,,,,,,inner_holdout
1451.0,Shangqiu,wheat,关庄站区调查点,biomass,21228.0,kg/ha,2004-06-01,2004-06-06,monthly_window,收获期,豫展1号,data/tables/extracted/nesdc/shangqiu/6020f966042ebb719ff186c3/实体数据及关联说明文档_DP2011_SQA_SWSJ_SHENGYUSHENGZHDT/实体数据/8-商丘站作物叶面积与生物量动态/关庄站区调查点__f4d9acb1.csv,38,valid,Shangqiu-wheat-2004-关庄站区调查点,calibration,Shangqiu-2004,2004.0,豫展1号,normalized_exact,,obs_001451,valid,False,7.0,230.0,235.0,calibrated,,,,growth_sampling,,growth_sampling,,,,,,inner_holdout
1562.0,Shangqiu,wheat,张大庄站区调查点,lai,5.2,m2/m2,2004-02-01,2004-02-29,monthly_window,返青期,周麦18,data/tables/extracted/nesdc/shangqiu/6020f966042ebb719ff186c3/实体数据及关联说明文档_DP2011_SQA_SWSJ_SHENGYUSHENGZHDT/实体数据/8-商丘站作物叶面积与生物量动态/张大庄站区调查点__f4d9acb1.csv,35,valid,Shangqiu-wheat-2004-张大庄站区调查点,calibration,Shangqiu-2004,2004.0,周麦18,normalized_exact,,obs_001562,valid,False,7.0,104.0,132.0,calibrated,,,,growth_sampling,,growth_sampling,,,,,,inner_holdout
1563.0,Shangqiu,wheat,张大庄站区调查点,biomass,6010.0,kg/ha,2004-02-01,2004-02-29,monthly_window,返青期,周麦18,data/tables/extracted/nesdc/shangqiu/6020f966042ebb719ff186c3/实体数据及关联说明文档_DP2011_SQA_SWSJ_SHENGYUSHENGZHDT/实体数据/8-商丘站作物叶面积与生物量动态/张大庄站区调查点__f4d9acb1.csv,35,valid,Shangqiu-wheat-2004-张大庄站区调查点,calibration,Shangqiu-2004,2004.0,周麦18,normalized_exact,,obs_001563,valid,False,7.0,104.0,132.0,calibrated,,,,growth_sampling,,growth_sampling,,,,,,inner_holdout
1565.0,Shangqiu,wheat,张大庄站区调查点,biomass,8450.0,kg/ha,2004-03-01,2004-03-31,monthly_window,拔节期,周麦18,data/tables/extracted/nesdc/shangqiu/6020f966042ebb719ff186c3/实体数据及关联说明文档_DP2011_SQA_SWSJ_SHENGYUSHENGZHDT/实体数据/8-商丘站作物叶面积与生物量动态/张大庄站区调查点__f4d9acb1.csv,36,valid,Shangqiu-wheat-2004-张大庄站区调查点,calibration,Shangqiu-2004,2004.0,周麦18,normalized_exact,,obs_001565,valid,False,7.0,133.0,163.0,calibrated,,,,growth_sampling,,growth_sampling,,,,,,inner_holdout
1567.0,Shangqiu,wheat,张大庄站区调查点,biomass,10043.0,kg/ha,2004-04-01,2004-04-30,monthly_window,抽穗期,周麦18,data/tables/extracted/nesdc/shangqiu/6020f966042ebb719ff186c3/实体数据及关联说明文档_DP2011_SQA_SWSJ_SHENGYUSHENGZHDT/实体数据/8-商丘站作物叶面积与生物量动态/张大庄站区调查点__f4d9acb1.csv,37,valid,Shangqiu-wheat-2004-张大庄站区调查点,calibration,Shangqiu-2004,2004.0,周麦18,normalized_exact,,obs_001567,valid,False,7.0,164.0,193.0,calibrated,,,,growth_sampling,,growth_sampling,,,,,,inner_holdout
1568.0,Shangqiu,wheat,张大庄站区调查点,lai,0.1,m2/m2,2004-06-01,2004-06-07,monthly_window,收获期,周麦18,data/tables/extracted/nesdc/shangqiu/6020f966042ebb719ff186c3/实体数据及关联说明文档_DP2011_SQA_SWSJ_SHENGYUSHENGZHDT/实体数据/8-商丘站作物叶面积与生物量动态/张大庄站区调查点__f4d9acb1.csv,38,valid,Shangqiu-wheat-2004-张大庄站区调查点,calibration,Shangqiu-2004,2004.0,周麦18,normalized_exact,,obs_001568,valid,False,7.0,225.0,231.0,calibrated,,,,growth_sampling,,growth_sampling,,,,,,inner_holdout
1569.0,Shangqiu,wheat,张大庄站区调查点,biomass,19187.0,kg/ha,2004-06-01,2004-06-07,monthly_window,收获期,周麦18,data/tables/extracted/nesdc/shangqiu/6020f966042ebb719ff186c3/实体数据及关联说明文档_DP2011_SQA_SWSJ_SHENGYUSHENGZHDT/实体数据/8-商丘站作物叶面积与生物量动态/张大庄站区调查点__f4d9acb1.csv,38,valid,Shangqiu-wheat-2004-张大庄站区调查点,calibration,Shangqiu-2004,2004.0,周麦18,normalized_exact,,obs_001569,valid,False,7.0,225.0,231.0,calibrated,,,,growth_sampling,,growth_sampling,,,,,,inner_holdout
1651.0,Yucheng,wheat,综合观测场,biomass,13115.0,kg/ha,1999-06-06,1999-06-06,exact_date,收获期,植选1号,data/tables/extracted/nesdc/yucheng/60e27c877e28173cf0d94a50/实体数据及关联说明文档_DP2011_YCA_SWSJ_SHENGYUSHENGZHDT/实体数据/7-禹城站冬小麦-玉米叶面积与生物量动态/综合观测场冬小麦叶面积与生物量动态__a97bdec5.csv,6,valid,Yucheng-wheat-1999-综合观测场,calibration,Yucheng-1999,1999.0,植选1号,normalized_exact,,obs_001651,valid,False,7.0,241.0,241.0,calibrated,,,,growth_sampling,,growth_sampling,,,,,,inner_training
1653.0,Yucheng,wheat,综合观测场,biomass,10506.0,kg/ha,2000-06-06,2000-06-06,exact_date,收获期,济宁-142,data/tables/extracted/nesdc/yucheng/60e27c877e28173cf0d94a50/实体数据及关联说明文档_DP2011_YCA_SWSJ_SHENGYUSHENGZHDT/实体数据/7-禹城站冬小麦-玉米叶面积与生物量动态/综合观测场冬小麦叶面积与生物量动态__a97bdec5.csv,7,valid,Yucheng-wheat-2000-综合观测场,calibration,Yucheng-2000,2000.0,济宁—142,normalized_exact,,obs_001653,valid,False,7.0,231.0,231.0,calibrated,,,,growth_sampling,,growth_sampling,,,,,,inner_training
1659.0,Yucheng,wheat,综合观测场,biomass,202.0,kg/ha,2003-12-20,2003-12-20,exact_date,越冬期,科禹13系,data/tables/extracted/nesdc/yucheng/60e27c877e28173cf0d94a50/实体数据及关联说明文档_DP2011_YCA_SWSJ_SHENGYUSHENGZHDT/实体数据/7-禹城站冬小麦-玉米叶面积与生物量动态/综合观测场冬小麦叶面积与生物量动态__a97bdec5.csv,10,valid,Yucheng-wheat-2004-综合观测场,calibration,Yucheng-2004,2004.0,科禹13系,normalized_exact,,obs_001659,valid,False,7.0,57.0,57.0,calibrated,,,,growth_sampling,,growth_sampling,,,,,,inner_training
1661.0,Yucheng,wheat,综合观测场,biomass,311.0,kg/ha,2004-02-28,2004-02-28,exact_date,返青期,科禹13系,data/tables/extracted/nesdc/yucheng/60e27c877e28173cf0d94a50/实体数据及关联说明文档_DP2011_YCA_SWSJ_SHENGYUSHENGZHDT/实体数据/7-禹城站冬小麦-玉米叶面积与生物量动态/综合观测场冬小麦叶面积与生物量动态__a97bdec5.csv,11,valid,Yucheng-wheat-2004-综合观测场,calibration,Yucheng-2004,2004.0,科禹13系,normalized_exact,,obs_001661,valid,False,7.0,127.0,127.0,calibrated,,,,growth_sampling,,growth_sampling,,,,,,inner_training
1662.0,Yucheng,wheat,综合观测场,lai,0.8,m2/m2,2004-03-12,2004-03-12,exact_date,起身期,科禹13系,data/tables/extracted/nesdc/yucheng/60e27c877e28173cf0d94a50/实体数据及关联说明文档_DP2011_YCA_SWSJ_SHENGYUSHENGZHDT/实体数据/7-禹城站冬小麦-玉米叶面积与生物量动态/综合观测场冬小麦叶面积与生物量动态__a97bdec5.csv,12,valid,Yucheng-wheat-2004-综合观测场,calibration,Yucheng-2004,2004.0,科禹13系,normalized_exact,,obs_001662,valid,False,7.0,140.0,140.0,calibrated,,,,growth_sampling,,growth_sampling,,,,,,inner_training
1663.0,Yucheng,wheat,综合观测场,biomass,573.0,kg/ha,2004-03-12,2004-03-12,exact_date,起身期,科禹13系,data/tables/extracted/nesdc/yucheng/60e27c877e28173cf0d94a50/实体数据及关联说明文档_DP2011_YCA_SWSJ_SHENGYUSHENGZHDT/实体数据/7-禹城站冬小麦-玉米叶面积与生物量动态/综合观测场冬小麦叶面积与生物量动态__a97bdec5.csv,12,valid,Yucheng-wheat-2004-综合观测场,calibration,Yucheng-2004,2004.0,科禹13系,normalized_exact,,obs_001663,valid,False,7.0,140.0,140.0,calibrated,,,,growth_sampling,,growth_sampling,,,,,,inner_training
1664.0,Yucheng,wheat,综合观测场,lai,1.1,m2/m2,2004-03-17,2004-03-17,exact_date,起身前期,科禹13系,data/tables/extracted/nesdc/yucheng/60e27c877e28173cf0d94a50/实体数据及关联说明文档_DP2011_YCA_SWSJ_SHENGYUSHENGZHDT/实体数据/7-禹城站冬小麦-玉米叶面积与生物量动态/综合观测场冬小麦叶面积与生物量动态__a97bdec5.csv,13,valid,Yucheng-wheat-2004-综合观测场,calibration,Yucheng-2004,2004.0,科禹13系,normalized_exact,,obs_001664,valid,False,7.0,145.0,145.0,calibrated,,,,growth_sampling,,growth_sampling,,,,,,inner_training
1665.0,Yucheng,wheat,综合观测场,biomass,710.0,kg/ha,2004-03-17,2004-03-17,exact_date,起身前期,科禹13系,data/tables/extracted/nesdc/yucheng/60e27c877e28173cf0d94a50/实体数据及关联说明文档_DP2011_YCA_SWSJ_SHENGYUSHENGZHDT/实体数据/7-禹城站冬小麦-玉米叶面积与生物量动态/综合观测场冬小麦叶面积与生物量动态__a97bdec5.csv,13,valid,Yucheng-wheat-2004-综合观测场,calibration,Yucheng-2004,2004.0,科禹13系,normalized_exact,,obs_001665,valid,False,7.0,145.0,145.0,calibrated,,,,growth_sampling,,growth_sampling,,,,,,inner_training
1666.0,Yucheng,wheat,综合观测场,lai,1.8,m2/m2,2004-03-22,2004-03-22,exact_date,起身末期,科禹13系,data/tables/extracted/nesdc/yucheng/60e27c877e28173cf0d94a50/实体数据及关联说明文档_DP2011_YCA_SWSJ_SHENGYUSHENGZHDT/实体数据/7-禹城站冬小麦-玉米叶面积与生物量动态/综合观测场冬小麦叶面积与生物量动态__a97bdec5.csv,14,valid,Yucheng-wheat-2004-综合观测场,calibration,Yucheng-2004,2004.0,科禹13系,normalized_exact,,obs_001666,valid,False,7.0,150.0,150.0,calibrated,,,,growth_sampling,,growth_sampling,,,,,,inner_training
1667.0,Yucheng,wheat,综合观测场,biomass,1268.0,kg/ha,2004-03-22,2004-03-22,exact_date,起身末期,科禹13系,data/tables/extracted/nesdc/yucheng/60e27c877e28173cf0d94a50/实体数据及关联说明文档_DP2011_YCA_SWSJ_SHENGYUSHENGZHDT/实体数据/7-禹城站冬小麦-玉米叶面积与生物量动态/综合观测场冬小麦叶面积与生物量动态__a97bdec5.csv,14,valid,Yucheng-wheat-2004-综合观测场,calibration,Yucheng-2004,2004.0,科禹13系,normalized_exact,,obs_001667,valid,False,7.0,150.0,150.0,calibrated,,,,growth_sampling,,growth_sampling,,,,,,inner_training
1668.0,Yucheng,wheat,综合观测场,lai,2.4,m2/m2,2004-03-27,2004-03-27,exact_date,拔节前期,科禹13系,data/tables/extracted/nesdc/yucheng/60e27c877e28173cf0d94a50/实体数据及关联说明文档_DP2011_YCA_SWSJ_SHENGYUSHENGZHDT/实体数据/7-禹城站冬小麦-玉米叶面积与生物量动态/综合观测场冬小麦叶面积与生物量动态__a97bdec5.csv,15,valid,Yucheng-wheat-2004-综合观测场,calibration,Yucheng-2004,2004.0,科禹13系,normalized_exact,,obs_001668,valid,False,7.0,155.0,155.0,calibrated,,,,growth_sampling,,growth_sampling,,,,,,inner_training
1669.0,Yucheng,wheat,综合观测场,biomass,1725.0,kg/ha,2004-03-27,2004-03-27,exact_date,拔节前期,科禹13系,data/tables/extracted/nesdc/yucheng/60e27c877e28173cf0d94a50/实体数据及关联说明文档_DP2011_YCA_SWSJ_SHENGYUSHENGZHDT/实体数据/7-禹城站冬小麦-玉米叶面积与生物量动态/综合观测场冬小麦叶面积与生物量动态__a97bdec5.csv,15,valid,Yucheng-wheat-2004-综合观测场,calibration,Yucheng-2004,2004.0,科禹13系,normalized_exact,,obs_001669,valid,False,7.0,155.0,155.0,calibrated,,,,growth_sampling,,growth_sampling,,,,,,inner_training
1670.0,Yucheng,wheat,综合观测场,lai,4.2,m2/m2,2004-04-02,2004-04-02,exact_date,拔节期,科禹13系,data/tables/extracted/nesdc/yucheng/60e27c877e28173cf0d94a50/实体数据及关联说明文档_DP2011_YCA_SWSJ_SHENGYUSHENGZHDT/实体数据/7-禹城站冬小麦-玉米叶面积与生物量动态/综合观测场冬小麦叶面积与生物量动态__a97bdec5.csv,16,valid,Yucheng-wheat-2004-综合观测场,calibration,Yucheng-2004,2004.0,科禹13系,normalized_exact,,obs_001670,valid,False,7.0,161.0,161.0,calibrated,,,,growth_sampling,,growth_sampling,,,,,,inner_training
1671.0,Yucheng,wheat,综合观测场,biomass,2310.0,kg/ha,2004-04-02,2004-04-02,exact_date,拔节期,科禹13系,data/tables/extracted/nesdc/yucheng/60e27c877e28173cf0d94a50/实体数据及关联说明文档_DP2011_YCA_SWSJ_SHENGYUSHENGZHDT/实体数据/7-禹城站冬小麦-玉米叶面积与生物量动态/综合观测场冬小麦叶面积与生物量动态__a97bdec5.csv,16,valid,Yucheng-wheat-2004-综合观测场,calibration,Yucheng-2004,2004.0,科禹13系,normalized_exact,,obs_001671,valid,False,7.0,161.0,161.0,calibrated,,,,growth_sampling,,growth_sampling,,,,,,inner_training
1672.0,Yucheng,wheat,综合观测场,lai,5.0,m2/m2,2004-04-06,2004-04-06,exact_date,拔节期,科禹13系,data/tables/extracted/nesdc/yucheng/60e27c877e28173cf0d94a50/实体数据及关联说明文档_DP2011_YCA_SWSJ_SHENGYUSHENGZHDT/实体数据/7-禹城站冬小麦-玉米叶面积与生物量动态/综合观测场冬小麦叶面积与生物量动态__a97bdec5.csv,17,valid,Yucheng-wheat-2004-综合观测场,calibration,Yucheng-2004,2004.0,科禹13系,normalized_exact,,obs_001672,valid,False,7.0,165.0,165.0,calibrated,,,,growth_sampling,,growth_sampling,,,,,,inner_training
1673.0,Yucheng,wheat,综合观测场,biomass,3064.0,kg/ha,2004-04-06,2004-04-06,exact_date,拔节期,科禹13系,data/tables/extracted/nesdc/yucheng/60e27c877e28173cf0d94a50/实体数据及关联说明文档_DP2011_YCA_SWSJ_SHENGYUSHENGZHDT/实体数据/7-禹城站冬小麦-玉米叶面积与生物量动态/综合观测场冬小麦叶面积与生物量动态__a97bdec5.csv,17,valid,Yucheng-wheat-2004-综合观测场,calibration,Yucheng-2004,2004.0,科禹13系,normalized_exact,,obs_001673,valid,False,7.0,165.0,165.0,calibrated,,,,growth_sampling,,growth_sampling,,,,,,inner_training
1674.0,Yucheng,wheat,综合观测场,lai,6.5,m2/m2,2004-04-11,2004-04-11,exact_date,拔节末期,科禹13系,data/tables/extracted/nesdc/yucheng/60e27c877e28173cf0d94a50/实体数据及关联说明文档_DP2011_YCA_SWSJ_SHENGYUSHENGZHDT/实体数据/7-禹城站冬小麦-玉米叶面积与生物量动态/综合观测场冬小麦叶面积与生物量动态__a97bdec5.csv,18,valid,Yucheng-wheat-2004-综合观测场,calibration,Yucheng-2004,2004.0,科禹13系,normalized_exact,,obs_001674,valid,False,7.0,170.0,170.0,calibrated,,,,growth_sampling,,growth_sampling,,,,,,inner_training
1675.0,Yucheng,wheat,综合观测场,biomass,3879.0,kg/ha,2004-04-11,2004-04-11,exact_date,拔节末期,科禹13系,data/tables/extracted/nesdc/yucheng/60e27c877e28173cf0d94a50/实体数据及关联说明文档_DP2011_YCA_SWSJ_SHENGYUSHENGZHDT/实体数据/7-禹城站冬小麦-玉米叶面积与生物量动态/综合观测场冬小麦叶面积与生物量动态__a97bdec5.csv,18,valid,Yucheng-wheat-2004-综合观测场,calibration,Yucheng-2004,2004.0,科禹13系,normalized_exact,,obs_001675,valid,False,7.0,170.0,170.0,calibrated,,,,growth_sampling,,growth_sampling,,,,,,inner_training
1677.0,Yucheng,wheat,综合观测场,biomass,4610.0,kg/ha,2004-04-16,2004-04-16,exact_date,孕穗前期,科禹13系,data/tables/extracted/nesdc/yucheng/60e27c877e28173cf0d94a50/实体数据及关联说明文档_DP2011_YCA_SWSJ_SHENGYUSHENGZHDT/实体数据/7-禹城站冬小麦-玉米叶面积与生物量动态/综合观测场冬小麦叶面积与生物量动态__a97bdec5.csv,19,valid,Yucheng-wheat-2004-综合观测场,calibration,Yucheng-2004,2004.0,科禹13系,normalized_exact,,obs_001677,valid,False,7.0,175.0,175.0,calibrated,,,,growth_sampling,,growth_sampling,,,,,,inner_training
1679.0,Yucheng,wheat,综合观测场,biomass,6537.0,kg/ha,2004-04-21,2004-04-21,exact_date,孕穗期,科禹13系,data/tables/extracted/nesdc/yucheng/60e27c877e28173cf0d94a50/实体数据及关联说明文档_DP2011_YCA_SWSJ_SHENGYUSHENGZHDT/实体数据/7-禹城站冬小麦-玉米叶面积与生物量动态/综合观测场冬小麦叶面积与生物量动态__a97bdec5.csv,20,valid,Yucheng-wheat-2004-综合观测场,calibration,Yucheng-2004,2004.0,科禹13系,normalized_exact,,obs_001679,valid,False,7.0,180.0,180.0,calibrated,,,,growth_sampling,,growth_sampling,,,,,,inner_training
1681.0,Yucheng,wheat,综合观测场,biomass,7574.0,kg/ha,2004-04-26,2004-04-26,exact_date,开花前期,科禹13系,data/tables/extracted/nesdc/yucheng/60e27c877e28173cf0d94a50/实体数据及关联说明文档_DP2011_YCA_SWSJ_SHENGYUSHENGZHDT/实体数据/7-禹城站冬小麦-玉米叶面积与生物量动态/综合观测场冬小麦叶面积与生物量动态__a97bdec5.csv,21,valid,Yucheng-wheat-2004-综合观测场,calibration,Yucheng-2004,2004.0,科禹13系,normalized_exact,,obs_001681,valid,False,7.0,185.0,185.0,calibrated,,,,growth_sampling,,growth_sampling,,,,,,inner_training
1682.0,Yucheng,wheat,综合观测场,lai,6.7,m2/m2,2004-05-06,2004-05-06,exact_date,开花末期,科禹13系,data/tables/extracted/nesdc/yucheng/60e27c877e28173cf0d94a50/实体数据及关联说明文档_DP2011_YCA_SWSJ_SHENGYUSHENGZHDT/实体数据/7-禹城站冬小麦-玉米叶面积与生物量动态/综合观测场冬小麦叶面积与生物量动态__a97bdec5.csv,22,valid,Yucheng-wheat-2004-综合观测场,calibration,Yucheng-2004,2004.0,科禹13系,normalized_exact,,obs_001682,valid,False,7.0,195.0,195.0,calibrated,,,,growth_sampling,,growth_sampling,,,,,,inner_training
1683.0,Yucheng,wheat,综合观测场,biomass,10348.0,kg/ha,2004-05-06,2004-05-06,exact_date,开花末期,科禹13系,data/tables/extracted/nesdc/yucheng/60e27c877e28173cf0d94a50/实体数据及关联说明文档_DP2011_YCA_SWSJ_SHENGYUSHENGZHDT/实体数据/7-禹城站冬小麦-玉米叶面积与生物量动态/综合观测场冬小麦叶面积与生物量动态__a97bdec5.csv,22,valid,Yucheng-wheat-2004-综合观测场,calibration,Yucheng-2004,2004.0,科禹13系,normalized_exact,,obs_001683,valid,False,7.0,195.0,195.0,calibrated,,,,growth_sampling,,growth_sampling,,,,,,inner_training
1684.0,Yucheng,wheat,综合观测场,lai,4.8,m2/m2,2004-05-17,2004-05-17,exact_date,灌浆期,科禹13系,data/tables/extracted/nesdc/yucheng/60e27c877e28173cf0d94a50/实体数据及关联说明文档_DP2011_YCA_SWSJ_SHENGYUSHENGZHDT/实体数据/7-禹城站冬小麦-玉米叶面积与生物量动态/综合观测场冬小麦叶面积与生物量动态__a97bdec5.csv,23,valid,Yucheng-wheat-2004-综合观测场,calibration,Yucheng-2004,2004.0,科禹13系,normalized_exact,,obs_001684,valid,False,7.0,206.0,206.0,calibrated,,,,growth_sampling,,growth_sampling,,,,,,inner_training
1685.0,Yucheng,wheat,综合观测场,biomass,11363.0,kg/ha,2004-05-17,2004-05-17,exact_date,灌浆期,科禹13系,data/tables/extracted/nesdc/yucheng/60e27c877e28173cf0d94a50/实体数据及关联说明文档_DP2011_YCA_SWSJ_SHENGYUSHENGZHDT/实体数据/7-禹城站冬小麦-玉米叶面积与生物量动态/综合观测场冬小麦叶面积与生物量动态__a97bdec5.csv,23,valid,Yucheng-wheat-2004-综合观测场,calibration,Yucheng-2004,2004.0,科禹13系,normalized_exact,,obs_001685,valid,False,7.0,206.0,206.0,calibrated,,,,growth_sampling,,growth_sampling,,,,,,inner_training
1686.0,Yucheng,wheat,综合观测场,lai,4.1,m2/m2,2004-05-22,2004-05-22,exact_date,灌浆期,科禹13系,data/tables/extracted/nesdc/yucheng/60e27c877e28173cf0d94a50/实体数据及关联说明文档_DP2011_YCA_SWSJ_SHENGYUSHENGZHDT/实体数据/7-禹城站冬小麦-玉米叶面积与生物量动态/综合观测场冬小麦叶面积与生物量动态__a97bdec5.csv,24,valid,Yucheng-wheat-2004-综合观测场,calibration,Yucheng-2004,2004.0,科禹13系,normalized_exact,,obs_001686,valid,False,7.0,211.0,211.0,calibrated,,,,growth_sampling,,growth_sampling,,,,,,inner_training
1687.0,Yucheng,wheat,综合观测场,biomass,11852.0,kg/ha,2004-05-22,2004-05-22,exact_date,灌浆期,科禹13系,data/tables/extracted/nesdc/yucheng/60e27c877e28173cf0d94a50/实体数据及关联说明文档_DP2011_YCA_SWSJ_SHENGYUSHENGZHDT/实体数据/7-禹城站冬小麦-玉米叶面积与生物量动态/综合观测场冬小麦叶面积与生物量动态__a97bdec5.csv,24,valid,Yucheng-wheat-2004-综合观测场,calibration,Yucheng-2004,2004.0,科禹13系,normalized_exact,,obs_001687,valid,False,7.0,211.0,211.0,calibrated,,,,growth_sampling,,growth_sampling,,,,,,inner_training
1688.0,Yucheng,wheat,综合观测场,lai,2.5,m2/m2,2004-05-27,2004-05-27,exact_date,灌浆期,科禹13系,data/tables/extracted/nesdc/yucheng/60e27c877e28173cf0d94a50/实体数据及关联说明文档_DP2011_YCA_SWSJ_SHENGYUSHENGZHDT/实体数据/7-禹城站冬小麦-玉米叶面积与生物量动态/综合观测场冬小麦叶面积与生物量动态__a97bdec5.csv,25,valid,Yucheng-wheat-2004-综合观测场,calibration,Yucheng-2004,2004.0,科禹13系,normalized_exact,,obs_001688,valid,False,7.0,216.0,216.0,calibrated,,,,growth_sampling,,growth_sampling,,,,,,inner_training
1689.0,Yucheng,wheat,综合观测场,biomass,13198.0,kg/ha,2004-05-27,2004-05-27,exact_date,灌浆期,科禹13系,data/tables/extracted/nesdc/yucheng/60e27c877e28173cf0d94a50/实体数据及关联说明文档_DP2011_YCA_SWSJ_SHENGYUSHENGZHDT/实体数据/7-禹城站冬小麦-玉米叶面积与生物量动态/综合观测场冬小麦叶面积与生物量动态__a97bdec5.csv,25,valid,Yucheng-wheat-2004-综合观测场,calibration,Yucheng-2004,2004.0,科禹13系,normalized_exact,,obs_001689,valid,False,7.0,216.0,216.0,calibrated,,,,growth_sampling,,growth_sampling,,,,,,inner_training
1690.0,Yucheng,wheat,综合观测场,lai,2.0,m2/m2,2004-06-02,2004-06-02,exact_date,蜡熟期,科禹13系,data/tables/extracted/nesdc/yucheng/60e27c877e28173cf0d94a50/实体数据及关联说明文档_DP2011_YCA_SWSJ_SHENGYUSHENGZHDT/实体数据/7-禹城站冬小麦-玉米叶面积与生物量动态/综合观测场冬小麦叶面积与生物量动态__a97bdec5.csv,26,valid,Yucheng-wheat-2004-综合观测场,calibration,Yucheng-2004,2004.0,科禹13系,normalized_exact,,obs_001690,valid,False,7.0,222.0,222.0,calibrated,,,,growth_sampling,,growth_sampling,,,,,,inner_training
1691.0,Yucheng,wheat,综合观测场,biomass,15437.0,kg/ha,2004-06-02,2004-06-02,exact_date,蜡熟期,科禹13系,data/tables/extracted/nesdc/yucheng/60e27c877e28173cf0d94a50/实体数据及关联说明文档_DP2011_YCA_SWSJ_SHENGYUSHENGZHDT/实体数据/7-禹城站冬小麦-玉米叶面积与生物量动态/综合观测场冬小麦叶面积与生物量动态__a97bdec5.csv,26,valid,Yucheng-wheat-2004-综合观测场,calibration,Yucheng-2004,2004.0,科禹13系,normalized_exact,,obs_001691,valid,False,7.0,222.0,222.0,calibrated,,,,growth_sampling,,growth_sampling,,,,,,inner_training
1693.0,Yucheng,wheat,综合观测场,biomass,986.0,kg/ha,2004-12-29,2004-12-29,exact_date,越冬期,13系,data/tables/extracted/nesdc/yucheng/60e27c877e28173cf0d94a50/实体数据及关联说明文档_DP2011_YCA_SWSJ_SHENGYUSHENGZHDT/实体数据/7-禹城站冬小麦-玉米叶面积与生物量动态/综合观测场冬小麦叶面积与生物量动态__a97bdec5.csv,27,valid,Yucheng-wheat-2005-YCAZH01ABC_01,calibration,Yucheng-2005,2005.0,13系,normalized_exact,,obs_001693,valid,False,7.0,80.0,80.0,calibrated,,,,growth_sampling,,growth_sampling,,,,,,inner_training
1695.0,Yucheng,wheat,综合观测场,biomass,909.0,kg/ha,2005-01-25,2005-01-25,exact_date,越冬期,13系,data/tables/extracted/nesdc/yucheng/60e27c877e28173cf0d94a50/实体数据及关联说明文档_DP2011_YCA_SWSJ_SHENGYUSHENGZHDT/实体数据/7-禹城站冬小麦-玉米叶面积与生物量动态/综合观测场冬小麦叶面积与生物量动态__a97bdec5.csv,28,valid,Yucheng-wheat-2005-YCAZH01ABC_01,calibration,Yucheng-2005,2005.0,13系,normalized_exact,,obs_001695,valid,False,7.0,107.0,107.0,calibrated,,,,growth_sampling,,growth_sampling,,,,,,inner_training
1697.0,Yucheng,wheat,综合观测场,biomass,952.0,kg/ha,2005-02-28,2005-02-28,exact_date,越冬期,13系,data/tables/extracted/nesdc/yucheng/60e27c877e28173cf0d94a50/实体数据及关联说明文档_DP2011_YCA_SWSJ_SHENGYUSHENGZHDT/实体数据/7-禹城站冬小麦-玉米叶面积与生物量动态/综合观测场冬小麦叶面积与生物量动态__a97bdec5.csv,29,valid,Yucheng-wheat-2005-YCAZH01ABC_01,calibration,Yucheng-2005,2005.0,13系,normalized_exact,,obs_001697,valid,False,7.0,141.0,141.0,calibrated,,,,growth_sampling,,growth_sampling,,,,,,inner_training
1699.0,Yucheng,wheat,综合观测场,biomass,1071.0,kg/ha,2005-03-20,2005-03-20,exact_date,返青期,13系,data/tables/extracted/nesdc/yucheng/60e27c877e28173cf0d94a50/实体数据及关联说明文档_DP2011_YCA_SWSJ_SHENGYUSHENGZHDT/实体数据/7-禹城站冬小麦-玉米叶面积与生物量动态/综合观测场冬小麦叶面积与生物量动态__a97bdec5.csv,30,valid,Yucheng-wheat-2005-YCAZH01ABC_01,calibration,Yucheng-2005,2005.0,13系,normalized_exact,,obs_001699,valid,False,7.0,161.0,161.0,calibrated,,,,growth_sampling,,growth_sampling,,,,,,inner_training
1701.0,Yucheng,wheat,综合观测场,biomass,1431.0,kg/ha,2005-03-25,2005-03-25,exact_date,起身期,13系,data/tables/extracted/nesdc/yucheng/60e27c877e28173cf0d94a50/实体数据及关联说明文档_DP2011_YCA_SWSJ_SHENGYUSHENGZHDT/实体数据/7-禹城站冬小麦-玉米叶面积与生物量动态/综合观测场冬小麦叶面积与生物量动态__a97bdec5.csv,31,valid,Yucheng-wheat-2005-YCAZH01ABC_01,calibration,Yucheng-2005,2005.0,13系,normalized_exact,,obs_001701,valid,False,7.0,166.0,166.0,calibrated,,,,growth_sampling,,growth_sampling,,,,,,inner_training
1703.0,Yucheng,wheat,综合观测场,biomass,2169.0,kg/ha,2005-03-30,2005-03-30,exact_date,起身期,13系,data/tables/extracted/nesdc/yucheng/60e27c877e28173cf0d94a50/实体数据及关联说明文档_DP2011_YCA_SWSJ_SHENGYUSHENGZHDT/实体数据/7-禹城站冬小麦-玉米叶面积与生物量动态/综合观测场冬小麦叶面积与生物量动态__a97bdec5.csv,32,valid,Yucheng-wheat-2005-YCAZH01ABC_01,calibration,Yucheng-2005,2005.0,13系,normalized_exact,,obs_001703,valid,False,7.0,171.0,171.0,calibrated,,,,growth_sampling,,growth_sampling,,,,,,inner_training
1705.0,Yucheng,wheat,综合观测场,biomass,3409.0,kg/ha,2005-04-10,2005-04-10,exact_date,拔节期,13系,data/tables/extracted/nesdc/yucheng/60e27c877e28173cf0d94a50/实体数据及关联说明文档_DP2011_YCA_SWSJ_SHENGYUSHENGZHDT/实体数据/7-禹城站冬小麦-玉米叶面积与生物量动态/综合观测场冬小麦叶面积与生物量动态__a97bdec5.csv,33,valid,Yucheng-wheat-2005-YCAZH01ABC_01,calibration,Yucheng-2005,2005.0,13系,normalized_exact,,obs_001705,valid,False,7.0,182.0,182.0,calibrated,,,,growth_sampling,,growth_sampling,,,,,,inner_training
1707.0,Yucheng,wheat,综合观测场,biomass,28719.0,kg/ha,2005-04-20,2005-04-20,exact_date,孕穗期,13系,data/tables/extracted/nesdc/yucheng/60e27c877e28173cf0d94a50/实体数据及关联说明文档_DP2011_YCA_SWSJ_SHENGYUSHENGZHDT/实体数据/7-禹城站冬小麦-玉米叶面积与生物量动态/综合观测场冬小麦叶面积与生物量动态__a97bdec5.csv,34,valid,Yucheng-wheat-2005-YCAZH01ABC_01,calibration,Yucheng-2005,2005.0,13系,normalized_exact,,obs_001707,valid,False,7.0,192.0,192.0,calibrated,,,,growth_sampling,,growth_sampling,,,,,,inner_training
1709.0,Yucheng,wheat,综合观测场,biomass,7048.0,kg/ha,2005-04-30,2005-04-30,exact_date,抽穗期,13系,data/tables/extracted/nesdc/yucheng/60e27c877e28173cf0d94a50/实体数据及关联说明文档_DP2011_YCA_SWSJ_SHENGYUSHENGZHDT/实体数据/7-禹城站冬小麦-玉米叶面积与生物量动态/综合观测场冬小麦叶面积与生物量动态__a97bdec5.csv,35,valid,Yucheng-wheat-2005-YCAZH01ABC_01,calibration,Yucheng-2005,2005.0,13系,normalized_exact,,obs_001709,valid,False,7.0,202.0,202.0,calibrated,,,,growth_sampling,,growth_sampling,,,,,,inner_training
1711.0,Yucheng,wheat,综合观测场,biomass,9339.0,kg/ha,2005-05-10,2005-05-10,exact_date,灌浆期,13系,data/tables/extracted/nesdc/yucheng/60e27c877e28173cf0d94a50/实体数据及关联说明文档_DP2011_YCA_SWSJ_SHENGYUSHENGZHDT/实体数据/7-禹城站冬小麦-玉米叶面积与生物量动态/综合观测场冬小麦叶面积与生物量动态__a97bdec5.csv,36,valid,Yucheng-wheat-2005-YCAZH01ABC_01,calibration,Yucheng-2005,2005.0,13系,normalized_exact,,obs_001711,valid,False,7.0,212.0,212.0,calibrated,,,,growth_sampling,,growth_sampling,,,,,,inner_training
1713.0,Yucheng,wheat,综合观测场,biomass,8572.0,kg/ha,2005-05-20,2005-05-20,exact_date,灌浆期,13系,data/tables/extracted/nesdc/yucheng/60e27c877e28173cf0d94a50/实体数据及关联说明文档_DP2011_YCA_SWSJ_SHENGYUSHENGZHDT/实体数据/7-禹城站冬小麦-玉米叶面积与生物量动态/综合观测场冬小麦叶面积与生物量动态__a97bdec5.csv,37,valid,Yucheng-wheat-2005-YCAZH01ABC_01,calibration,Yucheng-2005,2005.0,13系,normalized_exact,,obs_001713,valid,False,7.0,222.0,222.0,calibrated,,,,growth_sampling,,growth_sampling,,,,,,inner_training
1715.0,Yucheng,wheat,综合观测场,biomass,13554.0,kg/ha,2005-05-30,2005-05-30,exact_date,乳熟期,13系,data/tables/extracted/nesdc/yucheng/60e27c877e28173cf0d94a50/实体数据及关联说明文档_DP2011_YCA_SWSJ_SHENGYUSHENGZHDT/实体数据/7-禹城站冬小麦-玉米叶面积与生物量动态/综合观测场冬小麦叶面积与生物量动态__a97bdec5.csv,38,valid,Yucheng-wheat-2005-YCAZH01ABC_01,calibration,Yucheng-2005,2005.0,13系,normalized_exact,,obs_001715,valid,False,7.0,232.0,232.0,calibrated,,,,growth_sampling,,growth_sampling,,,,,,inner_training
1717.0,Yucheng,wheat,综合观测场,biomass,9771.0,kg/ha,2005-06-05,2005-06-05,exact_date,蜡熟期,13系,data/tables/extracted/nesdc/yucheng/60e27c877e28173cf0d94a50/实体数据及关联说明文档_DP2011_YCA_SWSJ_SHENGYUSHENGZHDT/实体数据/7-禹城站冬小麦-玉米叶面积与生物量动态/综合观测场冬小麦叶面积与生物量动态__a97bdec5.csv,39,valid,Yucheng-wheat-2005-YCAZH01ABC_01,calibration,Yucheng-2005,2005.0,13系,normalized_exact,,obs_001717,valid,False,7.0,238.0,238.0,calibrated,,,,growth_sampling,,growth_sampling,,,,,,inner_training
1792.0,Yucheng,wheat,综合观测场,lai,0.5981524695910913,m2/m2,2004-12-29,2004-12-29,exact_date,越冬期,13系,data/tables/raw/nesdc/yucheng/67dd23167e2817117c3b9ef5/禹城站2005-2022年生物要素观测数据集叶面积指数观测数据/YCAZH01冬小麦__a4e1eafc.csv,2,valid,Yucheng-wheat-2005-YCAZH01ABC_01,calibration,Yucheng-2005,2005.0,13系,normalized_exact,,obs_001792,valid,False,7.0,80.0,80.0,calibrated,,,,growth_sampling,,growth_sampling,,,,,,inner_training
1793.0,Yucheng,wheat,综合观测场,lai,0.4974490866399075,m2/m2,2005-01-25,2005-01-25,exact_date,越冬期,13系,data/tables/raw/nesdc/yucheng/67dd23167e2817117c3b9ef5/禹城站2005-2022年生物要素观测数据集叶面积指数观测数据/YCAZH01冬小麦__a4e1eafc.csv,3,valid,Yucheng-wheat-2005-YCAZH01ABC_01,calibration,Yucheng-2005,2005.0,13系,normalized_exact,,obs_001793,valid,False,7.0,107.0,107.0,calibrated,,,,growth_sampling,,growth_sampling,,,,,,inner_training
1794.0,Yucheng,wheat,综合观测场,lai,0.473037855607843,m2/m2,2005-02-28,2005-02-28,exact_date,越冬期,13系,data/tables/raw/nesdc/yucheng/67dd23167e2817117c3b9ef5/禹城站2005-2022年生物要素观测数据集叶面积指数观测数据/YCAZH01冬小麦__a4e1eafc.csv,4,valid,Yucheng-wheat-2005-YCAZH01ABC_01,calibration,Yucheng-2005,2005.0,13系,normalized_exact,,obs_001794,valid,False,7.0,141.0,141.0,calibrated,,,,growth_sampling,,growth_sampling,,,,,,inner_training
1795.0,Yucheng,wheat,综合观测场,lai,0.835,m2/m2,2005-03-20,2005-03-20,exact_date,返青期,13系,data/tables/raw/nesdc/yucheng/67dd23167e2817117c3b9ef5/禹城站2005-2022年生物要素观测数据集叶面积指数观测数据/YCAZH01冬小麦__a4e1eafc.csv,5,valid,Yucheng-wheat-2005-YCAZH01ABC_01,calibration,Yucheng-2005,2005.0,13系,normalized_exact,,obs_001795,valid,False,7.0,161.0,161.0,calibrated,,,,growth_sampling,,growth_sampling,,,,,,inner_training
1796.0,Yucheng,wheat,综合观测场,lai,1.3583333333333334,m2/m2,2005-03-25,2005-03-25,exact_date,起身期,13系,data/tables/raw/nesdc/yucheng/67dd23167e2817117c3b9ef5/禹城站2005-2022年生物要素观测数据集叶面积指数观测数据/YCAZH01冬小麦__a4e1eafc.csv,6,valid,Yucheng-wheat-2005-YCAZH01ABC_01,calibration,Yucheng-2005,2005.0,13系,normalized_exact,,obs_001796,valid,False,7.0,166.0,166.0,calibrated,,,,growth_sampling,,growth_sampling,,,,,,inner_training
1797.0,Yucheng,wheat,综合观测场,lai,1.6662010462885626,m2/m2,2005-03-30,2005-03-30,exact_date,起身期,13系,data/tables/raw/nesdc/yucheng/67dd23167e2817117c3b9ef5/禹城站2005-2022年生物要素观测数据集叶面积指数观测数据/YCAZH01冬小麦__a4e1eafc.csv,7,valid,Yucheng-wheat-2005-YCAZH01ABC_01,calibration,Yucheng-2005,2005.0,13系,normalized_exact,,obs_001797,valid,False,7.0,171.0,171.0,calibrated,,,,growth_sampling,,growth_sampling,,,,,,inner_training
1798.0,Yucheng,wheat,综合观测场,lai,3.776666666666666,m2/m2,2005-04-10,2005-04-10,exact_date,拔节期,13系,data/tables/raw/nesdc/yucheng/67dd23167e2817117c3b9ef5/禹城站2005-2022年生物要素观测数据集叶面积指数观测数据/YCAZH01冬小麦__a4e1eafc.csv,8,valid,Yucheng-wheat-2005-YCAZH01ABC_01,calibration,Yucheng-2005,2005.0,13系,normalized_exact,,obs_001798,valid,False,7.0,182.0,182.0,calibrated,,,,growth_sampling,,growth_sampling,,,,,,inner_training
1799.0,Yucheng,wheat,综合观测场,lai,5.38,m2/m2,2005-04-20,2005-04-20,exact_date,孕穗期,13系,data/tables/raw/nesdc/yucheng/67dd23167e2817117c3b9ef5/禹城站2005-2022年生物要素观测数据集叶面积指数观测数据/YCAZH01冬小麦__a4e1eafc.csv,9,valid,Yucheng-wheat-2005-YCAZH01ABC_01,calibration,Yucheng-2005,2005.0,13系,normalized_exact,,obs_001799,valid,False,7.0,192.0,192.0,calibrated,,,,growth_sampling,,growth_sampling,,,,,,inner_training
1800.0,Yucheng,wheat,综合观测场,lai,5.081666666666666,m2/m2,2005-04-30,2005-04-30,exact_date,抽穗期,13系,data/tables/raw/nesdc/yucheng/67dd23167e2817117c3b9ef5/禹城站2005-2022年生物要素观测数据集叶面积指数观测数据/YCAZH01冬小麦__a4e1eafc.csv,10,valid,Yucheng-wheat-2005-YCAZH01ABC_01,calibration,Yucheng-2005,2005.0,13系,normalized_exact,,obs_001800,valid,False,7.0,202.0,202.0,calibrated,,,,growth_sampling,,growth_sampling,,,,,,inner_training
1801.0,Yucheng,wheat,综合观测场,lai,4.725,m2/m2,2005-05-10,2005-05-10,exact_date,灌浆期,13系,data/tables/raw/nesdc/yucheng/67dd23167e2817117c3b9ef5/禹城站2005-2022年生物要素观测数据集叶面积指数观测数据/YCAZH01冬小麦__a4e1eafc.csv,11,valid,Yucheng-wheat-2005-YCAZH01ABC_01,calibration,Yucheng-2005,2005.0,13系,normalized_exact,,obs_001801,valid,False,7.0,212.0,212.0,calibrated,,,,growth_sampling,,growth_sampling,,,,,,inner_training
1802.0,Yucheng,wheat,综合观测场,lai,4.1466666666666665,m2/m2,2005-05-20,2005-05-20,exact_date,灌浆期,13系,data/tables/raw/nesdc/yucheng/67dd23167e2817117c3b9ef5/禹城站2005-2022年生物要素观测数据集叶面积指数观测数据/YCAZH01冬小麦__a4e1eafc.csv,12,valid,Yucheng-wheat-2005-YCAZH01ABC_01,calibration,Yucheng-2005,2005.0,13系,normalized_exact,,obs_001802,valid,False,7.0,222.0,222.0,calibrated,,,,growth_sampling,,growth_sampling,,,,,,inner_training
1803.0,Yucheng,wheat,综合观测场,lai,2.5633219929467264,m2/m2,2005-05-30,2005-05-30,exact_date,乳熟期,13系,data/tables/raw/nesdc/yucheng/67dd23167e2817117c3b9ef5/禹城站2005-2022年生物要素观测数据集叶面积指数观测数据/YCAZH01冬小麦__a4e1eafc.csv,13,valid,Yucheng-wheat-2005-YCAZH01ABC_01,calibration,Yucheng-2005,2005.0,13系,normalized_exact,,obs_001803,valid,False,7.0,232.0,232.0,calibrated,,,,growth_sampling,,growth_sampling,,,,,,inner_training
1719.0,Yucheng,wheat,综合观测场,biomass,191.0,kg/ha,2006-01-20,2006-01-20,exact_date,越冬期,潍麦8号,data/tables/extracted/nesdc/yucheng/60e27c877e28173cf0d94a50/实体数据及关联说明文档_DP2011_YCA_SWSJ_SHENGYUSHENGZHDT/实体数据/7-禹城站冬小麦-玉米叶面积与生物量动态/综合观测场冬小麦叶面积与生物量动态__a97bdec5.csv,40,valid,Yucheng-wheat-2006-YCAZH01ABC_01,calibration,Yucheng-2006,2006.0,潍麦8号,normalized_exact,,obs_001719,valid,False,7.0,83.0,83.0,calibrated,,,,growth_sampling,,growth_sampling,,,,,,inner_training
1721.0,Yucheng,wheat,综合观测场,biomass,510.0,kg/ha,2006-03-23,2006-03-23,exact_date,返青期,潍麦8号,data/tables/extracted/nesdc/yucheng/60e27c877e28173cf0d94a50/实体数据及关联说明文档_DP2011_YCA_SWSJ_SHENGYUSHENGZHDT/实体数据/7-禹城站冬小麦-玉米叶面积与生物量动态/综合观测场冬小麦叶面积与生物量动态__a97bdec5.csv,41,valid,Yucheng-wheat-2006-YCAZH01ABC_01,calibration,Yucheng-2006,2006.0,潍麦8号,normalized_exact,,obs_001721,valid,False,7.0,145.0,145.0,calibrated,,,,growth_sampling,,growth_sampling,,,,,,inner_training
1723.0,Yucheng,wheat,综合观测场,biomass,3041.0,kg/ha,2006-04-14,2006-04-14,exact_date,拔节期,潍麦8号,data/tables/extracted/nesdc/yucheng/60e27c877e28173cf0d94a50/实体数据及关联说明文档_DP2011_YCA_SWSJ_SHENGYUSHENGZHDT/实体数据/7-禹城站冬小麦-玉米叶面积与生物量动态/综合观测场冬小麦叶面积与生物量动态__a97bdec5.csv,42,valid,Yucheng-wheat-2006-YCAZH01ABC_01,calibration,Yucheng-2006,2006.0,潍麦8号,normalized_exact,,obs_001723,valid,False,7.0,167.0,167.0,calibrated,,,,growth_sampling,,growth_sampling,,,,,,inner_training
1725.0,Yucheng,wheat,综合观测场,biomass,5252.0,kg/ha,2006-04-23,2006-04-23,exact_date,拔节期,潍麦8号,data/tables/extracted/nesdc/yucheng/60e27c877e28173cf0d94a50/实体数据及关联说明文档_DP2011_YCA_SWSJ_SHENGYUSHENGZHDT/实体数据/7-禹城站冬小麦-玉米叶面积与生物量动态/综合观测场冬小麦叶面积与生物量动态__a97bdec5.csv,43,valid,Yucheng-wheat-2006-YCAZH01ABC_01,calibration,Yucheng-2006,2006.0,潍麦8号,normalized_exact,,obs_001725,valid,False,7.0,176.0,176.0,calibrated,,,,growth_sampling,,growth_sampling,,,,,,inner_training
1727.0,Yucheng,wheat,综合观测场,biomass,12244.0,kg/ha,2006-05-08,2006-05-08,exact_date,抽穗期,潍麦8号,data/tables/extracted/nesdc/yucheng/60e27c877e28173cf0d94a50/实体数据及关联说明文档_DP2011_YCA_SWSJ_SHENGYUSHENGZHDT/实体数据/7-禹城站冬小麦-玉米叶面积与生物量动态/综合观测场冬小麦叶面积与生物量动态__a97bdec5.csv,44,valid,Yucheng-wheat-2006-YCAZH01ABC_01,calibration,Yucheng-2006,2006.0,潍麦8号,normalized_exact,,obs_001727,valid,False,7.0,191.0,191.0,calibrated,,,,growth_sampling,,growth_sampling,,,,,,inner_training
1729.0,Yucheng,wheat,综合观测场,biomass,18463.0,kg/ha,2006-05-25,2006-05-25,exact_date,乳熟期,潍麦8号,data/tables/extracted/nesdc/yucheng/60e27c877e28173cf0d94a50/实体数据及关联说明文档_DP2011_YCA_SWSJ_SHENGYUSHENGZHDT/实体数据/7-禹城站冬小麦-玉米叶面积与生物量动态/综合观测场冬小麦叶面积与生物量动态__a97bdec5.csv,45,valid,Yucheng-wheat-2006-YCAZH01ABC_01,calibration,Yucheng-2006,2006.0,潍麦8号,normalized_exact,,obs_001729,valid,False,7.0,208.0,208.0,calibrated,,,,growth_sampling,,growth_sampling,,,,,,inner_training
1731.0,Yucheng,wheat,综合观测场,biomass,20978.0,kg/ha,2006-06-07,2006-06-07,exact_date,蜡熟期,潍麦8号,data/tables/extracted/nesdc/yucheng/60e27c877e28173cf0d94a50/实体数据及关联说明文档_DP2011_YCA_SWSJ_SHENGYUSHENGZHDT/实体数据/7-禹城站冬小麦-玉米叶面积与生物量动态/综合观测场冬小麦叶面积与生物量动态__a97bdec5.csv,46,valid,Yucheng-wheat-2006-YCAZH01ABC_01,calibration,Yucheng-2006,2006.0,潍麦8号,normalized_exact,,obs_001731,valid,False,7.0,221.0,221.0,calibrated,,,,growth_sampling,,growth_sampling,,,,,,inner_training
1733.0,Yucheng,wheat,综合观测场,biomass,17919.0,kg/ha,2006-06-11,2006-06-11,exact_date,收获期,潍麦8号,data/tables/extracted/nesdc/yucheng/60e27c877e28173cf0d94a50/实体数据及关联说明文档_DP2011_YCA_SWSJ_SHENGYUSHENGZHDT/实体数据/7-禹城站冬小麦-玉米叶面积与生物量动态/综合观测场冬小麦叶面积与生物量动态__a97bdec5.csv,47,valid,Yucheng-wheat-2006-YCAZH01ABC_01,calibration,Yucheng-2006,2006.0,潍麦8号,normalized_exact,,obs_001733,valid,False,7.0,225.0,225.0,calibrated,,,,growth_sampling,,growth_sampling,,,,,,inner_training
1804.0,Yucheng,wheat,综合观测场,lai,0.0405441057692307,m2/m2,2006-01-20,2006-01-20,exact_date,越冬期,潍麦8号,data/tables/raw/nesdc/yucheng/67dd23167e2817117c3b9ef5/禹城站2005-2022年生物要素观测数据集叶面积指数观测数据/YCAZH01冬小麦__a4e1eafc.csv,14,valid,Yucheng-wheat-2006-YCAZH01ABC_01,calibration,Yucheng-2006,2006.0,潍麦8号,normalized_exact,,obs_001804,valid,False,7.0,83.0,83.0,calibrated,,,,growth_sampling,,growth_sampling,,,,,,inner_training
1805.0,Yucheng,wheat,综合观测场,lai,0.3827489823345555,m2/m2,2006-03-23,2006-03-23,exact_date,返青期,潍麦8号,data/tables/raw/nesdc/yucheng/67dd23167e2817117c3b9ef5/禹城站2005-2022年生物要素观测数据集叶面积指数观测数据/YCAZH01冬小麦__a4e1eafc.csv,15,valid,Yucheng-wheat-2006-YCAZH01ABC_01,calibration,Yucheng-2006,2006.0,潍麦8号,normalized_exact,,obs_001805,valid,False,7.0,145.0,145.0,calibrated,,,,growth_sampling,,growth_sampling,,,,,,inner_training
1806.0,Yucheng,wheat,综合观测场,lai,2.203915885284254,m2/m2,2006-04-14,2006-04-14,exact_date,拔节期,潍麦8号,data/tables/raw/nesdc/yucheng/67dd23167e2817117c3b9ef5/禹城站2005-2022年生物要素观测数据集叶面积指数观测数据/YCAZH01冬小麦__a4e1eafc.csv,16,valid,Yucheng-wheat-2006-YCAZH01ABC_01,calibration,Yucheng-2006,2006.0,潍麦8号,normalized_exact,,obs_001806,valid,False,7.0,167.0,167.0,calibrated,,,,growth_sampling,,growth_sampling,,,,,,inner_training
1807.0,Yucheng,wheat,综合观测场,lai,3.6457402572607087,m2/m2,2006-04-23,2006-04-23,exact_date,拔节期,潍麦8号,data/tables/raw/nesdc/yucheng/67dd23167e2817117c3b9ef5/禹城站2005-2022年生物要素观测数据集叶面积指数观测数据/YCAZH01冬小麦__a4e1eafc.csv,17,valid,Yucheng-wheat-2006-YCAZH01ABC_01,calibration,Yucheng-2006,2006.0,潍麦8号,normalized_exact,,obs_001807,valid,False,7.0,176.0,176.0,calibrated,,,,growth_sampling,,growth_sampling,,,,,,inner_training
1808.0,Yucheng,wheat,综合观测场,lai,5.023758332498291,m2/m2,2006-05-08,2006-05-08,exact_date,抽穗期,潍麦8号,data/tables/raw/nesdc/yucheng/67dd23167e2817117c3b9ef5/禹城站2005-2022年生物要素观测数据集叶面积指数观测数据/YCAZH01冬小麦__a4e1eafc.csv,18,valid,Yucheng-wheat-2006-YCAZH01ABC_01,calibration,Yucheng-2006,2006.0,潍麦8号,normalized_exact,,obs_001808,valid,False,7.0,191.0,191.0,calibrated,,,,growth_sampling,,growth_sampling,,,,,,inner_training
1809.0,Yucheng,wheat,综合观测场,lai,2.498465075345266,m2/m2,2006-05-25,2006-05-25,exact_date,乳熟期,潍麦8号,data/tables/raw/nesdc/yucheng/67dd23167e2817117c3b9ef5/禹城站2005-2022年生物要素观测数据集叶面积指数观测数据/YCAZH01冬小麦__a4e1eafc.csv,19,valid,Yucheng-wheat-2006-YCAZH01ABC_01,calibration,Yucheng-2006,2006.0,潍麦8号,normalized_exact,,obs_001809,valid,False,7.0,208.0,208.0,calibrated,,,,growth_sampling,,growth_sampling,,,,,,inner_training
1810.0,Yucheng,wheat,综合观测场,lai,0.7646782884001786,m2/m2,2006-06-07,2006-06-07,exact_date,蜡熟期 ,潍麦8号,data/tables/raw/nesdc/yucheng/67dd23167e2817117c3b9ef5/禹城站2005-2022年生物要素观测数据集叶面积指数观测数据/YCAZH01冬小麦__a4e1eafc.csv,20,valid,Yucheng-wheat-2006-YCAZH01ABC_01,calibration,Yucheng-2006,2006.0,潍麦8号,normalized_exact,,obs_001810,valid,False,7.0,221.0,221.0,calibrated,,,,growth_sampling,,growth_sampling,,,,,,inner_training
1811.0,Yucheng,wheat,综合观测场,lai,0.0366666666666666,m2/m2,2006-11-02,2006-11-02,exact_date,越冬前期,泰安9118,data/tables/raw/nesdc/yucheng/67dd23167e2817117c3b9ef5/禹城站2005-2022年生物要素观测数据集叶面积指数观测数据/YCAZH01冬小麦__a4e1eafc.csv,21,valid,Yucheng-wheat-2007-YCAZH01ABC_01,calibration,Yucheng-2007,2007.0,泰安9118,normalized_exact,,obs_001811,valid,False,7.0,27.0,27.0,calibrated,,,,growth_sampling,,growth_sampling,,,,,,inner_training
1812.0,Yucheng,wheat,综合观测场,lai,1.518333333333333,m2/m2,2007-03-13,2007-03-13,exact_date,返青期,泰安9118,data/tables/raw/nesdc/yucheng/67dd23167e2817117c3b9ef5/禹城站2005-2022年生物要素观测数据集叶面积指数观测数据/YCAZH01冬小麦__a4e1eafc.csv,22,valid,Yucheng-wheat-2007-YCAZH01ABC_01,calibration,Yucheng-2007,2007.0,泰安9118,normalized_exact,,obs_001812,valid,False,7.0,158.0,158.0,calibrated,,,,growth_sampling,,growth_sampling,,,,,,inner_training
1813.0,Yucheng,wheat,综合观测场,lai,4.126666666666667,m2/m2,2007-04-05,2007-04-05,exact_date,拔节期,泰安9118,data/tables/raw/nesdc/yucheng/67dd23167e2817117c3b9ef5/禹城站2005-2022年生物要素观测数据集叶面积指数观测数据/YCAZH01冬小麦__a4e1eafc.csv,23,valid,Yucheng-wheat-2007-YCAZH01ABC_01,calibration,Yucheng-2007,2007.0,泰安9118,normalized_exact,,obs_001813,valid,False,7.0,181.0,181.0,calibrated,,,,growth_sampling,,growth_sampling,,,,,,inner_training
1814.0,Yucheng,wheat,综合观测场,lai,4.7,m2/m2,2007-04-30,2007-04-30,exact_date,抽穗期,泰安9118,data/tables/raw/nesdc/yucheng/67dd23167e2817117c3b9ef5/禹城站2005-2022年生物要素观测数据集叶面积指数观测数据/YCAZH01冬小麦__a4e1eafc.csv,24,valid,Yucheng-wheat-2007-YCAZH01ABC_01,calibration,Yucheng-2007,2007.0,泰安9118,normalized_exact,,obs_001814,valid,False,7.0,206.0,206.0,calibrated,,,,growth_sampling,,growth_sampling,,,,,,inner_training
1815.0,Yucheng,wheat,综合观测场,lai,2.6300000000000003,m2/m2,2007-05-23,2007-05-23,exact_date,灌浆后期,泰安9118,data/tables/raw/nesdc/yucheng/67dd23167e2817117c3b9ef5/禹城站2005-2022年生物要素观测数据集叶面积指数观测数据/YCAZH01冬小麦__a4e1eafc.csv,25,valid,Yucheng-wheat-2007-YCAZH01ABC_01,calibration,Yucheng-2007,2007.0,泰安9118,normalized_exact,,obs_001815,valid,False,7.0,229.0,229.0,calibrated,,,,growth_sampling,,growth_sampling,,,,,,inner_training
1816.0,Yucheng,wheat,综合观测场,lai,0.0616666666666666,m2/m2,2007-11-26,2007-11-26,exact_date,越冬前期,科农199,data/tables/raw/nesdc/yucheng/67dd23167e2817117c3b9ef5/禹城站2005-2022年生物要素观测数据集叶面积指数观测数据/YCAZH01冬小麦__a4e1eafc.csv,26,valid,Yucheng-wheat-2008-YCAZH01ABC_01,calibration,Yucheng-2008,2008.0,科农199,normalized_exact,,obs_001816,valid,False,7.0,32.0,32.0,calibrated,,,,growth_sampling,,growth_sampling,,,,,,inner_training
1817.0,Yucheng,wheat,综合观测场,lai,0.1799999999999999,m2/m2,2008-03-12,2008-03-12,exact_date,返青期,科农199,data/tables/raw/nesdc/yucheng/67dd23167e2817117c3b9ef5/禹城站2005-2022年生物要素观测数据集叶面积指数观测数据/YCAZH01冬小麦__a4e1eafc.csv,27,valid,Yucheng-wheat-2008-YCAZH01ABC_01,calibration,Yucheng-2008,2008.0,科农199,normalized_exact,,obs_001817,valid,False,7.0,139.0,139.0,calibrated,,,,growth_sampling,,growth_sampling,,,,,,inner_training
1818.0,Yucheng,wheat,综合观测场,lai,2.808333333333333,m2/m2,2008-04-15,2008-04-15,exact_date,拔节期,科农199,data/tables/raw/nesdc/yucheng/67dd23167e2817117c3b9ef5/禹城站2005-2022年生物要素观测数据集叶面积指数观测数据/YCAZH01冬小麦__a4e1eafc.csv,28,valid,Yucheng-wheat-2008-YCAZH01ABC_01,calibration,Yucheng-2008,2008.0,科农199,normalized_exact,,obs_001818,valid,False,7.0,173.0,173.0,calibrated,,,,growth_sampling,,growth_sampling,,,,,,inner_training
1819.0,Yucheng,wheat,综合观测场,lai,1.4366666666666668,m2/m2,2008-05-09,2008-05-09,exact_date,抽穗期,科农199,data/tables/raw/nesdc/yucheng/67dd23167e2817117c3b9ef5/禹城站2005-2022年生物要素观测数据集叶面积指数观测数据/YCAZH01冬小麦__a4e1eafc.csv,29,valid,Yucheng-wheat-2008-YCAZH01ABC_01,calibration,Yucheng-2008,2008.0,科农199,normalized_exact,,obs_001819,valid,False,7.0,197.0,197.0,calibrated,,,,growth_sampling,,growth_sampling,,,,,,inner_training
1820.0,Yucheng,wheat,综合观测场,lai,0.1872995268723643,m2/m2,2008-11-16,2008-11-16,exact_date,分蘖期,科农199,data/tables/raw/nesdc/yucheng/67dd23167e2817117c3b9ef5/禹城站2005-2022年生物要素观测数据集叶面积指数观测数据/YCAZH01冬小麦__a4e1eafc.csv,30,valid,Yucheng-wheat-2009-YCAZH01ABC_01,calibration,Yucheng-2009,2009.0,科农199,normalized_exact,,obs_001820,valid,False,7.0,31.0,31.0,calibrated,,,,growth_sampling,,growth_sampling,,,,,,inner_training
1821.0,Yucheng,wheat,综合观测场,lai,0.2096224174741986,m2/m2,2008-11-28,2008-11-28,exact_date,越冬前期,科农199,data/tables/raw/nesdc/yucheng/67dd23167e2817117c3b9ef5/禹城站2005-2022年生物要素观测数据集叶面积指数观测数据/YCAZH01冬小麦__a4e1eafc.csv,31,valid,Yucheng-wheat-2009-YCAZH01ABC_01,calibration,Yucheng-2009,2009.0,科农199,normalized_exact,,obs_001821,valid,False,7.0,43.0,43.0,calibrated,,,,growth_sampling,,growth_sampling,,,,,,inner_training
1822.0,Yucheng,wheat,综合观测场,lai,0.4771554869472961,m2/m2,2009-03-02,2009-03-02,exact_date,返青期,科农199,data/tables/raw/nesdc/yucheng/67dd23167e2817117c3b9ef5/禹城站2005-2022年生物要素观测数据集叶面积指数观测数据/YCAZH01冬小麦__a4e1eafc.csv,32,valid,Yucheng-wheat-2009-YCAZH01ABC_01,calibration,Yucheng-2009,2009.0,科农199,normalized_exact,,obs_001822,valid,False,7.0,137.0,137.0,calibrated,,,,growth_sampling,,growth_sampling,,,,,,inner_training
1823.0,Yucheng,wheat,综合观测场,lai,5.433913425925925,m2/m2,2009-04-08,2009-04-08,exact_date,拔节期,科农199,data/tables/raw/nesdc/yucheng/67dd23167e2817117c3b9ef5/禹城站2005-2022年生物要素观测数据集叶面积指数观测数据/YCAZH01冬小麦__a4e1eafc.csv,33,valid,Yucheng-wheat-2009-YCAZH01ABC_01,calibration,Yucheng-2009,2009.0,科农199,normalized_exact,,obs_001823,valid,False,7.0,174.0,174.0,calibrated,,,,growth_sampling,,growth_sampling,,,,,,inner_training
1824.0,Yucheng,wheat,综合观测场,lai,5.565450136165577,m2/m2,2009-04-30,2009-04-30,exact_date,抽穗期,科农199,data/tables/raw/nesdc/yucheng/67dd23167e2817117c3b9ef5/禹城站2005-2022年生物要素观测数据集叶面积指数观测数据/YCAZH01冬小麦__a4e1eafc.csv,34,valid,Yucheng-wheat-2009-YCAZH01ABC_01,calibration,Yucheng-2009,2009.0,科农199,normalized_exact,,obs_001824,valid,False,7.0,196.0,196.0,calibrated,,,,growth_sampling,,growth_sampling,,,,,,inner_training
1825.0,Yucheng,wheat,综合观测场,lai,0.2961310043067245,m2/m2,2009-11-22,2009-11-22,exact_date,越冬前期,潍麦8号,data/tables/raw/nesdc/yucheng/67dd23167e2817117c3b9ef5/禹城站2005-2022年生物要素观测数据集叶面积指数观测数据/YCAZH01冬小麦__a4e1eafc.csv,35,valid,Yucheng-wheat-2010-YCAZH01ABC_01,calibration,Yucheng-2010,2010.0,潍麦8号,normalized_exact,,obs_001825,valid,False,7.0,36.0,36.0,calibrated,,,,growth_sampling,,growth_sampling,,,,,,inner_holdout
1826.0,Yucheng,wheat,综合观测场,lai,0.3948949652229181,m2/m2,2010-03-06,2010-03-06,exact_date,返青期,潍麦8号,data/tables/raw/nesdc/yucheng/67dd23167e2817117c3b9ef5/禹城站2005-2022年生物要素观测数据集叶面积指数观测数据/YCAZH01冬小麦__a4e1eafc.csv,36,valid,Yucheng-wheat-2010-YCAZH01ABC_01,calibration,Yucheng-2010,2010.0,潍麦8号,normalized_exact,,obs_001826,valid,False,7.0,140.0,140.0,calibrated,,,,growth_sampling,,growth_sampling,,,,,,inner_holdout
1827.0,Yucheng,wheat,综合观测场,lai,4.490931400652269,m2/m2,2010-04-24,2010-04-24,exact_date,拔节期,潍麦8号,data/tables/raw/nesdc/yucheng/67dd23167e2817117c3b9ef5/禹城站2005-2022年生物要素观测数据集叶面积指数观测数据/YCAZH01冬小麦__a4e1eafc.csv,37,valid,Yucheng-wheat-2010-YCAZH01ABC_01,calibration,Yucheng-2010,2010.0,潍麦8号,normalized_exact,,obs_001827,valid,False,7.0,189.0,189.0,calibrated,,,,growth_sampling,,growth_sampling,,,,,,inner_holdout
1828.0,Yucheng,wheat,综合观测场,lai,4.238305798484283,m2/m2,2010-05-14,2010-05-14,exact_date,抽穗期,潍麦8号,data/tables/raw/nesdc/yucheng/67dd23167e2817117c3b9ef5/禹城站2005-2022年生物要素观测数据集叶面积指数观测数据/YCAZH01冬小麦__a4e1eafc.csv,38,valid,Yucheng-wheat-2010-YCAZH01ABC_01,calibration,Yucheng-2010,2010.0,潍麦8号,normalized_exact,,obs_001828,valid,False,7.0,209.0,209.0,calibrated,,,,growth_sampling,,growth_sampling,,,,,,inner_holdout
1829.0,Yucheng,wheat,综合观测场,lai,0.0745645508905392,m2/m2,2010-11-22,2010-11-22,exact_date,分蘖前,莱州95021,data/tables/raw/nesdc/yucheng/67dd23167e2817117c3b9ef5/禹城站2005-2022年生物要素观测数据集叶面积指数观测数据/YCAZH01冬小麦__a4e1eafc.csv,39,valid,Yucheng-wheat-2011-YCAZH01ABC_01,calibration,Yucheng-2011,2011.0,莱州95021,normalized_exact,,obs_001829,valid,False,7.0,38.0,38.0,calibrated,,,,growth_sampling,,growth_sampling,,,,,,inner_holdout
1830.0,Yucheng,wheat,综合观测场,lai,0.4867316181389076,m2/m2,2011-03-21,2011-03-21,exact_date,返青期,莱州95021,data/tables/raw/nesdc/yucheng/67dd23167e2817117c3b9ef5/禹城站2005-2022年生物要素观测数据集叶面积指数观测数据/YCAZH01冬小麦__a4e1eafc.csv,40,valid,Yucheng-wheat-2011-YCAZH01ABC_01,calibration,Yucheng-2011,2011.0,莱州95021,normalized_exact,,obs_001830,valid,False,7.0,157.0,157.0,calibrated,,,,growth_sampling,,growth_sampling,,,,,,inner_holdout
1831.0,Yucheng,wheat,综合观测场,lai,3.346545788371836,m2/m2,2011-04-20,2011-04-20,exact_date,拔节期,莱州95021,data/tables/raw/nesdc/yucheng/67dd23167e2817117c3b9ef5/禹城站2005-2022年生物要素观测数据集叶面积指数观测数据/YCAZH01冬小麦__a4e1eafc.csv,41,valid,Yucheng-wheat-2011-YCAZH01ABC_01,calibration,Yucheng-2011,2011.0,莱州95021,normalized_exact,,obs_001831,valid,False,7.0,187.0,187.0,calibrated,,,,growth_sampling,,growth_sampling,,,,,,inner_holdout
1832.0,Yucheng,wheat,综合观测场,lai,3.353491406742711,m2/m2,2011-05-13,2011-05-13,exact_date,抽穗期,莱州95021,data/tables/raw/nesdc/yucheng/67dd23167e2817117c3b9ef5/禹城站2005-2022年生物要素观测数据集叶面积指数观测数据/YCAZH01冬小麦__a4e1eafc.csv,42,valid,Yucheng-wheat-2011-YCAZH01ABC_01,calibration,Yucheng-2011,2011.0,莱州95021,normalized_exact,,obs_001832,valid,False,7.0,210.0,210.0,calibrated,,,,growth_sampling,,growth_sampling,,,,,,inner_holdout
1833.0,Yucheng,wheat,综合观测场,lai,0.2523966767899868,m2/m2,2011-11-12,2011-11-12,exact_date,三叶期,济麦22,data/tables/raw/nesdc/yucheng/67dd23167e2817117c3b9ef5/禹城站2005-2022年生物要素观测数据集叶面积指数观测数据/YCAZH01冬小麦__a4e1eafc.csv,43,valid,Yucheng-wheat-2012-YCAZH01ABC_01,calibration,Yucheng-2012,2012.0,济麦22,normalized_exact,,obs_001833,valid,False,7.0,25.0,25.0,calibrated,,,,growth_sampling,,growth_sampling,,,,,,inner_holdout
1834.0,Yucheng,wheat,综合观测场,lai,0.0950072244945947,m2/m2,2012-03-09,2012-03-09,exact_date,返青期,济麦22,data/tables/raw/nesdc/yucheng/67dd23167e2817117c3b9ef5/禹城站2005-2022年生物要素观测数据集叶面积指数观测数据/YCAZH01冬小麦__a4e1eafc.csv,44,valid,Yucheng-wheat-2012-YCAZH01ABC_01,calibration,Yucheng-2012,2012.0,济麦22,normalized_exact,,obs_001834,valid,False,7.0,143.0,143.0,calibrated,,,,growth_sampling,,growth_sampling,,,,,,inner_holdout
1835.0,Yucheng,wheat,综合观测场,lai,1.9077977305154272,m2/m2,2012-04-16,2012-04-16,exact_date,拔节期,济麦22,data/tables/raw/nesdc/yucheng/67dd23167e2817117c3b9ef5/禹城站2005-2022年生物要素观测数据集叶面积指数观测数据/YCAZH01冬小麦__a4e1eafc.csv,45,valid,Yucheng-wheat-2012-YCAZH01ABC_01,calibration,Yucheng-2012,2012.0,济麦22,normalized_exact,,obs_001835,valid,False,7.0,181.0,181.0,calibrated,,,,growth_sampling,,growth_sampling,,,,,,inner_holdout
1836.0,Yucheng,wheat,综合观测场,lai,2.717847750545366,m2/m2,2012-05-08,2012-05-08,exact_date,抽穗期,济麦22,data/tables/raw/nesdc/yucheng/67dd23167e2817117c3b9ef5/禹城站2005-2022年生物要素观测数据集叶面积指数观测数据/YCAZH01冬小麦__a4e1eafc.csv,46,valid,Yucheng-wheat-2012-YCAZH01ABC_01,calibration,Yucheng-2012,2012.0,济麦22,normalized_exact,,obs_001836,valid,False,7.0,203.0,203.0,calibrated,,,,growth_sampling,,growth_sampling,,,,,,inner_holdout
1837.0,Yucheng,wheat,综合观测场,lai,0.2341742424366174,m2/m2,2012-11-18,2012-11-18,exact_date,三叶期,济麦22,data/tables/raw/nesdc/yucheng/67dd23167e2817117c3b9ef5/禹城站2005-2022年生物要素观测数据集叶面积指数观测数据/YCAZH01冬小麦__a4e1eafc.csv,47,valid,Yucheng-wheat-2013-YCAZH01ABC_01,calibration,Yucheng-2013,2013.0,济麦22,normalized_exact,,obs_001837,valid,False,7.0,34.0,34.0,calibrated,,,,growth_sampling,,growth_sampling,,,,,,inner_holdout
1838.0,Yucheng,wheat,综合观测场,lai,0.5528419070823031,m2/m2,2012-12-12,2012-12-12,exact_date,越冬期,济麦22,data/tables/raw/nesdc/yucheng/67dd23167e2817117c3b9ef5/禹城站2005-2022年生物要素观测数据集叶面积指数观测数据/YCAZH01冬小麦__a4e1eafc.csv,48,valid,Yucheng-wheat-2013-YCAZH01ABC_01,calibration,Yucheng-2013,2013.0,济麦22,normalized_exact,,obs_001838,valid,False,7.0,58.0,58.0,calibrated,,,,growth_sampling,,growth_sampling,,,,,,inner_holdout
1839.0,Yucheng,wheat,综合观测场,lai,0.6655064018965834,m2/m2,2013-03-08,2013-03-08,exact_date,返青期,济麦22,data/tables/raw/nesdc/yucheng/67dd23167e2817117c3b9ef5/禹城站2005-2022年生物要素观测数据集叶面积指数观测数据/YCAZH01冬小麦__a4e1eafc.csv,49,valid,Yucheng-wheat-2013-YCAZH01ABC_01,calibration,Yucheng-2013,2013.0,济麦22,normalized_exact,,obs_001839,valid,False,7.0,144.0,144.0,calibrated,,,,growth_sampling,,growth_sampling,,,,,,inner_holdout
1840.0,Yucheng,wheat,综合观测场,lai,4.96013203313756,m2/m2,2013-04-18,2013-04-18,exact_date,拔节期,济麦22,data/tables/raw/nesdc/yucheng/67dd23167e2817117c3b9ef5/禹城站2005-2022年生物要素观测数据集叶面积指数观测数据/YCAZH01冬小麦__a4e1eafc.csv,50,valid,Yucheng-wheat-2013-YCAZH01ABC_01,calibration,Yucheng-2013,2013.0,济麦22,normalized_exact,,obs_001840,valid,False,7.0,185.0,185.0,calibrated,,,,growth_sampling,,growth_sampling,,,,,,inner_holdout
1841.0,Yucheng,wheat,综合观测场,lai,4.192292955445549,m2/m2,2013-05-13,2013-05-13,exact_date,抽穗期,济麦22,data/tables/raw/nesdc/yucheng/67dd23167e2817117c3b9ef5/禹城站2005-2022年生物要素观测数据集叶面积指数观测数据/YCAZH01冬小麦__a4e1eafc.csv,51,valid,Yucheng-wheat-2013-YCAZH01ABC_01,calibration,Yucheng-2013,2013.0,济麦22,normalized_exact,,obs_001841,valid,False,7.0,210.0,210.0,calibrated,,,,growth_sampling,,growth_sampling,,,,,,inner_holdout
,Yucheng,wheat,YCAZH01ABC_01,harvest_biomass,16000.0,kg/ha,2005-06-10,2005-06-10,terminal_mass_with_recorded_sampling_lag,,13系,data/tables/raw/nesdc/yucheng/67dd23167e2817117c3b9ef5/禹城站2005-2022年生物要素观测数据集生物量产量观测数据/YCAZH01冬小麦__16e4ef2f.csv,2,valid,Yucheng-wheat-2005-YCAZH01ABC_01,calibration,Yucheng-2005,,,,,harvest_YCAZH01冬小麦__16e4ef2f_0_harvest_biomass,,,,,,,,,,,,documented_harvest_density,1600.0,C,2005-06-10,-5.0,,inner_training
,Yucheng,wheat,YCAZH01ABC_01,yield,5480.75,kg/ha,2005-06-10,2005-06-10,terminal_mass_with_recorded_sampling_lag,,13系,data/tables/raw/nesdc/yucheng/67dd23167e2817117c3b9ef5/禹城站2005-2022年生物要素观测数据集生物量产量观测数据/YCAZH01冬小麦__16e4ef2f.csv,2,valid,Yucheng-wheat-2005-YCAZH01ABC_01,calibration,Yucheng-2005,,,,,harvest_YCAZH01冬小麦__16e4ef2f_0_yield,,,,,,,,,,,,documented_harvest_density,548.075,C,2005-06-10,-5.0,,inner_training
,Yucheng,wheat,YCAZH01ABC_01,harvest_biomass,16000.0,kg/ha,2005-06-10,2005-06-10,terminal_mass_with_recorded_sampling_lag,,13系,data/tables/raw/nesdc/yucheng/67dd23167e2817117c3b9ef5/禹城站2005-2022年生物要素观测数据集生物量产量观测数据/YCAZH01冬小麦__16e4ef2f.csv,3,valid,Yucheng-wheat-2005-YCAZH01ABC_01,calibration,Yucheng-2005,,,,,harvest_YCAZH01冬小麦__16e4ef2f_1_harvest_biomass,,,,,,,,,,,,documented_harvest_density,1600.0,E,2005-06-10,-5.0,,inner_training
,Yucheng,wheat,YCAZH01ABC_01,yield,5372.0,kg/ha,2005-06-10,2005-06-10,terminal_mass_with_recorded_sampling_lag,,13系,data/tables/raw/nesdc/yucheng/67dd23167e2817117c3b9ef5/禹城站2005-2022年生物要素观测数据集生物量产量观测数据/YCAZH01冬小麦__16e4ef2f.csv,3,valid,Yucheng-wheat-2005-YCAZH01ABC_01,calibration,Yucheng-2005,,,,,harvest_YCAZH01冬小麦__16e4ef2f_1_yield,,,,,,,,,,,,documented_harvest_density,537.2,E,2005-06-10,-5.0,,inner_training
,Yucheng,wheat,YCAZH01ABC_01,harvest_biomass,17000.0,kg/ha,2005-06-10,2005-06-10,terminal_mass_with_recorded_sampling_lag,,13系,data/tables/raw/nesdc/yucheng/67dd23167e2817117c3b9ef5/禹城站2005-2022年生物要素观测数据集生物量产量观测数据/YCAZH01冬小麦__16e4ef2f.csv,4,valid,Yucheng-wheat-2005-YCAZH01ABC_01,calibration,Yucheng-2005,,,,,harvest_YCAZH01冬小麦__16e4ef2f_2_harvest_biomass,,,,,,,,,,,,documented_harvest_density,1700.0,G,2005-06-10,-5.0,,inner_training
,Yucheng,wheat,YCAZH01ABC_01,yield,6000.5,kg/ha,2005-06-10,2005-06-10,terminal_mass_with_recorded_sampling_lag,,13系,data/tables/raw/nesdc/yucheng/67dd23167e2817117c3b9ef5/禹城站2005-2022年生物要素观测数据集生物量产量观测数据/YCAZH01冬小麦__16e4ef2f.csv,4,valid,Yucheng-wheat-2005-YCAZH01ABC_01,calibration,Yucheng-2005,,,,,harvest_YCAZH01冬小麦__16e4ef2f_2_yield,,,,,,,,,,,,documented_harvest_density,600.05,G,2005-06-10,-5.0,,inner_training
,Yucheng,wheat,YCAZH01ABC_01,harvest_biomass,15000.0,kg/ha,2005-06-10,2005-06-10,terminal_mass_with_recorded_sampling_lag,,13系,data/tables/raw/nesdc/yucheng/67dd23167e2817117c3b9ef5/禹城站2005-2022年生物要素观测数据集生物量产量观测数据/YCAZH01冬小麦__16e4ef2f.csv,5,valid,Yucheng-wheat-2005-YCAZH01ABC_01,calibration,Yucheng-2005,,,,,harvest_YCAZH01冬小麦__16e4ef2f_3_harvest_biomass,,,,,,,,,,,,documented_harvest_density,1500.0,J,2005-06-10,-5.0,,inner_training
,Yucheng,wheat,YCAZH01ABC_01,yield,5532.0,kg/ha,2005-06-10,2005-06-10,terminal_mass_with_recorded_sampling_lag,,13系,data/tables/raw/nesdc/yucheng/67dd23167e2817117c3b9ef5/禹城站2005-2022年生物要素观测数据集生物量产量观测数据/YCAZH01冬小麦__16e4ef2f.csv,5,valid,Yucheng-wheat-2005-YCAZH01ABC_01,calibration,Yucheng-2005,,,,,harvest_YCAZH01冬小麦__16e4ef2f_3_yield,,,,,,,,,,,,documented_harvest_density,553.2,J,2005-06-10,-5.0,,inner_training
,Yucheng,wheat,YCAZH01ABC_01,harvest_biomass,18000.0,kg/ha,2005-06-10,2005-06-10,terminal_mass_with_recorded_sampling_lag,,13系,data/tables/raw/nesdc/yucheng/67dd23167e2817117c3b9ef5/禹城站2005-2022年生物要素观测数据集生物量产量观测数据/YCAZH01冬小麦__16e4ef2f.csv,6,valid,Yucheng-wheat-2005-YCAZH01ABC_01,calibration,Yucheng-2005,,,,,harvest_YCAZH01冬小麦__16e4ef2f_4_harvest_biomass,,,,,,,,,,,,documented_harvest_density,1800.0,L,2005-06-10,-5.0,,inner_training
,Yucheng,wheat,YCAZH01ABC_01,yield,6038.0,kg/ha,2005-06-10,2005-06-10,terminal_mass_with_recorded_sampling_lag,,13系,data/tables/raw/nesdc/yucheng/67dd23167e2817117c3b9ef5/禹城站2005-2022年生物要素观测数据集生物量产量观测数据/YCAZH01冬小麦__16e4ef2f.csv,6,valid,Yucheng-wheat-2005-YCAZH01ABC_01,calibration,Yucheng-2005,,,,,harvest_YCAZH01冬小麦__16e4ef2f_4_yield,,,,,,,,,,,,documented_harvest_density,603.8,L,2005-06-10,-5.0,,inner_training
,Yucheng,wheat,YCAZH01ABC_01,harvest_biomass,17000.0,kg/ha,2005-06-10,2005-06-10,terminal_mass_with_recorded_sampling_lag,,13系,data/tables/raw/nesdc/yucheng/67dd23167e2817117c3b9ef5/禹城站2005-2022年生物要素观测数据集生物量产量观测数据/YCAZH01冬小麦__16e4ef2f.csv,7,valid,Yucheng-wheat-2005-YCAZH01ABC_01,calibration,Yucheng-2005,,,,,harvest_YCAZH01冬小麦__16e4ef2f_5_harvest_biomass,,,,,,,,,,,,documented_harvest_density,1700.0,N,2005-06-10,-5.0,,inner_training
,Yucheng,wheat,YCAZH01ABC_01,yield,5758.75,kg/ha,2005-06-10,2005-06-10,terminal_mass_with_recorded_sampling_lag,,13系,data/tables/raw/nesdc/yucheng/67dd23167e2817117c3b9ef5/禹城站2005-2022年生物要素观测数据集生物量产量观测数据/YCAZH01冬小麦__16e4ef2f.csv,7,valid,Yucheng-wheat-2005-YCAZH01ABC_01,calibration,Yucheng-2005,,,,,harvest_YCAZH01冬小麦__16e4ef2f_5_yield,,,,,,,,,,,,documented_harvest_density,575.875,N,2005-06-10,-5.0,,inner_training
,Yucheng,wheat,YCAZH01ABC_01,harvest_biomass,15377.4,kg/ha,2007-06-07,2007-06-07,terminal_mass_with_recorded_sampling_lag,,泰安9118,data/tables/raw/nesdc/yucheng/67dd23167e2817117c3b9ef5/禹城站2005-2022年生物要素观测数据集生物量产量观测数据/YCAZH01冬小麦__16e4ef2f.csv,14,valid,Yucheng-wheat-2007-YCAZH01ABC_01,calibration,Yucheng-2007,,,,,harvest_YCAZH01冬小麦__16e4ef2f_12_harvest_biomass,,,,,,,,,,,,documented_harvest_density,1537.74,A,2007-06-07,0.0,,inner_training
,Yucheng,wheat,YCAZH01ABC_01,yield,6050.0,kg/ha,2007-06-07,2007-06-07,terminal_mass_with_recorded_sampling_lag,,泰安9118,data/tables/raw/nesdc/yucheng/67dd23167e2817117c3b9ef5/禹城站2005-2022年生物要素观测数据集生物量产量观测数据/YCAZH01冬小麦__16e4ef2f.csv,14,valid,Yucheng-wheat-2007-YCAZH01ABC_01,calibration,Yucheng-2007,,,,,harvest_YCAZH01冬小麦__16e4ef2f_12_yield,,,,,,,,,,,,documented_harvest_density,605.0,A,2007-06-07,0.0,,inner_training
,Yucheng,wheat,YCAZH01ABC_01,harvest_biomass,11860.8,kg/ha,2007-06-07,2007-06-07,terminal_mass_with_recorded_sampling_lag,,泰安9118,data/tables/raw/nesdc/yucheng/67dd23167e2817117c3b9ef5/禹城站2005-2022年生物要素观测数据集生物量产量观测数据/YCAZH01冬小麦__16e4ef2f.csv,15,valid,Yucheng-wheat-2007-YCAZH01ABC_01,calibration,Yucheng-2007,,,,,harvest_YCAZH01冬小麦__16e4ef2f_13_harvest_biomass,,,,,,,,,,,,documented_harvest_density,1186.08,D,2007-06-07,0.0,,inner_training
,Yucheng,wheat,YCAZH01ABC_01,yield,5840.0,kg/ha,2007-06-07,2007-06-07,terminal_mass_with_recorded_sampling_lag,,泰安9118,data/tables/raw/nesdc/yucheng/67dd23167e2817117c3b9ef5/禹城站2005-2022年生物要素观测数据集生物量产量观测数据/YCAZH01冬小麦__16e4ef2f.csv,15,valid,Yucheng-wheat-2007-YCAZH01ABC_01,calibration,Yucheng-2007,,,,,harvest_YCAZH01冬小麦__16e4ef2f_13_yield,,,,,,,,,,,,documented_harvest_density,584.0,D,2007-06-07,0.0,,inner_training
,Yucheng,wheat,YCAZH01ABC_01,harvest_biomass,15184.0,kg/ha,2007-06-07,2007-06-07,terminal_mass_with_recorded_sampling_lag,,泰安9118,data/tables/raw/nesdc/yucheng/67dd23167e2817117c3b9ef5/禹城站2005-2022年生物要素观测数据集生物量产量观测数据/YCAZH01冬小麦__16e4ef2f.csv,16,valid,Yucheng-wheat-2007-YCAZH01ABC_01,calibration,Yucheng-2007,,,,,harvest_YCAZH01冬小麦__16e4ef2f_14_harvest_biomass,,,,,,,,,,,,documented_harvest_density,1518.4,F,2007-06-07,0.0,,inner_training
,Yucheng,wheat,YCAZH01ABC_01,yield,5800.0,kg/ha,2007-06-07,2007-06-07,terminal_mass_with_recorded_sampling_lag,,泰安9118,data/tables/raw/nesdc/yucheng/67dd23167e2817117c3b9ef5/禹城站2005-2022年生物要素观测数据集生物量产量观测数据/YCAZH01冬小麦__16e4ef2f.csv,16,valid,Yucheng-wheat-2007-YCAZH01ABC_01,calibration,Yucheng-2007,,,,,harvest_YCAZH01冬小麦__16e4ef2f_14_yield,,,,,,,,,,,,documented_harvest_density,580.0,F,2007-06-07,0.0,,inner_training
,Yucheng,wheat,YCAZH01ABC_01,harvest_biomass,14449.9,kg/ha,2007-06-07,2007-06-07,terminal_mass_with_recorded_sampling_lag,,泰安9118,data/tables/raw/nesdc/yucheng/67dd23167e2817117c3b9ef5/禹城站2005-2022年生物要素观测数据集生物量产量观测数据/YCAZH01冬小麦__16e4ef2f.csv,17,valid,Yucheng-wheat-2007-YCAZH01ABC_01,calibration,Yucheng-2007,,,,,harvest_YCAZH01冬小麦__16e4ef2f_15_harvest_biomass,,,,,,,,,,,,documented_harvest_density,1444.99,K,2007-06-07,0.0,,inner_training
,Yucheng,wheat,YCAZH01ABC_01,yield,5770.0,kg/ha,2007-06-07,2007-06-07,terminal_mass_with_recorded_sampling_lag,,泰安9118,data/tables/raw/nesdc/yucheng/67dd23167e2817117c3b9ef5/禹城站2005-2022年生物要素观测数据集生物量产量观测数据/YCAZH01冬小麦__16e4ef2f.csv,17,valid,Yucheng-wheat-2007-YCAZH01ABC_01,calibration,Yucheng-2007,,,,,harvest_YCAZH01冬小麦__16e4ef2f_15_yield,,,,,,,,,,,,documented_harvest_density,577.0,K,2007-06-07,0.0,,inner_training
,Yucheng,wheat,YCAZH01ABC_01,harvest_biomass,16547.7,kg/ha,2007-06-07,2007-06-07,terminal_mass_with_recorded_sampling_lag,,泰安9118,data/tables/raw/nesdc/yucheng/67dd23167e2817117c3b9ef5/禹城站2005-2022年生物要素观测数据集生物量产量观测数据/YCAZH01冬小麦__16e4ef2f.csv,18,valid,Yucheng-wheat-2007-YCAZH01ABC_01,calibration,Yucheng-2007,,,,,harvest_YCAZH01冬小麦__16e4ef2f_16_harvest_biomass,,,,,,,,,,,,documented_harvest_density,1654.77,M,2007-06-07,0.0,,inner_training
,Yucheng,wheat,YCAZH01ABC_01,yield,6390.0,kg/ha,2007-06-07,2007-06-07,terminal_mass_with_recorded_sampling_lag,,泰安9118,data/tables/raw/nesdc/yucheng/67dd23167e2817117c3b9ef5/禹城站2005-2022年生物要素观测数据集生物量产量观测数据/YCAZH01冬小麦__16e4ef2f.csv,18,valid,Yucheng-wheat-2007-YCAZH01ABC_01,calibration,Yucheng-2007,,,,,harvest_YCAZH01冬小麦__16e4ef2f_16_yield,,,,,,,,,,,,documented_harvest_density,639.0,M,2007-06-07,0.0,,inner_training
,Yucheng,wheat,YCAZH01ABC_01,harvest_biomass,17155.7,kg/ha,2007-06-07,2007-06-07,terminal_mass_with_recorded_sampling_lag,,泰安9118,data/tables/raw/nesdc/yucheng/67dd23167e2817117c3b9ef5/禹城站2005-2022年生物要素观测数据集生物量产量观测数据/YCAZH01冬小麦__16e4ef2f.csv,19,valid,Yucheng-wheat-2007-YCAZH01ABC_01,calibration,Yucheng-2007,,,,,harvest_YCAZH01冬小麦__16e4ef2f_17_harvest_biomass,,,,,,,,,,,,documented_harvest_density,1715.57,P,2007-06-07,0.0,,inner_training
,Yucheng,wheat,YCAZH01ABC_01,yield,5690.0,kg/ha,2007-06-07,2007-06-07,terminal_mass_with_recorded_sampling_lag,,泰安9118,data/tables/raw/nesdc/yucheng/67dd23167e2817117c3b9ef5/禹城站2005-2022年生物要素观测数据集生物量产量观测数据/YCAZH01冬小麦__16e4ef2f.csv,19,valid,Yucheng-wheat-2007-YCAZH01ABC_01,calibration,Yucheng-2007,,,,,harvest_YCAZH01冬小麦__16e4ef2f_17_yield,,,,,,,,,,,,documented_harvest_density,569.0,P,2007-06-07,0.0,,inner_training
,Yucheng,wheat,YCAZH01ABC_01,harvest_biomass,14465.3,kg/ha,2008-06-10,2008-06-10,terminal_mass_with_recorded_sampling_lag,,科农199,data/tables/raw/nesdc/yucheng/67dd23167e2817117c3b9ef5/禹城站2005-2022年生物要素观测数据集生物量产量观测数据/YCAZH01冬小麦__16e4ef2f.csv,20,valid,Yucheng-wheat-2008-YCAZH01ABC_01,calibration,Yucheng-2008,,,,,harvest_YCAZH01冬小麦__16e4ef2f_18_harvest_biomass,,,,,,,,,,,,documented_harvest_density,1446.53,A,2008-06-10,0.0,,inner_training
,Yucheng,wheat,YCAZH01ABC_01,yield,6300.0,kg/ha,2008-06-10,2008-06-10,terminal_mass_with_recorded_sampling_lag,,科农199,data/tables/raw/nesdc/yucheng/67dd23167e2817117c3b9ef5/禹城站2005-2022年生物要素观测数据集生物量产量观测数据/YCAZH01冬小麦__16e4ef2f.csv,20,valid,Yucheng-wheat-2008-YCAZH01ABC_01,calibration,Yucheng-2008,,,,,harvest_YCAZH01冬小麦__16e4ef2f_18_yield,,,,,,,,,,,,documented_harvest_density,630.0,A,2008-06-10,0.0,,inner_training
,Yucheng,wheat,YCAZH01ABC_01,harvest_biomass,14168.4,kg/ha,2008-06-10,2008-06-10,terminal_mass_with_recorded_sampling_lag,,科农199,data/tables/raw/nesdc/yucheng/67dd23167e2817117c3b9ef5/禹城站2005-2022年生物要素观测数据集生物量产量观测数据/YCAZH01冬小麦__16e4ef2f.csv,21,valid,Yucheng-wheat-2008-YCAZH01ABC_01,calibration,Yucheng-2008,,,,,harvest_YCAZH01冬小麦__16e4ef2f_19_harvest_biomass,,,,,,,,,,,,documented_harvest_density,1416.84,D,2008-06-10,0.0,,inner_training
,Yucheng,wheat,YCAZH01ABC_01,yield,6360.0,kg/ha,2008-06-10,2008-06-10,terminal_mass_with_recorded_sampling_lag,,科农199,data/tables/raw/nesdc/yucheng/67dd23167e2817117c3b9ef5/禹城站2005-2022年生物要素观测数据集生物量产量观测数据/YCAZH01冬小麦__16e4ef2f.csv,21,valid,Yucheng-wheat-2008-YCAZH01ABC_01,calibration,Yucheng-2008,,,,,harvest_YCAZH01冬小麦__16e4ef2f_19_yield,,,,,,,,,,,,documented_harvest_density,636.0,D,2008-06-10,0.0,,inner_training
,Yucheng,wheat,YCAZH01ABC_01,harvest_biomass,13282.3,kg/ha,2008-06-10,2008-06-10,terminal_mass_with_recorded_sampling_lag,,科农199,data/tables/raw/nesdc/yucheng/67dd23167e2817117c3b9ef5/禹城站2005-2022年生物要素观测数据集生物量产量观测数据/YCAZH01冬小麦__16e4ef2f.csv,22,valid,Yucheng-wheat-2008-YCAZH01ABC_01,calibration,Yucheng-2008,,,,,harvest_YCAZH01冬小麦__16e4ef2f_20_harvest_biomass,,,,,,,,,,,,documented_harvest_density,1328.23,F,2008-06-10,0.0,,inner_training
,Yucheng,wheat,YCAZH01ABC_01,yield,6100.0,kg/ha,2008-06-10,2008-06-10,terminal_mass_with_recorded_sampling_lag,,科农199,data/tables/raw/nesdc/yucheng/67dd23167e2817117c3b9ef5/禹城站2005-2022年生物要素观测数据集生物量产量观测数据/YCAZH01冬小麦__16e4ef2f.csv,22,valid,Yucheng-wheat-2008-YCAZH01ABC_01,calibration,Yucheng-2008,,,,,harvest_YCAZH01冬小麦__16e4ef2f_20_yield,,,,,,,,,,,,documented_harvest_density,610.0,F,2008-06-10,0.0,,inner_training
,Yucheng,wheat,YCAZH01ABC_01,harvest_biomass,14756.9,kg/ha,2008-06-10,2008-06-10,terminal_mass_with_recorded_sampling_lag,,科农199,data/tables/raw/nesdc/yucheng/67dd23167e2817117c3b9ef5/禹城站2005-2022年生物要素观测数据集生物量产量观测数据/YCAZH01冬小麦__16e4ef2f.csv,23,valid,Yucheng-wheat-2008-YCAZH01ABC_01,calibration,Yucheng-2008,,,,,harvest_YCAZH01冬小麦__16e4ef2f_21_harvest_biomass,,,,,,,,,,,,documented_harvest_density,1475.69,K,2008-06-10,0.0,,inner_training
,Yucheng,wheat,YCAZH01ABC_01,yield,6410.0,kg/ha,2008-06-10,2008-06-10,terminal_mass_with_recorded_sampling_lag,,科农199,data/tables/raw/nesdc/yucheng/67dd23167e2817117c3b9ef5/禹城站2005-2022年生物要素观测数据集生物量产量观测数据/YCAZH01冬小麦__16e4ef2f.csv,23,valid,Yucheng-wheat-2008-YCAZH01ABC_01,calibration,Yucheng-2008,,,,,harvest_YCAZH01冬小麦__16e4ef2f_21_yield,,,,,,,,,,,,documented_harvest_density,641.0,K,2008-06-10,0.0,,inner_training
,Yucheng,wheat,YCAZH01ABC_01,harvest_biomass,11416.1,kg/ha,2008-06-10,2008-06-10,terminal_mass_with_recorded_sampling_lag,,科农199,data/tables/raw/nesdc/yucheng/67dd23167e2817117c3b9ef5/禹城站2005-2022年生物要素观测数据集生物量产量观测数据/YCAZH01冬小麦__16e4ef2f.csv,24,valid,Yucheng-wheat-2008-YCAZH01ABC_01,calibration,Yucheng-2008,,,,,harvest_YCAZH01冬小麦__16e4ef2f_22_harvest_biomass,,,,,,,,,,,,documented_harvest_density,1141.61,M,2008-06-10,0.0,,inner_training
,Yucheng,wheat,YCAZH01ABC_01,yield,5580.0,kg/ha,2008-06-10,2008-06-10,terminal_mass_with_recorded_sampling_lag,,科农199,data/tables/raw/nesdc/yucheng/67dd23167e2817117c3b9ef5/禹城站2005-2022年生物要素观测数据集生物量产量观测数据/YCAZH01冬小麦__16e4ef2f.csv,24,valid,Yucheng-wheat-2008-YCAZH01ABC_01,calibration,Yucheng-2008,,,,,harvest_YCAZH01冬小麦__16e4ef2f_22_yield,,,,,,,,,,,,documented_harvest_density,558.0,M,2008-06-10,0.0,,inner_training
,Yucheng,wheat,YCAZH01ABC_01,harvest_biomass,12425.3,kg/ha,2008-06-10,2008-06-10,terminal_mass_with_recorded_sampling_lag,,科农199,data/tables/raw/nesdc/yucheng/67dd23167e2817117c3b9ef5/禹城站2005-2022年生物要素观测数据集生物量产量观测数据/YCAZH01冬小麦__16e4ef2f.csv,25,valid,Yucheng-wheat-2008-YCAZH01ABC_01,calibration,Yucheng-2008,,,,,harvest_YCAZH01冬小麦__16e4ef2f_23_harvest_biomass,,,,,,,,,,,,documented_harvest_density,1242.53,P,2008-06-10,0.0,,inner_training
,Yucheng,wheat,YCAZH01ABC_01,yield,6180.0,kg/ha,2008-06-10,2008-06-10,terminal_mass_with_recorded_sampling_lag,,科农199,data/tables/raw/nesdc/yucheng/67dd23167e2817117c3b9ef5/禹城站2005-2022年生物要素观测数据集生物量产量观测数据/YCAZH01冬小麦__16e4ef2f.csv,25,valid,Yucheng-wheat-2008-YCAZH01ABC_01,calibration,Yucheng-2008,,,,,harvest_YCAZH01冬小麦__16e4ef2f_23_yield,,,,,,,,,,,,documented_harvest_density,618.0,P,2008-06-10,0.0,,inner_training
,Yucheng,wheat,YCAZH01ABC_01,harvest_biomass,13204.615749093957,kg/ha,2009-06-09,2009-06-09,terminal_mass_with_recorded_sampling_lag,,科农199,data/tables/raw/nesdc/yucheng/67dd23167e2817117c3b9ef5/禹城站2005-2022年生物要素观测数据集生物量产量观测数据/YCAZH01冬小麦__16e4ef2f.csv,26,valid,Yucheng-wheat-2009-YCAZH01ABC_01,calibration,Yucheng-2009,,,,,harvest_YCAZH01冬小麦__16e4ef2f_24_harvest_biomass,,,,,,,,,,,,documented_harvest_density,1320.4615749093955,A,2009-06-09,0.0,,inner_training
,Yucheng,wheat,YCAZH01ABC_01,yield,6975.739957716701,kg/ha,2009-06-09,2009-06-09,terminal_mass_with_recorded_sampling_lag,,科农199,data/tables/raw/nesdc/yucheng/67dd23167e2817117c3b9ef5/禹城站2005-2022年生物要素观测数据集生物量产量观测数据/YCAZH01冬小麦__16e4ef2f.csv,26,valid,Yucheng-wheat-2009-YCAZH01ABC_01,calibration,Yucheng-2009,,,,,harvest_YCAZH01冬小麦__16e4ef2f_24_yield,,,,,,,,,,,,documented_harvest_density,697.5739957716701,A,2009-06-09,0.0,,inner_training
,Yucheng,wheat,YCAZH01ABC_01,harvest_biomass,18464.56814770107,kg/ha,2009-06-09,2009-06-09,terminal_mass_with_recorded_sampling_lag,,科农199,data/tables/raw/nesdc/yucheng/67dd23167e2817117c3b9ef5/禹城站2005-2022年生物要素观测数据集生物量产量观测数据/YCAZH01冬小麦__16e4ef2f.csv,27,valid,Yucheng-wheat-2009-YCAZH01ABC_01,calibration,Yucheng-2009,,,,,harvest_YCAZH01冬小麦__16e4ef2f_25_harvest_biomass,,,,,,,,,,,,documented_harvest_density,1846.456814770107,D,2009-06-09,0.0,,inner_training
,Yucheng,wheat,YCAZH01ABC_01,yield,7587.892156862745,kg/ha,2009-06-09,2009-06-09,terminal_mass_with_recorded_sampling_lag,,科农199,data/tables/raw/nesdc/yucheng/67dd23167e2817117c3b9ef5/禹城站2005-2022年生物要素观测数据集生物量产量观测数据/YCAZH01冬小麦__16e4ef2f.csv,27,valid,Yucheng-wheat-2009-YCAZH01ABC_01,calibration,Yucheng-2009,,,,,harvest_YCAZH01冬小麦__16e4ef2f_25_yield,,,,,,,,,,,,documented_harvest_density,758.7892156862745,D,2009-06-09,0.0,,inner_training
,Yucheng,wheat,YCAZH01ABC_01,harvest_biomass,14172.38565978648,kg/ha,2009-06-09,2009-06-09,terminal_mass_with_recorded_sampling_lag,,科农199,data/tables/raw/nesdc/yucheng/67dd23167e2817117c3b9ef5/禹城站2005-2022年生物要素观测数据集生物量产量观测数据/YCAZH01冬小麦__16e4ef2f.csv,28,valid,Yucheng-wheat-2009-YCAZH01ABC_01,calibration,Yucheng-2009,,,,,harvest_YCAZH01冬小麦__16e4ef2f_26_harvest_biomass,,,,,,,,,,,,documented_harvest_density,1417.238565978648,F,2009-06-09,0.0,,inner_training
,Yucheng,wheat,YCAZH01ABC_01,yield,6859.137769447047,kg/ha,2009-06-09,2009-06-09,terminal_mass_with_recorded_sampling_lag,,科农199,data/tables/raw/nesdc/yucheng/67dd23167e2817117c3b9ef5/禹城站2005-2022年生物要素观测数据集生物量产量观测数据/YCAZH01冬小麦__16e4ef2f.csv,28,valid,Yucheng-wheat-2009-YCAZH01ABC_01,calibration,Yucheng-2009,,,,,harvest_YCAZH01冬小麦__16e4ef2f_26_yield,,,,,,,,,,,,documented_harvest_density,685.9137769447046,F,2009-06-09,0.0,,inner_training
,Yucheng,wheat,YCAZH01ABC_01,harvest_biomass,14588.247885886523,kg/ha,2009-06-09,2009-06-09,terminal_mass_with_recorded_sampling_lag,,科农199,data/tables/raw/nesdc/yucheng/67dd23167e2817117c3b9ef5/禹城站2005-2022年生物要素观测数据集生物量产量观测数据/YCAZH01冬小麦__16e4ef2f.csv,29,valid,Yucheng-wheat-2009-YCAZH01ABC_01,calibration,Yucheng-2009,,,,,harvest_YCAZH01冬小麦__16e4ef2f_27_harvest_biomass,,,,,,,,,,,,documented_harvest_density,1458.8247885886526,K,2009-06-09,0.0,,inner_training
,Yucheng,wheat,YCAZH01ABC_01,yield,6728.471643035864,kg/ha,2009-06-09,2009-06-09,terminal_mass_with_recorded_sampling_lag,,科农199,data/tables/raw/nesdc/yucheng/67dd23167e2817117c3b9ef5/禹城站2005-2022年生物要素观测数据集生物量产量观测数据/YCAZH01冬小麦__16e4ef2f.csv,29,valid,Yucheng-wheat-2009-YCAZH01ABC_01,calibration,Yucheng-2009,,,,,harvest_YCAZH01冬小麦__16e4ef2f_27_yield,,,,,,,,,,,,documented_harvest_density,672.8471643035864,K,2009-06-09,0.0,,inner_training
,Yucheng,wheat,YCAZH01ABC_01,harvest_biomass,15493.52892277354,kg/ha,2009-06-09,2009-06-09,terminal_mass_with_recorded_sampling_lag,,科农199,data/tables/raw/nesdc/yucheng/67dd23167e2817117c3b9ef5/禹城站2005-2022年生物要素观测数据集生物量产量观测数据/YCAZH01冬小麦__16e4ef2f.csv,30,valid,Yucheng-wheat-2009-YCAZH01ABC_01,calibration,Yucheng-2009,,,,,harvest_YCAZH01冬小麦__16e4ef2f_28_harvest_biomass,,,,,,,,,,,,documented_harvest_density,1549.3528922773542,M,2009-06-09,0.0,,inner_training
,Yucheng,wheat,YCAZH01ABC_01,yield,6924.072761634772,kg/ha,2009-06-09,2009-06-09,terminal_mass_with_recorded_sampling_lag,,科农199,data/tables/raw/nesdc/yucheng/67dd23167e2817117c3b9ef5/禹城站2005-2022年生物要素观测数据集生物量产量观测数据/YCAZH01冬小麦__16e4ef2f.csv,30,valid,Yucheng-wheat-2009-YCAZH01ABC_01,calibration,Yucheng-2009,,,,,harvest_YCAZH01冬小麦__16e4ef2f_28_yield,,,,,,,,,,,,documented_harvest_density,692.4072761634773,M,2009-06-09,0.0,,inner_training
,Yucheng,wheat,YCAZH01ABC_01,harvest_biomass,15169.143504833108,kg/ha,2009-06-09,2009-06-09,terminal_mass_with_recorded_sampling_lag,,科农199,data/tables/raw/nesdc/yucheng/67dd23167e2817117c3b9ef5/禹城站2005-2022年生物要素观测数据集生物量产量观测数据/YCAZH01冬小麦__16e4ef2f.csv,31,valid,Yucheng-wheat-2009-YCAZH01ABC_01,calibration,Yucheng-2009,,,,,harvest_YCAZH01冬小麦__16e4ef2f_29_harvest_biomass,,,,,,,,,,,,documented_harvest_density,1516.9143504833107,P,2009-06-09,0.0,,inner_training
,Yucheng,wheat,YCAZH01ABC_01,yield,7007.895424836602,kg/ha,2009-06-09,2009-06-09,terminal_mass_with_recorded_sampling_lag,,科农199,data/tables/raw/nesdc/yucheng/67dd23167e2817117c3b9ef5/禹城站2005-2022年生物要素观测数据集生物量产量观测数据/YCAZH01冬小麦__16e4ef2f.csv,31,valid,Yucheng-wheat-2009-YCAZH01ABC_01,calibration,Yucheng-2009,,,,,harvest_YCAZH01冬小麦__16e4ef2f_29_yield,,,,,,,,,,,,documented_harvest_density,700.7895424836602,P,2009-06-09,0.0,,inner_training
,Yucheng,wheat,YCAZH01ABC_01,harvest_biomass,11951.1,kg/ha,2010-06-16,2010-06-16,terminal_mass_with_recorded_sampling_lag,,潍麦8号,data/tables/raw/nesdc/yucheng/67dd23167e2817117c3b9ef5/禹城站2005-2022年生物要素观测数据集生物量产量观测数据/YCAZH01冬小麦__16e4ef2f.csv,32,valid,Yucheng-wheat-2010-YCAZH01ABC_01,calibration,Yucheng-2010,,,,,harvest_YCAZH01冬小麦__16e4ef2f_30_harvest_biomass,,,,,,,,,,,,documented_harvest_density,1195.11,A,2010-06-16,0.0,,inner_holdout
,Yucheng,wheat,YCAZH01ABC_01,yield,5368.00668018609,kg/ha,2010-06-16,2010-06-16,terminal_mass_with_recorded_sampling_lag,,潍麦8号,data/tables/raw/nesdc/yucheng/67dd23167e2817117c3b9ef5/禹城站2005-2022年生物要素观测数据集生物量产量观测数据/YCAZH01冬小麦__16e4ef2f.csv,32,valid,Yucheng-wheat-2010-YCAZH01ABC_01,calibration,Yucheng-2010,,,,,harvest_YCAZH01冬小麦__16e4ef2f_30_yield,,,,,,,,,,,,documented_harvest_density,536.800668018609,A,2010-06-16,0.0,,inner_holdout
,Yucheng,wheat,YCAZH01ABC_01,harvest_biomass,14009.6,kg/ha,2010-06-16,2010-06-16,terminal_mass_with_recorded_sampling_lag,,潍麦8号,data/tables/raw/nesdc/yucheng/67dd23167e2817117c3b9ef5/禹城站2005-2022年生物要素观测数据集生物量产量观测数据/YCAZH01冬小麦__16e4ef2f.csv,33,valid,Yucheng-wheat-2010-YCAZH01ABC_01,calibration,Yucheng-2010,,,,,harvest_YCAZH01冬小麦__16e4ef2f_31_harvest_biomass,,,,,,,,,,,,documented_harvest_density,1400.96,D,2010-06-16,0.0,,inner_holdout
,Yucheng,wheat,YCAZH01ABC_01,yield,5135.9180035650625,kg/ha,2010-06-16,2010-06-16,terminal_mass_with_recorded_sampling_lag,,潍麦8号,data/tables/raw/nesdc/yucheng/67dd23167e2817117c3b9ef5/禹城站2005-2022年生物要素观测数据集生物量产量观测数据/YCAZH01冬小麦__16e4ef2f.csv,33,valid,Yucheng-wheat-2010-YCAZH01ABC_01,calibration,Yucheng-2010,,,,,harvest_YCAZH01冬小麦__16e4ef2f_31_yield,,,,,,,,,,,,documented_harvest_density,513.5918003565063,D,2010-06-16,0.0,,inner_holdout
,Yucheng,wheat,YCAZH01ABC_01,harvest_biomass,13158.0,kg/ha,2010-06-16,2010-06-16,terminal_mass_with_recorded_sampling_lag,,潍麦8号,data/tables/raw/nesdc/yucheng/67dd23167e2817117c3b9ef5/禹城站2005-2022年生物要素观测数据集生物量产量观测数据/YCAZH01冬小麦__16e4ef2f.csv,34,valid,Yucheng-wheat-2010-YCAZH01ABC_01,calibration,Yucheng-2010,,,,,harvest_YCAZH01冬小麦__16e4ef2f_32_harvest_biomass,,,,,,,,,,,,documented_harvest_density,1315.8,F,2010-06-16,0.0,,inner_holdout
,Yucheng,wheat,YCAZH01ABC_01,yield,5131.863579877572,kg/ha,2010-06-16,2010-06-16,terminal_mass_with_recorded_sampling_lag,,潍麦8号,data/tables/raw/nesdc/yucheng/67dd23167e2817117c3b9ef5/禹城站2005-2022年生物要素观测数据集生物量产量观测数据/YCAZH01冬小麦__16e4ef2f.csv,34,valid,Yucheng-wheat-2010-YCAZH01ABC_01,calibration,Yucheng-2010,,,,,harvest_YCAZH01冬小麦__16e4ef2f_32_yield,,,,,,,,,,,,documented_harvest_density,513.1863579877572,F,2010-06-16,0.0,,inner_holdout
,Yucheng,wheat,YCAZH01ABC_01,harvest_biomass,13723.5,kg/ha,2010-06-16,2010-06-16,terminal_mass_with_recorded_sampling_lag,,潍麦8号,data/tables/raw/nesdc/yucheng/67dd23167e2817117c3b9ef5/禹城站2005-2022年生物要素观测数据集生物量产量观测数据/YCAZH01冬小麦__16e4ef2f.csv,35,valid,Yucheng-wheat-2010-YCAZH01ABC_01,calibration,Yucheng-2010,,,,,harvest_YCAZH01冬小麦__16e4ef2f_33_harvest_biomass,,,,,,,,,,,,documented_harvest_density,1372.35,K,2010-06-16,0.0,,inner_holdout
,Yucheng,wheat,YCAZH01ABC_01,yield,5702.2175290390705,kg/ha,2010-06-16,2010-06-16,terminal_mass_with_recorded_sampling_lag,,潍麦8号,data/tables/raw/nesdc/yucheng/67dd23167e2817117c3b9ef5/禹城站2005-2022年生物要素观测数据集生物量产量观测数据/YCAZH01冬小麦__16e4ef2f.csv,35,valid,Yucheng-wheat-2010-YCAZH01ABC_01,calibration,Yucheng-2010,,,,,harvest_YCAZH01冬小麦__16e4ef2f_33_yield,,,,,,,,,,,,documented_harvest_density,570.221752903907,K,2010-06-16,0.0,,inner_holdout
,Yucheng,wheat,YCAZH01ABC_01,harvest_biomass,11304.7,kg/ha,2010-06-16,2010-06-16,terminal_mass_with_recorded_sampling_lag,,潍麦8号,data/tables/raw/nesdc/yucheng/67dd23167e2817117c3b9ef5/禹城站2005-2022年生物要素观测数据集生物量产量观测数据/YCAZH01冬小麦__16e4ef2f.csv,36,valid,Yucheng-wheat-2010-YCAZH01ABC_01,calibration,Yucheng-2010,,,,,harvest_YCAZH01冬小麦__16e4ef2f_34_harvest_biomass,,,,,,,,,,,,documented_harvest_density,1130.47,M,2010-06-16,0.0,,inner_holdout
,Yucheng,wheat,YCAZH01ABC_01,yield,5583.90022675737,kg/ha,2010-06-16,2010-06-16,terminal_mass_with_recorded_sampling_lag,,潍麦8号,data/tables/raw/nesdc/yucheng/67dd23167e2817117c3b9ef5/禹城站2005-2022年生物要素观测数据集生物量产量观测数据/YCAZH01冬小麦__16e4ef2f.csv,36,valid,Yucheng-wheat-2010-YCAZH01ABC_01,calibration,Yucheng-2010,,,,,harvest_YCAZH01冬小麦__16e4ef2f_34_yield,,,,,,,,,,,,documented_harvest_density,558.390022675737,M,2010-06-16,0.0,,inner_holdout
,Yucheng,wheat,YCAZH01ABC_01,harvest_biomass,14163.2,kg/ha,2010-06-16,2010-06-16,terminal_mass_with_recorded_sampling_lag,,潍麦8号,data/tables/raw/nesdc/yucheng/67dd23167e2817117c3b9ef5/禹城站2005-2022年生物要素观测数据集生物量产量观测数据/YCAZH01冬小麦__16e4ef2f.csv,37,valid,Yucheng-wheat-2010-YCAZH01ABC_01,calibration,Yucheng-2010,,,,,harvest_YCAZH01冬小麦__16e4ef2f_35_harvest_biomass,,,,,,,,,,,,documented_harvest_density,1416.32,P,2010-06-16,0.0,,inner_holdout
,Yucheng,wheat,YCAZH01ABC_01,yield,5291.005291005291,kg/ha,2010-06-16,2010-06-16,terminal_mass_with_recorded_sampling_lag,,潍麦8号,data/tables/raw/nesdc/yucheng/67dd23167e2817117c3b9ef5/禹城站2005-2022年生物要素观测数据集生物量产量观测数据/YCAZH01冬小麦__16e4ef2f.csv,37,valid,Yucheng-wheat-2010-YCAZH01ABC_01,calibration,Yucheng-2010,,,,,harvest_YCAZH01冬小麦__16e4ef2f_35_yield,,,,,,,,,,,,documented_harvest_density,529.1005291005291,P,2010-06-16,0.0,,inner_holdout
,Yucheng,wheat,YCAZH01ABC_01,harvest_biomass,17387.38738738739,kg/ha,2011-06-12,2011-06-12,terminal_mass_with_recorded_sampling_lag,,莱州95021,data/tables/raw/nesdc/yucheng/67dd23167e2817117c3b9ef5/禹城站2005-2022年生物要素观测数据集生物量产量观测数据/YCAZH01冬小麦__16e4ef2f.csv,38,valid,Yucheng-wheat-2011-YCAZH01ABC_01,calibration,Yucheng-2011,,,,,harvest_YCAZH01冬小麦__16e4ef2f_36_harvest_biomass,,,,,,,,,,,,documented_harvest_density,1738.738738738739,A,2011-06-12,0.0,,inner_holdout
,Yucheng,wheat,YCAZH01ABC_01,yield,8148.648648648649,kg/ha,2011-06-12,2011-06-12,terminal_mass_with_recorded_sampling_lag,,莱州95021,data/tables/raw/nesdc/yucheng/67dd23167e2817117c3b9ef5/禹城站2005-2022年生物要素观测数据集生物量产量观测数据/YCAZH01冬小麦__16e4ef2f.csv,38,valid,Yucheng-wheat-2011-YCAZH01ABC_01,calibration,Yucheng-2011,,,,,harvest_YCAZH01冬小麦__16e4ef2f_36_yield,,,,,,,,,,,,documented_harvest_density,814.8648648648649,A,2011-06-12,0.0,,inner_holdout
,Yucheng,wheat,YCAZH01ABC_01,harvest_biomass,15390.946502057614,kg/ha,2011-06-12,2011-06-12,terminal_mass_with_recorded_sampling_lag,,莱州95021,data/tables/raw/nesdc/yucheng/67dd23167e2817117c3b9ef5/禹城站2005-2022年生物要素观测数据集生物量产量观测数据/YCAZH01冬小麦__16e4ef2f.csv,39,valid,Yucheng-wheat-2011-YCAZH01ABC_01,calibration,Yucheng-2011,,,,,harvest_YCAZH01冬小麦__16e4ef2f_37_harvest_biomass,,,,,,,,,,,,documented_harvest_density,1539.0946502057614,D,2011-06-12,0.0,,inner_holdout
,Yucheng,wheat,YCAZH01ABC_01,yield,8111.111111111111,kg/ha,2011-06-12,2011-06-12,terminal_mass_with_recorded_sampling_lag,,莱州95021,data/tables/raw/nesdc/yucheng/67dd23167e2817117c3b9ef5/禹城站2005-2022年生物要素观测数据集生物量产量观测数据/YCAZH01冬小麦__16e4ef2f.csv,39,valid,Yucheng-wheat-2011-YCAZH01ABC_01,calibration,Yucheng-2011,,,,,harvest_YCAZH01冬小麦__16e4ef2f_37_yield,,,,,,,,,,,,documented_harvest_density,811.1111111111111,D,2011-06-12,0.0,,inner_holdout
,Yucheng,wheat,YCAZH01ABC_01,harvest_biomass,16776.960784313727,kg/ha,2011-06-12,2011-06-12,terminal_mass_with_recorded_sampling_lag,,莱州95021,data/tables/raw/nesdc/yucheng/67dd23167e2817117c3b9ef5/禹城站2005-2022年生物要素观测数据集生物量产量观测数据/YCAZH01冬小麦__16e4ef2f.csv,40,valid,Yucheng-wheat-2011-YCAZH01ABC_01,calibration,Yucheng-2011,,,,,harvest_YCAZH01冬小麦__16e4ef2f_38_harvest_biomass,,,,,,,,,,,,documented_harvest_density,1677.6960784313726,F,2011-06-12,0.0,,inner_holdout
,Yucheng,wheat,YCAZH01ABC_01,yield,7970.588235294117,kg/ha,2011-06-12,2011-06-12,terminal_mass_with_recorded_sampling_lag,,莱州95021,data/tables/raw/nesdc/yucheng/67dd23167e2817117c3b9ef5/禹城站2005-2022年生物要素观测数据集生物量产量观测数据/YCAZH01冬小麦__16e4ef2f.csv,40,valid,Yucheng-wheat-2011-YCAZH01ABC_01,calibration,Yucheng-2011,,,,,harvest_YCAZH01冬小麦__16e4ef2f_38_yield,,,,,,,,,,,,documented_harvest_density,797.0588235294117,F,2011-06-12,0.0,,inner_holdout
,Yucheng,wheat,YCAZH01ABC_01,harvest_biomass,16488.88888888889,kg/ha,2011-06-12,2011-06-12,terminal_mass_with_recorded_sampling_lag,,莱州95021,data/tables/raw/nesdc/yucheng/67dd23167e2817117c3b9ef5/禹城站2005-2022年生物要素观测数据集生物量产量观测数据/YCAZH01冬小麦__16e4ef2f.csv,41,valid,Yucheng-wheat-2011-YCAZH01ABC_01,calibration,Yucheng-2011,,,,,harvest_YCAZH01冬小麦__16e4ef2f_39_harvest_biomass,,,,,,,,,,,,documented_harvest_density,1648.8888888888891,K,2011-06-12,0.0,,inner_holdout
,Yucheng,wheat,YCAZH01ABC_01,yield,7773.333333333334,kg/ha,2011-06-12,2011-06-12,terminal_mass_with_recorded_sampling_lag,,莱州95021,data/tables/raw/nesdc/yucheng/67dd23167e2817117c3b9ef5/禹城站2005-2022年生物要素观测数据集生物量产量观测数据/YCAZH01冬小麦__16e4ef2f.csv,41,valid,Yucheng-wheat-2011-YCAZH01ABC_01,calibration,Yucheng-2011,,,,,harvest_YCAZH01冬小麦__16e4ef2f_39_yield,,,,,,,,,,,,documented_harvest_density,777.3333333333334,K,2011-06-12,0.0,,inner_holdout
,Yucheng,wheat,YCAZH01ABC_01,harvest_biomass,17088.88888888889,kg/ha,2011-06-12,2011-06-12,terminal_mass_with_recorded_sampling_lag,,莱州95021,data/tables/raw/nesdc/yucheng/67dd23167e2817117c3b9ef5/禹城站2005-2022年生物要素观测数据集生物量产量观测数据/YCAZH01冬小麦__16e4ef2f.csv,42,valid,Yucheng-wheat-2011-YCAZH01ABC_01,calibration,Yucheng-2011,,,,,harvest_YCAZH01冬小麦__16e4ef2f_40_harvest_biomass,,,,,,,,,,,,documented_harvest_density,1708.888888888889,M,2011-06-12,0.0,,inner_holdout
,Yucheng,wheat,YCAZH01ABC_01,yield,7786.666666666666,kg/ha,2011-06-12,2011-06-12,terminal_mass_with_recorded_sampling_lag,,莱州95021,data/tables/raw/nesdc/yucheng/67dd23167e2817117c3b9ef5/禹城站2005-2022年生物要素观测数据集生物量产量观测数据/YCAZH01冬小麦__16e4ef2f.csv,42,valid,Yucheng-wheat-2011-YCAZH01ABC_01,calibration,Yucheng-2011,,,,,harvest_YCAZH01冬小麦__16e4ef2f_40_yield,,,,,,,,,,,,documented_harvest_density,778.6666666666666,M,2011-06-12,0.0,,inner_holdout
,Yucheng,wheat,YCAZH01ABC_01,harvest_biomass,16884.615384615383,kg/ha,2011-06-12,2011-06-12,terminal_mass_with_recorded_sampling_lag,,莱州95021,data/tables/raw/nesdc/yucheng/67dd23167e2817117c3b9ef5/禹城站2005-2022年生物要素观测数据集生物量产量观测数据/YCAZH01冬小麦__16e4ef2f.csv,43,valid,Yucheng-wheat-2011-YCAZH01ABC_01,calibration,Yucheng-2011,,,,,harvest_YCAZH01冬小麦__16e4ef2f_41_harvest_biomass,,,,,,,,,,,,documented_harvest_density,1688.4615384615383,P,2011-06-12,0.0,,inner_holdout
,Yucheng,wheat,YCAZH01ABC_01,yield,8553.846153846154,kg/ha,2011-06-12,2011-06-12,terminal_mass_with_recorded_sampling_lag,,莱州95021,data/tables/raw/nesdc/yucheng/67dd23167e2817117c3b9ef5/禹城站2005-2022年生物要素观测数据集生物量产量观测数据/YCAZH01冬小麦__16e4ef2f.csv,43,valid,Yucheng-wheat-2011-YCAZH01ABC_01,calibration,Yucheng-2011,,,,,harvest_YCAZH01冬小麦__16e4ef2f_41_yield,,,,,,,,,,,,documented_harvest_density,855.3846153846154,P,2011-06-12,0.0,,inner_holdout
,Yucheng,wheat,YCAZH01ABC_01,harvest_biomass,10322.480919717902,kg/ha,2012-06-07,2012-06-07,terminal_mass_with_recorded_sampling_lag,,济麦22,data/tables/raw/nesdc/yucheng/67dd23167e2817117c3b9ef5/禹城站2005-2022年生物要素观测数据集生物量产量观测数据/YCAZH01冬小麦__16e4ef2f.csv,44,valid,Yucheng-wheat-2012-YCAZH01ABC_01,calibration,Yucheng-2012,,,,,harvest_YCAZH01冬小麦__16e4ef2f_42_harvest_biomass,,,,,,,,,,,,documented_harvest_density,1032.2480919717902,A,2012-06-07,0.0,,inner_holdout
,Yucheng,wheat,YCAZH01ABC_01,yield,4708.003952569169,kg/ha,2012-06-07,2012-06-07,terminal_mass_with_recorded_sampling_lag,,济麦22,data/tables/raw/nesdc/yucheng/67dd23167e2817117c3b9ef5/禹城站2005-2022年生物要素观测数据集生物量产量观测数据/YCAZH01冬小麦__16e4ef2f.csv,44,valid,Yucheng-wheat-2012-YCAZH01ABC_01,calibration,Yucheng-2012,,,,,harvest_YCAZH01冬小麦__16e4ef2f_42_yield,,,,,,,,,,,,documented_harvest_density,470.8003952569169,A,2012-06-07,0.0,,inner_holdout
,Yucheng,wheat,YCAZH01ABC_01,harvest_biomass,12633.423180592996,kg/ha,2012-06-07,2012-06-07,terminal_mass_with_recorded_sampling_lag,,济麦22,data/tables/raw/nesdc/yucheng/67dd23167e2817117c3b9ef5/禹城站2005-2022年生物要素观测数据集生物量产量观测数据/YCAZH01冬小麦__16e4ef2f.csv,45,valid,Yucheng-wheat-2012-YCAZH01ABC_01,calibration,Yucheng-2012,,,,,harvest_YCAZH01冬小麦__16e4ef2f_43_harvest_biomass,,,,,,,,,,,,documented_harvest_density,1263.3423180592995,D,2012-06-07,0.0,,inner_holdout
,Yucheng,wheat,YCAZH01ABC_01,yield,4477.301587301587,kg/ha,2012-06-07,2012-06-07,terminal_mass_with_recorded_sampling_lag,,济麦22,data/tables/raw/nesdc/yucheng/67dd23167e2817117c3b9ef5/禹城站2005-2022年生物要素观测数据集生物量产量观测数据/YCAZH01冬小麦__16e4ef2f.csv,45,valid,Yucheng-wheat-2012-YCAZH01ABC_01,calibration,Yucheng-2012,,,,,harvest_YCAZH01冬小麦__16e4ef2f_43_yield,,,,,,,,,,,,documented_harvest_density,447.7301587301587,D,2012-06-07,0.0,,inner_holdout
,Yucheng,wheat,YCAZH01ABC_01,harvest_biomass,12418.241884515946,kg/ha,2012-06-07,2012-06-07,terminal_mass_with_recorded_sampling_lag,,济麦22,data/tables/raw/nesdc/yucheng/67dd23167e2817117c3b9ef5/禹城站2005-2022年生物要素观测数据集生物量产量观测数据/YCAZH01冬小麦__16e4ef2f.csv,46,valid,Yucheng-wheat-2012-YCAZH01ABC_01,calibration,Yucheng-2012,,,,,harvest_YCAZH01冬小麦__16e4ef2f_44_harvest_biomass,,,,,,,,,,,,documented_harvest_density,1241.8241884515946,F,2012-06-07,0.0,,inner_holdout
,Yucheng,wheat,YCAZH01ABC_01,yield,5628.103448275862,kg/ha,2012-06-07,2012-06-07,terminal_mass_with_recorded_sampling_lag,,济麦22,data/tables/raw/nesdc/yucheng/67dd23167e2817117c3b9ef5/禹城站2005-2022年生物要素观测数据集生物量产量观测数据/YCAZH01冬小麦__16e4ef2f.csv,46,valid,Yucheng-wheat-2012-YCAZH01ABC_01,calibration,Yucheng-2012,,,,,harvest_YCAZH01冬小麦__16e4ef2f_44_yield,,,,,,,,,,,,documented_harvest_density,562.8103448275863,F,2012-06-07,0.0,,inner_holdout
,Yucheng,wheat,YCAZH01ABC_01,harvest_biomass,15541.343167701869,kg/ha,2012-06-07,2012-06-07,terminal_mass_with_recorded_sampling_lag,,济麦22,data/tables/raw/nesdc/yucheng/67dd23167e2817117c3b9ef5/禹城站2005-2022年生物要素观测数据集生物量产量观测数据/YCAZH01冬小麦__16e4ef2f.csv,47,valid,Yucheng-wheat-2012-YCAZH01ABC_01,calibration,Yucheng-2012,,,,,harvest_YCAZH01冬小麦__16e4ef2f_45_harvest_biomass,,,,,,,,,,,,documented_harvest_density,1554.1343167701866,K,2012-06-07,0.0,,inner_holdout
,Yucheng,wheat,YCAZH01ABC_01,yield,5705.126144946167,kg/ha,2012-06-07,2012-06-07,terminal_mass_with_recorded_sampling_lag,,济麦22,data/tables/raw/nesdc/yucheng/67dd23167e2817117c3b9ef5/禹城站2005-2022年生物要素观测数据集生物量产量观测数据/YCAZH01冬小麦__16e4ef2f.csv,47,valid,Yucheng-wheat-2012-YCAZH01ABC_01,calibration,Yucheng-2012,,,,,harvest_YCAZH01冬小麦__16e4ef2f_45_yield,,,,,,,,,,,,documented_harvest_density,570.5126144946167,K,2012-06-07,0.0,,inner_holdout
,Yucheng,wheat,YCAZH01ABC_01,harvest_biomass,13998.851848919156,kg/ha,2012-06-07,2012-06-07,terminal_mass_with_recorded_sampling_lag,,济麦22,data/tables/raw/nesdc/yucheng/67dd23167e2817117c3b9ef5/禹城站2005-2022年生物要素观测数据集生物量产量观测数据/YCAZH01冬小麦__16e4ef2f.csv,48,valid,Yucheng-wheat-2012-YCAZH01ABC_01,calibration,Yucheng-2012,,,,,harvest_YCAZH01冬小麦__16e4ef2f_46_harvest_biomass,,,,,,,,,,,,documented_harvest_density,1399.8851848919155,M,2012-06-07,0.0,,inner_holdout
,Yucheng,wheat,YCAZH01ABC_01,yield,6396.825396825397,kg/ha,2012-06-07,2012-06-07,terminal_mass_with_recorded_sampling_lag,,济麦22,data/tables/raw/nesdc/yucheng/67dd23167e2817117c3b9ef5/禹城站2005-2022年生物要素观测数据集生物量产量观测数据/YCAZH01冬小麦__16e4ef2f.csv,48,valid,Yucheng-wheat-2012-YCAZH01ABC_01,calibration,Yucheng-2012,,,,,harvest_YCAZH01冬小麦__16e4ef2f_46_yield,,,,,,,,,,,,documented_harvest_density,639.6825396825396,M,2012-06-07,0.0,,inner_holdout
,Yucheng,wheat,YCAZH01ABC_01,harvest_biomass,20032.60432040789,kg/ha,2012-06-07,2012-06-07,terminal_mass_with_recorded_sampling_lag,,济麦22,data/tables/raw/nesdc/yucheng/67dd23167e2817117c3b9ef5/禹城站2005-2022年生物要素观测数据集生物量产量观测数据/YCAZH01冬小麦__16e4ef2f.csv,49,valid,Yucheng-wheat-2012-YCAZH01ABC_01,calibration,Yucheng-2012,,,,,harvest_YCAZH01冬小麦__16e4ef2f_47_harvest_biomass,,,,,,,,,,,,documented_harvest_density,2003.2604320407888,P,2012-06-07,0.0,,inner_holdout
,Yucheng,wheat,YCAZH01ABC_01,yield,7767.523809523809,kg/ha,2012-06-07,2012-06-07,terminal_mass_with_recorded_sampling_lag,,济麦22,data/tables/raw/nesdc/yucheng/67dd23167e2817117c3b9ef5/禹城站2005-2022年生物要素观测数据集生物量产量观测数据/YCAZH01冬小麦__16e4ef2f.csv,49,valid,Yucheng-wheat-2012-YCAZH01ABC_01,calibration,Yucheng-2012,,,,,harvest_YCAZH01冬小麦__16e4ef2f_47_yield,,,,,,,,,,,,documented_harvest_density,776.7523809523809,P,2012-06-07,0.0,,inner_holdout
,Yucheng,wheat,YCAZH01ABC_01,harvest_biomass,15814.18281809608,kg/ha,2013-06-12,2013-06-12,terminal_mass_with_recorded_sampling_lag,,济麦22,data/tables/raw/nesdc/yucheng/67dd23167e2817117c3b9ef5/禹城站2005-2022年生物要素观测数据集生物量产量观测数据/YCAZH01冬小麦__16e4ef2f.csv,50,valid,Yucheng-wheat-2013-YCAZH01ABC_01,calibration,Yucheng-2013,,,,,harvest_YCAZH01冬小麦__16e4ef2f_48_harvest_biomass,,,,,,,,,,,,documented_harvest_density,1581.418281809608,A,2013-06-12,0.0,,inner_holdout
,Yucheng,wheat,YCAZH01ABC_01,yield,7035.029190992492,kg/ha,2013-06-12,2013-06-12,terminal_mass_with_recorded_sampling_lag,,济麦22,data/tables/raw/nesdc/yucheng/67dd23167e2817117c3b9ef5/禹城站2005-2022年生物要素观测数据集生物量产量观测数据/YCAZH01冬小麦__16e4ef2f.csv,50,valid,Yucheng-wheat-2013-YCAZH01ABC_01,calibration,Yucheng-2013,,,,,harvest_YCAZH01冬小麦__16e4ef2f_48_yield,,,,,,,,,,,,documented_harvest_density,703.5029190992492,A,2013-06-12,0.0,,inner_holdout
,Yucheng,wheat,YCAZH01ABC_01,harvest_biomass,17536.11040002945,kg/ha,2013-06-12,2013-06-12,terminal_mass_with_recorded_sampling_lag,,济麦22,data/tables/raw/nesdc/yucheng/67dd23167e2817117c3b9ef5/禹城站2005-2022年生物要素观测数据集生物量产量观测数据/YCAZH01冬小麦__16e4ef2f.csv,51,valid,Yucheng-wheat-2013-YCAZH01ABC_01,calibration,Yucheng-2013,,,,,harvest_YCAZH01冬小麦__16e4ef2f_49_harvest_biomass,,,,,,,,,,,,documented_harvest_density,1753.611040002945,D,2013-06-12,0.0,,inner_holdout
,Yucheng,wheat,YCAZH01ABC_01,yield,7232.704402515723,kg/ha,2013-06-12,2013-06-12,terminal_mass_with_recorded_sampling_lag,,济麦22,data/tables/raw/nesdc/yucheng/67dd23167e2817117c3b9ef5/禹城站2005-2022年生物要素观测数据集生物量产量观测数据/YCAZH01冬小麦__16e4ef2f.csv,51,valid,Yucheng-wheat-2013-YCAZH01ABC_01,calibration,Yucheng-2013,,,,,harvest_YCAZH01冬小麦__16e4ef2f_49_yield,,,,,,,,,,,,documented_harvest_density,723.2704402515723,D,2013-06-12,0.0,,inner_holdout
,Yucheng,wheat,YCAZH01ABC_01,harvest_biomass,15220.47157887934,kg/ha,2013-06-12,2013-06-12,terminal_mass_with_recorded_sampling_lag,,济麦22,data/tables/raw/nesdc/yucheng/67dd23167e2817117c3b9ef5/禹城站2005-2022年生物要素观测数据集生物量产量观测数据/YCAZH01冬小麦__16e4ef2f.csv,52,valid,Yucheng-wheat-2013-YCAZH01ABC_01,calibration,Yucheng-2013,,,,,harvest_YCAZH01冬小麦__16e4ef2f_50_harvest_biomass,,,,,,,,,,,,documented_harvest_density,1522.047157887934,F,2013-06-12,0.0,,inner_holdout
,Yucheng,wheat,YCAZH01ABC_01,yield,6196.459166190749,kg/ha,2013-06-12,2013-06-12,terminal_mass_with_recorded_sampling_lag,,济麦22,data/tables/raw/nesdc/yucheng/67dd23167e2817117c3b9ef5/禹城站2005-2022年生物要素观测数据集生物量产量观测数据/YCAZH01冬小麦__16e4ef2f.csv,52,valid,Yucheng-wheat-2013-YCAZH01ABC_01,calibration,Yucheng-2013,,,,,harvest_YCAZH01冬小麦__16e4ef2f_50_yield,,,,,,,,,,,,documented_harvest_density,619.6459166190749,F,2013-06-12,0.0,,inner_holdout
,Yucheng,wheat,YCAZH01ABC_01,harvest_biomass,13588.060772961062,kg/ha,2013-06-12,2013-06-12,terminal_mass_with_recorded_sampling_lag,,济麦22,data/tables/raw/nesdc/yucheng/67dd23167e2817117c3b9ef5/禹城站2005-2022年生物要素观测数据集生物量产量观测数据/YCAZH01冬小麦__16e4ef2f.csv,53,valid,Yucheng-wheat-2013-YCAZH01ABC_01,calibration,Yucheng-2013,,,,,harvest_YCAZH01冬小麦__16e4ef2f_51_harvest_biomass,,,,,,,,,,,,documented_harvest_density,1358.8060772961062,K,2013-06-12,0.0,,inner_holdout
,Yucheng,wheat,YCAZH01ABC_01,yield,6106.019766397123,kg/ha,2013-06-12,2013-06-12,terminal_mass_with_recorded_sampling_lag,,济麦22,data/tables/raw/nesdc/yucheng/67dd23167e2817117c3b9ef5/禹城站2005-2022年生物要素观测数据集生物量产量观测数据/YCAZH01冬小麦__16e4ef2f.csv,53,valid,Yucheng-wheat-2013-YCAZH01ABC_01,calibration,Yucheng-2013,,,,,harvest_YCAZH01冬小麦__16e4ef2f_51_yield,,,,,,,,,,,,documented_harvest_density,610.6019766397123,K,2013-06-12,0.0,,inner_holdout
,Yucheng,wheat,YCAZH01ABC_01,harvest_biomass,16554.682560753623,kg/ha,2013-06-12,2013-06-12,terminal_mass_with_recorded_sampling_lag,,济麦22,data/tables/raw/nesdc/yucheng/67dd23167e2817117c3b9ef5/禹城站2005-2022年生物要素观测数据集生物量产量观测数据/YCAZH01冬小麦__16e4ef2f.csv,54,valid,Yucheng-wheat-2013-YCAZH01ABC_01,calibration,Yucheng-2013,,,,,harvest_YCAZH01冬小麦__16e4ef2f_52_harvest_biomass,,,,,,,,,,,,documented_harvest_density,1655.4682560753622,M,2013-06-12,0.0,,inner_holdout
,Yucheng,wheat,YCAZH01ABC_01,yield,7350.323624595469,kg/ha,2013-06-12,2013-06-12,terminal_mass_with_recorded_sampling_lag,,济麦22,data/tables/raw/nesdc/yucheng/67dd23167e2817117c3b9ef5/禹城站2005-2022年生物要素观测数据集生物量产量观测数据/YCAZH01冬小麦__16e4ef2f.csv,54,valid,Yucheng-wheat-2013-YCAZH01ABC_01,calibration,Yucheng-2013,,,,,harvest_YCAZH01冬小麦__16e4ef2f_52_yield,,,,,,,,,,,,documented_harvest_density,735.0323624595469,M,2013-06-12,0.0,,inner_holdout
,Yucheng,wheat,YCAZH01ABC_01,harvest_biomass,17394.916341164808,kg/ha,2013-06-12,2013-06-12,terminal_mass_with_recorded_sampling_lag,,济麦22,data/tables/raw/nesdc/yucheng/67dd23167e2817117c3b9ef5/禹城站2005-2022年生物要素观测数据集生物量产量观测数据/YCAZH01冬小麦__16e4ef2f.csv,55,valid,Yucheng-wheat-2013-YCAZH01ABC_01,calibration,Yucheng-2013,,,,,harvest_YCAZH01冬小麦__16e4ef2f_53_harvest_biomass,,,,,,,,,,,,documented_harvest_density,1739.4916341164808,P,2013-06-12,0.0,,inner_holdout
,Yucheng,wheat,YCAZH01ABC_01,yield,6922.549019607843,kg/ha,2013-06-12,2013-06-12,terminal_mass_with_recorded_sampling_lag,,济麦22,data/tables/raw/nesdc/yucheng/67dd23167e2817117c3b9ef5/禹城站2005-2022年生物要素观测数据集生物量产量观测数据/YCAZH01冬小麦__16e4ef2f.csv,55,valid,Yucheng-wheat-2013-YCAZH01ABC_01,calibration,Yucheng-2013,,,,,harvest_YCAZH01冬小麦__16e4ef2f_53_yield,,,,,,,,,,,,documented_harvest_density,692.2549019607843,P,2013-06-12,0.0,,inner_holdout
