date,crop,bbch,stage,thermal_progress,vernalization_factor,photoperiod_factor,cumulative_thermal_time_c,development_stage,precipitation_mm,irrigation_field_mm,capillary_rise_mm,soil_evaporation_mm,transpiration_mm,canopy_evaporation_mm,application_evaporation_mm,runoff_mm,off_field_drift_mm,bottom_drainage_mm,pump_input_mm,conveyance_loss_mm,storage_initial_mm,potential_transpiration_after_interception_mm,storage_final_mm,storage_change_mm,balance_residual_mm,et0_mm,et0_method,precipitation_timing,potential_transpiration_mm,potential_soil_evaporation_mm,organic_mulch_cover_fraction,soil_storage_initial_mm,soil_storage_final_mm,water_factor,root_zone_stress_factor,root_zone_depletion_fraction,potential_et_demand_mm,transpiration_supply_factor,atmospheric_potential_transpiration_mm,transpiration_demand_method,daytime_vpd_kpa,transpiration_vpd_kpa,transpiration_vpd_method,transpiration_efficiency_kg_ha_mm,wet_canopy_energy_fraction,nutrition_factor,potential_growth_kg_ha,growth_kg_ha,lai,leaf_age_c_days,biomass_kg_ha,yield_kg_ha,leaf_kg_ha,stem_kg_ha,dead_leaf_kg_ha,stem_reserve_kg_ha,direct_grain_growth_kg_ha,stem_remobilization_kg_ha,grain_sink_kg_ha,grain_fill_ceiling_kg_ha,critical_growth_kg_ha,crop_carbon_residual_kg_ha,root_depth_mm,soil_theta,wet_theta,dry_theta,wetted_fraction,diagnostics,et_mm,germination_start_date,seed_water_ready,seed_layer_available_water_initial_mm,sowing_depth_mm,tillage_event_ids,tillage_mixing_depths_mm
2015-10-21,wheat,0,BBCH0,0.0013807290763058785,0.20500140296088326,0.6859897363287224,2.21481573568113,0.0,0.1740702670045454,0.0,0.0,2.38261900339016,0.0,0.0,0.0,0.0,0.0,0.22801968565362504,0.0,0.0,673.6028607946151,0.0,671.166292372576,-2.4365684220391586,-8.126832540256146e-14,2.035317897796631,provided,explicit_hourly,0.0,2.636064038474039,0.0,673.6028607946151,671.166292372576,1.0,0.9999999999999996,0.5431488450801907,2.636064038474039,1.0,0.0,atmospheric,,,,,0.0,1.0,0.0,0.0,0.0,0.0,49.82117936239986,0.0,49.82117936239986,0.0,0.0,0.0,0.0,0.0,0.0,0.0,0.0,0.0,163.56239417458056,"[0.2456752204807471, 0.2780734102413863, 0.32989134148659416, 0.35077785224773006, 0.35288642385510627, 0.3409637538261273, 0.3417235416629661, 0.3429727213972212]","[0.2456752204807471, 0.2780734102413863, 0.32989134148659416, 0.35077785224773006, 0.35288642385510627, 0.3409637538261273, 0.3417235416629661, 0.3429727213972212]",[],1.0,"{'input_timing_assumptions': [], 'bottom_boundary': 'free_drainage', 'substeps': 24, 'precipitation_timing': 'explicit_hourly', 'plant_water_stress_method': 'compensated_layer_depletion', 'root_zone_stress_factor': 0.9999999999999996, 'root_zone_depletion_fraction': 0.5431488450801907, 'readily_available_water_adjustment': 'none', 'potential_et_demand_mm': 2.636064038474039, 'surface_wetness': [0.6013431574375301]}",2.38261900339016,2015-10-21,True,13.710648370457049,50.0,['published_rotary_tillage_2016'],[200.0]
2015-10-22,wheat,0,BBCH0,0.002454603023781245,0.21942449781629775,0.6820823576589268,3.93740777623547,0.0,0.44968153660470667,0.0,0.0,1.3011081028821467,0.0,0.0,0.0,0.0,0.0,0.2295054138510467,0.0,0.0,671.166292372576,0.0,670.0853603924475,-1.0809319801285255,3.885780586188048e-14,1.1864482164382935,provided,explicit_hourly,0.0,1.536641268791689,0.0,671.166292372576,670.0853603924475,1.0,0.9999999998928246,0.5431488450801907,1.536641268791689,1.0,0.0,atmospheric,,,,,0.0,1.0,0.0,0.0,0.0,0.0,49.82117936239986,0.0,49.82117936239986,0.0,0.0,0.0,0.0,0.0,0.0,0.0,0.0,0.0,166.333076968453,"[0.24014457583760992, 0.28245170146477994, 0.32568405240146264, 0.3503102139496042, 0.352710580772447, 0.3406207507174349, 0.34171001505287046, 0.34311166255396414]","[0.24014457583760992, 0.28245170146477994, 0.32568405240146264, 0.3503102139496042, 0.352710580772447, 0.3406207507174349, 0.34171001505287046, 0.34311166255396414]",[],1.0,"{'input_timing_assumptions': [], 'bottom_boundary': 'free_drainage', 'substeps': 24, 'precipitation_timing': 'explicit_hourly', 'plant_water_stress_method': 'compensated_layer_depletion', 'root_zone_stress_factor': 0.9999999998928246, 'root_zone_depletion_fraction': 0.5431488450801907, 'readily_available_water_adjustment': 'none', 'potential_et_demand_mm': 1.536641268791689, 'surface_wetness': [0.5845185129308454]}",1.3011081028821467,2015-10-21,True,11.61752204807471,50.0,[],[]
2015-10-23,wheat,0,BBCH0,0.0037076575920597286,0.23090071360270184,0.6781943740326489,5.947421922468667,0.0,1.0661804299846231,0.0,0.0,1.3344115339721965,0.0,0.0,0.0,0.0,0.0,0.23081495530689775,0.0,0.0,670.0853603924475,0.0,669.5863143331529,-0.4990460592945283,5.728750807065808e-14,1.2166392803192139,provided,explicit_hourly,0.0,1.5757435524525971,0.0,670.0853603924475,669.5863143331529,1.0,0.9999999998538861,0.5431488450801907,1.5757435524525971,1.0,0.0,atmospheric,,,,,0.0,1.0,0.0,0.0,0.0,0.0,49.82117936239986,0.0,49.82117936239986,0.0,0.0,0.0,0.0,0.0,0.0,0.0,0.0,0.0,169.56606044875303,"[0.2409759270150411, 0.2843869527232974, 0.32283683033823785, 0.34980579109833004, 0.35252845322807924, 0.34028914766609514, 0.34168734917500904, 0.34323260887320006]","[0.2409759270150411, 0.2843869527232974, 0.32283683033823785, 0.34980579109833004, 0.35252845322807924, 0.34028914766609514, 0.34168734917500904, 0.34323260887320006]",[],1.0,"{'input_timing_assumptions': [], 'bottom_boundary': 'free_drainage', 'substeps': 24, 'precipitation_timing': 'explicit_hourly', 'plant_water_stress_method': 'compensated_layer_depletion', 'root_zone_stress_factor': 0.9999999998538861, 'root_zone_depletion_fraction': 0.5431488450801907, 'readily_available_water_adjustment': 'none', 'potential_et_demand_mm': 1.5757435524525971, 'surface_wetness': [0.5870475468722776]}",1.3344115339721965,2015-10-21,True,11.064457583760992,50.0,[],[]
2015-10-24,wheat,0,BBCH0,0.005093263770788341,0.24043685913085938,0.6743269690214122,8.170060976551477,0.0,0.0,0.0,0.0,2.4116895722797995,0.0,0.0,0.0,0.0,0.0,0.23195348336420224,0.0,0.0,669.5863143331529,0.0,666.942671277509,-2.6436430556439063,-9.547918011776346e-14,2.3336541652679443,provided,explicit_hourly,0.0,3.022457489298143,0.0,669.5863143331529,666.942671277509,1.0,0.9999999982202864,0.5431488450801907,3.022457489298143,1.0,0.0,atmospheric,,,,,0.0,1.0,0.0,0.0,0.0,0.0,49.82117936239986,0.0,49.82117936239986,0.0,0.0,0.0,0.0,0.0,0.0,0.0,0.0,0.0,173.1410379472874,"[0.22184822348248023, 0.28392851759391907, 0.320649586659519, 0.34928327075758386, 0.3523400130114748, 0.33996828752719654, 0.3416563887336725, 0.3433363978914038]","[0.22184822348248023, 0.28392851759391907, 0.320649586659519, 0.34928327075758386, 0.3523400130114748, 0.33996828752719654, 0.3416563887336725, 0.3433363978914038]",[],1.0,"{'input_timing_assumptions': [], 'bottom_boundary': 'free_drainage', 'substeps': 24, 'precipitation_timing': 'explicit_hourly', 'plant_water_stress_method': 'compensated_layer_depletion', 'root_zone_stress_factor': 0.9999999982202864, 'root_zone_depletion_fraction': 0.5431488450801907, 'readily_available_water_adjustment': 'none', 'potential_et_demand_mm': 3.022457489298143, 'surface_wetness': [0.5288596080460277]}",2.4116895722797995,2015-10-21,True,11.147592701504111,50.0,[],[]
2015-10-25,wheat,0,BBCH0,0.0065081844799074855,0.25039424896240237,0.6704813573346378,10.439723218823215,0.0,2.6763304565171184,0.0,0.0,2.2111159124230353,0.0,0.0,0.0,0.0,0.0,0.2329280675491461,0.0,0.0,666.942671277509,0.0,667.1749577540539,0.23228647654491397,2.3092638912203256e-14,2.3238251209259033,provided,explicit_hourly,0.0,3.0097272959702748,0.0,666.942671277509,667.1749577540539,1.0,0.9999999961265998,0.5431488450801907,3.0097272959702748,1.0,0.0,atmospheric,,,,,0.0,1.0,0.0,0.0,0.0,0.0,49.82117936239986,0.0,49.82117936239986,0.0,0.0,0.0,0.0,0.0,0.0,0.0,0.0,0.0,176.79164933670296,"[0.23344062897609397, 0.2812532457205299, 0.31867183291093354, 0.3487504924350624, 0.35214545914365236, 0.3396575559028092, 0.34161785605377454, 0.3434238769044368]","[0.23344062897609397, 0.2812532457205299, 0.31867183291093354, 0.3487504924350624, 0.35214545914365236, 0.3396575559028092, 0.34161785605377454, 0.3434238769044368]",[],1.0,"{'input_timing_assumptions': [], 'bottom_boundary': 'free_drainage', 'substeps': 24, 'precipitation_timing': 'explicit_hourly', 'plant_water_stress_method': 'compensated_layer_depletion', 'root_zone_stress_factor': 0.9999999961265998, 'root_zone_depletion_fraction': 0.5431488450801907, 'readily_available_water_adjustment': 'none', 'potential_et_demand_mm': 3.0097272959702748, 'surface_wetness': [0.564124593231689]}",2.2111159124230353,2015-10-21,True,9.234822348248022,50.0,[],[]
2015-10-26,wheat,0,BBCH0,0.007834878292699757,0.2634693823920356,0.6666587852031451,12.567861449144775,0.0,1.9365318190458742,0.0,0.0,2.131293685803551,0.0,0.0,0.0,0.0,0.0,0.23374279280236063,0.0,0.0,667.1749577540539,0.0,666.746453094494,-0.4285046595599624,-7.505107646466058e-14,1.9423952102661133,provided,explicit_hourly,0.0,2.5157142124234095,0.0,667.1749577540539,666.746453094494,1.0,0.9999999997154158,0.5431488450801907,2.5157142124234095,1.0,0.0,atmospheric,,,,,0.0,1.0,0.0,0.0,0.0,0.0,49.82117936239986,0.0,49.82117936239986,0.0,0.0,0.0,0.0,0.0,0.0,0.0,0.0,0.0,180.21462810295606,"[0.23472252054211762, 0.28196599972137415, 0.3169346143743016, 0.3482108797887146, 0.35194508682827236, 0.33935634081514854, 0.3415724039603856, 0.34349594943296313]","[0.23472252054211762, 0.28196599972137415, 0.3169346143743016, 0.3482108797887146, 0.35194508682827236, 0.33935634081514854, 0.3415724039603856, 0.34349594943296313]",[],1.0,"{'input_timing_assumptions': [], 'bottom_boundary': 'free_drainage', 'substeps': 24, 'precipitation_timing': 'explicit_hourly', 'plant_water_stress_method': 'compensated_layer_depletion', 'root_zone_stress_factor': 0.9999999997154158, 'root_zone_depletion_fraction': 0.5431488450801907, 'readily_available_water_adjustment': 'none', 'potential_et_demand_mm': 2.5157142124234095, 'surface_wetness': [0.5680242055347913]}",2.131293685803551,2015-10-21,True,10.394062897609397,50.0,[],[]
2015-10-27,wheat,0,BBCH0,0.009156879105407108,0.2778858995437622,0.6628605306948308,14.688471678054619,0.0,0.0,0.0,0.0,2.7296641831357134,0.0,0.0,0.0,0.0,0.0,0.23440721032712974,0.0,0.0,666.746453094494,0.0,663.7823817010311,-2.9640713934628593,1.5987211554602254e-14,2.7573139667510986,provided,explicit_hourly,0.0,3.571165073723062,0.0,666.746453094494,663.7823817010311,1.0,0.9999999972087763,0.5431488450801907,3.571165073723062,1.0,0.0,atmospheric,,,,,0.0,1.0,0.0,0.0,0.0,0.0,49.82117936239986,0.0,49.82117936239986,0.0,0.0,0.0,0.0,0.0,0.0,0.0,0.0,0.0,183.62549854437503,"[0.21270935149005107, 0.2802901771452257, 0.3154368353131047, 0.34766886121293017, 0.35173922882630426, 0.3390640848915022, 0.34152059418932007, 0.3435534757747548]","[0.21270935149005107, 0.2802901771452257, 0.3154368353131047, 0.34766886121293017, 0.35173922882630426, 0.3390640848915022, 0.34152059418932007, 0.3435534757747548]",[],1.0,"{'input_timing_assumptions': [], 'bottom_boundary': 'free_drainage', 'substeps': 24, 'precipitation_timing': 'explicit_hourly', 'plant_water_stress_method': 'compensated_layer_depletion', 'root_zone_stress_factor': 0.9999999972087763, 'root_zone_depletion_fraction': 0.5431488450801907, 'readily_available_water_adjustment': 'none', 'potential_et_demand_mm': 3.571165073723062, 'surface_wetness': [0.5010584596472581]}",2.7296641831357134,2015-10-21,True,10.52225205421176,50.0,[],[]
2015-10-28,wheat,0,BBCH0,0.010499240849120881,0.2931173038482666,0.6590879039576936,16.841742702742582,0.0,0.0,0.0,0.0,2.4142630704431824,0.0,0.0,0.0,0.0,0.0,0.23492869076657952,0.0,0.0,663.7823817010311,0.0,661.1331899398215,-2.649191761209636,-1.2612133559741778e-13,2.7356622219085693,provided,explicit_hourly,0.0,3.5431225816821894,0.0,663.7823817010311,661.1331899398215,1.0,0.9999999946233984,0.5431488450801907,3.5431225816821894,1.0,0.0,atmospheric,,,,,0.0,1.0,0.0,0.0,0.0,0.0,49.82117936239986,0.0,49.82117936239986,0.0,0.0,0.0,0.0,0.0,0.0,0.0,0.0,0.0,187.08890185647155,"[0.1963145143433972, 0.2762312933072031, 0.3138977806770562, 0.34712604209424086, 0.35152825416759387, 0.3387802620821357, 0.34146292833386016, 0.34359729891464197]","[0.1963145143433972, 0.2762312933072031, 0.3138977806770562, 0.34712604209424086, 0.35152825416759387, 0.3387802620821357, 0.34146292833386016, 0.34359729891464197]",[],1.0,"{'input_timing_assumptions': [], 'bottom_boundary': 'free_drainage', 'substeps': 24, 'precipitation_timing': 'explicit_hourly', 'plant_water_stress_method': 'compensated_layer_depletion', 'root_zone_stress_factor': 0.9999999946233984, 'root_zone_depletion_fraction': 0.5431488450801907, 'readily_available_water_adjustment': 'none', 'potential_et_demand_mm': 3.5431225816821894, 'surface_wetness': [0.4511841096327949]}",2.4142630704431824,2015-10-21,True,8.320935149005107,50.0,[],[]
2015-10-29,wheat,0,BBCH0,0.011685980302051226,0.3108950816260444,0.6553422473851946,18.745381338017808,0.0,0.0,0.0,0.0,2.001003495134383,0.0,0.0,0.0,0.0,0.0,0.235314558452649,0.0,0.0,661.1331899398215,0.0,658.8968718862343,-2.2363180535871834,1.5143442055887135e-13,2.481074333190918,provided,explicit_hourly,0.0,3.2133903178396945,0.0,661.1331899398215,658.8968718862343,1.0,0.9999999928855766,0.5431488450801907,3.2133903178396945,1.0,0.0,atmospheric,,,,,0.0,1.0,0.0,0.0,0.0,0.0,49.82117936239986,0.0,49.82117936239986,0.0,0.0,0.0,0.0,0.0,0.0,0.0,0.0,0.0,190.15078690431523,"[0.18541604943104115, 0.27112203893908393, 0.3121647042440474, 0.3465812866275398, 0.35131251263799795, 0.3385043725299282, 0.34139986083051793, 0.34362824388587765]","[0.18541604943104115, 0.27112203893908393, 0.3121647042440474, 0.3465812866275398, 0.35131251263799795, 0.3385043725299282, 0.34139986083051793, 0.34362824388587765]",[],1.0,"{'input_timing_assumptions': [], 'bottom_boundary': 'free_drainage', 'substeps': 24, 'precipitation_timing': 'explicit_hourly', 'plant_water_stress_method': 'compensated_layer_depletion', 'root_zone_stress_factor': 0.9999999928855766, 'root_zone_depletion_fraction': 0.5431488450801907, 'readily_available_water_adjustment': 'none', 'potential_et_demand_mm': 3.2133903178396945, 'surface_wetness': [0.4180301448329599]}",2.001003495134383,2015-10-21,True,6.681451434339719,50.0,[],[]
2015-10-30,wheat,0,BBCH0,0.012826571624404122,0.3286728594038222,0.6516249356988011,20.574994150610525,0.0,0.0,0.0,0.0,1.5932430545898275,0.0,0.0,0.0,0.0,0.0,0.23557249829584304,0.0,0.0,658.8968718862343,0.0,657.0680563333486,-1.8288155528856578,-1.2878587085651816e-14,2.103769540786743,provided,explicit_hourly,0.0,2.724719925918472,0.0,658.8968718862343,657.0680563333486,1.0,0.9999999918394457,0.5431488450801907,2.724719925918472,1.0,0.0,atmospheric,,,,,0.0,1.0,0.0,0.0,0.0,0.0,49.82117936239986,0.0,49.82117936239986,0.0,0.0,0.0,0.0,0.0,0.0,0.0,0.0,0.0,193.09360599319706,"[0.17871300456016193, 0.26621904306472477, 0.31023407978796125, 0.34603270357412036, 0.35109230355724136, 0.3382359450606162, 0.3413318040310818, 0.34364710616669997]","[0.17871300456016193, 0.26621904306472477, 0.31023407978796125, 0.34603270357412036, 0.35109230355724136, 0.3382359450606162, 0.3413318040310818, 0.34364710616669997]",[],1.0,"{'input_timing_assumptions': [], 'bottom_boundary': 'free_drainage', 'substeps': 24, 'precipitation_timing': 'explicit_hourly', 'plant_water_stress_method': 'compensated_layer_depletion', 'root_zone_stress_factor': 0.9999999918394457, 'root_zone_depletion_fraction': 0.5431488450801907, 'readily_available_water_adjustment': 'none', 'potential_et_demand_mm': 2.724719925918472, 'surface_wetness': [0.39763896905838914]}",1.5932430545898275,2015-10-21,True,5.591604943104114,50.0,[],[]
2015-10-31,wheat,9,BBCH9,0.014117474861095212,0.34645063718159996,0.6479373759424056,22.645721023050008,0.002067083409731824,0.0,0.0,0.0,1.3736385836734917,0.13664946241684928,0.0,0.0,0.0,0.0,0.2357101228122318,0.0,0.0,657.0680563333486,0.13664946362077446,655.3220581644462,-1.7459981689024744,-9.836575998178887e-14,2.0619654655456543,provided,explicit_hourly,0.13664946362077443,2.4595847080528306,0.0,657.0680563333486,655.3220581644462,0.9999999911896823,0.9999999911896824,0.5431488450801907,2.596234171673605,0.9999999911896823,0.13664946362077443,atmospheric,,,,,0.0,1.0,7.467924003065379,7.4679238806968575,0.14574448335913284,8.936990412757249,57.28910324309672,0.0,51.17118427134663,5.872177784773237,0.24574118697685066,1.5890816690739762,0.0,0.0,0.0,0.0,0.0,8.881784197001252e-16,196.4242421398909,"[0.17333570871141413, 0.26109334186176736, 0.3081422621696571, 0.3454789046712892, 0.35086787889460813, 0.33797453556787194, 0.34125913437325844, 0.3436546483366549]","[0.17333570871141413, 0.26109334186176736, 0.3081422621696571, 0.3454789046712892, 0.35086787889460813, 0.33797453556787194, 0.34125913437325844, 0.3436546483366549]",[],1.0,"{'input_timing_assumptions': [], 'bottom_boundary': 'free_drainage', 'substeps': 24, 'precipitation_timing': 'explicit_hourly', 'plant_water_stress_method': 'compensated_layer_depletion', 'root_zone_stress_factor': 0.9999999911896824, 'root_zone_depletion_fraction': 0.5431488450801907, 'readily_available_water_adjustment': 'none', 'potential_et_demand_mm': 2.596234171673605, 'surface_wetness': [0.38128082332673086]}",1.510288046090341,2015-10-21,True,4.921300456016192,50.0,[],[]
2015-11-01,wheat,9,BBCH9,0.015900393890706802,0.3589708254072401,0.6442810073832035,25.50568623273049,0.0055452902235153135,0.0,0.0,0.0,1.5984925692286005,0.17254342809477574,0.0,0.0,0.0,0.0,0.23573490247543155,0.0,0.0,655.3220581644462,0.1725434297324986,653.3152872646473,-2.0067708997988802,7.238654120556021e-14,2.537696361541748,provided,explicit_hourly,0.1725434297324986,3.020311021115891,0.0,655.3220581644462,653.3152872646473,0.9999999905083442,0.9999999905083441,0.5431488450801907,3.1928544508483894,0.9999999905083442,0.1725434297324986,atmospheric,,,,,0.0,1.0,9.201411184920055,9.201411022486901,0.15206388087699213,20.282719304483543,66.49051426558361,0.0,53.390827082380326,12.515879625620292,0.5838075575830075,3.3869469921332938,0.0,0.0,0.0,0.0,0.0,-7.105427357601002e-15,201.02431935549527,"[0.16540304045403484, 0.25615044076752425, 0.30591693668141345, 0.3449188574166775, 0.35063945462245427, 0.3377197255340944, 0.3411821971861966, 0.3436515980645383]","[0.16540304045403484, 0.25615044076752425, 0.30591693668141345, 0.3449188574166775, 0.35063945462245427, 0.3377197255340944, 0.3411821971861966, 0.3436515980645383]",[],1.0,"{'input_timing_assumptions': [], 'bottom_boundary': 'free_drainage', 'substeps': 24, 'precipitation_timing': 'explicit_hourly', 'plant_water_stress_method': 'compensated_layer_depletion', 'root_zone_stress_factor': 0.9999999905083441, 'root_zone_depletion_fraction': 0.5431488450801907, 'readily_available_water_adjustment': 'none', 'potential_et_demand_mm': 3.1928544508483894, 'surface_wetness': [0.35714903905353956]}",1.7710359973233762,2015-10-21,True,4.38357087114141,50.0,[],[]
2015-11-02,wheat,9,BBCH9,0.017902881133767912,0.36875589317745633,0.6406573013134722,28.7178589410062,0.009451841591048261,0.0,0.0,0.0,1.6950011141811006,0.20526372918617564,0.0,0.0,0.0,0.0,0.23565411242628087,0.0,0.0,653.3152872646473,0.20526373130208314,651.1793683088538,-2.1359189557934997,-5.728750807065808e-14,2.8987045288085938,provided,explicit_hourly,0.20526373130208322,3.437353212962504,0.0,653.3152872646473,651.1793683088538,0.9999999896917615,0.9999999896917611,0.5431488450801907,3.6426169442645873,0.9999999896917615,0.20526373130208322,atmospheric,,,,,4.440892098500626e-16,1.0,13.815531115472282,13.81553085060379,0.16189094075500557,31.59180839956919,80.30604511618742,0.0,56.84340879787233,22.491117936366706,0.9715183819483855,6.086366002462817,0.0,0.0,0.0,0.0,0.0,1.5987211554602254e-14,206.1909005565219,"[0.15673592027839806, 0.2509360264102105, 0.30352565424003325, 0.34435160988160907, 0.350407217672782, 0.3374711206781364, 0.3411013104780854, 0.34363864709604447]","[0.15673592027839806, 0.2509360264102105, 0.30352565424003325, 0.34435160988160907, 0.350407217672782, 0.3374711206781364, 0.3411013104780854, 0.34363864709604447]",[],1.0,"{'input_timing_assumptions': [], 'bottom_boundary': 'free_drainage', 'substeps': 24, 'precipitation_timing': 'explicit_hourly', 'plant_water_stress_method': 'compensated_layer_depletion', 'root_zone_stress_factor': 0.9999999896917611, 'root_zone_depletion_fraction': 0.5431488450801907, 'readily_available_water_adjustment': 'none', 'potential_et_demand_mm': 3.6426169442645873, 'surface_wetness': [0.33078299580526316]}",1.9002648433672762,2015-10-21,True,3.5903040454034834,50.0,[],[]
2015-11-03,wheat,10,BBCH10,0.020058796537649554,0.37673554049597846,0.6370677607476267,32.176144453533915,0.013657708219414165,0.0,0.0,0.0,1.8817424239871314,0.26522575865088804,0.0,0.0,0.0,0.0,0.2354747925599363,0.0,0.0,651.1793683088538,0.2652257616212335,648.7969253336558,-2.3824429751979324,-2.353672812205332e-14,3.528010368347168,provided,explicit_hourly,0.26522576162123346,4.159821728796429,0.0,651.1793683088538,648.7969253336558,0.9999999888006902,0.9999999888006903,0.5431488450801907,4.425047490417663,0.9999999888006902,0.26522576162123346,atmospheric,,,,,0.0,1.0,14.950758702691292,14.950758391281155,0.17284802910189662,42.7534042421919,95.25680350746858,0.0,60.69413897103561,33.153793838291165,1.408870698141797,8.971813861851716,0.0,0.0,0.0,0.0,0.0,0.0,211.75333898667708,"[0.14669453150243203, 0.24500476624813092, 0.30091151947285216, 0.3437757232048877, 0.3501713243006953, 0.33722834966172927, 0.34101676796353997, 0.3436164509873183]","[0.14669453150243203, 0.24500476624813092, 0.30091151947285216, 0.3437757232048877, 0.3501713243006953, 0.33722834966172927, 0.34101676796353997, 0.3436164509873183]",[],1.0,"{'input_timing_assumptions': [], 'bottom_boundary': 'free_drainage', 'substeps': 24, 'precipitation_timing': 'explicit_hourly', 'plant_water_stress_method': 'compensated_layer_depletion', 'root_zone_stress_factor': 0.9999999888006903, 'root_zone_depletion_fraction': 0.5431488450801907, 'readily_available_water_adjustment': 'none', 'potential_et_demand_mm': 4.425047490417663, 'surface_wetness': [0.30023632224186986]}",2.1469681826380196,2015-10-21,True,2.723592027839805,50.0,[],[]
2015-11-04,wheat,10,BBCH10,0.02227520134487779,0.38428221119774714,0.6335139200088358,35.731460502082825,0.017981580574000663,0.0,0.0,0.0,1.1642491984496184,0.18744819326116188,0.0,0.0,0.0,0.0,0.23520371853969688,0.0,0.0,648.7969253336558,0.18744819545609542,647.2100242234053,-1.586901110250551,7.394085344003543e-14,2.342670440673828,provided,explicit_hourly,0.1874481954560955,2.7447075334338735,0.0,648.7969253336558,647.2100242234053,0.9999999882904526,0.999999988290452,0.5431488450801907,2.932155728889969,0.9999999882904526,0.1874481954560955,atmospheric,,,,,4.440892098500626e-16,1.0,15.181211633277965,15.181211302661255,0.18388759252680556,53.493590189701806,110.43801481012983,0.0,64.57504895930359,43.98082559698166,1.8821402538445895,11.901738385395621,0.0,0.0,0.0,0.0,0.0,-1.7763568394002505e-15,217.47184503487813,"[0.14354319785990857, 0.24031220284961102, 0.29821044963306825, 0.3431898630375086, 0.34993189628733684, 0.33699106277810137, 0.3409288415178519, 0.34358562938995857]","[0.14354319785990857, 0.24031220284961102, 0.29821044963306825, 0.3431898630375086, 0.34993189628733684, 0.33699106277810137, 0.3409288415178519, 0.34358562938995857]",[],1.0,"{'input_timing_assumptions': [], 'bottom_boundary': 'free_drainage', 'substeps': 24, 'precipitation_timing': 'explicit_hourly', 'plant_water_stress_method': 'compensated_layer_depletion', 'root_zone_stress_factor': 0.999999988290452, 'root_zone_depletion_fraction': 0.5431488450801907, 'readily_available_water_adjustment': 'none', 'potential_et_demand_mm': 2.932155728889969, 'surface_wetness': [0.29064972399184413]}",1.3516973917107802,2015-10-21,True,1.7194531502432024,50.0,[],[]
2015-11-05,wheat,10,BBCH10,0.0241519369460297,0.397572799258762,0.6299973441994482,38.74191607405153,0.021642809405586293,0.6455105775280785,0.0,0.0,1.0395266195061372,0.120419586566073,0.06530250029578812,0.0,0.0,0.0,0.2348473817128415,0.0,0.0,647.2100242234053,0.12041958801381593,646.3954387128525,-0.8145855105527744,1.3100631690576847e-14,2.137183427810669,provided,explicit_hourly,0.1813566337133784,2.4879744152651915,0.0,647.2100242234053,646.3954387128525,0.999999987977513,0.9999999879865183,0.5431488450801907,2.6693310489785698,0.999999987977513,0.1813566337133784,atmospheric,,,,,0.3360067092768675,1.0,6.664035102503195,6.664034953495106,0.1881430415749483,63.61984149933461,117.10204976362496,0.0,66.07168736776282,48.733523958400745,2.296838437461382,13.187875508892239,0.0,0.0,0.0,0.0,0.0,2.6645352591003757e-14,222.31397669379774,"[0.14623930730954285, 0.23736198773130926, 0.2956257702450322, 0.34259432125110845, 0.34968903831306497, 0.3367589307232118, 0.3408377831969631, 0.3435467667380213]","[0.14623930730954285, 0.23736198773130926, 0.2956257702450322, 0.34259432125110845, 0.34968903831306497, 0.3367589307232118, 0.3408377831969631, 0.3435467667380213]",[],1.0,"{'input_timing_assumptions': [], 'bottom_boundary': 'free_drainage', 'substeps': 24, 'precipitation_timing': 'explicit_hourly', 'plant_water_stress_method': 'compensated_layer_depletion', 'root_zone_stress_factor': 0.9999999879865183, 'root_zone_depletion_fraction': 0.5431488450801907, 'readily_available_water_adjustment': 'none', 'potential_et_demand_mm': 2.6693310489785698, 'surface_wetness': [0.2988514953888724]}",1.2252487063679984,2015-10-21,True,1.4043197859908556,50.0,[],[]
2015-11-06,wheat,11,BBCH11,0.024985945672950094,0.41535057703653977,0.6265196285494514,40.07974236001689,0.02326983496790886,13.388904339006244,0.0,0.0,1.1356792581642852,0.0023624215894535987,0.12147178291210907,0.0,0.0,0.0,0.23440944629943344,0.0,0.0,646.3954387128525,0.002362421617154468,658.2904201428935,11.894981430040957,5.329070518200751e-15,1.2059557437896729,provided,explicit_hourly,0.10457609800711015,1.4004369921273692,0.0,646.3954387128525,658.1942934539601,0.9999999882743753,0.9999999970867701,0.5431488450801907,1.5050130901344794,0.9999999882743753,0.10457609800711015,atmospheric,,,,,0.9774095451812148,1.0,0.4313885796849303,0.4313885702772427,0.18778068218350838,68.70396827653559,117.53343833390218,0.0,65.9445033997841,49.11027041112124,2.4786645229968443,13.289827613179542,0.0,0.0,0.0,0.0,0.0,-2.1593837828959295e-14,224.4657875604738,"[0.2663664034207515, 0.2422103061071534, 0.29366351316341077, 0.3419929901006333, 0.34944286030260474, 0.3365316662702338, 0.34074381365823864, 0.34350037852542864]","[0.2663664034207515, 0.2422103061071534, 0.29366351316341077, 0.3419929901006333, 0.34944286030260474, 0.3365316662702338, 0.34074381365823864, 0.34350037852542864]",[],1.0,"{'input_timing_assumptions': [], 'bottom_boundary': 'free_drainage', 'substeps': 24, 'precipitation_timing': 'explicit_hourly', 'plant_water_stress_method': 'compensated_layer_depletion', 'root_zone_stress_factor': 0.9999999970867701, 'root_zone_depletion_fraction': 0.5431488450801907, 'readily_available_water_adjustment': 'none', 'potential_et_demand_mm': 1.5050130901344794, 'surface_wetness': [0.6642873203427218]}",1.2595134626658477,2015-10-21,True,1.6739307309542841,50.0,[],[]
2015-11-07,wheat,11,BBCH11,0.025545798724028415,0.4331283548143175,0.6230823976372142,40.977797864515196,0.024362024049205677,3.4088760000280445,0.0,0.0,0.943180482048122,0.0,0.08403817005921387,0.0,0.0,0.0,0.23390245506259566,0.0,0.0,658.2904201428935,0.0,660.4381750357516,2.1477548928580745,3.8191672047105385e-14,0.8143913745880127,provided,explicit_hourly,0.07049231745993224,0.945924869980686,0.0,658.1942934539601,660.3884876382695,1.0,0.9999999999999996,0.5431488450801907,1.0164171874406183,1.0,0.07049231745993224,atmospheric,,,,,1.0,1.0,1.0427500056161219,1.0427500056161219,0.18768915338526293,71.93833839651217,118.5761883395183,0.0,65.91247373274192,50.067527537413646,2.596187069362749,13.548872861422213,0.0,0.0,0.0,0.0,0.0,-8.215650382226158e-15,225.91025431503698,"[0.2840326478229756, 0.25207462267404124, 0.2926344653579351, 0.3413945536284677, 0.3491936069355211, 0.3363089365623153, 0.3406471752232062, 0.3434470468246064]","[0.2840326478229756, 0.25207462267404124, 0.2926344653579351, 0.3413945536284677, 0.3491936069355211, 0.3363089365623153, 0.3406471752232062, 0.3434470468246064]",[],1.0,"{'input_timing_assumptions': [], 'bottom_boundary': 'free_drainage', 'substeps': 24, 'precipitation_timing': 'explicit_hourly', 'plant_water_stress_method': 'compensated_layer_depletion', 'root_zone_stress_factor': 0.9999999999999996, 'root_zone_depletion_fraction': 0.5431488450801907, 'readily_available_water_adjustment': 'none', 'potential_et_demand_mm': 1.0164171874406183, 'surface_wetness': [0.7180293885850647]}",1.0272186521073359,2015-10-21,True,13.686640342075153,50.0,[],[]
2015-11-08,wheat,11,BBCH11,0.026470528489211272,0.45090613259209533,0.619687304476802,42.46114899423819,0.02616603270958108,2.2339017544878135,0.0,0.0,0.9866233209018114,0.0,0.0876088230198322,0.0,0.0,0.0,0.23332682666486615,0.0,0.0,660.4381750357516,0.0,661.3645178196527,0.9263427839011911,1.127986593019159e-13,0.8493854999542236,provided,explicit_hourly,0.07348742791821333,0.9866233209018112,0.0,660.3884876382695,661.3148271807717,1.0,0.9999999999999996,0.5431488450801907,1.0601107488200245,1.0,0.07348742791821333,atmospheric,,,,,1.0,1.0,5.3430986725341825,5.3430986725341825,0.18914298879876879,76.43543362017719,123.91928701205251,0.0,66.42403474678446,54.71177120056855,2.783481064699494,14.805660844062867,0.0,0.0,0.0,0.0,0.0,2.842170943040401e-14,228.2961328954768,"[0.2893449979753047, 0.26055578093943177, 0.29229382239003837, 0.34080773747615195, 0.34894161016974323, 0.33609048509528117, 0.340548060846624, 0.34338723377150093]","[0.2893449979753047, 0.26055578093943177, 0.29229382239003837, 0.34080773747615195, 0.34894161016974323, 0.33609048509528117, 0.340548060846624, 0.34338723377150093]",[],1.0,"{'input_timing_assumptions': [], 'bottom_boundary': 'free_drainage', 'substeps': 24, 'precipitation_timing': 'explicit_hourly', 'plant_water_stress_method': 'compensated_layer_depletion', 'root_zone_stress_factor': 0.9999999999999996, 'root_zone_depletion_fraction': 0.5431488450801907, 'readily_available_water_adjustment': 'none', 'potential_et_demand_mm': 1.0601107488200245, 'surface_wetness': [0.7341899645350811]}",1.0742321439216436,2015-10-21,True,15.453264782297557,50.0,[],[]
2015-11-09,wheat,11,BBCH11,0.027661328900472893,0.46868391036987306,0.6163360294662666,44.37130177813851,0.028489105174183498,0.0,0.0,0.0,1.1136124550845385,0.0418557629638826,0.049690638881042484,0.0,0.0,0.0,0.23268835741442626,0.0,0.0,661.3645178196527,0.041855762963882596,659.9266706053088,-1.4378472143439467,5.684341886080802e-14,0.9605185389518738,provided,explicit_hourly,0.0837115259277652,1.1147720663500444,0.0,661.3148271807717,659.9266706053088,1.0,0.9999999999999996,0.5431488450801907,1.1984835922778097,1.0,0.0837115259277652,atmospheric,,,,,0.5,1.0,8.750139120665226,8.750139120665226,0.19252675318331078,81.29971125409384,132.66942613271772,0.0,67.61459750250975,62.036322012592066,3.0185066176159054,16.7877720566642,0.0,0.0,0.0,0.0,0.0,-1.5987211554602254e-14,231.3684955486312,"[0.2754091091828459, 0.2646063029267961, 0.2922812810532212, 0.34023732996533185, 0.3486872905786849, 0.33587606447901963, 0.3404466558296994, 0.3433213872706834]","[0.2754091091828459, 0.2646063029267961, 0.2922812810532212, 0.34023732996533185, 0.3486872905786849, 0.33587606447901963, 0.3404466558296994, 0.3433213872706834]",[],1.0,"{'input_timing_assumptions': [], 'bottom_boundary': 'free_drainage', 'substeps': 24, 'precipitation_timing': 'explicit_hourly', 'plant_water_stress_method': 'compensated_layer_depletion', 'root_zone_stress_factor': 0.9999999999999996, 'root_zone_depletion_fraction': 0.5431488450801907, 'readily_available_water_adjustment': 'none', 'potential_et_demand_mm': 1.1984835922778097, 'surface_wetness': [0.6917959237050031]}",1.2051588569294636,2015-10-21,True,15.984499797530473,50.0,[],[]
2015-11-10,wheat,11,BBCH11,0.02899289109540605,0.48646168814765084,0.6130302791914466,46.50724933873202,0.031086782703264548,0.0072529277918560574,0.0,0.0,1.0257581370093116,0.08062419219847879,0.0007663200512857292,0.0,0.0,0.0,0.23199254898452965,0.0,0.0,659.9266706053088,0.08062419219847879,658.5947823348571,-1.3318882704517137,-3.6193270602780103e-14,0.9183574318885803,provided,explicit_hourly,0.08139051224976449,1.0637503891045466,0.0,659.9266706053088,658.5947823348571,1.0,0.9999999999999996,0.5431488450801907,1.145140901354311,1.0,0.08139051224976449,atmospheric,,,,,0.00941534867029803,1.0,6.359379316980181,6.359379316980181,0.19497903471084221,87.0148175121547,139.0288054496979,0.0,68.47773836930754,67.27346736169517,3.2775997186951926,18.20500633967853,0.0,0.0,0.0,0.0,0.0,0.0,234.80403513979624,"[0.2642857307977207, 0.26625619818770485, 0.2923388915185423, 0.3396840925576356, 0.348431084877687, 0.33566544145806765, 0.3403431354257507, 0.3432499335448196]","[0.2642857307977207, 0.26625619818770485, 0.2923388915185423, 0.3396840925576356, 0.348431084877687, 0.33566544145806765, 0.3403431354257507, 0.3432499335448196]",[],1.0,"{'input_timing_assumptions': [], 'bottom_boundary': 'free_drainage', 'substeps': 24, 'precipitation_timing': 'explicit_hourly', 'plant_water_stress_method': 'compensated_layer_depletion', 'root_zone_stress_factor': 0.9999999999999996, 'root_zone_depletion_fraction': 0.5431488450801907, 'readily_available_water_adjustment': 'none', 'potential_et_demand_mm': 1.145140901354311, 'surface_wetness': [0.6579577548985337]}",1.107148649259076,2015-10-21,True,14.59091091828459,50.0,[],[]
2015-11-11,wheat,11,BBCH11,0.030639685741434972,0.5042394659254286,0.6097717850800113,49.14885858565156,0.034299431322516644,0.02901171116742423,0.0,0.0,0.9094227881959441,0.07341518206000981,0.003102158185666094,0.0,0.0,0.0,0.23124408732821133,0.0,0.0,658.5947823348571,0.07341518206000981,657.4066098302546,-1.1881725046024485,4.1300296516055823e-14,0.8531081080436707,provided,explicit_hourly,0.07651734024567591,0.9867663917614259,0.0,658.5947823348571,657.4066098302546,1.0,0.9999999999999996,0.5431488450801907,1.0632837320071018,1.0,0.07651734024567591,atmospheric,,,,,0.04054189776730255,1.0,4.425189086848606,4.425189086848606,0.19674528887461895,94.31260027685069,143.4539945365465,0.0,69.09981577915035,70.76194697665291,3.592231780743255,19.149030722496438,0.0,0.0,0.0,0.0,0.0,-1.7763568394002505e-15,239.05290028967758,"[0.2554598603438844, 0.2669603175759474, 0.29242297235540793, 0.3391475950552346, 0.348173400756782, 0.33545840044225433, 0.34023766315222953, 0.3431732714929903]","[0.2554598603438844, 0.2669603175759474, 0.29242297235540793, 0.3391475950552346, 0.348173400756782, 0.33545840044225433, 0.34023766315222953, 0.3431732714929903]",[],1.0,"{'input_timing_assumptions': [], 'bottom_boundary': 'free_drainage', 'substeps': 24, 'precipitation_timing': 'explicit_hourly', 'plant_water_stress_method': 'compensated_layer_depletion', 'root_zone_stress_factor': 0.9999999999999996, 'root_zone_depletion_fraction': 0.5431488450801907, 'readily_available_water_adjustment': 'none', 'potential_et_demand_mm': 1.0632837320071018, 'surface_wetness': [0.6311087811478686]}",0.98594012844162,2015-10-21,True,13.47857307977207,50.0,[],[]
2015-11-12,wheat,11,BBCH11,0.032407309638965265,0.5220172437032065,0.6065623019007447,51.98428900440578,0.03774779963452898,0.0,0.0,0.0,1.0623609024423413,0.09447530581128806,0.0,0.0,0.0,0.0,0.2304473747519209,0.0,0.0,657.4066098302546,0.09447530581128806,656.0193262472491,-1.3872835830055692,1.887379141862766e-14,1.0443938970565796,provided,explicit_hourly,0.09447530581128809,1.206784440595406,0.0,657.4066098302546,656.0193262472491,1.0,0.9999999999999996,0.5431488450801907,1.3012597464066942,1.0,0.09447530581128809,atmospheric,,,,,3.3306690738754696e-16,1.0,6.523591058752675,6.523591058752675,0.1998927632260547,101.15471174016248,149.9775855952992,0.0,70.20823591422567,75.84622877122028,3.923120909853232,20.524898296040202,0.0,0.0,0.0,0.0,0.0,1.0658141036401503e-14,243.61351481099902,"[0.24535802958760486, 0.266970778021044, 0.29246339000265603, 0.3386268209941068, 0.34791460914227046, 0.3352547421954135, 0.3401303917271989, 0.3430917742096965]","[0.24535802958760486, 0.266970778021044, 0.29246339000265603, 0.3386268209941068, 0.34791460914227046, 0.3352547421954135, 0.3401303917271989, 0.3430917742096965]",[],1.0,"{'input_timing_assumptions': [], 'bottom_boundary': 'free_drainage', 'substeps': 24, 'precipitation_timing': 'explicit_hourly', 'plant_water_stress_method': 'compensated_layer_depletion', 'root_zone_stress_factor': 0.9999999999999996, 'root_zone_depletion_fraction': 0.5431488450801907, 'readily_available_water_adjustment': 'none', 'potential_et_demand_mm': 1.3012597464066942, 'surface_wetness': [0.6003782384520917]}",1.1568362082536294,2015-10-21,True,12.59598603438844,50.0,[],[]
2015-11-13,wheat,12,BBCH12,0.034099123809624786,0.5397950214809841,0.6034036061033738,54.698113686833864,0.041048274573834184,2.8939182605516116,0.0,0.0,0.6449241210022444,0.009182010645888375,0.055255060537051454,0.0,0.0,0.0,0.22960654040857595,0.0,0.0,656.0193262472491,0.009182010645888375,657.9742767752069,1.9549505279578625,-1.1102230246251565e-14,0.6118237972259521,provided,explicit_hourly,0.05618032713259948,0.7056655596275773,0.0,656.0193262472491,657.8714041897597,1.0,0.9999999999999996,0.5431488450801907,0.7618458867601767,1.0,0.05618032713259948,atmospheric,,,,,0.8365618159499756,1.0,2.8350074894463013,2.8350074894463013,0.20070472813811036,108.55777431195693,152.8125930847455,0.0,70.49476362687743,78.08184684465833,4.235982613209721,21.129883333918798,0.0,0.0,0.0,0.0,0.0,-3.552713678800501e-15,247.97853402400438,"[0.26670643563251994, 0.26775997439653926, 0.2925849549324103, 0.3381210034751496, 0.3476550415690666, 0.33505428253510083, 0.3400214638926005, 0.3430057904824169]","[0.26670643563251994, 0.26775997439653926, 0.2925849549324103, 0.3381210034751496, 0.3476550415690666, 0.33505428253510083, 0.3400214638926005, 0.3430057904824169]",[],1.0,"{'input_timing_assumptions': [], 'bottom_boundary': 'free_drainage', 'substeps': 24, 'precipitation_timing': 'explicit_hourly', 'plant_water_stress_method': 'compensated_layer_depletion', 'root_zone_stress_factor': 0.9999999999999996, 'root_zone_depletion_fraction': 0.5431488450801907, 'readily_available_water_adjustment': 'none', 'potential_et_demand_mm': 0.7618458867601767, 'surface_wetness': [0.6653217243684666]}",0.7093611921851842,2015-10-21,True,11.585802958760484,50.0,[],[]
2015-11-14,wheat,12,BBCH12,0.03619254074964449,0.5574971628189087,0.6002974939946448,58.05614594650211,0.045132216101146594,0.0,0.0,0.0,1.0260682964577268,0.0016588026226508992,0.10287258544728198,0.0,0.0,0.0,0.22872545170135303,0.0,0.0,657.9742767752069,0.0016588026226508992,656.6149516389779,-1.3593251362290175,4.884981308350689e-15,0.9576799273490906,provided,explicit_hourly,0.08827516375766217,1.1040491691133403,0.0,657.8714041897597,656.6149516389779,1.0,0.9999999999999996,0.5431488450801907,1.1923243328710025,1.0,0.08827516375766217,atmospheric,,,,,0.9812087278908399,1.0,8.064340625673355,8.064340625673355,0.20545958777760684,115.2258765836694,160.87693371041883,0.0,72.16993184996052,84.09287812931989,4.614123731138427,22.75654042380708,0.0,0.0,0.0,0.0,0.0,-1.5987211554602254e-14,253.37972129533145,"[0.25676083289964535, 0.2686685578358999, 0.29273695550518697, 0.33763001015184113, 0.3473950035980881, 0.33485685115212704, 0.33991101314365474, 0.3429156462499579]","[0.25676083289964535, 0.2686685578358999, 0.29273695550518697, 0.33763001015184113, 0.3473950035980881, 0.33485685115212704, 0.33991101314365474, 0.3429156462499579]",[],1.0,"{'input_timing_assumptions': [], 'bottom_boundary': 'free_drainage', 'substeps': 24, 'precipitation_timing': 'explicit_hourly', 'plant_water_stress_method': 'compensated_layer_depletion', 'root_zone_stress_factor': 0.9999999999999996, 'root_zone_depletion_fraction': 0.5431488450801907, 'readily_available_water_adjustment': 'none', 'potential_et_demand_mm': 1.1923243328710025, 'surface_wetness': [0.6350664392828549]}",1.1305996845276598,2015-10-21,True,13.720643563251995,50.0,[],[]
2015-11-15,wheat,12,BBCH12,0.03844501424631544,0.5740790711508856,0.5972457797468111,61.66931947217235,0.04952645304285134,1.1894801740759509,0.0,0.0,0.9039043164891923,0.05675177782464409,0.0293667485777714,0.0,0.0,0.0,0.22780772624600554,0.0,0.0,656.6149516389779,0.05675177782464409,656.5866012439161,-0.02835039506180692,1.4432899320127035e-13,0.8787177801132202,provided,explicit_hourly,0.08280360992422531,1.010228785293566,0.0,656.6149516389779,656.4823417171801,1.0,0.9999999999999996,0.5431488450801907,1.0930323952177914,1.0,0.08280360992422531,atmospheric,,,,,0.31462193645206527,1.0,4.439162492404767,4.439162492404767,0.20767262928720553,123.72296835832216,165.3160962028236,0.0,72.95047688571182,87.34497451489025,5.020644802221518,23.636596672405688,0.0,0.0,0.0,0.0,0.0,-5.329070518200751e-15,259.1912875183057,"[0.25895338288231284, 0.2687717052532916, 0.29279860113573136, 0.33715268259076275, 0.3471347729650133, 0.33466229057322505, 0.3397991643864627, 0.3428216460096281]","[0.25895338288231284, 0.2687717052532916, 0.29279860113573136, 0.33715268259076275, 0.3471347729650133, 0.33466229057322505, 0.3397991643864627, 0.3428216460096281]",[],1.0,"{'input_timing_assumptions': [], 'bottom_boundary': 'free_drainage', 'substeps': 24, 'precipitation_timing': 'explicit_hourly', 'plant_water_stress_method': 'compensated_layer_depletion', 'root_zone_stress_factor': 0.9999999999999996, 'root_zone_depletion_fraction': 0.5431488450801907, 'readily_available_water_adjustment': 'none', 'potential_et_demand_mm': 1.0930323952177914, 'surface_wetness': [0.6417363442219279]}",0.9900228428916079,2015-10-21,True,12.726083289964533,50.0,[],[]
2015-11-16,wheat,12,BBCH12,0.04015102648373667,0.5918568489286635,0.5942502932352488,64.40591915240392,0.05285462627452593,1.4578385118313666,0.0,0.0,1.0858819077144826,0.0,0.1126948621036143,0.0,0.0,0.0,0.22685674411973417,0.0,0.0,656.5866012439161,0.0,656.6190062418096,0.03240499789353635,-8.881784197001252e-16,0.9930926561355591,provided,explicit_hourly,0.09452992598379745,1.14025674658091,0.0,656.4823417171801,656.593752852158,1.0,0.9999999999999996,0.5431488450801907,1.2347866725647074,1.0,0.09452992598379745,atmospheric,,,,,1.0,1.0,1.7355643169176196,1.7355643169176196,0.20778099689684587,130.88815816529518,167.0516605197412,0.0,72.98952215945091,88.73786909626016,5.324269264030143,24.013530635806262,0.0,0.0,0.0,0.0,0.0,-1.9984014443252818e-15,263.59293890715946,"[0.26239370563196773, 0.26989259383780156, 0.29294967740470396, 0.33668847219288833, 0.34687459378297963, 0.33447045510489054, 0.3396860345337976, 0.34272407416574974]","[0.26239370563196773, 0.26989259383780156, 0.29294967740470396, 0.33668847219288833, 0.34687459378297963, 0.33447045510489054, 0.3396860345337976, 0.34272407416574974]",[],1.0,"{'input_timing_assumptions': [], 'bottom_boundary': 'free_drainage', 'substeps': 24, 'precipitation_timing': 'explicit_hourly', 'plant_water_stress_method': 'compensated_layer_depletion', 'root_zone_stress_factor': 0.9999999999999996, 'root_zone_depletion_fraction': 0.5431488450801907, 'readily_available_water_adjustment': 'none', 'potential_et_demand_mm': 1.2347866725647074, 'surface_wetness': [0.6522020694648302]}",1.198576769818097,2015-10-21,True,12.945338288231286,50.0,[],[]
2015-11-17,wheat,12,BBCH12,0.04184785849305024,0.6096346267064413,0.5913128777025507,67.12779290702207,0.05616489026218786,0.49319910605776923,0.0,0.0,1.1598969062901456,0.06330656839723839,0.04917760791266146,0.0,0.0,0.0,0.22587566018276273,0.0,0.0,656.6190062418096,0.06330656839723839,655.6139486050847,-1.0050576367249278,-1.1124434706744069e-13,1.110031247138977,provided,explicit_hourly,0.10571288896332545,1.2744440899226397,0.0,656.593752852158,655.581877750149,1.0,0.9999999999999996,0.5431488450801907,1.3801569788859651,1.0,0.10571288896332545,atmospheric,,,,,0.40114617036716227,1.0,5.193423931482405,5.193423931482405,0.20976572208170843,136.57500866066744,172.24508445122362,0.0,73.68975507271074,92.93624364099468,5.619085737518198,25.149661092592503,0.0,0.0,0.0,0.0,0.0,8.881784197001252e-15,267.9709045551295,"[0.2557033930523665, 0.27002426498285453, 0.29299917505725565, 0.3362366848808261, 0.34661469049917104, 0.3342812098970267, 0.33957173304521726, 0.3426231963144297]","[0.2557033930523665, 0.27002426498285453, 0.29299917505725565, 0.3362366848808261, 0.34661469049917104, 0.3342812098970267, 0.33957173304521726, 0.3426231963144297]",[],1.0,"{'input_timing_assumptions': [], 'bottom_boundary': 'free_drainage', 'substeps': 24, 'precipitation_timing': 'explicit_hourly', 'plant_water_stress_method': 'compensated_layer_depletion', 'root_zone_stress_factor': 0.9999999999999996, 'root_zone_depletion_fraction': 0.5431488450801907, 'readily_available_water_adjustment': 'none', 'potential_et_demand_mm': 1.3801569788859651, 'surface_wetness': [0.6318496262952865]}",1.2723810826000457,2015-10-21,True,13.289370563196771,50.0,[],[]
2015-11-18,wheat,13,BBCH13,0.04323747247790946,0.6274124044842191,0.5884353872471747,69.35686084873821,0.05887581810040782,0.5294637544737912,0.0,0.0,0.9600034990833038,0.011120110185800227,0.09272319245964154,0.0,0.0,0.0,0.22486741630430881,0.0,0.0,655.6139486050847,0.011120110185800227,654.8546981415253,-0.7592504635593968,1.3367085216486885e-13,0.9258633852005005,provided,explicit_hourly,0.08896586774389577,1.0617751551776595,0.0,655.581877750149,654.8546981415253,1.0,0.9999999999999996,0.5431488450801907,1.1507410229215553,1.0,0.08896586774389577,atmospheric,,,,,0.8750070058574434,1.0,6.8440931494357375,6.8440931494357375,0.2121497223777447,140.55449314855792,179.08917760065933,0.0,74.53067792146656,98.70131101258798,5.857188666604806,26.70975740046156,0.0,0.0,0.0,0.0,0.0,-3.019806626980426e-14,271.55622252194075,"[0.2516263337524132, 0.27024466985268303, 0.2931199866979295, 0.33579659960874453, 0.3463552584314401, 0.33409443007501594, 0.3394563624238124, 0.34251926046210335]","[0.2516263337524132, 0.27024466985268303, 0.2931199866979295, 0.33579659960874453, 0.3463552584314401, 0.33409443007501594, 0.3394563624238124, 0.34251926046210335]",[],1.0,"{'input_timing_assumptions': [], 'bottom_boundary': 'free_drainage', 'substeps': 24, 'precipitation_timing': 'explicit_hourly', 'plant_water_stress_method': 'compensated_layer_depletion', 'root_zone_stress_factor': 0.9999999999999996, 'root_zone_depletion_fraction': 0.5431488450801907, 'readily_available_water_adjustment': 'none', 'potential_et_demand_mm': 1.1507410229215553, 'surface_wetness': [0.6194468997090641]}",1.0638468017287457,2015-10-21,True,12.62033930523665,50.0,[],[]
2015-11-19,wheat,13,BBCH13,0.04458906695627005,0.6451901822619968,0.5856196841355692,71.52494202433127,0.061512575600904125,0.0072529277918560574,0.0,0.0,0.7296819041661978,0.07011286257596856,0.0008397276931206277,0.0,0.0,0.0,0.22383475336776357,0.0,0.0,654.8546981415253,0.07011286257596856,653.8374818215141,-1.0172163200112436,4.907185768843192e-14,0.7305970788002014,provided,explicit_hourly,0.07095259026908918,0.8366870998917221,0.0,654.8546981415253,653.8374818215141,1.0,0.9999999999999996,0.5431488450801907,0.9076396901608113,1.0,0.07095259026908918,atmospheric,,,,,0.01183505337769808,1.0,3.811219501709438,3.811219501709438,0.2131183232379682,145.18052449025637,182.9003971023688,0.0,74.87284563081717,101.94147205385954,6.086079417692083,27.58658380188345,0.0,0.0,0.0,0.0,0.0,3.552713678800501e-14,275.04344704609525,"[0.24542036511271012, 0.2698579003643428, 0.2931072374515403, 0.3353673230700485, 0.3460964746237958, 0.3339099999237602, 0.33934001867165886, 0.3424124981771047]","[0.24542036511271012, 0.2698579003643428, 0.2931072374515403, 0.3353673230700485, 0.3460964746237958, 0.3339099999237602, 0.33934001867165886, 0.3424124981771047]",[],1.0,"{'input_timing_assumptions': [], 'bottom_boundary': 'free_drainage', 'substeps': 24, 'precipitation_timing': 'explicit_hourly', 'plant_water_stress_method': 'compensated_layer_depletion', 'root_zone_stress_factor': 0.9999999999999996, 'root_zone_depletion_fraction': 0.5431488450801907, 'readily_available_water_adjustment': 'none', 'potential_et_demand_mm': 0.9076396901608113, 'surface_wetness': [0.6005678678927275]}",0.800634494435287,2015-10-21,True,12.212633375241323,50.0,[],[]
2015-11-20,wheat,13,BBCH13,0.046347673755356304,0.6629679600397747,0.5828676359376069,74.3459081923742,0.06494335291033713,0.16681734596750486,0.0,0.0,0.6725794233050679,0.049762365907148304,0.019396580282316632,0.0,0.0,0.0,0.22278022295932945,0.0,0.0,653.8374818215141,0.04976236590787663,653.0397805750277,-0.7977012464863265,-3.097522238704187e-14,0.6924536824226379,provided,explicit_hourly,0.06753670859634706,0.7925595240025253,0.0,653.8374818215141,653.0397805750277,0.9999999999853639,0.9999999999743989,0.5431488450801907,0.8600962325988724,0.9999999999853639,0.06753670859634706,atmospheric,,,,,0.26318046967174547,1.0,2.7405514405680136,2.7405514404934133,0.213767804691285,151.42375801940477,185.64094854286222,0.0,75.10284866602585,104.1596058462268,6.378494030609566,28.186837383807394,0.0,0.0,0.0,0.0,0.0,6.217248937900877e-15,279.58079671443437,"[0.2415296001930025, 0.26932449808671666, 0.2930899146751313, 0.3349477646079833, 0.34583848745378465, 0.33372781212691677, 0.33922279171098774, 0.3423031256746461]","[0.2415296001930025, 0.26932449808671666, 0.2930899146751313, 0.3349477646079833, 0.34583848745378465, 0.33372781212691677, 0.33922279171098774, 0.3423031256746461]",[],1.0,"{'input_timing_assumptions': [], 'bottom_boundary': 'free_drainage', 'substeps': 24, 'precipitation_timing': 'explicit_hourly', 'plant_water_stress_method': 'compensated_layer_depletion', 'root_zone_stress_factor': 0.9999999999743989, 'root_zone_depletion_fraction': 0.5431488450801907, 'readily_available_water_adjustment': 'none', 'potential_et_demand_mm': 0.8600962325988724, 'surface_wetness': [0.5887318630764737]}",0.7417383694945329,2015-10-21,True,11.59203651127101,50.0,[],[]
2015-11-21,wheat,13,BBCH13,0.047852731735181425,0.6807457378175523,0.5801811124862291,76.7601588618449,0.06787949461594638,1.1459626478537077,0.0,0.0,0.6707540112270923,0.03902663748431807,0.0328071160879582,0.0,0.0,0.0,0.22170619867064245,0.0,0.0,653.0397805750277,0.039026637493282806,653.2214492594114,0.18166868438368056,1.609823385706477e-14,0.7007451057434082,provided,explicit_hourly,0.06854103059084504,0.8017475376197488,0.0,653.0397805750277,653.1206288833315,0.9999999997702917,0.9999999997781354,0.5431488450801907,0.8702885682105939,0.9999999997702917,0.06854103059084504,atmospheric,,,,,0.430609123369447,1.0,2.0888970496193267,2.0888970487269014,0.2140140808961337,156.84043872725087,187.7298455915891,0.0,75.19059269337382,105.91508004058882,6.624172857626469,28.661889734917505,0.0,0.0,0.0,0.0,0.0,-9.325873406851315e-15,283.4639696494753,"[0.2464659445880773, 0.268752421936794, 0.29304893126743936, 0.3345374305793954, 0.34558142641690287, 0.3335477670346026, 0.33910476577088666, 0.3421913448364368]","[0.2464659445880773, 0.268752421936794, 0.29304893126743936, 0.3345374305793954, 0.34558142641690287, 0.3335477670346026, 0.33910476577088666, 0.3421913448364368]",[],1.0,"{'input_timing_assumptions': [], 'bottom_boundary': 'free_drainage', 'substeps': 24, 'precipitation_timing': 'explicit_hourly', 'plant_water_stress_method': 'compensated_layer_depletion', 'root_zone_stress_factor': 0.9999999997781354, 'root_zone_depletion_fraction': 0.5431488450801907, 'readily_available_water_adjustment': 'none', 'potential_et_demand_mm': 0.8702885682105939, 'surface_wetness': [0.6037486007207474]}",0.7425877647993686,2015-10-21,True,11.202960019300251,50.0,[],[]
2015-11-22,wheat,13,BBCH13,0.048217811238450876,0.6946117471513295,0.5775619826633306,77.34577977943952,0.06859170980617918,11.517649673910123,0.0,0.0,0.7695084520929446,0.0,0.07987097563669511,0.0,0.0,0.0,0.22061135421862735,0.0,0.0,653.2214492594114,0.0,663.6691081513732,10.447658891961737,1.1901590823981678e-13,0.6842171549797058,provided,explicit_hourly,0.06699682021216413,0.7827255053767894,0.0,653.1206288833315,663.5557027367562,1.0,0.9999999999999996,0.5431488450801907,0.8497223255889536,1.0,0.06699682021216413,atmospheric,,,,,1.0,1.0,0.22289861480340117,0.22289861480340117,0.2138707815813402,158.28234659922535,187.9527442063925,0.0,75.14027799398349,106.12948239696681,6.682983815442206,28.719909581525346,0.0,0.0,0.0,0.0,0.0,-2.942091015256665e-15,284.405904688017,"[0.3394313984753912, 0.2833299608839936, 0.29322809423582896, 0.33413638700677856, 0.3453254111222652, 0.33336977830610437, 0.3389860177062147, 0.34207733762644127]","[0.3394313984753912, 0.2833299608839936, 0.29322809423582896, 0.33413638700677856, 0.3453254111222652, 0.33336977830610437, 0.3389860177062147, 0.34207733762644127]",[],1.0,"{'input_timing_assumptions': [], 'bottom_boundary': 'free_drainage', 'substeps': 24, 'precipitation_timing': 'explicit_hourly', 'plant_water_stress_method': 'compensated_layer_depletion', 'root_zone_stress_factor': 0.9999999999999996, 'root_zone_depletion_fraction': 0.5431488450801907, 'readily_available_water_adjustment': 'none', 'potential_et_demand_mm': 0.8497223255889536, 'surface_wetness': [0.8865566301604076]}",0.8493794277296397,2015-10-21,True,11.696594458807729,50.0,[],[]
2015-11-23,wheat,13,BBCH13,0.048217811238450876,0.7018887109983536,0.5750121110151936,77.34577977943952,0.06859170980617918,0.18132319884929077,0.0,0.0,1.0033227636860282,0.0,0.10230829725650402,0.0,0.0,0.0,0.21950827696771222,0.0,0.0,663.6691081513732,0.0,662.5252920123121,-1.143816139061073,1.192379528447418e-13,0.8769786953926086,provided,explicit_hourly,0.08581753938607908,1.0033227636860276,0.0,663.5557027367562,662.4987083188047,1.0,0.9999999999999996,0.5431488450801907,1.0891403030721067,1.0,0.08581753938607908,atmospheric,,,,,1.0,1.0,1.3892472391446329,1.3892472391446329,0.2138707815813402,158.28234659922535,189.34199144553713,0.0,75.1402779939835,107.51872963611144,6.682983815442192,29.095856530417258,0.0,0.0,0.0,0.0,0.0,-9.547918011776346e-15,284.405904688017,"[0.317906856088033, 0.29614886420427944, 0.2942617440175282, 0.3337487592780502, 0.3450705657346833, 0.3331937471844456, 0.3388666257329784, 0.34196129361722893]","[0.317906856088033, 0.29614886420427944, 0.2942617440175282, 0.3337487592780502, 0.3450705657346833, 0.3331937471844456, 0.3388666257329784, 0.34196129361722893]",[],1.0,"{'input_timing_assumptions': [], 'bottom_boundary': 'free_drainage', 'substeps': 24, 'precipitation_timing': 'explicit_hourly', 'plant_water_stress_method': 'compensated_layer_depletion', 'root_zone_stress_factor': 0.9999999999999996, 'root_zone_depletion_fraction': 0.5431488450801907, 'readily_available_water_adjustment': 'none', 'potential_et_demand_mm': 1.0891403030721067, 'surface_wetness': [0.8210773240028986]}",1.1056310609425322,2015-10-21,True,20.99313984753912,50.0,[],[]
2015-11-24,wheat,13,BBCH13,0.048217811238450876,0.7018887109983536,0.5725333542021535,77.34577977943952,0.06859170980617918,1.7189438420881031,0.0,0.0,0.9135493702451585,0.0007665455900236146,0.09176197114969077,0.0,0.0,0.0,0.21838839747147357,0.0,0.0,662.5252920123121,0.0007665455900236146,663.0197695699438,0.49447755763173973,1.687538997430238e-14,0.7985100746154785,provided,explicit_hourly,0.0781389218900201,0.9135493702451581,0.0,662.4987083188047,662.9281912561345,1.0,0.9999999999999996,0.5431488450801907,0.9916882921351783,1.0,0.0781389218900201,atmospheric,,,,,0.9901899645978924,1.0,0.1648577643642482,0.1648577643642482,0.2138707815813402,158.28234659922535,189.50684920990136,0.0,75.1402779939835,107.68358740047569,6.682983815442192,29.140469016782205,0.0,0.0,0.0,0.0,0.0,-1.9817480989559044e-14,284.405904688017,"[0.31924337291677907, 0.3004905979988877, 0.29557633544878215, 0.33337872440570016, 0.34481708355184343, 0.33301960071797815, 0.33874665678876054, 0.3418433701516717]","[0.31924337291677907, 0.3004905979988877, 0.29557633544878215, 0.33337872440570016, 0.34481708355184343, 0.33301960071797815, 0.33874665678876054, 0.3418433701516717]",[],1.0,"{'input_timing_assumptions': [], 'bottom_boundary': 'free_drainage', 'substeps': 24, 'precipitation_timing': 'explicit_hourly', 'plant_water_stress_method': 'compensated_layer_depletion', 'root_zone_stress_factor': 0.9999999999999996, 'root_zone_depletion_fraction': 0.5431488450801907, 'readily_available_water_adjustment': 'none', 'potential_et_demand_mm': 0.9916882921351783, 'surface_wetness': [0.8251431105380644]}",1.006077886984873,2015-10-21,True,18.840685608803298,50.0,[],[]
2015-11-25,wheat,13,BBCH13,0.048217811238450876,0.7018887109983536,0.570127557288656,77.34577977943952,0.06859170980617918,2.117855017895165,0.0,0.0,0.5875474032643108,0.0,0.0599119012954667,0.0,0.0,0.0,0.2172564053255573,0.0,0.0,663.0197695699438,0.0,664.2729088779538,1.2531393080099633,-1.3322676295501878e-13,0.5135601162910461,provided,explicit_hourly,0.0502548873062369,0.5875474032643108,0.0,662.9281912561345,664.1710907852595,1.0,0.9999999999999996,0.5431488450801907,0.6378022905705477,1.0,0.0502548873062369,atmospheric,,,,,1.0,1.0,0.0,0.0,0.2138707815813402,158.28234659922535,189.50684920990136,0.0,75.1402779939835,107.68358740047569,6.682983815442192,29.140469016782205,0.0,0.0,0.0,0.0,0.0,0.0,284.405904688017,"[0.328054930297879, 0.30519325359833965, 0.2970482987673349, 0.3330269271504311, 0.34456517132097536, 0.33284726674678355, 0.33862617558156904, 0.3417237199968033]","[0.328054930297879, 0.30519325359833965, 0.2970482987673349, 0.3330269271504311, 0.34456517132097536, 0.33284726674678355, 0.33862617558156904, 0.3417237199968033]",[],1.0,"{'input_timing_assumptions': [], 'bottom_boundary': 'free_drainage', 'substeps': 24, 'precipitation_timing': 'explicit_hourly', 'plant_water_stress_method': 'compensated_layer_depletion', 'root_zone_stress_factor': 0.9999999999999996, 'root_zone_depletion_fraction': 0.5431488450801907, 'readily_available_water_adjustment': 'none', 'potential_et_demand_mm': 0.6378022905705477, 'surface_wetness': [0.8519485428254598]}",0.6474593045597775,2015-10-21,True,18.974337291677905,50.0,[],[]
2015-11-26,wheat,13,BBCH13,0.048217811238450876,0.7018887109983536,0.5677965498814659,77.34577977943952,0.06859170980617918,0.0,0.0,0.0,1.0868333601888358,0.007517123885241674,0.10181809269429055,0.0,0.0,0.0,0.2161155601914325,0.0,0.0,664.2729088779538,0.007517123885241673,662.860624740994,-1.4122841369597836,-1.687538997430238e-14,0.9499731659889221,provided,explicit_hourly,0.09296047899028548,1.0868333601888363,0.0,664.1710907852595,662.860624740994,1.0,0.9999999999999996,0.5431488450801907,1.1797938391791218,1.0,0.09296047899028548,atmospheric,,,,,0.9191363473285543,1.0,0.0,0.0,0.2138707815813402,158.28234659922535,189.50684920990136,0.0,75.1402779939835,107.68358740047569,6.682983815442192,29.140469016782205,0.0,0.0,0.0,0.0,0.0,0.0,284.405904688017,"[0.3133451047203767, 0.3075472689949093, 0.2987012504181949, 0.3326940439999922, 0.3443150284788896, 0.3326766766813182, 0.33850524350047445, 0.3416024881239082]","[0.3133451047203767, 0.3075472689949093, 0.2987012504181949, 0.3326940439999922, 0.3443150284788896, 0.3326766766813182, 0.33850524350047445, 0.3416024881239082]",[],1.0,"{'input_timing_assumptions': [], 'bottom_boundary': 'free_drainage', 'substeps': 24, 'precipitation_timing': 'explicit_hourly', 'plant_water_stress_method': 'compensated_layer_depletion', 'root_zone_stress_factor': 0.9999999999999996, 'root_zone_depletion_fraction': 0.5431488450801907, 'readily_available_water_adjustment': 'none', 'potential_et_demand_mm': 1.1797938391791218, 'surface_wetness': [0.8072001270320289]}",1.196168576768368,2015-10-21,True,19.8554930297879,50.0,[],[]
2015-11-27,wheat,13,BBCH13,0.048217811238450876,0.7043132055751862,0.5655421421254551,77.34577977943952,0.06859170980617918,0.0,0.0,0.0,0.9709415783763851,0.08304786870157367,0.0,0.0,0.0,0.0,0.21496576432855494,0.0,0.0,662.860624740994,0.08304786870157367,661.5916695295873,-1.2689552114067055,1.9184653865522705e-13,0.8486751317977905,provided,explicit_hourly,0.08304786870157367,0.9709415783763854,0.0,662.860624740994,661.5916695295873,1.0,0.9999999999999996,0.5431488450801907,1.0539894470779592,1.0,0.08304786870157367,atmospheric,,,,,0.0,1.0,1.1462513947633284,1.1462513947633284,0.2138707815813402,158.28234659922535,190.6531006046647,0.0,75.1402779939835,108.82983879523901,6.682983815442192,29.450658378605013,0.0,0.0,0.0,0.0,0.0,1.1324274851176597e-14,284.405904688017,"[0.30302724312381607, 0.30622733772470834, 0.300110249379822, 0.33237922170116857, 0.34406684901244156, 0.3325077701351706, 0.33838391755099, 0.3414798077073644]","[0.30302724312381607, 0.30622733772470834, 0.300110249379822, 0.33237922170116857, 0.34406684901244156, 0.3325077701351706, 0.33838391755099, 0.3414798077073644]",[],1.0,"{'input_timing_assumptions': [], 'bottom_boundary': 'free_drainage', 'substeps': 24, 'precipitation_timing': 'explicit_hourly', 'plant_water_stress_method': 'compensated_layer_depletion', 'root_zone_stress_factor': 0.9999999999999996, 'root_zone_depletion_fraction': 0.5431488450801907, 'readily_available_water_adjustment': 'none', 'potential_et_demand_mm': 1.0539894470779592, 'surface_wetness': [0.7758124019778231]}",1.0539894470779587,2015-10-21,True,18.384510472037668,50.0,[],[]
2015-11-28,wheat,13,BBCH13,0.048217811238450876,0.7130684601692927,0.5633661205681814,77.34577977943952,0.06859170980617918,0.0,0.0,0.0,0.6639681053011383,0.05679140461086128,0.0,0.0,0.0,0.0,0.21380895903291555,0.0,0.0,661.5916695295873,0.05679140461086128,660.6571010606425,-0.9345684689448035,-1.1157741397482823e-13,0.5803574919700623,provided,explicit_hourly,0.05679140461086126,0.6639681053011383,0.0,661.5916695295873,660.6571010606425,1.0,0.9999999999999996,0.5431488450801907,0.7207595099119996,1.0,0.05679140461086126,atmospheric,,,,,0.0,1.0,2.638416928529158,2.638416928529158,0.2138707815813402,158.28234659922535,193.29151753319385,0.0,75.1402779939835,111.46825572376817,6.682983815442192,30.164645613012638,0.0,0.0,0.0,0.0,0.0,-4.440892098500626e-15,284.405904688017,"[0.297080513039156, 0.3040848542374878, 0.3013448039749509, 0.3320802391961679, 0.34382079139987226, 0.3323404909861666, 0.3382622515769275, 0.3413558039709784]","[0.297080513039156, 0.3040848542374878, 0.3013448039749509, 0.3320802391961679, 0.34382079139987226, 0.3323404909861666, 0.3382622515769275, 0.3413558039709784]",[],1.0,"{'input_timing_assumptions': [], 'bottom_boundary': 'free_drainage', 'substeps': 24, 'precipitation_timing': 'explicit_hourly', 'plant_water_stress_method': 'compensated_layer_depletion', 'root_zone_stress_factor': 0.9999999999999996, 'root_zone_depletion_fraction': 0.5431488450801907, 'readily_available_water_adjustment': 'none', 'potential_et_demand_mm': 0.7207595099119996, 'surface_wetness': [0.7577219936967987]}",0.7207595099119996,2015-10-21,True,17.352724312381604,50.0,[],[]
2015-11-29,wheat,13,BBCH13,0.04841176643884559,0.7251685188308594,0.5612702439063,77.65690166223547,0.06897008722454606,0.0,0.0,0.0,0.7551925506256429,0.06459413540991928,0.0,0.0,0.0,0.0,0.2126464458860967,0.0,0.0,660.6571010606425,0.06459413540991928,659.6246679287207,-1.0324331319218345,1.7563728249569976e-13,0.6600944399833679,provided,explicit_hourly,0.06459413540991925,0.7551925506256434,0.0,660.6571010606425,659.6246679287207,1.0,0.9999999999999996,0.5431488450801907,0.8197866860355626,1.0,0.06459413540991925,atmospheric,,,,,0.0,1.0,3.5905066292427885,3.5905066292427885,0.2139863960804541,158.89569422347222,196.88202416243664,0.0,75.181163419312,114.98709525546623,6.713765487658414,31.116885753073415,0.0,0.0,0.0,0.0,0.0,-6.661338147750939e-15,284.9063250006422,"[0.29073604340061926, 0.3016906539685505, 0.30232575055962024, 0.3317950177495815, 0.34357697935895226, 0.3321747876082038, 0.3381402962522797, 0.3412305939855538]","[0.29073604340061926, 0.3016906539685505, 0.30232575055962024, 0.3317950177495815, 0.34357697935895226, 0.3321747876082038, 0.3381402962522797, 0.3412305939855538]",[],1.0,"{'input_timing_assumptions': [], 'bottom_boundary': 'free_drainage', 'substeps': 24, 'precipitation_timing': 'explicit_hourly', 'plant_water_stress_method': 'compensated_layer_depletion', 'root_zone_stress_factor': 0.9999999999999996, 'root_zone_depletion_fraction': 0.5431488450801907, 'readily_available_water_adjustment': 'none', 'potential_et_demand_mm': 0.8197866860355626, 'surface_wetness': [0.7384216312364679]}",0.8197866860355623,2015-10-21,True,16.7580513039156,50.0,[],[]
2015-11-30,wheat,13,BBCH13,0.04849186804102094,0.7361199152280413,0.5592562386287352,77.78539195913419,0.0691263534003252,0.0870351335022727,0.0,0.0,0.5857069101131461,0.04036893640591348,0.010158670200246155,0.0,0.0,0.0,0.21147942961831162,0.0,0.0,659.6246679287207,0.04036893640591348,658.8639891158853,-0.7606788128354083,6.350475700855895e-14,0.511985719203949,provided,explicit_hourly,0.050126260895784064,0.5857069101131464,0.0,659.6246679287207,658.8639891158853,1.0,0.9999999999999996,0.5431488450801907,0.6358331710089304,1.0,0.050126260895784064,atmospheric,,,,,0.19465494364634006,1.0,2.6511025654727165,2.6511025654727165,0.21401186790795254,159.1622272418616,199.53312672790935,0.0,75.19019293021925,117.61659144425218,6.726342353437921,31.828458928418105,0.0,0.0,0.0,0.0,0.0,-4.440892098500626e-15,285.1129936989849,"[0.2872373103392982, 0.2993903783493709, 0.3031283715430617, 0.33152147062875775, 0.343335502264072, 0.33201061230589374, 0.3380180992856909, 0.34110428723749836]","[0.2872373103392982, 0.2993903783493709, 0.3031283715430617, 0.33152147062875775, 0.343335502264072, 0.33201061230589374, 0.3380180992856909, 0.34110428723749836]",[],1.0,"{'input_timing_assumptions': [], 'bottom_boundary': 'free_drainage', 'substeps': 24, 'precipitation_timing': 'explicit_hourly', 'plant_water_stress_method': 'compensated_layer_depletion', 'root_zone_stress_factor': 0.9999999999999996, 'root_zone_depletion_fraction': 0.5431488450801907, 'readily_available_water_adjustment': 'none', 'potential_et_demand_mm': 0.6358331710089304, 'surface_wetness': [0.7277782173527798]}",0.6362345167193058,2015-10-21,True,16.123604340061924,50.0,[],[]
2015-12-01,wheat,13,BBCH13,0.04930428013342861,0.7538976930058192,0.5573257945734755,79.08857526786574,0.0707112471775979,0.44968153660470667,0.0,0.0,0.5257076706519773,0.0007911290863366546,0.05249233225969113,0.0,0.0,0.0,0.21030902484102376,0.0,0.0,658.8639891158853,0.0007911290863366546,658.5243704956509,-0.33961862023431877,-3.4416913763379853e-15,0.45954519510269165,provided,explicit_hourly,0.04499707085826592,0.5257076706519771,0.0,658.8639891158853,658.5243704956509,1.0,0.9999999999999996,0.5431488450801907,0.570704741510243,1.0,0.04499707085826592,atmospheric,,,,,0.9824182092023591,1.0,1.2876518563722819,1.2876518563722819,0.2139520535976332,162.0395563105284,200.8207785842816,0.0,75.16957611429392,118.79995708820567,6.851245381782043,32.148691850775215,0.0,0.0,0.0,0.0,0.0,-1.7763568394002505e-14,287.209083478665,"[0.28740515602512, 0.2977589177759432, 0.3038199762263049, 0.3312582743064695, 0.343096422789436, 0.33184792081106507, 0.33789570559779775, 0.34097698615587957]","[0.28740515602512, 0.2977589177759432, 0.3038199762263049, 0.3312582743064695, 0.343096422789436, 0.33184792081106507, 0.33789570559779775, 0.34097698615587957]",[],1.0,"{'input_timing_assumptions': [], 'bottom_boundary': 'free_drainage', 'substeps': 24, 'precipitation_timing': 'explicit_hourly', 'plant_water_stress_method': 'compensated_layer_depletion', 'root_zone_stress_factor': 0.9999999999999996, 'root_zone_depletion_fraction': 0.5431488450801907, 'readily_available_water_adjustment': 'none', 'potential_et_demand_mm': 0.570704741510243, 'surface_wetness': [0.7282888167816253]}",0.578991131998005,2015-10-21,True,15.773731033929819,50.0,[],[]
2015-12-02,wheat,13,BBCH13,0.050050959466153906,0.7711576057994176,0.5554805604167616,80.2863172173961,0.07216790622922191,0.0,0.0,0.0,1.8381656929873278,0.15834142847392443,0.0,0.0,0.0,0.0,0.2091362623244659,0.0,0.0,658.5243704956509,0.15834142847392438,656.3187271118653,-2.2056433837856275,-9.059419880941277e-14,1.6175308227539062,provided,explicit_hourly,0.15834142847392438,1.8504771046509654,0.0,658.5243704956509,656.3187271118653,1.0,0.9999999999999996,0.5431488450801907,2.00881853312489,1.0,0.15834142847392438,atmospheric,,,,,0.0,1.0,5.092117298193849,5.092117298193849,0.21468569469969417,164.02633251110808,205.91289588247548,0.0,75.42878423095766,123.52028744296746,6.9638242085503705,33.42606980383647,0.0,0.0,0.0,0.0,0.0,2.042810365310288e-14,289.13557735123345,"[0.2706541048502749, 0.29508790443240096, 0.30402093872523467, 0.3310028184951584, 0.34285977976832926, 0.3316866718809842, 0.3377731574789661, 0.3408487865996662]","[0.2706541048502749, 0.29508790443240096, 0.30402093872523467, 0.3310028184951584, 0.34285977976832926, 0.3316866718809842, 0.3377731574789661, 0.3408487865996662]",[],1.0,"{'input_timing_assumptions': [], 'bottom_boundary': 'free_drainage', 'substeps': 24, 'precipitation_timing': 'explicit_hourly', 'plant_water_stress_method': 'compensated_layer_depletion', 'root_zone_stress_factor': 0.9999999999999996, 'root_zone_depletion_fraction': 0.5431488450801907, 'readily_available_water_adjustment': 'none', 'potential_et_demand_mm': 2.00881853312489, 'surface_wetness': [0.6773308364167565]}",1.9965071214612522,2015-10-21,True,15.790515602512,50.0,[],[]
2015-12-03,wheat,13,BBCH13,0.05062106098788629,0.7866483128638493,0.5537221391153481,81.20081220626597,0.07328008853503863,0.0,0.0,0.0,2.05024797031968,0.1892680778730966,0.0,0.0,0.0,0.0,0.20796209483792824,0.0,0.0,656.3187271118653,0.1892680778730966,653.8712489688348,-2.44747814303048,-2.2470914018413168e-13,1.9272551536560059,provided,explicit_hourly,0.18926807787309657,2.2038679503250505,0.0,656.3187271118653,653.8712489688348,1.0,0.9999999999999996,0.5431488450801907,2.393136028198147,1.0,0.18926807787309657,atmospheric,,,,,0.0,1.0,4.696410474856199,4.696410474856199,0.21517412906402653,165.56227660171217,210.6093063573317,0.0,75.60141192944647,127.95923222949205,7.048662198393167,34.62730145056702,0.0,0.0,0.0,0.0,0.0,8.881784197001252e-15,290.6064859999979,"[0.2529247405228822, 0.2913684866733102, 0.3039445838431578, 0.33075178242449915, 0.3426255680415512, 0.3315268268367646, 0.3376504947301239, 0.3407197783075096]","[0.2529247405228822, 0.2913684866733102, 0.3039445838431578, 0.33075178242449915, 0.3426255680415512, 0.3315268268367646, 0.3376504947301239, 0.3407197783075096]",[],1.0,"{'input_timing_assumptions': [], 'bottom_boundary': 'free_drainage', 'substeps': 24, 'precipitation_timing': 'explicit_hourly', 'plant_water_stress_method': 'compensated_layer_depletion', 'root_zone_stress_factor': 0.9999999999999996, 'root_zone_depletion_fraction': 0.5431488450801907, 'readily_available_water_adjustment': 'none', 'potential_et_demand_mm': 2.393136028198147, 'surface_wetness': [0.6233967525287205]}",2.2395160481927765,2015-10-21,True,14.11541048502749,50.0,[],[]
2015-12-04,wheat,13,BBCH13,0.05103855973437456,0.8006550710541862,0.5520520833243536,81.87051838484761,0.0740945657831153,0.0,0.0,0.0,1.3677802679486544,0.13533139220995202,0.0,0.0,0.0,0.0,0.2067874025732748,0.0,0.0,653.8712489688348,0.13533139220995202,652.161349906103,-1.709899062731779,-1.021405182655144e-13,1.3750981092453003,provided,explicit_hourly,0.13533139220995208,1.5720161605752705,0.0,653.8712489688348,652.161349906103,1.0,0.9999999999999996,0.5431488450801907,1.7073475527852227,1.0,0.13533139220995208,atmospheric,,,,,4.440892098500626e-16,1.0,4.221214383267245,4.221214383267245,0.21547287909888013,166.71033485641476,214.83052074059893,0.0,75.70704488102875,132.01343730006357,7.110038559506599,35.72441792020415,0.0,0.0,0.0,0.0,0.0,-7.105427357601002e-15,291.6836669820656,"[0.24289691440154876, 0.2874843439457402, 0.30374816166787577, 0.3305033925771379, 0.342393751052061, 0.3313683490839478, 0.33752775478118935, 0.34059004531189196]","[0.24289691440154876, 0.2874843439457402, 0.30374816166787577, 0.3305033925771379, 0.342393751052061, 0.3313683490839478, 0.33752775478118935, 0.34059004531189196]",[],1.0,"{'input_timing_assumptions': [], 'bottom_boundary': 'free_drainage', 'substeps': 24, 'precipitation_timing': 'explicit_hourly', 'plant_water_stress_method': 'compensated_layer_depletion', 'root_zone_stress_factor': 0.9999999999999996, 'root_zone_depletion_fraction': 0.5431488450801907, 'readily_available_water_adjustment': 'none', 'potential_et_demand_mm': 1.7073475527852227, 'surface_wetness': [0.5928913375992629]}",1.5031116601586063,2015-10-21,True,12.342474052288223,50.0,[],[]
2015-12-05,wheat,13,BBCH13,0.051621487022548276,0.8161000112881736,0.5504718908149557,82.80558707628079,0.075231769229818,0.0,0.0,0.0,1.1367051282211071,0.11779024216596949,0.0,0.0,0.0,0.0,0.20561299816822173,0.0,0.0,652.161349906103,0.11779024220231507,650.7012415375477,-1.4601083685553249,2.6423307986078726e-14,1.1953049898147583,provided,explicit_hourly,0.11779024220231503,1.3662393875034962,0.0,652.161349906103,650.7012415375477,0.9999999996914382,0.9999999996914383,0.5431488450801907,1.484029629705811,0.9999999996914382,0.11779024220231503,atmospheric,,,,,0.0,1.0,4.245625862245292,4.245625859808816,0.21588670257085046,168.28037280071885,219.07614660040772,0.0,75.85337943879921,136.0283081225171,7.194459039091406,36.81089007099705,0.0,0.0,0.0,0.0,0.0,-1.865174681370263e-14,293.187667159385,"[0.23541543148431532, 0.283807767581658, 0.30337089523790944, 0.3302563766401046, 0.34216427666319704, 0.3312112038052697, 0.33740497279493403, 0.34045966631933844]","[0.23541543148431532, 0.283807767581658, 0.30337089523790944, 0.3302563766401046, 0.34216427666319704, 0.3312112038052697, 0.33740497279493403, 0.34045966631933844]",[],1.0,"{'input_timing_assumptions': [], 'bottom_boundary': 'free_drainage', 'substeps': 24, 'precipitation_timing': 'explicit_hourly', 'plant_water_stress_method': 'compensated_layer_depletion', 'root_zone_stress_factor': 0.9999999996914383, 'root_zone_depletion_fraction': 0.5431488450801907, 'readily_available_water_adjustment': 'none', 'potential_et_demand_mm': 1.484029629705811, 'surface_wetness': [0.5701320936797536]}",1.2544953703870767,2015-10-21,True,11.339691440154875,50.0,[],[]
2015-12-06,wheat,13,BBCH13,0.052234156296629024,0.8317250730499388,0.5489829999178022,83.78836463365133,0.07642699481679695,0.0072529277918560574,0.0,0.0,0.9014038958408527,0.09592948226844614,0.0008536129209377401,0.0,0.0,0.0,0.20443963135209223,0.0,0.0,650.7012415375477,0.09592948235018531,649.5058678429573,-1.1953736945904438,-2.886579864025407e-14,0.9803624749183655,provided,explicit_hourly,0.09678309527112307,1.120290131222843,0.0,650.7012415375477,649.5058678429573,0.9999999991479244,0.9999999991461395,0.5431488450801907,1.217073226493966,0.9999999991479244,0.09678309527112307,atmospheric,,,,,0.008819855559966228,1.0,4.51332867765697,4.513328670504544,0.21635674791093978,169.866374074259,223.58947527091226,0.0,76.01957885669049,140.2879732891866,7.281923125035171,37.96360650446396,0.0,0.0,0.0,0.0,0.0,-8.881784197001252e-15,294.7684040978503,"[0.23039330380173, 0.2805158207976824, 0.30285501237560486, 0.3300094241204979, 0.3419370783015842, 0.3310553577380303, 0.3372821817655568, 0.3403287150594135]","[0.23039330380173, 0.2805158207976824, 0.30285501237560486, 0.3300094241204979, 0.3419370783015842, 0.3310553577380303, 0.3372821817655568, 0.3403287150594135]",[],1.0,"{'input_timing_assumptions': [], 'bottom_boundary': 'free_drainage', 'substeps': 24, 'precipitation_timing': 'explicit_hourly', 'plant_water_stress_method': 'compensated_layer_depletion', 'root_zone_stress_factor': 0.9999999991461395, 'root_zone_depletion_fraction': 0.5431488450801907, 'readily_available_water_adjustment': 'none', 'potential_et_demand_mm': 1.217073226493966, 'surface_wetness': [0.554854396706124]}",0.9981869910302366,2015-10-21,True,10.591543148431532,50.0,[],[]
2015-12-07,wheat,13,BBCH13,0.05345324698309572,0.8495028508277167,0.5475867850194305,85.743897606733,0.07880525735248384,0.48594618502072867,0.0,0.0,0.7873486509132083,0.03650869717814312,0.057308942120887385,0.0,0.0,0.0,0.20326799324415032,0.0,0.0,649.5058678429573,0.036508697213790756,648.9073797445216,-0.5984880984357233,6.283862319378386e-14,0.8603664040565491,provided,explicit_hourly,0.08511044469890057,0.9828989568537987,0.0,649.5058678429573,648.9073797445216,0.999999999023585,0.9999999990875721,0.5431488450801907,1.0680094015526993,0.999999999023585,0.08511044469890057,atmospheric,,,,,0.5710432797884046,1.0,5.117551660583501,5.117551651290095,0.21746176954901592,172.79588044534682,228.70702692220235,0.0,76.41023425454264,144.8437607340126,7.453031933647104,39.1964571745412,0.0,0.0,0.0,0.0,0.0,-9.769962616701378e-15,297.9137579795645,"[0.23044032199857983, 0.2781156981492072, 0.3023376171447844, 0.32976218375407845, 0.3417120810312564, 0.3309007789800785, 0.33715941261317744, 0.34019726060550015]","[0.23044032199857983, 0.2781156981492072, 0.3023376171447844, 0.32976218375407845, 0.3417120810312564, 0.3309007789800785, 0.33715941261317744, 0.34019726060550015]",[],1.0,"{'input_timing_assumptions': [], 'bottom_boundary': 'free_drainage', 'substeps': 24, 'precipitation_timing': 'explicit_hourly', 'plant_water_stress_method': 'compensated_layer_depletion', 'root_zone_stress_factor': 0.9999999990875721, 'root_zone_depletion_fraction': 0.5431488450801907, 'readily_available_water_adjustment': 'none', 'potential_et_demand_mm': 1.0680094015526993, 'surface_wetness': [0.5549974296613014]}",0.8811662902122388,2015-10-21,True,10.089330380173001,50.0,[],[]
2015-12-08,wheat,13,BBCH13,0.05474775506735955,0.8672806286054944,0.54628455214021,87.82040698441979,0.08133064788587512,0.0,0.0,0.0,0.7815035750986518,0.08675647035926583,0.0,0.0,0.0,0.0,0.20209872033413062,0.0,0.0,648.9073797445216,0.08675647046648374,647.8370209787295,-1.0703587657920934,4.529709940470639e-14,0.8728231191635132,provided,explicit_hourly,0.08675647046648377,0.9964908770858264,0.0,648.9073797445216,647.8370209787295,0.9999999987641508,0.9999999987641504,0.5431488450801907,1.0832473475523101,0.9999999987641508,0.08675647046648377,atmospheric,,,,,3.3306690738754696e-16,1.0,4.200497813342982,4.200497803688155,0.21831362036968235,176.0732329436145,232.90752472589048,0.0,76.71166134549759,148.56352925355327,7.6323341268396305,40.203071106246064,0.0,0.0,0.0,0.0,0.0,-1.7763568394002505e-14,301.2536949284314,"[0.22602760269482242, 0.2757661000899665, 0.30160931895514265, 0.32951358916415846, 0.3414892078196765, 0.33074743687754676, 0.33703669427648186, 0.3400653676701379]","[0.22602760269482242, 0.2757661000899665, 0.30160931895514265, 0.32951358916415846, 0.3414892078196765, 0.33074743687754676, 0.33703669427648186, 0.3400653676701379]",[],1.0,"{'input_timing_assumptions': [], 'bottom_boundary': 'free_drainage', 'substeps': 24, 'precipitation_timing': 'explicit_hourly', 'plant_water_stress_method': 'compensated_layer_depletion', 'root_zone_stress_factor': 0.9999999987641504, 'root_zone_depletion_fraction': 0.5431488450801907, 'readily_available_water_adjustment': 'none', 'potential_et_demand_mm': 1.0832473475523101, 'surface_wetness': [0.5415735996407578]}",0.8682600454579176,2015-10-21,True,10.094032199857983,50.0,[],[]
2015-12-09,wheat,13,BBCH13,0.05648898831464206,0.885058406383272,0.5450775346232624,90.6135043861856,0.08472753200932505,0.0,0.0,0.0,0.6020396263399002,0.0684557257577825,0.0,0.0,0.0,0.0,0.20093239817359254,0.0,0.0,647.8370209787295,0.06845572586133472,646.9655932284581,-0.871427750271323,4.785061236134425e-14,0.6861850619316101,provided,explicit_hourly,0.0684557258613347,0.7830216529452484,0.0,647.8370209787295,646.9655932284581,0.999999998487311,0.9999999984873111,0.5431488450801907,0.8514773788065831,0.999999998487311,0.0684557258613347,atmospheric,,,,,0.0,1.0,4.177247123197426,4.177247111445256,0.2194261761688666,180.38016110855284,237.08477183733572,0.0,77.10548459040248,152.1092514058225,7.870035841110742,41.16258600554133,0.0,0.0,0.0,0.0,0.0,-1.5987211554602254e-14,305.7462194092667,"[0.2233992888582226, 0.27366424634663905, 0.30084931108109647, 0.32926297242712266, 0.3412683710567545, 0.3305953018891708, 0.3369140538045354, 0.3399330968776809]","[0.2233992888582226, 0.27366424634663905, 0.30084931108109647, 0.32926297242712266, 0.3412683710567545, 0.3305953018891708, 0.3369140538045354, 0.3399330968776809]",[],1.0,"{'input_timing_assumptions': [], 'bottom_boundary': 'free_drainage', 'substeps': 24, 'precipitation_timing': 'explicit_hourly', 'plant_water_stress_method': 'compensated_layer_depletion', 'root_zone_stress_factor': 0.9999999984873111, 'root_zone_depletion_fraction': 0.5431488450801907, 'readily_available_water_adjustment': 'none', 'potential_et_demand_mm': 0.8514773788065831, 'surface_wetness': [0.5335780676899454]}",0.6704953520976826,2015-10-21,True,9.652760269482242,50.0,[],[]
2015-12-10,wheat,13,BBCH13,0.05781409230742429,0.9028361841610499,0.5439668889644796,92.73909239978792,0.0873126105575477,0.014505855583712115,0.0,0.0,1.0446511313403468,0.12098516967494934,0.0017334731301940863,0.0,0.0,0.0,0.19976956480445718,0.0,0.0,646.9655932284581,0.12098516990631404,645.6129597450919,-1.3526334833662759,4.063416270128073e-14,1.2242541313171387,provided,explicit_hourly,0.12271864303650817,1.3961235346721366,0.0,646.9655932284581,645.6129597450919,0.9999999980876606,0.9999999980892469,0.5431488450801907,1.5188421777086447,0.9999999980876606,0.12271864303650817,atmospheric,,,,,0.014125589130564609,1.0,5.253073780875396,5.253073762191961,0.22059925525250398,183.30029424608676,242.3378455995277,0.0,77.5204922615359,156.76864074334298,8.048712594648812,42.423472589140985,0.0,0.0,0.0,0.0,0.0,1.3322676295501878e-14,309.16509630960013,"[0.21641980029006874, 0.27138815662882637, 0.29989645842842144, 0.3290096807813947, 0.3410494817144821, 0.33044434547250007, 0.33679151644432287, 0.33980050501648146]","[0.21641980029006874, 0.27138815662882637, 0.29989645842842144, 0.3290096807813947, 0.3410494817144821, 0.33044434547250007, 0.33679151644432287, 0.33980050501648146]",[],1.0,"{'input_timing_assumptions': [], 'bottom_boundary': 'free_drainage', 'substeps': 24, 'precipitation_timing': 'explicit_hourly', 'plant_water_stress_method': 'compensated_layer_depletion', 'root_zone_stress_factor': 0.9999999980892469, 'root_zone_depletion_fraction': 0.5431488450801907, 'readily_available_water_adjustment': 'none', 'potential_et_demand_mm': 1.5188421777086447, 'surface_wetness': [0.5123459290199316]}",1.1673697741454903,2015-10-21,True,9.38992888582226,50.0,[],[]
2015-12-11,wheat,13,BBCH13,0.05856715117766611,0.9191423209129816,0.542953690814051,93.94706771104032,0.08878171512716228,0.0,0.0,0.0,0.7913330733896021,0.0966912881588475,0.0,0.0,0.0,0.0,0.19861071394610066,0.0,0.0,645.6129597450919,0.09669128838769511,644.5263246695972,-1.0866350754946552,1.0480505352461478e-13,0.9597925543785095,provided,explicit_hourly,0.09669128838769507,1.093790529140787,0.0,645.6129597450919,644.5263246695972,0.9999999976332138,0.9999999976332143,0.5431488450801907,1.1904818175284821,0.9999999976332138,0.09669128838769507,atmospheric,,,,,0.0,1.0,4.791399663797394,4.791399642706272,0.2211709152169981,185.00061263300756,247.129245242234,0.0,77.7228203368382,161.2571960977989,8.149228807596891,43.63812944998825,0.0,0.0,0.0,0.0,0.0,2.3092638912203256e-14,311.1080499117964,"[0.21207461663740138, 0.2691270412278122, 0.2989502000489473, 0.32875316889588313, 0.3408324447908465, 0.33029453999264435, 0.33666910572619135, 0.33966764527251675]","[0.21207461663740138, 0.2691270412278122, 0.2989502000489473, 0.32875316889588313, 0.3408324447908465, 0.33029453999264435, 0.33666910572619135, 0.33966764527251675]",[],1.0,"{'input_timing_assumptions': [], 'bottom_boundary': 'free_drainage', 'substeps': 24, 'precipitation_timing': 'explicit_hourly', 'plant_water_stress_method': 'compensated_layer_depletion', 'root_zone_stress_factor': 0.9999999976332143, 'root_zone_depletion_fraction': 0.5431488450801907, 'readily_available_water_adjustment': 'none', 'potential_et_demand_mm': 1.1904818175284821, 'surface_wetness': [0.4991275476214627]}",0.8880243615484497,2015-10-21,True,8.691980029006872,50.0,[],[]
2015-12-12,wheat,13,BBCH13,0.05900512158702821,0.9328297974192907,0.5420389311798706,94.64961230944421,0.0896361295098562,0.0,0.0,0.0,0.6372270475055342,0.0797969490021268,0.0,0.0,0.0,0.0,0.19745629796123781,0.0,0.0,644.5263246695972,0.07979694921374912,643.6118443751284,-0.9144802944688308,-6.794564910705958e-14,0.790174126625061,provided,explicit_hourly,0.07979694921374912,0.9001929165902194,0.0,644.5263246695972,643.6118443751284,0.9999999973479898,0.9999999973479896,0.5431488450801907,0.9799898658039685,0.9999999973479898,0.07979694921374912,atmospheric,,,,,0.0,1.0,3.892172566900918,3.8921725477033804,0.2214061682512377,186.05338847190677,251.02141778993737,0.0,77.80616918530379,165.00815470264484,8.207093901988735,44.65318379249675,0.0,0.0,0.0,0.0,0.0,1.3322676295501878e-15,312.2380494618345,"[0.20927050047841092, 0.26704494036800547, 0.29800402045802726, 0.3284936720910756, 0.3406171688704225, 0.3301458586481533, 0.3365468435460054, 0.3395345674462292]","[0.20927050047841092, 0.26704494036800547, 0.29800402045802726, 0.3284936720910756, 0.3406171688704225, 0.3301458586481533, 0.3365468435460054, 0.3395345674462292]",[],1.0,"{'input_timing_assumptions': [], 'bottom_boundary': 'free_drainage', 'substeps': 24, 'precipitation_timing': 'explicit_hourly', 'plant_water_stress_method': 'compensated_layer_depletion', 'root_zone_stress_factor': 0.9999999973479896, 'root_zone_depletion_fraction': 0.5431488450801907, 'readily_available_water_adjustment': 'none', 'potential_et_demand_mm': 0.9799898658039685, 'surface_wetness': [0.4905972115440931]}",0.717023996507661,2015-10-21,True,8.257461663740136,50.0,[],[]
2015-12-13,wheat,13,BBCH13,0.05942746948055412,0.9463478480823457,0.5412235128627193,95.32709696343272,0.09046006671432305,0.0,0.0,0.0,0.556842941040163,0.07088352361944587,0.0,0.0,0.0,0.0,0.19630673061857312,0.0,0.0,643.6118443751284,0.07088352382110265,642.7878111798501,-0.8240331952782753,9.336975637097567e-14,0.7012116312980652,provided,explicit_hourly,0.07088352382110265,0.7987348603644526,0.0,643.6118443751284,642.7878111798501,0.9999999971550967,0.9999999971550967,0.5431488450801907,0.8696183841855553,0.9999999971550967,0.07088352382110265,atmospheric,,,,,0.0,1.0,3.138549880636213,3.1385498640298395,0.22155622438904313,187.11649726514628,254.15996765396721,0.0,77.85942636380386,168.0383005121161,8.262240778047236,45.473177555788105,0.0,0.0,0.0,0.0,0.0,1.3322676295501878e-15,313.3277416406713,"[0.20716861535716707, 0.26517211150470305, 0.29705201855408964, 0.32823136335512637, 0.34040356877322986, 0.3299982754595008, 0.33642475024687707, 0.3394013181541988]","[0.20716861535716707, 0.26517211150470305, 0.29705201855408964, 0.32823136335512637, 0.34040356877322986, 0.3299982754595008, 0.33642475024687707, 0.3394013181541988]",[],1.0,"{'input_timing_assumptions': [], 'bottom_boundary': 'free_drainage', 'substeps': 24, 'precipitation_timing': 'explicit_hourly', 'plant_water_stress_method': 'compensated_layer_depletion', 'root_zone_stress_factor': 0.9999999971550967, 'root_zone_depletion_fraction': 0.5431488450801907, 'readily_available_water_adjustment': 'none', 'potential_et_demand_mm': 0.8696183841855553, 'surface_wetness': [0.48420311605602023]}",0.6277264646596088,2015-10-21,True,7.977050047841091,50.0,[],[]
2015-12-14,wheat,13,BBCH13,0.06048866664928052,0.9641256258601234,0.5405082471522475,97.02935429131043,0.09253030274957139,0.0870351335022727,0.0,0.0,0.7735642935954047,0.09041982794043837,0.010495456473442041,0.0,0.0,0.0,0.19516238967036376,0.0,0.0,642.7878111798501,0.0904198282161087,641.8052043456728,-0.982606834177318,-5.828670879282072e-14,0.9897410869598389,provided,explicit_hourly,0.10011370473471187,1.1272943485533176,0.0,642.7878111798501,641.8052043456728,0.9999999969512183,0.9999999969650012,0.5431488450801907,1.2274080532880294,0.9999999969512183,0.10011370473471187,atmospheric,,,,,0.09682866640776777,1.0,4.957611902597017,4.957611874485964,0.22236596565825376,189.35792080016824,259.1175795284532,0.0,78.14608573986676,172.57304297619532,8.398450812391083,46.70033320191402,0.0,0.0,0.0,0.0,0.0,-8.881784197001252e-16,316.0657173064455,"[0.20354734265516602, 0.26334146714187623, 0.2960266504434351, 0.32796623447649137, 0.3401915643370802, 0.32985176525767806, 0.3363028447012099, 0.3392679410173681]","[0.20354734265516602, 0.26334146714187623, 0.2960266504434351, 0.32796623447649137, 0.3401915643370802, 0.32985176525767806, 0.3363028447012099, 0.3392679410173681]",[],1.0,"{'input_timing_assumptions': [], 'bottom_boundary': 'free_drainage', 'substeps': 24, 'precipitation_timing': 'explicit_hourly', 'plant_water_stress_method': 'compensated_layer_depletion', 'root_zone_stress_factor': 0.9999999969650012, 'root_zone_depletion_fraction': 0.5431488450801907, 'readily_available_water_adjustment': 'none', 'potential_et_demand_mm': 1.2274080532880294, 'surface_wetness': [0.4731869272020625]}",0.8744795780092851,2015-10-21,True,7.766861535716705,50.0,[],[]
2015-12-15,wheat,21,BBCH21,0.061234563362825456,0.9800273804815989,0.5398938508114759,98.22584084808818,0.09398543502890763,0.0,0.0,0.0,1.394170306026752,0.18991723812373057,0.0,0.0,0.0,0.0,0.19402361926194278,0.0,0.0,641.8052043456728,0.18991723881414058,640.0270931822603,-1.7781111634125182,9.281464485866309e-14,1.8711469173431396,provided,explicit_hourly,0.18991723881414058,2.1301964294840645,0.0,641.8052043456728,640.0270931822603,0.9999999963646796,0.9999999963646796,0.5431488450801907,2.3201136682982053,0.9999999963646796,0.18991723881414058,atmospheric,,,,,0.0,1.0,4.711598189988673,4.711598158132824,0.22306212378217935,190.78980644613304,263.82917768658604,0.0,78.39245230033178,176.94360855895218,8.493116827302039,47.88306061678447,0.0,0.0,0.0,0.0,0.0,3.4638958368304884e-14,317.99019195738896,"[0.19317792060962383, 0.26077179723454763, 0.2946909397657016, 0.3276970536678155, 0.33998107270808214, 0.3297063036484347, 0.3361811443912418, 0.3391344768372441]","[0.19317792060962383, 0.26077179723454763, 0.2946909397657016, 0.3276970536678155, 0.33998107270808214, 0.3297063036484347, 0.3361811443912418, 0.3391344768372441]",[],1.0,"{'input_timing_assumptions': [], 'bottom_boundary': 'free_drainage', 'substeps': 24, 'precipitation_timing': 'explicit_hourly', 'plant_water_stress_method': 'compensated_layer_depletion', 'root_zone_stress_factor': 0.9999999963646796, 'root_zone_depletion_fraction': 0.5431488450801907, 'readily_available_water_adjustment': 'none', 'potential_et_demand_mm': 2.3201136682982053, 'surface_wetness': [0.4416423513138773]}",1.5840875441504827,2015-10-21,True,7.4047342655166,50.0,[],[]
2015-12-16,wheat,21,BBCH21,0.061234563362825456,0.9889296232329474,0.539380943375791,98.22584084808818,0.09398543502890763,0.0,0.0,0.0,1.2211866389923,0.17773038478299094,0.0,0.0,0.0,0.0,0.19289073218679412,0.0,0.0,640.0270931822603,0.17773038556141757,638.4352854262982,-1.5918077559621224,3.730349362740526e-14,1.7459566593170166,provided,explicit_hourly,0.1777303855614176,1.986871896730621,0.0,640.0270931822603,638.4352854262982,0.9999999956201826,0.9999999956201825,0.5431488450801907,2.1646022822920385,0.9999999956201826,0.1777303855614176,atmospheric,,,,,1.1102230246251565e-16,1.0,2.641511584008254,2.6415115624910035,0.22306212375775505,190.78980644613307,266.470689249077,0.0,78.39245229174817,179.58512012144317,8.493116835885651,48.59788529622212,0.0,0.0,0.0,0.0,0.0,-4.1744385725905886e-14,317.99019195738896,"[0.18516204197633956, 0.2577384264105009, 0.2933407332638135, 0.327422988305581, 0.33977199925074414, 0.3295618668988793, 0.3360596654839366, 0.33900096376104666]","[0.18516204197633956, 0.2577384264105009, 0.2933407332638135, 0.327422988305581, 0.33977199925074414, 0.3295618668988793, 0.3360596654839366, 0.33900096376104666]",[],1.0,"{'input_timing_assumptions': [], 'bottom_boundary': 'free_drainage', 'substeps': 24, 'precipitation_timing': 'explicit_hourly', 'plant_water_stress_method': 'compensated_layer_depletion', 'root_zone_stress_factor': 0.9999999956201825, 'root_zone_depletion_fraction': 0.5431488450801907, 'readily_available_water_adjustment': 'none', 'potential_et_demand_mm': 2.1646022822920385, 'surface_wetness': [0.41725743470545157]}",1.398917023775291,2015-10-21,True,6.3677920609623815,50.0,[],[]
2015-12-17,wheat,21,BBCH21,0.061234563362825456,0.9965946155502683,0.538970044790259,98.22584084808818,0.09398543502890763,0.0,0.0,0.0,0.8236210152689908,0.12509798419303586,0.0,0.0,0.0,0.0,0.1917640119958981,0.0,0.0,638.4352854262982,0.1250979847997619,637.2948024148402,-1.1404830114579454,2.0650148258027912e-14,1.2289156913757324,provided,explicit_hourly,0.1250979847997619,1.3984872062262168,0.0,638.4352854262982,637.2948024148402,0.9999999951499936,0.9999999951499934,0.5431488450801907,1.5235851910259788,0.9999999951499936,0.1250979847997619,atmospheric,,,,,0.0,1.0,2.389773869902327,2.3897738483458704,0.22306212373070874,190.78980644613307,268.86046309742284,0.0,78.39245228224308,181.97489396978904,8.493116845390738,49.24458673388737,0.0,0.0,0.0,0.0,0.0,-3.064215547965432e-14,317.99019195738896,"[0.1813464549097284, 0.2548672054845805, 0.29209352354391915, 0.3271445674990538, 0.33956425247504846, 0.3294184318546577, 0.3359384228976953, 0.338867437436192]","[0.1813464549097284, 0.2548672054845805, 0.29209352354391915, 0.3271445674990538, 0.33956425247504846, 0.3294184318546577, 0.3359384228976953, 0.338867437436192]",[],1.0,"{'input_timing_assumptions': [], 'bottom_boundary': 'free_drainage', 'substeps': 24, 'precipitation_timing': 'explicit_hourly', 'plant_water_stress_method': 'compensated_layer_depletion', 'root_zone_stress_factor': 0.9999999951499934, 'root_zone_depletion_fraction': 0.5431488450801907, 'readily_available_water_adjustment': 'none', 'potential_et_demand_mm': 1.5235851910259788, 'surface_wetness': [0.4056501266749681]}",0.9487189994620266,2015-10-21,True,5.566204197633956,50.0,[],[]
2015-12-18,wheat,21,BBCH21,0.06160200659553878,1.0,0.5386615734065205,98.81525340392453,0.09470226149969836,0.0,0.0,0.0,0.7547222064647959,0.11771798733828717,0.0,0.0,0.0,0.0,0.19064371496770552,0.0,0.0,637.2948024148402,0.11771798794135545,636.2317185060695,-1.06308390877075,-3.863576125695545e-14,1.1564173698425293,provided,explicit_hourly,0.11771798794135543,1.315985228406901,0.0,637.2948024148402,636.2317185060695,0.9999999948770083,0.9999999948770084,0.5431488450801907,1.4337032163482564,0.9999999948770083,0.11771798794135543,atmospheric,,,,,0.0,1.0,3.7588433728218575,3.7588433370075847,0.22330404212015717,191.56375266057825,272.6193064344304,0.0,78.47813697447889,185.60208635553593,8.539083104415631,50.226148454539135,0.0,0.0,0.0,0.0,0.0,5.773159728050814e-15,318.93822561161545,"[0.17808571546353452, 0.2522473357866557, 0.29082640901853996, 0.3268623009571607, 0.33935775209598235, 0.3292759759616463, 0.33581743036724415, 0.33873393115469713]","[0.17808571546353452, 0.2522473357866557, 0.29082640901853996, 0.3268623009571607, 0.33935775209598235, 0.3292759759616463, 0.33581743036724415, 0.33873393115469713]",[],1.0,"{'input_timing_assumptions': [], 'bottom_boundary': 'free_drainage', 'substeps': 24, 'precipitation_timing': 'explicit_hourly', 'plant_water_stress_method': 'compensated_layer_depletion', 'root_zone_stress_factor': 0.9999999948770084, 'root_zone_depletion_fraction': 0.5431488450801907, 'readily_available_water_adjustment': 'none', 'potential_et_demand_mm': 1.4337032163482564, 'surface_wetness': [0.3957307075925631]}",0.8724401938030831,2015-10-21,True,5.184645490972839,50.0,[],[]
2015-12-19,wheat,21,BBCH21,0.06161719641781102,1.0,0.5384558443576033,98.83961926828424,0.09473189455787431,0.0,0.0,0.0,0.44739512571330564,0.07087037707688948,0.0,0.0,0.0,0.0,0.18953007194932145,0.0,0.0,636.2317185060695,0.07087037745001493,635.5239229313299,-0.7077955747395208,4.218847493575595e-15,0.6954975128173828,provided,explicit_hourly,0.07087037745001495,0.7913544563930986,0.0,636.2317185060695,635.5239229313299,0.9999999947351,0.9999999947350996,0.5431488450801907,0.8622248338431135,0.9999999947351,0.07087037745001495,atmospheric,,,,,4.440892098500626e-16,1.0,2.0036589533434883,2.0036589337237967,0.2233068418948632,191.60195408344714,274.62296536815427,0.0,78.47913557947115,187.60284312551326,8.54098666316984,50.767577209589916,0.0,0.0,0.0,0.0,0.0,4.440892098500626e-14,318.97741659796037,"[0.1776645362387228, 0.25015406151822095, 0.28968443859803245, 0.32657670210439, 0.3391524251969802, 0.3291344772932022, 0.33569670051002787, 0.33860047598866816]","[0.1776645362387228, 0.25015406151822095, 0.28968443859803245, 0.32657670210439, 0.3391524251969802, 0.3291344772932022, 0.33569670051002787, 0.33860047598866816]",[],1.0,"{'input_timing_assumptions': [], 'bottom_boundary': 'free_drainage', 'substeps': 24, 'precipitation_timing': 'explicit_hourly', 'plant_water_stress_method': 'compensated_layer_depletion', 'root_zone_stress_factor': 0.9999999947350996, 'root_zone_depletion_fraction': 0.5431488450801907, 'readily_available_water_adjustment': 'none', 'potential_et_demand_mm': 0.8622248338431135, 'surface_wetness': [0.3944494481394086]}",0.5182655027901951,2015-10-21,True,4.858571546353451,50.0,[],[]
2015-12-20,wheat,21,BBCH21,0.06227099746021008,1.0,0.5383530683257475,99.8883759444197,0.09600736203719476,0.0,0.0,0.0,0.6406372312264498,0.10269258951690251,0.0,0.0,0.0,0.0,0.18842329008144565,0.0,0.0,635.5239229313299,0.1026925900681692,634.5921698205051,-0.9317531108248431,4.518607710224387e-14,1.0077779293060303,provided,explicit_hourly,0.10269259006816919,1.146673058728943,0.0,635.5239229313299,634.5921698205051,0.9999999946318746,0.9999999946318747,0.5431488450801907,1.2493656487971123,0.9999999946318746,0.10269259006816919,atmospheric,,,,,0.0,1.0,4.2494440477590745,4.249444005332983,0.2238238824549786,192.9013917749953,278.87240937348724,0.0,78.6622037409277,191.5873114326616,8.622894199897935,51.84582207545788,0.0,0.0,0.0,0.0,0.0,-7.993605777301127e-15,320.6642768696428,"[0.17502676082548366, 0.24818986232396306, 0.28844133027094787, 0.3262880377509926, 0.3389482085103296, 0.3289939145701635, 0.3355762448922835, 0.33846710091792426]","[0.17502676082548366, 0.24818986232396306, 0.28844133027094787, 0.3262880377509926, 0.3389482085103296, 0.3289939145701635, 0.3355762448922835, 0.33846710091792426]",[],1.0,"{'input_timing_assumptions': [], 'bottom_boundary': 'free_drainage', 'substeps': 24, 'precipitation_timing': 'explicit_hourly', 'plant_water_stress_method': 'compensated_layer_depletion', 'root_zone_stress_factor': 0.9999999946318747, 'root_zone_depletion_fraction': 0.5431488450801907, 'readily_available_water_adjustment': 'none', 'potential_et_demand_mm': 1.2493656487971123, 'surface_wetness': [0.3864251333479509]}",0.7433298207433523,2015-10-21,True,4.816453623872279,50.0,[],[]
2015-12-21,wheat,21,BBCH21,0.06282595760882957,1.0,0.5383533507148001,100.77858278581319,0.09709000580185698,0.0,0.0,0.0,0.5601366812204427,0.09164378365233516,0.0,0.0,0.0,0.0,0.18732355441725587,0.0,0.0,634.5921698205051,0.0916437841588211,633.753065801215,-0.8391040192900618,2.808864252301646e-14,0.897404134273529,provided,explicit_hourly,0.09164378415882105,1.0207810381904197,0.0,634.5921698205051,633.753065801215,0.9999999944733192,0.9999999944733197,0.5431488450801907,1.1124248223492408,0.9999999944733192,0.09164378415882105,atmospheric,,,,,0.0,1.0,3.7814251198841013,3.781425081015569,0.224192120112428,194.06331984049444,282.6538344545028,0.0,78.79265654606918,195.1685912137253,8.692586694708318,52.81495929515692,0.0,0.0,0.0,0.0,0.0,1.509903313490213e-14,322.0961195348641,"[0.1731026719937103, 0.2463735567521338, 0.28724195500085287, 0.32599624755946766, 0.3387450402477141, 0.3288542671600716, 0.3354560740941187, 0.3383338329505492]","[0.1731026719937103, 0.2463735567521338, 0.28724195500085287, 0.32599624755946766, 0.3387450402477141, 0.3288542671600716, 0.3354560740941187, 0.3383338329505492]",[],1.0,"{'input_timing_assumptions': [], 'bottom_boundary': 'free_drainage', 'substeps': 24, 'precipitation_timing': 'explicit_hourly', 'plant_water_stress_method': 'compensated_layer_depletion', 'root_zone_stress_factor': 0.9999999944733197, 'root_zone_depletion_fraction': 0.5431488450801907, 'readily_available_water_adjustment': 'none', 'potential_et_demand_mm': 1.1124248223492408, 'surface_wetness': [0.3805719077869779]}",0.6517804648727779,2015-10-21,True,4.5526760825483645,50.0,[],[]
2015-12-22,wheat,21,BBCH21,0.06359132954180262,1.0,0.5384566912350116,102.00630937598014,0.0985831313045476,0.0,0.0,0.0,0.4175676282226644,0.06915654023168395,0.0,0.0,0.0,0.0,0.1862310294433081,0.0,0.0,633.753065801215,0.06915654061851649,633.0801106033174,-0.672955197897636,-2.042810365310288e-14,0.676160454750061,provided,explicit_hourly,0.06915654061851648,0.7689560883766732,0.0,633.753065801215,633.0801106033174,0.9999999944064215,0.9999999944064217,0.5431488450801907,0.8381126289951897,0.9999999944064215,0.06915654061851648,atmospheric,,,,,0.0,1.0,4.131107911387018,4.131107868410173,0.22477163122472016,195.59798260324365,286.78494232291297,0.0,78.99791311742685,198.99820151834547,8.788827687140675,53.851297730030055,0.0,0.0,0.0,0.0,0.0,-3.2862601528904634e-14,324.07084184802454,"[0.17244381916932228, 0.24482196196477196, 0.2861297488391961, 0.3257018740222525, 0.33854286425623986, 0.3287155150536586, 0.33533619777084717, 0.338200697236896]","[0.17244381916932228, 0.24482196196477196, 0.2861297488391961, 0.3257018740222525, 0.33854286425623986, 0.3287155150536586, 0.33533619777084717, 0.338200697236896]",[],1.0,"{'input_timing_assumptions': [], 'bottom_boundary': 'free_drainage', 'substeps': 24, 'precipitation_timing': 'explicit_hourly', 'plant_water_stress_method': 'compensated_layer_depletion', 'root_zone_stress_factor': 0.9999999944064217, 'root_zone_depletion_fraction': 0.5431488450801907, 'readily_available_water_adjustment': 'none', 'potential_et_demand_mm': 0.8381126289951897, 'surface_wetness': [0.3785676270443508]}",0.48672416845434835,2015-10-21,True,4.3602671993710285,50.0,[],[]
2015-12-23,wheat,21,BBCH21,0.06377640076916742,1.0,0.5386629839041787,102.30318055340625,0.09894417742799146,0.0,0.0,0.0,0.35482756165327695,0.059151404026771916,0.0,0.0,0.0,0.0,0.18514586050799597,0.0,0.0,633.0801106033174,0.05915140435927031,632.4809857771293,-0.599124826188131,8.615330671091215e-14,0.5769415497779846,provided,explicit_hourly,0.0591514043592703,0.6558999770955659,0.0,633.0801106033174,632.4809857771293,0.9999999943788588,0.9999999943788591,0.5431488450801907,0.7150513814548363,0.9999999943788588,0.0591514043592703,atmospheric,,,,,0.0,1.0,3.1494582585389166,3.1494582256129444,0.22486248744877158,196.0119396902752,289.9344005485259,0.0,79.0301378373834,202.09210090735735,8.81216180378518,54.68854397584136,0.0,0.0,0.0,0.0,0.0,-1.2434497875801753e-14,324.5483407821463,"[0.17219329607071138, 0.24351248033832362, 0.2850745438037161, 0.3254054852325051, 0.3383416331266245, 0.32857763887836505, 0.3352166247117865, 0.33806771717737755]","[0.17219329607071138, 0.24351248033832362, 0.2850745438037161, 0.3254054852325051, 0.3383416331266245, 0.32857763887836505, 0.3352166247117865, 0.33806771717737755]",[],1.0,"{'input_timing_assumptions': [], 'bottom_boundary': 'free_drainage', 'substeps': 24, 'precipitation_timing': 'explicit_hourly', 'plant_water_stress_method': 'compensated_layer_depletion', 'root_zone_stress_factor': 0.9999999943788591, 'root_zone_depletion_fraction': 0.5431488450801907, 'readily_available_water_adjustment': 'none', 'potential_et_demand_mm': 0.7150513814548363, 'surface_wetness': [0.3778055165948806]}",0.4139789656800489,2015-10-21,True,4.294381916932226,50.0,[],[]
2015-12-24,wheat,21,BBCH21,0.06414731649430253,1.0,0.5389720174651216,102.89816330472105,0.09966777820911354,0.0,0.0,0.0,0.36653282271676846,0.06133233126526365,0.0,0.0,0.0,0.0,0.18406817516322752,0.0,0.0,632.4809857771293,0.06133233161108177,631.8690524479841,-0.6119333291451312,-1.284528039491306e-13,0.5979872345924377,provided,explicit_hourly,0.06133233161108176,0.6797900853450299,0.0,632.4809857771293,631.8690524479841,0.999999994361569,0.9999999943615693,0.5431488450801907,0.7411224169561117,0.999999994361569,0.06133233161108176,atmospheric,,,,,0.0,1.0,3.7330433710165516,3.7330433318694545,0.22510278743066803,196.78895619250184,293.6674438803954,0.0,79.11529371425358,205.6932373200131,8.858912846128696,55.66305463797164,0.0,0.0,0.0,0.0,0.0,5.551115123125783e-14,325.5053337514091,"[0.17163530938767427, 0.24234359491059007, 0.28404301547910626, 0.32510742361697803, 0.3381413063074607, 0.3284406199136273, 0.33509736289788816, 0.33793491452455365]","[0.17163530938767427, 0.24234359491059007, 0.28404301547910626, 0.32510742361697803, 0.3381413063074607, 0.3284406199136273, 0.33509736289788816, 0.33793491452455365]",[],1.0,"{'input_timing_assumptions': [], 'bottom_boundary': 'free_drainage', 'substeps': 24, 'precipitation_timing': 'explicit_hourly', 'plant_water_stress_method': 'compensated_layer_depletion', 'root_zone_stress_factor': 0.9999999943615693, 'root_zone_depletion_fraction': 0.5431488450801907, 'readily_available_water_adjustment': 'none', 'potential_et_demand_mm': 0.7411224169561117, 'surface_wetness': [0.37610807837794274]}",0.4278651539820321,2015-10-21,True,4.269329607071137,50.0,[],[]
2015-12-25,wheat,21,BBCH21,0.06486708934354193,1.0,0.5393834762155296,104.05274479356508,0.10107194675912687,0.0,0.0,0.0,0.7047622857409855,0.12023898430967221,0.0,0.0,0.0,0.0,0.18299808442558888,0.0,0.0,631.8690524479841,0.12023898501439648,630.8610530935077,-1.0079993544763965,1.4988010832439613e-13,1.1711525917053223,provided,explicit_hourly,0.12023898501439655,1.331177190804057,0.0,631.8690524479841,630.8610530935077,0.9999999941389702,0.9999999941389693,0.5431488450801907,1.4514161758184536,0.9999999941389702,0.12023898501439655,atmospheric,,,,,5.551115123125783e-16,1.0,4.630149773488533,4.630149723016916,0.22574241690964,198.13838250154313,298.2975936034123,0.0,79.34180900459423,210.0061467257223,8.949637873095774,56.830179600495896,0.0,0.0,0.0,0.0,0.0,-4.529709940470639e-14,327.36240669146196,"[0.167652693026194, 0.24088365835014663, 0.2828467909443014, 0.3248073270203491, 0.33794184571154634, 0.3283044400853275, 0.3349784195572633, 0.3378023094799708]","[0.167652693026194, 0.24088365835014663, 0.2828467909443014, 0.3248073270203491, 0.33794184571154634, 0.3283044400853275, 0.3349784195572633, 0.3378023094799708]",[],1.0,"{'input_timing_assumptions': [], 'bottom_boundary': 'free_drainage', 'substeps': 24, 'precipitation_timing': 'explicit_hourly', 'plant_water_stress_method': 'compensated_layer_depletion', 'root_zone_stress_factor': 0.9999999941389693, 'root_zone_depletion_fraction': 0.5431488450801907, 'readily_available_water_adjustment': 'none', 'potential_et_demand_mm': 1.4514161758184536, 'surface_wetness': [0.36399265444240625]}",0.8250012700506577,2015-10-21,True,4.213530938767425,50.0,[],[]
2015-12-26,wheat,21,BBCH21,0.06522475972681312,1.0,0.5398969412423268,104.62648080495956,0.1017697078708322,0.0,0.0,0.0,0.7220238699421397,0.12772248681315526,0.0,0.0,0.0,0.0,0.1819356839620345,0.0,0.0,630.8610530935077,0.12772248761595428,629.8293710527905,-1.0316820407172145,-1.1501910535116622e-13,1.240743637084961,provided,explicit_hourly,0.12772248761595428,1.4097539614061547,0.0,630.8610530935077,629.8293710527905,0.9999999937145053,0.9999999937145053,0.5431488450801907,1.5374764490221091,0.9999999937145053,0.12772248761595428,atmospheric,,,,,0.0,1.0,3.589923602984472,3.589923561017955,0.22595941213607457,198.89643204293148,301.8875171644302,0.0,79.41873713156359,213.47395983647087,8.994820196395786,57.76861137964847,0.0,0.0,0.0,0.0,0.0,-1.4654943925052066e-14,328.28522559319345,"[0.1636736817412016, 0.23919249719707952, 0.2816441464307842, 0.3245046919865573, 0.3377432080224015, 0.3281690819142481, 0.3348598012165468, 0.3376699207860136]","[0.1636736817412016, 0.23919249719707952, 0.2816441464307842, 0.3245046919865573, 0.3377432080224015, 0.3281690819142481, 0.3348598012165468, 0.3376699207860136]",[],1.0,"{'input_timing_assumptions': [], 'bottom_boundary': 'free_drainage', 'substeps': 24, 'precipitation_timing': 'explicit_hourly', 'plant_water_stress_method': 'compensated_layer_depletion', 'root_zone_stress_factor': 0.9999999937145053, 'root_zone_depletion_fraction': 0.5431488450801907, 'readily_available_water_adjustment': 'none', 'potential_et_demand_mm': 1.5374764490221091, 'surface_wetness': [0.35188819742559996]}",0.849746356755295,2015-10-21,True,3.8152693026194004,50.0,[],[]
2015-12-27,wheat,21,BBCH21,0.06522475972681312,1.0,0.540511892048972,104.62648080495956,0.1017697078708322,0.0,0.0,0.0,0.4535129126215939,0.08213633479259572,0.0,0.0,0.0,0.0,0.18088105520305314,0.0,0.0,629.8293710527905,0.08213633533591046,629.1128407501733,-0.7165303026172296,-1.3100631690576847e-14,0.7971856594085693,provided,explicit_hourly,0.08213633533591046,0.9056618738949064,0.0,629.8293710527905,629.1128407501733,0.9999999933852084,0.9999999933852083,0.5431488450801907,0.9877982092308168,0.9999999933852084,0.08213633533591046,atmospheric,,,,,0.0,1.0,1.3209111161224625,1.3209110998719142,0.22595941209870768,198.89643204293148,303.2084282643022,0.0,79.41873711843012,214.7948709363428,8.994820209529259,58.12606575044863,0.0,0.0,0.0,0.0,0.0,6.372680161348399e-14,328.28522559319345,"[0.1624303480322929, 0.23766328578962326, 0.2806094483614354, 0.32420007795022526, 0.3375453515827842, 0.32803452845936165, 0.33474151374612177, 0.3375377658127445]","[0.1624303480322929, 0.23766328578962326, 0.2806094483614354, 0.32420007795022526, 0.3375453515827842, 0.32803452845936165, 0.33474151374612177, 0.3375377658127445]",[],1.0,"{'input_timing_assumptions': [], 'bottom_boundary': 'free_drainage', 'substeps': 24, 'precipitation_timing': 'explicit_hourly', 'plant_water_stress_method': 'compensated_layer_depletion', 'root_zone_stress_factor': 0.9999999933852083, 'root_zone_depletion_fraction': 0.5431488450801907, 'readily_available_water_adjustment': 'none', 'potential_et_demand_mm': 0.9877982092308168, 'surface_wetness': [0.34810588107636137]}",0.5356492474141896,2015-10-21,True,3.417368174120158,50.0,[],[]
2015-12-28,wheat,21,BBCH21,0.06522475972681312,1.0,0.5412277085605887,104.62648080495956,0.1017697078708322,0.0,0.0,0.0,0.5271187471311525,0.09686382856236447,0.0,0.0,0.0,0.0,0.179834266384923,0.0,0.0,629.1128407501733,0.09686382922766545,628.3090239080948,-0.8038168420785041,6.417089082333405e-14,0.9401254057884216,provided,explicit_hourly,0.09686382922766552,1.0680519985177392,0.0,629.1128407501733,628.3090239080948,0.9999999931315849,0.9999999931315842,0.5431488450801907,1.1649158277454048,0.9999999931315849,0.09686382922766552,atmospheric,,,,,6.661338147750939e-16,1.0,2.502362227237927,2.502362195272172,0.22595941205990808,198.8964320429315,305.71079045957435,0.0,79.4187371047931,217.29723313161497,8.994820223166279,58.80323494382725,0.0,0.0,0.0,0.0,0.0,-1.6431300764452317e-14,328.28522559319345,"[0.16035053684230838, 0.2361519437295901, 0.2795363624419676, 0.3238939727749792, 0.33734824411727665, 0.32790076332777013, 0.3346235624023781, 0.3374058606397626]","[0.16035053684230838, 0.2361519437295901, 0.2795363624419676, 0.3238939727749792, 0.33734824411727665, 0.32790076332777013, 0.3346235624023781, 0.3374058606397626]",[],1.0,"{'input_timing_assumptions': [], 'bottom_boundary': 'free_drainage', 'substeps': 24, 'precipitation_timing': 'explicit_hourly', 'plant_water_stress_method': 'compensated_layer_depletion', 'root_zone_stress_factor': 0.9999999931315842, 'root_zone_depletion_fraction': 0.5431488450801907, 'readily_available_water_adjustment': 'none', 'potential_et_demand_mm': 1.1649158277454048, 'surface_wetness': [0.3417789361774634]}",0.6239825756935169,2015-10-21,True,3.293034803229288,50.0,[],[]
2015-12-29,wheat,21,BBCH21,0.06583256929729489,1.0,0.5420436734885634,105.60146295323322,0.10295545290715788,0.0,0.0,0.0,0.512552860777689,0.09589903999585728,0.0,0.0,0.0,0.0,0.1787953735248057,0.0,0.0,628.3090239080948,0.0958990406780199,627.5217766337964,-0.7872472742983518,-2.220446049250313e-16,0.9307615160942078,provided,explicit_hourly,0.09589904067801988,1.0574139272371885,0.0,628.3090239080948,627.5217766337964,0.9999999928866585,0.9999999928866589,0.5431488450801907,1.1533129679152083,0.9999999928866585,0.09589904067801988,atmospheric,,,,,0.0,1.0,4.335264332756788,4.335264275402288,0.22644791775761042,200.0692040323702,310.0460547349766,0.0,79.59180112749507,221.38289754011893,9.071356067362636,59.908864687255104,0.0,0.0,0.0,0.0,0.0,-2.1316282072803006e-14,329.8534240980961,"[0.15838190385501955, 0.23466858597517437, 0.2784789129094892, 0.3235863298778696, 0.3371518554696039, 0.327767770683767, 0.33450595186987025, 0.33727422013350805]","[0.15838190385501955, 0.23466858597517437, 0.2784789129094892, 0.3235863298778696, 0.3371518554696039, 0.327767770683767, 0.33450595186987025, 0.33727422013350805]",[],1.0,"{'input_timing_assumptions': [], 'bottom_boundary': 'free_drainage', 'substeps': 24, 'precipitation_timing': 'explicit_hourly', 'plant_water_stress_method': 'compensated_layer_depletion', 'root_zone_stress_factor': 0.9999999928866589, 'root_zone_depletion_fraction': 0.5431488450801907, 'readily_available_water_adjustment': 'none', 'potential_et_demand_mm': 1.1533129679152083, 'surface_wetness': [0.3357902038844989]}",0.6084519007735463,2015-10-21,True,3.0850536842308376,50.0,[],[]
2015-12-30,wheat,21,BBCH21,0.06631781029279524,1.0,0.5429589750333421,106.37983389571177,0.1039020850922684,0.0,0.0,0.0,0.5696408069938537,0.10903412116126432,0.0,0.0,0.0,0.0,0.17776442133420775,0.0,0.0,627.5217766337964,0.10903412196638948,626.665337284307,-0.856439349489392,6.628031457012185e-14,1.0561093091964722,provided,explicit_hourly,0.10903412196638952,1.1994783913828315,0.0,627.5217766337964,626.665337284307,0.9999999926158422,0.9999999926158418,0.5431488450801907,1.308512513349221,0.9999999926158422,0.10903412196638952,atmospheric,,,,,3.3306690738754696e-16,1.0,4.158293470843473,4.158293413735813,0.22681385305999582,201.02314415828045,314.2043481487125,0.0,79.72147329867566,225.35038096013494,9.132493889901859,60.982513239151906,0.0,0.0,0.0,0.0,0.0,4.884981308350689e-14,331.1053856344339,"[0.1558279320200604, 0.2331279866827609, 0.27738664552869813, 0.32327712012151655, 0.3369561567762309, 0.3276355352232958, 0.33438868630109586, 0.33714285802040306]","[0.1558279320200604, 0.2331279866827609, 0.27738664552869813, 0.32327712012151655, 0.3369561567762309, 0.3276355352232958, 0.33438868630109586, 0.33714285802040306]",[],1.0,"{'input_timing_assumptions': [], 'bottom_boundary': 'free_drainage', 'substeps': 24, 'precipitation_timing': 'explicit_hourly', 'plant_water_stress_method': 'compensated_layer_depletion', 'root_zone_stress_factor': 0.9999999926158418, 'root_zone_depletion_fraction': 0.5431488450801907, 'readily_available_water_adjustment': 'none', 'potential_et_demand_mm': 1.308512513349221, 'surface_wetness': [0.3280208259953241]}",0.678674928155118,2015-10-21,True,2.8881903855019537,50.0,[],[]
2015-12-31,wheat,21,BBCH21,0.06685616283103515,1.0,0.5439727099015833,107.24340061093426,0.1049523299074419,0.0,0.0,0.0,0.733696844281852,0.14508577828497046,0.0,0.0,0.0,0.0,0.17674144407457362,0.0,0.0,626.665337284307,0.14508577940909542,625.6098132176656,-1.0555240666413965,4.440892098500626e-16,1.4031856060028076,provided,explicit_hourly,0.14508577940909542,1.5933328239723874,0.0,626.665337284307,625.6098132176656,0.9999999922519976,0.9999999922519979,0.5431488450801907,1.7384186033814828,0.9999999922519976,0.14508577940909542,atmospheric,,,,,0.0,1.0,4.3512279879201445,4.351227925218369,0.2272464785560118,202.0529265446706,318.5555760739308,0.0,79.87476680686677,229.4805046795516,9.200304587512456,62.10017420482481,0.0,0.0,0.0,0.0,0.0,-4.440892098500626e-14,332.4943793037985,"[0.15172221471711614, 0.23133164870176728, 0.2761712577215485, 0.3229658571883865, 0.3367611178240129, 0.3275040421453456, 0.3342717693531682, 0.33701178695597894]","[0.15172221471711614, 0.23133164870176728, 0.2761712577215485, 0.3229658571883865, 0.3367611178240129, 0.3275040421453456, 0.3342717693531682, 0.33701178695597894]",[],1.0,"{'input_timing_assumptions': [], 'bottom_boundary': 'free_drainage', 'substeps': 24, 'precipitation_timing': 'explicit_hourly', 'plant_water_stress_method': 'compensated_layer_depletion', 'root_zone_stress_factor': 0.9999999922519979, 'root_zone_depletion_fraction': 0.5431488450801907, 'readily_available_water_adjustment': 'none', 'potential_et_demand_mm': 1.7384186033814828, 'surface_wetness': [0.31553091956955204]}",0.8787826225668225,2015-10-21,True,2.63279320200604,50.0,[],[]
2016-01-01,wheat,21,BBCH21,0.06836362022677746,1.0,0.5450838866116786,109.66150016301417,0.10789315251255002,0.0,0.0,0.0,0.8036241072323603,0.16604363566966143,0.0,0.0,0.0,0.0,0.17572646635767267,0.0,0.0,625.6098132176656,0.16604363702233996,624.4644190084059,-1.1453942092597345,3.9968028886505635e-14,1.6030173301696777,provided,explicit_hourly,0.16604363702234,1.819787280507378,0.0,625.6098132176656,624.4644190084059,0.9999999918534757,0.9999999918534753,0.5431488450801907,1.985830917529718,0.9999999918534757,0.16604363702234,atmospheric,,,,,3.3306690738754696e-16,1.0,5.793253779563154,5.793253691787683,0.22903368135319516,204.39123420074247,324.3488297657185,0.0,80.50767654955087,234.4511374166203,9.39001579954732,63.44528698166488,0.0,0.0,0.0,0.0,0.0,1.4210854715202004e-14,336.38374292854996,"[0.14712390981578888, 0.22925496231636952, 0.2748725753243502, 0.3226518692245433, 0.33656670277068423, 0.3273732770987035, 0.33415520422075784, 0.3368810185900905]","[0.14712390981578888, 0.22925496231636952, 0.2748725753243502, 0.3226518692245433, 0.33656670277068423, 0.3273732770987035, 0.33415520422075784, 0.3368810185900905]",[],1.0,"{'input_timing_assumptions': [], 'bottom_boundary': 'free_drainage', 'substeps': 24, 'precipitation_timing': 'explicit_hourly', 'plant_water_stress_method': 'compensated_layer_depletion', 'root_zone_stress_factor': 0.9999999918534753, 'root_zone_depletion_fraction': 0.5431488450801907, 'readily_available_water_adjustment': 'none', 'potential_et_demand_mm': 1.985830917529718, 'surface_wetness': [0.30154252395021375]}",0.9696677429020217,2015-10-21,True,2.222221471711613,50.0,[],[]
2016-01-02,wheat,21,BBCH21,0.06947259889440152,1.0,0.5462914290599226,111.44040338576657,0.11005660306414959,0.0,0.0,0.0,0.4033093112695585,0.08624390618200156,0.0,0.0,0.0,0.0,0.17471950389279134,0.0,0.0,624.4644190084059,0.08624390690770908,623.8001462870616,-0.6642727213443322,-1.9095836023552692e-14,0.8265370726585388,provided,explicit_hourly,0.08624390690770904,0.9373344207653596,0.0,624.4644190084059,623.8001462870616,0.9999999915854053,0.9999999915854059,0.5431488450801907,1.0235783276730686,0.9999999915854053,0.08624390690770904,atmospheric,,,,,0.0,1.0,5.680112071676909,5.680111982783746,0.23030872003722594,206.13785373658783,330.02894174850223,0.0,80.95931420182612,239.53920916571306,9.530418380963049,64.82218016231451,0.0,0.0,0.0,0.0,0.0,-1.7763568394002505e-14,339.24499877741493,"[0.14653472204829673, 0.22752833413265866, 0.2738744932331144, 0.32233585356740896, 0.3363728749598713, 0.327243226125883, 0.33403899366444245, 0.33675056362820716]","[0.14653472204829673, 0.22752833413265866, 0.2738744932331144, 0.32233585356740896, 0.3363728749598713, 0.327243226125883, 0.33403899366444245, 0.33675056362820716]",[],1.0,"{'input_timing_assumptions': [], 'bottom_boundary': 'free_drainage', 'substeps': 24, 'precipitation_timing': 'explicit_hourly', 'plant_water_stress_method': 'compensated_layer_depletion', 'root_zone_stress_factor': 0.9999999915854059, 'root_zone_depletion_fraction': 0.5431488450801907, 'readily_available_water_adjustment': 'none', 'potential_et_demand_mm': 1.0235783276730686, 'surface_wetness': [0.29975016964517925]}",0.48955321745156005,2015-10-21,True,1.7623909815788874,50.0,[],[]
2016-01-03,wheat,21,BBCH21,0.06965398786652041,1.0,0.5475941803182947,111.73136788895701,0.11041046566154783,0.0,0.0,0.0,0.22269241586248814,0.047843458880637825,0.0,0.0,0.0,0.0,0.17372056418225904,0.0,0.0,623.8001462870616,0.04784345928740684,623.3558898481363,-0.4442564389253221,-6.294964549624638e-14,0.4561445415019989,provided,explicit_hourly,0.04784345928740682,0.5169083401279662,0.0,623.8001462870616,623.3558898481363,0.999999991497918,0.9999999914979186,0.5431488450801907,0.564751799415373,0.999999991497918,0.04784345928740682,atmospheric,,,,,0.0,1.0,2.406837411747706,2.4068373736893256,0.23035890645787738,206.56533671809171,332.43577912219155,0.0,80.97719361872355,241.9051115840826,9.553473919385418,65.46242170500037,0.0,0.0,0.0,0.0,0.0,-1.199040866595169e-14,339.7129971912227,"[0.14744199918676892, 0.22627056142729368, 0.2730291557089324, 0.3220193693821334, 0.3361796136422933, 0.3271138756894638, 0.33392314003728524, 0.3366204318888345]","[0.14744199918676892, 0.22627056142729368, 0.2730291557089324, 0.3220193693821334, 0.3361796136422933, 0.3271138756894638, 0.33392314003728524, 0.3366204318888345]",[],1.0,"{'input_timing_assumptions': [], 'bottom_boundary': 'free_drainage', 'substeps': 24, 'precipitation_timing': 'explicit_hourly', 'plant_water_stress_method': 'compensated_layer_depletion', 'root_zone_stress_factor': 0.9999999914979186, 'root_zone_depletion_fraction': 0.5431488450801907, 'readily_available_water_adjustment': 'none', 'potential_et_demand_mm': 0.564751799415373, 'surface_wetness': [0.3025101761740345]}",0.27053587474312596,2015-10-21,True,1.703472204829671,50.0,[],[]
2016-01-04,wheat,21,BBCH21,0.06984252917824671,1.0,0.5489909066339512,112.0338053991126,0.11077828139755966,0.0,0.0,0.0,0.5261309316121289,0.11385107715397372,0.0,0.0,0.0,0.0,0.1727296471688872,0.0,0.0,623.3558898481363,0.11385107813868381,622.5431781922013,-0.8127116559350043,1.4432899320127035e-14,1.0852470397949219,provided,explicit_hourly,0.11385107813868385,1.2297788667620853,0.0,623.3558898481363,622.5431781922013,0.9999999913508936,0.9999999913508933,0.5431488450801907,1.3436299449007691,0.9999999913508936,0.11385107813868385,atmospheric,,,,,3.3306690738754696e-16,1.0,2.812081853775272,2.812081808539974,0.23043113143218863,206.9901838627398,335.2478609307316,0.0,81.00287145359974,244.6676067342392,9.577382742892603,66.20998599288733,0.0,0.0,0.0,0.0,0.0,5.46229728115577e-14,340.19944922738796,"[0.1451302058765268, 0.2249082629840522, 0.2719399538625112, 0.3217021446224343, 0.335986907180269, 0.3269852127435566, 0.33380764531493073, 0.33649063235760096]","[0.1451302058765268, 0.2249082629840522, 0.2719399538625112, 0.3217021446224343, 0.335986907180269, 0.3269852127435566, 0.33380764531493073, 0.33649063235760096]",[],1.0,"{'input_timing_assumptions': [], 'bottom_boundary': 'free_drainage', 'substeps': 24, 'precipitation_timing': 'explicit_hourly', 'plant_water_stress_method': 'compensated_layer_depletion', 'root_zone_stress_factor': 0.9999999913508933, 'root_zone_depletion_fraction': 0.5431488450801907, 'readily_available_water_adjustment': 'none', 'potential_et_demand_mm': 1.3436299449007691, 'surface_wetness': [0.29547752390156956]}",0.6399820087661026,2015-10-21,True,1.79419991867689,50.0,[],[]
2016-01-05,wheat,21,BBCH21,0.06984252917824671,1.0,0.5504803016000681,112.0338053991126,0.11077828139755966,0.0,0.0,0.0,0.5365146196629375,0.11896598176448521,0.0,0.0,0.0,0.0,0.17174674584186253,0.0,0.0,622.5431781922013,0.1189659828275674,621.715950844932,-0.8272273472692859,7.771561172376096e-16,1.1336709260940552,provided,explicit_hourly,0.11896598282756747,1.2845979713803883,0.0,622.5431781922013,621.715950844932,0.9999999910639817,0.999999991063981,0.5431488450801907,1.4035639542079559,0.9999999910639817,0.11896598282756747,atmospheric,,,,,5.551115123125783e-16,1.0,2.98777369292274,2.9877736432669377,0.23043113138071022,206.99018386273974,338.2356345739984,0.0,81.00287143550366,247.65538037750613,9.577382760988677,67.01851334029992,0.0,0.0,0.0,0.0,0.0,-8.926193117986259e-14,340.19944922738796,"[0.14275532874188765, 0.22346288410068496, 0.27085000229175304, 0.32138330724112263, 0.33579473482280126, 0.32685722470133965, 0.3336925111261612, 0.33636117323865833]","[0.14275532874188765, 0.22346288410068496, 0.27085000229175304, 0.32138330724112263, 0.33579473482280126, 0.32685722470133965, 0.3336925111261612, 0.33636117323865833]",[],1.0,"{'input_timing_assumptions': [], 'bottom_boundary': 'free_drainage', 'substeps': 24, 'precipitation_timing': 'explicit_hourly', 'plant_water_stress_method': 'compensated_layer_depletion', 'root_zone_stress_factor': 0.999999991063981, 'root_zone_depletion_fraction': 0.5431488450801907, 'readily_available_water_adjustment': 'none', 'potential_et_demand_mm': 1.4035639542079559, 'surface_wetness': [0.288252965804723]}",0.6554806014274227,2015-10-21,True,1.5630205876526801,50.0,[],[]
2016-01-06,wheat,21,BBCH21,0.06984252917824671,1.0,0.5520609904676059,112.0338053991126,0.11077828139755966,0.02901171116742423,0.0,0.0,0.41874590792993494,0.09082818403871135,0.0036294760214359246,0.0,0.0,0.0,0.17077184680507906,0.0,0.0,621.715950844932,0.09082818487115495,621.0609871413043,-0.6549637036276863,-5.0737192225369654e-14,0.9001220464706421,provided,explicit_hourly,0.09445766089259088,1.0199564338386697,0.0,621.715950844932,621.0609871413043,0.9999999908349638,0.9999999908361991,0.5431488450801907,1.1144140947312606,0.9999999908349638,0.09445766089259088,atmospheric,,,,,0.03842436904681623,1.0,2.852961571407545,2.852961522777087,0.23043113132791246,206.9901838627398,341.0885960967756,0.0,81.0028714169438,250.50834190028323,9.577382779548536,67.79055891258729,0.0,0.0,0.0,0.0,0.0,6.306066779870889e-14,340.19944922738796,"[0.14177556224454674, 0.2221486625034, 0.2698887264043407, 0.32106329694325414, 0.3356030747059248, 0.32672989936528146, 0.3335777387779127, 0.33623206200339356]","[0.14177556224454674, 0.2221486625034, 0.2698887264043407, 0.32106329694325414, 0.3356030747059248, 0.32672989936528146, 0.3335777387779127, 0.33623206200339356]",[],1.0,"{'input_timing_assumptions': [], 'bottom_boundary': 'free_drainage', 'substeps': 24, 'precipitation_timing': 'explicit_hourly', 'plant_water_stress_method': 'compensated_layer_depletion', 'root_zone_stress_factor': 0.9999999908361991, 'root_zone_depletion_fraction': 0.5431488450801907, 'readily_available_water_adjustment': 'none', 'potential_et_demand_mm': 1.1144140947312606, 'surface_wetness': [0.28527244109540634]}",0.5132035679900822,2015-10-21,True,1.3255328741887649,50.0,[],[]
2016-01-07,wheat,21,BBCH21,0.06984252917824671,1.0,0.5537315345678964,112.0338053991126,0.11077828139755966,0.0,0.0,0.0,0.4855961389933837,0.11132851485616019,0.0,0.0,0.0,0.0,0.16980493080772413,0.0,0.0,621.0609871413043,0.11132851590080764,620.294257556647,-0.7667295846572415,-2.653433028854124e-14,1.0608906745910645,provided,explicit_hourly,0.11132851590080761,1.2021283929490225,0.0,621.0609871413043,620.294257556647,0.999999990616533,0.9999999906165334,0.5431488450801907,1.31345690884983,0.999999990616533,0.11132851590080761,atmospheric,,,,,0.0,1.0,1.5378333461353897,1.5378333192973457,0.2304311312738564,206.99018386273977,342.6264294160729,0.0,81.0028713979416,252.04617521958056,9.577382798550737,68.20671503512897,0.0,0.0,0.0,0.0,0.0,-3.9745984281580604e-14,340.19944922738796,"[0.1398179393851466, 0.2207921796389567, 0.2688598608588483, 0.32074230376346063, 0.33541191094207307, 0.32660322492836363, 0.33346332927750266, 0.33610330543625766]","[0.1398179393851466, 0.2207921796389567, 0.2688598608588483, 0.32074230376346063, 0.33541191094207307, 0.32660322492836363, 0.33346332927750266, 0.33610330543625766]",[],1.0,"{'input_timing_assumptions': [], 'bottom_boundary': 'free_drainage', 'substeps': 24, 'precipitation_timing': 'explicit_hourly', 'plant_water_stress_method': 'compensated_layer_depletion', 'root_zone_stress_factor': 0.9999999906165334, 'root_zone_depletion_fraction': 0.5431488450801907, 'readily_available_water_adjustment': 'none', 'potential_et_demand_mm': 1.31345690884983, 'surface_wetness': [0.27931720245456604]}",0.5969246538495439,2015-10-21,True,1.2275562244546734,50.0,[],[]
2016-01-08,wheat,21,BBCH21,0.06984252917824671,1.0,0.5554904358165879,112.0338053991126,0.11077828139755966,0.0,0.0,0.0,0.36830910910911896,0.08573609881302069,0.0,0.0,0.0,0.0,0.16884597323834893,0.0,0.0,620.294257556647,0.08573609963496397,619.6713663754865,-0.6228911811605258,3.7192471324942744e-14,0.8170110583305359,provided,explicit_hourly,0.08573609963496398,0.9257807747078602,0.0,620.294257556647,619.6713663754865,0.9999999904131016,0.9999999904131018,0.5431488450801907,1.0115168743428242,0.9999999904131016,0.08573609963496398,atmospheric,,,,,1.1102230246251565e-16,1.0,1.7965360475083907,1.7965360154757815,0.23043113121862838,206.99018386273977,344.42296543154873,0.0,81.00287137852744,253.84271123505636,9.577382817964896,68.69287920703576,0.0,0.0,0.0,0.0,0.0,6.994405055138486e-14,340.19944922738796,"[0.1389832573878838, 0.2195668896085702, 0.26795098613609314, 0.32042049543739715, 0.3352212275931663, 0.3264771899705959, 0.333349283354839, 0.33597490967792965]","[0.1389832573878838, 0.2195668896085702, 0.26795098613609314, 0.32042049543739715, 0.3352212275931663, 0.3264771899705959, 0.333349283354839, 0.33597490967792965]",[],1.0,"{'input_timing_assumptions': [], 'bottom_boundary': 'free_drainage', 'substeps': 24, 'precipitation_timing': 'explicit_hourly', 'plant_water_stress_method': 'compensated_layer_depletion', 'root_zone_stress_factor': 0.9999999904131018, 'root_zone_depletion_fraction': 0.5431488450801907, 'readily_available_water_adjustment': 'none', 'potential_et_demand_mm': 1.0115168743428242, 'surface_wetness': [0.27677803590415273]}",0.45404520792213965,2015-10-21,True,1.0317939385146602,50.0,[],[]
2016-01-09,wheat,21,BBCH21,0.06984252917824671,1.0,0.5573361412704511,112.0338053991126,0.11077828139755966,0.0,0.0,0.0,0.4252893335689255,0.1002674950684006,0.0,0.0,0.0,0.0,0.1678949445854857,0.0,0.0,619.6713663754865,0.10026749604802829,618.9779146022636,-0.6934517732229324,1.20570220474292e-13,0.9554861187934875,provided,explicit_hourly,0.10026749604802825,1.0826911952882137,0.0,619.6713663754865,618.9779146022636,0.9999999902298579,0.9999999902298584,0.5431488450801907,1.182958691336242,0.9999999902298579,0.10026749604802825,atmospheric,,,,,0.0,1.0,2.48155337357879,2.4815533284864517,0.23043113116234476,206.99018386273983,346.9045187600351,0.0,81.00287135874221,256.3242645635428,9.577382837750129,69.36441727173003,0.0,0.0,0.0,0.0,0.0,-8.126832540256146e-14,340.19944922738796,"[0.137503542108652, 0.21834316607056134, 0.2669973512408886, 0.3200981412439045, 0.3350310135058038, 0.3263517834508469, 0.3332356014832416, 0.3358468802660349]","[0.137503542108652, 0.21834316607056134, 0.2669973512408886, 0.3200981412439045, 0.3350310135058038, 0.3263517834508469, 0.3332356014832416, 0.3358468802660349]",[],1.0,"{'input_timing_assumptions': [], 'bottom_boundary': 'free_drainage', 'substeps': 24, 'precipitation_timing': 'explicit_hourly', 'plant_water_stress_method': 'compensated_layer_depletion', 'root_zone_stress_factor': 0.9999999902298584, 'root_zone_depletion_fraction': 0.5431488450801907, 'readily_available_water_adjustment': 'none', 'potential_et_demand_mm': 1.182958691336242, 'surface_wetness': [0.2722766287173655]}",0.5255568286373261,2015-10-21,True,0.9483257387883786,50.0,[],[]
2016-01-10,wheat,21,BBCH21,0.06984252917824671,1.0,0.5592670477097502,112.0338053991126,0.11077828139755966,0.014505855583712115,0.0,0.0,0.3927217931153687,0.09214397991004224,0.001814738009110607,0.0,0.0,0.0,0.166951810867115,0.0,0.0,618.9779146022636,0.09214398082786016,618.3387881359456,-0.6391264663179754,5.0959236830294685e-14,0.895367443561554,provided,explicit_hourly,0.0939587188369708,1.0145688447546959,0.0,618.9779146022636,618.3387881359456,0.9999999900393068,0.9999999900382132,0.5431488450801907,1.1085275635916667,0.9999999900393068,0.0939587188369708,atmospheric,,,,,0.01931420555296648,1.0,2.280441213550712,2.280441171304605,0.2304311311049634,206.9901838627398,349.18495993133973,0.0,81.0028713385711,258.6047057348474,9.577382857921243,69.98153197696229,0.0,0.0,0.0,0.0,0.0,2.5757174171303632e-14,340.19944922738796,"[0.1364324530496604, 0.2171743327072187, 0.26609364899577015, 0.3197752103645189, 0.33484125754950883, 0.32622699470391625, 0.33312228389973003, 0.3357192221735763]","[0.1364324530496604, 0.2171743327072187, 0.26609364899577015, 0.3197752103645189, 0.33484125754950883, 0.32622699470391625, 0.33312228389973003, 0.3357192221735763]",[],1.0,"{'input_timing_assumptions': [], 'bottom_boundary': 'free_drainage', 'substeps': 24, 'precipitation_timing': 'explicit_hourly', 'plant_water_stress_method': 'compensated_layer_depletion', 'root_zone_stress_factor': 0.9999999900382132, 'root_zone_depletion_fraction': 0.5431488450801907, 'readily_available_water_adjustment': 'none', 'potential_et_demand_mm': 1.1085275635916667, 'surface_wetness': [0.2690182937825953]}",0.48668051103452153,2015-10-21,True,0.8003542108652013,50.0,[],[]
2016-01-11,wheat,21,BBCH21,0.06984252917824671,1.0,0.5612815062203237,112.0338053991126,0.11077828139755966,0.0,0.0,0.0,0.47838090526561955,0.11645524048236527,0.0,0.0,0.0,0.0,0.16601653403126007,0.0,0.0,618.3387881359456,0.11645524166711477,617.5779354561664,-0.760852679779191,-5.384581669432009e-14,1.1097451448440552,provided,explicit_hourly,0.11645524166711474,1.2574869208282018,0.0,618.3387881359456,617.5779354561664,0.9999999898265679,0.9999999898265681,0.5431488450801907,1.3739421624953165,0.9999999898265679,0.11645524166711474,atmospheric,,,,,0.0,1.0,0.587592750022575,0.5875927389046902,0.23043113104635654,206.99018386273983,349.7725526702444,0.0,81.00287131796917,259.1922984737521,9.577382878523174,70.14054161265412,0.0,0.0,0.0,0.0,0.0,-1.509903313490213e-14,340.19944922738796,"[0.1343570900579549, 0.21591740526713554, 0.2651037103321861, 0.31945159993018424, 0.33465194961335554, 0.3261028134216606, 0.3330093306238013, 0.33559193984523894]","[0.1343570900579549, 0.21591740526713554, 0.2651037103321861, 0.31945159993018424, 0.33465194961335554, 0.3261028134216606, 0.3330093306238013, 0.33559193984523894]",[],1.0,"{'input_timing_assumptions': [], 'bottom_boundary': 'free_drainage', 'substeps': 24, 'precipitation_timing': 'explicit_hourly', 'plant_water_stress_method': 'compensated_layer_depletion', 'root_zone_stress_factor': 0.9999999898265681, 'root_zone_depletion_fraction': 0.5431488450801907, 'readily_available_water_adjustment': 'none', 'potential_et_demand_mm': 1.3739421624953165, 'surface_wetness': [0.26270488064347736]}",0.5948361457479848,2015-10-21,True,0.6932453049660392,50.0,[],[]
2016-01-12,wheat,21,BBCH21,0.06984252917824671,1.0,0.5633778267511265,112.0338053991126,0.11077828139755966,0.0,0.0,0.0,0.41416482345872613,0.1028840677261765,0.0,0.0,0.0,0.0,0.16508907232940065,0.0,0.0,617.5779354561664,0.10288406879630972,616.8957974926523,-0.6821379635141511,-1.5210055437364645e-13,0.9804204106330872,provided,explicit_hourly,0.10288406879630971,1.110945021074434,0.0,617.5779354561664,616.8957974926523,0.9999999895986499,0.9999999895986502,0.5431488450801907,1.2138290898707438,0.9999999895986499,0.10288406879630971,atmospheric,,,,,0.0,1.0,0.2137263460144616,0.21372634187993272,0.23043113098643667,206.9901838627398,349.9862790121244,0.0,81.00287129690568,259.406024815632,9.57738289958666,70.19837852163877,0.0,0.0,0.0,0.0,0.0,4.346523141407488e-14,340.19944922738796,"[0.1329311632564845, 0.21468597267184464, 0.26418588270506393, 0.31912719796491834, 0.3344630770800102, 0.32597922962989756, 0.33289674147459253, 0.33546503723163285]","[0.1329311632564845, 0.21468597267184464, 0.26418588270506393, 0.31912719796491834, 0.3344630770800102, 0.32597922962989756, 0.33289674147459253, 0.33546503723163285]",[],1.0,"{'input_timing_assumptions': [], 'bottom_boundary': 'free_drainage', 'substeps': 24, 'precipitation_timing': 'explicit_hourly', 'plant_water_stress_method': 'compensated_layer_depletion', 'root_zone_stress_factor': 0.9999999895986502, 'root_zone_depletion_fraction': 0.5431488450801907, 'readily_available_water_adjustment': 'none', 'potential_et_demand_mm': 1.2138290898707438, 'surface_wetness': [0.25836710212482616]}",0.5170488911849026,2015-10-21,True,0.4857090057954885,50.0,[],[]
2016-01-13,wheat,21,BBCH21,0.06984252917824671,1.0,0.5655542826247243,112.0338053991126,0.11077828139755966,0.0,0.0,0.0,0.5563878443819135,0.14169575301208398,0.0,0.0,0.0,0.0,0.16416938066398745,0.0,0.0,616.8957974926523,0.1416957545236462,616.0335445145943,-0.8622529780579953,1.0436096431476471e-14,1.3502713441848755,provided,explicit_hourly,0.14169575452364622,1.5300346776799134,0.0,616.8957974926523,616.0335445145943,0.9999999893323395,0.9999999893323395,0.5431488450801907,1.6717304322035595,0.9999999893323395,0.14169575452364622,atmospheric,,,,,2.220446049250313e-16,1.0,2.4150294389329137,2.4150293910180927,0.23043113092498263,206.9901838627398,352.4013084031424,0.0,81.0028712753029,261.8210542066501,9.577382921189447,70.85191441176339,0.0,0.0,0.0,0.0,0.0,-5.46229728115577e-14,340.19944922738796,"[0.13012647458944376, 0.21325934202076563, 0.26311454743638074, 0.3188017028142338, 0.33427462803988767, 0.32585623366531385, 0.33278451608599047, 0.33533851782151314]","[0.13012647458944376, 0.21325934202076563, 0.26311454743638074, 0.3188017028142338, 0.33427462803988767, 0.32585623366531385, 0.33278451608599047, 0.33533851782151314]",[],1.0,"{'input_timing_assumptions': [], 'bottom_boundary': 'free_drainage', 'substeps': 24, 'precipitation_timing': 'explicit_hourly', 'plant_water_stress_method': 'compensated_layer_depletion', 'root_zone_stress_factor': 0.9999999893323395, 'root_zone_depletion_fraction': 0.5431488450801907, 'readily_available_water_adjustment': 'none', 'potential_et_demand_mm': 1.6717304322035595, 'surface_wetness': [0.24983502443412847]}",0.6980835973939974,2015-10-21,True,0.3431163256484471,50.0,[],[]
2016-01-14,wheat,21,BBCH21,0.06984252917824671,1.0,0.5678091149800772,112.0338053991126,0.11077828139755966,0.0,0.0,0.0,0.5337916858275128,0.14037111640628797,0.0,0.0,0.0,0.0,0.16325741091112098,0.0,0.0,616.0335445145943,0.14037111793985094,615.1961243014493,-0.8374202131449238,1.9984014443252818e-15,1.3376483917236328,provided,explicit_hourly,0.1403711179398509,1.5157312156308718,0.0,616.0335445145943,615.1961243014493,0.9999999890749394,0.9999999890749396,0.5431488450801907,1.6561023335707228,0.9999999890749394,0.1403711179398509,atmospheric,,,,,0.0,1.0,3.1397971144301096,3.1397970506326045,0.23043113086204578,206.9901838627398,355.541105453775,0.0,81.00287125317887,264.9608512572827,9.577382943313474,71.70158111475567,0.0,0.0,0.0,0.0,0.0,-2.398081733190338e-14,340.19944922738796,"[0.12764177963445433, 0.21173419245322486, 0.26206025091628493, 0.31847455197778224, 0.3340865844032111, 0.32573381614440694, 0.33267265392027856, 0.33521238467202596]","[0.12764177963445433, 0.21173419245322486, 0.26206025091628493, 0.31847455197778224, 0.3340865844032111, 0.32573381614440694, 0.33267265392027856, 0.33521238467202596]",[],1.0,"{'input_timing_assumptions': [], 'bottom_boundary': 'free_drainage', 'substeps': 24, 'precipitation_timing': 'explicit_hourly', 'plant_water_stress_method': 'compensated_layer_depletion', 'root_zone_stress_factor': 0.9999999890749396, 'root_zone_depletion_fraction': 0.5431488450801907, 'readily_available_water_adjustment': 'none', 'potential_et_demand_mm': 1.6561023335707228, 'surface_wetness': [0.2422763921186129]}",0.6741628022338008,2015-10-21,True,0.06264745894437418,50.0,[],[]
2016-01-15,wheat,21,BBCH21,0.06988211248309144,1.0,0.5701405371288433,112.09730064082571,0.11085550247060692,0.0,0.0,0.0,0.4716277353515987,0.12742882358741578,0.0,0.0,0.0,0.0,0.16235311221956308,0.0,0.0,615.1961243014493,0.12742882499463723,614.4347146302907,-0.7614096711586171,3.952393967665557e-14,1.214316487312317,provided,explicit_hourly,0.1274288249946373,1.3759799786923161,0.0,615.1961243014493,614.4347146302907,0.9999999889568043,0.9999999889568038,0.5431488450801907,1.5034088036869535,0.9999999889568043,0.1274288249946373,atmospheric,,,,,6.661338147750939e-16,1.0,3.7362154447396567,3.736215368002636,0.2304550422437436,207.06770165779108,359.27732082177766,0.0,81.0113543649935,268.6837480567114,9.582218400072755,72.70904159648133,0.0,0.0,0.0,0.0,0.0,2.4868995751603507e-14,340.30157739793884,"[0.1257980069318968, 0.21022835826155578, 0.2610711650168687, 0.31814602774763623, 0.3338989279005064, 0.32561196792385366, 0.3325611542791208, 0.3350866404369931]","[0.1257980069318968, 0.21022835826155578, 0.2610711650168687, 0.31814602774763623, 0.3338989279005064, 0.32561196792385366, 0.3325611542791208, 0.3350866404369931]",[],1.0,"{'input_timing_assumptions': [], 'bottom_boundary': 'free_drainage', 'substeps': 24, 'precipitation_timing': 'explicit_hourly', 'plant_water_stress_method': 'compensated_layer_depletion', 'root_zone_stress_factor': 0.9999999889568038, 'root_zone_depletion_fraction': 0.5431488450801907, 'readily_available_water_adjustment': 'none', 'potential_et_demand_mm': 1.5034088036869535, 'surface_wetness': [0.23666749437282253]}",0.5990565589390144,2015-10-21,True,-0.18582203655456908,50.0,[],[]
2016-01-16,wheat,21,BBCH21,0.06988211248309144,1.0,0.5725467388083612,112.09730064082571,0.11085550247060692,0.0,0.0,0.0,0.38342004327635615,0.10553956631091306,0.0,0.0,0.0,0.0,0.1614564312867242,0.0,0.0,614.4347146302907,0.10553956748806437,613.7842985894167,-0.6504160408740063,1.2878587085651816e-14,1.0056281089782715,provided,explicit_hourly,0.10553956748806437,1.1394928490523946,0.0,614.4347146302907,613.7842985894167,0.9999999888463509,0.9999999888463507,0.5431488450801907,1.245032416540459,0.9999999888463509,0.10553956748806437,atmospheric,,,,,0.0,1.0,2.8562407484649874,2.8562406892147574,0.23045504217948323,207.06770165779108,362.13356151099237,0.0,81.01135434240419,271.53998874592617,9.58221842266206,73.48197455049775,0.0,0.0,0.0,0.0,0.0,-5.639932965095795e-14,340.30157739793884,"[0.12476897513135493, 0.2088609717002257, 0.260184034612263, 0.3178167435627536, 0.3337116451669549, 0.3254906801044579, 0.33245001631371895, 0.33496128739324277]","[0.12476897513135493, 0.2088609717002257, 0.260184034612263, 0.3178167435627536, 0.3337116451669549, 0.3254906801044579, 0.33245001631371895, 0.33496128739324277]",[],1.0,"{'input_timing_assumptions': [], 'bottom_boundary': 'free_drainage', 'substeps': 24, 'precipitation_timing': 'explicit_hourly', 'plant_water_stress_method': 'compensated_layer_depletion', 'root_zone_stress_factor': 0.9999999888463507, 'root_zone_depletion_fraction': 0.5431488450801907, 'readily_available_water_adjustment': 'none', 'potential_et_demand_mm': 1.245032416540459, 'surface_wetness': [0.233537100838739]}",0.4889596095872692,2015-10-21,True,-0.3701993068103224,50.0,[],[]
2016-01-17,wheat,21,BBCH21,0.06988211248309144,1.0,0.5750258903163855,112.09730064082571,0.11085550247060692,0.21033490461286258,0.0,0.0,0.3439072171879388,0.0712585074903508,0.026316253023206143,0.0,0.0,0.0,0.16056731261323526,0.0,0.0,613.7842985894167,0.07125850829190307,613.3925842037147,-0.39171438570201644,1.4804824033376462e-13,0.8961395621299744,provided,explicit_hourly,0.0940488645127315,1.015429673973217,0.0,613.7842985894167,613.3925842037147,0.9999999887514869,0.9999999887567512,0.5431488450801907,1.1094785384859485,0.9999999887514869,0.0940488645127315,atmospheric,,,,,0.2423246292116933,1.0,0.3938757258918488,0.3938757176517468,0.23045504211467632,207.06770165779108,362.52743722864415,0.0,81.01135431962275,271.9338644635779,9.582218445443495,73.58856203911854,0.0,0.0,0.0,0.0,0.0,3.430589146091734e-14,340.30157739793884,"[0.12570382007184974, 0.20787430034925422, 0.2594536957576325, 0.3174878590719898, 0.333524731386355, 0.3253699440566887, 0.3323392390361073, 0.3348363274652273]","[0.12570382007184974, 0.20787430034925422, 0.2594536957576325, 0.3174878590719898, 0.333524731386355, 0.3253699440566887, 0.3323392390361073, 0.3348363274652273]",[],1.0,"{'input_timing_assumptions': [], 'bottom_boundary': 'free_drainage', 'substeps': 24, 'precipitation_timing': 'explicit_hourly', 'plant_water_stress_method': 'compensated_layer_depletion', 'root_zone_stress_factor': 0.9999999887567512, 'root_zone_depletion_fraction': 0.5431488450801907, 'readily_available_water_adjustment': 'none', 'potential_et_demand_mm': 1.1094785384859485, 'surface_wetness': [0.23638097073231734]}",0.4414819777014958,2015-10-21,True,-0.4731024868645086,50.0,[],[]
2016-01-18,wheat,21,BBCH21,0.06988211248309144,1.0,0.5775761465145459,112.09730064082571,0.11085550247060692,0.06527635417959385,0.0,0.0,0.33382285641415865,0.08327625199695238,0.008167113564593084,0.0,0.0,0.0,0.15968569873890062,0.0,0.0,613.3925842037147,0.08327625293932153,612.8729086371798,-0.5196755665349428,-6.80566714095221e-14,0.871313214302063,provided,explicit_hourly,0.09144336650391466,0.9872985532048548,0.0,613.3925842037147,612.8729086371798,0.999999988683819,0.999999988685562,0.5431488450801907,1.0787419197087695,0.999999988683819,0.09144336650391466,atmospheric,,,,,0.08931335182463451,1.0,0.0,0.0,0.23045504204947956,207.06770165779105,362.52743722864415,0.0,81.01135429670428,271.9338644635779,9.582218468361965,73.58856203911854,0.0,0.0,0.0,0.0,0.0,0.0,340.30157739793884,"[0.1253203517919371, 0.20697789466339114, 0.25868389596774044, 0.3171595159181394, 0.3333381900323745, 0.3252497514642626, 0.33222882133251036, 0.33471176224826155]","[0.1253203517919371, 0.20697789466339114, 0.25868389596774044, 0.3171595159181394, 0.3333381900323745, 0.3252497514642626, 0.33222882133251036, 0.33471176224826155]",[],1.0,"{'input_timing_assumptions': [], 'bottom_boundary': 'free_drainage', 'substeps': 24, 'precipitation_timing': 'explicit_hourly', 'plant_water_stress_method': 'compensated_layer_depletion', 'root_zone_stress_factor': 0.999999988685562, 'root_zone_depletion_fraction': 0.5431488450801907, 'readily_available_water_adjustment': 'none', 'potential_et_demand_mm': 1.0787419197087695, 'surface_wetness': [0.2352144308612146]}",0.42526622197570413,2015-10-21,True,-0.3796179928150263,50.0,[],[]
2016-01-19,wheat,21,BBCH21,0.06988211248309144,1.0,0.5801956506893332,112.09730064082571,0.11085550247060692,0.0,0.0,0.0,0.38259727234932833,0.10629722534361336,0.0,0.0,0.0,0.0,0.15881153046306892,0.0,0.0,612.8729086371798,0.10629722655387953,612.2252026090237,-0.647706028156108,9.736655925962623e-14,1.0128474235534668,provided,explicit_hourly,0.10629722655387955,1.1476731667961901,0.0,612.8729086371798,612.2252026090237,0.9999999886143203,0.9999999886143199,0.5431488450801907,1.2539703933500697,0.9999999886143203,0.10629722655387955,atmospheric,,,,,1.1102230246251565e-16,1.0,0.06512752174018119,0.0651275203610621,0.2304550419838824,207.06770165779105,362.5925647490052,0.0,81.01135427364505,271.99899198393894,9.582218491421195,73.60618632648708,0.0,0.0,0.0,0.0,0.0,-1.6806001035263307e-14,340.30157739793884,"[0.12385730244274339, 0.20600101361185805, 0.2578298390224458, 0.31683123152321646, 0.33315202165049623, 0.32513009432172496, 0.3321187619777789, 0.33458759303071406]","[0.12385730244274339, 0.20600101361185805, 0.2578298390224458, 0.31683123152321646, 0.33315202165049623, 0.32513009432172496, 0.3321187619777789, 0.33458759303071406]",[],1.0,"{'input_timing_assumptions': [], 'bottom_boundary': 'free_drainage', 'substeps': 24, 'precipitation_timing': 'explicit_hourly', 'plant_water_stress_method': 'compensated_layer_depletion', 'root_zone_stress_factor': 0.9999999886143199, 'root_zone_depletion_fraction': 0.5431488450801907, 'readily_available_water_adjustment': 'none', 'potential_et_demand_mm': 1.2539703933500697, 'surface_wetness': [0.23076372270977608]}",0.4888944976929417,2015-10-21,True,-0.4179648208062918,50.0,[],[]
2016-01-20,wheat,21,BBCH21,0.06988211248309144,1.0,0.5828825382611835,112.09730064082571,0.11085550247060692,0.0,0.0,0.0,0.43206040299927706,0.12273542603447342,0.0,0.0,0.0,0.0,0.15794474705143585,0.0,0.0,612.2252026090237,0.12273542744160224,611.5124620329385,-0.7127405760851389,-4.75175454539567e-14,1.169477939605713,provided,explicit_hourly,0.12273542744160232,1.3251536404049364,0.0,612.2252026090237,611.5124620329385,0.9999999885352677,0.9999999885352672,0.5431488450801907,1.4478890678465388,0.9999999885352677,0.12273542744160232,atmospheric,,,,,6.661338147750939e-16,1.0,1.3839833322716197,1.38398330276136,0.23045504191782976,207.0677016577911,363.97654805176654,0.0,81.01135425042571,273.3829752867003,9.582218514640537,73.98070879112112,0.0,0.0,0.0,0.0,0.0,-9.103828801926284e-15,340.30157739793884,"[0.121941244729442, 0.20490470272055647, 0.25692081923211546, 0.3165024905551348, 0.3329662215559971, 0.32501096489301434, 0.3320090596474599, 0.3344638208151959]","[0.121941244729442, 0.20490470272055647, 0.25692081923211546, 0.3165024905551348, 0.3329662215559971, 0.32501096489301434, 0.3320090596474599, 0.3344638208151959]",[],1.0,"{'input_timing_assumptions': [], 'bottom_boundary': 'free_drainage', 'substeps': 24, 'precipitation_timing': 'explicit_hourly', 'plant_water_stress_method': 'compensated_layer_depletion', 'root_zone_stress_factor': 0.9999999885352672, 'root_zone_depletion_fraction': 0.5431488450801907, 'readily_available_water_adjustment': 'none', 'potential_et_demand_mm': 1.4478890678465388, 'surface_wetness': [0.22493492842616777]}",0.5547958290337505,2015-10-21,True,-0.5642697557256628,50.0,[],[]
2016-01-21,wheat,21,BBCH21,0.06988211248309144,1.0,0.5856349403339245,112.09730064082571,0.11085550247060692,0.036264640310243394,0.0,0.0,0.3100390325273802,0.08498773633091058,0.004537285197355782,0.0,0.0,0.0,0.15708528642909442,0.0,0.0,611.5124620329385,0.08498773731206019,610.9920773327641,-0.520384700174418,-7.971401316808624e-14,0.8530343770980835,provided,explicit_hourly,0.08952502250941596,0.9665865186191555,0.0,611.5124620329385,610.9920773327641,0.999999988455398,0.9999999884546182,0.5431488450801907,1.0561115411285713,0.999999988455398,0.08952502250941596,atmospheric,,,,,0.050681754331628914,1.0,1.1696165343949325,1.1696165092818098,0.23045504185131696,207.06770165779108,365.1461645610483,0.0,81.01135422704462,274.5525917959821,9.582218538021628,74.29722103289375,0.0,0.0,0.0,0.0,0.0,-5.750955267558311e-14,340.30157739793884,"[0.12154453775399285, 0.20393151937716594, 0.2561953521517651, 0.3161737174101526, 0.3327807832804213, 0.32489235567352187, 0.33189971292689485, 0.3343404463385719]","[0.12154453775399285, 0.20393151937716594, 0.2561953521517651, 0.3161737174101526, 0.3327807832804213, 0.32489235567352187, 0.33189971292689485, 0.3343404463385719]",[],1.0,"{'input_timing_assumptions': [], 'bottom_boundary': 'free_drainage', 'substeps': 24, 'precipitation_timing': 'explicit_hourly', 'plant_water_stress_method': 'compensated_layer_depletion', 'root_zone_stress_factor': 0.9999999884546182, 'root_zone_depletion_fraction': 0.5431488450801907, 'readily_available_water_adjustment': 'none', 'potential_et_demand_mm': 1.0561115411285713, 'surface_wetness': [0.2237281154295063]}",0.3995640540556466,2015-10-21,True,-0.7558755270558013,50.0,[],[]
2016-01-22,wheat,21,BBCH21,0.06988211248309144,1.0,0.5884509870784145,112.09730064082571,0.11085550247060692,1.5158618801276909,0.0,0.0,0.5111355457728902,0.0014628473131762154,0.1553025468522752,0.0,0.0,0.0,0.1562330853592208,0.0,0.0,610.9920773327641,0.001462847330120638,611.6838051875942,0.6917278548301056,2.2870594307278225e-14,1.2614327669143677,provided,explicit_hourly,0.13238598566898702,1.429349085366027,0.0,610.9920773327641,611.649449223863,0.9999999884168209,0.9999999885646156,0.5431488450801907,1.561735071035014,0.9999999884168209,0.13238598566898702,atmospheric,,,,,0.9889501345423504,1.0,0.0,0.0,0.23045504178458193,207.06770165779105,365.14616456104835,0.0,81.0113542035854,274.5525917959821,9.58221856148085,74.29722103289375,0.0,0.0,0.0,0.0,0.0,5.684341886080802e-14,340.30157739793884,"[0.1312562697176842, 0.20402871847642653, 0.2558606733535997, 0.315847191395919, 0.3325957128146292, 0.32477425940357457, 0.33179072031920875, 0.3342174700907028]","[0.1312562697176842, 0.20402871847642653, 0.2558606733535997, 0.315847191395919, 0.3325957128146292, 0.32477425940357457, 0.33179072031920875, 0.3342174700907028]",[],1.0,"{'input_timing_assumptions': [], 'bottom_boundary': 'free_drainage', 'substeps': 24, 'precipitation_timing': 'explicit_hourly', 'plant_water_stress_method': 'compensated_layer_depletion', 'root_zone_stress_factor': 0.9999999885646156, 'root_zone_depletion_fraction': 0.5431488450801907, 'readily_available_water_adjustment': 'none', 'potential_et_demand_mm': 1.561735071035014, 'surface_wetness': [0.25327194772689804]}",0.6679009399383417,2015-10-21,True,-0.7955462246007166,50.0,[],[]
2016-01-23,wheat,21,BBCH21,0.06988211248309144,1.0,0.5913288109457152,112.09730064082571,0.11085550247060692,0.0,0.0,0.0,0.3863750616092853,0.07098909185020699,0.03435596373113669,0.0,0.0,0.0,0.15538807960811524,0.0,0.0,611.6838051875942,0.07098909267031403,611.0366969907953,-0.6471081967988539,1.0969003483296547e-13,0.9549399018287659,provided,explicit_hourly,0.10021989553456098,1.082057253554728,0.0,611.649449223863,611.0366969907953,0.9999999884474219,0.9999999884719782,0.5431488450801907,1.182277149089289,0.9999999884474219,0.10021989553456098,atmospheric,,,,,0.29166666666666663,1.0,0.0,0.0,0.23045504171802317,207.06770165779108,365.14616456104835,0.0,81.01135418018815,274.5525917959821,9.582218584878099,74.29722103289375,0.0,0.0,0.0,0.0,0.0,0.0,340.30157739793884,"[0.12889558894997014, 0.20391000515527835, 0.25524062559657507, 0.31552376276891486, 0.3324110364294226, 0.3246566691617377, 0.33168208025662954, 0.3340948923321367]","[0.12889558894997014, 0.20391000515527835, 0.25524062559657507, 0.31552376276891486, 0.3324110364294226, 0.3246566691617377, 0.33168208025662954, 0.3340948923321367]",[],1.0,"{'input_timing_assumptions': [], 'bottom_boundary': 'free_drainage', 'substeps': 24, 'precipitation_timing': 'explicit_hourly', 'plant_water_stress_method': 'compensated_layer_depletion', 'root_zone_stress_factor': 0.9999999884719782, 'root_zone_depletion_fraction': 0.5431488450801907, 'readily_available_water_adjustment': 'none', 'potential_et_demand_mm': 1.182277149089289, 'surface_wetness': [0.24609057606530688]}",0.491720117190629,2015-10-21,True,0.17562697176841802,50.0,[],[]
2016-01-24,wheat,21,BBCH21,0.06988211248309144,1.0,0.5942665497064896,112.09730064082571,0.11085550247060692,0.0,0.0,0.0,0.47366181456057854,0.12702719708874977,0.0,0.0,0.0,0.0,0.15455020409980402,0.0,0.0,611.0366969907953,0.12702719856239755,610.2814577750462,-0.7552392157491568,2.4424906541753444e-14,1.2103718519210815,provided,explicit_hourly,0.12702719856239747,1.3714911686191964,0.0,611.0366969907953,610.2814577750462,0.9999999883989587,0.9999999883989592,0.5431488450801907,1.4985183671815938,0.9999999883989587,0.12702719856239747,atmospheric,,,,,0.0,1.0,0.0,0.0,0.23045504165118524,207.06770165779105,365.14616456104835,0.0,81.01135415669275,274.5525917959821,9.582218608373502,74.29722103289375,0.0,0.0,0.0,0.0,0.0,0.0,340.30157739793884,"[0.12584052306682306, 0.2033790012139904, 0.25440415857333915, 0.31520053481302923, 0.33222676518765454, 0.324539578377862, 0.3315737911157257, 0.3339727131112867]","[0.12584052306682306, 0.2033790012139904, 0.25440415857333915, 0.31520053481302923, 0.33222676518765454, 0.324539578377862, 0.3315737911157257, 0.3339727131112867]",[],1.0,"{'input_timing_assumptions': [], 'bottom_boundary': 'free_drainage', 'substeps': 24, 'precipitation_timing': 'explicit_hourly', 'plant_water_stress_method': 'compensated_layer_depletion', 'root_zone_stress_factor': 0.9999999883989592, 'root_zone_depletion_fraction': 0.5431488450801907, 'readily_available_water_adjustment': 'none', 'potential_et_demand_mm': 1.4985183671815938, 'surface_wetness': [0.2367968317108886]}",0.6006890116493283,2015-10-21,True,-0.06044110500298849,50.0,[],[]
2016-01-25,wheat,21,BBCH21,0.06988211248309144,1.0,0.5972623493145994,112.09730064082571,0.11085550247060692,0.0,0.0,0.0,0.5480509720334541,0.1533581791491256,0.0,0.0,0.0,0.0,0.15371939306303017,0.0,0.0,610.2814577750462,0.15335818093651077,609.4263292308005,-0.8551285442456447,3.47499806707674e-14,1.461265206336975,provided,explicit_hourly,0.15335818093651077,1.6557823303627455,0.0,610.2814577750462,609.4263292308005,0.999999988345029,0.999999988345029,0.5431488450801907,1.8091405112992562,0.999999988345029,0.15335818093651077,atmospheric,,,,,0.0,1.0,0.62694755383948,0.6269475402494422,0.23045504158403657,207.0677016577911,365.7731121012978,0.0,81.01135413308813,275.1795393362315,9.582218631978115,74.46688054937923,0.0,0.0,0.0,0.0,0.0,-9.992007221626409e-15,340.30157739793884,"[0.1222614783334972, 0.20250258563990672, 0.25347893163359836, 0.3148765939809314, 0.33204289208364424, 0.3244229806949257, 0.33146585122677125, 0.3338509322810933]","[0.1222614783334972, 0.20250258563990672, 0.25347893163359836, 0.3148765939809314, 0.33204289208364424, 0.3244229806949257, 0.33146585122677125, 0.3338509322810933]",[],1.0,"{'input_timing_assumptions': [], 'bottom_boundary': 'free_drainage', 'substeps': 24, 'precipitation_timing': 'explicit_hourly', 'plant_water_stress_method': 'compensated_layer_depletion', 'root_zone_stress_factor': 0.999999988345029, 'root_zone_depletion_fraction': 0.5431488450801907, 'readily_available_water_adjustment': 'none', 'potential_et_demand_mm': 1.8091405112992562, 'surface_wetness': [0.22590910357119515]}",0.7014091511825797,2015-10-21,True,-0.36594769331769506,50.0,[],[]
2016-01-26,wheat,21,BBCH21,0.06988211248309144,1.0,0.6003143665940127,112.09730064082571,0.11085550247060692,0.0,0.0,0.0,0.4907124650853132,0.14330898662727992,0.0,0.0,0.0,0.0,0.15289558016817528,0.0,0.0,609.4263292308005,0.1433089883083671,608.6394121989198,-0.7869170318807619,-6.439293542825908e-15,1.3655120134353638,provided,explicit_hourly,0.14330898830836708,1.5472828984275375,0.0,609.4263292308005,608.6394121989198,0.9999999882694923,0.9999999882694924,0.5431488450801907,1.6905918867359047,0.9999999882694923,0.14330898830836708,atmospheric,,,,,0.0,1.0,2.1483816840717687,2.148381637200522,0.23045504151645269,207.06770165779108,367.9214937384983,0.0,81.01135410933053,277.3279209734321,9.582218655735723,75.04825836234377,0.0,0.0,0.0,0.0,0.0,2.1316282072803006e-14,340.30157739793884,"[0.11945849012714006, 0.20143074711892603, 0.25261926937419876, 0.3145517960227301, 0.3318594049710248, 0.324306869900343, 0.3313582588762653, 0.3337295495145106]","[0.11945849012714006, 0.20143074711892603, 0.25261926937419876, 0.3145517960227301, 0.3318594049710248, 0.324306869900343, 0.3313582588762653, 0.3337295495145106]",[],1.0,"{'input_timing_assumptions': [], 'bottom_boundary': 'free_drainage', 'substeps': 24, 'precipitation_timing': 'explicit_hourly', 'plant_water_stress_method': 'compensated_layer_depletion', 'root_zone_stress_factor': 0.9999999882694924, 'root_zone_depletion_fraction': 0.5431488450801907, 'readily_available_water_adjustment': 'none', 'potential_et_demand_mm': 1.6905918867359047, 'surface_wetness': [0.21738219881210766]}",0.634021451712593,2015-10-21,True,-0.723852166650282,50.0,[],[]
2016-01-27,wheat,21,BBCH21,0.06988211248309144,1.0,0.6034207717491896,112.09730064082571,0.11085550247060692,0.0,0.0,0.0,0.4962062305488902,0.15058534176336336,0.0,0.0,0.0,0.0,0.1520786986509373,0.0,0.0,608.6394121989198,0.15058534354327843,607.8405419279566,-0.7988702709632207,2.986499936241671e-14,1.4348443746566772,provided,explicit_hourly,0.15058534354327838,1.6258444752257355,0.0,608.6394121989198,607.8405419279566,0.9999999881800244,0.9999999881800247,0.5431488450801907,1.776429818769014,0.9999999881800244,0.15058534354327838,atmospheric,,,,,0.0,1.0,2.815223931430161,2.8152238695419713,0.23045504144835335,207.06770165779108,370.7367176080403,0.0,81.01135408539172,280.14314484297404,9.582218679674533,75.81009167349265,0.0,0.0,0.0,0.0,0.0,-4.440892098500626e-15,340.30157739793884,"[0.11675247486788728, 0.20017370584598748, 0.25173638064212206, 0.31422629679896874, 0.33167629358669565, 0.32419123991155496, 0.33125101230786047, 0.33360856431855285]","[0.11675247486788728, 0.20017370584598748, 0.25173638064212206, 0.31422629679896874, 0.33167629358669565, 0.32419123991155496, 0.33125101230786047, 0.33360856431855285]",[],1.0,"{'input_timing_assumptions': [], 'bottom_boundary': 'free_drainage', 'substeps': 24, 'precipitation_timing': 'explicit_hourly', 'plant_water_stress_method': 'compensated_layer_depletion', 'root_zone_stress_factor': 0.9999999881800247, 'root_zone_depletion_fraction': 0.5431488450801907, 'readily_available_water_adjustment': 'none', 'potential_et_demand_mm': 1.776429818769014, 'surface_wetness': [0.20915029318369485]}",0.6467915723122535,2015-10-21,True,-1.0041509872859944,50.0,[],[]
2016-01-28,wheat,21,BBCH21,0.07060537892295127,1.0,0.6065797507000316,113.25748616858868,0.11226648649036323,0.0,0.0,0.0,0.4799614171316103,0.1511662721063475,0.0,0.0,0.0,0.0,0.15126868142291638,0.0,0.0,607.8405419279566,0.1511662738986066,607.0581455572957,-0.7823963706608765,2.3314683517128287e-15,1.4403797388076782,provided,explicit_hourly,0.15116627389860657,1.632116682494149,0.0,607.8405419279566,607.0581455572957,0.99999998814379,0.9999999881437904,0.5431488450801907,1.7832829563927557,0.99999998814379,0.15116627389860657,atmospheric,,,,,0.0,1.0,5.719128461293527,5.719128335182231,0.23120903559665457,208.085416687643,376.4558459432225,0.0,81.27847520532725,285.5121379844278,9.665232753467457,77.26300554891911,0.0,0.0,0.0,0.0,0.0,2.6645352591003757e-15,342.1676640881097,"[0.1143296907025844, 0.1987964153958951, 0.2508526204113787, 0.3138999605440208, 0.3314935473983992, 0.3240760847778438, 0.33114410972404035, 0.3334879760470357]","[0.1143296907025844, 0.1987964153958951, 0.2508526204113787, 0.3138999605440208, 0.3314935473983992, 0.3240760847778438, 0.33114410972404035, 0.3334879760470357]",[],1.0,"{'input_timing_assumptions': [], 'bottom_boundary': 'free_drainage', 'substeps': 24, 'precipitation_timing': 'explicit_hourly', 'plant_water_stress_method': 'compensated_layer_depletion', 'root_zone_stress_factor': 0.9999999881437904, 'root_zone_depletion_fraction': 0.5431488450801907, 'readily_available_water_adjustment': 'none', 'potential_et_demand_mm': 1.7832829563927557, 'surface_wetness': [0.20177999823114776]}",0.6311276892379578,2015-10-21,True,-1.274752513211272,50.0,[],[]
2016-01-29,wheat,21,BBCH21,0.07060537892295127,1.0,0.6097895072433228,113.25748616858868,0.11226648649036323,0.0,0.0,0.0,0.39226097470296406,0.12757098777743242,0.0,0.0,0.0,0.0,0.15046546117078585,0.0,0.0,607.0581455572957,0.12768409825842983,606.3878481336445,-0.6702974236511636,-1.865174681370263e-14,1.2129228115081787,provided,explicit_hourly,0.12768409825842986,1.3737807922762293,0.0,607.0581455572957,606.3878481336445,0.9991141380756084,0.9991141380756081,0.5431488450801907,1.5014648905346593,0.9991141380756084,0.12768409825842986,atmospheric,,,,,2.220446049250313e-16,1.0,1.9121543459480062,1.909005134690129,0.23120391511462432,208.085416687643,378.3648510779126,0.0,81.27667516766583,287.4211431191179,9.667032791128882,77.77960521209182,0.0,0.0,0.0,0.0,0.0,-6.661338147750939e-14,342.1676640881097,"[0.11282439166659496, 0.1974552060755979, 0.2500776477497878, 0.3135732008021545, 0.3313111567623515, 0.3239613986727613, 0.3310375492881679, 0.3333677839122071]","[0.11282439166659496, 0.1974552060755979, 0.2500776477497878, 0.3135732008021545, 0.3313111567623515, 0.3239613986727613, 0.3310375492881679, 0.3333677839122071]",[],1.0,"{'input_timing_assumptions': [], 'bottom_boundary': 'free_drainage', 'substeps': 24, 'precipitation_timing': 'explicit_hourly', 'plant_water_stress_method': 'compensated_layer_depletion', 'root_zone_stress_factor': 0.9991141380756081, 'root_zone_depletion_fraction': 0.5431488450801907, 'readily_available_water_adjustment': 'none', 'potential_et_demand_mm': 1.5014648905346593, 'surface_wetness': [0.19720076329725916]}",0.5198319624803964,2015-10-21,True,-1.5170309297415603,50.0,[],[]
2016-01-30,wheat,21,BBCH21,0.07060537892295127,1.0,0.6130482650433131,113.25748616858868,0.11226648649036323,0.0870351335022727,0.0,0.0,0.30108050171139383,0.0875098838970566,0.010922550479159937,0.0,0.0,0.0,0.14966897044554686,0.0,0.0,606.3878481336445,0.08807061060245677,605.9257013606136,-0.462146773030895,1.049160758270773e-14,0.9403954744338989,provided,explicit_hourly,0.09899316108161668,1.065114007625371,0.0,606.3878481336445,605.9257013606136,0.9936332142860773,0.9936748816205853,0.5431488450801907,1.1641071687069875,0.9936332142860773,0.09899316108161668,atmospheric,,,,,0.11033641475651657,1.0,0.5817966005598667,0.5749262497494734,0.23116711447003047,208.08541668764298,378.93977732766206,0.0,81.26373838830752,287.9960693688674,9.679969570487195,77.9351871440482,0.0,0.0,0.0,0.0,0.0,-6.439293542825908e-15,342.1676640881097,"[0.11287792572765235, 0.19635672013131117, 0.24948404702105412, 0.3132472489464092, 0.33112911962683383, 0.3238471759100458, 0.3309313291271122, 0.3332479869954156]","[0.11287792572765235, 0.19635672013131117, 0.24948404702105412, 0.3132472489464092, 0.33112911962683383, 0.3238471759100458, 0.3309313291271122, 0.3332479869954156]",[],1.0,"{'input_timing_assumptions': [], 'bottom_boundary': 'free_drainage', 'substeps': 24, 'precipitation_timing': 'explicit_hourly', 'plant_water_stress_method': 'compensated_layer_depletion', 'root_zone_stress_factor': 0.9936748816205853, 'root_zone_depletion_fraction': 0.5431488450801907, 'readily_available_water_adjustment': 'none', 'potential_et_demand_mm': 1.1641071687069875, 'surface_wetness': [0.1973636180103001]}",0.3995129360876104,2015-10-21,True,-1.6675608333405059,50.0,[],[]
2016-01-31,wheat,21,BBCH21,0.07060537892295127,1.0,0.616354269454735,113.25748616858868,0.11226648649036323,0.0,0.0,0.0,0.3411293005956151,0.1118787291808033,0.0,0.0,0.0,0.0,0.148879141743321,0.0,0.0,605.9257013606136,0.11328178735949913,605.3238141890939,-0.6018871715197065,-3.2862601528904634e-14,1.076291799545288,provided,explicit_hourly,0.11328178735949916,1.219059397923225,0.0,605.9257013606136,605.3238141890939,0.9876144417262482,0.987614441726248,0.5431488450801907,1.332341185282724,0.9876144417262482,0.11328178735949916,atmospheric,,,,,2.220446049250313e-16,1.0,1.1205447297718376,1.0948701732895325,0.23109553612584938,208.08541668764298,380.0346475009516,0.0,81.23857596912374,289.0909395421569,9.705131989670967,78.2314721316897,0.0,0.0,0.0,0.0,0.0,3.175237850427948e-14,342.1676640881097,"[0.11167733278030256, 0.19528031642119636, 0.24877452514402607, 0.3129223217706737, 0.3309474432418911, 0.3237334109900384, 0.3308254473361305, 0.3331285842570384]","[0.11167733278030256, 0.19528031642119636, 0.24877452514402607, 0.3129223217706737, 0.3309474432418911, 0.3237334109900384, 0.3308254473361305, 0.3331285842570384]",[],1.0,"{'input_timing_assumptions': [], 'bottom_boundary': 'free_drainage', 'substeps': 24, 'precipitation_timing': 'explicit_hourly', 'plant_water_stress_method': 'compensated_layer_depletion', 'root_zone_stress_factor': 0.987614441726248, 'root_zone_depletion_fraction': 0.5431488450801907, 'readily_available_water_adjustment': 'none', 'potential_et_demand_mm': 1.332341185282724, 'surface_wetness': [0.19371132233054467]}",0.4530080297764184,2015-10-21,True,-1.662207427234767,50.0,[],[]
2016-02-01,wheat,21,BBCH21,0.07060537892295127,1.0,0.6197057891820877,113.25748616858868,0.11226648649036323,0.0,0.0,0.0,0.3725760587624691,0.12391138366785463,0.0,0.0,0.0,0.0,0.1480959075797848,0.0,0.0,605.3238141890939,0.12633932769391162,604.6792308390839,-0.6445833500100662,-4.2299497238218464e-14,1.2006990909576416,provided,explicit_hourly,0.12633932769391165,1.3600254874325486,0.0,605.3238141890939,604.6792308390839,0.9807823575574244,0.9807823575574242,0.5431488450801907,1.4863648151264601,0.9807823575574244,0.12633932769391165,atmospheric,,,,,2.220446049250313e-16,1.0,2.349214285139476,2.265943124729567,0.23098450834126583,208.08541668764298,382.30059062568114,0.0,81.19954562148578,291.35688266688646,9.744162337308929,78.84466349180296,0.0,0.0,0.0,0.0,0.0,-4.973799150320701e-14,342.1676640881097,"[0.11016833790709298, 0.1941889797268852, 0.24799179576431218, 0.31259765069172757, 0.330766129646035, 0.32362009860330093, 0.3307199019856204, 0.3330095745459718]","[0.11016833790709298, 0.1941889797268852, 0.24799179576431218, 0.31259765069172757, 0.330766129646035, 0.32362009860330093, 0.3307199019856204, 0.3330095745459718]",[],1.0,"{'input_timing_assumptions': [], 'bottom_boundary': 'free_drainage', 'substeps': 24, 'precipitation_timing': 'explicit_hourly', 'plant_water_stress_method': 'compensated_layer_depletion', 'root_zone_stress_factor': 0.9807823575574242, 'root_zone_depletion_fraction': 0.5431488450801907, 'readily_available_water_adjustment': 'none', 'potential_et_demand_mm': 1.4863648151264601, 'surface_wetness': [0.18912084437682822]}",0.4964874424303237,2015-10-21,True,-1.7822667219697443,50.0,[],[]
2016-02-02,wheat,21,BBCH21,0.07060537892295127,1.0,0.6231011177794943,113.25748616858868,0.11226648649036323,0.0,0.0,0.0,0.4126512846832219,0.13976873618643224,0.0,0.0,0.0,0.0,0.1473192005597957,0.0,0.0,604.6792308390839,0.143681522004161,603.9794916176544,-0.6997392214294678,1.7985612998927536e-14,1.3661285638809204,provided,explicit_hourly,0.14368152200416104,1.5475062235506136,0.0,604.6792308390839,603.9794916176544,0.9727676477590802,0.9727676477590802,0.5431488450801907,1.6911877455547746,0.9727676477590802,0.14368152200416104,atmospheric,,,,,2.220446049250313e-16,1.0,3.8771407319103863,3.6830728304962284,0.23082725205393223,208.08541668764298,385.98366345617734,0.0,81.14426425578161,295.03995549738266,9.799443703013104,79.84134713036414,0.0,0.0,0.0,0.0,0.0,-2.7533531010703882e-14,342.1676640881097,"[0.10831791155604886, 0.1931114418310873, 0.24705801023561183, 0.31227207718607536, 0.33058517340597593, 0.32350723358578753, 0.33061469112592357, 0.33289095660872814]","[0.10831791155604886, 0.1931114418310873, 0.24705801023561183, 0.31227207718607536, 0.33058517340597593, 0.32350723358578753, 0.33061469112592357, 0.33289095660872814]",[],1.0,"{'input_timing_assumptions': [], 'bottom_boundary': 'free_drainage', 'substeps': 24, 'precipitation_timing': 'explicit_hourly', 'plant_water_stress_method': 'compensated_layer_depletion', 'root_zone_stress_factor': 0.9727676477590802, 'root_zone_depletion_fraction': 0.5431488450801907, 'readily_available_water_adjustment': 'none', 'potential_et_demand_mm': 1.6911877455547746, 'surface_wetness': [0.18349170572284682]}",0.5524200208696541,2015-10-21,True,-1.9331662092907038,50.0,[],[]
2016-02-03,wheat,21,BBCH21,0.07080345377180608,1.0,0.6265385749958211,113.57521634434484,0.11265290072313747,0.0,0.0,0.0,0.416318878783792,0.14393734476446138,0.0,0.0,0.0,0.0,0.1465489534417136,0.0,0.0,603.9794916176544,0.1492978398845437,603.2726864406645,-0.7068051769898602,-1.0669243266647754e-13,1.420432448387146,provided,explicit_hourly,0.1492978398845437,1.6091666696402898,0.0,603.9794916176544,603.2726864406645,0.9640952935137725,0.9640952935137727,0.5431488450801907,1.7584645095248335,0.9640952935137725,0.1492978398845437,atmospheric,,,,,0.0,1.0,4.988682572888604,4.660702269810692,0.2307713109471953,208.39916250319365,390.6443657259881,0.0,81.12504636654072,299.62500437654904,9.894314982898301,81.08211629518479,0.0,0.0,0.0,0.0,0.0,7.815970093361102e-14,342.6787134313879,"[0.10650795593387213, 0.19192926955371964, 0.2461194790835345, 0.3119449475015601, 0.33040455950788694, 0.32339481086410726, 0.33050981278918284, 0.3327727290979356]","[0.10650795593387213, 0.19192926955371964, 0.2461194790835345, 0.3119449475015601, 0.33040455950788694, 0.32339481086410726, 0.33050981278918284, 0.3327727290979356]",[],1.0,"{'input_timing_assumptions': [], 'bottom_boundary': 'free_drainage', 'substeps': 24, 'precipitation_timing': 'explicit_hourly', 'plant_water_stress_method': 'compensated_layer_depletion', 'root_zone_stress_factor': 0.9640952935137727, 'root_zone_depletion_fraction': 0.5431488450801907, 'readily_available_water_adjustment': 'none', 'potential_et_demand_mm': 1.7584645095248335, 'surface_wetness': [0.1779856821250759]}",0.5602562235482533,2015-10-21,True,-2.118208844395115,50.0,[],[]
2016-02-04,wheat,21,BBCH21,0.07151867161584446,1.0,0.6300165079700734,114.7224911881935,0.11404818314323469,0.0,0.0,0.0,0.5377053715727309,0.19149990037738374,0.0,0.0,0.0,0.0,0.14578509919520818,0.0,0.0,603.2726864406645,0.200669361013617,602.3976960695192,-0.8749903711453726,4.973799150320701e-14,1.9096180200576782,provided,explicit_hourly,0.2006693610136169,2.163420990100774,0.0,603.2726864406645,602.3976960695192,0.9543056269780466,0.9543056269780472,0.5431488450801907,2.364090351114391,0.9543056269780466,0.2006693610136169,atmospheric,,,,,0.0,1.0,6.198974253752053,5.682527832122378,0.23121935771171084,209.36867957879073,396.3268935581104,0.0,81.28453878233304,304.97630690899837,10.066047866779023,82.53024287984553,0.0,0.0,0.0,0.0,0.0,-1.0302869668521453e-13,344.52403408471645,"[0.10362818730834196, 0.1905030204681387, 0.24493752719699705, 0.3116151391103768, 0.33022426831272317, 0.3232828254179304, 0.33040526498861933, 0.3326548905800371]","[0.10362818730834196, 0.1905030204681387, 0.24493752719699705, 0.3116151391103768, 0.33022426831272317, 0.3232828254179304, 0.33040526498861933, 0.3326548905800371]",[],1.0,"{'input_timing_assumptions': [], 'bottom_boundary': 'free_drainage', 'substeps': 24, 'precipitation_timing': 'explicit_hourly', 'plant_water_stress_method': 'compensated_layer_depletion', 'root_zone_stress_factor': 0.9543056269780472, 'root_zone_depletion_fraction': 0.5431488450801907, 'readily_available_water_adjustment': 'none', 'potential_et_demand_mm': 2.364090351114391, 'surface_wetness': [0.1692252054514985]}",0.7292052719501146,2015-10-21,True,-2.2992044066127875,50.0,[],[]
2016-02-05,wheat,21,BBCH21,0.07183602116524967,1.0,0.6335332922823269,115.23154889386196,0.11466728437372231,0.0,0.0,0.0,0.4468940380664014,0.1645568220779908,0.0,0.0,0.0,0.0,0.14502757105177377,0.0,0.0,602.3976960695192,0.17429945453969964,601.6412176383229,-0.7564784311962285,6.250555628639631e-14,1.6556718349456787,provided,explicit_hourly,0.1742994545396996,1.875236021949069,0.0,602.3976960695192,601.6412176383229,0.9441040565075905,0.9441040565075905,0.5431488450801907,2.0495354764887685,0.9441040565075905,0.1742994545396996,atmospheric,,,,,0.0,1.0,5.473123508518574,4.917857110277386,0.23115445628334733,209.8470316627869,401.24475066838784,0.0,81.26248340256367,309.7676787737371,10.214588492087067,83.82684551672688,0.0,0.0,0.0,0.0,0.0,6.661338147750939e-14,345.342821930578,"[0.10178227807720065, 0.18898273489354384, 0.24392192048764266, 0.31128222609037676, 0.3300442696782397, 0.3231712722357857, 0.33030104571646374, 0.33253743954210363]","[0.10178227807720065, 0.18898273489354384, 0.24392192048764266, 0.31128222609037676, 0.3300442696782397, 0.3231712722357857, 0.33030104571646374, 0.33253743954210363]",[],1.0,"{'input_timing_assumptions': [], 'bottom_boundary': 'free_drainage', 'substeps': 24, 'precipitation_timing': 'explicit_hourly', 'plant_water_stress_method': 'compensated_layer_depletion', 'root_zone_stress_factor': 0.9441040565075905, 'root_zone_depletion_fraction': 0.5431488450801907, 'readily_available_water_adjustment': 'none', 'potential_et_demand_mm': 2.0495354764887685, 'surface_wetness': [0.16360980822215426]}",0.6114508601443922,2015-10-21,True,-2.5871812691658054,50.0,[],[]
2016-02-06,wheat,21,BBCH21,0.07200043304707932,1.0,0.6370873328656667,115.49528059130941,0.11498802722191064,0.0,0.0,0.0,0.4182778824773242,0.15733954740082798,0.0,0.0,0.0,0.0,0.14427630254783988,0.0,0.0,601.6412176383229,0.16829568074599363,600.9213239058971,-0.7198937324258168,-1.7530421558831222e-13,1.599061369895935,provided,explicit_hourly,0.16829568074599358,1.8111864304332137,0.0,601.6412176383229,600.9213239058971,0.9348994977375469,0.9348994977375468,0.5431488450801907,1.9794821111792074,0.9348994977375469,0.16829568074599358,atmospheric,,,,,0.0,1.0,5.049233001614283,4.455049340875145,0.23089395148874078,210.10900588334604,405.69980000926296,0.0,81.17125839294137,314.1636968256025,10.364844790719083,85.01646067470995,0.0,0.0,0.0,0.0,0.0,-2.398081733190338e-14,345.76701806008134,"[0.10023390504810913, 0.18746161085867744, 0.24295335467512524, 0.3109471769463292, 0.3298645400404541, 0.3230601463009783, 0.3301971529403509, 0.33242037439770517]","[0.10023390504810913, 0.18746161085867744, 0.24295335467512524, 0.3109471769463292, 0.3298645400404541, 0.3230601463009783, 0.3301971529403509, 0.33242037439770517]",[],1.0,"{'input_timing_assumptions': [], 'bottom_boundary': 'free_drainage', 'substeps': 24, 'precipitation_timing': 'explicit_hourly', 'plant_water_stress_method': 'compensated_layer_depletion', 'root_zone_stress_factor': 0.9348994977375468, 'root_zone_depletion_fraction': 0.5431488450801907, 'readily_available_water_adjustment': 'none', 'potential_et_demand_mm': 1.9794821111792074, 'surface_wetness': [0.1588995389029115]}",0.5756174298781522,2015-10-21,True,-2.7717721922799363,50.0,[],[]
2016-02-07,wheat,21,BBCH21,0.07253682824681328,1.0,0.64067706478473,116.35570755652776,0.11603445356411075,0.0,0.0,0.0,0.5006670156208184,0.19315101524675182,0.0,0.0,0.0,0.0,0.14353122756066106,0.0,0.0,600.9213239058971,0.20879824876501948,600.0839746474688,-0.8373492584282758,4.451994328746878e-14,1.9859881401062012,provided,explicit_hourly,0.20879824876501954,2.2497812523595777,0.0,600.9213239058971,600.0839746474688,0.9250605136258735,0.9250605136258734,0.5431488450801907,2.458579501124597,0.9250605136258735,0.20879824876501954,atmospheric,,,,,2.220446049250313e-16,1.0,6.325167625757295,5.472093781333155,0.23096057770066644,210.84312779896922,411.1718937905962,0.0,81.19611261711057,319.4005594983161,10.575221675169466,86.43361846210624,0.0,0.0,0.0,0.0,0.0,7.37188088351104e-14,347.1509616356868,"[0.09791937622691471, 0.18582212370212756, 0.24179380948900028, 0.31060930286220173, 0.3296850589116948, 0.3229494426301134, 0.33009358460193, 0.33230369349195177]","[0.09791937622691471, 0.18582212370212756, 0.24179380948900028, 0.31060930286220173, 0.3296850589116948, 0.3229494426301134, 0.33009358460193, 0.33230369349195177]",[],1.0,"{'input_timing_assumptions': [], 'bottom_boundary': 'free_drainage', 'substeps': 24, 'precipitation_timing': 'explicit_hourly', 'plant_water_stress_method': 'compensated_layer_depletion', 'root_zone_stress_factor': 0.9250605136258734, 'root_zone_depletion_fraction': 0.5431488450801907, 'readily_available_water_adjustment': 'none', 'potential_et_demand_mm': 2.458579501124597, 'surface_wetness': [0.1518585649966612]}",0.6938180308675702,2015-10-21,True,-2.926609495189089,50.0,[],[]
2016-02-08,wheat,21,BBCH21,0.0753609188446306,1.0,0.6443009538865614,120.88580719908015,0.12154382947907309,0.0,0.0,0.0,0.7262620398455767,0.32381048172687077,0.0,0.0,0.0,0.0,0.14279228033873273,0.0,0.0,600.0839746474688,0.32381048614014635,598.8911098455575,-1.1928648019113552,1.7497114868092467e-13,3.079098701477051,provided,explicit_hourly,0.32381048614014635,3.4879517682047627,0.0,600.0839746474688,598.8911098455575,0.9999999863708071,0.9999999863708071,0.5431488450801907,3.811762254344909,0.9999999863708071,0.32381048614014635,atmospheric,,,,,0.0,1.0,13.151203634859478,13.151203301499166,0.23845658864535366,210.23134364007143,424.32309709209534,0.0,83.85039491269114,329.5920412115096,10.880660967894578,89.19155552816935,0.0,0.0,0.0,0.0,0.0,-1.4210854715202004e-14,354.43734682652314,"[0.09367051117657332, 0.18368667394237892, 0.23995319522631428, 0.3102355193281898, 0.3295056689422998, 0.3228391560551456, 0.32999033861425375, 0.33218739510596573]","[0.09367051117657332, 0.18368667394237892, 0.23995319522631428, 0.3102355193281898, 0.3295056689422998, 0.3228391560551456, 0.32999033861425375, 0.33218739510596573]",[],1.0,"{'input_timing_assumptions': [], 'bottom_boundary': 'free_drainage', 'substeps': 24, 'precipitation_timing': 'explicit_hourly', 'plant_water_stress_method': 'compensated_layer_depletion', 'root_zone_stress_factor': 0.9999999863708071, 'root_zone_depletion_fraction': 0.5431488450801907, 'readily_available_water_adjustment': 'none', 'potential_et_demand_mm': 3.811762254344909, 'surface_wetness': [0.13893319216194566]}",1.0500725215724476,2015-10-21,True,-3.1580623773085303,50.0,[],[]
2016-02-09,wheat,21,BBCH21,0.0781298466708253,1.0,0.647957497329537,125.32742071013129,0.12694559112499776,0.0,0.0,0.0,0.6060066294270583,0.30129099784072727,0.0,0.0,0.0,0.0,0.14205939552531435,0.0,0.0,598.8911098455575,0.3012910019751604,597.8417528227644,-1.0493570227930604,-3.952393967665557e-14,2.780802011489868,provided,explicit_hourly,0.3012910019751603,3.1363805574322123,0.0,598.8911098455575,597.8417528227644,0.9999999862776083,0.999999986277609,0.5431488450801907,3.437671559407373,0.9999999862776083,0.3012910019751603,atmospheric,,,,,0.0,1.0,13.447797585561931,13.447797242352488,0.24591821237734884,209.7272975988573,437.7708943344478,0.0,86.49347258993316,340.0892286095071,11.188193135007573,92.0322202155101,0.0,0.0,0.0,0.0,0.0,-2.3092638912203256e-14,361.5814075457057,"[0.09094364635307159, 0.18126122785391324, 0.23834239521841083, 0.309813343215517, 0.32932601044370036, 0.32272928018216646, 0.3298874128227767, 0.3320714774594613]","[0.09094364635307159, 0.18126122785391324, 0.23834239521841083, 0.309813343215517, 0.32932601044370036, 0.32272928018216646, 0.3298874128227767, 0.3320714774594613]",[],1.0,"{'input_timing_assumptions': [], 'bottom_boundary': 'free_drainage', 'substeps': 24, 'precipitation_timing': 'explicit_hourly', 'plant_water_stress_method': 'compensated_layer_depletion', 'root_zone_stress_factor': 0.999999986277609, 'root_zone_depletion_fraction': 0.5431488450801907, 'readily_available_water_adjustment': 'none', 'potential_et_demand_mm': 3.437671559407373, 'surface_wetness': [0.13063786056255797]}",0.9072976272677855,2015-10-21,True,-3.5829488823426683,50.0,[],[]
2016-02-10,wheat,21,BBCH21,0.08036465090273243,1.0,0.6516452239961252,128.91225111888716,0.13130535798921983,0.0,0.0,0.0,0.3463729994260778,0.18420061146123815,0.0,0.0,0.0,0.0,0.1413325081574401,0.0,0.0,597.8417528227644,0.18420061400571613,597.1698467037197,-0.6719061190447064,-4.96269692007445e-14,1.6520050764083862,provided,explicit_hourly,0.18420061400571616,1.8551991951521476,0.0,597.8417528227644,597.1698467037197,0.9999999861863762,0.9999999861863759,0.5431488450801907,2.039399809157864,0.9999999861863762,0.18420061400571616,atmospheric,,,,,1.1102230246251565e-16,1.0,11.40795212297063,11.407951829885647,0.25086781527990215,210.36082646907906,449.17884616433344,0.0,88.24757156985142,349.48840465030554,11.442869944176472,94.57574987320572,0.0,0.0,0.0,0.0,0.0,-1.4210854715202004e-14,367.34738561750396,"[0.09063461494049874, 0.17919068686303782, 0.2373902771322893, 0.30939474701681546, 0.3291458961950937, 0.3226198071925975, 0.32978480492619117, 0.33195593870742734]","[0.09063461494049874, 0.17919068686303782, 0.2373902771322893, 0.30939474701681546, 0.3291458961950937, 0.3226198071925975, 0.32978480492619117, 0.33195593870742734]",[],1.0,"{'input_timing_assumptions': [], 'bottom_boundary': 'free_drainage', 'substeps': 24, 'precipitation_timing': 'explicit_hourly', 'plant_water_stress_method': 'compensated_layer_depletion', 'root_zone_stress_factor': 0.9999999861863759, 'root_zone_depletion_fraction': 0.5431488450801907, 'readily_available_water_adjustment': 'none', 'potential_et_demand_mm': 2.039399809157864, 'surface_wetness': [0.1296977633418138]}",0.5305736108873159,2015-10-21,True,-3.8556353646928425,50.0,[],[]
2016-02-11,wheat,21,BBCH21,0.0828551338906445,1.0,0.6553626947952438,132.9072136395807,0.1361639156434363,0.0,0.0,0.0,0.25061625159155226,0.13637862255047276,0.0,0.0,0.0,0.0,0.14061155362578365,0.0,0.0,597.1698467037197,0.13637862443147003,596.6422402759518,-0.5276064277678643,5.562217353372034e-14,1.2006620168685913,provided,explicit_hourly,0.13637862443147003,1.3444763963437094,0.0,597.1698467037197,596.6422402759518,0.9999999862075359,0.9999999862075362,0.5431488450801907,1.4808550207751794,0.9999999862075359,0.13637862443147003,atmospheric,,,,,0.0,1.0,8.513503108549328,8.513502890161508,0.2547397875268254,212.47115952673158,457.6923490544949,0.0,89.62082824068206,356.34076970937144,11.730751104441417,96.43008196332059,0.0,0.0,0.0,0.0,0.0,-3.197442310920451e-14,373.7730358339585,"[0.09086299226404909, 0.17763277796518792, 0.23669401491081557, 0.3089781840277119, 0.3289653738570021, 0.3225107293654243, 0.3296825124533432, 0.331840776931742]","[0.09086299226404909, 0.17763277796518792, 0.23669401491081557, 0.3089781840277119, 0.3289653738570021, 0.3225107293654243, 0.3296825124533432, 0.331840776931742]",[],1.0,"{'input_timing_assumptions': [], 'bottom_boundary': 'free_drainage', 'substeps': 24, 'precipitation_timing': 'explicit_hourly', 'plant_water_stress_method': 'compensated_layer_depletion', 'root_zone_stress_factor': 0.9999999862075362, 'root_zone_depletion_fraction': 0.5431488450801907, 'readily_available_water_adjustment': 'none', 'potential_et_demand_mm': 1.4808550207751794, 'surface_wetness': [0.1303925046477646]}",0.38699487414202505,2015-10-21,True,-3.886538505950128,50.0,[],[]
2016-02-12,wheat,22,BBCH22,0.0842839368915202,1.0,0.659108502859919,135.19914434766326,0.13895129535651435,4.34450367842266,0.0,0.0,0.16708927924911648,0.057857945532471936,0.028931983542050975,0.0,0.0,0.0,0.13989537537128646,0.0,0.0,596.6422402759518,0.05785794633047738,600.5929693706796,3.9507290947277625,-2.842170943040401e-14,0.7133201956748962,provided,explicit_hourly,0.0821837859936378,0.7969693437201748,0.0,596.6422402759518,600.4596992617497,0.9999999862075049,0.9999999862044762,0.5431488450801907,0.8791531297138127,0.9999999862075049,0.0821837859936378,atmospheric,,,,,0.29599317394605784,1.0,4.162231250645681,4.162231143876159,0.25555605462322223,214.85786454766986,461.854580198371,0.0,89.91111287619186,360.0458233798515,11.897643942327669,97.43271388055614,0.0,0.0,0.0,0.0,0.0,-4.618527782440651e-14,377.45946467382976,"[0.13305794326655676, 0.17688148126596662, 0.23637600650140517, 0.3085971950893976, 0.32878457869644817, 0.3224020401789055, 0.3295805332850179, 0.33172599070900916]","[0.13305794326655676, 0.17688148126596662, 0.23637600650140517, 0.3085971950893976, 0.32878457869644817, 0.3224020401789055, 0.3295805332850179, 0.33172599070900916]",[],1.0,"{'input_timing_assumptions': [], 'bottom_boundary': 'free_drainage', 'substeps': 24, 'precipitation_timing': 'explicit_hourly', 'plant_water_stress_method': 'compensated_layer_depletion', 'root_zone_stress_factor': 0.9999999862044762, 'root_zone_depletion_fraction': 0.5431488450801907, 'readily_available_water_adjustment': 'none', 'potential_et_demand_mm': 0.8791531297138127, 'surface_wetness': [0.2587527766234882]}",0.25387920832363936,2015-10-21,True,-3.8637007735950917,50.0,[],[]
2016-02-13,wheat,22,BBCH22,0.08449669171294592,1.0,0.6628812736458859,135.5404225422215,0.13936634800739636,12.51855381456138,0.0,0.0,1.129246698354713,0.0,0.17781280573003327,0.0,0.0,0.0,0.13918411090839727,0.0,0.0,600.5929693706796,0.0,611.6652795702479,11.072310199568278,-4.085620730620576e-14,1.290736198425293,provided,explicit_hourly,0.1491517097662992,1.4414147963010908,0.0,600.4596992617497,611.5879810237069,1.0,0.9999999930083291,0.5431488450801907,1.5905665060673901,1.0,0.1491517097662992,atmospheric,,,,,1.0,1.0,2.2866980926080225,2.2866980926080225,0.2555905185851593,215.28424402934306,464.1412782909791,0.0,89.92349093525101,362.2953340841063,11.922453271621798,98.04145843079543,0.0,0.0,0.0,0.0,0.0,2.6201263381153694e-14,378.0083895494388,"[0.24122535174496973, 0.1826370174678294, 0.23640107910726016, 0.3082528759422582, 0.3286039024568833, 0.3222937345779875, 0.32947886517900943, 0.3316115784226473]","[0.24122535174496973, 0.1826370174678294, 0.23640107910726016, 0.3082528759422582, 0.3286039024568833, 0.3222937345779875, 0.32947886517900943, 0.3316115784226473]",[],1.0,"{'input_timing_assumptions': [], 'bottom_boundary': 'free_drainage', 'substeps': 24, 'precipitation_timing': 'explicit_hourly', 'plant_water_stress_method': 'compensated_layer_depletion', 'root_zone_stress_factor': 0.9999999930083291, 'root_zone_depletion_fraction': 0.5431488450801907, 'readily_available_water_adjustment': 'none', 'potential_et_demand_mm': 1.5905665060673901, 'surface_wetness': [0.5878063160001101]}",1.3070595040847461,2015-10-21,True,0.35579432665567445,50.0,[],[]
2016-02-14,wheat,22,BBCH22,0.08449669171294592,1.0,0.6666796649366661,135.5404225422215,0.13936634800739636,0.0,0.0,0.0,1.4766336250469496,0.12591386579001232,0.07729854654097205,0.0,0.0,0.0,0.1384836587986131,0.0,0.0,611.6652795702479,0.12591386659720594,609.8469498740712,-1.8183296961766473,1.0014211682118912e-13,1.6525007486343384,provided,explicit_hourly,0.19097949570134304,1.8453743069648438,0.0,611.5879810237069,609.8469498740712,0.9999999935893191,0.9999999937605599,0.5431488450801907,2.036353802666187,0.9999999935893191,0.19097949570134304,atmospheric,,,,,0.34069431833607855,1.0,2.8739268320634253,2.8739267977978424,0.2555905185441966,215.28424402934303,467.0152050887769,0.0,89.92349092083924,365.1692608819041,11.922453286033566,98.81917745770963,0.0,0.0,0.0,0.0,0.0,-2.0872192862952943e-14,378.0083895494388,"[0.22320542507499855, 0.18632046449320472, 0.23620142205832462, 0.3078748959501838, 0.3284233966642495, 0.3221858059198849, 0.32937750328794296, 0.3314975352648743]","[0.22320542507499855, 0.18632046449320472, 0.23620142205832462, 0.3078748959501838, 0.3284233966642495, 0.3221858059198849, 0.32937750328794296, 0.3314975352648743]",[],1.0,"{'input_timing_assumptions': [], 'bottom_boundary': 'free_drainage', 'substeps': 24, 'precipitation_timing': 'explicit_hourly', 'plant_water_stress_method': 'compensated_layer_depletion', 'root_zone_stress_factor': 0.9999999937605599, 'root_zone_depletion_fraction': 0.5431488450801907, 'readily_available_water_adjustment': 'none', 'potential_et_demand_mm': 2.036353802666187, 'surface_wetness': [0.5329883192164989]}",1.679846037377934,2015-10-21,True,11.172535174496973,50.0,[],[]
2016-02-15,wheat,22,BBCH22,0.08449669171294592,1.0,0.6705023667605599,135.5404225422215,0.13936634800739636,0.0,0.0,0.0,1.5196758435414424,0.21669980610090905,0.0,0.0,0.0,0.0,0.1377857953872491,0.0,0.0,609.8469498740712,0.21669980768386649,607.9727884290417,-1.8741614450295856,-1.4876988529977098e-14,1.875052571296692,provided,explicit_hourly,0.2166998076838666,2.0939015260483544,0.0,609.8469498740712,607.9727884290417,0.9999999926951599,0.9999999926951595,0.5431488450801907,2.310601333732221,0.9999999926951599,0.2166998076838666,atmospheric,,,,,5.551115123125783e-16,1.0,5.3702561811909435,5.370256108231088,0.2555905184975204,215.28424402934303,472.38546119700806,0.0,89.92349090441732,370.5395169901352,11.922453302455487,100.27243310707892,0.0,0.0,0.0,0.0,0.0,7.283063041541027e-14,378.0083895494388,"[0.20665801081544674, 0.18773029405764835, 0.2357131223163034, 0.3074633732476348, 0.32824267914365696, 0.3220782509736797, 0.32927644641233333, 0.33138386065158265]","[0.20665801081544674, 0.18773029405764835, 0.2357131223163034, 0.3074633732476348, 0.32824267914365696, 0.3220782509736797, 0.32927644641233333, 0.33138386065158265]",[],1.0,"{'input_timing_assumptions': [], 'bottom_boundary': 'free_drainage', 'substeps': 24, 'precipitation_timing': 'explicit_hourly', 'plant_water_stress_method': 'compensated_layer_depletion', 'root_zone_stress_factor': 0.9999999926951595, 'root_zone_depletion_fraction': 0.5431488450801907, 'readily_available_water_adjustment': 'none', 'potential_et_demand_mm': 2.310601333732221, 'surface_wetness': [0.4826498179411969]}",1.7363756496423515,2015-10-21,True,9.370542507499854,50.0,[],[]
2016-02-16,wheat,22,BBCH22,0.08612478664244189,1.0,0.674348101224844,138.15203573333204,0.14254251629277992,0.0,0.0,0.0,1.6740255447185397,0.26552939550178695,0.0,0.0,0.0,0.0,0.13709354650737837,0.0,0.0,607.9727884290417,0.2655293977260555,605.8961399423139,-2.076648486727777,7.194245199571014e-14,2.2975635528564453,provided,explicit_hourly,0.2655293977260555,2.5657263712464737,0.0,607.9727884290417,605.8961399423139,0.9999999916232682,0.9999999916232681,0.5431488450801907,2.8312557689725293,0.9999999916232682,0.2655293977260555,atmospheric,,,,,0.0,1.0,11.469716888776713,11.469716710084526,0.2590206512334134,215.8063448925197,483.8551779070925,0.0,91.14011847849221,380.60612452213815,12.108934906462174,102.99657772346772,0.0,0.0,0.0,0.0,0.0,-5.684341886080802e-14,382.209007898129,"[0.18930097333414955, 0.18836809687218178, 0.23500926436994737, 0.30701098960138434, 0.32806149118297345, 0.3219710634578607, 0.3291756919687869, 0.331270552320033]","[0.18930097333414955, 0.18836809687218178, 0.23500926436994737, 0.30701098960138434, 0.32806149118297345, 0.3219710634578607, 0.3291756919687869, 0.331270552320033]",[],1.0,"{'input_timing_assumptions': [], 'bottom_boundary': 'free_drainage', 'substeps': 24, 'precipitation_timing': 'explicit_hourly', 'plant_water_stress_method': 'compensated_layer_depletion', 'root_zone_stress_factor': 0.9999999916232681, 'root_zone_depletion_fraction': 0.5431488450801907, 'readily_available_water_adjustment': 'none', 'potential_et_demand_mm': 2.8312557689725293, 'surface_wetness': [0.4298483808294503]}",1.9395549402203267,2015-10-21,True,7.715801081544674,50.0,[],[]
2016-02-17,wheat,22,BBCH22,0.08806250917647714,1.0,0.6782156222723372,141.26031992420863,0.1463227214558666,0.0,0.0,0.0,1.3898422877090408,0.2498964865507131,0.0,0.0,0.0,0.0,0.13640684968510805,0.0,0.0,605.8961399423139,0.24989648888923816,604.119994318369,-1.776145623944899,3.68594044175552e-14,2.1357316970825195,provided,explicit_hourly,0.24989648888923804,2.380265923100297,0.0,605.8961399423139,604.119994318369,0.9999999906420252,0.9999999906420255,0.5431488450801907,2.6301624119895353,0.9999999906420252,0.24989648888923804,atmospheric,,,,,0.0,1.0,12.83958064479594,12.839580421330192,0.2636299871556538,216.00476643807988,496.6947583284228,0.0,92.77523116553442,391.586968467471,12.332558695417312,105.96812566769677,0.0,0.0,0.0,0.0,0.0,6.217248937900877e-14,387.20849084207435,"[0.17510085670619197, 0.18877959313405188, 0.2343755175331146, 0.30654763378867345, 0.32787964012772586, 0.3218642360571741, 0.3290752372727749, 0.33115760795401494]","[0.17510085670619197, 0.18877959313405188, 0.2343755175331146, 0.30654763378867345, 0.32787964012772586, 0.3218642360571741, 0.3290752372727749, 0.33115760795401494]",[],1.0,"{'input_timing_assumptions': [], 'bottom_boundary': 'free_drainage', 'substeps': 24, 'precipitation_timing': 'explicit_hourly', 'plant_water_stress_method': 'compensated_layer_depletion', 'root_zone_stress_factor': 0.9999999906420255, 'root_zone_depletion_fraction': 0.5431488450801907, 'readily_available_water_adjustment': 'none', 'potential_et_demand_mm': 2.6301624119895353, 'surface_wetness': [0.3866505386908659]}",1.639738774259754,2015-10-21,True,5.980097333414955,50.0,[],[]
2016-02-18,wheat,22,BBCH22,0.09089051962020203,1.0,0.6821037153653344,145.79670735815074,0.15183974440051357,0.0,0.0,0.0,1.5213461344996364,0.31333594945670123,0.0,0.0,0.0,0.0,0.1357256428725228,0.0,0.0,604.119994318369,0.3133359526596062,602.1495865915402,-1.9704077268287392,-1.212363542890671e-13,2.634524345397949,provided,explicit_hourly,0.3133359526596061,2.9283295687318556,0.0,604.119994318369,602.1495865915402,0.9999999897780484,0.9999999897780484,0.5431488450801907,3.241665521391462,0.9999999897780484,0.3133359526596061,atmospheric,,,,,0.0,1.0,16.519984968074432,16.519984654007853,0.27248104601663337,214.6561936277701,513.2147429824306,0.0,95.9155157292514,404.6365220525122,12.662705200667041,109.499491227738,0.0,0.0,0.0,0.0,0.0,-2.4868995751603507e-14,394.50498955660333,"[0.15970058058674294, 0.1889843079898252, 0.2335202450000909, 0.3060160184496145, 0.32769683820212314, 0.32175776085134206, 0.3289750795064457, 0.33104502517868356]","[0.15970058058674294, 0.1889843079898252, 0.2335202450000909, 0.3060160184496145, 0.32769683820212314, 0.32175776085134206, 0.3289750795064457, 0.33104502517868356]",[],1.0,"{'input_timing_assumptions': [], 'bottom_boundary': 'free_drainage', 'substeps': 24, 'precipitation_timing': 'explicit_hourly', 'plant_water_stress_method': 'compensated_layer_depletion', 'root_zone_stress_factor': 0.9999999897780484, 'root_zone_depletion_fraction': 0.5431488450801907, 'readily_available_water_adjustment': 'none', 'potential_et_demand_mm': 3.241665521391462, 'surface_wetness': [0.33980171947843835]}",1.8346820839563376,2015-10-21,True,4.560085670619197,50.0,[],[]
2016-02-19,wheat,22,BBCH22,0.09303110496600406,1.0,0.6860111971017506,149.23040205525615,0.15601570439173967,0.0,0.0,0.0,1.3698319180502763,0.3329573922322429,0.0,0.0,0.0,0.0,0.13504986440810465,0.0,0.0,602.1495865915402,0.33295739593025914,600.3117474168497,-1.8378391746905436,-8.01581023779363e-14,2.7153451442718506,provided,explicit_hourly,0.332957395930259,3.002709212272528,0.0,602.1495865915402,600.3117474168497,0.9999999888934252,0.9999999888934258,0.5431488450801907,3.335666608202787,0.9999999888934252,0.332957395930259,atmospheric,,,,,0.0,1.0,13.208721622986864,13.208721350139863,0.27764011674563377,215.00215434112727,526.4234643325705,0.0,97.74687986087538,415.7568836664694,12.919700805225752,112.5087943247994,0.0,0.0,0.0,0.0,0.0,-8.881784197001252e-15,400.02787518053754,"[0.14599544707929094, 0.18903565917348988, 0.23260481847748768, 0.3054423652120439, 0.32751265820083747, 0.32165162822243343, 0.3288752156713124, 0.330932801553198]","[0.14599544707929094, 0.18903565917348988, 0.23260481847748768, 0.3054423652120439, 0.32751265820083747, 0.32165162822243343, 0.3288752156713124, 0.330932801553198]",[],1.0,"{'input_timing_assumptions': [], 'bottom_boundary': 'free_drainage', 'substeps': 24, 'precipitation_timing': 'explicit_hourly', 'plant_water_stress_method': 'compensated_layer_depletion', 'root_zone_stress_factor': 0.9999999888934258, 'root_zone_depletion_fraction': 0.5431488450801907, 'readily_available_water_adjustment': 'none', 'potential_et_demand_mm': 3.335666608202787, 'surface_wetness': [0.2981096538951511]}",1.7027893102825191,2015-10-21,True,3.0200580586742927,50.0,[],[]
2016-02-20,wheat,22,BBCH22,0.09364630840697968,1.0,0.6899369147681467,150.21724464813,0.15721587375710375,0.0,0.0,0.0,0.9352784661700663,0.2603628014887691,0.0,0.0,0.0,0.0,0.13437945295747317,0.0,0.0,600.3117474168497,0.26036280457934596,598.9817266962334,-1.3300207206162895,-1.9095836023552692e-14,2.0869011878967285,provided,explicit_hourly,0.260362804579346,2.3008621513405747,0.0,600.3117474168497,598.9817266962334,0.9999999881297298,0.9999999881297293,0.5431488450801907,2.5612249559199207,0.9999999881297298,0.260362804579346,atmospheric,,,,,2.220446049250313e-16,1.0,8.762617238420265,8.762617044968499,0.2785436814536577,215.56507097726376,535.186081377539,0.0,98.06786652050297,424.123599897231,12.994614959805055,114.77292798695152,0.0,0.0,0.0,0.0,0.0,7.993605777301127e-14,401.61515047727937,"[0.13685392780227407, 0.18903124659565546, 0.231971467121201, 0.3049176818773637, 0.32732715340149154, 0.32154582777366747, 0.328775642526507, 0.330820934558448]","[0.13685392780227407, 0.18903124659565546, 0.231971467121201, 0.3049176818773637, 0.32732715340149154, 0.32154582777366747, 0.328775642526507, 0.330820934558448]",[],1.0,"{'input_timing_assumptions': [], 'bottom_boundary': 'free_drainage', 'substeps': 24, 'precipitation_timing': 'explicit_hourly', 'plant_water_stress_method': 'compensated_layer_depletion', 'root_zone_stress_factor': 0.9999999881297293, 'root_zone_depletion_fraction': 0.5431488450801907, 'readily_available_water_adjustment': 'none', 'potential_et_demand_mm': 2.5612249559199207, 'surface_wetness': [0.27030045225395305]}",1.1956412676588353,2015-10-21,True,1.6495447079290937,50.0,[],[]
2016-02-21,wheat,22,BBCH22,0.09467331313871573,1.0,0.6938797458341326,151.86465417944348,0.1592194054915148,0.0,0.0,0.0,0.8346418056765665,0.25662995110908965,0.0,0.0,0.0,0.0,0.13371434743512592,0.0,0.0,598.9817266962334,0.2566299542930078,597.7567405920125,-1.224986104220875,9.281464485866309e-14,2.0508313179016113,provided,explicit_hourly,0.2566299542930079,2.2599095377919998,0.0,598.9817266962334,597.7567405920125,0.9999999875933496,0.9999999875933494,0.5431488450801907,2.5165394920850077,0.9999999875933496,0.2566299542930079,atmospheric,,,,,4.440892098500626e-16,1.0,9.878690280212982,9.878690052266881,0.2802781841644405,216.31508631864043,545.0647714298059,0.0,98.68399146499033,433.26143910106015,13.119340863755433,117.24573676522171,0.0,0.0,0.0,0.0,0.0,-3.375077994860476e-14,404.2649068533757,"[0.12891269089534818, 0.18886417859523594, 0.23135571373473127, 0.3043881615062023, 0.327140558558741, 0.3214403506446606, 0.32867635664453393, 0.33070942158500555]","[0.12891269089534818, 0.18886417859523594, 0.23135571373473127, 0.3043881615062023, 0.327140558558741, 0.3214403506446606, 0.32867635664453393, 0.33070942158500555]",[],1.0,"{'input_timing_assumptions': [], 'bottom_boundary': 'free_drainage', 'substeps': 24, 'precipitation_timing': 'explicit_hourly', 'plant_water_stress_method': 'compensated_layer_depletion', 'root_zone_stress_factor': 0.9999999875933494, 'root_zone_depletion_fraction': 0.5431488450801907, 'readily_available_water_adjustment': 'none', 'potential_et_demand_mm': 2.5165394920850077, 'surface_wetness': [0.24614260149270725]}",1.0912717567856562,2015-10-21,True,0.7353927802274054,50.0,[],[]
2016-02-22,wheat,22,BBCH22,0.09683700989978576,1.0,0.6978385973924691,155.33542170067338,0.1634404523771687,0.014505855583712115,0.0,0.0,0.7096460031859169,0.23785501269299386,0.002176401331025607,0.0,0.0,0.0,0.13305448695839214,0.0,0.0,597.7567405920125,0.23785501566907474,596.688514543428,-1.0682260485845063,-1.1013412404281553e-13,1.9072483777999878,provided,explicit_hourly,0.24003141700010033,2.0995753394115684,0.0,597.7567405920125,596.688514543428,0.9999999874878364,0.9999999874875466,0.5431488450801907,2.3396067564116687,0.9999999874878364,0.24003141700010033,atmospheric,,,,,0.009067151951299257,1.0,13.375037139833106,13.375036828585753,0.285454670478757,216.69730916512256,558.4398082583917,0.0,100.52250978769811,444.5352169411078,13.382081529585754,120.2965561312985,0.0,0.0,0.0,0.0,0.0,9.592326932761353e-14,409.8474218227984,"[0.1225437718007778, 0.18852785016328208, 0.23083914740437958, 0.3038636177886815, 0.32695289798515015, 0.3213351887243278, 0.3285773545042974, 0.3305982599300615]","[0.1225437718007778, 0.18852785016328208, 0.23083914740437958, 0.3038636177886815, 0.32695289798515015, 0.3213351887243278, 0.3285773545042974, 0.3305982599300615]",[],1.0,"{'input_timing_assumptions': [], 'bottom_boundary': 'free_drainage', 'substeps': 24, 'precipitation_timing': 'explicit_hourly', 'plant_water_stress_method': 'compensated_layer_depletion', 'root_zone_stress_factor': 0.9999999874875466, 'root_zone_depletion_fraction': 0.5431488450801907, 'readily_available_water_adjustment': 'none', 'potential_et_demand_mm': 2.3396067564116687, 'surface_wetness': [0.22676786191493528]}",0.9496774172099364,2015-10-21,True,-0.05873091046518297,50.0,[],[]
2016-02-23,wheat,22,BBCH22,0.09723968612447695,1.0,0.701812405549008,155.98135119845497,0.1642260131150417,0.021758783375568174,0.0,0.0,0.7181087913089614,0.2656651586911656,0.003320044953521121,0.0,0.0,0.0,0.13239981085012426,0.0,0.0,596.688514543428,0.2656651620295177,595.590779521,-1.0977350224280826,-1.2168044349891716e-13,2.1016182899475098,provided,explicit_hourly,0.26898520698303874,2.3066098327245768,0.0,596.688514543428,595.590779521,0.9999999874339862,0.9999999874345531,0.5431488450801907,2.5755950397076157,0.9999999874339862,0.26898520698303874,atmospheric,,,,,0.01234285331434759,1.0,8.502294663141122,8.502294464434684,0.2860105568805594,217.08759760720721,566.9421027228263,0.0,100.72011000756741,452.7903308643264,13.431661850932578,122.5304888718091,0.0,0.0,0.0,0.0,0.0,-7.105427357601002e-14,410.88635948384916,"[0.11636571138949142, 0.1879333247488432, 0.2302188235280165, 0.30331478549178126, 0.326764162678615, 0.32123033434420095, 0.3284786325260142, 0.3304874467998725]","[0.11636571138949142, 0.1879333247488432, 0.2302188235280165, 0.30331478549178126, 0.326764162678615, 0.32123033434420095, 0.3284786325260142, 0.3304874467998725]",[],1.0,"{'input_timing_assumptions': [], 'bottom_boundary': 'free_drainage', 'substeps': 24, 'precipitation_timing': 'explicit_hourly', 'plant_water_stress_method': 'compensated_layer_depletion', 'root_zone_stress_factor': 0.9999999874345531, 'root_zone_depletion_fraction': 0.5431488450801907, 'readily_available_water_adjustment': 'none', 'potential_et_demand_mm': 2.5755950397076157, 'surface_wetness': [0.20797372906648046]}",0.9870939949536481,2015-10-21,True,-0.695622819922221,50.0,[],[]
2016-02-24,wheat,22,BBCH22,0.09777450325788206,1.0,0.7058001347664272,156.83924680093384,0.16526936088723024,0.0,0.0,0.0,0.6509273787745387,0.2662317636682365,0.0,0.0,0.0,0.0,0.13175025866148232,0.0,0.0,595.590779521,0.266231767031271,594.5418701198956,-1.0489094011043107,5.3290705182007514e-14,2.076387882232666,provided,explicit_hourly,0.2662317670312711,2.278183817668278,0.0,595.590779521,594.5418701198956,0.9999999873680194,0.9999999873680192,0.5431488450801907,2.544415584699549,0.9999999873680194,0.2662317670312711,atmospheric,,,,,4.440892098500626e-16,1.0,9.181108455234646,9.181108239537291,0.28681773353106005,217.54694500765072,576.1232109623637,0.0,101.00701033978949,461.6189368714848,13.497263751089427,124.9196154418238,0.0,0.0,0.0,0.0,0.0,7.460698725481052e-14,412.2662315189957,"[0.11094686460804688, 0.18706407882552326, 0.22960070639755817, 0.3027659577290415, 0.3265742524283989, 0.3211257796840648, 0.3283801870824823, 0.33037697931412174]","[0.11094686460804688, 0.18706407882552326, 0.22960070639755817, 0.3027659577290415, 0.3265742524283989, 0.3211257796840648, 0.3283801870824823, 0.33037697931412174]",[],1.0,"{'input_timing_assumptions': [], 'bottom_boundary': 'free_drainage', 'substeps': 24, 'precipitation_timing': 'explicit_hourly', 'plant_water_stress_method': 'compensated_layer_depletion', 'root_zone_stress_factor': 0.9999999873680192, 'root_zone_depletion_fraction': 0.5431488450801907, 'readily_available_water_adjustment': 'none', 'potential_et_demand_mm': 2.544415584699549, 'surface_wetness': [0.19148918221584757]}",0.9171591424427752,2015-10-21,True,-1.313428861050859,50.0,[],[]
2016-02-25,wheat,22,BBCH22,0.09954883142450999,1.0,0.7098007771655421,159.68543148056986,0.168730808219697,0.0,0.0,0.0,0.5688741444059217,0.25205268375235224,0.0,0.0,0.0,0.0,0.1311057701980801,0.0,0.0,594.5418701198956,0.25205268693155786,593.5898375215393,-0.952032598356368,1.3988810110276972e-14,1.960716724395752,provided,explicit_hourly,0.25205268693155786,2.15026412834574,0.0,594.5418701198956,593.5898375215393,0.9999999873867418,0.9999999873867419,0.5431488450801907,2.402316815277298,0.9999999873867418,0.25205268693155786,atmospheric,,,,,0.0,1.0,14.209593897020794,14.209593563680967,0.29127317322953344,217.69932893789218,590.3328045260446,0.0,102.58993193847488,474.02873841639007,13.714134171179715,128.2778564342866,0.0,0.0,0.0,0.0,0.0,-9.769962616701378e-14,416.84414360403775,"[0.10662360380477928, 0.18594693403378643, 0.229049988730523, 0.30222360296412615, 0.32638324040917915, 0.3210215171992096, 0.3282820144963, 0.3302668545097709]","[0.10662360380477928, 0.18594693403378643, 0.229049988730523, 0.30222360296412615, 0.32638324040917915, 0.3210215171992096, 0.3282820144963, 0.3302668545097709]",[],1.0,"{'input_timing_assumptions': [], 'bottom_boundary': 'free_drainage', 'substeps': 24, 'precipitation_timing': 'explicit_hourly', 'plant_water_stress_method': 'compensated_layer_depletion', 'root_zone_stress_factor': 0.9999999873867419, 'root_zone_depletion_fraction': 0.5431488450801907, 'readily_available_water_adjustment': 'none', 'potential_et_demand_mm': 2.402316815277298, 'surface_wetness': [0.17833749180396785]}",0.8209268281582739,2015-10-21,True,-1.855313539195313,50.0,[],[]
2016-02-26,wheat,22,BBCH22,0.10119831846405276,1.0,0.7138133517877944,162.33135957296275,0.17194870929366504,0.0,0.0,0.0,0.5856786685777617,0.28375921290385864,0.0,0.0,0.0,0.0,0.13046628554385212,0.0,0.0,593.5898375215393,0.28375921648571845,592.5899333545137,-0.9999041670255338,6.128431095930864e-14,2.176328659057617,provided,explicit_hourly,0.2837592164857185,2.380560117803412,0.0,593.5898375215393,592.5899333545137,0.9999999873771155,0.9999999873771153,0.5431488450801907,2.6643193342891305,0.9999999873771155,0.2837592164857185,atmospheric,,,,,2.220446049250313e-16,1.0,14.225434727346169,14.225434393380048,0.2953872138250214,217.88905967801088,604.5582389194248,0.0,104.05190410536744,486.58856416297425,13.917770651083039,131.67669577331574,0.0,0.0,0.0,0.0,0.0,1.2079226507921703e-13,421.09995534984006,"[0.10240895765034154, 0.18453232718623014, 0.22838808899397714, 0.3016401295674008, 0.3261910289200015, 0.3209175397296923, 0.32818411106602363, 0.3301570693456757]","[0.10240895765034154, 0.18453232718623014, 0.22838808899397714, 0.3016401295674008, 0.3261910289200015, 0.3209175397296923, 0.32818411106602363, 0.3301570693456757]",[],1.0,"{'input_timing_assumptions': [], 'bottom_boundary': 'free_drainage', 'substeps': 24, 'precipitation_timing': 'explicit_hourly', 'plant_water_stress_method': 'compensated_layer_depletion', 'root_zone_stress_factor': 0.9999999873771153, 'root_zone_depletion_fraction': 0.5431488450801907, 'readily_available_water_adjustment': 'none', 'potential_et_demand_mm': 2.6643193342891305, 'surface_wetness': [0.16551621547086073]}",0.8694378814816204,2015-10-21,True,-2.287639619522073,50.0,[],[]
2016-02-27,wheat,22,BBCH22,0.10317221174953636,1.0,0.7178369038223392,165.49766495775347,0.1757994781514893,0.31187590720847846,0.0,0.0,0.5845157610452576,0.2636487064797062,0.04910546929538308,0.0,0.0,0.0,0.12983174509154197,0.0,0.0,592.5899333545137,0.2636487098075777,591.8747075798103,-0.7152257747034128,2.4424906541753444e-15,2.330721855163574,provided,explicit_hourly,0.307824859237716,2.543365828075506,0.0,592.5899333545137,591.8747075798103,0.9999999873776301,0.9999999873665516,0.5431488450801907,2.8511906873132222,0.9999999873776301,0.307824859237716,atmospheric,,,,,0.1435106623277087,1.0,12.434672729394048,12.434672437480994,0.29956909767352013,218.67907460269672,616.9929113569058,0.0,105.5386859863072,497.29072789009206,14.163497480506472,134.57282951134562,0.0,0.0,0.0,0.0,0.0,3.197442310920451e-14,426.1927617968976,"[0.10109573939094757, 0.1829014198240432, 0.2278080100046074, 0.3010697771685854, 0.32599736353440306, 0.32081383935917396, 0.3280864730540672, 0.3300476207079375]","[0.10109573939094757, 0.1829014198240432, 0.2278080100046074, 0.3010697771685854, 0.32599736353440306, 0.32081383935917396, 0.3280864730540672, 0.3300476207079375]",[],1.0,"{'input_timing_assumptions': [], 'bottom_boundary': 'free_drainage', 'substeps': 24, 'precipitation_timing': 'explicit_hourly', 'plant_water_stress_method': 'compensated_layer_depletion', 'root_zone_stress_factor': 0.9999999873665516, 'root_zone_depletion_fraction': 0.5431488450801907, 'readily_available_water_adjustment': 'none', 'potential_et_demand_mm': 2.8511906873132222, 'surface_wetness': [0.16152130496772307]}",0.8972699368203468,2015-10-21,True,-2.7091042349658476,50.0,[],[]
2016-02-28,wheat,22,BBCH22,0.10493895113331624,1.0,0.721870503800985,168.33167653554426,0.17924612091023617,0.25385247406592515,0.0,0.0,0.6107162683176431,0.2857162272057014,0.040487709471814196,0.0,0.0,0.0,0.12920208956504625,0.0,0.0,591.8747075798103,0.2857162308182222,591.0624377593161,-0.8122698204941798,-9.992007221626409e-14,2.43827223777771,provided,explicit_hourly,0.3262039402900364,2.6542828385171964,0.0,591.8747075798103,591.0624377593161,0.9999999873562632,0.9999999873641163,0.5431488450801907,2.980486778807233,0.9999999873562632,0.3262039402900364,atmospheric,,,,,0.12411778176503785,1.0,14.220432189909442,14.220431855509265,0.30390492124160784,218.96780403788762,631.213343212415,0.0,107.08029686776625,509.7476853085142,14.385361036134533,137.9438314482044,0.0,0.0,0.0,0.0,0.0,-4.618527782440651e-14,430.7510942002526,"[0.09880467357621242, 0.18149751546911463, 0.2271477869146133, 0.30046608233148603, 0.3258027016541203, 0.32071040893586, 0.32798909666490644, 0.32993850541221975]","[0.09880467357621242, 0.18149751546911463, 0.2271477869146133, 0.30046608233148603, 0.3258027016541203, 0.32071040893586, 0.32798909666490644, 0.32993850541221975]",[],1.0,"{'input_timing_assumptions': [], 'bottom_boundary': 'free_drainage', 'substeps': 24, 'precipitation_timing': 'explicit_hourly', 'plant_water_stress_method': 'compensated_layer_depletion', 'root_zone_stress_factor': 0.9999999873641163, 'root_zone_depletion_fraction': 0.5431488450801907, 'readily_available_water_adjustment': 'none', 'potential_et_demand_mm': 2.980486778807233, 'surface_wetness': [0.15455170732377255]}",0.9369202049951587,2015-10-21,True,-2.8404260609052443,50.0,[],[]
2016-02-29,wheat,22,BBCH22,0.10528920720848377,1.0,0.7259132467640643,168.89351931854299,0.17992941782220093,0.0,0.0,0.0,0.43737608537000106,0.252971364069297,0.0,0.0,0.0,0.0,0.12857726003398612,0.0,0.0,591.0624377593161,0.25297136729813396,590.2435130498427,-0.8189247094734355,1.5143442055887135e-13,1.8661811351776123,provided,explicit_hourly,0.25297136729813396,2.0264068560993063,0.0,591.0624377593161,590.2435130498427,0.999999987236354,0.999999987236354,0.5431488450801907,2.2793782233974405,0.999999987236354,0.25297136729813396,atmospheric,,,,,0.0,1.0,9.222420974603928,9.222420755677621,0.30441371362349506,219.28351709889517,640.4357639680926,0.0,107.26135110741791,518.7446359022966,14.429776958378035,140.37851408046672,0.0,0.0,0.0,0.0,0.0,-1.7763568394002505e-14,431.6547835794367,"[0.09632259153692377, 0.1799384893126226, 0.22659058308266927, 0.2999042299611437, 0.32560662046474725, 0.32060724146806496, 0.32789197811182874, 0.3298297202085496]","[0.09632259153692377, 0.1799384893126226, 0.22659058308266927, 0.2999042299611437, 0.32560662046474725, 0.32060724146806496, 0.32789197811182874, 0.3298297202085496]",[],1.0,"{'input_timing_assumptions': [], 'bottom_boundary': 'free_drainage', 'substeps': 24, 'precipitation_timing': 'explicit_hourly', 'plant_water_stress_method': 'compensated_layer_depletion', 'root_zone_stress_factor': 0.999999987236354, 'root_zone_depletion_fraction': 0.5431488450801907, 'readily_available_water_adjustment': 'none', 'potential_et_demand_mm': 2.2793782233974405, 'surface_wetness': [0.1470010236978995]}",0.690347449439298,2015-10-21,True,-3.069532642378759,50.0,[],[]
2016-03-01,wheat,23,BBCH23,0.10791352995089633,1.0,0.7299642514001555,173.10317304797132,0.18504907670329707,0.0,0.0,0.0,0.6145095672424502,0.3810005176176149,0.0,0.0,0.0,0.0,0.12795719794628096,0.0,0.0,590.2435130498427,0.3810005224713401,589.1200457670363,-1.1234672828063594,1.3322676295501878e-14,2.8063621520996094,provided,explicit_hourly,0.3810005224713399,3.046410374931153,0.0,590.2435130498427,589.1200457670363,0.9999999872605813,0.9999999872605817,0.5431488450801907,3.427410897402493,0.9999999872605813,0.3810005224713399,atmospheric,,,,,0.0,1.0,19.452407701066793,19.452407240172608,0.3133152005952157,217.98174220446265,659.8881712082652,0.0,110.42654318787162,534.700791762297,14.760836258096624,144.69644104306002,0.0,0.0,0.0,0.0,0.0,3.907985046680551e-14,438.4257513313454,"[0.09231432378169639, 0.17803128477620248, 0.2256082289232784, 0.2991650373810796, 0.3254088048032528, 0.32050432950517954, 0.3277951135750069, 0.32972126178672395]","[0.09231432378169639, 0.17803128477620248, 0.2256082289232784, 0.2991650373810796, 0.3254088048032528, 0.32050432950517954, 0.3277951135750069, 0.32972126178672395]",[],1.0,"{'input_timing_assumptions': [], 'bottom_boundary': 'free_drainage', 'substeps': 24, 'precipitation_timing': 'explicit_hourly', 'plant_water_stress_method': 'compensated_layer_depletion', 'root_zone_stress_factor': 0.9999999872605817, 'root_zone_depletion_fraction': 0.5431488450801907, 'readily_available_water_adjustment': 'none', 'potential_et_demand_mm': 3.427410897402493, 'surface_wetness': [0.13480756625836052]}",0.9955100848600651,2015-10-21,True,-3.3177408463076237,50.0,[],[]
2016-03-02,wheat,23,BBCH23,0.11330808978892007,1.0,0.734022659162409,181.75654047635564,0.19557305141798986,0.0,0.0,0.0,0.789650044450183,0.5613061718186454,0.0,0.0,0.0,0.0,0.12734184514449537,0.0,0.0,589.1200457670363,0.5613061788832756,587.6417477056231,-1.478298061413284,-3.9968028886505635e-14,4.02706241607666,provided,explicit_hourly,0.5613061788832756,4.349014436575951,0.0,589.1200457670363,587.6417477056231,0.9999999874139454,0.9999999874139454,0.5431488450801907,4.910320615459226,0.9999999874139454,0.5613061788832756,atmospheric,,,,,0.0,1.0,32.984945751405455,32.98494497928752,0.3454310810531534,207.09533004353213,692.8731161875527,0.0,121.85018807933434,555.5664807882405,15.456447319977848,150.34294650645094,0.0,0.0,0.0,0.0,0.0,-8.526512829121202e-14,452.34415782483245,"[0.08708604000172401, 0.1754591756787935, 0.22411956166749566, 0.29812654768013563, 0.32520740523323877, 0.32040166084944327, 0.32769849909944343, 0.32961312677680626]","[0.08708604000172401, 0.1754591756787935, 0.22411956166749566, 0.29812654768013563, 0.32520740523323877, 0.32040166084944327, 0.32769849909944343, 0.32961312677680626]",[],1.0,"{'input_timing_assumptions': [], 'bottom_boundary': 'free_drainage', 'substeps': 24, 'precipitation_timing': 'explicit_hourly', 'plant_water_stress_method': 'compensated_layer_depletion', 'root_zone_stress_factor': 0.9999999874139454, 'root_zone_depletion_fraction': 0.5431488450801907, 'readily_available_water_adjustment': 'none', 'potential_et_demand_mm': 4.910320615459226, 'surface_wetness': [0.11890272665033172]}",1.3509562162688284,2015-10-21,True,-3.7185676218303616,50.0,[],[]
2016-03-03,wheat,23,BBCH23,0.12019614275152488,1.0,0.7380876333640811,192.80560748854512,0.20901060654546688,0.0,0.0,0.0,0.7775056186510535,0.6954122325541015,0.0,0.0,0.0,0.0,0.12673114382251352,0.0,0.0,587.6417477056231,0.6954122411871887,586.0420987105954,-1.5996489950276782,9.769962616701378e-15,4.5663275718688965,provided,explicit_hourly,0.6954122411871887,4.840384445133849,0.0,587.6417477056231,586.0420987105954,0.9999999875856553,0.9999999875856556,0.5431488450801907,5.535796686321038,0.9999999875856553,0.6954122411871887,atmospheric,,,,,0.0,1.0,43.450238570949026,43.45023756773356,0.3883400296042876,195.94980261828957,736.3233537552862,0.0,137.1265099036513,582.7665480363695,16.43029581526543,157.70361061537153,0.0,0.0,0.0,0.0,0.0,-7.105427357601002e-15,470.11589897903247,"[0.0826287634890771, 0.17218355680459152, 0.22235570364793744, 0.2968026093903452, 0.3250001374054193, 0.3202992143497366, 0.3276021302174369, 0.32950531172955055]","[0.0826287634890771, 0.17218355680459152, 0.22235570364793744, 0.2968026093903452, 0.3250001374054193, 0.3202992143497366, 0.3276021302174369, 0.32950531172955055]",[],1.0,"{'input_timing_assumptions': [], 'bottom_boundary': 'free_drainage', 'substeps': 24, 'precipitation_timing': 'explicit_hourly', 'plant_water_stress_method': 'compensated_layer_depletion', 'root_zone_stress_factor': 0.9999999875856556, 'root_zone_depletion_fraction': 0.5431488450801907, 'readily_available_water_adjustment': 'none', 'potential_et_demand_mm': 5.535796686321038, 'surface_wetness': [0.10534335018843322]}",1.472917851205155,2015-10-21,True,-4.241395999827599,50.0,[],[]
2016-03-04,wheat,23,BBCH23,0.12628939202948988,1.0,0.7421583582557297,202.5797366887293,0.22089761925030985,0.021758783375568174,0.0,0.0,0.46200345375665514,0.5040998195144386,0.004388163047887115,0.0,0.0,0.0,0.12612503632490885,0.0,0.0,586.0420987105954,0.5040998257201009,584.9672410213271,-1.0748576892682422,-7.926992395823618e-14,3.005850315093994,provided,explicit_hourly,0.5084879887679881,3.1079339039892377,0.0,586.0420987105954,584.9672410213271,0.9999999876896162,0.9999999876887218,0.5431488450801907,3.616421892757226,0.9999999876896162,0.5084879887679881,atmospheric,,,,,0.008629826357391845,1.0,40.42796083867352,40.427959913055744,0.4280687771107111,188.37688965181647,776.7513136683419,0.0,151.28173598315573,608.0746542722807,17.394923412905577,164.55228740488332,0.0,0.0,0.0,0.0,0.0,-4.263256414560601e-14,485.8369814886913,"[0.08153194547590821, 0.16910425473077317, 0.22122034670669677, 0.2957322630668278, 0.32478686492140224, 0.32019696279116217, 0.3275060015596207, 0.32939781306403715]","[0.08153194547590821, 0.16910425473077317, 0.22122034670669677, 0.2957322630668278, 0.32478686492140224, 0.32019696279116217, 0.3275060015596207, 0.32939781306403715]",[],1.0,"{'input_timing_assumptions': [], 'bottom_boundary': 'free_drainage', 'substeps': 24, 'precipitation_timing': 'explicit_hourly', 'plant_water_stress_method': 'compensated_layer_depletion', 'root_zone_stress_factor': 0.9999999876887218, 'root_zone_depletion_fraction': 0.5431488450801907, 'readily_available_water_adjustment': 'none', 'potential_et_demand_mm': 3.616421892757226, 'surface_wetness': [0.10200674580489301]}",0.9704914363189808,2015-10-21,True,-4.687123651092291,50.0,[],[]
2016-03-05,wheat,24,BBCH24,0.13047553936062734,1.0,0.7462340380863804,209.2946999208274,0.22906416295130774,0.0,0.0,0.0,0.43380968682758225,0.552006587098298,0.0,0.0,0.0,0.0,0.12552346480745236,0.0,0.0,584.9672410213271,0.5520065938824446,583.8559012825939,-1.1113397387332498,-8.282263763703668e-14,2.99320125579834,provided,explicit_hourly,0.5520065938824446,3.024356877420837,0.0,584.9672410213271,583.8559012825939,0.9999999877100262,0.9999999877100261,0.5431488450801907,3.5763634713032815,0.9999999877100262,0.5520065938824446,atmospheric,,,,,0.0,1.0,37.64492023840266,37.64491937793294,0.4552411085681672,184.70141144717596,814.396233046275,0.0,160.9685860119418,635.3047813836847,18.122865650648443,171.92108607298383,0.0,0.0,0.0,0.0,0.0,1.4921397450962104e-13,496.6375846789123,"[0.08016531804367619, 0.16643200622642731, 0.21998370180545213, 0.2945487302034186, 0.32456837351065915, 0.320094884186571, 0.3274101069681535, 0.32929062700474293]","[0.08016531804367619, 0.16643200622642731, 0.21998370180545213, 0.2945487302034186, 0.32456837351065915, 0.320094884186571, 0.3274101069681535, 0.32929062700474293]",[],1.0,"{'input_timing_assumptions': [], 'bottom_boundary': 'free_drainage', 'substeps': 24, 'precipitation_timing': 'explicit_hourly', 'plant_water_stress_method': 'compensated_layer_depletion', 'root_zone_stress_factor': 0.9999999877100261, 'root_zone_depletion_fraction': 0.5431488450801907, 'readily_available_water_adjustment': 'none', 'potential_et_demand_mm': 3.5763634713032815, 'surface_wetness': [0.09784936050824074]}",0.9858162739258802,2015-10-21,True,-4.796805452409179,50.0,[],[]
2016-03-06,wheat,24,BBCH24,0.13512159745585678,1.0,0.7503138961508397,216.7474020872322,0.2381279233664857,0.0,0.0,0.0,0.38060529736661114,0.539457046677106,0.0,0.0,0.0,0.0,0.12492637096946925,0.0,0.0,583.8559012825939,0.539457053272443,582.8109125675807,-1.0449887150132326,4.618527782440651e-14,2.7713851928710938,provided,explicit_hourly,0.539457053272443,2.756446389742878,0.0,583.8559012825939,582.8109125675807,0.9999999877741205,0.9999999877741206,0.5431488450801907,3.295903443015321,0.9999999877741205,0.539457053272443,atmospheric,,,,,0.0,1.0,28.06802714972258,28.06802651150281,0.47686816085963757,184.82043162874285,842.4642595577778,0.0,168.68535348915935,654.8012786698949,18.977627398723435,177.1970718459288,0.0,0.0,0.0,0.0,0.0,-3.552713678800501e-15,508.6247953324971,"[0.07908921198755134, 0.16405988090736545, 0.21881819600789962, 0.2933578650419751, 0.3243442127717684, 0.3199929570142716, 0.32731443979595104, 0.3291837495484409]","[0.07908921198755134, 0.16405988090736545, 0.21881819600789962, 0.2933578650419751, 0.3243442127717684, 0.3199929570142716, 0.32731443979595104, 0.3291837495484409]",[],1.0,"{'input_timing_assumptions': [], 'bottom_boundary': 'free_drainage', 'substeps': 24, 'precipitation_timing': 'explicit_hourly', 'plant_water_stress_method': 'compensated_layer_depletion', 'root_zone_stress_factor': 0.9999999877741206, 'root_zone_depletion_fraction': 0.5431488450801907, 'readily_available_water_adjustment': 'none', 'potential_et_demand_mm': 3.295903443015321, 'surface_wetness': [0.09457576348402098]}",0.9200623440437172,2015-10-21,True,-4.933468195632383,50.0,[],[]
2016-03-07,wheat,24,BBCH24,0.13921262679629315,1.0,0.7543971738251967,223.3097873616655,0.24610890617667747,0.0,0.0,0.0,0.45598349176113645,0.71564138101974,0.0,0.0,0.0,0.0,0.12433369593791631,0.0,0.0,582.8109125675807,0.7156413897513136,581.5149539988618,-1.295958568718902,1.092459456231154e-13,3.5308549404144287,provided,explicit_hourly,0.7156413897513139,3.4680462304139534,0.0,582.8109125675807,581.5149539988618,0.9999999877989537,0.9999999877989536,0.5431488450801907,4.1836876201652675,0.9999999877989537,0.7156413897513139,atmospheric,,,,,3.3306690738754696e-16,1.0,40.419452090996224,40.41945117379262,0.5049580119170546,181.90400012114782,882.8837107315704,0.0,178.71068258751598,684.4106789217562,19.762349222298162,185.20973033432028,0.0,0.0,0.0,0.0,0.0,-2.842170943040401e-14,519.1799863113101,"[0.077176373821387, 0.16170375932493009, 0.21726357231114615, 0.29180373975819385, 0.32411297888893736, 0.3198911582246093, 0.32721899292260376, 0.32907717644559864]","[0.077176373821387, 0.16170375932493009, 0.21726357231114615, 0.29180373975819385, 0.32411297888893736, 0.3198911582246093, 0.32721899292260376, 0.32907717644559864]",[],1.0,"{'input_timing_assumptions': [], 'bottom_boundary': 'free_drainage', 'substeps': 24, 'precipitation_timing': 'explicit_hourly', 'plant_water_stress_method': 'compensated_layer_depletion', 'root_zone_stress_factor': 0.9999999877989536, 'root_zone_depletion_fraction': 0.5431488450801907, 'readily_available_water_adjustment': 'none', 'potential_et_demand_mm': 4.1836876201652675, 'surface_wetness': [0.08875676330933642]}",1.1716248727808765,2015-10-21,True,-5.041078801244867,50.0,[],[]
2016-03-08,wheat,24,BBCH24,0.14032204693646472,1.0,0.7584831295924388,225.08939874676628,0.24827321797480445,0.0,0.0,0.0,0.3763636085920787,0.66452057106052,0.0,0.0,0.0,0.0,0.1237453801820174,0.0,0.0,581.5149539988618,0.6645205792783163,580.3503244390272,-1.164629559834566,-5.0182080713057076e-14,3.1203696727752686,provided,explicit_hourly,0.6645205792783164,3.015334354599874,0.0,581.5149539988618,580.3503244390272,0.9999999876334961,0.9999999876334962,0.5431488450801907,3.6798549338781905,0.9999999876334961,0.6645205792783164,atmospheric,,,,,2.220446049250313e-16,1.0,20.546850708050552,20.54685023547586,0.5084783522844938,182.74468197356921,903.4305609670463,0.0,179.96824136970793,703.4753518436758,19.98696775366259,190.36885926016276,0.0,0.0,0.0,0.0,0.0,0.0,522.0423811955286,"[0.07600161005928983, 0.15946073137615213, 0.21584036847018737, 0.29034412091282924, 0.3238735448945145, 0.31978945805950854, 0.32712375856516784, 0.32897090317818595]","[0.07600161005928983, 0.15946073137615213, 0.21584036847018737, 0.29034412091282924, 0.3238735448945145, 0.31978945805950854, 0.32712375856516784, 0.32897090317818595]",[],1.0,"{'input_timing_assumptions': [], 'bottom_boundary': 'free_drainage', 'substeps': 24, 'precipitation_timing': 'explicit_hourly', 'plant_water_stress_method': 'compensated_layer_depletion', 'root_zone_stress_factor': 0.9999999876334962, 'root_zone_depletion_fraction': 0.5431488450801907, 'readily_available_water_adjustment': 'none', 'potential_et_demand_mm': 3.6798549338781905, 'surface_wetness': [0.08518304198895721]}",1.0408841796525987,2015-10-21,True,-5.2323626178613,50.0,[],[]
2016-03-09,wheat,24,BBCH24,0.14098238778533453,1.0,0.7625710380599862,226.1486458706864,0.24956144363273516,0.0,0.0,0.0,0.2611338584520426,0.476865502272667,0.0,0.0,0.0,0.0,0.12316136336811695,0.0,0.0,580.3503244390272,0.47686550824488666,579.4891637149343,-0.8611607240928834,5.684341886080802e-14,2.225860834121704,provided,explicit_hourly,0.4768655082448866,2.146548442439834,0.0,580.3503244390272,579.4891637149343,0.9999999874760922,0.9999999874760922,0.5431488450801907,2.6234139506847205,0.9999999874760922,0.4768655082448866,atmospheric,,,,,0.0,1.0,16.20968977939189,16.209689401825944,0.5100403501147931,183.43319000044585,919.6402503688722,0.0,180.52654912823982,718.9927842773756,20.120916963256867,194.56806240680908,0.0,0.0,0.0,0.0,0.0,-1.7763568394002505e-14,523.7461147038757,"[0.07572699957017438, 0.15759069191940234, 0.2148526564593892, 0.28925847858561377, 0.3236279451633241, 0.3196878303665405, 0.3270287282089893, 0.32886492492236175]","[0.07572699957017438, 0.15759069191940234, 0.2148526564593892, 0.28925847858561377, 0.3236279451633241, 0.3196878303665405, 0.3270287282089893, 0.32886492492236175]",[],1.0,"{'input_timing_assumptions': [], 'bottom_boundary': 'free_drainage', 'substeps': 24, 'precipitation_timing': 'explicit_hourly', 'plant_water_stress_method': 'compensated_layer_depletion', 'root_zone_stress_factor': 0.9999999874760922, 'root_zone_depletion_fraction': 0.5431488450801907, 'readily_available_water_adjustment': 'none', 'potential_et_demand_mm': 2.6234139506847205, 'surface_wetness': [0.08434765585311002]}",0.7379993607247096,2015-10-21,True,-5.349838994071018,50.0,[],[]
2016-03-10,wheat,24,BBCH24,0.14215623268877142,1.0,0.7666601889708422,228.03160046909102,0.2518514384522692,0.0,0.0,0.0,0.27862068410987906,0.5198417119846521,0.0,0.0,0.0,0.0,0.12258158421735194,0.0,0.0,579.4891637149343,0.519841718544038,578.5681197346224,-0.9210439803118788,-4.218847493575595e-15,2.420071601867676,provided,explicit_hourly,0.519841718544038,2.3317256424617345,0.0,579.4891637149343,578.5681197346224,0.9999999873819555,0.9999999873819555,0.5431488450801907,2.8515673610057726,0.9999999873819555,0.519841718544038,atmospheric,,,,,0.0,1.0,22.990205607132186,22.99020506760521,0.5142348170059908,184.1304228226882,942.6304554364774,0.0,182.0250624406897,740.2469664918735,20.358426503914167,200.31969878195352,0.0,0.0,0.0,0.0,0.0,-2.1316282072803006e-14,526.7747307572529,"[0.07504807476956196, 0.15594884075381274, 0.21376576900316033, 0.28808495316132926, 0.32337755926941847, 0.3195862596747645, 0.3269338931383161, 0.3287592365345267]","[0.07504807476956196, 0.15594884075381274, 0.21376576900316033, 0.28808495316132926, 0.32337755926941847, 0.3195862596747645, 0.3269338931383161, 0.3287592365345267]",[],1.0,"{'input_timing_assumptions': [], 'bottom_boundary': 'free_drainage', 'substeps': 24, 'precipitation_timing': 'explicit_hourly', 'plant_water_stress_method': 'compensated_layer_depletion', 'root_zone_stress_factor': 0.9999999873819555, 'root_zone_depletion_fraction': 0.5431488450801907, 'readily_available_water_adjustment': 'none', 'potential_et_demand_mm': 2.8515673610057726, 'surface_wetness': [0.08228231462182159]}",0.7984623960945312,2015-10-21,True,-5.377300042982563,50.0,[],[]
2016-03-11,wheat,24,BBCH24,0.1438910922298586,1.0,0.7707498862099538,230.81447386310737,0.25523588843375894,0.0,0.0,0.0,0.2597358711327383,0.5012067049120775,0.0,0.0,0.0,0.0,0.12200598058055205,0.0,0.0,578.5681197346224,0.5012067112623534,577.6851711779971,-0.8829485566253652,-2.6645352591003757e-15,2.3169634342193604,provided,explicit_hourly,0.5012067112623536,2.226957175182852,0.0,578.5681197346224,577.6851711779971,0.9999999873300263,0.9999999873300259,0.5431488450801907,2.7281638864452056,0.9999999873300263,0.5012067112623536,atmospheric,,,,,4.440892098500626e-16,1.0,27.43543264989664,27.435432003400727,0.5217743790664681,184.6704422395102,970.0658874398782,0.0,184.7186753220214,764.6368365399355,20.71037557792119,206.9198898567148,0.0,0.0,0.0,0.0,0.0,9.237055564881302e-14,531.2508105537469,"[0.07442703250162275, 0.15445785444924348, 0.21273275111403359, 0.28694552644373705, 0.3231221930294694, 0.31948473209657924, 0.32683924479093246, 0.32865383258155084]","[0.07442703250162275, 0.15445785444924348, 0.21273275111403359, 0.28694552644373705, 0.3231221930294694, 0.31948473209657924, 0.32683924479093246, 0.32865383258155084]",[],1.0,"{'input_timing_assumptions': [], 'bottom_boundary': 'free_drainage', 'substeps': 24, 'precipitation_timing': 'explicit_hourly', 'plant_water_stress_method': 'compensated_layer_depletion', 'root_zone_stress_factor': 0.9999999873300259, 'root_zone_depletion_fraction': 0.5431488450801907, 'readily_available_water_adjustment': 'none', 'potential_et_demand_mm': 2.7281638864452056, 'surface_wetness': [0.08039305648720829]}",0.7609425760448159,2015-10-21,True,-5.445192523043805,50.0,[],[]
2016-03-12,wheat,24,BBCH24,0.14645086083338776,1.0,0.774839446807287,234.92057684890625,0.26022961190107974,0.20308198357582205,0.0,0.0,0.23941871912986212,0.41737978585588364,0.053030176100630405,0.0,0.0,0.0,0.121434489662643,0.0,0.0,577.6851711779971,0.41737979113636997,577.0569899908238,-0.6281811871732543,5.717648576819556e-14,2.1469366550445557,provided,explicit_hourly,0.47025790512468774,2.0545313388572737,0.0,577.6851711779971,577.0569899908238,0.9999999873484858,0.9999999873459446,0.5431488450801907,2.5247892439819615,0.9999999873484858,0.47025790512468774,atmospheric,,,,,0.11244492311999998,1.0,16.924918942844055,16.924918544601784,0.5280186165831725,187.19070914533964,986.9908059844798,0.0,186.95224248854404,778.8042243678707,21.234339128065137,210.7537547567883,0.0,0.0,0.0,0.0,0.0,-1.7408297026122455e-13,537.8552233367991,"[0.07528111334625544, 0.15323949482421348, 0.21190113850792097, 0.2859750440341466, 0.3228626392238211, 0.319383235416821, 0.3267447747541129, 0.3285487073786993]","[0.07528111334625544, 0.15323949482421348, 0.21190113850792097, 0.2859750440341466, 0.3228626392238211, 0.319383235416821, 0.3267447747541129, 0.3285487073786993]",[],1.0,"{'input_timing_assumptions': [], 'bottom_boundary': 'free_drainage', 'substeps': 24, 'precipitation_timing': 'explicit_hourly', 'plant_water_stress_method': 'compensated_layer_depletion', 'root_zone_stress_factor': 0.9999999873459446, 'root_zone_depletion_fraction': 0.5431488450801907, 'readily_available_water_adjustment': 'none', 'potential_et_demand_mm': 2.5247892439819615, 'surface_wetness': [0.08299123581676345]}",0.7098286810863762,2015-10-21,True,-5.507296749837726,50.0,[],[]
2016-03-13,wheat,24,BBCH24,0.1495398895268814,1.0,0.7789281999390281,239.87566143119446,0.2662558421848089,0.0,0.0,0.0,0.32595412628201786,0.6562978384048914,0.0,0.0,0.0,0.0,0.12086704824444128,0.0,0.0,577.0569899908238,0.6562978466750643,575.9538709778925,-1.1031190129313018,-4.884981308350689e-14,2.9659526348114014,provided,explicit_hourly,0.656297846675064,2.8280356807535667,0.0,577.0569899908238,575.9538709778925,0.9999999873987505,0.999999987398751,0.5431488450801907,3.484333527428631,0.9999999873987505,0.656297846675064,atmospheric,,,,,0.0,1.0,39.10143114649359,39.10143023009478,0.5476348281813851,185.983839900261,1026.0922362145748,0.0,193.96338177440632,810.2581113019831,21.87074313818517,219.26555344206156,0.0,0.0,0.0,0.0,0.0,1.5631940186722204e-13,545.8251705274934,"[0.07362409255550985, 0.15207024499498606, 0.21059220089946804, 0.2844847340043016, 0.3225977738824023, 0.3192817603355039, 0.326650474891868, 0.32844385502845846]","[0.07362409255550985, 0.15207024499498606, 0.21059220089946804, 0.2844847340043016, 0.3225977738824023, 0.3192817603355039, 0.326650474891868, 0.32844385502845846]",[],1.0,"{'input_timing_assumptions': [], 'bottom_boundary': 'free_drainage', 'substeps': 24, 'precipitation_timing': 'explicit_hourly', 'plant_water_stress_method': 'compensated_layer_depletion', 'root_zone_stress_factor': 0.999999987398751, 'root_zone_depletion_fraction': 0.5431488450801907, 'readily_available_water_adjustment': 'none', 'potential_et_demand_mm': 3.484333527428631, 'surface_wetness': [0.07795045168700127]}",0.9822519646869092,2015-10-21,True,-5.421888665374457,50.0,[],[]
2016-03-14,wheat,25,BBCH25,0.15370576789551774,1.0,0.7830154859282474,246.55811139340943,0.2743828441891235,0.0,0.0,0.0,0.39809666517370745,0.9006953942782989,0.0,0.0,0.0,0.0,0.12030359291530632,0.0,0.0,575.9538709778925,0.9006954055655318,574.5347753255252,-1.4190956523673321,1.9539925233402755e-14,3.9458601474761963,provided,explicit_hourly,0.9006954055655323,3.719813949126619,0.0,575.9538709778925,574.5347753255252,0.999999987468313,0.9999999874683124,0.5431488450801907,4.620509354692151,0.999999987468313,0.9006954055655323,atmospheric,,,,,4.440892098500626e-16,1.0,49.49255740495734,49.49255625143054,0.5809805507451876,182.5167532171437,1075.5847924660052,0.0,205.8863731949316,846.9423955460593,22.75602372501431,229.1927603101029,0.0,0.0,0.0,0.0,0.0,-1.2789769243681803e-13,556.5734781333177,"[0.07149394455577833, 0.15055355195290093, 0.2088562690334389, 0.282436370714703, 0.322322611653776, 0.31918028380071134, 0.3265563370572109, 0.32833926945697534]","[0.07149394455577833, 0.15055355195290093, 0.2088562690334389, 0.282436370714703, 0.322322611653776, 0.31918028380071134, 0.3265563370572109, 0.32833926945697534]",[],1.0,"{'input_timing_assumptions': [], 'bottom_boundary': 'free_drainage', 'substeps': 24, 'precipitation_timing': 'explicit_hourly', 'plant_water_stress_method': 'compensated_layer_depletion', 'root_zone_stress_factor': 0.9999999874683124, 'root_zone_depletion_fraction': 0.5431488450801907, 'readily_available_water_adjustment': 'none', 'potential_et_demand_mm': 4.620509354692151, 'surface_wetness': [0.07147037835837407]}",1.2987920594520064,2015-10-21,True,-5.587590744449017,50.0,[],[]
2016-03-15,wheat,25,BBCH25,0.15877002297766749,1.0,0.7871006552462803,254.68163977991787,0.28426244401442136,0.0,0.0,0.0,0.3056432626526224,0.7914652584803388,0.0,0.0,0.0,0.0,0.11974406015542162,0.0,0.0,574.5347753255252,0.7914652683198087,573.3179227442369,-1.2168525812883217,-6.106226635438361e-14,3.2983453273773193,provided,explicit_hourly,0.7914652683198082,3.049833794923926,0.0,574.5347753255252,573.3179227442369,0.9999999875680332,0.9999999875680338,0.5431488450801907,3.841299063243734,0.9999999875680332,0.7914652683198082,atmospheric,,,,,0.0,1.0,33.54476851957006,33.54476774396097,0.6071374463229013,183.51163734967676,1109.1295602099663,0.0,215.24893311440897,869.9887295814779,23.891897514079325,235.42937444157602,0.0,0.0,0.0,0.0,0.0,1.0658141036401503e-13,569.6396712865093,"[0.07043962720970623, 0.14892232696822358, 0.20741625964898178, 0.2806034800727311, 0.32203540248942825, 0.31907876794134704, 0.32646235219636643, 0.3282349443936257]","[0.07043962720970623, 0.14892232696822358, 0.20741625964898178, 0.2806034800727311, 0.32203540248942825, 0.31907876794134704, 0.32646235219636643, 0.3282349443936257]",[],1.0,"{'input_timing_assumptions': [], 'bottom_boundary': 'free_drainage', 'substeps': 24, 'precipitation_timing': 'explicit_hourly', 'plant_water_stress_method': 'compensated_layer_depletion', 'root_zone_stress_factor': 0.9999999875680338, 'root_zone_depletion_fraction': 0.5431488450801907, 'readily_available_water_adjustment': 'none', 'potential_et_demand_mm': 3.841299063243734, 'surface_wetness': [0.06826306425857821]}",1.0971085211329612,2015-10-21,True,-5.800605544422169,50.0,[],[]
2016-03-16,wheat,25,BBCH25,0.16427812070784942,1.0,0.7911830675160325,263.5171323727992,0.2950079140766697,0.0,0.0,0.0,0.30347463827257065,0.8670777214496153,0.0,0.0,0.0,0.0,0.11918838608024061,0.0,0.0,573.3179227442369,0.867077732119489,572.0281819984345,-1.2897407458023054,-1.212363542890671e-13,3.482590436935425,provided,explicit_hourly,0.8670777321194888,3.171712188911953,0.0,573.3179227442369,572.0281819984345,0.9999999876944438,0.9999999876944441,0.5431488450801907,4.038789921031442,0.9999999876944438,0.8670777321194888,atmospheric,,,,,0.0,1.0,64.22388081580819,64.22387934594792,0.6642990749372752,176.86542344659605,1173.353439555914,0.0,235.71309997344122,912.4637933583206,25.176546224152283,246.92363563638338,0.0,0.0,0.0,0.0,0.0,-1.1368683772161603e-13,583.8510148467673,"[0.06940817147846912, 0.14727493532239694, 0.20591075967656977, 0.2785679070782067, 0.321736193207783, 0.3189771771174546, 0.3263685101465486, 0.32813087330072493]","[0.06940817147846912, 0.14727493532239694, 0.20591075967656977, 0.2785679070782067, 0.321736193207783, 0.3189771771174546, 0.3263685101465486, 0.32813087330072493]",[],1.0,"{'input_timing_assumptions': [], 'bottom_boundary': 'free_drainage', 'substeps': 24, 'precipitation_timing': 'explicit_hourly', 'plant_water_stress_method': 'compensated_layer_depletion', 'root_zone_stress_factor': 0.9999999876944441, 'root_zone_depletion_fraction': 0.5431488450801907, 'readily_available_water_adjustment': 'none', 'potential_et_demand_mm': 4.038789921031442, 'surface_wetness': [0.06512529694171024]}",1.1705523597221859,2015-10-21,True,-5.906037279029379,50.0,[],[]
2016-03-17,wheat,25,BBCH25,0.1713451321575252,1.0,0.7952620905183312,274.8532651678423,0.30879459029084594,0.0,0.0,0.0,0.33127819739941133,1.112295483946785,0.0,0.0,0.0,0.0,0.11863650610441016,0.0,0.0,572.0281819984345,1.1122954973983834,570.465971810984,-1.562210187450546,-6.039613253960852e-14,4.147111892700195,provided,explicit_hourly,1.1122954973983836,3.6537483555150896,0.0,572.0281819984345,570.465971810984,0.9999999879064524,0.9999999879064525,0.5431488450801907,4.766043852913473,0.9999999879064524,1.1122954973983836,atmospheric,,,,,2.220446049250313e-16,1.0,79.71551600251834,79.71551420954086,0.7402423800474609,170.207020932923,1253.068953765455,0.0,262.9263467081465,963.1718683782694,26.970738679038966,260.6458483216283,0.0,0.0,0.0,0.0,0.0,1.1368683772161603e-13,602.084483564161,"[0.06814214134573947, 0.14554265487104964, 0.20484508900494036, 0.2755255774609849, 0.3214189340612092, 0.31887546790498006, 0.3262747997681096, 0.32802704931733284]","[0.06814214134573947, 0.14554265487104964, 0.20484508900494036, 0.2755255774609849, 0.3214189340612092, 0.31887546790498006, 0.3262747997681096, 0.32802704931733284]",[],1.0,"{'input_timing_assumptions': [], 'bottom_boundary': 'free_drainage', 'substeps': 24, 'precipitation_timing': 'explicit_hourly', 'plant_water_stress_method': 'compensated_layer_depletion', 'root_zone_stress_factor': 0.9999999879064525, 'root_zone_depletion_fraction': 0.5431488450801907, 'readily_available_water_adjustment': 'none', 'potential_et_demand_mm': 4.766043852913473, 'surface_wetness': [0.06127393633325778]}",1.4435736813461961,2015-10-21,True,-6.0091828521530894,50.0,[],[]
2016-03-18,wheat,25,BBCH25,0.17915622316692045,1.0,0.7993370992024191,287.3829696387094,0.32403285379060803,0.0,0.0,0.0,0.25091409876186943,1.0032214692897978,0.0,0.0,0.0,0.0,0.11808835465305192,0.0,0.0,570.465971810984,1.0032214811677154,569.0937478882793,-1.372223922704734,1.4654943925052066e-14,3.426330804824829,provided,explicit_hourly,1.0032214811677154,2.888635543316735,0.0,570.465971810984,569.0937478882793,0.9999999881602241,0.9999999881602243,0.5431488450801907,3.8918570244844504,0.9999999881602241,1.0032214811677154,atmospheric,,,,,0.0,1.0,95.01791537558533,95.01791328326952,0.8305021840429785,164.294016223278,1348.0868670487243,0.0,295.30219166850173,1023.6139984050786,29.170676975144097,277.00221292530955,0.0,0.0,0.0,0.0,0.0,-2.1316282072803006e-13,622.2377385267037,"[0.06762900011306992, 0.1439241744587609, 0.20388083428197445, 0.27279552528361056, 0.32107936500161366, 0.3187735725015216, 0.3261812080906188, 0.32792346518273974]","[0.06762900011306992, 0.1439241744587609, 0.20388083428197445, 0.27279552528361056, 0.32107936500161366, 0.3187735725015216, 0.3261812080906188, 0.32792346518273974]",[],1.0,"{'input_timing_assumptions': [], 'bottom_boundary': 'free_drainage', 'substeps': 24, 'precipitation_timing': 'explicit_hourly', 'plant_water_stress_method': 'compensated_layer_depletion', 'root_zone_stress_factor': 0.9999999881602243, 'root_zone_depletion_fraction': 0.5431488450801907, 'readily_available_water_adjustment': 'none', 'potential_et_demand_mm': 3.8918570244844504, 'surface_wetness': [0.05971292141032292]}",1.2541355680516673,2015-10-21,True,-6.135785865426055,50.0,[],[]
2016-03-19,wheat,25,BBCH25,0.18522902857329704,1.0,0.803407474701624,297.12430499883527,0.33587998357745086,0.0,0.0,0.0,0.27428028990023073,1.310524883211352,0.0,0.0,0.0,0.0,0.11754386461525126,0.0,0.0,569.0937478882793,1.3105248985232305,567.3913988505525,-1.7023490377267763,-5.773159728050814e-14,4.087131977081299,provided,explicit_hourly,1.3105248985232312,3.2699906237845218,0.0,569.0937478882793,567.3913988505525,0.9999999883162247,0.9999999883162243,0.5431488450801907,4.580515522307753,0.9999999883162247,1.3105248985232312,atmospheric,,,,,5.551115123125783e-16,1.0,83.31952706240811,83.31952525186762,0.9096354008994343,160.02809668645475,1431.4063923005922,0.0,323.7080282266493,1076.6146317070534,31.083732366889485,291.34481935113524,0.0,0.0,0.0,0.0,0.0,2.2737367544323206e-13,637.906074172186,"[0.06679453908651753, 0.14235941540354324, 0.20264019370950517, 0.2692141731153884, 0.32071390892139656, 0.3186714205332561, 0.32608771983072776, 0.3278201130972739]","[0.06679453908651753, 0.14235941540354324, 0.20264019370950517, 0.2692141731153884, 0.32071390892139656, 0.3186714205332561, 0.32608771983072776, 0.3278201130972739]",[],1.0,"{'input_timing_assumptions': [], 'bottom_boundary': 'free_drainage', 'substeps': 24, 'precipitation_timing': 'explicit_hourly', 'plant_water_stress_method': 'compensated_layer_depletion', 'root_zone_stress_factor': 0.9999999883162243, 'root_zone_depletion_fraction': 0.5431488450801907, 'readily_available_water_adjustment': 'none', 'potential_et_demand_mm': 4.580515522307753, 'surface_wetness': [0.05717442706973126]}",1.5848051731115829,2015-10-21,True,-6.187099988693008,50.0,[],[]
2016-03-20,wheat,25,BBCH25,0.19074466414672728,1.0,0.8074726033552074,305.9718889817843,0.346640158837923,0.0,0.0,0.0,0.21619505838019865,1.1965110797818514,0.0,0.0,0.0,0.0,0.11700296663347673,0.0,0.0,567.3913988505525,1.1965110936178032,565.861689745757,-1.5297091047955291,2.220446049250313e-15,3.479327440261841,provided,explicit_hourly,1.1965110936178038,2.658827846909176,0.0,567.3913988505525,565.861689745757,0.99999998843642,0.9999999884364197,0.5431488450801907,3.85533894052698,0.99999998843642,1.1965110936178038,atmospheric,,,,,5.551115123125783e-16,1.0,82.54865715985065,82.54865538451457,0.9807099141469381,157.66475469637297,1513.9550476851068,0.0,349.24022792353196,1131.7354100613425,32.97940970023223,306.2611624317242,0.0,0.0,0.0,0.0,0.0,5.684341886080802e-14,652.136865985789,"[0.066440517929331, 0.14093672347122743, 0.2015052595086092, 0.26599721116162445, 0.3202898384419538, 0.31856887140365775, 0.32599431631159853, 0.32771698456840864]","[0.066440517929331, 0.14093672347122743, 0.2015052595086092, 0.26599721116162445, 0.3202898384419538, 0.31856887140365775, 0.32599431631159853, 0.32771698456840864]",[],1.0,"{'input_timing_assumptions': [], 'bottom_boundary': 'free_drainage', 'substeps': 24, 'precipitation_timing': 'explicit_hourly', 'plant_water_stress_method': 'compensated_layer_depletion', 'root_zone_stress_factor': 0.9999999884364197, 'root_zone_depletion_fraction': 0.5431488450801907, 'readily_available_water_adjustment': 'none', 'potential_et_demand_mm': 3.85533894052698, 'surface_wetness': [0.05609746760083838]}",1.41270613816205,2015-10-21,True,-6.2705460913482485,50.0,[],[]
2016-03-21,wheat,25,BBCH25,0.19651216703151014,1.0,0.8115318757373642,315.22349117081035,0.35789168933324667,0.0,0.0,0.0,0.20401796580941114,1.270273687626001,0.0,0.0,0.0,0.0,0.1164655878594492,0.0,0.0,565.861689745757,1.2702737021441293,564.2709325044622,-1.5907572412947957,-6.572520305780927e-14,3.4909238815307617,provided,explicit_hourly,1.2702737021441293,2.5599546968756335,0.0,565.861689745757,564.2709325044622,0.999999988570866,0.9999999885708665,0.5431488450801907,3.830228399019763,0.999999988570866,1.2702737021441293,atmospheric,,,,,0.0,1.0,96.54927810597941,96.54927605368053,1.0676400029112116,154.35309650964396,1610.504323738787,0.0,380.4894635634133,1194.907810402443,35.1070497729308,323.3563708965888,0.0,0.0,0.0,0.0,0.0,-3.694822225952521e-13,667.0174961044781,"[0.0660690253853657, 0.139656355923225, 0.20032409321385422, 0.2627529276150181, 0.31963381775080796, 0.3184654273193395, 0.32590096662726553, 0.32761406995621467]","[0.0660690253853657, 0.139656355923225, 0.20032409321385422, 0.2627529276150181, 0.31963381775080796, 0.3184654273193395, 0.32590096662726553, 0.32761406995621467]",[],1.0,"{'input_timing_assumptions': [], 'bottom_boundary': 'free_drainage', 'substeps': 24, 'precipitation_timing': 'explicit_hourly', 'plant_water_stress_method': 'compensated_layer_depletion', 'root_zone_stress_factor': 0.9999999885708665, 'root_zone_depletion_fraction': 0.5431488450801907, 'readily_available_water_adjustment': 'none', 'potential_et_demand_mm': 3.830228399019763, 'surface_wetness': [0.054967358835514644]}",1.4742916534354122,2015-10-21,True,-6.3059482070669,50.0,[],[]
2016-03-22,wheat,25,BBCH25,0.2026748143526648,1.0,0.8155846856943141,325.10894118021014,0.3699140871804749,0.0,0.0,0.0,0.1926054832421851,1.3701224776016014,0.0,0.0,0.0,0.0,0.11593164704922922,0.0,0.0,564.2709325044622,1.370122493059439,562.592272896569,-1.6786596078931098,9.392486788328824e-14,3.5382542610168457,provided,explicit_hourly,1.3701224930594382,2.4670846392675596,0.0,564.2709325044622,562.592272896569,0.9999999887179157,0.9999999887179158,0.5431488450801907,3.8372071323269976,0.9999999887179157,1.3701224930594382,atmospheric,,,,,0.0,1.0,71.34711214830348,71.34711065122698,1.1329357722281648,155.86326725593037,1681.851434390014,0.0,403.9877037468107,1240.2926351160995,37.571095527103815,335.63804826569327,0.0,0.0,0.0,0.0,0.0,2.842170943040401e-14,682.9176312530859,"[0.06570492456627924, 0.1384773687072623, 0.19908978203039696, 0.25942271126034194, 0.3187212373322793, 0.3183602633714852, 0.3258076066616603, 0.3275113567791699]","[0.06570492456627924, 0.1384773687072623, 0.19908978203039696, 0.25942271126034194, 0.3187212373322793, 0.3183602633714852, 0.3258076066616603, 0.3275113567791699]",[],1.0,"{'input_timing_assumptions': [], 'bottom_boundary': 'free_drainage', 'substeps': 24, 'precipitation_timing': 'explicit_hourly', 'plant_water_stress_method': 'compensated_layer_depletion', 'root_zone_stress_factor': 0.9999999887179158, 'root_zone_depletion_fraction': 0.5431488450801907, 'readily_available_water_adjustment': 'none', 'potential_et_demand_mm': 3.8372071323269976, 'surface_wetness': [0.05385973626328451]}",1.5627279608437865,2015-10-21,True,-6.34309746146343,50.0,[],[]
2016-03-23,wheat,25,BBCH25,0.20691230788621995,1.0,0.8196304293904146,331.9062684176977,0.37818079959813633,0.0,0.0,0.0,0.1536760281189575,1.2002898637721013,0.0,0.0,0.0,0.0,0.11540104319604952,0.0,0.0,562.592272896569,1.2002898772326631,561.1229059614819,-1.4693669350871232,1.4876988529977098e-14,2.9709150791168213,provided,explicit_hourly,1.200289877232663,1.9945174736403812,0.0,562.592272896569,561.1229059614819,0.9999999887855742,0.9999999887855742,0.5431488450801907,3.1948073508730443,0.9999999887855742,1.200289877232663,atmospheric,,,,,0.0,1.0,60.58080209130988,60.58080082776603,1.1702612856134795,158.21576014275868,1742.43223521778,0.0,417.4307385990848,1285.6385079009137,39.36298871778144,347.9091847761304,0.0,0.0,0.0,0.0,0.0,6.394884621840902e-14,693.8507118536247,"[0.06560721160147426, 0.137443387216543, 0.19800639700071387, 0.256646228736481, 0.3177309698783683, 0.31825289370158505, 0.3257141429108406, 0.32740882725151593]","[0.06560721160147426, 0.137443387216543, 0.19800639700071387, 0.256646228736481, 0.3177309698783683, 0.31825289370158505, 0.3257141429108406, 0.32740882725151593]",[],1.0,"{'input_timing_assumptions': [], 'bottom_boundary': 'free_drainage', 'substeps': 24, 'precipitation_timing': 'explicit_hourly', 'plant_water_stress_method': 'compensated_layer_depletion', 'root_zone_stress_factor': 0.9999999887855742, 'root_zone_depletion_fraction': 0.5431488450801907, 'readily_available_water_adjustment': 'none', 'potential_et_demand_mm': 3.1948073508730443, 'surface_wetness': [0.05356248594209853]}",1.3539658918910589,2015-10-21,True,-6.3795075433720765,50.0,[],[]
2016-03-24,wheat,25,BBCH25,0.2112487078434083,1.0,0.8236685043642105,338.8622506058066,0.3866404635693425,0.0,0.0,0.0,0.1745153568441053,1.44584273424616,0.0,0.0,0.0,0.0,0.11487364653572887,0.0,0.0,561.1229059614819,1.4458427503897033,559.387674223856,-1.7352317376258952,-9.880984919163893e-14,3.498075008392334,provided,explicit_hourly,1.4458427503897031,2.298130950275689,0.0,561.1229059614819,559.387674223856,0.9999999888345096,0.9999999888345097,0.5431488450801907,3.743973700665392,0.9999999888345096,1.4458427503897031,atmospheric,,,,,0.0,1.0,95.46736744942112,95.46736546693113,1.2329002860336062,157.47897685799714,1837.8996006847112,0.0,439.9935314550034,1356.6577103903574,41.248358839350324,367.1278319228271,0.0,0.0,0.0,0.0,0.0,1.4210854715202004e-14,705.0389791330174,"[0.06521103742753927, 0.13647282247663228, 0.19676994126584782, 0.25336267459183753, 0.316477343344412, 0.3181429138958777, 0.32562047584244325, 0.3273064574218796]","[0.06521103742753927, 0.13647282247663228, 0.19676994126584782, 0.25336267459183753, 0.316477343344412, 0.3181429138958777, 0.32562047584244325, 0.3273064574218796]",[],1.0,"{'input_timing_assumptions': [], 'bottom_boundary': 'free_drainage', 'substeps': 24, 'precipitation_timing': 'explicit_hourly', 'plant_water_stress_method': 'compensated_layer_depletion', 'root_zone_stress_factor': 0.9999999888345097, 'root_zone_depletion_fraction': 0.5431488450801907, 'readily_available_water_adjustment': 'none', 'potential_et_demand_mm': 3.743973700665392, 'surface_wetness': [0.05235729376844176]}",1.6203580910902653,2015-10-21,True,-6.389278839852575,50.0,[],[]
2016-03-25,wheat,25,BBCH25,0.21534153296316058,1.0,0.8276983085953228,345.4275164745252,0.394624949674832,0.021758783375568174,0.0,0.0,0.15060083504531996,1.3511137533402031,0.011115432742362315,0.0,0.0,0.0,0.11434929761256706,0.0,0.0,559.387674223856,1.3511137687360075,557.782253688491,-1.605420535365056,1.716404796070492e-13,3.1790196895599365,provided,explicit_hourly,1.3622292014783703,2.0140056466009217,0.0,559.387674223856,557.782253688491,0.9999999886051014,0.9999999886046593,0.5431488450801907,3.3762348480792923,0.9999999886051014,1.3622292014783703,atmospheric,,,,,0.008159737531907019,1.0,88.03110591653376,88.0311040509065,1.2864666606486428,157.85091694084193,1925.9307047356176,0.0,459.30069518319266,1423.5148737855222,43.115135766902775,385.22018142100274,0.0,0.0,0.0,0.0,0.0,-1.2789769243681803e-13,715.5988033696387,"[0.06508880070659569, 0.13557755981118158, 0.19563151550918073, 0.2504277687556694, 0.31513285289480425, 0.318029924512351, 0.32552649157777136, 0.32720421694566115]","[0.06508880070659569, 0.13557755981118158, 0.19563151550918073, 0.2504277687556694, 0.31513285289480425, 0.318029924512351, 0.32552649157777136, 0.32720421694566115]",[],1.0,"{'input_timing_assumptions': [], 'bottom_boundary': 'free_drainage', 'substeps': 24, 'precipitation_timing': 'explicit_hourly', 'plant_water_stress_method': 'compensated_layer_depletion', 'root_zone_stress_factor': 0.9999999886046593, 'root_zone_depletion_fraction': 0.5431488450801907, 'readily_available_water_adjustment': 'none', 'potential_et_demand_mm': 3.3762348480792923, 'surface_wetness': [0.05198544030320594]}",1.5128300211278856,2015-10-21,True,-6.428896257246074,50.0,[],[]
2016-03-26,wheat,25,BBCH25,0.22029690402658986,1.0,0.8317192395830912,353.37638493522724,0.404292133159547,0.0,0.0,0.0,0.17461477835498568,1.7087013651525265,0.0,0.0,0.0,0.0,0.11382780618579517,0.0,0.0,557.782253688491,1.7087013851116581,555.7851097387977,-1.9971439496932817,-2.55351295663786e-14,3.8740994930267334,provided,explicit_hourly,1.7087013851116593,2.3792789320461467,0.0,557.782253688491,555.7851097387977,0.9999999883191224,0.9999999883191221,0.5431488450801907,4.087980317157806,0.9999999883191224,1.7087013851116593,atmospheric,,,,,6.661338147750939e-16,1.0,113.36877802785679,113.36877556495445,1.3710708866248633,156.27523569131472,2039.2994803005722,0.0,489.8091940615047,1504.0282075790549,45.462078660012544,407.00805425739674,0.0,0.0,0.0,0.0,0.0,1.5631940186722204e-13,728.384066830937,"[0.06457236414070117, 0.13469668019146855, 0.19429066147159035, 0.24679188533425864, 0.31334422791886324, 0.31791335422365924, 0.32543207199325347, 0.3271020689450761]","[0.06457236414070117, 0.13469668019146855, 0.19429066147159035, 0.24679188533425864, 0.31334422791886324, 0.31791335422365924, 0.32543207199325347, 0.3271020689450761]",[],1.0,"{'input_timing_assumptions': [], 'bottom_boundary': 'free_drainage', 'substeps': 24, 'precipitation_timing': 'explicit_hourly', 'plant_water_stress_method': 'compensated_layer_depletion', 'root_zone_stress_factor': 0.9999999883191221, 'root_zone_depletion_fraction': 0.5431488450801907, 'readily_available_water_adjustment': 'none', 'potential_et_demand_mm': 4.087980317157806, 'surface_wetness': [0.050414400724264605]}",1.883316143507512,2015-10-21,True,-6.441119929340432,50.0,[],[]
2016-03-27,wheat,25,BBCH25,0.22722762549268258,1.0,0.8357306934378763,364.4938961299611,0.41781292811850307,0.0,0.0,0.0,0.2073166240710127,2.045392610282508,0.0,0.0,0.0,0.0,0.11330895093013724,0.0,0.0,555.7851097387977,2.3130582925135585,553.419091553514,-2.3660181852836786,2.042810365310288e-14,5.027244567871094,provided,explicit_hourly,2.313058292513558,2.939636130244742,0.0,555.7851097387977,553.419091553514,0.8842806153665143,0.9999999880664134,0.5431488450801907,5.2526944227582995,0.8842806153665143,2.313058292513558,atmospheric,,,,,0.0,1.0,154.1096492025368,122.60138069979068,1.4810883179816197,155.41515727776783,2161.900861000363,0.0,529.5350582026891,1582.0165398594256,50.349262938247996,428.11263142972655,0.0,0.0,0.0,0.0,0.0,7.105427357601002e-14,746.2658962210348,"[0.06377485055278095, 0.13372527409768437, 0.19263105817929385, 0.24316488279158827, 0.3104222383201963, 0.31779116904368165, 0.3253370491460836, 0.3269999689450069]","[0.06377485055278095, 0.13372527409768437, 0.19263105817929385, 0.24316488279158827, 0.3104222383201963, 0.31779116904368165, 0.3253370491460836, 0.3269999689450069]",[],1.0,"{'input_timing_assumptions': [], 'bottom_boundary': 'free_drainage', 'substeps': 24, 'precipitation_timing': 'explicit_hourly', 'plant_water_stress_method': 'compensated_layer_depletion', 'root_zone_stress_factor': 0.9999999880664134, 'root_zone_depletion_fraction': 0.5431488450801907, 'readily_available_water_adjustment': 'none', 'potential_et_demand_mm': 5.2526944227582995, 'surface_wetness': [0.04798830332119642]}",2.252709234353521,2015-10-21,True,-6.492763585929884,50.0,[],[]
2016-03-28,wheat,25,BBCH25,0.23587677402425083,1.0,0.8397320639859491,378.36792152472793,0.434686115771046,0.0,0.0,0.0,0.20631038982347272,2.1473361959435566,0.0,0.0,0.0,0.0,0.11279246392833782,0.0,0.0,553.419091553514,2.704086538594549,550.9526525038187,-2.466439049695282,-8.526512829121202e-14,5.592557907104492,provided,explicit_hourly,2.7040865385945487,3.0680446370864836,0.0,553.419091553514,550.9526525038187,0.794107793998204,0.9999999878891825,0.5431488450801907,5.772131175681032,0.794107793998204,2.7040865385945487,atmospheric,,,,,0.0,1.0,154.37632001845157,100.54751704645018,1.5618079077330047,160.78130594236399,2262.448378046813,0.0,558.7523499919076,1645.976122733831,57.71990532107407,445.42086092013534,0.0,0.0,0.0,0.0,0.0,-4.263256414560601e-14,768.5814082738244,"[0.06305534096921378, 0.13266447633495643, 0.19084006711378543, 0.23967396937892166, 0.3070356600389408, 0.31766164903719246, 0.3252411604709135, 0.32689785931579335]","[0.06305534096921378, 0.13266447633495643, 0.19084006711378543, 0.23967396937892166, 0.3070356600389408, 0.31766164903719246, 0.3252411604709135, 0.32689785931579335]",[],1.0,"{'input_timing_assumptions': [], 'bottom_boundary': 'free_drainage', 'substeps': 24, 'precipitation_timing': 'explicit_hourly', 'plant_water_stress_method': 'compensated_layer_depletion', 'root_zone_stress_factor': 0.9999999878891825, 'root_zone_depletion_fraction': 0.5431488450801907, 'readily_available_water_adjustment': 'none', 'potential_et_demand_mm': 5.772131175681032, 'surface_wetness': [0.04579950007243012]}",2.3536465857670295,2015-10-21,True,-6.572514944721905,50.0,[],[]
2016-03-29,wheat,25,BBCH25,0.24451004261240544,1.0,0.8437227418889061,392.2164740376979,0.45152832404288434,0.0,0.0,0.0,0.1714470972674835,2.1882111418559314,0.0,0.0,0.0,0.0,0.11227800416488032,0.0,0.0,550.9526525038187,2.5219953026739925,548.4807162605305,-2.471936243288269,-2.6201263381153694e-14,5.046353340148926,provided,explicit_hourly,2.5219953026739916,2.6417779949788227,0.0,550.9526525038187,548.4807162605305,0.8676507603070631,0.9999999877354887,0.5431488450801907,5.163773297652814,0.8676507603070631,2.5219953026739916,atmospheric,,,,,0.0,1.0,183.7841359677047,141.13632025004298,1.685090101769996,162.25401136901158,2403.584698296856,0.0,603.3830076479751,1735.7547710464596,64.44691960242108,469.7160388825216,0.0,0.0,0.0,0.0,0.0,-8.526512829121202e-14,790.8559487711653,"[0.06268271638721414, 0.13161496186589766, 0.18925822339442008, 0.23630376099371858, 0.30323193777379187, 0.3175243105085382, 0.32514412675279897, 0.32679566572198987]","[0.06268271638721414, 0.13161496186589766, 0.18925822339442008, 0.23630376099371858, 0.30323193777379187, 0.3175243105085382, 0.32514412675279897, 0.32679566572198987]",[],1.0,"{'input_timing_assumptions': [], 'bottom_boundary': 'free_drainage', 'substeps': 24, 'precipitation_timing': 'explicit_hourly', 'plant_water_stress_method': 'compensated_layer_depletion', 'root_zone_stress_factor': 0.9999999877354887, 'root_zone_depletion_fraction': 0.5431488450801907, 'readily_available_water_adjustment': 'none', 'potential_et_demand_mm': 5.163773297652814, 'surface_wetness': [0.04466594756072153]}",2.359658239123415,2015-10-21,True,-6.644465903078624,50.0,[],[]
2016-03-30,wheat,25,BBCH25,0.2532151392802462,1.0,0.847702113778569,406.1802453607028,0.46851065809275083,0.0,0.0,0.0,0.15371305857942524,2.2467113605094924,0.0,0.0,0.0,0.0,0.11176515577691452,0.0,0.0,548.4807162605305,2.597779167770106,545.9685266856646,-2.512189574865829,-3.1086244689504383e-15,4.965529441833496,provided,explicit_hourly,2.597779167770106,2.42008473960154,0.0,548.4807162605305,545.9685266856646,0.864858486966017,0.9999999876133404,0.5431488450801907,5.0178639073716464,0.864858486966017,2.597779167770106,atmospheric,,,,,0.0,1.0,186.6704065053665,142.495987800151,1.8079285985351008,164.56078535466415,2546.080686097007,0.0,647.9105462689512,1826.3983215656,71.77181826245555,494.2452697452601,0.0,0.0,0.0,0.0,0.0,-5.684341886080802e-14,813.3158116007698,"[0.0624226931559843, 0.13063262698853634, 0.18772786261527993, 0.2330428462292531, 0.2990530039449155, 0.31737872957374386, 0.3250456782122113, 0.326693298684346]","[0.0624226931559843, 0.13063262698853634, 0.18772786261527993, 0.2330428462292531, 0.2990530039449155, 0.31737872957374386, 0.3250456782122113, 0.326693298684346]",[],1.0,"{'input_timing_assumptions': [], 'bottom_boundary': 'free_drainage', 'substeps': 24, 'precipitation_timing': 'explicit_hourly', 'plant_water_stress_method': 'compensated_layer_depletion', 'root_zone_stress_factor': 0.9999999876133404, 'root_zone_depletion_fraction': 0.5431488450801907, 'readily_available_water_adjustment': 'none', 'potential_et_demand_mm': 5.0178639073716464, 'surface_wetness': [0.04387493698036359]}",2.4004244190889175,2015-10-21,True,-6.681728361278587,50.0,[],[]
2016-03-31,wheat,25,BBCH25,0.2630626517987222,1.0,0.8516695614083594,421.9765562065575,0.4877216736081571,0.0,0.0,0.0,0.17289612601418,2.3622867358863484,0.0,0.0,0.0,0.0,0.11125343943455157,0.0,0.0,545.9685266856646,3.3547846805947787,543.3220903843294,-2.6464363013352568,1.7674750552032492e-13,6.157047271728516,provided,explicit_hourly,3.354784680594778,2.794445298384183,0.0,545.9685266856646,543.3220903843294,0.7041545019418451,0.9999999875490154,0.5431488450801907,6.149229978978961,0.7041545019418451,3.354784680594778,atmospheric,,,,,0.0,1.0,193.40947254076798,100.73091439602719,1.8779723266283381,173.24400181888652,2646.811600493034,0.0,673.4109818343408,1890.4745658785353,82.92605278015799,511.585069218774,0.0,0.0,0.0,0.0,0.0,-2.4158453015843406e-13,838.7232009517539,"[0.06193793880498614, 0.12967746999971247, 0.18592734237191952, 0.22988266839689425, 0.29447876821279256, 0.3172243116428246, 0.3249455500720608, 0.3265906555141216]","[0.06193793880498614, 0.12967746999971247, 0.18592734237191952, 0.22988266839689425, 0.29447876821279256, 0.3172243116428246, 0.3249455500720608, 0.3265906555141216]",[],1.0,"{'input_timing_assumptions': [], 'bottom_boundary': 'free_drainage', 'substeps': 24, 'precipitation_timing': 'explicit_hourly', 'plant_water_stress_method': 'compensated_layer_depletion', 'root_zone_stress_factor': 0.9999999875490154, 'root_zone_depletion_fraction': 0.5431488450801907, 'readily_available_water_adjustment': 'none', 'potential_et_demand_mm': 6.149229978978961, 'surface_wetness': [0.04240027712516334]}",2.5351828619005286,2015-10-21,True,-6.707730684401571,50.0,[],[]
2016-04-01,wheat,31,BBCH31,0.2738185845180239,1.0,0.8556244608221601,439.23005614904696,0.5087048802774033,0.1305527083591877,0.0,0.0,0.14933817433935845,2.349748144148179,0.08662465734686216,0.0,0.0,0.0,0.11074232157082359,0.0,0.0,543.3220903843294,3.0232902547167146,540.7561897952834,-2.5659005890460094,-2.6201263381153694e-14,5.587630271911621,provided,explicit_hourly,3.109914912063577,2.435047378003668,0.0,543.3220903843294,540.7561897952834,0.7772155321449123,0.9999999875457932,0.5431488450801907,5.544962290067245,0.7772155321449123,3.109914912063577,atmospheric,,,,,0.027854349651445176,1.0,171.88527676149832,107.5627939834187,1.9461264588810994,183.60077205336708,2754.374394476453,0.0,698.339986485225,1962.1583828091668,93.87602518206086,530.9835689966754,0.0,0.0,0.0,0.0,0.0,2.4158453015843406e-13,866.4743888704854,"[0.06203065161759704, 0.1288147660723213, 0.18440148198778797, 0.22688043563683513, 0.28962794514616785, 0.3170602818886568, 0.3248434692404937, 0.3264876213388207]","[0.06203065161759704, 0.1288147660723213, 0.18440148198778797, 0.22688043563683513, 0.28962794514616785, 0.3170602818886568, 0.3248434692404937, 0.3264876213388207]",[],1.0,"{'input_timing_assumptions': [], 'bottom_boundary': 'free_drainage', 'substeps': 24, 'precipitation_timing': 'explicit_hourly', 'plant_water_stress_method': 'compensated_layer_depletion', 'root_zone_stress_factor': 0.9999999875457932, 'root_zone_depletion_fraction': 0.5431488450801907, 'readily_available_water_adjustment': 'none', 'potential_et_demand_mm': 5.544962290067245, 'surface_wetness': [0.04268231660049446]}",2.5857109758343997,2015-10-21,True,-6.756206119501387,50.0,[],[]
2016-04-02,wheat,31,BBCH31,0.28145084591592356,1.0,0.8595661815417182,451.4729015652718,0.5235942741073264,0.0,0.0,0.0,0.11873535412840515,2.3841692116731843,0.0,0.0,0.0,0.0,0.110231218530484,0.0,0.0,540.7561897952834,2.6413342083798077,538.1430540109512,-2.613135784332144,7.061018436615996e-14,4.654246807098389,provided,explicit_hourly,2.641334208379809,1.949672942714797,0.0,540.7561897952834,538.1430540109512,0.9026382212857614,0.9999999874669603,0.5431488450801907,4.591007151094606,0.9026382212857614,2.641334208379809,atmospheric,,,,,5.551115123125783e-16,1.0,112.10965324301884,92.66273955992017,2.011264928528781,189.5178782719932,2847.0371340363727,0.0,722.2506792912177,2023.9122533894351,100.87420135572006,547.6949063114159,0.0,0.0,0.0,0.0,0.0,-3.410605131648481e-13,886.1662487793808,"[0.06189331661171958, 0.1280283720324238, 0.183123140818331, 0.22390568353183313, 0.28449479247060544, 0.3168854614699718, 0.32473914501997014, 0.32638406927702973]","[0.06189331661171958, 0.1280283720324238, 0.183123140818331, 0.22390568353183313, 0.28449479247060544, 0.3168854614699718, 0.32473914501997014, 0.32638406927702973]",[],1.0,"{'input_timing_assumptions': [], 'bottom_boundary': 'free_drainage', 'substeps': 24, 'precipitation_timing': 'explicit_hourly', 'plant_water_stress_method': 'compensated_layer_depletion', 'root_zone_stress_factor': 0.9999999874669603, 'root_zone_depletion_fraction': 0.5431488450801907, 'readily_available_water_adjustment': 'none', 'potential_et_demand_mm': 4.591007151094606, 'surface_wetness': [0.04226453299635731]}",2.5029045658015896,2015-10-21,True,-6.746934838240297,50.0,[],[]
2016-04-03,wheat,31,BBCH31,0.288954157393909,1.0,0.8634940857736781,463.50889951471856,0.5382321060420466,0.22484076830235333,0.0,0.0,0.09801904824238346,2.0955015816794504,0.15481531485103983,0.0,0.0,0.0,0.10971947054333835,0.0,0.0,538.1430540109512,2.0955016080528956,535.9098393639375,-2.2332146470137104,-1.4832579608992091e-13,3.8652377128601074,provided,explicit_hourly,2.232442435971818,1.5591244503084465,0.0,538.1430540109512,535.9098393639375,0.9999999874142568,0.9999999874197995,0.5431488450801907,3.7915668862802647,0.9999999874142568,2.232442435971818,atmospheric,,,,,0.0613412582167252,1.0,194.7447619765005,194.74475741799057,2.173396566397269,186.87758499784235,3041.781891454363,0.0,781.8341077713561,2153.697349350251,106.25043433275619,582.8163083652033,0.0,0.0,0.0,0.0,0.0,-5.684341886080802e-14,905.5254073268013,"[0.0624709846100604, 0.12741960077075884, 0.1821284479367341, 0.22120403308134284, 0.28014890093571676, 0.3166569385077394, 0.32463124635087515, 0.3262798357001265]","[0.0624709846100604, 0.12741960077075884, 0.1821284479367341, 0.22120403308134284, 0.28014890093571676, 0.3166569385077394, 0.32463124635087515, 0.3262798357001265]",[],1.0,"{'input_timing_assumptions': [], 'bottom_boundary': 'free_drainage', 'substeps': 24, 'precipitation_timing': 'explicit_hourly', 'plant_water_stress_method': 'compensated_layer_depletion', 'root_zone_stress_factor': 0.9999999874197995, 'root_zone_depletion_fraction': 0.5431488450801907, 'readily_available_water_adjustment': 'none', 'potential_et_demand_mm': 3.7915668862802647, 'surface_wetness': [0.04402184328152134]}",2.3483359447728738,2015-10-21,True,-6.760668338828043,50.0,[],[]
2016-04-04,wheat,32,BBCH32,0.2964945934358227,1.0,0.867407527637381,475.6044486605437,0.5529423624161661,0.0,0.0,0.0,0.09486633585607412,2.4350233933153898,0.0,0.0,0.0,0.0,0.10920585943791045,0.0,0.0,535.9098393639375,2.476153906553492,533.2707437753282,-2.6390955886092797,-9.459100169806334e-14,4.1199469566345215,provided,explicit_hourly,2.476153906553492,1.5127136671592651,0.0,535.9098393639375,533.2707437753282,0.9833893551086448,0.9999999873778396,0.5431488450801907,3.9888675737127572,0.9833893551086448,2.476153906553492,atmospheric,,,,,0.0,1.0,179.0105028590399,173.51979605142435,2.31103546959637,187.37740180027885,3215.301687505788,0.0,832.6925332880018,2270.2143141052675,112.39484011251852,614.3471951357723,0.0,0.0,0.0,0.0,0.0,3.410605131648481e-13,924.9803502917017,"[0.062314766607758934, 0.1268612529338272, 0.18103060536048118, 0.21841486644678398, 0.2752442517345905, 0.31615043925722797, 0.3245117691264653, 0.3261744809210762]","[0.062314766607758934, 0.1268612529338272, 0.18103060536048118, 0.21841486644678398, 0.2752442517345905, 0.31615043925722797, 0.3245117691264653, 0.3261744809210762]",[],1.0,"{'input_timing_assumptions': [], 'bottom_boundary': 'free_drainage', 'substeps': 24, 'precipitation_timing': 'explicit_hourly', 'plant_water_stress_method': 'compensated_layer_depletion', 'root_zone_stress_factor': 0.9999999873778396, 'root_zone_depletion_fraction': 0.5431488450801907, 'readily_available_water_adjustment': 'none', 'potential_et_demand_mm': 3.9888675737127572, 'surface_wetness': [0.04354661615632031]}",2.529889729171464,2015-10-21,True,-6.702901538993961,50.0,[],[]
2016-04-05,wheat,32,BBCH32,0.30570487288474285,1.0,0.8713058524146017,490.3785793742,0.5709102320748702,0.0,0.0,0.0,0.09761642752220494,2.5273914332854988,0.0,0.0,0.0,0.0,0.10868648586603916,0.0,0.0,533.2707437753282,2.8797457832098234,530.5370494286545,-2.733694346673701,-4.1744385725905886e-14,4.650290489196777,provided,explicit_hourly,2.8797457832098226,1.57643190360445,0.0,533.2707437753282,530.5370494286545,0.8776439392745344,0.9999999873966552,0.5431488450801907,4.456177686814272,0.8776439392745344,2.8797457832098226,atmospheric,,,,,0.0,1.0,217.4662448331925,170.59740534693432,2.4344050421290584,191.6354955583009,3385.899092852722,0.0,878.6771334071713,2384.768920083568,122.45303936198275,645.3470441083523,0.0,0.0,0.0,0.0,0.0,-3.126388037344441e-13,948.743626098768,"[0.062109526096091855, 0.12630864853015442, 0.17984240452787373, 0.2157214504621578, 0.2706002202037559, 0.31534635359352575, 0.3243674683423725, 0.3260667317841007]","[0.062109526096091855, 0.12630864853015442, 0.17984240452787373, 0.2157214504621578, 0.2706002202037559, 0.31534635359352575, 0.3243674683423725, 0.3260667317841007]",[],1.0,"{'input_timing_assumptions': [], 'bottom_boundary': 'free_drainage', 'substeps': 24, 'precipitation_timing': 'explicit_hourly', 'plant_water_stress_method': 'compensated_layer_depletion', 'root_zone_stress_factor': 0.9999999873966552, 'root_zone_depletion_fraction': 0.5431488450801907, 'readily_available_water_adjustment': 'none', 'potential_et_demand_mm': 4.456177686814272, 'surface_wetness': [0.04292225880379114]}",2.625007860807704,2015-10-21,True,-6.718523339224108,50.0,[],[]
2016-04-06,wheat,32,BBCH32,0.31531599839509916,1.0,0.8751883958224564,505.79570383636906,0.5896600920982568,0.0,0.0,0.0,0.07509647610872612,2.4571249446526506,0.0,0.0,0.0,0.0,0.10815339508085177,0.0,0.0,530.5370494286545,2.4571249755172215,527.8966746128124,-2.640374815842165,-6.350475700855895e-14,3.8730106353759766,provided,explicit_hourly,2.4571249755172224,1.2222728415869888,0.0,530.5370494286545,527.8966746128124,0.999999987438746,0.9999999874387454,0.5431488450801907,3.679397817104211,0.999999987438746,2.4571249755172224,atmospheric,,,,,3.3306690738754696e-16,1.0,166.3809217833795,166.38091789637735,2.558228254357493,197.25171940193596,3552.2800107490993,0.0,925.0768494770284,2496.4921930909554,130.7109681811155,675.5807004539329,0.0,0.0,0.0,0.0,0.0,1.1368683772161603e-13,973.5411175956958,"[0.062095611973765986, 0.12577596539182243, 0.17886513344600236, 0.213124292241302, 0.26619884830550145, 0.314469581566843, 0.3241923706127279, 0.32595461531880526]","[0.062095611973765986, 0.12577596539182243, 0.17886513344600236, 0.213124292241302, 0.26619884830550145, 0.314469581566843, 0.3241923706127279, 0.32595461531880526]",[],1.0,"{'input_timing_assumptions': [], 'bottom_boundary': 'free_drainage', 'substeps': 24, 'precipitation_timing': 'explicit_hourly', 'plant_water_stress_method': 'compensated_layer_depletion', 'root_zone_stress_factor': 0.9999999874387454, 'root_zone_depletion_fraction': 0.5431488450801907, 'readily_available_water_adjustment': 'none', 'potential_et_demand_mm': 3.679397817104211, 'surface_wetness': [0.04287993097821918]}",2.5322214207613767,2015-10-21,True,-6.739047390390816,50.0,[],[]
2016-04-07,wheat,33,BBCH33,0.3254563285989641,1.0,0.8790544833107562,522.061721034045,0.6094423508679,0.0,0.0,0.0,0.0775936306845547,2.6903675753038443,0.0,0.0,0.0,0.0,0.10759677714465594,0.0,0.0,527.8966746128124,2.7985159952782688,525.0211166296792,-2.875557983133149,9.370282327836321e-14,4.314791679382324,provided,explicit_hourly,2.7985159952782688,1.2673290124002365,0.0,527.8966746128124,525.0211166296792,0.9613550824233646,0.9999999875073133,0.5431488450801907,4.065845007678505,0.9613550824233646,2.7985159952782688,atmospheric,,,,,0.0,1.0,249.6405402413022,231.99657533402387,2.730720218296512,199.9387490165945,3784.2765860831228,0.0,990.1022163209584,2653.4482907081183,140.7260790540464,718.0549011192404,0.0,0.0,0.0,0.0,0.0,-4.547473508864641e-13,999.7040005728695,"[0.062015294488589834, 0.1252725994257531, 0.17782574247855745, 0.21062278381416777, 0.26201945202722426, 0.3130595189416397, 0.32397310806401286, 0.32583585093833284]","[0.062015294488589834, 0.1252725994257531, 0.17782574247855745, 0.21062278381416777, 0.26201945202722426, 0.3130595189416397, 0.32397310806401286, 0.32583585093833284]",[],1.0,"{'input_timing_assumptions': [], 'bottom_boundary': 'free_drainage', 'substeps': 24, 'precipitation_timing': 'explicit_hourly', 'plant_water_stress_method': 'compensated_layer_depletion', 'root_zone_stress_factor': 0.9999999875073133, 'root_zone_depletion_fraction': 0.5431488450801907, 'readily_available_water_adjustment': 'none', 'potential_et_demand_mm': 4.065845007678505, 'surface_wetness': [0.04263559903810142]}",2.767961205988399,2015-10-21,True,-6.740438802623403,50.0,[],[]
2016-04-08,wheat,33,BBCH33,0.33544965542795085,1.0,0.8829034293851366,538.091931371805,0.6289378281675726,0.0072529277918560574,0.0,0.0,0.08739584341171439,2.6701295001195504,0.005764697792247998,0.0,0.0,0.0,0.10700354421976138,0.0,0.0,525.0211166296792,3.608784140954653,522.1580759719277,-2.863040657751526,1.0791367799356522e-13,5.4215779304504395,provided,explicit_hourly,3.6145488387468996,1.4408079978928299,0.0,525.0211166296792,522.1580759719277,0.7398972606361558,0.9999999874880182,0.5431488450801907,5.05535683663973,0.7398972606361558,3.6145488387468996,atmospheric,,,,,0.0015948595659991405,1.0,262.71178056708465,150.02299223988683,2.8153631282204357,208.12706233096196,3934.29957832301,0.0,1022.6628484122634,2754.945579540594,156.69115037015274,745.5212836192079,0.0,0.0,0.0,0.0,0.0,2.8421709430404007e-13,1025.4876027951896,"[0.06182891267531673, 0.12477834593079314, 0.1765923720896375, 0.20869283394076651, 0.2580435444083988, 0.3113712013788436, 0.3236939269251923, 0.3257070517462646]","[0.06182891267531673, 0.12477834593079314, 0.1765923720896375, 0.20869283394076651, 0.2580435444083988, 0.3113712013788436, 0.3236939269251923, 0.3257070517462646]",[],1.0,"{'input_timing_assumptions': [], 'bottom_boundary': 'free_drainage', 'substeps': 24, 'precipitation_timing': 'explicit_hourly', 'plant_water_stress_method': 'compensated_layer_depletion', 'root_zone_stress_factor': 0.9999999874880182, 'root_zone_depletion_fraction': 0.5431488450801907, 'readily_available_water_adjustment': 'none', 'potential_et_demand_mm': 5.05535683663973, 'surface_wetness': [0.042068611290168194]}",2.763290041323513,2015-10-21,True,-6.7484705511410175,50.0,[],[]
2016-04-09,wheat,34,BBCH34,0.34616600318882096,1.0,0.886734536957351,555.2819334200767,0.6498438105378723,0.0,0.0,0.0,0.08596259508708691,2.8035139085301237,0.0,0.0,0.0,0.0,0.10635682206391471,0.0,0.0,522.1580759719277,3.8342098873577486,519.1622426462465,-2.9958333256812466,1.212363542890671e-13,5.680795192718506,provided,explicit_hourly,3.8342098873577477,1.437370633579966,0.0,522.1580759719277,519.1622426462465,0.7311842572243995,0.9999999873447162,0.5431488450801907,5.271580520937714,0.7311842572243995,3.8342098873577477,atmospheric,,,,,0.0,1.0,262.99846663457254,146.91404754982727,2.8907689087748274,217.81385350569676,4081.2136258728374,0.0,1052.0669927700822,2855.0820292812064,174.06460382154864,772.6194067553248,0.0,0.0,0.0,0.0,0.0,2.2737367544323206e-13,1053.1366582769806,"[0.06163122386143829, 0.12428038809353538, 0.17536972493898065, 0.20675338546778407, 0.25425429665987964, 0.30940026392974485, 0.32334630909218354, 0.32556436823397117]","[0.06163122386143829, 0.12428038809353538, 0.17536972493898065, 0.20675338546778407, 0.25425429665987964, 0.30940026392974485, 0.32334630909218354, 0.32556436823397117]",[],1.0,"{'input_timing_assumptions': [], 'bottom_boundary': 'free_drainage', 'substeps': 24, 'precipitation_timing': 'explicit_hourly', 'plant_water_stress_method': 'compensated_layer_depletion', 'root_zone_stress_factor': 0.9999999873447162, 'root_zone_depletion_fraction': 0.5431488450801907, 'readily_available_water_adjustment': 'none', 'potential_et_demand_mm': 5.271580520937714, 'surface_wetness': [0.04146722678057397]}",2.8894765036172108,2015-10-21,True,-6.767108732468328,50.0,[],[]
2016-04-10,wheat,34,BBCH34,0.35327935631647556,1.0,0.8905470967241687,566.6924025055382,0.6637208923943863,0.0,0.0,0.0,0.07255115798059772,2.7617500769434096,0.0,0.0,0.0,0.0,0.10563894651887741,0.0,0.0,519.1622426462465,3.4513140121857218,516.2223024648036,-2.9399401814428074,-7.72715225139109e-14,5.060912132263184,provided,explicit_hourly,3.4513140121857204,1.22572885603458,0.0,519.1622426462465,516.2223024648036,0.8002024930772351,0.9999999871205915,0.5431488450801907,4.6770428682203,0.8002024930772351,3.4513140121857204,atmospheric,,,,,0.0,1.0,235.2440879127708,155.4121297645129,2.986440036260177,220.60316356868373,4236.625755637349,0.0,1089.1304241481537,2961.010762311093,186.48456917810336,801.2849911527366,0.0,0.0,0.0,0.0,0.0,-9.379164112033322e-13,1071.4896923214937,"[0.061547724297886575, 0.12379017664079184, 0.17431782991653885, 0.20509115966426864, 0.2506363867715961, 0.3072761062184713, 0.322925525170348, 0.32540384526176375]","[0.061547724297886575, 0.12379017664079184, 0.17431782991653885, 0.20509115966426864, 0.2506363867715961, 0.3072761062184713, 0.322925525170348, 0.32540384526176375]",[],1.0,"{'input_timing_assumptions': [], 'bottom_boundary': 'free_drainage', 'substeps': 24, 'precipitation_timing': 'explicit_hourly', 'plant_water_stress_method': 'compensated_layer_depletion', 'root_zone_stress_factor': 0.9999999871205915, 'root_zone_depletion_fraction': 0.5431488450801907, 'readily_available_water_adjustment': 'none', 'potential_et_demand_mm': 4.6770428682203, 'surface_wetness': [0.041213214714374044]}",2.8343012349240073,2015-10-21,True,-6.786877613856173,50.0,[],[]
2016-04-11,wheat,34,BBCH34,0.36015613355636666,1.0,0.894340386576377,577.7233822270882,0.6771364502831094,0.0,0.0,0.0,0.04911796691367403,2.4988451445252426,0.0,0.0,0.0,0.0,0.10483348214148999,0.0,0.0,516.2223024648036,2.4988451771417606,513.5695058712233,-2.6527965935803195,-8.704148513061227e-14,3.619302272796631,provided,explicit_hourly,2.4988451771417606,0.8292620518988941,0.0,516.2223024648036,513.5695058712233,0.9999999869473635,0.9999999869473635,0.5431488450801907,3.3281072290406546,0.9999999869473635,2.4988451771417606,atmospheric,,,,,0.0,1.0,197.43393862307298,197.43393383017363,3.1309594859702976,220.7212678952247,4434.059689467524,0.0,1144.816575559633,3095.581509777371,193.6616041305192,837.7014478456438,0.0,0.0,0.0,0.0,0.0,6.536993168992922e-13,1089.2323411869902,"[0.061655675596745486, 0.12333445437775983, 0.17356674578401526, 0.20394182240831366, 0.2471793192924929, 0.3052401422721415, 0.32243770032373076, 0.3252220037664753]","[0.061655675596745486, 0.12333445437775983, 0.17356674578401526, 0.20394182240831366, 0.2471793192924929, 0.3052401422721415, 0.32243770032373076, 0.3252220037664753]",[],1.0,"{'input_timing_assumptions': [], 'bottom_boundary': 'free_drainage', 'substeps': 24, 'precipitation_timing': 'explicit_hourly', 'plant_water_stress_method': 'compensated_layer_depletion', 'root_zone_stress_factor': 0.9999999869473635, 'root_zone_depletion_fraction': 0.5431488450801907, 'readily_available_water_adjustment': 'none', 'potential_et_demand_mm': 3.3281072290406546, 'surface_wetness': [0.041541610831739816]}",2.5479631114389165,2015-10-21,True,-6.795227570211344,50.0,[],[]
2016-04-12,wheat,34,BBCH34,0.3688296304850421,1.0,0.8981136710394445,591.6364646779981,0.6940571379955633,1.827620175793558,0.0,0.0,0.053527729587775894,1.213448494872583,1.1698346893100138,0.0,0.0,0.0,0.10392929924077378,0.0,0.0,513.5695058712233,1.2134485106997597,512.8563858340057,-0.7131200372176636,7.505107646466058e-14,3.1417343616485596,provided,explicit_hourly,2.2066069031472377,0.6619623342079787,0.0,513.5695058712233,512.8563858340057,0.9999999869568618,0.9999999869719652,0.5431488450801907,2.8685692373552163,0.9999999869568618,2.2066069031472377,atmospheric,,,,,0.45008396875354495,1.0,181.19419848382293,181.1941940883598,3.254957571058113,225.3352130828693,4615.253883555883,0.0,1193.041956716922,3219.083268882239,203.12865795672246,871.1225036591836,0.0,0.0,0.0,0.0,0.0,-8.810729923425242e-13,1111.6106740997902,"[0.06794642555448062, 0.12322519224845072, 0.17317310323098145, 0.20341384931757003, 0.2454795446837011, 0.30433099486508713, 0.32192800427322604, 0.32501723119588205]","[0.06794642555448062, 0.12322519224845072, 0.17317310323098145, 0.20341384931757003, 0.2454795446837011, 0.30433099486508713, 0.32192800427322604, 0.32501723119588205]",[],1.0,"{'input_timing_assumptions': [], 'bottom_boundary': 'free_drainage', 'substeps': 24, 'precipitation_timing': 'explicit_hourly', 'plant_water_stress_method': 'compensated_layer_depletion', 'root_zone_stress_factor': 0.9999999869719652, 'root_zone_depletion_fraction': 0.5431488450801907, 'readily_available_water_adjustment': 'none', 'potential_et_demand_mm': 2.8685692373552163, 'surface_wetness': [0.06067855390955415]}",2.4368109137703726,2015-10-21,True,-6.784432440325452,50.0,[],[]
2016-04-13,wheat,37,BBCH37,0.37936421694805544,1.0,0.9018662007474549,608.5349049785386,0.714608531416961,0.009669947877121879,0.0,0.0,0.08804598276163826,3.031456871667769,0.00820598431191776,0.0,0.0,0.0,0.10292906281803753,0.0,0.0,512.8563858340057,3.742353880008168,509.6354178803235,-3.220967953682191,-4.973799150320701e-14,5.268953323364258,provided,explicit_hourly,3.7505598643200844,1.0331281406814623,0.0,512.8563858340057,509.6354178803235,0.8100401428795805,0.9999999870031159,0.5431488450801907,4.7836880050015465,0.8100401428795805,3.7505598643200844,atmospheric,,,,,0.0021879358305892938,1.0,282.89473570293154,191.1879977872444,3.3567707474126345,233.19167181734161,4806.4418813431275,0.0,1233.4859439034244,3352.2955778027863,220.6603596369173,907.1713506047868,0.0,0.0,0.0,0.0,0.0,5.684341886080801e-13,1138.7907705368557,"[0.06722789737553422, 0.12320772268871959, 0.17218057047917742, 0.20180850872833975, 0.24224407207166038, 0.30160387415343176, 0.32136784018840503, 0.32479036278038587]","[0.06722789737553422, 0.12320772268871959, 0.17218057047917742, 0.20180850872833975, 0.24224407207166038, 0.30160387415343176, 0.32136784018840503, 0.32479036278038587]",[],1.0,"{'input_timing_assumptions': [], 'bottom_boundary': 'free_drainage', 'substeps': 24, 'precipitation_timing': 'explicit_hourly', 'plant_water_stress_method': 'compensated_layer_depletion', 'root_zone_stress_factor': 0.9999999870031159, 'root_zone_depletion_fraction': 0.5431488450801907, 'readily_available_water_adjustment': 'none', 'potential_et_demand_mm': 4.7836880050015465, 'surface_wetness': [0.05849273616879413]}",3.127708838741325,2015-10-21,True,-6.155357444551939,50.0,[],[]
2016-04-14,wheat,37,BBCH37,0.3897344069573005,1.0,0.9055972119519836,625.1696383296534,0.7348392120879971,0.0,0.0,0.0,0.09744548838271327,3.240535129486297,0.0,0.0,0.0,0.0,0.10183025940781033,0.0,0.0,509.6354178803235,4.629406991683449,506.19560700304675,-3.4398108772767273,-9.370282327836321e-14,6.437739372253418,provided,explicit_hourly,4.629406991683451,1.1899190792280243,0.0,509.6354178803235,506.19560700304675,0.6999892503095524,0.9999999869368921,0.5431488450801907,5.819326070911476,0.6999892503095524,4.629406991683451,atmospheric,,,,,5.551115123125783e-16,1.0,286.9746470570206,147.8211212964185,3.4139041368559218,243.08994641986786,4954.263002639546,0.0,1257.0639998298202,3455.292234028241,241.90676878148497,935.0434798867351,0.0,0.0,0.0,0.0,0.0,3.126388037344441e-13,1165.5467106500803,"[0.06642355171245617, 0.12315487934503777, 0.1710436960106767, 0.1999281389325341, 0.2391334545383429, 0.2986918709476792, 0.32070997701981285, 0.32453793635057704]","[0.06642355171245617, 0.12315487934503777, 0.1710436960106767, 0.1999281389325341, 0.2391334545383429, 0.2986918709476792, 0.32070997701981285, 0.32453793635057704]",[],1.0,"{'input_timing_assumptions': [], 'bottom_boundary': 'free_drainage', 'substeps': 24, 'precipitation_timing': 'explicit_hourly', 'plant_water_stress_method': 'compensated_layer_depletion', 'root_zone_stress_factor': 0.9999999869368921, 'root_zone_depletion_fraction': 0.5431488450801907, 'readily_available_water_adjustment': 'none', 'potential_et_demand_mm': 5.819326070911476, 'surface_wetness': [0.05604585506993809]}",3.3379806178690106,2015-10-21,True,-6.227210262446579,50.0,[],[]
2016-04-15,wheat,39,BBCH39,0.40064976942338903,1.0,0.9093059260676354,642.6788781692585,0.7561334422094494,0.0,0.0,0.0,0.07882411456875343,3.2171640772042855,0.0,0.0,0.0,0.0,0.10061817240319322,0.0,0.0,506.19560700304675,4.042307762705298,502.7990006388705,-3.3966063641762503,1.8207657603852567e-14,5.590971946716309,provided,explicit_hourly,4.042307762705296,0.9997236715862922,0.0,506.19560700304675,502.7990006388705,0.7958731165613208,0.9999999868987655,0.5431488450801907,5.042031434291588,0.7958731165613208,4.042307762705296,atmospheric,,,,,0.0,1.0,272.23627846603597,178.04519707618377,3.4887545257879586,252.78428011929927,5132.308199715731,0.0,1287.7281509421173,3583.415986620951,261.1640621526619,969.7153025188741,0.0,0.0,0.0,0.0,0.0,4.263256414560601e-13,1193.7092403815936,"[0.06582918800347935, 0.12306724841423461, 0.17010336273282925, 0.1983812811505473, 0.23613831438336083, 0.2955997309667276, 0.31995290235762175, 0.324256040083549]","[0.06582918800347935, 0.12306724841423461, 0.17010336273282925, 0.1983812811505473, 0.23613831438336083, 0.2955997309667276, 0.31995290235762175, 0.324256040083549]",[],1.0,"{'input_timing_assumptions': [], 'bottom_boundary': 'free_drainage', 'substeps': 24, 'precipitation_timing': 'explicit_hourly', 'plant_water_stress_method': 'compensated_layer_depletion', 'root_zone_stress_factor': 0.9999999868987655, 'root_zone_depletion_fraction': 0.5431488450801907, 'readily_available_water_adjustment': 'none', 'potential_et_demand_mm': 5.042031434291588, 'surface_wetness': [0.05423775515456597]}",3.295988191773039,2015-10-21,True,-6.307644828754384,50.0,[],[]
2016-04-16,wheat,39,BBCH39,0.40953832888911007,1.0,0.9129915492560188,656.9369406016709,0.7734736845787991,5.550549984204876,0.0,0.0,0.10938058233693856,0.8621720543302742,2.0744560647346413,0.0,0.0,0.0,0.09928103398918993,0.0,0.0,502.7990006388705,0.862172065582773,505.2042608876843,2.4052602488138177,1.4210854715202004e-14,3.576112985610962,provided,explicit_hourly,2.6031465053967735,0.6122795716897985,0.0,502.7990006388705,505.2042608876843,0.9999999869486622,0.9999999869578884,0.5431488450801907,3.215426077086572,0.9999999869486622,2.6031465053967735,atmospheric,,,,,0.6687961803934811,1.0,116.26302953994555,116.26302671782918,3.5422342612490505,262.14523578820837,5248.571226433559,0.0,1309.5920092233118,3667.0804466316354,271.89877057861236,992.3559078664665,0.0,0.0,0.0,0.0,0.0,-8.526512829121202e-13,1216.6424522654306,"[0.09955209500070299, 0.12311209798962551, 0.16986386822516658, 0.19807300498857902, 0.2353428280756105, 0.2949488409476292, 0.3191835367455316, 0.32394302043940404]","[0.09955209500070299, 0.12311209798962551, 0.16986386822516658, 0.19807300498857902, 0.2353428280756105, 0.2949488409476292, 0.3191835367455316, 0.32394302043940404]",[],1.0,"{'input_timing_assumptions': [], 'bottom_boundary': 'free_drainage', 'substeps': 24, 'precipitation_timing': 'explicit_hourly', 'plant_water_stress_method': 'compensated_layer_depletion', 'root_zone_stress_factor': 0.9999999869578884, 'root_zone_depletion_fraction': 0.5431488450801907, 'readily_available_water_adjustment': 'none', 'potential_et_demand_mm': 3.215426077086572, 'surface_wetness': [0.15682542052994236]}",3.046008701401854,2015-10-21,True,-6.367081199652066,50.0,[],[]
2016-04-17,wheat,43,BBCH43,0.41832218706914914,1.0,0.9166532720499786,671.0270525946714,0.7906096704904956,0.0,0.0,0.0,0.18558519806128265,3.311416826844863,0.0,0.0,0.0,0.0,0.09783430361707045,0.0,0.0,505.2042608876843,3.7140888712505706,501.60942455916114,-3.594836328523172,-4.39648317751562e-14,5.078658580780029,provided,explicit_hourly,3.7140888712505706,0.8429785084938727,0.0,505.2042608876843,501.60942455916114,0.8915825500238707,0.9999999870035454,0.5431488450801907,4.557067379744443,0.8915825500238707,3.7140888712505706,atmospheric,,,,,0.0,1.0,257.97652895243937,208.39538652206556,3.6268214622267894,268.09136515868147,5456.966612955624,0.0,1344.2319700435362,3826.5694485216814,286.16519439040735,1035.5155427773097,0.0,0.0,0.0,0.0,0.0,0.0,1239.3055262514101,"[0.09769940905332275, 0.12320371929906032, 0.169062212622855, 0.19675338342401155, 0.23248575664422944, 0.29152405759760835, 0.3183733447534032, 0.3236025259173279]","[0.09769940905332275, 0.12320371929906032, 0.169062212622855, 0.19675338342401155, 0.23248575664422944, 0.29152405759760835, 0.3183733447534032, 0.3236025259173279]",[],1.0,"{'input_timing_assumptions': [], 'bottom_boundary': 'free_drainage', 'substeps': 24, 'precipitation_timing': 'explicit_hourly', 'plant_water_stress_method': 'compensated_layer_depletion', 'root_zone_stress_factor': 0.9999999870035454, 'root_zone_depletion_fraction': 0.5431488450801907, 'readily_available_water_adjustment': 'none', 'potential_et_demand_mm': 4.557067379744443, 'surface_wetness': [0.15118940801088068]}",3.4970020249061458,2015-10-21,True,-2.994790499929703,50.0,[],[]
2016-04-18,wheat,45,BBCH45,0.42681429571350793,1.0,0.9202902690199531,684.6491716456885,0.8071764969473498,0.3771279618042487,0.0,0.0,0.1599024401209108,3.0249161887099363,0.33111016986495223,0.0,0.0,0.0,0.09628340914521398,0.0,0.0,501.60942455916114,3.170777824563081,498.3743403131244,-3.235084246036763,-1.7763568394002505e-15,4.717260360717773,provided,explicit_hourly,3.474072156331161,0.7455050575190072,0.0,501.60942455916114,498.3743403131244,0.9539981531587619,0.9999999869758532,0.5431488450801907,4.219577213850168,0.9539981531587619,3.474072156331161,atmospheric,,,,,0.0873022545646771,1.0,306.7295950222472,281.00699624701394,3.7431291371957247,271.6242438579705,5737.97360920264,0.0,1391.600051481751,4048.0513120026008,298.3222457182869,1095.4511888339568,0.0,0.0,0.0,0.0,0.0,1.2505552149377763e-12,1261.2158625249886,"[0.096564206982027, 0.1232877749434442, 0.16840200623806806, 0.19567553878271526, 0.22995118243100132, 0.2883678889332523, 0.31746551960883174, 0.32323221708935146]","[0.096564206982027, 0.1232877749434442, 0.16840200623806806, 0.19567553878271526, 0.22995118243100132, 0.2883678889332523, 0.31746551960883174, 0.32323221708935146]",[],1.0,"{'input_timing_assumptions': [], 'bottom_boundary': 'free_drainage', 'substeps': 24, 'precipitation_timing': 'explicit_hourly', 'plant_water_stress_method': 'compensated_layer_depletion', 'root_zone_stress_factor': 0.9999999869758532, 'root_zone_depletion_fraction': 0.5431488450801907, 'readily_available_water_adjustment': 'none', 'potential_et_demand_mm': 4.219577213850168, 'surface_wetness': [0.14773603638330687]}",3.515928798695799,2015-10-21,True,-3.180059094667726,50.0,[],[]
2016-04-19,wheat,45,BBCH45,0.4364319250706744,1.0,0.9239016984843627,700.0767288730574,0.8259390449974585,0.019339895754243757,0.0,0.0,0.1235699773668395,2.963339903644868,0.01713395249306372,0.0,0.0,0.0,0.0946236019545914,0.0,0.0,498.3743403131244,2.963339942220914,495.1950127734192,-3.1793275397051843,6.52811138479592e-14,4.01066780090332,provided,explicit_hourly,2.9804738947139793,0.5924894275644205,0.0,498.3743403131244,495.1950127734192,0.9999999869822408,0.9999999869827285,0.5431488450801907,3.5729633222783996,0.9999999869822408,2.9804738947139793,atmospheric,,,,,0.00574873429472178,1.0,170.76614444271456,170.7661403082787,3.7998281309330952,281.48946130972297,5908.739749510918,0.0,1415.3727835304942,4182.644412815206,310.7225531652173,1131.873694610218,0.0,0.0,0.0,0.0,0.0,-2.8421709430404007e-13,1286.0301344797097,"[0.09535477117245972, 0.12336520740068875, 0.1678095713355411, 0.19470962025446337, 0.22728412455294064, 0.2853670855025488, 0.31646726464415964, 0.32282982937919086]","[0.09535477117245972, 0.12336520740068875, 0.1678095713355411, 0.19470962025446337, 0.22728412455294064, 0.2853670855025488, 0.31646726464415964, 0.32282982937919086]",[],1.0,"{'input_timing_assumptions': [], 'bottom_boundary': 'free_drainage', 'substeps': 24, 'precipitation_timing': 'explicit_hourly', 'plant_water_stress_method': 'compensated_layer_depletion', 'root_zone_stress_factor': 0.9999999869827285, 'root_zone_depletion_fraction': 0.5431488450801907, 'readily_available_water_adjustment': 'none', 'potential_et_demand_mm': 3.5729633222783996, 'surface_wetness': [0.14405684003955452]}",3.1040438335047713,2015-10-21,True,-3.293579301797301,50.0,[],[]
2016-04-20,wheat,47,BBCH47,0.4468556609233189,1.0,0.9274867022659693,716.7973546549006,0.8462741855538111,0.0,0.0,0.0,0.12638950341531222,3.2475847226892185,0.0,0.0,0.0,0.0,0.09285386843276416,0.0,0.0,495.1950127734192,3.247584764843989,491.72818467888186,-3.466828094537334,3.907985046680551e-14,4.351978778839111,provided,explicit_hourly,3.2475847648439906,0.6221122139335203,0.0,495.1950127734192,491.72818467888186,0.9999999870196551,0.9999999870196545,0.5431488450801907,3.869696978777511,0.9999999870196551,3.2475847648439906,atmospheric,,,,,5.551115123125783e-16,1.0,279.76609450892937,279.76608775495254,3.894018227977435,289.4617339406058,6188.50583726587,0.0,1454.630061135494,4409.541667205837,324.33410892453867,1193.2748103343208,0.0,0.0,0.0,0.0,0.0,-1.0231815394945443e-12,1312.924227257257,"[0.0940956783339402, 0.12343674101731557, 0.16719419252604967, 0.1936946224496945, 0.22470929739128667, 0.28190172167629535, 0.31538349873122795, 0.3223942705911646]","[0.0940956783339402, 0.12343674101731557, 0.16719419252604967, 0.1936946224496945, 0.22470929739128667, 0.28190172167629535, 0.31538349873122795, 0.3223942705911646]",[],1.0,"{'input_timing_assumptions': [], 'bottom_boundary': 'free_drainage', 'substeps': 24, 'precipitation_timing': 'explicit_hourly', 'plant_water_stress_method': 'compensated_layer_depletion', 'root_zone_stress_factor': 0.9999999870196545, 'root_zone_depletion_fraction': 0.5431488450801907, 'readily_available_water_adjustment': 'none', 'potential_et_demand_mm': 3.869696978777511, 'surface_wetness': [0.140226583211304]}",3.3739742261045307,2015-10-21,True,-3.4145228827540297,50.0,[],[]
2016-04-21,wheat,49,BBCH49,0.45907125519944464,1.0,0.9310444054961776,736.3922852518905,0.8701049723365913,0.0,0.0,0.0,0.1824420865816427,3.6534045094115393,0.0,0.0,0.0,0.0,0.09097664071882075,0.0,0.0,491.72818467888186,5.1524289466709785,487.8013614421699,-3.926823236711982,-2.042810365310288e-14,6.8593525886535645,provided,explicit_hourly,5.152428946670977,0.9284092683853598,0.0,491.72818467888186,487.8013614421699,0.7090645105881626,0.9999999870826026,0.5431488450801907,6.080838215056336,0.7090645105881626,5.152428946670977,atmospheric,,,,,0.0,1.0,312.4628073755495,164.85267742426964,3.889511741547841,305.1446746749259,6353.3585146901405,0.0,1455.2363582681899,4547.008634517056,351.11352190489424,1230.4750188198145,0.0,0.0,0.0,0.0,0.0,1.3073986337985843e-12,1344.4414616192205,"[0.09227690659110993, 0.12350138400576753, 0.1662959958931443, 0.1921653379098801, 0.22222060442126657, 0.27808845185077047, 0.31419388257975617, 0.3219242045245567]","[0.09227690659110993, 0.12350138400576753, 0.1662959958931443, 0.1921653379098801, 0.22222060442126657, 0.27808845185077047, 0.31419388257975617, 0.3219242045245567]",[],1.0,"{'input_timing_assumptions': [], 'bottom_boundary': 'free_drainage', 'substeps': 24, 'precipitation_timing': 'explicit_hourly', 'plant_water_stress_method': 'compensated_layer_depletion', 'root_zone_stress_factor': 0.9999999870826026, 'root_zone_depletion_fraction': 0.5431488450801907, 'readily_available_water_adjustment': 'none', 'potential_et_demand_mm': 6.080838215056336, 'surface_wetness': [0.13469374029942147]}",3.835846595993182,2015-10-21,True,-3.5404321666059815,50.0,[],[]
2016-04-22,wheat,49,BBCH49,0.47120834135061934,1.0,0.9345739164692689,755.8612816352071,0.8937826015779425,0.0,0.0,0.0,0.15713235105029494,3.625058935344662,0.0,0.0,0.0,0.0,0.0889932771876164,0.0,0.0,487.8013614421699,4.597083470424535,483.93017687858725,-3.8711845635826307,5.773159728050814e-14,6.121899127960205,provided,explicit_hourly,4.597083470424535,0.8307639678381201,0.0,487.8013614421699,483.93017687858725,0.7885562571718742,0.9999999871336687,0.5431488450801907,5.427847438262655,0.7885562571718742,4.597083470424535,atmospheric,,,,,0.0,1.0,318.0053841440794,204.43657103171896,3.908639906864953,319.08361573508466,6557.795085721858,0.0,1465.4311758781917,4717.483726983449,374.88018286021816,1276.6076214761044,0.0,0.0,0.0,0.0,0.0,-1.0516032489249483e-12,1375.7561385846736,"[0.09071233732339541, 0.1235587869386297, 0.1655368910871209, 0.19087764983815933, 0.21981400951932767, 0.27419419138425594, 0.31289399779819776, 0.3214180958238223]","[0.09071233732339541, 0.1235587869386297, 0.1655368910871209, 0.19087764983815933, 0.21981400951932767, 0.27419419138425594, 0.31289399779819776, 0.3214180958238223]",[],1.0,"{'input_timing_assumptions': [], 'bottom_boundary': 'free_drainage', 'substeps': 24, 'precipitation_timing': 'explicit_hourly', 'plant_water_stress_method': 'compensated_layer_depletion', 'root_zone_stress_factor': 0.9999999871336687, 'root_zone_depletion_fraction': 0.5431488450801907, 'readily_available_water_adjustment': 'none', 'potential_et_demand_mm': 5.427847438262655, 'surface_wetness': [0.12993420078208068]}",3.7821912863949567,2015-10-21,True,-3.7223093408890087,50.0,[],[]
2016-04-23,wheat,51,BBCH51,0.4813640176942104,1.0,0.9380743265485677,772.1519154447374,0.9135947983575986,0.0,0.0,0.0,0.11619982939496562,3.5196585003533585,0.0,0.0,0.0,0.0,0.08690700516500202,0.0,0.0,483.93017687858725,3.553433748602754,480.20741154367397,-3.7227653349132765,-4.973799150320701e-14,4.725976467132568,provided,explicit_hourly,3.553433748602753,0.6342563565806084,0.0,483.93017687858725,480.20741154367397,0.990495039266547,0.9999999871624174,0.5431488450801907,4.1876901051833615,0.990495039266547,3.553433748602753,atmospheric,,,,,0.0,1.0,213.9891522417831,210.22175687359973,3.9443110728547994,330.2392241568383,6768.016842595459,0.0,1481.6265710724738,4897.587113932928,388.8031575900568,1325.3457559858732,0.0,0.0,0.0,0.0,0.0,7.673861546209082e-13,1401.9586158600346,"[0.08955815927472939, 0.12361052829809306, 0.1649702756760002, 0.18992871340598189, 0.21748780642214788, 0.27028953599898653, 0.3114906485471848, 0.32087509623807126]","[0.08955815927472939, 0.12361052829809306, 0.1649702756760002, 0.18992871340598189, 0.21748780642214788, 0.27028953599898653, 0.3114906485471848, 0.32087509623807126]",[],1.0,"{'input_timing_assumptions': [], 'bottom_boundary': 'free_drainage', 'substeps': 24, 'precipitation_timing': 'explicit_hourly', 'plant_water_stress_method': 'compensated_layer_depletion', 'root_zone_stress_factor': 0.9999999871624174, 'root_zone_depletion_fraction': 0.5431488450801907, 'readily_available_water_adjustment': 'none', 'potential_et_demand_mm': 4.1876901051833615, 'surface_wetness': [0.12642310277828453]}",3.635858329748324,2015-10-21,True,-3.8787662676604597,50.0,[],[]
2016-04-24,wheat,51,BBCH51,0.49242404401789214,1.0,0.9415447101265481,789.8932093445344,0.9351712459027433,0.0,0.0,0.0,0.13812639898860904,3.466649712707868,0.0,0.0,0.0,0.0,0.08472493969282892,0.0,0.0,480.20741154367397,4.4556235632451555,476.5179104922848,-3.689501051389186,-1.199040866595169e-13,5.911871910095215,provided,explicit_hourly,4.4556235632451555,0.7771646730770359,0.0,480.20741154367397,476.5179104922848,0.7780391820585063,0.99999998723736,0.5431488450801907,5.232788236322191,0.7780391820585063,4.4556235632451555,atmospheric,,,,,0.0,1.0,307.0619246497642,192.53287307990152,3.9491965866785375,343.23116871852443,6960.549715675361,0.0,1486.1821964827295,5062.535894955884,411.83162423674685,1369.9828725492298,0.0,0.0,0.0,0.0,0.0,4.263256414560601e-13,1430.494390200071,"[0.08818587016895667, 0.12365713973518165, 0.16430221282144714, 0.18879298785818008, 0.21587642216385364, 0.26635443740833087, 0.30999109466952673, 0.3202952047942426]","[0.08818587016895667, 0.12365713973518165, 0.16430221282144714, 0.18879298785818008, 0.21587642216385364, 0.26635443740833087, 0.30999109466952673, 0.3202952047942426]",[],1.0,"{'input_timing_assumptions': [], 'bottom_boundary': 'free_drainage', 'substeps': 24, 'precipitation_timing': 'explicit_hourly', 'plant_water_stress_method': 'compensated_layer_depletion', 'root_zone_stress_factor': 0.99999998723736, 'root_zone_depletion_fraction': 0.5431488450801907, 'readily_available_water_adjustment': 'none', 'potential_et_demand_mm': 5.232788236322191, 'surface_wetness': [0.12224849423718584]}",3.604776111696477,2015-10-21,True,-3.9941840725270623,50.0,[],[]
2016-04-25,wheat,55,BBCH55,0.5047447312517882,1.0,0.9449841246408848,809.6567186587928,0.9592070532364999,0.0,0.0,0.0,0.1452731573640631,3.5846232266788958,0.0,0.0,0.0,0.0,0.0824497803157905,0.0,0.0,476.5179104922848,4.86837071613683,472.705564327926,-3.8123461643587575,7.993605777301127e-15,6.457454681396484,provided,explicit_hourly,4.86837071613683,0.8464840634694945,0.0,476.5179104922848,472.705564327926,0.7363086000819964,0.9999999873454047,0.5431488450801907,5.714854779606325,0.7363086000819964,4.86837071613683,atmospheric,,,,,0.0,1.0,314.5872810558087,178.0296232256469,3.920762599028834,360.3061970198082,7138.579338901008,0.0,1477.2954132599716,5223.196252869639,438.08767277139737,1413.4594904352923,0.0,0.0,0.0,0.0,0.0,0.0,1462.28277300598,"[0.08674361115300103, 0.12369818206193363, 0.16361374925844874, 0.18761607405492847, 0.21418184630150838, 0.26247574568566656, 0.30810246886860915, 0.31967253827180236]","[0.08674361115300103, 0.12369818206193363, 0.16361374925844874, 0.18761607405492847, 0.21418184630150838, 0.26247574568566656, 0.30810246886860915, 0.31967253827180236]",[],1.0,"{'input_timing_assumptions': [], 'bottom_boundary': 'free_drainage', 'substeps': 24, 'precipitation_timing': 'explicit_hourly', 'plant_water_stress_method': 'compensated_layer_depletion', 'root_zone_stress_factor': 0.9999999873454047, 'root_zone_depletion_fraction': 0.5431488450801907, 'readily_available_water_adjustment': 'none', 'potential_et_demand_mm': 5.714854779606325, 'surface_wetness': [0.11786103187145155]}",3.729896384042959,2015-10-21,True,-4.131412983104335,50.0,[],[]
2016-04-26,wheat,55,BBCH55,0.5160916970428369,1.0,0.9483916106484257,827.8582897110147,0.9813432765168087,0.009669947877121879,0.0,0.0,0.09939793367177832,3.357297378863818,0.00867495468919263,0.0,0.0,0.0,0.08005322351925781,0.0,0.0,472.705564327926,3.3653556174579466,469.1698107850592,-3.5357535428668143,-1.1057821325266559e-13,4.483743190765381,provided,explicit_hourly,3.3740305721471393,0.5975309556514681,0.0,472.705564327926,469.1698107850592,0.9976055313285983,0.9999999874523594,0.5431488450801907,3.9715615277986074,0.9976055313285983,3.3740305721471393,atmospheric,,,,,0.002571095460961459,1.0,245.7061581066682,244.61306766967263,3.9367625035285445,374.06518677980705,7383.192406570681,0.0,1485.9535164513668,5443.9439143550535,453.29497576426024,1473.1964526347374,0.0,0.0,0.0,0.0,0.0,3.694822225952521e-13,1491.5588746879596,"[0.08577156661284312, 0.12373443557077266, 0.16315137674218944, 0.1868404885871587, 0.2130798125901048, 0.25879313866237136, 0.3055618271875322, 0.3189924042350269]","[0.08577156661284312, 0.12373443557077266, 0.16315137674218944, 0.1868404885871587, 0.2130798125901048, 0.25879313866237136, 0.3055618271875322, 0.3189924042350269]",[],1.0,"{'input_timing_assumptions': [], 'bottom_boundary': 'free_drainage', 'substeps': 24, 'precipitation_timing': 'explicit_hourly', 'plant_water_stress_method': 'compensated_layer_depletion', 'root_zone_stress_factor': 0.9999999874523594, 'root_zone_depletion_fraction': 0.5431488450801907, 'readily_available_water_adjustment': 'none', 'potential_et_demand_mm': 3.9715615277986074, 'surface_wetness': [0.11490399794718482]}",3.465370267224789,2015-10-21,True,-4.275638884699898,50.0,[],[]
2016-04-27,wheat,61,BBCH61,0.5260324448142625,1.0,0.9517661919590444,843.804158430964,1.0008467369832574,0.08702953629760149,0.0,0.0,0.06901407076428101,2.3396750656227887,0.07815731399250819,0.0,0.0,0.0,0.07750561922158287,0.0,0.0,469.1698107850592,2.3396750946989426,466.6924882517557,-2.477322533303493,-6.616929226765933e-14,3.2096526622772217,provided,explicit_hourly,2.4178324086914516,0.4237868606299413,0.0,469.1698107850592,466.6924882517557,0.9999999875725677,0.9999999875719928,0.5431488450801907,2.841619269321393,0.9999999875725677,2.4178324086914516,atmospheric,,,,,0.032325364533767775,1.0,176.4121728680557,176.4121687906098,3.9169957741956236,389.2607490000101,7559.60457536129,0.0,1479.2540404394024,5613.698917782023,466.6516171398646,1519.1341905688428,0.0,0.0,8728.834534790705,0.0,0.0,-7.673861546209082e-13,1517.206818632653,"[0.08518329466238372, 0.12376737320934289, 0.16283318602040026, 0.18632062184436388, 0.21235418514242918, 0.25651410706729294, 0.3033151558971928, 0.31825387620432416]","[0.08518329466238372, 0.12376737320934289, 0.16283318602040026, 0.18632062184436388, 0.21235418514242918, 0.25651410706729294, 0.3033151558971928, 0.31825387620432416]",[],1.0,"{'input_timing_assumptions': [], 'bottom_boundary': 'free_drainage', 'substeps': 24, 'precipitation_timing': 'explicit_hourly', 'plant_water_stress_method': 'compensated_layer_depletion', 'root_zone_stress_factor': 0.9999999875719928, 'root_zone_depletion_fraction': 0.5431488450801907, 'readily_available_water_adjustment': 'none', 'potential_et_demand_mm': 2.841619269321393, 'surface_wetness': [0.11311442962769158]}",2.4868464503795775,2015-10-21,True,-4.37284333871569,50.0,[],[]
2016-04-28,wheat,61,BBCH61,0.5379109784708701,1.0,0.9551068758312828,862.8584129628243,1.0275000461530268,0.0,0.0,0.0,0.1028993039810879,3.594417398769867,0.0,0.0,0.0,0.0,0.07483832046048193,0.0,0.0,466.6924882517557,3.634641970405429,462.92033322854434,-3.7721550232113827,-5.417888360170764e-14,4.8312811851501465,provided,explicit_hourly,3.634641970405429,0.6452541734188793,0.0,466.6924882517557,462.92033322854434,0.9889330030404411,0.9999999877292314,0.5431488450801907,4.279896143824308,0.9889330030404411,3.634641970405429,atmospheric,,,,,0.0,1.0,285.53777228234856,279.68853501653916,3.893929318097778,405.71835206901017,7839.293110377829,0.0,1471.7456184992052,5882.833006125843,484.71448575278123,1591.9650996429991,0.0,0.0,8728.834534790705,0.0,0.0,2.2737367544323206e-13,1547.8544089724423,"[0.08416868998807463, 0.12379706431324436, 0.16237259875357637, 0.18554276917787146, 0.2112254296561204, 0.2530116318477415, 0.2996318058455798, 0.3174477694677722]","[0.08416868998807463, 0.12379706431324436, 0.16237259875357637, 0.18554276917787146, 0.2112254296561204, 0.2530116318477415, 0.2996318058455798, 0.3174477694677722]",[],1.0,"{'input_timing_assumptions': [], 'bottom_boundary': 'free_drainage', 'substeps': 24, 'precipitation_timing': 'explicit_hourly', 'plant_water_stress_method': 'compensated_layer_depletion', 'root_zone_stress_factor': 0.9999999877292314, 'root_zone_depletion_fraction': 0.5431488450801907, 'readily_available_water_adjustment': 'none', 'potential_et_demand_mm': 4.279896143824308, 'surface_wetness': [0.11002792451634744]}",3.6973167027509546,2015-10-21,True,-4.431670533761629,50.0,[],[]
2016-04-29,wheat,61,BBCH61,0.5509338179988922,1.0,0.9584126532316387,883.7482387837472,1.0567209734360492,0.0,0.0,0.0,0.13965865620984924,3.895711786879561,0.0,0.0,0.0,0.0,0.07198881064912056,0.0,0.0,462.92033322854434,5.02312366017008,458.8129739748057,-4.10735925373865,1.199040866595169e-13,6.68725061416626,provided,explicit_hourly,5.023123660170082,0.9051620450692501,0.0,462.92033322854434,458.8129739748057,0.7755556204538381,0.9999999877005401,0.5431488450801907,5.9282857052393325,0.7755556204538381,5.023123660170082,atmospheric,,,,,3.3306690738754696e-16,1.0,315.4619975992098,196.62717234673843,3.830857687644332,424.66948769828707,8035.920282724568,0.0,1448.7472259074043,6072.0401710531905,515.132885763973,1643.166825555171,0.0,0.0,8728.834534790705,0.0,0.0,4.831690603168681e-13,1581.4544022421182,"[0.08278862416443378, 0.12382204808727794, 0.16177584581678212, 0.18451765032597855, 0.20970986056981322, 0.24958412610612832, 0.2954632463359312, 0.3165522956483899]","[0.08278862416443378, 0.12382204808727794, 0.16177584581678212, 0.18451765032597855, 0.20970986056981322, 0.24958412610612832, 0.2954632463359312, 0.3165522956483899]",[],1.0,"{'input_timing_assumptions': [], 'bottom_boundary': 'free_drainage', 'substeps': 24, 'precipitation_timing': 'explicit_hourly', 'plant_water_stress_method': 'compensated_layer_depletion', 'root_zone_stress_factor': 0.9999999877005401, 'root_zone_depletion_fraction': 0.5431488450801907, 'readily_available_water_adjustment': 'none', 'potential_et_demand_mm': 5.9282857052393325, 'surface_wetness': [0.10582965860400137]}",4.03537044308941,2015-10-21,True,-4.5331310011925385,50.0,[],[]
2016-04-30,wheat,61,BBCH61,0.5616206337875871,1.0,0.9616824991592852,900.8908688473176,1.0807002804356138,0.0,0.0,0.0,0.1309976023505648,3.873906855912633,0.0,0.0,0.0,0.0,0.0689613271610937,0.0,0.0,458.8129739748057,4.699557240613791,454.7391081893814,-4.073865785424289,-2.6645352591003757e-15,6.283812999725342,provided,explicit_hourly,4.69955724061379,0.8822448897652412,0.0,458.8129739748057,454.7391081893814,0.8243131549572694,0.9999999874359966,0.5431488450801907,5.581802130379031,0.8243131549572694,4.69955724061379,atmospheric,,,,,0.0,1.0,307.6623808940513,214.7921526633821,3.7567456685056064,447.2640966593741,8250.71243538795,0.0,1421.6332066596785,6278.726834798801,550.3523939294703,1699.0987132871583,0.0,0.0,8728.834534790705,0.0,0.0,-3.126388037344441e-13,1609.027262815403,"[0.08149797210528525, 0.12384162221539957, 0.16124199394453922, 0.18360257388981815, 0.2083541255850857, 0.2462169549397074, 0.29103623879836926, 0.31557053728661266]","[0.08149797210528525, 0.12384162221539957, 0.16124199394453922, 0.18360257388981815, 0.2083541255850857, 0.2462169549397074, 0.29103623879836926, 0.31557053728661266]",[],1.0,"{'input_timing_assumptions': [], 'bottom_boundary': 'free_drainage', 'substeps': 24, 'precipitation_timing': 'explicit_hourly', 'plant_water_stress_method': 'compensated_layer_depletion', 'root_zone_stress_factor': 0.9999999874359966, 'root_zone_depletion_fraction': 0.5431488450801907, 'readily_available_water_adjustment': 'none', 'potential_et_demand_mm': 5.581802130379031, 'surface_wetness': [0.1019033962099892]}",4.004904458263198,2015-10-21,True,-4.671137583556623,50.0,[],[]
2016-05-01,wheat,65,BBCH65,0.5706077487233012,1.0,0.964915373037918,915.3070232686105,1.1008657621230438,0.0,0.0,0.0,0.16580798879767092,4.042855451143217,0.0,0.0,0.0,0.0,0.0658023558717605,0.0,0.0,454.7391081893814,5.92039964973204,450.4646423935688,-4.274465795812603,-4.618527782440651e-14,7.958711624145508,provided,explicit_hourly,5.920399649732039,1.1664786749469742,0.0,454.7391081893814,450.4646423935688,0.6828686727805949,0.9999999871468219,0.5431488450801907,7.086878324679013,0.6828686727805949,5.920399649732039,atmospheric,,,,,0.0,1.0,298.43529513471935,146.805378556779,3.643820405859425,473.3725746663056,8397.517813944729,215.54844781009865,1379.0369384954158,6208.761357393575,594.1710702456396,1596.1167857775208,100.31700868046566,115.231439129633,8728.834534790705,483.5214465335959,0.0,2.842170943040401e-14,1632.2147558889403,"[0.07986293180990864, 0.12385496528458693, 0.16060571572931634, 0.18250119693837524, 0.2067080781604853, 0.24290787616758294, 0.2864894743516917, 0.3145097207433145]","[0.07986293180990864, 0.12385496528458693, 0.16060571572931634, 0.18250119693837524, 0.2067080781604853, 0.24290787616758294, 0.2864894743516917, 0.3145097207433145]",[],1.0,"{'input_timing_assumptions': [], 'bottom_boundary': 'free_drainage', 'substeps': 24, 'precipitation_timing': 'explicit_hourly', 'plant_water_stress_method': 'compensated_layer_depletion', 'root_zone_stress_factor': 0.9999999871468219, 'root_zone_depletion_fraction': 0.5431488450801907, 'readily_available_water_adjustment': 'none', 'potential_et_demand_mm': 7.086878324679013, 'surface_wetness': [0.09692947843026867]}",4.208663439940889,2015-10-21,True,-4.800202789471475,50.0,[],[]
2016-05-02,wheat,65,BBCH65,0.5813621142980285,1.0,0.9681102191763283,932.5580093678536,1.1249966387846158,8.818992550391227,0.0,0.0,0.15540570373918627,0.8503374948280772,2.4852483296124532,0.0,0.0,0.0,0.06258553994266247,0.0,0.0,450.4646423935688,0.8503375058173965,455.73005787583776,5.265415482268963,-1.1546319456101628e-13,3.981158971786499,provided,explicit_hourly,2.9359609606163026,0.6230004915270704,0.0,450.4646423935688,455.6918536243915,0.9999999870765205,0.9999999871067563,0.5431488450801907,3.558961452143373,0.9999999870765205,2.9359609606163026,atmospheric,,,,,0.7103716577897214,1.0,78.69602752218243,78.69602563066424,3.5852784313627746,490.4078934423825,8476.213839575394,377.2383860992735,1356.956460688235,6125.095725290047,616.923267497838,1494.7644507052214,53.775617514287234,107.91432077488767,8728.834534790705,483.5214465335959,0.0,4.973799150320701e-13,1659.9619004462345,"[0.14126716359926592, 0.12388675941263763, 0.16050002486122475, 0.18234964272953152, 0.20650628724316666, 0.2424921100740458, 0.28549410074293513, 0.31341935745969113]","[0.14126716359926592, 0.12388675941263763, 0.16050002486122475, 0.18234964272953152, 0.20650628724316666, 0.2424921100740458, 0.28549410074293513, 0.31341935745969113]",[],1.0,"{'input_timing_assumptions': [], 'bottom_boundary': 'free_drainage', 'substeps': 24, 'precipitation_timing': 'explicit_hourly', 'plant_water_stress_method': 'compensated_layer_depletion', 'root_zone_stress_factor': 0.9999999871067563, 'root_zone_depletion_fraction': 0.5431488450801907, 'readily_available_water_adjustment': 'none', 'potential_et_demand_mm': 3.558961452143373, 'surface_wetness': [0.2837258534864657]}",3.4909915281797166,2015-10-21,True,-4.963706819009137,50.0,[],[]
2016-05-03,wheat,65,BBCH65,0.5925611283536147,1.0,0.9712659672991726,950.5222523030343,1.1501252272660811,0.0,0.0,0.0,0.44466325718263466,4.079056167919131,0.038204251446265214,0.0,0.0,0.0,0.059522590490919,0.0,0.0,455.73005787583776,5.060768286539311,451.1086116087989,-4.621446267038834,-1.1546319456101628e-13,6.947174072265625,provided,explicit_hourly,5.0989725379855795,1.1246910398744376,0.0,455.6918536243915,451.1086116087989,0.8060152010453928,0.9999999872169587,0.5431488450801907,6.223663577860017,0.8060152010453928,5.0989725379855795,atmospheric,,,,,0.0074925391658142715,1.0,326.78638179842756,218.81458956739363,3.5083096296276395,507.34089167695015,8695.028429142787,483.5214465335959,1328.1650196005182,6234.594012915064,648.7479500936088,1524.3959993465273,106.28306043432241,0.0,8728.834534790705,483.5214465335959,0.0,-2.8421709430404007e-13,1688.85627452533,"[0.1365496133064521, 0.12394516367449974, 0.15999121906884764, 0.18147315104230444, 0.20519658980870828, 0.2392296514808218, 0.28019813432300356, 0.31231172130101775]","[0.1365496133064521, 0.12394516367449974, 0.15999121906884764, 0.18147315104230444, 0.20519658980870828, 0.2392296514808218, 0.28019813432300356, 0.31231172130101775]",[],1.0,"{'input_timing_assumptions': [], 'bottom_boundary': 'free_drainage', 'substeps': 24, 'precipitation_timing': 'explicit_hourly', 'plant_water_stress_method': 'compensated_layer_depletion', 'root_zone_stress_factor': 0.9999999872169587, 'root_zone_depletion_fraction': 0.5431488450801907, 'readily_available_water_adjustment': 'none', 'potential_et_demand_mm': 6.223663577860017, 'surface_wetness': [0.26937470425515714]}",4.56192367654803,2015-10-21,True,1.1767163599265906,50.0,[],[]
2016-05-04,wheat,69,BBCH69,0.6048414665590731,1.0,0.974381533149276,970.2210380848946,1.1776801141200945,0.0,0.0,0.0,0.37498855740746984,4.008832399385856,0.0,0.0,0.0,0.0,0.05587149631029353,0.0,0.0,451.1086116087989,4.288380678580711,446.66891915569533,-4.439692453103589,-3.019806626980426e-14,5.8811259269714355,provided,explicit_hourly,4.288380678580712,0.9955733574904336,0.0,451.1086116087989,446.66891915569533,0.9348126250565576,0.9999999869797367,0.5431488450801907,5.283954036071146,0.9348126250565576,4.288380678580712,atmospheric,,,,,2.220446049250313e-16,1.0,314.93165026932843,277.82310225672074,3.426414698460772,526.7423958005485,8972.851531399509,813.9666428241209,1297.253560466026,6181.148171946184,680.4831561631768,1434.400168505872,226.8888668429886,103.55632944753634,8728.834534790705,1730.4978086465537,0.0,7.958078640513122e-13,1720.5405535310636,"[0.1326750442338065, 0.12399084641028602, 0.1595764635316145, 0.18076346722982445, 0.2041366160323589, 0.2360239841412937, 0.2751528249556791, 0.3106708962262517]","[0.1326750442338065, 0.12399084641028602, 0.1595764635316145, 0.18076346722982445, 0.2041366160323589, 0.2360239841412937, 0.2751528249556791, 0.3106708962262517]",[],1.0,"{'input_timing_assumptions': [], 'bottom_boundary': 'free_drainage', 'substeps': 24, 'precipitation_timing': 'explicit_hourly', 'plant_water_stress_method': 'compensated_layer_depletion', 'root_zone_stress_factor': 0.9999999869797367, 'root_zone_depletion_fraction': 0.5431488450801907, 'readily_available_water_adjustment': 'none', 'potential_et_demand_mm': 5.283954036071146, 'surface_wetness': [0.2575879684458429]}",4.3838209567933255,2015-10-21,True,0.7049613306452098,50.0,[],[]
2016-05-05,wheat,69,BBCH69,0.6175001027557878,1.0,0.9774558191626492,990.5266484481947,1.2060838341391045,0.0,0.0,0.0,0.3471017734431818,3.924936344915594,0.0,0.0,0.0,0.0,0.05122811525021669,0.0,0.0,446.66891915569533,3.9249363967636386,442.34565292208634,-4.32326623360899,-2.6645352591003757e-15,5.422354698181152,provided,explicit_hourly,3.92493639676364,0.9625632800092012,0.0,446.66891915569533,442.34565292208634,0.999999986790093,0.9999999867900927,0.5431488450801907,4.887499676772841,0.999999986790093,3.92493639676364,atmospheric,,,,,3.3306690738754696e-16,1.0,255.10170601964344,255.10169975218628,3.3316723773769,549.450801386991,9227.953231151694,1119.721598189537,1261.468252757894,6129.738538473818,717.0248417304449,1349.4297387337106,208.3330547976188,97.42190056779748,8728.834534790705,1730.4978086465537,0.0,-6.821210263296962e-13,1753.2008723576666,"[0.12916895739397183, 0.12402921775081248, 0.15921101136857504, 0.18014058379463363, 0.20320492715174324, 0.23289287003051926, 0.2705930714483451, 0.3085381013237463]","[0.12916895739397183, 0.12402921775081248, 0.15921101136857504, 0.18014058379463363, 0.20320492715174324, 0.23289287003051926, 0.2705930714483451, 0.3085381013237463]",[],1.0,"{'input_timing_assumptions': [], 'bottom_boundary': 'free_drainage', 'substeps': 24, 'precipitation_timing': 'explicit_hourly', 'plant_water_stress_method': 'compensated_layer_depletion', 'root_zone_stress_factor': 0.9999999867900927, 'root_zone_depletion_fraction': 0.5431488450801907, 'readily_available_water_adjustment': 'none', 'potential_et_demand_mm': 4.887499676772841, 'surface_wetness': [0.24692218380480999]}",4.2720381183587754,2015-10-21,True,0.3175044233806492,50.0,[],[]
2016-05-06,wheat,69,BBCH69,0.6293755543888674,1.0,0.980487715217215,1009.5759591323988,1.2327302277982275,0.00453296694656229,0.0,0.0,0.388865545296789,4.126956648693875,0.0038765724464596613,0.0,0.0,0.0,0.04540287888600884,0.0,0.0,442.34565292208634,4.312478739117345,437.78508424370983,-4.560568678376512,-5.861977570020827e-14,6.017091751098633,provided,explicit_hourly,4.316355311563803,1.1284770205175558,0.0,442.34565292208634,437.78508424370983,0.9569801727390218,0.9999999866365286,0.5431488450801907,5.444832332081359,0.9569801727390218,4.316355311563803,atmospheric,,,,,0.0008981124505835769,1.0,286.25293741267046,263.774165128747,3.2464453070670545,568.1787822057701,9491.727396280441,1426.8661944400792,1229.2861194664533,6085.586015588192,749.9890667857167,1270.5754830347237,215.4155681884767,91.7290280620654,8728.834534790705,1730.4978086465537,0.0,0.0,1783.8405108241661,"[0.12528233588718116, 0.12406256099650852, 0.15882700505737662, 0.17948287295608634, 0.20221683743566962, 0.2298460811322917, 0.2662264779535466, 0.30551836146614664]","[0.12528233588718116, 0.12406256099650852, 0.15882700505737662, 0.17948287295608634, 0.20221683743566962, 0.2298460811322917, 0.2662264779535466, 0.30551836146614664]",[],1.0,"{'input_timing_assumptions': [], 'bottom_boundary': 'free_drainage', 'substeps': 24, 'precipitation_timing': 'explicit_hourly', 'plant_water_stress_method': 'compensated_layer_depletion', 'root_zone_stress_factor': 0.9999999866365286, 'root_zone_depletion_fraction': 0.5431488450801907, 'readily_available_water_adjustment': 'none', 'potential_et_demand_mm': 5.444832332081359, 'surface_wetness': [0.23509878356792618]}",4.519698766437124,2015-10-21,True,-0.033104260602819124,50.0,[],[]
2016-05-07,wheat,69,BBCH69,0.6415295771917645,1.0,0.9834760994560573,1029.0721234542982,1.2600016854365905,0.0,0.0,0.0,0.3154156657022651,3.457742995491858,0.0,0.0,0.0,0.0,0.03971574855087226,0.0,0.0,437.78508424370983,3.457743042041087,433.97220983396477,-3.8128744097450635,6.838973831690964e-14,4.861884117126465,provided,explicit_hourly,3.457743042041089,0.958028886474927,0.0,437.78508424370983,433.97220983396477,0.9999999865376842,0.9999999865376835,0.5431488450801907,4.415771928516016,0.9999999865376842,3.457743042041089,atmospheric,,,,,6.661338147750939e-16,1.0,226.4662635738472,226.46625790360585,3.1589464256150874,587.3818607185037,9718.193654184046,1698.1105020189498,1196.2290661289246,6040.1364922869725,783.7175937491995,1195.3323991352681,184.94744395461143,86.29686362425932,8728.834534790705,1730.4978086465537,0.0,-9.947598300641403e-13,1815.1988857391073,"[0.12212589256962407, 0.1240924638491638, 0.15852756059390544, 0.1789755610673474, 0.2014554785909705, 0.22711941571914568, 0.26292158423110634, 0.30289542477248865]","[0.12212589256962407, 0.1240924638491638, 0.15852756059390544, 0.1789755610673474, 0.2014554785909705, 0.22711941571914568, 0.26292158423110634, 0.30289542477248865]",[],1.0,"{'input_timing_assumptions': [], 'bottom_boundary': 'free_drainage', 'substeps': 24, 'precipitation_timing': 'explicit_hourly', 'plant_water_stress_method': 'compensated_layer_depletion', 'root_zone_stress_factor': 0.9999999865376835, 'root_zone_depletion_fraction': 0.5431488450801907, 'readily_available_water_adjustment': 'none', 'potential_et_demand_mm': 4.415771928516016, 'surface_wetness': [0.2254966412951812]}",3.773158661194123,2015-10-21,True,-0.42176641128188663,50.0,[],[]
2016-05-08,wheat,69,BBCH69,0.6532416435281807,1.0,0.9864198391857693,1047.8593491775648,1.286281471654791,0.19945054902606438,0.0,0.0,0.29637018239878005,3.0130267272616877,0.1675259320512164,0.0,0.0,0.0,0.03499825076585869,0.0,0.0,433.97220983396477,3.013026767989734,430.65973929051336,-3.3124705434514112,-6.750155989720952e-14,4.514301776885986,provided,explicit_hourly,3.1805527000409493,0.9358467834204209,0.0,433.97220983396477,430.65973929051336,0.9999999864826803,0.9999999864829127,0.5431488450801907,4.11639948346137,0.9999999864826803,3.1805527000409493,atmospheric,,,,,0.052671956056272395,1.0,179.43149165988288,179.43148714893815,3.0757633264903994,605.069463865698,9897.625141332985,1730.4978086465537,1164.9945397347365,6184.802563231491,817.3302297202033,1234.4807713236908,32.38730662760395,0.0,8728.834534790705,1730.4978086465537,0.0,5.400124791776761e-13,1845.4169767499661,"[0.11948035397377475, 0.12412022173723974, 0.15827331208005485, 0.17854822330980946, 0.20081407527325507, 0.22488046949772367, 0.26016646088470174, 0.3002160855040788]","[0.11948035397377475, 0.12412022173723974, 0.15827331208005485, 0.17854822330980946, 0.20081407527325507, 0.22488046949772367, 0.26016646088470174, 0.3002160855040788]",[],1.0,"{'input_timing_assumptions': [], 'bottom_boundary': 'free_drainage', 'substeps': 24, 'precipitation_timing': 'explicit_hourly', 'plant_water_stress_method': 'compensated_layer_depletion', 'root_zone_stress_factor': 0.9999999864829127, 'root_zone_depletion_fraction': 0.5431488450801907, 'readily_available_water_adjustment': 'none', 'potential_et_demand_mm': 4.11639948346137, 'surface_wetness': [0.21744871030776736]}",3.4769228417116844,2015-10-21,True,-0.7374107430375947,50.0,[],[]
2016-05-09,wheat,71,BBCH71,0.663574951419425,1.0,0.9893177918502611,1064.4349202377455,1.3094675700347493,0.05439560335874748,0.0,0.0,0.2122660368435315,2.1780280919691637,0.045258525724950927,0.0,0.0,0.0,0.03097738161590591,0.0,0.0,430.65973929051336,2.178028121441653,428.2476048577185,-2.4121344327948577,5.284661597215745e-14,3.185617685317993,provided,explicit_hourly,2.223286647166604,0.6930441071865321,0.0,430.65973929051336,428.2476048577185,0.9999999864682696,0.9999999864671599,0.5431488450801907,2.9163307543531363,0.9999999864682696,2.223286647166604,atmospheric,,,,,0.020356585950187522,1.0,160.78237761997116,160.78237357355974,2.996011915616413,621.5257609633002,10058.407514906545,1952.088048896713,1134.8146934557174,6123.749691074478,847.7550814796368,1157.0320564290669,138.0584647751633,83.53177547499598,8728.834534790705,2544.8497185978736,0.0,3.694822225952521e-13,1872.0777579760736,"[0.11744868643809546, 0.1241465358623889, 0.15809038425014899, 0.17824799129869365, 0.20036510473889524, 0.22338260635014487, 0.2583485719793457, 0.29787091642799907]","[0.11744868643809546, 0.1241465358623889, 0.15809038425014899, 0.17824799129869365, 0.20036510473889524, 0.22338260635014487, 0.2583485719793457, 0.29787091642799907]",[],1.0,"{'input_timing_assumptions': [], 'bottom_boundary': 'free_drainage', 'substeps': 24, 'precipitation_timing': 'explicit_hourly', 'plant_water_stress_method': 'compensated_layer_depletion', 'root_zone_stress_factor': 0.9999999864671599, 'root_zone_depletion_fraction': 0.5431488450801907, 'readily_available_water_adjustment': 'none', 'potential_et_demand_mm': 2.9163307543531363, 'surface_wetness': [0.21126822209180654]}",2.435552654537646,2015-10-21,True,-1.0019646026225253,50.0,[],[]
2016-05-10,wheat,71,BBCH71,0.6755051565322201,1.0,0.9921688060801149,1083.5720605117933,1.3362368207286857,0.0,0.0,0.0,0.3327575121369436,3.424054230686082,0.0,0.0,0.0,0.0,0.027089445786549697,0.0,0.0,428.2476048577185,3.4240542773334717,424.46370366910895,-3.7839011886095477,-2.7533531010703882e-14,4.953471660614014,provided,explicit_hourly,3.4240542773334717,1.1286662812890793,0.0,428.2476048577185,424.46370366910895,0.9999999863765625,0.9999999863765625,0.5431488450801907,4.552720558622551,0.9999999863765625,3.4240542773334717,atmospheric,,,,,0.0,1.0,299.63920665355255,299.63919906142326,2.9018350005231044,640.4263834714387,10358.046713967968,2288.0488461700525,1099.1936458889054,6086.971492774595,883.8327291344144,1089.6980386283192,257.2901922607421,78.67060501259725,8728.834534790705,2544.8497185978736,0.0,-3.410605131648481e-13,1888.6549098790924,"[0.11412131205167736, 0.1241715431980366, 0.1578181908821614, 0.17778647480406667, 0.19966918257970065, 0.2209801862186117, 0.25513489635357084, 0.29461874972346347]","[0.11412131205167736, 0.1241715431980366, 0.1578181908821614, 0.17778647480406667, 0.19966918257970065, 0.2209801862186117, 0.25513489635357084, 0.29461874972346347]",[],1.0,"{'input_timing_assumptions': [], 'bottom_boundary': 'free_drainage', 'substeps': 24, 'precipitation_timing': 'explicit_hourly', 'plant_water_stress_method': 'compensated_layer_depletion', 'root_zone_stress_factor': 0.9999999863765625, 'root_zone_depletion_fraction': 0.5431488450801907, 'readily_available_water_adjustment': 'none', 'potential_et_demand_mm': 4.552720558622551, 'surface_wetness': [0.20114609441875148]}",3.7568117428230257,2015-10-21,True,-1.2051313561904546,50.0,[],[]
2016-05-11,wheat,71,BBCH71,0.6883382299922097,1.0,0.9949717228173058,1104.1574842014154,1.3650319468288838,0.0,0.0,0.0,0.4456536654895222,4.221347587533181,0.0,0.0,0.0,0.0,0.02238720622816778,0.0,0.0,424.46370366910895,4.550197133590433,419.7743152098582,-4.689388459250779,-9.237055564881302e-14,6.662479877471924,provided,explicit_hourly,4.5501971335904345,1.6032973578093987,0.0,424.46370366910895,419.7743152098582,0.9277285057322855,0.9999999860970391,0.5431488450801907,6.153494491399833,0.9277285057322855,4.5501971335904345,atmospheric,,,,,4.440892098500626e-16,1.0,286.92644809123965,249.56190838700013,2.7816660027737523,663.049520786707,10607.608622354966,2544.8497185978736,1053.7168308532168,6079.3522380719405,929.6898348319367,1056.629614888867,214.29049200163746,42.510380426183474,8728.834534790705,2544.8497185978736,0.0,-1.3642420526593924e-12,1888.6549098790924,"[0.10966564261381302, 0.12419493066999948, 0.15746889229147065, 0.17718535608743133, 0.19875941424302537, 0.2183259104705413, 0.2513036170488258, 0.2900576954325546]","[0.10966564261381302, 0.12419493066999948, 0.15746889229147065, 0.17718535608743133, 0.19875941424302537, 0.2183259104705413, 0.2513036170488258, 0.2900576954325546]",[],1.0,"{'input_timing_assumptions': [], 'bottom_boundary': 'free_drainage', 'substeps': 24, 'precipitation_timing': 'explicit_hourly', 'plant_water_stress_method': 'compensated_layer_depletion', 'root_zone_stress_factor': 0.9999999860970391, 'root_zone_depletion_fraction': 0.5431488450801907, 'readily_available_water_adjustment': 'none', 'potential_et_demand_mm': 6.153494491399833, 'surface_wetness': [0.18759160680140136]}",4.667001253022703,2015-10-21,True,-1.5378687948322654,50.0,[],[]
2016-05-12,wheat,71,BBCH71,0.6990630880453809,1.0,0.9977253765148089,1121.3611375369867,1.3890966138792693,3.4541208386103923,0.0,0.0,0.3488103108155122,1.408854959331233,1.8565332549917528,0.0,0.0,0.0,0.01904481868780442,0.0,0.0,419.7743152098582,1.40885497921894,419.59519270464216,-0.17912250521601436,1.0436096431476471e-13,4.467822074890137,provided,explicit_hourly,3.00107279580454,1.1527722170863848,0.0,419.7743152098582,419.59519270464216,0.9999999858837798,0.999999985876817,0.5431488450801907,4.153845012890924,0.9999999858837798,3.00107279580454,atmospheric,,,,,0.530549548418652,1.0,83.40762055744824,83.40761836765853,2.6957406172234473,679.7207449138224,10691.016240722625,2544.8497185978736,1021.267649860732,6161.860569094729,963.0383031692918,1078.9573578795817,0.0,0.0,8728.834534790705,2544.8497185978736,0.0,3.410605131648481e-13,1888.6549098790924,"[0.12215297846944269, 0.12421889620622954, 0.1573528080788249, 0.1770023953477982, 0.1984859536224494, 0.21744121960522267, 0.2501546613141385, 0.2883384696796411]","[0.12215297846944269, 0.12421889620622954, 0.1573528080788249, 0.1770023953477982, 0.1984859536224494, 0.21744121960522267, 0.2501546613141385, 0.2883384696796411]",[],1.0,"{'input_timing_assumptions': [], 'bottom_boundary': 'free_drainage', 'substeps': 24, 'precipitation_timing': 'explicit_hourly', 'plant_water_stress_method': 'compensated_layer_depletion', 'root_zone_stress_factor': 0.999999985876817, 'root_zone_depletion_fraction': 0.5431488450801907, 'readily_available_water_adjustment': 'none', 'potential_et_demand_mm': 4.153845012890924, 'surface_wetness': [0.2255790386764987]}",3.614198525138498,2015-10-21,True,-1.9834357386186987,50.0,[],[]
2016-05-13,wheat,71,BBCH71,0.7094391257196137,1.0,1.0,1138.005251077636,1.4123785902648531,0.00906593389312458,0.0,0.0,0.43826581812841936,3.416329716405826,0.0071675663998568015,0.0,0.0,0.0,0.01690748718115056,0.0,0.0,419.59519270464216,3.4163297655301217,415.72558805042,-3.869604654222144,1.5987211554602254e-14,5.162328243255615,provided,explicit_hourly,3.423497331929978,1.4000290942277454,0.0,419.59519270464216,415.72558805042,0.9999999856207394,0.9999999856204109,0.5431488450801907,4.8235264261577235,0.9999999856207394,3.423497331929978,atmospheric,,,,,0.002093638669733,1.0,282.3107095567911,282.3107020068744,2.6125467509025126,694.4613106184757,10973.3269427295,2544.8497185978736,990.0883729866202,6441.12744313235,997.2614080126566,1154.5303201736572,0.0,0.0,8728.834534790705,2544.8497185978736,0.0,2.2737367544323206e-13,1888.6549098790924,"[0.1177884958010193, 0.12424268451295907, 0.15709477277664316, 0.1765635531548577, 0.19782214681385207, 0.21508439339784102, 0.24672478942434334, 0.28518679242569]","[0.1177884958010193, 0.12424268451295907, 0.15709477277664316, 0.1765635531548577, 0.19782214681385207, 0.21508439339784102, 0.24672478942434334, 0.28518679242569]",[],1.0,"{'input_timing_assumptions': [], 'bottom_boundary': 'free_drainage', 'substeps': 24, 'precipitation_timing': 'explicit_hourly', 'plant_water_stress_method': 'compensated_layer_depletion', 'root_zone_stress_factor': 0.9999999856204109, 'root_zone_depletion_fraction': 0.5431488450801907, 'readily_available_water_adjustment': 'none', 'potential_et_demand_mm': 4.8235264261577235, 'surface_wetness': [0.21230194819430181]}",3.861763100934102,2015-10-21,True,-0.734702153055732,50.0,[],[]
2016-05-14,wheat,73,BBCH73,0.7183322439683261,1.0,1.0,1152.2706262149652,1.4323331601653555,5.126785921365408,0.0,0.0,0.14624854809517412,0.08524732374648492,1.0436585180116535,0.0,0.0,0.0,0.015275802391126983,0.0,0.0,415.72558805042,0.08524732498891581,419.56194377954097,3.836355729120953,1.509903313490213e-14,1.4765974283218384,provided,explicit_hourly,0.9664126360643002,0.420251548840092,0.0,415.72558805042,418.8381755321516,0.9999999854255732,0.9999999854965389,0.5431488450801907,1.3866641849043921,0.9999999854255732,0.9664126360643002,atmospheric,,,,,0.9117899313319369,1.0,39.975680419007446,39.97567933541592,2.529171172768559,708.7091165640855,11013.302622064917,2657.697068764026,958.4941240480509,6368.22904960361,1028.8823796492288,1078.035852952403,35.01869509782434,77.82865506832788,8728.834534790705,3435.5471201071286,0.0,1.3073986337985843e-12,1888.6549098790924,"[0.1499038097377454, 0.12428102127618987, 0.1570752907262096, 0.17655308793801705, 0.19781029360600524, 0.2151515116524998, 0.24702511278919065, 0.2845009647758254]","[0.1499038097377454, 0.12428102127618987, 0.1570752907262096, 0.17655308793801705, 0.19781029360600524, 0.2151515116524998, 0.24702511278919065, 0.2845009647758254]",[],1.0,"{'input_timing_assumptions': [], 'bottom_boundary': 'free_drainage', 'substeps': 24, 'precipitation_timing': 'explicit_hourly', 'plant_water_stress_method': 'compensated_layer_depletion', 'root_zone_stress_factor': 0.9999999854965389, 'root_zone_depletion_fraction': 0.5431488450801907, 'readily_available_water_adjustment': 'none', 'potential_et_demand_mm': 1.3866641849043921, 'surface_wetness': [0.3099991923801978]}",1.2751543898533126,2015-10-21,True,-1.171150419898071,50.0,[],[]
2016-05-15,wheat,73,BBCH73,0.7294282765834327,1.0,1.0,1170.0696774997552,1.4572306766768963,0.00453296694656229,0.0,0.0,0.6759429885388055,2.793086647392827,0.7272557538968205,0.0,0.0,0.0,0.014204819033014486,0.0,0.0,419.56194377954097,2.7930866878620115,415.355986537626,-4.205957241914973,6.750155989720952e-14,5.285624027252197,provided,explicit_hourly,3.411096012611669,1.578865096575635,0.0,418.8381755321516,415.355986537626,0.9999999855109458,0.9999999855463997,0.5431488450801907,4.989961109187304,0.9999999855109458,3.411096012611669,atmospheric,,,,,0.18117617401114583,1.0,248.96058970866335,248.9605829998008,2.416939699871562,726.390796892063,11262.263205064717,2948.9341814904597,915.9795816207559,6325.786096226779,1071.5633457267227,1013.1972675842576,218.0894707078255,73.14764201860834,8728.834534790705,3435.5471201071286,0.0,-8.526512829121202e-13,1888.6549098790924,"[0.14288442403597895, 0.12436290774389479, 0.15686580402572298, 0.17620019869340273, 0.19727675143761153, 0.21326987528928884, 0.24428261572539264, 0.28184349982633156]","[0.14288442403597895, 0.12436290774389479, 0.15686580402572298, 0.17620019869340273, 0.19727675143761153, 0.21326987528928884, 0.24428261572539264, 0.28184349982633156]",[],1.0,"{'input_timing_assumptions': [], 'bottom_boundary': 'free_drainage', 'substeps': 24, 'precipitation_timing': 'explicit_hourly', 'plant_water_stress_method': 'compensated_layer_depletion', 'root_zone_stress_factor': 0.9999999855463997, 'root_zone_depletion_fraction': 0.5431488450801907, 'readily_available_water_adjustment': 'none', 'potential_et_demand_mm': 4.989961109187304, 'surface_wetness': [0.28864568357466086]}",4.196285389828454,2015-10-21,True,2.0403809737745373,50.0,[],[]
2016-05-16,wheat,73,BBCH73,0.7424307595362999,1.0,1.0,1190.9268495120843,1.4864059274389838,0.0,0.0,0.0,0.8768264986774598,3.8062100202927582,0.0,0.0,0.0,0.0,0.01187157061069685,0.0,0.0,415.355986537626,4.422317458583388,410.6610784480451,-4.694908089580906,-8.881784197001252e-15,6.993558883666992,provided,explicit_hourly,4.422317458583387,2.229549235228987,0.0,415.355986537626,410.6610784480451,0.8606822228253173,0.999999985045857,0.5431488450801907,6.651866693812374,0.8606822228253173,4.422317458583387,atmospheric,,,,,0.0,1.0,288.906977047452,218.5623635763992,2.2678895434885527,747.1350221930959,11480.825568641116,3209.1083181998965,859.508264729336,6284.028219859631,1128.1807658522534,951.7782777877087,191.4606304929257,68.71350621651104,8728.834534790705,3435.5471201071286,0.0,-5.684341886080801e-13,1888.6549098790924,"[0.13391389558605468, 0.12440761101828349, 0.15654800677273434, 0.17565143672894276, 0.19644445587814055, 0.21088294731748355, 0.24076287144281983, 0.2778794763272074]","[0.13391389558605468, 0.12440761101828349, 0.15654800677273434, 0.17565143672894276, 0.19644445587814055, 0.21088294731748355, 0.24076287144281983, 0.2778794763272074]",[],1.0,"{'input_timing_assumptions': [], 'bottom_boundary': 'free_drainage', 'substeps': 24, 'precipitation_timing': 'explicit_hourly', 'plant_water_stress_method': 'compensated_layer_depletion', 'root_zone_stress_factor': 0.999999985045857, 'root_zone_depletion_fraction': 0.5431488450801907, 'readily_available_water_adjustment': 'none', 'potential_et_demand_mm': 6.651866693812374, 'surface_wetness': [0.2613566491228893]}",4.683036518970218,2015-10-21,True,1.3384424035978935,50.0,[],[]
2016-05-17,wheat,73,BBCH73,0.7551336489663797,1.0,1.0,1211.3034461096092,1.5149089438143233,0.0,0.0,0.0,0.900818251186988,3.663780505600078,0.0,0.0,0.0,0.0,0.00967968718999614,0.0,0.0,410.6610784480451,4.49089877519378,406.0868000040679,-4.574278443977164,1.021405182655144e-13,7.317767143249512,provided,explicit_hourly,4.490898775193782,2.5435587916097644,0.0,410.6610784480451,406.0868000040679,0.8158234440369874,0.9999999845380558,0.5431488450801907,7.034457566803546,0.8158234440369874,4.490898775193782,atmospheric,,,,,4.440892098500626e-16,1.0,278.08396819091206,190.43991642708144,2.0970322404819113,769.9846197807079,11671.2654850682,3435.5471201071286,794.7691000869834,6247.902030267104,1193.0472346069819,898.5207727340485,166.82536679012335,59.613435117108565,8728.834534790705,3435.5471201071286,0.0,2.0747847884194925e-12,1888.6549098790924,"[0.12487919606072395, 0.1244347263529404, 0.15623296419900706, 0.1751067744646781, 0.195618149819209, 0.20858126996895304, 0.23735834915230614, 0.2740820252254802]","[0.12487919606072395, 0.1244347263529404, 0.15623296419900706, 0.1751067744646781, 0.195618149819209, 0.20858126996895304, 0.23735834915230614, 0.2740820252254802]",[],1.0,"{'input_timing_assumptions': [], 'bottom_boundary': 'free_drainage', 'substeps': 24, 'precipitation_timing': 'explicit_hourly', 'plant_water_stress_method': 'compensated_layer_depletion', 'root_zone_stress_factor': 0.9999999845380558, 'root_zone_depletion_fraction': 0.5431488450801907, 'readily_available_water_adjustment': 'none', 'potential_et_demand_mm': 7.034457566803546, 'surface_wetness': [0.2338724013459107]}",4.564598756787066,2015-10-21,True,0.4413895586054668,50.0,[],[]
2016-05-18,wheat,75,BBCH75,0.7679907244529053,1.0,1.0,1231.927371245295,1.5437579261776309,0.0,0.0,0.0,0.7695569730646721,3.464634072143333,0.0,0.0,0.0,0.0,0.007932669432752967,0.0,0.0,406.0868000040679,3.724307852457755,401.8446762894271,-4.2421237146407975,3.9968028886505635e-14,6.309745788574219,provided,explicit_hourly,3.7243078524577546,2.4216559366721437,0.0,406.0868000040679,401.8446762894271,0.930275962513932,0.9999999841409356,0.5431488450801907,6.145963789129898,0.930275962513932,3.7243078524577546,atmospheric,,,,,0.0,1.0,236.26374031733872,206.5473772610098,1.930717535758626,792.7977549278028,11877.812862329207,3680.964968466273,731.7363122964717,6209.03155916897,1256.0800223974934,843.5806288763738,184.51565701983543,60.90219133930897,8728.834534790705,4364.417267395353,0.0,-2.2453150450019166e-12,1888.6549098790924,"[0.11718244537987575, 0.12445565104510656, 0.15597530543138527, 0.17466461057866134, 0.19494756575846656, 0.2063633727305983, 0.23406837939340966, 0.27043782122941534]","[0.11718244537987575, 0.12445565104510656, 0.15597530543138527, 0.17466461057866134, 0.19494756575846656, 0.2063633727305983, 0.23406837939340966, 0.27043782122941534]",[],1.0,"{'input_timing_assumptions': [], 'bottom_boundary': 'free_drainage', 'substeps': 24, 'precipitation_timing': 'explicit_hourly', 'plant_water_stress_method': 'compensated_layer_depletion', 'root_zone_stress_factor': 0.9999999841409356, 'root_zone_depletion_fraction': 0.5431488450801907, 'readily_available_water_adjustment': 'none', 'potential_et_demand_mm': 6.145963789129898, 'surface_wetness': [0.210458296405623]}",4.234191045208005,2015-10-21,True,-0.46208039392760547,50.0,[],[]
2016-05-19,wheat,75,BBCH75,0.7813803628304463,1.0,1.0,1253.405575972468,1.5738018846042243,0.0,0.0,0.0,0.7144329617690688,3.3079798426324754,0.0,0.0,0.0,0.0,0.006533837397980307,0.0,0.0,401.8446762894271,3.345585785051447,397.8157296476276,-4.028946641799507,-1.687538997430238e-14,5.920604705810547,provided,explicit_hourly,3.345585785051447,2.5024176073143227,0.0,401.8446762894271,397.8157296476276,0.988759534253463,0.9999999837775576,0.5431488450801907,5.84800339236577,0.988759534253463,3.345585785051447,atmospheric,,,,,0.0,1.0,254.0882118060694,248.80202964594443,1.7755327432005206,814.2759596549755,12126.614891975152,3960.513108541581,672.9217287399274,6178.285448739606,1314.8946059540376,793.4773750577369,222.26314648371036,57.28499359159757,8728.834534790705,4364.417267395353,0.0,9.379164112033322e-13,1888.6549098790924,"[0.11003875112373507, 0.12447414872739826, 0.15574700948172074, 0.17427460293708977, 0.19435606781391432, 0.20422754455515255, 0.2308916424185571, 0.26694310098559165]","[0.11003875112373507, 0.12447414872739826, 0.15574700948172074, 0.17427460293708977, 0.19435606781391432, 0.20422754455515255, 0.2308916424185571, 0.26694310098559165]",[],1.0,"{'input_timing_assumptions': [], 'bottom_boundary': 'free_drainage', 'substeps': 24, 'precipitation_timing': 'explicit_hourly', 'plant_water_stress_method': 'compensated_layer_depletion', 'root_zone_stress_factor': 0.9999999837775576, 'root_zone_depletion_fraction': 0.5431488450801907, 'readily_available_water_adjustment': 'none', 'potential_et_demand_mm': 5.84800339236577, 'surface_wetness': [0.1887266314589061]}",4.022412804401544,2015-10-21,True,-1.2317554620124262,50.0,[],[]
2016-05-20,wheat,75,BBCH75,0.7947365365204198,1.0,1.0,1274.8301002797189,1.6037707542454682,0.0,0.0,0.0,0.6074772191465466,2.759203927590907,0.0,0.0,0.0,0.0,0.00549700126198101,0.0,0.0,397.8157296476276,2.759203973260568,394.44355149962814,-3.3721781479994775,4.263256414560601e-14,5.116328239440918,provided,explicit_hourly,2.759203973260567,2.3661471053237664,0.0,397.8157296476276,394.44355149962814,0.9999999834482476,0.9999999834482477,0.5431488450801907,5.125351078584334,0.9999999834482476,2.759203973260567,atmospheric,,,,,0.0,1.0,212.41872303526333,212.41871649620776,1.6217069886799027,835.7004839622266,12339.03360847136,4204.114468985315,614.6222166339726,6147.102804792079,1373.1941180599924,745.7682600053171,189.7607200699456,53.84064037378869,8728.834534790705,4364.417267395353,0.0,-5.684341886080802e-14,1888.6549098790924,"[0.10396572819523364, 0.12449102132990494, 0.15555985074475395, 0.17395801986344125, 0.19387598969941083, 0.20237949412994002, 0.22814603059242944, 0.26420755377313904]","[0.10396572819523364, 0.12449102132990494, 0.15555985074475395, 0.17395801986344125, 0.19387598969941083, 0.20237949412994002, 0.22814603059242944, 0.26420755377313904]",[],1.0,"{'input_timing_assumptions': [], 'bottom_boundary': 'free_drainage', 'substeps': 24, 'precipitation_timing': 'explicit_hourly', 'plant_water_stress_method': 'compensated_layer_depletion', 'root_zone_stress_factor': 0.9999999834482477, 'root_zone_depletion_fraction': 0.5431488450801907, 'readily_available_water_adjustment': 'none', 'potential_et_demand_mm': 5.125351078584334, 'surface_wetness': [0.1702520306761982]}",3.3666811467374536,2015-10-21,True,-1.9461248876264943,50.0,[],[]
2016-05-21,wheat,77,BBCH77,0.8071968622108326,1.0,1.0,1294.817602451162,1.6317295008873867,0.0,0.0,0.0,0.7034731857760784,3.0771624830113486,0.0,0.0,0.0,0.0,0.004647517868253918,0.0,0.0,394.44355149962814,3.1170894417403536,390.65826831297244,-3.785283186655704,2.3092638912203256e-14,6.095891952514648,provided,explicit_hourly,3.117089441740352,3.0822502435759267,0.0,394.44355149962814,390.65826831297244,0.987190948647687,0.9999999831317122,0.5431488450801907,6.1993396853162785,0.987190948647687,3.117089441740352,atmospheric,,,,,0.0,1.0,226.15261218761248,220.7946808498375,1.4588993363018685,858.8896872245556,12559.828289321198,4455.759577935033,552.9185914488734,6116.2523766921995,1434.8977432450915,700.5311457169727,201.07035602725202,50.57475292246519,8728.834534790705,5293.287414683576,0.0,6.821210263296962e-13,1888.6549098790924,"[0.09693432717911321, 0.1245058423585887, 0.15535314487358454, 0.17360568566761883, 0.19334142866665652, 0.20039406639215623, 0.22518306518048417, 0.26093904650135935]","[0.09693432717911321, 0.1245058423585887, 0.15535314487358454, 0.17360568566761883, 0.19334142866665652, 0.20039406639215623, 0.22518306518048417, 0.26093904650135935]",[],1.0,"{'input_timing_assumptions': [], 'bottom_boundary': 'free_drainage', 'substeps': 24, 'precipitation_timing': 'explicit_hourly', 'plant_water_stress_method': 'compensated_layer_depletion', 'root_zone_stress_factor': 0.9999999831317122, 'root_zone_depletion_fraction': 0.5431488450801907, 'readily_available_water_adjustment': 'none', 'potential_et_demand_mm': 6.1993396853162785, 'surface_wetness': [0.14886197036433865]}",3.780635668787427,2015-10-21,True,-2.5534271804766373,50.0,[],[]
2016-05-22,wheat,77,BBCH77,0.8203945217855008,1.0,1.0,1315.9878556179476,1.6613426931491537,0.0,0.0,0.0,0.5998902106378762,2.5863107345252843,0.0,0.0,0.0,0.0,0.003924560683704404,0.0,0.0,390.65826831297244,2.5863107789398,387.4681428071256,-3.1901255058468223,-4.263256414560601e-14,5.400376319885254,provided,explicit_hourly,2.586310778939799,3.0009890368279994,0.0,390.65826831297244,387.4681428071256,0.9999999828270771,0.9999999828270771,0.5431488450801907,5.587299815767798,0.9999999828270771,2.586310778939799,atmospheric,,,,,0.0,1.0,207.78593327414282,207.7859266376502,1.3070749293608788,881.3799921714551,12767.614215958849,4692.490889677251,495.377584235746,6087.306991587632,1492.438750458219,658.0467074549231,189.22371719135344,47.507594550864425,8728.834534790705,5293.287414683576,0.0,6.536993168992922e-13,1888.6549098790924,"[0.0909416329734003, 0.12451734578831784, 0.15518245427719526, 0.1733176515233479, 0.1929044484125464, 0.19868927874866738, 0.22264068514474797, 0.25828064877093154]","[0.0909416329734003, 0.12451734578831784, 0.15518245427719526, 0.1733176515233479, 0.1929044484125464, 0.19868927874866738, 0.22264068514474797, 0.25828064877093154]",[],1.0,"{'input_timing_assumptions': [], 'bottom_boundary': 'free_drainage', 'substeps': 24, 'precipitation_timing': 'explicit_hourly', 'plant_water_stress_method': 'compensated_layer_depletion', 'root_zone_stress_factor': 0.9999999828270771, 'root_zone_depletion_fraction': 0.5431488450801907, 'readily_available_water_adjustment': 'none', 'potential_et_demand_mm': 5.587299815767798, 'surface_wetness': [0.13063173570742587]}",3.1862009451631605,2015-10-21,True,-3.25656728208868,50.0,[],[]
2016-05-23,wheat,77,BBCH77,0.8336857256585081,1.0,1.0,1337.3081623959017,1.6911657821184423,0.02719780167937374,0.0,0.0,0.34951601672538574,1.4170259695945444,0.014454157005336518,0.0,0.0,0.0,0.0034645039287567883,0.0,0.0,387.4681428071256,1.4170259942360683,385.71087996155086,-1.7572628455747576,1.0791367799356522e-13,3.2111542224884033,provided,explicit_hourly,1.4314801512414053,1.9486988095145874,0.0,387.4681428071256,385.71087996155086,0.9999999826103939,0.9999999826098865,0.5431488450801907,3.380178960755993,0.9999999826103939,1.4314801512414053,atmospheric,,,,,0.010097350628859192,1.0,75.74696914504271,75.74696669522788,1.1692578845493984,902.7002989494091,12843.361182654076,4805.903157588007,443.1453263967838,6049.641690372104,1544.671008297181,615.4458351677644,68.98023767045419,44.43203024030197,8728.834534790705,5293.287414683576,0.0,-4.263256414560601e-13,1888.6549098790924,"[0.08758379756549198, 0.12452485881781046, 0.15508527195129676, 0.17316156282617273, 0.19266777870519425, 0.19778037422098527, 0.22133993150196002, 0.2566920710311461]","[0.08758379756549198, 0.12452485881781046, 0.15508527195129676, 0.17316156282617273, 0.19266777870519425, 0.19778037422098527, 0.22133993150196002, 0.2566920710311461]",[],1.0,"{'input_timing_assumptions': [], 'bottom_boundary': 'free_drainage', 'substeps': 24, 'precipitation_timing': 'explicit_hourly', 'plant_water_stress_method': 'compensated_layer_depletion', 'root_zone_stress_factor': 0.9999999826098865, 'root_zone_depletion_fraction': 0.5431488450801907, 'readily_available_water_adjustment': 'none', 'potential_et_demand_mm': 3.380178960755993, 'surface_wetness': [0.1204169432744826]}",1.7809961433252666,2015-10-21,True,-3.855836702659971,50.0,[],[]
2016-05-24,wheat,77,BBCH77,0.8467270478152805,1.0,1.0,1358.227636043973,1.7204281811211732,0.0,0.0,0.0,0.6786504578936877,2.708259850187285,0.0,0.0,0.0,0.0,0.0030533460100522214,0.0,0.0,385.71087996155086,2.7082598978689885,382.3209163074598,-3.389963654091048,2.3092638912203256e-14,6.556298732757568,provided,explicit_hourly,2.708259897868988,4.3098001815140705,0.0,385.71087996155086,382.3209163074598,0.9999999823939706,0.9999999823939707,0.5431488450801907,7.0180600793830585,0.9999999823939706,2.708259897868988,atmospheric,,,,,0.0,1.0,190.7560308131801,190.75602456695037,1.0459595565493671,923.6197725974805,13034.117207221025,5021.369074082526,396.4156198643297,6024.931798444535,1591.400714829635,578.3065357316414,173.71515303896948,41.75076345554971,8728.834534790705,5293.287414683576,0.0,-2.0463630789890885e-12,1888.6549098790924,"[0.08081461199922739, 0.12452464618258896, 0.15491097473233156, 0.17286616233343535, 0.19221949712170852, 0.19601641361849317, 0.21868278625457996, 0.25385299081718166]","[0.08081461199922739, 0.12452464618258896, 0.15491097473233156, 0.17286616233343535, 0.19221949712170852, 0.19601641361849317, 0.21868278625457996, 0.25385299081718166]",[],1.0,"{'input_timing_assumptions': [], 'bottom_boundary': 'free_drainage', 'substeps': 24, 'precipitation_timing': 'explicit_hourly', 'plant_water_stress_method': 'compensated_layer_depletion', 'root_zone_stress_factor': 0.9999999823939707, 'root_zone_depletion_fraction': 0.5431488450801907, 'readily_available_water_adjustment': 'none', 'potential_et_demand_mm': 7.0180600793830585, 'surface_wetness': [0.0998245624399077]}",3.3869103080809726,2015-10-21,True,-4.191620243450803,50.0,[],[]
2016-05-25,wheat,77,BBCH77,0.8598180152831432,1.0,1.0,1379.2267453121615,1.7498019753401461,0.0,0.0,0.0,0.3893548728845008,1.5654503603460852,0.0,0.0,0.0,0.0,0.00266038848714086,0.0,0.0,382.3209163074598,1.5654503882664694,380.36345068574224,-1.9574656217175743,-1.525446435834965e-13,4.103227138519287,provided,explicit_hourly,1.5654503882664699,2.8972213328756524,0.0,382.3209163074598,380.36345068574224,0.9999999821646317,0.9999999821646316,0.5431488450801907,4.462671721142122,0.9999999821646317,1.5654503882664699,atmospheric,,,,,3.3306690738754696e-16,1.0,84.33287940472873,84.33287660731138,0.9352662166584531,944.6188818656689,13118.450083828337,5137.245017591031,354.46316704438306,5993.388731543341,1633.3531676495818,541.268451348822,76.79913963039155,39.07680387811314,8728.834534790705,5293.287414683576,0.0,4.689582056016661e-13,1888.6549098790924,"[0.0769529214215423, 0.12450960486775181, 0.15480715741053472, 0.1726973729925393, 0.1919633713686452, 0.19501961168466356, 0.21722582601795412, 0.25209608924752]","[0.0769529214215423, 0.12450960486775181, 0.15480715741053472, 0.1726973729925393, 0.1919633713686452, 0.19501961168466356, 0.21722582601795412, 0.25209608924752]",[],1.0,"{'input_timing_assumptions': [], 'bottom_boundary': 'free_drainage', 'substeps': 24, 'precipitation_timing': 'explicit_hourly', 'plant_water_stress_method': 'compensated_layer_depletion', 'root_zone_stress_factor': 0.9999999821646316, 'root_zone_depletion_fraction': 0.5431488450801907, 'readily_available_water_adjustment': 'none', 'potential_et_demand_mm': 4.462671721142122, 'surface_wetness': [0.08807700399841814]}",1.954805233230586,2015-10-21,True,-4.868538800077262,50.0,[],[]
2016-05-26,wheat,83,BBCH83,0.8735183482670896,1.0,1.0,1401.2033326076937,1.7805430770035475,0.0,0.0,0.0,0.4676578893497717,1.8767806730113012,0.0,0.0,0.0,0.0,0.0023737699741457115,0.0,0.0,380.36345068574224,1.8820353923688482,378.01663835340696,-2.3468123323352756,5.684341886080802e-14,5.358954429626465,provided,explicit_hourly,1.8820353923688493,4.034770285495011,0.0,380.36345068574224,378.01663835340696,0.9972079593301734,0.9972079593301727,0.5431488450801907,5.91680567786386,0.9972079593301734,1.8820353923688493,atmospheric,,,,,5.551115123125783e-16,1.0,128.10360744102513,127.43919208565093,0.8318863058492415,966.5954691612011,13245.889275913989,5296.458789290925,315.28248250610994,5961.614151929099,1672.5338521878548,506.02364059802505,122.68146224778663,36.53230945210691,8728.834534790705,7698.170398758567,0.0,1.4637180356658064e-12,1888.6549098790924,"[0.07233293712165588, 0.12446962324454836, 0.15468553568777016, 0.17249619223929039, 0.19165803869246645, 0.1938241761036958, 0.21544557366792655, 0.2500183144823433]","[0.07233293712165588, 0.12446962324454836, 0.15468553568777016, 0.17249619223929039, 0.19165803869246645, 0.1938241761036958, 0.21544557366792655, 0.2500183144823433]",[],1.0,"{'input_timing_assumptions': [], 'bottom_boundary': 'free_drainage', 'substeps': 24, 'precipitation_timing': 'explicit_hourly', 'plant_water_stress_method': 'compensated_layer_depletion', 'root_zone_stress_factor': 0.9972079593301727, 'root_zone_depletion_fraction': 0.5431488450801907, 'readily_available_water_adjustment': 'none', 'potential_et_demand_mm': 5.91680567786386, 'surface_wetness': [0.07402265798858985]}",2.344438562361073,2015-10-21,True,-5.254707857845771,50.0,[],[]
2016-05-27,wheat,83,BBCH83,0.8862796533664635,1.0,1.0,1421.6736332821322,1.8091771677134023,0.0,0.0,0.0,0.30261971299317214,1.199351813529241,0.0,0.0,0.0,0.0,0.0021352589744570195,0.0,0.0,378.01663835340696,1.2213308843849335,376.51253156791006,-1.5041067854969015,3.1308289294429414e-14,3.804029703140259,provided,explicit_hourly,1.221330884384934,3.0410467566021966,0.0,378.01663835340696,376.51253156791006,0.9820039997868707,0.9820039997868703,0.5431488450801907,4.262377640987131,0.9820039997868707,1.221330884384934,atmospheric,,,,,3.3306690738754696e-16,1.0,65.12664789341359,62.96374544603919,0.745610904228386,987.0657698356396,13308.853021360028,5391.187173323053,282.5843570399546,5929.84951334301,1705.23197765401,472.54446862275677,60.61309894938706,34.115285082740755,8728.834534790705,7698.170398758567,0.0,-2.3447910280083306e-13,1888.6549098790924,"[0.06940552737451153, 0.12438731064885071, 0.15460380946727803, 0.17236673935349525, 0.19146151600711644, 0.19307278689765628, 0.21435950291835204, 0.24862455671451836]","[0.06940552737451153, 0.12438731064885071, 0.15460380946727803, 0.17236673935349525, 0.19146151600711644, 0.19307278689765628, 0.21435950291835204, 0.24862455671451836]",[],1.0,"{'input_timing_assumptions': [], 'bottom_boundary': 'free_drainage', 'substeps': 24, 'precipitation_timing': 'explicit_hourly', 'plant_water_stress_method': 'compensated_layer_depletion', 'root_zone_stress_factor': 0.9820039997868703, 'root_zone_depletion_fraction': 0.5431488450801907, 'readily_available_water_adjustment': 'none', 'potential_et_demand_mm': 4.262377640987131, 'surface_wetness': [0.06511725337500228]}",1.501971526522413,2015-10-21,True,-5.716706287834413,50.0,[],[]
2016-05-28,wheat,83,BBCH83,0.8986472394725388,1.0,1.0,1441.5123726772738,1.836927823282375,0.0,0.0,0.0,0.30759676701676253,1.202042953099106,0.0,0.0,0.0,0.0,0.0019620047632757523,0.0,0.0,376.51253156791006,1.2418144518922296,375.0009298430309,-1.5116017248791422,-1.9984014443252818e-15,4.216757297515869,provided,explicit_hourly,1.2418144518922292,3.543967930082075,0.0,376.51253156791006,375.0009298430309,0.9679730746147128,0.9679730746147132,0.5431488450801907,4.785782381974304,0.9679730746147128,1.2418144518922292,atmospheric,,,,,0.0,1.0,94.492131385156,88.94129335011563,0.6702999009582666,1006.9045092307813,13397.794314710143,5508.68667121843,254.04170655505527,5901.291308797748,1733.7746281389095,441.5643494336738,85.62081839837798,31.878679496999368,8728.834534790705,7698.170398758567,0.0,-3.268496584496461e-13,1888.6549098790924,"[0.0664923549774088, 0.1242409581604546, 0.15452138727641163, 0.17223593936854065, 0.19126292084379087, 0.19232013330444434, 0.21326405486101005, 0.24723597127858674]","[0.0664923549774088, 0.1242409581604546, 0.15452138727641163, 0.17223593936854065, 0.19126292084379087, 0.19232013330444434, 0.21326405486101005, 0.24723597127858674]",[],1.0,"{'input_timing_assumptions': [], 'bottom_boundary': 'free_drainage', 'substeps': 24, 'precipitation_timing': 'explicit_hourly', 'plant_water_stress_method': 'compensated_layer_depletion', 'root_zone_stress_factor': 0.9679730746147132, 'root_zone_depletion_fraction': 0.5431488450801907, 'readily_available_water_adjustment': 'none', 'potential_et_demand_mm': 4.785782381974304, 'surface_wetness': [0.05625515987044875]}",1.5096397201158684,2015-10-21,True,-6.009447262548848,50.0,[],[]
2016-05-29,wheat,83,BBCH83,0.9117942549321955,1.0,1.0,1462.6013880510907,1.8664273791901904,0.0,0.0,0.0,0.3517040480973733,1.4052756398742616,0.0,0.0,0.0,0.0,0.0017915241485889203,0.0,0.0,375.0009298430309,1.474567674844012,373.24215863091075,-1.7587712121201662,-5.773159728050814e-14,5.45747709274292,provided,explicit_hourly,1.4745676748440117,4.791519372118955,0.0,375.0009298430309,373.24215863091075,0.9530085759020315,0.9530085759020315,0.5431488450801907,6.2660870469629675,0.9530085759020315,1.4745676748440117,atmospheric,,,,,0.0,1.0,121.23125972698267,110.85053348873757,0.5937699302636384,1029.442818328071,13508.644848198881,5645.2063617013055,225.0370709731649,5875.622151803609,1762.7792637208,412.8766785387437,106.7121135718247,29.807576911050585,8728.834534790705,7698.170398758567,0.0,1.4210854715202004e-13,1888.6549098790924,"[0.0632737188825759, 0.12395906687561274, 0.15442594628246026, 0.17208166733960342, 0.1910286956223002, 0.19143644990876613, 0.21195351568937348, 0.24564962544367341]","[0.0632737188825759, 0.12395906687561274, 0.15442594628246026, 0.17208166733960342, 0.1910286956223002, 0.19143644990876613, 0.21195351568937348, 0.24564962544367341]",[],1.0,"{'input_timing_assumptions': [], 'bottom_boundary': 'free_drainage', 'substeps': 24, 'precipitation_timing': 'explicit_hourly', 'plant_water_stress_method': 'compensated_layer_depletion', 'root_zone_stress_factor': 0.9530085759020315, 'root_zone_depletion_fraction': 0.5431488450801907, 'readily_available_water_adjustment': 'none', 'potential_et_demand_mm': 6.2660870469629675, 'surface_wetness': [0.046463822406895845]}",1.756979687971635,2015-10-21,True,-6.300764502259121,50.0,[],[]
2016-05-30,wheat,85,BBCH85,0.9206090907345356,1.0,1.0,1476.74119098383,1.8862062972546967,0.0,0.0,0.0,0.4167544570853087,1.7710369463473756,0.0,0.0,0.0,0.0,0.0016067429273928435,0.0,0.0,373.24215863091075,1.8936738963503876,371.05276048455056,-2.1893981463601904,1.1324274851176597e-13,7.748762130737305,provided,explicit_hourly,1.8936738963503883,7.111985321566649,0.0,373.24215863091075,371.05276048455056,0.9352386119704317,0.9352386119704313,0.5431488450801907,9.005659217917037,0.9352386119704317,1.8936738963503883,atmospheric,,,,,3.3306690738754696e-16,1.0,106.27436898135393,93.83148117286315,0.5143684758985784,1056.0874802314527,13602.476329371742,5764.995929829494,194.94415145905464,5849.6640648482835,1792.8721832349102,385.54980042187026,91.95485154940589,27.834716578782693,8728.834534790705,8245.31308825711,0.0,-1.6910917111090384e-12,1888.6549098790924,"[0.059768781088578936, 0.12331329138012634, 0.1543069621526421, 0.17188520031541907, 0.19073046055441203, 0.1903181523970233, 0.21026276667323843, 0.24369886064960866]","[0.059768781088578936, 0.12331329138012634, 0.1543069621526421, 0.17188520031541907, 0.19073046055441203, 0.1903181523970233, 0.21026276667323843, 0.24369886064960866]",[],1.0,"{'input_timing_assumptions': [], 'bottom_boundary': 'free_drainage', 'substeps': 24, 'precipitation_timing': 'explicit_hourly', 'plant_water_stress_method': 'compensated_layer_depletion', 'root_zone_stress_factor': 0.9352386119704313, 'root_zone_depletion_fraction': 0.5431488450801907, 'readily_available_water_adjustment': 'none', 'potential_et_demand_mm': 9.005659217917037, 'surface_wetness': [0.03580153325128798]}",2.1877914034326844,2015-10-21,True,-6.6226281117424115,50.0,[],[]
2016-05-31,wheat,85,BBCH85,0.932833806994781,1.0,1.0,1496.350754077749,1.9136363783923445,0.00906593389312458,0.0,0.0,0.26637055871670157,1.1419111750451403,0.0023385244371552137,0.0,0.0,0.0,0.001449640724990088,0.0,0.0,371.05276048455056,1.2429835257382038,369.64975651951966,-1.403003965030905,4.241051954068098e-14,5.755553722381592,provided,explicit_hourly,1.2453220501753595,5.531540929014408,0.0,371.05276048455056,369.64975651951966,0.9186856876216143,0.918685496347367,0.5431488450801907,6.776862979189768,0.9186856876216143,1.2453220501753595,atmospheric,,,,,0.0018778471294443877,1.0,61.70035950562913,52.69673333014587,0.4531350926457528,1079.5000111305005,13655.173062701888,5842.618434180608,171.73687788278113,5824.738293827315,1816.0794568111837,359.8553020833413,51.64279866354295,25.979705687571276,8728.834534790705,8245.31308825711,0.0,-4.334310688136611e-13,1888.6549098790924,"[0.058345498026708874, 0.1221579549429149, 0.1542253224187236, 0.17175733221754533, 0.1905362416520763, 0.18960681612050978, 0.20921353777767507, 0.24239073156922306]","[0.058345498026708874, 0.1221579549429149, 0.1542253224187236, 0.17175733221754533, 0.1905362416520763, 0.18960681612050978, 0.20921353777767507, 0.24239073156922306]",[],1.0,"{'input_timing_assumptions': [], 'bottom_boundary': 'free_drainage', 'substeps': 24, 'precipitation_timing': 'explicit_hourly', 'plant_water_stress_method': 'compensated_layer_depletion', 'root_zone_stress_factor': 0.918685496347367, 'root_zone_depletion_fraction': 0.5431488450801907, 'readily_available_water_adjustment': 'none', 'potential_et_demand_mm': 6.776862979189768, 'surface_wetness': [0.03147179719094217]}",1.410620258198997,2015-10-21,True,-6.973121891142108,50.0,[],[]
2016-06-01,wheat,85,BBCH85,0.9453709037546437,1.0,1.0,1516.4614040669503,1.9417673856102309,0.0,0.0,0.0,0.2855558059989008,1.1898955897863348,0.0,0.0,0.0,0.0,0.0013331152797623391,0.0,0.0,369.64975651951966,1.3143970141205032,368.1729720084547,-1.4767845110649773,-2.0650148258027912e-14,6.779953956604004,provided,explicit_hourly,1.314397014120503,6.751649500378801,0.0,369.64975651951966,368.1729720084547,0.9052786768406687,0.905278676840669,0.5431488450801907,8.066046514499304,0.9052786768406687,1.314397014120503,atmospheric,,,,,0.0,1.0,84.13107995989688,69.91622081632619,0.3996871251059278,1102.6164452277903,13725.089283518213,5935.392205390302,151.48025414420516,5801.880743433948,1836.3360805497596,335.9778306154479,68.51789639999966,24.255874809693633,8728.834534790705,8245.31308825711,0.0,-9.663381206337363e-13,1888.6549098790924,"[0.05706536543809533, 0.12060204460057061, 0.15413900781308543, 0.17162299146258064, 0.19033220091143493, 0.1888655961967059, 0.20811108099919945, 0.241038613360014]","[0.05706536543809533, 0.12060204460057061, 0.15413900781308543, 0.17162299146258064, 0.19033220091143493, 0.1888655961967059, 0.20811108099919945, 0.241038613360014]",[],1.0,"{'input_timing_assumptions': [], 'bottom_boundary': 'free_drainage', 'substeps': 24, 'precipitation_timing': 'explicit_hourly', 'plant_water_stress_method': 'compensated_layer_depletion', 'root_zone_stress_factor': 0.905278676840669, 'root_zone_depletion_fraction': 0.5431488450801907, 'readily_available_water_adjustment': 'none', 'potential_et_demand_mm': 8.066046514499304, 'surface_wetness': [0.02757753583181284]}",1.4754513957852355,2015-10-21,True,-7.115450197329114,50.0,[],[]
2016-06-02,wheat,87,BBCH87,0.9580727307207721,1.0,1.0,1536.8362963751122,1.9702680180061165,0.0,0.0,0.0,0.245657726585685,0.9688354762756987,0.0,0.0,0.0,0.0,0.0012318901995939217,0.0,0.0,368.1729720084547,1.0852176534045836,366.9572469153937,-1.2157250930609962,1.865174681370263e-14,6.252737998962402,provided,explicit_hourly,1.0852176534045836,6.422682102382926,0.0,368.1729720084547,366.9572469153937,0.8927568338353448,0.8927568338353449,0.5431488450801907,7.50789975578751,0.8927568338353448,1.0852176534045836,atmospheric,,,,,0.0,1.0,81.90268554937157,66.3237665643984,0.3527260591522471,1125.5767361366038,13791.413050082614,6021.343306537908,133.68214717826015,5782.25340885074,1854.1341875157045,314.12521104280984,63.27287330243607,22.678227845169783,8728.834534790705,8601.592048860812,0.0,2.6147972675971687e-12,1888.6549098790924,"[0.056397759121334205, 0.11883501370613728, 0.1540644590213245, 0.17151277920256616, 0.1901647302962481, 0.18826670628375383, 0.20723080166683025, 0.23991631857281276]","[0.056397759121334205, 0.11883501370613728, 0.1540644590213245, 0.17151277920256616, 0.1901647302962481, 0.18826670628375383, 0.20723080166683025, 0.23991631857281276]",[],1.0,"{'input_timing_assumptions': [], 'bottom_boundary': 'free_drainage', 'substeps': 24, 'precipitation_timing': 'explicit_hourly', 'plant_water_stress_method': 'compensated_layer_depletion', 'root_zone_stress_factor': 0.8927568338353449, 'root_zone_depletion_fraction': 0.5431488450801907, 'readily_available_water_adjustment': 'none', 'potential_et_demand_mm': 7.50789975578751, 'surface_wetness': [0.02554662629509892]}",1.2144932028613837,2015-10-21,True,-7.243463456190468,50.0,[],[]
2016-06-03,wheat,87,BBCH87,0.970835858637302,1.0,1.0,1557.3095210150047,1.998906198792291,0.1541208812491033,0.0,0.0,0.1869454371382932,0.5947972334324232,0.02851411507770059,0.0,0.0,0.0,0.001160213352510613,0.0,0.0,366.9572469153937,0.6733724363528211,366.2999507976419,-0.6572961177517982,-2.609024107869118e-14,4.522757530212402,provided,explicit_hourly,0.7018865514305216,4.773957640390983,0.0,366.9572469153937,366.2999507976419,0.8833109306552793,0.8833209192382993,0.5431488450801907,5.475844191821505,0.8833109306552793,0.7018865514305216,atmospheric,,,,,0.04062496285131212,1.0,34.54106346867845,27.42300321584791,0.3113052968167,1148.4789215766675,13818.836053298463,6068.6790554689915,117.98379911720491,5762.340663135505,1869.8325355767597,293.29237286928344,26.161545067918905,21.174203863164735,8728.834534790705,8601.592048860812,0.0,5.293543381412746e-13,1888.6549098790924,"[0.05712934248120294, 0.11751464953483647, 0.15401147062749482, 0.17144475017350533, 0.1900611894523936, 0.1879069695398618, 0.20672868063214625, 0.23918035060601064]","[0.05712934248120294, 0.11751464953483647, 0.15401147062749482, 0.17144475017350533, 0.1900611894523936, 0.1879069695398618, 0.20672868063214625, 0.23918035060601064]",[],1.0,"{'input_timing_assumptions': [], 'bottom_boundary': 'free_drainage', 'substeps': 24, 'precipitation_timing': 'explicit_hourly', 'plant_water_stress_method': 'compensated_layer_depletion', 'root_zone_stress_factor': 0.8833209192382993, 'root_zone_depletion_fraction': 0.5431488450801907, 'readily_available_water_adjustment': 'none', 'potential_et_demand_mm': 5.475844191821505, 'surface_wetness': [0.027772158895908988]}",0.8102567856484171,2015-10-21,True,-7.3102240878665805,50.0,[],[]
2016-06-04,wheat,89,BBCH89,0.982538212886103,1.0,1.0,1576.0811676613578,2.0,0.0,0.0,0.0,0.2380488222221758,0.7147480701644845,0.0,0.0,0.0,0.0,0.001102510797086857,0.0,0.0,366.2999507976419,0.8165631506158874,365.34605139445813,-0.9538994031837547,7.549516567451064e-15,5.892882347106934,provided,explicit_hourly,0.8165631506158875,6.371424410891139,0.0,366.2999507976419,365.34605139445813,0.8753126682552237,0.8753126682552237,0.5431488450801907,7.187987561507026,0.8753126682552237,0.8165631506158875,atmospheric,,,,,1.1102230246251565e-16,1.0,0.0,0.0,0.0,0.0,13818.83605329846,6068.6790554689915,0.0,5762.340663135505,1987.8163346939646,293.29237286928344,0.0,0.0,8728.834534790705,8728.834534790705,0.0,-1.8189894035458565e-12,1888.6549098790924,"[0.056023876389982456, 0.11626629594005258, 0.15394933373982714, 0.17136254013168972, 0.18993615071428763, 0.18747088715291868, 0.20610058773529352, 0.23832566504824365]","[0.056023876389982456, 0.11626629594005258, 0.15394933373982714, 0.17136254013168972, 0.18993615071428763, 0.18747088715291868, 0.20610058773529352, 0.23832566504824365]",[],1.0,"{'input_timing_assumptions': [], 'bottom_boundary': 'free_drainage', 'substeps': 24, 'precipitation_timing': 'explicit_hourly', 'plant_water_stress_method': 'compensated_layer_depletion', 'root_zone_stress_factor': 0.8753126682552237, 'root_zone_depletion_fraction': 0.5431488450801907, 'readily_available_water_adjustment': 'none', 'potential_et_demand_mm': 7.187987561507026, 'surface_wetness': [0.024409246396719972]}",0.9527968923866603,2015-10-21,True,-7.237065751879707,50.0,[],[]
2016-06-05,wheat,89,BBCH89,0.9961717591811886,1.0,1.0,1597.9506229988822,2.0,0.19038461006695437,0.0,0.0,0.2141787947498111,0.0,0.0,0.0,0.0,0.0,0.001067233684051521,0.0,0.0,365.34605139445813,0.0,365.3211899760913,-0.024861418366810994,-9.725553695716371e-14,4.410313129425049,provided,explicit_hourly,0.0,5.712064858012136,0.0,365.34605139445813,365.3211899760913,1.0,0.8702485558267119,0.5431488450801907,5.712064858012136,1.0,0.0,atmospheric,,,,,0.0,1.0,0.0,0.0,0.0,0.0,13818.83605329846,6068.6790554689915,0.0,5762.340663135505,1987.8163346939646,293.29237286928344,0.0,0.0,8728.834534790705,8728.834534790705,0.0,0.0,1888.6549098790924,"[0.056908135266202135, 0.11517331365262871, 0.153930870790879, 0.1713626597836877, 0.18993587007653667, 0.18748980681776992, 0.20619887613008248, 0.23820512076347286]","[0.056908135266202135, 0.11517331365262871, 0.153930870790879, 0.1713626597836877, 0.18993587007653667, 0.18748980681776992, 0.20619887613008248, 0.23820512076347286]",[],1.0,"{'input_timing_assumptions': [], 'bottom_boundary': 'free_drainage', 'substeps': 24, 'precipitation_timing': 'explicit_hourly', 'plant_water_stress_method': 'compensated_layer_depletion', 'root_zone_stress_factor': 0.8702485558267119, 'root_zone_depletion_fraction': 0.5431488450801907, 'readily_available_water_adjustment': 'none', 'potential_et_demand_mm': 5.712064858012136, 'surface_wetness': [0.027099229609208124]}",0.2141787947498111,2015-10-21,True,-7.347612361001755,50.0,[],[]
2016-06-06,wheat,92,BBCH92,1.0,1.0,1.0,1617.5468874712567,2.0,0.0,0.0,0.0,0.2573115657698894,0.0,0.0,0.0,0.0,0.0,0.0010589913080467303,0.0,0.0,365.3211899760913,0.0,365.06281941901335,-0.2583705570779671,3.097522238704187e-14,5.60029411315918,provided,explicit_hourly,0.0,7.253281628662741,0.0,365.3211899760913,365.06281941901335,1.0,0.869039617536901,0.5431488450801907,7.253281628662741,1.0,0.0,atmospheric,,,,,0.0,1.0,0.0,0.0,0.0,0.0,13818.83605329846,6068.6790554689915,0.0,5762.340663135505,1987.8163346939646,293.29237286928344,0.0,0.0,8728.834534790705,8728.834534790705,0.0,0.0,1888.6549098790924,"[0.05543280312918684, 0.11410682746042872, 0.15391102328837605, 0.17136277871266975, 0.18993559129572565, 0.1875088941098812, 0.20629519946050773, 0.23808593267833825]","[0.05543280312918684, 0.11410682746042872, 0.15391102328837605, 0.17136277871266975, 0.18993559129572565, 0.1875088941098812, 0.20629519946050773, 0.23808593267833825]",[],1.0,"{'input_timing_assumptions': [], 'bottom_boundary': 'free_drainage', 'substeps': 24, 'precipitation_timing': 'explicit_hourly', 'plant_water_stress_method': 'compensated_layer_depletion', 'root_zone_stress_factor': 0.869039617536901, 'root_zone_depletion_fraction': 0.5431488450801907, 'readily_available_water_adjustment': 'none', 'potential_et_demand_mm': 7.253281628662741, 'surface_wetness': [0.022611156276677077]}",0.2573115657698894,2015-10-21,True,-7.2591864733797875,50.0,[],[]
2016-06-07,wheat,92,BBCH92,1.0,1.0,1.0,1637.1808787127118,2.0,3.921016323498959,0.0,0.0,0.4697522789885463,0.0,0.0,0.0,0.0,0.0,0.00105088566455141,0.0,0.0,365.06281941901335,0.0,368.5130325778593,3.4502131588459406,-7.949196856316121e-14,3.6599977016448975,provided,explicit_hourly,0.0,4.74028569819405,0.0,365.06281941901335,368.5130325778593,1.0,0.8678441958069806,0.5431488450801907,4.74028569819405,1.0,0.0,atmospheric,,,,,0.0,1.0,0.0,0.0,0.0,0.0,13818.83605329846,6068.6790554689915,0.0,5762.340663135505,1987.8163346939646,293.29237286928344,0.0,0.0,8728.834534790705,8728.834534790705,0.0,0.0,1888.6549098790924,"[0.0906681651191183, 0.11341799381405869, 0.15388945022665607, 0.1713628968626102, 0.18993531439182626, 0.18752814629625703, 0.2063896002179883, 0.23796806992121702]","[0.0906681651191183, 0.11341799381405869, 0.15388945022665607, 0.1713628968626102, 0.18993531439182626, 0.18752814629625703, 0.2063896002179883, 0.23796806992121702]",[],1.0,"{'input_timing_assumptions': [], 'bottom_boundary': 'free_drainage', 'substeps': 24, 'precipitation_timing': 'explicit_hourly', 'plant_water_stress_method': 'compensated_layer_depletion', 'root_zone_stress_factor': 0.8678441958069806, 'root_zone_depletion_fraction': 0.5431488450801907, 'readily_available_water_adjustment': 'none', 'potential_et_demand_mm': 4.74028569819405, 'surface_wetness': [0.12979982555423789]}",0.4697522789885463,2015-10-21,True,-7.406719687081317,50.0,[],[]
2016-06-08,wheat,92,BBCH92,1.0,1.0,1.0,1655.7053775788663,2.0,0.03626373557249832,0.0,0.0,1.1121097390929724,0.0,0.0,0.0,0.0,0.0,0.001042948863539247,0.0,0.0,368.5130325778593,0.0,367.43614362547527,-1.0768889523840244,1.1102230246251565e-14,5.301610946655273,provided,explicit_hourly,0.0,6.866438887796138,0.0,368.5130325778593,367.43614362547527,1.0,0.8666619602758223,0.5431488450801907,6.866438887796138,1.0,0.0,atmospheric,,,,,0.0,1.0,0.0,0.0,0.0,0.0,13818.83605329846,6068.6790554689915,0.0,5762.340663135505,1987.8163346939646,293.29237286928344,0.0,0.0,8728.834534790705,8728.834534790705,0.0,0.0,1888.6549098790924,"[0.07991253063211969, 0.11344942037499553, 0.15386763591529307, 0.17136301419883157, 0.1899350393759591, 0.18754755991871525, 0.2064821280808723, 0.2378514968610637]","[0.07991253063211969, 0.11344942037499553, 0.15386763591529307, 0.17136301419883157, 0.1899350393759591, 0.18754755991871525, 0.2064821280808723, 0.2378514968610637]",[],1.0,"{'input_timing_assumptions': [], 'bottom_boundary': 'free_drainage', 'substeps': 24, 'precipitation_timing': 'explicit_hourly', 'plant_water_stress_method': 'compensated_layer_depletion', 'root_zone_stress_factor': 0.8666619602758223, 'root_zone_depletion_fraction': 0.5431488450801907, 'readily_available_water_adjustment': 'none', 'potential_et_demand_mm': 6.866438887796138, 'surface_wetness': [0.09708036184540302]}",1.1121097390929724,2015-10-21,True,-3.8831834880881715,50.0,[],[]
2016-06-09,wheat,92,BBCH92,1.0,1.0,1.0,1669.255935375638,2.0,0.0,0.0,0.0,1.1475167082648758,0.0,0.0,0.0,0.0,0.0,0.0010351399663861309,0.0,0.0,367.43614362547527,0.0,366.2875917772441,-1.1485518482311932,-6.88338275267597e-14,7.842623233795166,provided,explicit_hourly,0.0,10.157458496429006,0.0,367.43614362547527,366.2875917772441,1.0,0.8654925828763897,0.5431488450801907,10.157458496429006,1.0,0.0,atmospheric,,,,,0.0,1.0,0.0,0.0,0.0,0.0,13818.83605329846,6068.6790554689915,0.0,5762.340663135505,1987.8163346939646,293.29237286928344,0.0,0.0,8728.834534790705,8728.834534790705,0.0,0.0,1888.6549098790924,"[0.06845069784298921, 0.11347017942064908, 0.15384592900506658, 0.17136313072301834, 0.1899347662676047, 0.1875671322866435, 0.20657282265617802, 0.23773618498205043]","[0.06845069784298921, 0.11347017942064908, 0.15384592900506658, 0.17136313072301834, 0.1899347662676047, 0.1875671322866435, 0.20657282265617802, 0.23773618498205043]",[],1.0,"{'input_timing_assumptions': [], 'bottom_boundary': 'free_drainage', 'substeps': 24, 'precipitation_timing': 'explicit_hourly', 'plant_water_stress_method': 'compensated_layer_depletion', 'root_zone_stress_factor': 0.8654925828763897, 'root_zone_depletion_fraction': 0.5431488450801907, 'readily_available_water_adjustment': 'none', 'potential_et_demand_mm': 10.157458496429006, 'surface_wetness': [0.06221258882522301]}",1.1475167082648758,2015-10-21,True,-4.958746936788033,50.0,[],[]
2016-06-10,wheat,92,BBCH92,1.0,1.0,1.0,1681.920572574453,2.0,0.00906593389312458,0.0,0.0,0.6834931441926544,0.0,0.0,0.0,0.0,0.0,0.00102746716708709,0.0,0.0,366.2875917772441,0.0,365.61213709977744,-0.6754546774666323,1.5432100042289676e-14,7.137994766235352,provided,explicit_hourly,0.0,9.244851298393598,0.0,366.2875917772441,365.61213709977744,1.0,0.8643357731571987,0.5431488450801907,9.244851298393598,1.0,0.0,atmospheric,,,,,0.0,1.0,0.0,0.0,0.0,0.0,13818.83605329846,6068.6790554689915,0.0,5762.340663135505,1987.8163346939646,293.29237286928344,0.0,0.0,8728.834534790705,8728.834534790705,0.0,0.0,1888.6549098790924,"[0.061770466631073696, 0.1134401398468115, 0.15382428498813125, 0.1713632464399897, 0.18993449508315807, 0.18758686047671366, 0.20666172513638822, 0.23762210484897742]","[0.061770466631073696, 0.1134401398468115, 0.15382428498813125, 0.1713632464399897, 0.18993449508315807, 0.18758686047671366, 0.20666172513638822, 0.23762210484897742]",[],1.0,"{'input_timing_assumptions': [], 'bottom_boundary': 'free_drainage', 'substeps': 24, 'precipitation_timing': 'explicit_hourly', 'plant_water_stress_method': 'compensated_layer_depletion', 'root_zone_stress_factor': 0.8643357731571987, 'root_zone_depletion_fraction': 0.5431488450801907, 'readily_available_water_adjustment': 'none', 'potential_et_demand_mm': 9.244851298393598, 'surface_wetness': [0.04189081394814746]}",0.6834931441926544,2015-10-21,True,-6.10493021570108,50.0,[],[]
