representative_id,source_zone_id,crop,harvest_year,start_date,end_date,represented_area_ha,fraction,maximum_daily_residual_mm,maximum_carbon_residual_kg_ha,maximum_grain_ceiling_excess_kg_ha,storage_continuity_error_mm,root_extraction_fraction_day,precipitation_mm,irrigation_field_mm,capillary_rise_mm,soil_evaporation_mm,transpiration_mm,canopy_evaporation_mm,application_evaporation_mm,runoff_mm,off_field_drift_mm,bottom_drainage_mm,pump_input_mm,conveyance_loss_mm,et_mm,yield_kg_ha,biomass_kg_ha,initial_storage_mm,final_storage_mm,balance_residual_mm,parameter_version,nutrient_process,anthesis_date,maturity_date,season_end_date,season_end_reason,maturity_definition,germination_start_date,germination_water_response,sowing_depth_mm
5,ag_070_069,fallow,1996,1996-01-01,1996-10-11,6547.676813191237,0.0,2.531308496145357e-13,0.0,0.0,0.0,1.0,802.41,0.0,0.0,540.1960240025073,0.0,0.0,0.0,0.0,0.0,132.56850880676947,0.0,0.0,540.1960240025073,0.0,0.0,504.886884455749,634.5323516464703,1.917827008313111e-12,unvalidated-engineering-priors,fixed independent scenario factor; no N cycle,,,,right_censored,BBCH89_full_ripeness,,,
5,ag_070_069,wheat,1997,1996-10-12,1997-06-10,6547.676813191237,0.0,3.497202527569243e-13,2.8137492336099967e-12,0.0,0.0,0.04267140235271844,259.98,0.0,0.0,179.33783390026557,201.89239898625854,54.516349806072675,0.0,0.0,0.0,43.06408077433374,0.0,0.0,435.7465826925968,8307.523198850553,17996.50111968936,634.5323516464703,415.7016881795405,-7.506772981002996e-13,unvalidated-engineering-priors,fixed independent scenario factor; no N cycle,1997-05-02,1997-06-08,1997-06-08,full_ripeness,BBCH89_full_ripeness,1996-10-12,seed_layer_available_water,50.0
5,ag_070_069,fallow,1997,1997-06-11,1997-06-14,6547.676813191237,0.0,9.85878045867139e-14,0.0,0.0,0.0,1.0,5.609999999999999,0.0,0.0,6.096862126458173,0.0,0.0,0.0,0.0,0.0,0.0015655116920209652,0.0,0.0,6.096862126458173,0.0,0.0,415.7016881795405,415.21326054139047,-1.6575629757653587e-13,unvalidated-engineering-priors,fixed independent scenario factor; no N cycle,,,,right_censored,BBCH89_full_ripeness,,,
5,ag_070_069,maize,1997,1997-06-15,1997-10-05,6547.676813191237,0.0,2.2115642650533118e-13,4.007461029686965e-12,0.0,0.0,0.03354275471250856,264.74,0.0,0.0,18.97940113656812,168.63877391174856,56.55870866799572,0.0,0.0,0.0,0.026453289922901944,0.0,0.0,244.1768837163124,9174.272334814461,17521.84186953519,415.21326054139047,435.74992353515546,-2.915306884787583e-13,unvalidated-engineering-priors,fixed independent scenario factor; no N cycle,1997-08-20,,1997-10-05,cut_before_maturity,R6_physiological_maturity,1997-06-26,seed_layer_available_water,50.0
5,ag_070_069,fallow,1997,1997-10-06,1997-10-11,6547.676813191237,0.0,9.50350909079134e-14,0.0,0.0,0.0,1.0,0.0,0.0,0.0,14.2513263981348,0.0,0.0,0.0,0.0,0.0,0.00012455424382867977,0.0,0.0,14.2513263981348,0.0,0.0,435.74992353515546,421.4984725827769,-8.193445921733655e-14,unvalidated-engineering-priors,fixed independent scenario factor; no N cycle,,,,right_censored,BBCH89_full_ripeness,,,
5,ag_070_069,wheat,1998,1997-10-12,1998-06-10,6547.676813191237,0.0,2.4780177909633494e-13,2.0463630789890885e-12,0.0,0.0,0.04267140235271844,365.12,0.0,0.0,236.93673352064818,121.69445196004934,48.10399172618043,0.0,0.0,0.0,0.008045103742498253,0.0,0.0,406.73517720687795,5369.32250894436,12166.312699510072,421.4984725827769,379.87525027215645,3.774758283725532e-14,unvalidated-engineering-priors,fixed independent scenario factor; no N cycle,1998-05-06,,1998-06-10,cut_before_maturity,BBCH89_full_ripeness,1997-11-09,seed_layer_available_water,50.0
5,ag_070_069,fallow,1998,1998-06-11,1998-06-14,6547.676813191237,0.0,8.970602038971265e-14,0.0,0.0,0.0,1.0,6.73,0.0,0.0,6.739412720334782,0.0,0.0,0.0,0.0,0.0,4.394317747420581e-05,0.0,0.0,6.739412720334782,0.0,0.0,379.87525027215645,379.8657936086441,1.1046719095020308e-13,unvalidated-engineering-priors,fixed independent scenario factor; no N cycle,,,,right_censored,BBCH89_full_ripeness,,,
5,ag_070_069,maize,1998,1998-06-15,1998-10-05,6547.676813191237,0.0,8.810729923425242e-13,3.637978807091713e-12,0.0,0.0,0.03354275471250856,719.71,0.0,0.0,16.88995651687174,175.84186070708742,105.99779355529161,0.0,31.474204537416675,0.0,178.790302937342,0.0,0.0,298.7296107792508,9266.162763571028,17520.508425196138,379.8657936086441,590.5816753546374,-2.7038926653233375e-12,unvalidated-engineering-priors,fixed independent scenario factor; no N cycle,1998-08-12,1998-09-25,1998-09-25,physiological_maturity,R6_physiological_maturity,1998-06-18,seed_layer_available_water,50.0
5,ag_070_069,fallow,1998,1998-10-06,1998-10-11,6547.676813191237,0.0,1.7152945730458669e-13,0.0,0.0,0.0,1.0,0.7899999999999999,0.0,0.0,13.008664624416582,0.0,0.0,0.0,0.0,0.0,0.8853239093393181,0.0,0.0,13.008664624416582,0.0,0.0,590.5816753546374,577.4776868208817,-2.1727064591914313e-13,unvalidated-engineering-priors,fixed independent scenario factor; no N cycle,,,,right_censored,BBCH89_full_ripeness,,,
5,ag_070_069,wheat,1999,1998-10-12,1999-06-10,6547.676813191237,0.0,3.204103649068202e-13,2.6716406864579767e-12,0.0,0.0,0.04267140235271844,214.94,0.0,0.0,156.2708684529534,176.3724391916317,41.91830164439505,0.0,0.0,0.0,14.681682655332649,0.0,0.0,374.5616092889802,6008.592642023429,13843.024599854914,577.4776868208817,403.1743948765673,1.5282775045477592e-12,unvalidated-engineering-priors,fixed independent scenario factor; no N cycle,1999-04-26,1999-06-03,1999-06-03,full_ripeness,BBCH89_full_ripeness,1998-10-12,seed_layer_available_water,50.0
5,ag_070_069,fallow,1999,1999-06-11,1999-06-14,6547.676813191237,0.0,1.1524114995609125e-13,0.0,0.0,0.0,1.0,1.71,0.0,0.0,2.8193130542270186,0.0,0.0,0.0,0.0,0.0,0.0009419272423430533,0.0,0.0,2.8193130542270186,0.0,0.0,403.1743948765673,402.06413989509804,-9.348077867343818e-14,unvalidated-engineering-priors,fixed independent scenario factor; no N cycle,,,,right_censored,BBCH89_full_ripeness,,,
5,ag_070_069,maize,1999,1999-06-15,1999-10-05,6547.676813191237,0.0,6.485922909860165e-13,3.126388037344441e-12,0.0,0.0,0.03354275471250856,442.14,0.0,0.0,16.64400921298853,205.27776639835398,75.82279369048452,0.0,0.0,0.0,0.04616360770253182,0.0,0.0,297.744569301827,9646.449086169896,19269.04351351568,402.06413989509804,546.4134069855712,-2.7463586960152497e-12,unvalidated-engineering-priors,fixed independent scenario factor; no N cycle,1999-08-13,1999-09-28,1999-09-28,physiological_maturity,R6_physiological_maturity,1999-06-16,seed_layer_available_water,50.0
5,ag_070_069,fallow,1999,1999-10-06,1999-10-11,6547.676813191237,0.0,8.970602038971265e-14,0.0,0.0,0.0,1.0,6.87,0.0,0.0,13.0982904,0.0,0.0,0.0,0.0,0.0,0.006292999643315591,0.0,0.0,13.0982904,0.0,0.0,546.4134069855712,540.178823585928,-4.4853010194856324e-14,unvalidated-engineering-priors,fixed independent scenario factor; no N cycle,,,,right_censored,BBCH89_full_ripeness,,,
5,ag_070_069,wheat,2000,1999-10-12,2000-06-10,6547.676813191237,0.0,1.7763568394002505e-13,1.4139800441625994e-12,0.0,0.0,0.04267140235271844,156.57999999999998,0.0,0.0,162.4961393434439,136.2712142953327,29.850097853685398,0.0,0.0,0.0,0.9573407287355673,0.0,0.0,328.617451492462,3535.0730418534213,8566.757887899716,540.178823585928,367.18403136473006,3.1885605267234496e-13,unvalidated-engineering-priors,fixed independent scenario factor; no N cycle,2000-04-29,2000-06-08,2000-06-08,full_ripeness,BBCH89_full_ripeness,1999-10-12,seed_layer_available_water,50.0
5,ag_070_069,fallow,2000,2000-06-11,2000-06-14,6547.676813191237,0.0,4.3270942384765476e-14,0.0,0.0,0.0,1.0,0.03,0.0,0.0,0.6717048772363735,0.0,0.0,0.0,0.0,0.0,0.00035486635710188584,0.0,0.0,0.6717048772363735,0.0,0.0,367.18403136473006,366.5419716211365,8.795741912592803e-14,unvalidated-engineering-priors,fixed independent scenario factor; no N cycle,,,,right_censored,BBCH89_full_ripeness,,,
5,ag_070_069,maize,2000,2000-06-15,2000-10-05,6547.676813191237,0.0,1.021849271864994e-12,3.126388037344441e-12,1.4210854715202004e-14,0.0,0.03354275471250856,510.78,0.0,0.0,16.548878426504885,187.02286501680615,71.75838460471213,0.0,0.0,0.0,3.097604510866149,0.0,0.0,275.3301280480232,8851.649420885964,16753.152959477113,366.5419716211365,598.8942390622489,-1.673099159216207e-12,unvalidated-engineering-priors,fixed independent scenario factor; no N cycle,2000-08-16,2000-10-03,2000-10-03,physiological_maturity,R6_physiological_maturity,2000-06-22,seed_layer_available_water,50.0
5,ag_070_069,fallow,2000,2000-10-06,2000-10-11,6547.676813191237,0.0,1.509903313490213e-13,0.0,0.0,0.0,1.0,51.42,0.0,0.0,10.1550187,0.0,0.0,0.0,0.0,0.0,0.252195617810777,0.0,0.0,10.1550187,0.0,0.0,598.8942390622489,639.907024744438,8.815170815523743e-14,unvalidated-engineering-priors,fixed independent scenario factor; no N cycle,,,,right_censored,BBCH89_full_ripeness,,,
5,ag_070_069,wheat,2001,2000-10-12,2001-06-10,6547.676813191237,0.0,3.310685059432217e-13,2.4655832930875476e-12,0.0,0.0,0.04267140235271844,197.95,0.0,0.0,210.24225925906748,199.95428131532907,25.243795939791347,0.0,0.0,0.0,35.66842084941667,0.0,0.0,435.4403365141879,5893.453697136969,14096.750375859532,639.907024744438,366.7482673808342,-7.917277944358148e-13,unvalidated-engineering-priors,fixed independent scenario factor; no N cycle,2001-05-01,2001-06-09,2001-06-09,full_ripeness,BBCH89_full_ripeness,2000-10-12,seed_layer_available_water,50.0
5,ag_070_069,fallow,2001,2001-06-11,2001-06-14,6547.676813191237,0.0,7.051303985150525e-14,0.0,0.0,0.0,1.0,4.14,0.0,0.0,3.7401083419769194,0.0,0.0,0.0,0.0,0.0,0.00036717743733425334,0.0,0.0,3.7401083419769194,0.0,0.0,366.7482673808342,367.1477918614199,6.329659019144174e-14,unvalidated-engineering-priors,fixed independent scenario factor; no N cycle,,,,right_censored,BBCH89_full_ripeness,,,
5,ag_070_069,maize,2001,2001-06-15,2001-10-05,6547.676813191237,0.0,9.965361869035405e-13,5.5422333389287814e-12,0.0,0.0,0.03354275471250856,686.34,0.0,0.0,16.678471938040154,224.93867965236714,72.93206215594391,0.0,35.66440905220913,0.0,151.69771758113276,0.0,0.0,314.5492137463512,9993.036091534632,19313.483366274122,367.1477918614199,551.5764514817267,4.7351012000262926e-14,unvalidated-engineering-priors,fixed independent scenario factor; no N cycle,2001-08-11,2001-09-29,2001-09-29,physiological_maturity,R6_physiological_maturity,2001-06-16,seed_layer_available_water,50.0
5,ag_070_069,fallow,2001,2001-10-06,2001-10-11,6547.676813191237,0.0,1.9939605522267811e-13,0.0,0.0,0.0,1.0,4.9399999999999995,0.0,0.0,14.162725018521023,0.0,0.0,0.0,0.0,0.0,0.17355772618523532,0.0,0.0,14.162725018521023,0.0,0.0,551.5764514817267,542.1801687370203,2.107203300738547e-13,unvalidated-engineering-priors,fixed independent scenario factor; no N cycle,,,,right_censored,BBCH89_full_ripeness,,,
5,ag_070_069,wheat,2002,2001-10-12,2002-06-10,6547.676813191237,0.0,3.224642775023767e-13,2.5721647034515627e-12,0.0,0.0,0.04267140235271844,230.46,0.0,0.0,161.94891555187135,157.24376247475433,29.824344443388597,0.0,0.0,0.0,4.662135174510594,0.0,0.0,349.01702247001424,5240.031781176283,11734.459165482465,542.1801687370203,418.9610110924941,1.2899126211607381e-12,unvalidated-engineering-priors,fixed independent scenario factor; no N cycle,2002-04-23,2002-06-06,2002-06-06,full_ripeness,BBCH89_full_ripeness,2001-10-12,seed_layer_available_water,50.0
5,ag_070_069,fallow,2002,2002-06-11,2002-06-14,6547.676813191237,0.0,8.038014698286133e-14,0.0,0.0,0.0,1.0,5.2,0.0,0.0,13.502578116195632,0.0,0.0,0.0,0.0,0.0,0.0006984940478383264,0.0,0.0,13.502578116195632,0.0,0.0,418.9610110924941,410.6577344822506,5.861977570020827e-14,unvalidated-engineering-priors,fixed independent scenario factor; no N cycle,,,,right_censored,BBCH89_full_ripeness,,,
5,ag_070_069,maize,2002,2002-06-15,2002-10-05,6547.676813191237,0.0,2.1671553440683056e-13,2.1032064978498966e-12,0.0,0.0,0.03354275471250856,202.38,0.0,0.0,24.51770026622604,126.41329271789472,58.84026427831896,0.0,0.0,0.0,0.010932499131282332,0.0,0.0,209.77125726243972,7485.70130469013,15247.804644656157,410.6577344822506,403.25554472067887,7.192024753521764e-13,unvalidated-engineering-priors,fixed independent scenario factor; no N cycle,2002-08-12,2002-09-28,2002-09-28,physiological_maturity,R6_physiological_maturity,2002-06-15,seed_layer_available_water,50.0
5,ag_070_069,fallow,2002,2002-10-06,2002-10-11,6547.676813191237,0.0,1.4077627952246985e-13,0.0,0.0,0.0,1.0,0.02,0.0,0.0,13.773868181967039,0.0,0.0,0.0,0.0,0.0,5.7068255088709626e-05,0.0,0.0,13.773868181967039,0.0,0.0,403.25554472067887,389.50161947045655,1.9628743075372768e-13,unvalidated-engineering-priors,fixed independent scenario factor; no N cycle,,,,right_censored,BBCH89_full_ripeness,,,
5,ag_070_069,wheat,2003,2002-10-12,2003-06-10,6547.676813191237,0.0,1.795230630818878e-13,1.2079226507921703e-12,0.0,0.0,0.04267140235271844,275.42,0.0,0.0,220.12664175762671,69.86579643225126,22.737721687520008,0.0,0.0,0.0,0.002263654702386442,0.0,0.0,312.730159877398,2389.445802121223,5830.998485741674,389.50161947045655,352.1891959383573,-1.1089462681468376e-12,unvalidated-engineering-priors,fixed independent scenario factor; no N cycle,2003-05-04,,2003-06-10,cut_before_maturity,BBCH89_full_ripeness,2002-10-18,seed_layer_available_water,50.0
5,ag_070_069,fallow,2003,2003-06-11,2003-06-14,6547.676813191237,0.0,9.836575998178887e-14,0.0,0.0,0.0,1.0,5.99,0.0,0.0,6.00680372552908,0.0,0.0,0.0,0.0,0.0,2.461573881431969e-05,0.0,0.0,6.00680372552908,0.0,0.0,352.1891959383573,352.1723675970893,7.288614156664153e-14,unvalidated-engineering-priors,fixed independent scenario factor; no N cycle,,,,right_censored,BBCH89_full_ripeness,,,
5,ag_070_069,maize,2003,2003-06-15,2003-10-05,6547.676813191237,0.0,1.13420384195706e-12,2.1032064978498966e-12,0.0,0.0,0.03354275471250856,951.02,0.0,0.0,17.14224491505691,111.52360127187504,86.01135533631964,0.0,82.71481154202793,0.0,357.75409029553396,0.0,0.0,214.67720152325157,6902.596403852508,13345.074490594663,352.1723675970893,648.0462642362713,4.518344032256039e-12,unvalidated-engineering-priors,fixed independent scenario factor; no N cycle,2003-08-21,,2003-10-05,cut_before_maturity,R6_physiological_maturity,2003-06-23,seed_layer_available_water,50.0
5,ag_070_069,fallow,2003,2003-10-06,2003-10-11,6547.676813191237,0.0,1.0658141036401503e-13,0.0,0.0,0.0,1.0,74.23,0.0,0.0,10.076645899999999,0.0,0.0,0.0,0.0,0.0,2.6226889583394364,0.0,0.0,10.076645899999999,0.0,0.0,648.0462642362713,709.576929377932,-5.773159728050814e-14,unvalidated-engineering-priors,fixed independent scenario factor; no N cycle,,,,right_censored,BBCH89_full_ripeness,,,
5,ag_070_069,wheat,2004,2003-10-12,2004-06-10,6547.676813191237,0.0,4.1033842990145786e-13,3.467448550509289e-12,0.0,0.0,0.04267140235271844,198.79,0.0,0.0,208.62087251824917,197.43370917825214,37.18316227474983,0.0,0.0,0.0,85.82995820123999,0.0,0.0,443.2377439712511,6158.725431945624,14234.59687343471,709.576929377932,379.2992272054364,4.4080294969717215e-12,unvalidated-engineering-priors,fixed independent scenario factor; no N cycle,2004-04-25,2004-06-02,2004-06-02,full_ripeness,BBCH89_full_ripeness,2003-10-12,seed_layer_available_water,50.0
5,ag_070_069,fallow,2004,2004-06-11,2004-06-14,6547.676813191237,0.0,8.754108549169359e-14,0.0,0.0,0.0,1.0,0.17,0.0,0.0,1.9421911184085467,0.0,0.0,0.0,0.0,0.0,0.000577852337617407,0.0,0.0,1.9421911184085467,0.0,0.0,379.2992272054364,377.5264582346903,-7.885359032400174e-14,unvalidated-engineering-priors,fixed independent scenario factor; no N cycle,,,,right_censored,BBCH89_full_ripeness,,,
5,ag_070_069,maize,2004,2004-06-15,2004-10-05,6547.676813191237,0.0,9.610090501155355e-13,4.021671884402167e-12,0.0,0.0,0.03354275471250856,731.22,0.0,0.0,17.591595802525212,170.61014715567006,106.11670782486382,0.0,52.132458902048285,0.0,112.73500013512084,0.0,0.0,294.3184507830591,9077.938806434588,17652.03843547908,377.5264582346903,649.560548414456,6.115774553450137e-12,unvalidated-engineering-priors,fixed independent scenario factor; no N cycle,2004-08-11,2004-09-29,2004-09-29,physiological_maturity,R6_physiological_maturity,2004-06-16,seed_layer_available_water,50.0
5,ag_070_069,fallow,2004,2004-10-06,2004-10-11,6547.676813191237,0.0,1.3988810110276972e-13,0.0,0.0,0.0,1.0,0.36,0.0,0.0,17.1935914,0.0,0.0,0.0,0.0,0.0,2.2104693482669058,0.0,0.0,17.1935914,0.0,0.0,649.560548414456,630.5164876661892,-9.015010959956271e-14,unvalidated-engineering-priors,fixed independent scenario factor; no N cycle,,,,right_censored,BBCH89_full_ripeness,,,
5,ag_070_069,wheat,2005,2004-10-12,2005-06-10,6547.676813191237,0.0,3.7614356074300304e-13,2.6147972675971687e-12,0.0,0.0,0.04267140235271844,232.31,0.0,0.0,177.95446597135273,192.0077146199538,42.87607289608656,0.0,0.0,0.0,32.81207549083327,0.0,0.0,412.83825348739305,6097.50863629511,14012.380222221127,630.5164876661892,417.17615868796224,5.807576641814194e-13,unvalidated-engineering-priors,fixed independent scenario factor; no N cycle,2005-05-03,2005-06-10,2005-06-10,full_ripeness,BBCH89_full_ripeness,2004-10-12,seed_layer_available_water,50.0
5,ag_070_069,fallow,2005,2005-06-11,2005-06-14,6547.676813191237,0.0,3.197442310920451e-14,0.0,0.0,0.0,1.0,21.11,0.0,0.0,13.931282629804242,0.0,0.0,0.0,0.0,0.0,0.001778104163474562,0.0,0.0,13.931282629804242,0.0,0.0,417.17615868796224,424.3530979539945,1.7763568394002505e-14,unvalidated-engineering-priors,fixed independent scenario factor; no N cycle,,,,right_censored,BBCH89_full_ripeness,,,
5,ag_070_069,maize,2005,2005-06-15,2005-10-05,6547.676813191237,0.0,9.272582701669307e-13,3.097966327914037e-12,0.0,0.0,0.03354275471250856,928.09,0.0,0.0,18.169925543577968,159.85268837526914,111.16213549737482,0.0,71.01445595524203,0.0,294.1599315727468,0.0,0.0,289.1847494162219,8854.770831176189,17244.505020372242,424.3530979539945,698.0839610097833,4.765077221691172e-13,unvalidated-engineering-priors,fixed independent scenario factor; no N cycle,2005-08-10,2005-09-29,2005-09-29,physiological_maturity,R6_physiological_maturity,2005-06-15,seed_layer_available_water,50.0
5,ag_070_069,fallow,2005,2005-10-06,2005-10-11,6547.676813191237,0.0,1.509903313490213e-13,0.0,0.0,0.0,1.0,15.72,0.0,0.0,16.5221381,0.0,0.0,0.0,0.0,0.0,16.314173784122648,0.0,0.0,16.5221381,0.0,0.0,698.0839610097833,680.9676491256606,-1.2434497875801753e-14,unvalidated-engineering-priors,fixed independent scenario factor; no N cycle,,,,right_censored,BBCH89_full_ripeness,,,
5,ag_070_069,wheat,2006,2005-10-12,2006-06-10,6547.676813191237,0.0,3.4283687000424834e-13,2.8990143619012088e-12,0.0,0.0,0.04267140235271844,149.66,0.0,0.0,146.50180460722484,206.86522814922756,35.08383811817016,0.0,0.0,0.0,62.951757708193995,0.0,0.0,388.4508708746225,6546.003695079387,15034.016322809548,680.9676491256606,379.2250205428433,7.533973445106312e-13,unvalidated-engineering-priors,fixed independent scenario factor; no N cycle,2006-04-29,2006-06-07,2006-06-07,full_ripeness,BBCH89_full_ripeness,2005-10-12,seed_layer_available_water,50.0
5,ag_070_069,fallow,2006,2006-06-11,2006-06-14,6547.676813191237,0.0,1.5987211554602254e-14,0.0,0.0,0.0,1.0,16.84,0.0,0.0,8.45795745531246,0.0,0.0,0.0,0.0,0.0,0.0005734980308205531,0.0,0.0,8.45795745531246,0.0,0.0,379.2250205428433,387.60648958950003,-3.0531133177191805e-16,unvalidated-engineering-priors,fixed independent scenario factor; no N cycle,,,,right_censored,BBCH89_full_ripeness,,,
5,ag_070_069,maize,2006,2006-06-15,2006-10-05,6547.676813191237,0.0,8.530953721219703e-13,3.751665644813329e-12,0.0,0.0,0.03354275471250856,437.92,0.0,0.0,18.172864307648883,184.72023359885702,81.43304816567918,0.0,0.0,0.0,1.2486094572819926,0.0,0.0,284.32614607218505,8465.303641127126,16773.880626678583,387.60648958950003,539.9517340600311,1.8811618929248652e-12,unvalidated-engineering-priors,fixed independent scenario factor; no N cycle,2006-08-09,2006-09-25,2006-09-25,physiological_maturity,R6_physiological_maturity,2006-06-15,seed_layer_available_water,50.0
5,ag_070_069,fallow,2006,2006-10-06,2006-10-11,6547.676813191237,0.0,8.970602038971265e-14,0.0,0.0,0.0,1.0,0.0,0.0,0.0,13.96351922986839,0.0,0.0,0.0,0.0,0.0,0.0742501361554511,0.0,0.0,13.96351922986839,0.0,0.0,539.9517340600311,525.9139646940071,1.6608936448392342e-13,unvalidated-engineering-priors,fixed independent scenario factor; no N cycle,,,,right_censored,BBCH89_full_ripeness,,,
5,ag_070_069,wheat,2007,2006-10-12,2007-06-10,6547.676813191237,0.0,3.745892485085278e-13,2.3305801732931286e-12,0.0,0.0,0.04267140235271844,197.06,0.0,0.0,143.95233436393337,179.48780633537223,32.34068913976445,0.0,0.0,0.0,2.6618402231078386,0.0,0.0,355.78082983907007,4853.965086280827,12802.372743517537,525.9139646940071,364.5312946318297,-5.669353875248362e-13,unvalidated-engineering-priors,fixed independent scenario factor; no N cycle,2007-04-29,2007-06-06,2007-06-06,full_ripeness,BBCH89_full_ripeness,2006-10-20,seed_layer_available_water,50.0
5,ag_070_069,fallow,2007,2007-06-11,2007-06-14,6547.676813191237,0.0,5.759281940243e-14,0.0,0.0,0.0,1.0,0.32,0.0,0.0,0.8663239541437928,0.0,0.0,0.0,0.0,0.0,0.0002670752884233483,0.0,0.0,0.8663239541437928,0.0,0.0,364.5312946318297,363.9847036023976,-8.010259122670504e-14,unvalidated-engineering-priors,fixed independent scenario factor; no N cycle,,,,right_censored,BBCH89_full_ripeness,,,
5,ag_070_069,maize,2007,2007-06-15,2007-10-05,6547.676813191237,0.0,8.384404281969182e-13,3.460343123151688e-12,0.0,0.0,0.03354275471250856,740.56,0.0,0.0,15.560183801738006,155.372079982135,84.97250778349829,0.0,16.737695528725858,0.0,181.04970689815937,0.0,0.0,255.90477156737128,8785.301758739239,16276.20709074433,363.9847036023976,650.8525296081344,6.660172413575083e-12,unvalidated-engineering-priors,fixed independent scenario factor; no N cycle,2007-08-17,2007-10-05,2007-10-05,physiological_maturity,R6_physiological_maturity,2007-06-20,seed_layer_available_water,50.0
5,ag_070_069,fallow,2007,2007-10-06,2007-10-11,6547.676813191237,0.0,1.865174681370263e-13,0.0,0.0,0.0,1.0,7.199999999999999,0.0,0.0,13.7751358,0.0,0.0,0.0,0.0,0.0,2.194401631388857,0.0,0.0,13.7751358,0.0,0.0,650.8525296081344,642.0829921767454,1.8429702208777599e-13,unvalidated-engineering-priors,fixed independent scenario factor; no N cycle,,,,right_censored,BBCH89_full_ripeness,,,
5,ag_070_069,wheat,2008,2007-10-12,2008-06-10,6547.676813191237,0.0,3.552713678800501e-13,2.5011104298755527e-12,0.0,0.0,0.04267140235271844,258.36,0.0,0.0,185.43759588410438,196.60842628498241,53.552854580998066,0.0,0.0,0.0,33.484233639962525,0.0,0.0,435.59887675008486,7196.825834972742,16263.857031711406,642.0829921767454,431.35988178669817,-1.366129431801255e-13,unvalidated-engineering-priors,fixed independent scenario factor; no N cycle,2008-04-29,2008-06-05,2008-06-05,full_ripeness,BBCH89_full_ripeness,2007-10-12,seed_layer_available_water,50.0
5,ag_070_069,fallow,2008,2008-06-11,2008-06-14,6547.676813191237,0.0,3.419486915845482e-14,0.0,0.0,0.0,1.0,1.84,0.0,0.0,5.006195909487301,0.0,0.0,0.0,0.0,0.0,0.0036833831959901214,0.0,0.0,5.006195909487301,0.0,0.0,431.35988178669817,428.1900024940149,-1.4876988529977098e-14,unvalidated-engineering-priors,fixed independent scenario factor; no N cycle,,,,right_censored,BBCH89_full_ripeness,,,
5,ag_070_069,maize,2008,2008-06-15,2008-10-05,6547.676813191237,0.0,1.1182166304024577e-12,3.637978807091713e-12,0.0,0.0,0.03354275471250856,549.45,0.0,0.0,17.045582014264717,178.5315320294563,76.08828885893818,0.0,3.511875085828292,0.0,62.7900239016548,0.0,0.0,271.6654029026592,8981.202043316462,16915.400162295155,428.1900024940149,639.672700603872,5.755673715412968e-13,unvalidated-engineering-priors,fixed independent scenario factor; no N cycle,2008-08-13,2008-10-02,2008-10-02,physiological_maturity,R6_physiological_maturity,2008-06-17,seed_layer_available_water,50.0
5,ag_070_069,fallow,2008,2008-10-06,2008-10-11,6547.676813191237,0.0,1.283417816466681e-13,0.0,0.0,0.0,1.0,0.48000000000000004,0.0,0.0,15.55,0.0,0.0,0.0,0.0,0.0,1.5273904251931503,0.0,0.0,15.55,0.0,0.0,639.672700603872,623.0753101786787,1.8918200339612667e-13,unvalidated-engineering-priors,fixed independent scenario factor; no N cycle,,,,right_censored,BBCH89_full_ripeness,,,
5,ag_070_069,wheat,2009,2008-10-12,2009-06-10,6547.676813191237,0.0,3.319566843629218e-13,2.5579538487363607e-12,0.0,0.0,0.04267140235271844,193.07,0.0,0.0,173.00241338509667,192.63826989529701,33.72255619624228,0.0,0.0,0.0,26.728662502822388,0.0,0.0,399.363239476636,5960.165525958513,13454.233799735364,623.0753101786787,390.0534081992188,1.55964130499342e-12,unvalidated-engineering-priors,fixed independent scenario factor; no N cycle,2009-04-29,2009-06-06,2009-06-06,full_ripeness,BBCH89_full_ripeness,2008-10-12,seed_layer_available_water,50.0
5,ag_070_069,fallow,2009,2009-06-11,2009-06-14,6547.676813191237,0.0,4.3076653355456074e-14,0.0,0.0,0.0,1.0,1.47,0.0,0.0,5.921568956044957,0.0,0.0,0.0,0.0,0.0,0.0007162103852562334,0.0,0.0,5.921568956044957,0.0,0.0,390.0534081992188,385.60112303278845,1.156852391659413e-13,unvalidated-engineering-priors,fixed independent scenario factor; no N cycle,,,,right_censored,BBCH89_full_ripeness,,,
5,ag_070_069,maize,2009,2009-06-15,2009-10-05,6547.676813191237,0.0,8.837375276016246e-13,4.519051799434237e-12,0.0,0.0,0.03354275471250856,457.16,0.0,0.0,17.307804895255856,196.90000779155818,81.79660094071298,0.0,0.0,0.0,2.0845133547065013,0.0,0.0,296.004413627527,9611.972667871443,18663.32762755531,385.60112303278845,544.6721960505536,1.3518075547835906e-12,unvalidated-engineering-priors,fixed independent scenario factor; no N cycle,2009-08-14,2009-10-03,2009-10-03,physiological_maturity,R6_physiological_maturity,2009-06-18,seed_layer_available_water,50.0
5,ag_070_069,fallow,2009,2009-10-06,2009-10-11,6547.676813191237,0.0,1.8074430840897548e-13,0.0,0.0,0.0,1.0,2.4899999999999998,0.0,0.0,15.239717363148955,0.0,0.0,0.0,0.0,0.0,0.05881507270923666,0.0,0.0,15.239717363148955,0.0,0.0,544.6721960505536,531.8636636146954,-8.881784197001252e-15,unvalidated-engineering-priors,fixed independent scenario factor; no N cycle,,,,right_censored,BBCH89_full_ripeness,,,
5,ag_070_069,wheat,2010,2009-10-12,2010-06-10,6547.676813191237,0.0,2.55351295663786e-13,2.042810365310288e-12,0.0,0.0,0.04267140235271844,166.92,0.0,0.0,136.56265561759855,151.35845043376028,33.644572127570136,0.0,0.0,0.0,2.521814858486356,0.0,0.0,321.565678178929,4127.446976388899,10155.476136839306,531.8636636146954,374.6961705772806,-5.69488900481474e-13,unvalidated-engineering-priors,fixed independent scenario factor; no N cycle,2010-05-10,,2010-06-10,cut_before_maturity,BBCH89_full_ripeness,2009-10-12,seed_layer_available_water,50.0
5,ag_070_069,fallow,2010,2010-06-11,2010-06-14,6547.676813191237,0.0,6.228351168147128e-14,0.0,0.0,0.0,1.0,0.6900000000000001,0.0,0.0,3.8322997143249093,0.0,0.0,0.0,0.0,0.0,0.0004636497019261588,0.0,0.0,3.8322997143249093,0.0,0.0,374.6961705772806,371.5534072132539,-1.0114131754335176e-13,unvalidated-engineering-priors,fixed independent scenario factor; no N cycle,,,,right_censored,BBCH89_full_ripeness,,,
5,ag_070_069,maize,2010,2010-06-15,2010-10-05,6547.676813191237,0.0,1.0036416142611415e-12,2.1884716261411086e-12,0.0,0.0,0.03354275471250856,676.23,0.0,0.0,19.059722396680844,167.82397073528867,81.78896630744842,0.0,38.90106554153989,0.0,113.2190636064433,0.0,0.0,268.67265943941794,7907.793785489021,15605.24268364492,371.5534072132539,626.9906186258519,8.845008059310544e-13,unvalidated-engineering-priors,fixed independent scenario factor; no N cycle,2010-08-12,2010-09-28,2010-09-28,physiological_maturity,R6_physiological_maturity,2010-06-18,seed_layer_available_water,50.0
5,ag_070_069,fallow,2010,2010-10-06,2010-10-11,6547.676813191237,0.0,1.1723955140041653e-13,0.0,0.0,0.0,1.0,0.43000000000000005,0.0,0.0,17.14181961389117,0.0,0.0,0.0,0.0,0.0,2.3606458362059786,0.0,0.0,17.14181961389117,0.0,0.0,626.9906186258519,607.9181531757546,1.509903313490213e-13,unvalidated-engineering-priors,fixed independent scenario factor; no N cycle,,,,right_censored,BBCH89_full_ripeness,,,
5,ag_070_069,wheat,2011,2010-10-12,2011-06-10,6547.676813191237,0.0,3.0186964039558006e-13,3.0127011996228248e-12,0.0,0.0,0.04267140235271844,149.60999999999999,0.0,0.0,117.52929435380561,186.97977082067908,18.815104711559496,0.0,0.0,0.0,26.490753782726816,0.0,0.0,323.3241698860442,5152.342558476774,11455.752480423931,607.9181531757546,407.71322950698203,1.535993554568904e-12,unvalidated-engineering-priors,fixed independent scenario factor; no N cycle,2011-05-03,,2011-06-10,cut_before_maturity,BBCH89_full_ripeness,2010-10-12,seed_layer_available_water,50.0
5,ag_070_069,fallow,2011,2011-06-11,2011-06-14,6547.676813191237,0.0,5.5566662382489085e-14,0.0,0.0,0.0,1.0,0.01,0.0,0.0,1.2994981746538585,0.0,0.0,0.0,0.0,0.0,0.0015824421550729988,0.0,0.0,1.2994981746538585,0.0,0.0,407.71322950698203,406.422148890173,1.088573675644966e-13,unvalidated-engineering-priors,fixed independent scenario factor; no N cycle,,,,right_censored,BBCH89_full_ripeness,,,
5,ag_070_069,maize,2011,2011-06-15,2011-10-05,6547.676813191237,0.0,1.2079226507921703e-12,2.0463630789890885e-12,0.0,0.0,0.03354275471250856,631.76,0.0,0.0,16.062549485085135,142.97501640744207,84.11785002977084,0.0,0.0,0.0,122.93701525519707,0.0,0.0,243.15541592229806,8049.828403786762,15445.870465030901,406.422148890173,672.0897177126803,-2.4668600495658666e-12,unvalidated-engineering-priors,fixed independent scenario factor; no N cycle,2011-08-19,,2011-10-05,cut_before_maturity,R6_physiological_maturity,2011-06-23,seed_layer_available_water,50.0
5,ag_070_069,fallow,2011,2011-10-06,2011-10-11,6547.676813191237,0.0,1.4477308241112041e-13,0.0,0.0,0.0,1.0,2.33,0.0,0.0,16.123080100000003,0.0,0.0,0.0,0.0,0.0,6.039172611263932,0.0,0.0,16.123080100000003,0.0,0.0,672.0897177126803,652.2574650014163,6.994405055138486e-14,unvalidated-engineering-priors,fixed independent scenario factor; no N cycle,,,,right_censored,BBCH89_full_ripeness,,,
5,ag_070_069,wheat,2012,2011-10-12,2012-06-10,6547.676813191237,0.0,3.5349501104064984e-13,2.8421709430404007e-12,0.0,0.0,0.04267140235271844,261.34,0.0,0.0,200.60807555955515,214.62804517586233,26.660591005791478,0.0,0.0,0.0,73.17415381783451,0.0,0.0,441.89671174120895,7512.982722537788,17016.01633422314,652.2574650014163,398.52659944237143,1.4192536035295689e-12,unvalidated-engineering-priors,fixed independent scenario factor; no N cycle,2012-05-02,2012-06-06,2012-06-06,full_ripeness,BBCH89_full_ripeness,2011-10-12,seed_layer_available_water,50.0
5,ag_070_069,fallow,2012,2012-06-11,2012-06-14,6547.676813191237,0.0,6.833422716567839e-14,0.0,0.0,0.0,1.0,0.37,0.0,0.0,3.8282371458992097,0.0,0.0,0.0,0.0,0.0,0.0016510963925688263,0.0,0.0,3.8282371458992097,0.0,0.0,398.52659944237143,395.0667112000797,-2.4646951146678475e-14,unvalidated-engineering-priors,fixed independent scenario factor; no N cycle,,,,right_censored,BBCH89_full_ripeness,,,
5,ag_070_069,maize,2012,2012-06-15,2012-10-05,6547.676813191237,0.0,1.036060126580196e-12,2.3874235921539366e-12,0.0,0.0,0.03354275471250856,522.66,0.0,0.0,16.33313498193739,163.45900710045487,67.44136352785496,0.0,0.0,0.0,57.39076927304206,0.0,0.0,247.23350561024722,7714.405614150652,16133.017388846658,395.0667112000797,613.1024363167927,-2.3035739982191217e-12,unvalidated-engineering-priors,fixed independent scenario factor; no N cycle,2012-08-22,,2012-10-05,cut_before_maturity,R6_physiological_maturity,2012-06-27,seed_layer_available_water,50.0
5,ag_070_069,fallow,2012,2012-10-06,2012-10-11,6547.676813191237,0.0,9.992007221626409e-14,0.0,0.0,0.0,1.0,0.22,0.0,0.0,16.335424890775656,0.0,0.0,0.0,0.0,0.0,1.3362225354972084,0.0,0.0,16.335424890775656,0.0,0.0,613.1024363167927,595.65078889052,-1.0613732115416497e-13,unvalidated-engineering-priors,fixed independent scenario factor; no N cycle,,,,right_censored,BBCH89_full_ripeness,,,
5,ag_070_069,wheat,2013,2012-10-12,2013-06-10,6547.676813191237,0.0,3.637090628672013e-13,2.0605739337042905e-12,0.0,0.0,0.04267140235271844,290.51,0.0,0.0,192.27104973603912,176.97508859904633,36.038723939631026,0.0,0.0,0.0,21.605561642073514,0.0,0.0,405.2848622747165,5392.707593645613,12752.08493018448,595.65078889052,459.27036497373047,-5.331290964250002e-13,unvalidated-engineering-priors,fixed independent scenario factor; no N cycle,2013-05-06,,2013-06-10,cut_before_maturity,BBCH89_full_ripeness,2012-10-12,seed_layer_available_water,50.0
5,ag_070_069,fallow,2013,2013-06-11,2013-06-14,6547.676813191237,0.0,8.01581023779363e-14,0.0,0.0,0.0,1.0,6.61,0.0,0.0,11.704540129960066,0.0,0.0,0.0,0.0,0.0,0.002019805918929048,0.0,0.0,11.704540129960066,0.0,0.0,459.27036497373047,454.1738050378516,-1.219024881038422e-13,unvalidated-engineering-priors,fixed independent scenario factor; no N cycle,,,,right_censored,BBCH89_full_ripeness,,,
5,ag_070_069,maize,2013,2013-06-15,2013-10-05,6547.676813191237,0.0,9.734435479913373e-13,3.211653165635653e-12,0.0,0.0,0.03354275471250856,466.72,0.0,0.0,18.13553060093975,206.16207615067947,58.46123520004269,0.0,2.3049210871465355,0.0,84.91456961563026,0.0,0.0,282.7588419516619,8618.861764369613,17164.17793130247,454.1738050378516,550.9154723834012,1.176410358016966e-11,unvalidated-engineering-priors,fixed independent scenario factor; no N cycle,2013-08-17,2013-10-04,2013-10-04,physiological_maturity,R6_physiological_maturity,2013-06-24,seed_layer_available_water,50.0
5,ag_070_069,fallow,2013,2013-10-06,2013-10-11,6547.676813191237,0.0,2.509104035652854e-13,0.0,0.0,0.0,1.0,0.0,0.0,0.0,16.212703170745066,0.0,0.0,0.0,0.0,0.0,0.13194429583193878,0.0,0.0,16.212703170745066,0.0,0.0,550.9154723834012,534.5708249168238,3.794742298168785e-13,unvalidated-engineering-priors,fixed independent scenario factor; no N cycle,,,,right_censored,BBCH89_full_ripeness,,,
5,ag_070_069,wheat,2014,2013-10-12,2014-06-10,6547.676813191237,0.0,2.886579864025407e-13,2.3590018827235326e-12,0.0,0.0,0.04267140235271844,188.25,0.0,0.0,157.10905799145866,153.7483332654829,31.899039467722545,0.0,0.0,0.0,3.8772946631896352,0.0,0.0,342.7564307246641,4982.737707636559,11465.928705132392,534.5708249168238,376.1870995289703,-2.7527979895580756e-13,unvalidated-engineering-priors,fixed independent scenario factor; no N cycle,2014-04-23,2014-06-02,2014-06-02,full_ripeness,BBCH89_full_ripeness,2013-10-15,seed_layer_available_water,50.0
5,ag_070_069,fallow,2014,2014-06-11,2014-06-14,6547.676813191237,0.0,6.494804694057166e-14,0.0,0.0,0.0,1.0,3.0999999999999996,0.0,0.0,6.890504969777911,0.0,0.0,0.0,0.0,0.0,0.00033343622049707546,0.0,0.0,6.890504969777911,0.0,0.0,376.1870995289703,372.39626112297185,3.4638958368304884e-14,unvalidated-engineering-priors,fixed independent scenario factor; no N cycle,,,,right_censored,BBCH89_full_ripeness,,,
5,ag_070_069,maize,2014,2014-06-15,2014-10-05,6547.676813191237,0.0,4.3298697960381105e-13,2.1529444893531036e-12,0.0,0.0,0.03354275471250856,362.11,0.0,0.0,24.07712496993438,101.56358231453514,65.764058108926,0.0,0.0,0.0,0.012012272895363553,0.0,0.0,191.40476539339554,6322.270754369616,12281.669552268952,372.39626112297185,543.0894834566822,-1.1913803277252555e-12,unvalidated-engineering-priors,fixed independent scenario factor; no N cycle,2014-08-12,2014-10-01,2014-10-01,physiological_maturity,R6_physiological_maturity,2014-06-16,seed_layer_available_water,50.0
5,ag_070_069,fallow,2014,2014-10-06,2014-10-11,6547.676813191237,0.0,1.4699352846037073e-13,0.0,0.0,0.0,1.0,0.0,0.0,0.0,17.2702049,0.0,0.0,0.0,0.0,0.0,0.006633480993850829,0.0,0.0,17.2702049,0.0,0.0,543.0894834566822,525.8126450756885,-1.5498713423767185e-13,unvalidated-engineering-priors,fixed independent scenario factor; no N cycle,,,,right_censored,BBCH89_full_ripeness,,,
5,ag_070_069,wheat,2015,2014-10-12,2015-06-10,6547.676813191237,0.0,1.8696155734687636e-13,2.9842794901924208e-12,0.0,0.0,0.04267140235271844,186.85,0.0,0.0,163.01904939042709,146.71508061443186,39.13714767865498,0.0,0.0,0.0,0.84894564742274,0.0,0.0,348.87127768351394,4219.511849246441,10557.748928935533,525.8126450756885,362.94242174475323,-1.4200585152224221e-12,unvalidated-engineering-priors,fixed independent scenario factor; no N cycle,2015-04-29,2015-06-05,2015-06-05,full_ripeness,BBCH89_full_ripeness,2014-10-12,seed_layer_available_water,50.0
5,ag_070_069,fallow,2015,2015-06-11,2015-06-14,6547.676813191237,0.0,1.9456658506555868e-14,0.0,0.0,0.0,1.0,2.47,0.0,0.0,2.6404333069417127,0.0,0.0,0.0,0.0,0.0,0.00025611839797071514,0.0,0.0,2.6404333069417127,0.0,0.0,362.94242174475323,362.77173231941356,-9.2148511043888e-15,unvalidated-engineering-priors,fixed independent scenario factor; no N cycle,,,,right_censored,BBCH89_full_ripeness,,,
5,ag_070_069,maize,2015,2015-06-15,2015-10-05,6547.676813191237,0.0,5.084821452783217e-13,3.069544618483633e-12,0.0,0.0,0.03354275471250856,333.36,0.0,0.0,18.30129482749062,155.9254773329083,83.01892566114984,0.0,0.0,0.0,0.014369674634866976,0.0,0.0,257.24569782154873,9066.349052037995,17080.882765810216,362.77173231941356,438.8716648232281,1.834647017640023e-12,unvalidated-engineering-priors,fixed independent scenario factor; no N cycle,2015-08-16,2015-10-04,2015-10-04,physiological_maturity,R6_physiological_maturity,2015-06-20,seed_layer_available_water,50.0
5,ag_070_069,fallow,2015,2015-10-06,2015-10-11,6547.676813191237,0.0,6.17284001691587e-14,0.0,0.0,0.0,1.0,7.91,0.0,0.0,16.1661653892487,0.0,0.0,0.0,0.0,0.0,0.0002472933368522281,0.0,0.0,16.1661653892487,0.0,0.0,438.8716648232281,430.61525214064255,8.881784197001252e-15,unvalidated-engineering-priors,fixed independent scenario factor; no N cycle,,,,right_censored,BBCH89_full_ripeness,,,
5,ag_070_069,wheat,2016,2015-10-12,2016-06-10,6547.676813191237,0.0,2.489120021209601e-13,1.3500311979441904e-12,0.0,0.0,0.04267140235271844,193.42,0.0,0.0,165.60641813107014,87.57438902523344,21.435153836167053,0.0,0.0,0.0,0.016265819332711692,0.0,0.0,274.61596099247066,1478.1925415728895,4841.111764540185,430.61525214064255,349.40302532883993,-7.283895708809496e-13,unvalidated-engineering-priors,fixed independent scenario factor; no N cycle,2016-04-25,2016-06-02,2016-06-02,full_ripeness,BBCH89_full_ripeness,2015-10-12,seed_layer_available_water,50.0
5,ag_070_069,fallow,2016,2016-06-11,2016-06-14,6547.676813191237,0.0,9.947598300641403e-14,0.0,0.0,0.0,1.0,71.56,0.0,0.0,9.862787258882033,0.0,0.0,0.0,0.0,0.0,6.231230786773006e-05,0.0,0.0,9.862787258882033,0.0,0.0,349.40302532883993,411.10017575765,4.218847493575595e-14,unvalidated-engineering-priors,fixed independent scenario factor; no N cycle,,,,right_censored,BBCH89_full_ripeness,,,
5,ag_070_069,maize,2016,2016-06-15,2016-10-05,6547.676813191237,0.0,7.345235530920036e-13,4.462208380573429e-12,0.0,0.0,0.03354275471250856,593.75,0.0,0.0,18.673105596090195,175.95860524374294,112.38271893439341,0.0,0.0,0.0,103.70074429227289,0.0,0.0,307.0144297742265,9158.983251676154,17405.40711405255,411.10017575765,594.1350016911533,-2.763622664048171e-12,unvalidated-engineering-priors,fixed independent scenario factor; no N cycle,2016-08-10,2016-09-23,2016-09-23,physiological_maturity,R6_physiological_maturity,2016-06-15,seed_layer_available_water,50.0
5,ag_070_069,fallow,2016,2016-10-06,2016-10-11,6547.676813191237,0.0,1.4366285938649526e-13,0.0,0.0,0.0,1.0,0.53,0.0,0.0,14.881996490939596,0.0,0.0,0.0,0.0,0.0,0.46613697389087777,0.0,0.0,14.881996490939596,0.0,0.0,594.1350016911533,579.3168682263222,6.612488334667432e-13,unvalidated-engineering-priors,fixed independent scenario factor; no N cycle,,,,right_censored,BBCH89_full_ripeness,,,
5,ag_070_069,wheat,2017,2016-10-12,2017-06-10,6547.676813191237,0.0,3.608224830031759e-13,3.467448550509289e-12,0.0,0.0,0.04267140235271844,250.07,0.0,0.0,208.33946581049116,183.8679830468077,45.43524550250865,0.0,0.0,0.0,13.081919027712445,0.0,0.0,437.64269435980754,6258.560578432698,14727.508228568639,579.3168682263222,378.66225483880055,1.6602830221756903e-12,unvalidated-engineering-priors,fixed independent scenario factor; no N cycle,2017-04-26,2017-06-04,2017-06-04,full_ripeness,BBCH89_full_ripeness,2016-10-12,seed_layer_available_water,50.0
5,ag_070_069,fallow,2017,2017-06-11,2017-06-14,6547.676813191237,0.0,1.4599432773820809e-13,0.0,0.0,0.0,1.0,0.33,0.0,0.0,6.3308569827854875,0.0,0.0,0.0,0.0,0.0,0.00037026916177946304,0.0,0.0,6.3308569827854875,0.0,0.0,378.66225483880055,372.6610275868534,-9.658940314238862e-14,unvalidated-engineering-priors,fixed independent scenario factor; no N cycle,,,,right_censored,BBCH89_full_ripeness,,,
5,ag_070_069,maize,2017,2017-06-15,2017-10-05,6547.676813191237,0.0,5.537792446830281e-13,3.0411229090532288e-12,0.0,0.0,0.03354275471250856,435.42,0.0,0.0,17.810714718056467,179.1272574669412,82.28818123160035,0.0,0.0,0.0,0.20112580765882013,0.0,0.0,279.226153416598,8648.081429358697,16618.22812596623,372.6610275868534,528.6537483625968,-2.8227420401094605e-13,unvalidated-engineering-priors,fixed independent scenario factor; no N cycle,2017-08-15,2017-09-30,2017-09-30,physiological_maturity,R6_physiological_maturity,2017-06-21,seed_layer_available_water,50.0
5,ag_070_069,fallow,2017,2017-10-06,2017-10-11,6547.676813191237,0.0,9.85878045867139e-14,0.0,0.0,0.0,1.0,11.27,0.0,0.0,10.3904753,0.0,0.0,0.0,0.0,0.0,0.005715532597768365,0.0,0.0,10.3904753,0.0,0.0,528.6537483625968,529.5275575299993,-2.09277040141842e-13,unvalidated-engineering-priors,fixed independent scenario factor; no N cycle,,,,right_censored,BBCH89_full_ripeness,,,
5,ag_070_069,wheat,2018,2017-10-12,2018-06-10,6547.676813191237,0.0,2.1316282072803006e-13,2.0605739337042905e-12,0.0,0.0,0.04267140235271844,212.51,0.0,0.0,185.6450908871107,128.53507732656703,27.976303979047042,0.0,0.0,0.0,0.5398718130838241,0.0,0.0,342.1564721927248,3493.2423540129735,8324.455010057212,529.5275575299993,399.3412135241912,-4.924671781481038e-13,unvalidated-engineering-priors,fixed independent scenario factor; no N cycle,2018-04-25,2018-06-02,2018-06-02,full_ripeness,BBCH89_full_ripeness,2017-10-12,seed_layer_available_water,50.0
5,ag_070_069,fallow,2018,2018-06-11,2018-06-14,6547.676813191237,0.0,1.1257661469699087e-13,0.0,0.0,0.0,1.0,2.38,0.0,0.0,7.460635048883932,0.0,0.0,0.0,0.0,0.0,0.0004042356160560007,0.0,0.0,7.460635048883932,0.0,0.0,399.3412135241912,394.26017423969137,-1.795230630818878e-13,unvalidated-engineering-priors,fixed independent scenario factor; no N cycle,,,,right_censored,BBCH89_full_ripeness,,,
5,ag_070_069,maize,2018,2018-06-15,2018-10-05,6547.676813191237,0.0,8.535394613318203e-13,2.4726887204451486e-12,0.0,0.0,0.03354275471250856,441.71999999999997,0.0,0.0,18.279115383433204,188.88209897947505,73.61872081469684,0.0,0.0,0.0,0.952368737361507,0.0,0.0,280.77993517760507,8846.944433533206,17276.593876240222,394.26017423969137,554.247870324725,-2.352840144936863e-13,unvalidated-engineering-priors,fixed independent scenario factor; no N cycle,2018-08-19,,2018-10-05,cut_before_maturity,R6_physiological_maturity,2018-06-26,seed_layer_available_water,50.0
5,ag_070_069,fallow,2018,2018-10-06,2018-10-11,6547.676813191237,0.0,2.233768725545815e-13,0.0,0.0,0.0,1.0,2.34,0.0,0.0,17.43078584898835,0.0,0.0,0.0,0.0,0.0,0.0566263240161361,0.0,0.0,17.43078584898835,0.0,0.0,554.247870324725,539.1004581517207,-1.4566126083082054e-13,unvalidated-engineering-priors,fixed independent scenario factor; no N cycle,,,,right_censored,BBCH89_full_ripeness,,,
5,ag_070_069,wheat,2019,2018-10-12,2019-06-10,6547.676813191237,0.0,2.9198865547641617e-13,2.518873998269555e-12,0.0,0.0,0.04267140235271844,155.23,0.0,0.0,139.22957626642483,154.61954705870525,31.681121040281237,0.0,0.0,0.0,2.7872214655437295,0.0,0.0,325.5302443654113,4255.855382357395,10558.98373039695,539.1004581517207,366.0129923207641,1.5079326676215032e-12,unvalidated-engineering-priors,fixed independent scenario factor; no N cycle,2019-04-26,2019-06-06,2019-06-06,full_ripeness,BBCH89_full_ripeness,2018-10-12,seed_layer_available_water,50.0
5,ag_070_069,fallow,2019,2019-06-11,2019-06-14,6547.676813191237,0.0,1.2290168882600483e-13,0.0,0.0,0.0,1.0,0.02,0.0,0.0,2.690538139189519,0.0,0.0,0.0,0.0,0.0,0.00023227535505957456,0.0,0.0,2.690538139189519,0.0,0.0,366.0129923207641,363.34222190621944,9.836575998178887e-14,unvalidated-engineering-priors,fixed independent scenario factor; no N cycle,,,,right_censored,BBCH89_full_ripeness,,,
5,ag_070_069,maize,2019,2019-06-15,2019-10-05,6547.676813191237,0.0,9.170442183403793e-13,2.7711166694643907e-12,0.0,0.0,0.03354275471250856,407.77,0.0,0.0,22.527528915176994,154.6770624181253,52.53432582795769,0.0,26.34361584548121,0.0,1.7898478738320736,0.0,0.0,229.73891716126,6588.241934485888,14007.231994752547,363.34222190621944,513.2398410256442,1.986952269383835e-12,unvalidated-engineering-priors,fixed independent scenario factor; no N cycle,2019-08-18,2019-10-05,2019-10-05,physiological_maturity,R6_physiological_maturity,2019-06-23,seed_layer_available_water,50.0
5,ag_070_069,fallow,2019,2019-10-06,2019-10-11,6547.676813191237,0.0,1.4033219031261979e-13,0.0,0.0,0.0,1.0,25.73,0.0,0.0,10.515069800000001,0.0,0.0,0.0,0.0,0.0,0.03732482971339669,0.0,0.0,10.515069800000001,0.0,0.0,513.2398410256442,528.4174463959308,-3.8746783559417963e-14,unvalidated-engineering-priors,fixed independent scenario factor; no N cycle,,,,right_censored,BBCH89_full_ripeness,,,
5,ag_070_069,wheat,2020,2019-10-12,2020-06-10,6547.676813191237,0.0,3.0941915696303113e-13,2.0179413695586845e-12,0.0,0.0,0.04267140235271844,213.06,0.0,0.0,163.86814501987695,174.5819301880643,38.738318481652286,0.0,0.0,0.0,1.232112876442877,0.0,0.0,377.1883936895935,5082.932450862033,12108.544757098396,528.4174463959308,363.056939829894,3.914646384828302e-13,unvalidated-engineering-priors,fixed independent scenario factor; no N cycle,2020-04-25,2020-06-03,2020-06-03,full_ripeness,BBCH89_full_ripeness,2019-10-12,seed_layer_available_water,50.0
5,ag_070_069,fallow,2020,2020-06-11,2020-06-14,6547.676813191237,0.0,3.6415315207705135e-14,0.0,0.0,0.0,1.0,31.19,0.0,0.0,14.014499894971811,0.0,0.0,0.0,0.0,0.0,0.00014066315790157554,0.0,0.0,14.014499894971811,0.0,0.0,363.056939829894,380.23229927176436,-5.284661597215745e-14,unvalidated-engineering-priors,fixed independent scenario factor; no N cycle,,,,right_censored,BBCH89_full_ripeness,,,
5,ag_070_069,maize,2020,2020-06-15,2020-10-05,6547.676813191237,0.0,9.956480084838404e-13,2.3874235921539366e-12,0.0,0.0,0.03354275471250856,575.57,0.0,0.0,16.08851751464856,191.79772765247486,71.11365768449353,0.0,3.0735609820418173,0.0,112.21280407140084,0.0,0.0,278.999902851617,8600.052331925586,16449.61531680249,380.23229927176436,561.5160313667001,4.652556118145412e-12,unvalidated-engineering-priors,fixed independent scenario factor; no N cycle,2020-08-13,2020-09-26,2020-09-26,physiological_maturity,R6_physiological_maturity,2020-06-15,seed_layer_available_water,50.0
5,ag_070_069,fallow,2020,2020-10-06,2020-10-11,6547.676813191237,0.0,1.580957587066223e-13,0.0,0.0,0.0,1.0,0.62,0.0,0.0,10.005753677273365,0.0,0.0,0.0,0.0,0.0,0.4089633582916212,0.0,0.0,10.005753677273365,0.0,0.0,561.5160313667001,551.7213143311354,-3.4083846855992306e-13,unvalidated-engineering-priors,fixed independent scenario factor; no N cycle,,,,right_censored,BBCH89_full_ripeness,,,
5,ag_070_069,wheat,2021,2020-10-12,2021-06-10,6547.676813191237,0.0,5.608846720406291e-13,4.163780431554187e-12,0.0,0.0,0.04267140235271844,259.35,0.0,0.0,164.10147339700347,217.0807743669985,46.62371730977569,0.0,0.0,0.0,10.027433037895678,0.0,0.0,427.80596507377766,7069.014264556352,16961.813305893796,551.7213143311354,373.23791621946225,-1.5731860258938468e-13,unvalidated-engineering-priors,fixed independent scenario factor; no N cycle,2021-04-24,2021-06-03,2021-06-03,full_ripeness,BBCH89_full_ripeness,2020-10-12,seed_layer_available_water,50.0
5,ag_070_069,fallow,2021,2021-06-11,2021-06-14,6547.676813191237,0.0,6.997180612700049e-14,0.0,0.0,0.0,1.0,39.059999999999995,0.0,0.0,3.2835070880255888,0.0,0.0,0.0,0.0,0.0,0.0003851398527426641,0.0,0.0,3.2835070880255888,0.0,0.0,373.23791621946225,409.01402399158377,1.4824252936307403e-13,unvalidated-engineering-priors,fixed independent scenario factor; no N cycle,,,,right_censored,BBCH89_full_ripeness,,,
5,ag_070_069,maize,2021,2021-06-15,2021-10-05,6547.676813191237,0.0,9.43245481721533e-13,2.4584778657299466e-12,0.0,0.0,0.03354275471250856,860.24,0.0,0.0,17.314362530167205,187.11979778693131,72.42281547145197,0.0,16.239078077287246,0.0,265.1998046030971,0.0,0.0,276.85697578855047,7731.813627157689,15880.79010606727,409.01402399158377,710.958165522648,9.465761507954085e-13,unvalidated-engineering-priors,fixed independent scenario factor; no N cycle,2021-08-10,2021-09-24,2021-09-24,physiological_maturity,R6_physiological_maturity,2021-06-15,seed_layer_available_water,50.0
5,ag_070_069,fallow,2021,2021-10-06,2021-10-11,6547.676813191237,0.0,1.056932319443149e-13,0.0,0.0,0.0,1.0,19.45,0.0,0.0,11.1456164,0.0,0.0,0.0,0.0,0.0,19.5237024390039,0.0,0.0,11.1456164,0.0,0.0,710.958165522648,699.7388466836439,1.1723955140041653e-13,unvalidated-engineering-priors,fixed independent scenario factor; no N cycle,,,,right_censored,BBCH89_full_ripeness,,,
5,ag_070_069,wheat,2022,2021-10-12,2022-06-10,6547.676813191237,0.0,2.9898306053155466e-13,2.2666313270747196e-12,0.0,0.0,0.04267140235271844,115.92999999999999,0.0,0.0,144.85754401862326,203.49731918481314,31.193490566426686,0.0,0.0,0.0,74.32704376114447,0.0,0.0,379.54835376986307,5643.130899831917,13820.942475830543,699.7388466836439,361.7934491526393,-2.928379760902544e-12,unvalidated-engineering-priors,fixed independent scenario factor; no N cycle,2022-04-24,2022-06-04,2022-06-04,full_ripeness,BBCH89_full_ripeness,2021-10-12,seed_layer_available_water,50.0
5,ag_070_069,fallow,2022,2022-06-11,2022-06-14,6547.676813191237,0.0,8.615330671091215e-14,0.0,0.0,0.0,1.0,20.53,0.0,0.0,10.417635475968662,0.0,0.0,0.0,0.0,0.0,0.00026989118951410967,0.0,0.0,10.417635475968662,0.0,0.0,361.7934491526393,371.9055437854811,4.8627768478581856e-14,unvalidated-engineering-priors,fixed independent scenario factor; no N cycle,,,,right_censored,BBCH89_full_ripeness,,,
5,ag_070_069,maize,2022,2022-06-15,2022-10-05,6547.676813191237,0.0,9.9298347322474e-13,3.467448550509289e-12,0.0,0.0,0.03354275471250856,558.05,0.0,0.0,21.2371578023336,192.68381966947243,62.8785786271005,0.0,0.0,0.0,35.68670381617406,0.0,0.0,276.7995560989065,7748.111081238317,15493.384075432203,371.9055437854811,617.4692838704013,-8.436029652614252e-13,unvalidated-engineering-priors,fixed independent scenario factor; no N cycle,2022-08-10,2022-09-25,2022-09-25,physiological_maturity,R6_physiological_maturity,2022-06-15,seed_layer_available_water,50.0
5,ag_070_069,fallow,2022,2022-10-06,2022-10-11,6547.676813191237,0.0,2.042810365310288e-13,0.0,0.0,0.0,1.0,0.16999999999999998,0.0,0.0,15.986974800000006,0.0,0.0,0.0,0.0,0.0,0.247777271063359,0.0,0.0,15.986974800000006,0.0,0.0,617.4692838704013,601.4045317993385,-5.653255641391297e-13,unvalidated-engineering-priors,fixed independent scenario factor; no N cycle,,,,right_censored,BBCH89_full_ripeness,,,
5,ag_070_069,wheat,2023,2022-10-12,2023-06-10,6547.676813191237,0.0,2.9198865547641617e-13,2.4726887204451486e-12,0.0,0.0,0.04267140235271844,194.51,0.0,0.0,174.5922817420038,184.42453074895084,33.31017137974296,0.0,0.0,0.0,12.127680249561067,0.0,0.0,392.3269838706976,5573.689841816358,12838.743880462498,601.4045317993385,391.4598676790799,-3.83026943495679e-15,unvalidated-engineering-priors,fixed independent scenario factor; no N cycle,2023-04-20,2023-05-30,2023-05-30,full_ripeness,BBCH89_full_ripeness,2022-10-12,seed_layer_available_water,50.0
5,ag_070_069,fallow,2023,2023-06-11,2023-06-14,6547.676813191237,0.0,1.0114131754335176e-13,0.0,0.0,0.0,1.0,2.1399999999999997,0.0,0.0,2.8131232647512565,0.0,0.0,0.0,0.0,0.0,0.000885368753077439,0.0,0.0,2.8131232647512565,0.0,0.0,391.4598676790799,390.7858590455754,1.2256862191861728e-13,unvalidated-engineering-priors,fixed independent scenario factor; no N cycle,,,,right_censored,BBCH89_full_ripeness,,,
5,ag_070_069,maize,2023,2023-06-15,2023-10-05,6547.676813191237,0.0,7.096545573404001e-13,6.45172804070171e-12,0.0,0.0,0.03354275471250856,423.08,0.0,0.0,17.544769898372746,198.82835511309798,68.98191065533334,0.0,0.0,0.0,0.045146025102672564,0.0,0.0,285.35503566680404,9076.305821751595,17510.9407757667,390.7858590455754,528.4656773536692,-5.29479238231545e-13,unvalidated-engineering-priors,fixed independent scenario factor; no N cycle,2023-08-14,2023-09-28,2023-09-28,physiological_maturity,R6_physiological_maturity,2023-06-20,seed_layer_available_water,50.0
5,ag_070_069,fallow,2023,2023-10-06,2023-10-11,6547.676813191237,0.0,1.283417816466681e-13,0.0,0.0,0.0,1.0,0.09000000000000001,0.0,0.0,15.220870853655914,0.0,0.0,0.0,0.0,0.0,0.0055289400014628225,0.0,0.0,15.220870853655914,0.0,0.0,528.4656773536692,513.329277560012,-1.432187701766452e-13,unvalidated-engineering-priors,fixed independent scenario factor; no N cycle,,,,right_censored,BBCH89_full_ripeness,,,
5,ag_070_069,wheat,2024,2023-10-12,2024-06-10,6547.676813191237,0.0,1.7963408538435033e-13,1.4495071809506044e-12,0.0,0.0,0.04267140235271844,127.48,0.0,0.0,130.44229043305472,131.46444994205416,21.577430099110376,0.0,0.0,0.0,0.520942901341533,0.0,0.0,283.48417047421924,3023.4131678079557,7633.764627163748,513.329277560012,356.8041641844509,3.028410855421271e-13,unvalidated-engineering-priors,fixed independent scenario factor; no N cycle,2024-04-24,2024-06-02,2024-06-02,full_ripeness,BBCH89_full_ripeness,2023-10-12,seed_layer_available_water,50.0
5,ag_070_069,fallow,2024,2024-06-11,2024-06-14,6547.676813191237,0.0,6.686318165805005e-14,0.0,0.0,0.0,1.0,1.42,0.0,0.0,1.2205127626298233,0.0,0.0,0.0,0.0,0.0,0.00015578647724972004,0.0,0.0,1.2205127626298233,0.0,0.0,356.8041641844509,357.0034956353439,-7.149836278586008e-14,unvalidated-engineering-priors,fixed independent scenario factor; no N cycle,,,,right_censored,BBCH89_full_ripeness,,,
5,ag_070_069,maize,2024,2024-06-15,2024-10-05,6547.676813191237,0.0,1.262989712813578e-12,1.9042545318370685e-12,0.0,0.0,0.03354275471250856,790.09,0.0,0.0,21.284099198194557,152.76903152921759,61.477360787316904,0.0,26.795127400500178,0.0,238.39307598190817,0.0,0.0,235.53049151472905,6720.623543630151,13159.870364922688,357.0034956353439,646.3748007382054,1.0781514570012973e-12,unvalidated-engineering-priors,fixed independent scenario factor; no N cycle,2024-08-16,2024-09-28,2024-09-28,physiological_maturity,R6_physiological_maturity,2024-06-22,seed_layer_available_water,50.0
5,ag_070_069,fallow,2024,2024-10-06,2024-10-11,6547.676813191237,0.0,2.007283228522283e-13,0.0,0.0,0.0,1.0,1.8599999999999999,0.0,0.0,15.750118700000002,0.0,0.0,0.0,0.0,0.0,2.5201220589404043,0.0,0.0,15.750118700000002,0.0,0.0,646.3748007382054,629.9645599792651,-1.1501910535116622e-13,unvalidated-engineering-priors,fixed independent scenario factor; no N cycle,,,,right_censored,BBCH89_full_ripeness,,,
5,ag_070_069,wheat,2025,2024-10-12,2025-06-10,6547.676813191237,0.0,2.793321129956894e-13,3.240074875066057e-12,0.0,0.0,0.04267140235271844,177.66,0.0,0.0,146.2746529233956,220.87107951892494,38.18194236378783,0.0,0.0,0.0,36.327081132843546,0.0,0.0,405.32767480610835,6114.814939737191,14866.278442618015,629.9645599792651,365.96980404031433,-1.1130957267013741e-12,unvalidated-engineering-priors,fixed independent scenario factor; no N cycle,2025-04-24,2025-06-02,2025-06-02,full_ripeness,BBCH89_full_ripeness,2024-10-12,seed_layer_available_water,50.0
5,ag_070_069,fallow,2025,2025-06-11,2025-06-14,6547.676813191237,0.0,8.304468224196171e-14,0.0,0.0,0.0,1.0,2.21,0.0,0.0,1.1857166666765506,0.0,0.0,0.0,0.0,0.0,0.00036028987996989737,0.0,0.0,1.1857166666765506,0.0,0.0,365.96980404031433,366.9937270837576,1.8937629242543608e-13,unvalidated-engineering-priors,fixed independent scenario factor; no N cycle,,,,right_censored,BBCH89_full_ripeness,,,
5,ag_070_069,maize,2025,2025-06-15,2025-10-05,6547.676813191237,0.0,4.363176486776865e-13,2.652100761224574e-12,0.0,0.0,0.03354275471250856,477.28999999999996,0.0,0.0,27.761723981455187,87.9019001380077,59.88905273112364,0.0,0.0,0.0,0.2219939954844212,0.0,0.0,175.55267685058652,5033.154742358581,10371.11341548533,366.9937270837576,668.5090562376857,9.082734564458406e-13,unvalidated-engineering-priors,fixed independent scenario factor; no N cycle,2025-08-10,2025-09-24,2025-09-24,physiological_maturity,R6_physiological_maturity,2025-06-16,seed_layer_available_water,50.0
5,ag_070_069,fallow,1996,1996-01-01,1996-10-11,6547.676813191237,0.25,2.531308496145357e-13,0.0,0.0,0.0,1.0,802.41,0.0,0.0,540.1960240025073,0.0,0.0,0.0,0.0,0.0,132.56850880676947,0.0,0.0,540.1960240025073,0.0,0.0,504.886884455749,634.5323516464703,1.917827008313111e-12,unvalidated-engineering-priors,fixed independent scenario factor; no N cycle,,,,right_censored,BBCH89_full_ripeness,,,
5,ag_070_069,wheat,1997,1996-10-12,1997-06-10,6547.676813191237,0.25,5.306866057708248e-13,5.5422333389287814e-12,0.0,0.0,0.04267140235271844,259.98,75.0,0.0,201.4040370186383,216.8578595072279,56.2793744811332,0.0,0.0,0.0,44.94962922136338,75.0,0.0,474.54127100699935,9048.608524065365,19761.486194540972,634.5323516464703,450.02145141810894,-1.4331313913373833e-12,unvalidated-engineering-priors,fixed independent scenario factor; no N cycle,1997-05-02,1997-06-08,1997-06-08,full_ripeness,BBCH89_full_ripeness,1996-10-12,seed_layer_available_water,50.0
5,ag_070_069,fallow,1997,1997-06-11,1997-06-14,6547.676813191237,0.25,1.4721557306529576e-13,0.0,0.0,0.0,1.0,5.609999999999999,0.0,0.0,6.64681496577077,0.0,0.0,0.0,0.0,0.0,0.003255205437954174,0.0,0.0,6.64681496577077,0.0,0.0,450.02145141810894,448.9813812469004,-1.979527652906654e-13,unvalidated-engineering-priors,fixed independent scenario factor; no N cycle,,,,right_censored,BBCH89_full_ripeness,,,
5,ag_070_069,maize,1997,1997-06-15,1997-10-05,6547.676813191237,0.25,3.1308289294429414e-13,4.661160346586257e-12,0.0,0.0,0.03354275471250856,264.74,20.0,0.0,20.711870004182817,198.0282618958615,69.65590563296547,0.0,0.0,0.0,0.047522114502765826,20.0,0.0,288.3960375330098,10351.351399671337,19431.754340550968,448.9813812469004,445.2778215993878,6.539213615042172e-14,unvalidated-engineering-priors,fixed independent scenario factor; no N cycle,1997-08-10,1997-09-30,1997-09-30,physiological_maturity,R6_physiological_maturity,1997-06-16,seed_layer_available_water,50.0
5,ag_070_069,fallow,1997,1997-10-06,1997-10-11,6547.676813191237,0.25,7.571721027943568e-14,0.0,0.0,0.0,1.0,0.0,0.0,0.0,14.8668086571739,0.0,0.0,0.0,0.0,0.0,0.00016358382950771498,0.0,0.0,14.8668086571739,0.0,0.0,445.2778215993878,430.4108493583843,4.418687638008123e-14,unvalidated-engineering-priors,fixed independent scenario factor; no N cycle,,,,right_censored,BBCH89_full_ripeness,,,
5,ag_070_069,wheat,1998,1997-10-12,1998-06-10,6547.676813191237,0.25,3.055333763768431e-13,3.481659405224491e-12,0.0,0.0,0.04267140235271844,365.12,75.0,0.0,219.72786329567623,163.09973626668986,63.51273009662663,0.0,0.0,0.0,0.01195565245747659,75.0,0.0,446.34032965899274,7272.784921530537,16114.903902170146,430.4108493583843,424.1785640469341,1.5237811012980274e-14,unvalidated-engineering-priors,fixed independent scenario factor; no N cycle,1998-05-01,1998-06-08,1998-06-08,full_ripeness,BBCH89_full_ripeness,1997-10-13,seed_layer_available_water,50.0
5,ag_070_069,fallow,1998,1998-06-11,1998-06-14,6547.676813191237,0.25,6.927791673660977e-14,0.0,0.0,0.0,1.0,6.73,0.0,0.0,7.347778803088189,0.0,0.0,0.0,0.0,0.0,8.09078185952667e-05,0.0,0.0,7.347778803088189,0.0,0.0,424.1785640469341,423.5607043360273,4.39648317751562e-14,unvalidated-engineering-priors,fixed independent scenario factor; no N cycle,,,,right_censored,BBCH89_full_ripeness,,,
5,ag_070_069,maize,1998,1998-06-15,1998-10-05,6547.676813191237,0.25,1.2017054018542694e-12,5.4285465012071654e-12,0.0,0.0,0.03354275471250856,719.71,20.0,0.0,18.62830555037145,195.03062670640568,116.46885007416043,0.0,40.20859219987814,0.0,205.3906845958935,20.0,0.0,330.1277823309376,10247.940553259477,18723.19373112858,423.5607043360273,587.5436452093181,-7.216449660063518e-15,unvalidated-engineering-priors,fixed independent scenario factor; no N cycle,1998-08-10,1998-09-23,1998-09-23,physiological_maturity,R6_physiological_maturity,1998-06-16,seed_layer_available_water,50.0
5,ag_070_069,fallow,1998,1998-10-06,1998-10-11,6547.676813191237,0.25,1.5187850976872141e-13,0.0,0.0,0.0,1.0,0.7899999999999999,0.0,0.0,12.871797349806394,0.0,0.0,0.0,0.0,0.0,0.8153183671473978,0.0,0.0,12.871797349806394,0.0,0.0,587.5436452093181,574.6465294923644,-4.2743586448068527e-14,unvalidated-engineering-priors,fixed independent scenario factor; no N cycle,,,,right_censored,BBCH89_full_ripeness,,,
5,ag_070_069,wheat,1999,1998-10-12,1999-06-10,6547.676813191237,0.25,2.816635813474022e-13,3.652189661806915e-12,0.0,0.0,0.04267140235271844,214.94,75.0,0.0,182.83322525342194,197.3378028562144,46.07018080660747,0.0,0.0,0.0,14.139324870827593,75.0,0.0,426.2412089162438,7021.385525698111,16077.282117577786,574.6465294923644,424.20599570529333,-3.780309398848658e-13,unvalidated-engineering-priors,fixed independent scenario factor; no N cycle,1999-04-26,1999-06-03,1999-06-03,full_ripeness,BBCH89_full_ripeness,1998-10-12,seed_layer_available_water,50.0
5,ag_070_069,fallow,1999,1999-06-11,1999-06-14,6547.676813191237,0.25,7.782663402622347e-14,0.0,0.0,0.0,1.0,1.71,0.0,0.0,3.421224244795114,0.0,0.0,0.0,0.0,0.0,0.0015531399614255523,0.0,0.0,3.421224244795114,0.0,0.0,424.20599570529333,422.493218320537,-1.8918200339612667e-13,unvalidated-engineering-priors,fixed independent scenario factor; no N cycle,,,,right_censored,BBCH89_full_ripeness,,,
5,ag_070_069,maize,1999,1999-06-15,1999-10-05,6547.676813191237,0.25,7.069900220812997e-13,4.803268893738277e-12,0.0,0.0,0.03354275471250856,442.14,20.0,0.0,16.187066921639676,224.7938614676081,77.21259980791575,0.0,0.0,0.0,0.2812965300519501,20.0,0.0,318.1935281971635,10045.116421380993,19870.30524094708,422.493218320537,566.1583935933207,7.530642776032437e-13,unvalidated-engineering-priors,fixed independent scenario factor; no N cycle,1999-08-13,1999-09-28,1999-09-28,physiological_maturity,R6_physiological_maturity,1999-06-16,seed_layer_available_water,50.0
5,ag_070_069,fallow,1999,1999-10-06,1999-10-11,6547.676813191237,0.25,1.4943601911454607e-13,0.0,0.0,0.0,1.0,6.87,0.0,0.0,13.0982904,0.0,0.0,0.0,0.0,0.0,0.020190351979247012,0.0,0.0,13.0982904,0.0,0.0,566.1583935933207,559.9099128413413,1.5409895581797173e-13,unvalidated-engineering-priors,fixed independent scenario factor; no N cycle,,,,right_censored,BBCH89_full_ripeness,,,
5,ag_070_069,wheat,2000,1999-10-12,2000-06-10,6547.676813191237,0.25,3.232969447708456e-13,2.2808421817899216e-12,0.0,0.0,0.04267140235271844,156.57999999999998,75.0,0.0,201.3715051083769,174.0796396832214,35.10548212206224,0.0,0.0,0.0,2.834579594401832,75.0,0.0,410.5566269136605,5024.436145553879,11722.681664149968,559.9099128413413,378.09870633328,-1.025513007846257e-12,unvalidated-engineering-priors,fixed independent scenario factor; no N cycle,2000-04-29,2000-06-08,2000-06-08,full_ripeness,BBCH89_full_ripeness,1999-10-12,seed_layer_available_water,50.0
5,ag_070_069,fallow,2000,2000-06-11,2000-06-14,6547.676813191237,0.25,4.1522341120980855e-14,0.0,0.0,0.0,1.0,0.03,0.0,0.0,1.0754305079107085,0.0,0.0,0.0,0.0,0.0,0.00041703807860369517,0.0,0.0,1.0754305079107085,0.0,0.0,378.09870633328,377.0528587872907,5.828670879282072e-15,unvalidated-engineering-priors,fixed independent scenario factor; no N cycle,,,,right_censored,BBCH89_full_ripeness,,,
5,ag_070_069,maize,2000,2000-06-15,2000-10-05,6547.676813191237,0.25,9.947598300641403e-13,3.637978807091713e-12,0.0,0.0,0.03354275471250856,510.78,20.0,0.0,19.738277095924897,191.27379665951705,76.24294805180743,0.0,0.0,0.0,5.608534995619642,20.0,0.0,287.25502180724936,8748.66246741774,16421.84100307399,377.0528587872907,614.9693019844284,-6.738498647962388e-12,unvalidated-engineering-priors,fixed independent scenario factor; no N cycle,2000-08-10,2000-09-24,2000-09-24,physiological_maturity,R6_physiological_maturity,2000-06-16,seed_layer_available_water,50.0
5,ag_070_069,fallow,2000,2000-10-06,2000-10-11,6547.676813191237,0.25,1.4432899320127035e-13,0.0,0.0,0.0,1.0,51.42,0.0,0.0,10.1550187,0.0,0.0,0.0,0.0,0.0,0.5021630054118258,0.0,0.0,10.1550187,0.0,0.0,614.9693019844284,655.7321202790168,-2.688960165642129e-13,unvalidated-engineering-priors,fixed independent scenario factor; no N cycle,,,,right_censored,BBCH89_full_ripeness,,,
5,ag_070_069,wheat,2001,2000-10-12,2001-06-10,6547.676813191237,0.25,3.894662370385049e-13,3.211653165635653e-12,0.0,0.0,0.04267140235271844,197.95,75.0,0.0,241.21905037711517,228.35457304594743,26.109595907600653,0.0,0.0,0.0,61.22059588162294,75.0,0.0,495.68321933066323,7248.157056218307,16909.083095788592,655.7321202790168,371.7783050667275,3.139544180186249e-12,unvalidated-engineering-priors,fixed independent scenario factor; no N cycle,2001-05-01,2001-06-09,2001-06-09,full_ripeness,BBCH89_full_ripeness,2000-10-12,seed_layer_available_water,50.0
5,ag_070_069,fallow,2001,2001-06-11,2001-06-14,6547.676813191237,0.25,4.835021272242557e-14,0.0,0.0,0.0,1.0,4.14,0.0,0.0,3.8938485529256512,0.0,0.0,0.0,0.0,0.0,0.00040799677717861247,0.0,0.0,3.8938485529256512,0.0,0.0,371.7783050667275,372.0240485170246,8.54316617449058e-14,unvalidated-engineering-priors,fixed independent scenario factor; no N cycle,,,,right_censored,BBCH89_full_ripeness,,,
5,ag_070_069,maize,2001,2001-06-15,2001-10-05,6547.676813191237,0.25,6.896705428971472e-13,3.0411229090532288e-12,7.105427357601002e-15,0.0,0.03354275471250856,686.34,20.0,0.0,16.64953284358077,225.92851499784976,73.0793361453837,0.0,40.4010623831805,0.0,171.00652853187958,20.0,0.0,315.65738398681424,10027.374618473588,19359.922031647104,372.0240485170246,551.2990736151527,-2.375266650034291e-12,unvalidated-engineering-priors,fixed independent scenario factor; no N cycle,2001-08-11,2001-09-29,2001-09-29,physiological_maturity,R6_physiological_maturity,2001-06-16,seed_layer_available_water,50.0
5,ag_070_069,fallow,2001,2001-10-06,2001-10-11,6547.676813191237,0.25,1.3811174426336947e-13,0.0,0.0,0.0,1.0,4.9399999999999995,0.0,0.0,14.156785290952323,0.0,0.0,0.0,0.0,0.0,0.17210114052730718,0.0,0.0,14.156785290952323,0.0,0.0,551.2990736151527,541.910187183673,7.416289804496046e-14,unvalidated-engineering-priors,fixed independent scenario factor; no N cycle,,,,right_censored,BBCH89_full_ripeness,,,
5,ag_070_069,wheat,2002,2001-10-12,2002-06-10,6547.676813191237,0.25,2.673417043297377e-13,2.4158453015843406e-12,0.0,0.0,0.04267140235271844,230.46,75.0,0.0,187.8988533484346,180.5917189818137,32.799380070925565,0.0,0.0,0.0,4.697795386590233,75.0,0.0,401.2899524011739,6298.164523409695,14055.511677434532,541.910187183673,441.382439395907,1.8584578320712808e-12,unvalidated-engineering-priors,fixed independent scenario factor; no N cycle,2002-04-23,2002-06-06,2002-06-06,full_ripeness,BBCH89_full_ripeness,2001-10-12,seed_layer_available_water,50.0
5,ag_070_069,fallow,2002,2002-06-11,2002-06-14,6547.676813191237,0.25,8.79296635503124e-14,0.0,0.0,0.0,1.0,5.2,0.0,0.0,13.98194797077873,0.0,0.0,0.0,0.0,0.0,0.0008917951003709752,0.0,0.0,13.98194797077873,0.0,0.0,441.382439395907,432.5995996300279,-1.2434497875801753e-14,unvalidated-engineering-priors,fixed independent scenario factor; no N cycle,,,,right_censored,BBCH89_full_ripeness,,,
5,ag_070_069,maize,2002,2002-06-15,2002-10-05,6547.676813191237,0.25,2.277067423506196e-13,4.405364961712621e-12,0.0,0.0,0.03354275471250856,202.38,20.0,0.0,20.72646212162557,162.94560877962346,68.2135277056919,0.0,0.0,0.0,0.014063207869673085,20.0,0.0,251.88559860694093,8835.697402551059,17961.407855279092,432.5995996300279,403.0799378152178,-5.179190409876355e-13,unvalidated-engineering-priors,fixed independent scenario factor; no N cycle,2002-08-12,2002-09-28,2002-09-28,physiological_maturity,R6_physiological_maturity,2002-06-15,seed_layer_available_water,50.0
5,ag_070_069,fallow,2002,2002-10-06,2002-10-11,6547.676813191237,0.25,1.1368683772161603e-13,0.0,0.0,0.0,1.0,0.02,0.0,0.0,13.513021974246106,0.0,0.0,0.0,0.0,0.0,6.110332622794067e-05,0.0,0.0,13.513021974246106,0.0,0.0,403.0799378152178,389.5868547376454,7.37188088351104e-14,unvalidated-engineering-priors,fixed independent scenario factor; no N cycle,,,,right_censored,BBCH89_full_ripeness,,,
5,ag_070_069,wheat,2003,2002-10-12,2003-06-10,6547.676813191237,0.25,1.9895196601282805e-13,2.5153212845907547e-12,0.0,0.0,0.04267140235271844,275.42,75.0,0.0,245.81426372202475,103.577868366571,32.04411356426373,0.0,0.0,0.0,0.002383191022695888,75.0,0.0,381.43624565285944,3772.8516412600156,8924.264888340851,389.5868547376454,358.56822589376173,1.5151213617059511e-12,unvalidated-engineering-priors,fixed independent scenario factor; no N cycle,2003-05-03,2003-06-10,2003-06-10,full_ripeness,BBCH89_full_ripeness,2002-10-13,seed_layer_available_water,50.0
5,ag_070_069,fallow,2003,2003-06-11,2003-06-14,6547.676813191237,0.25,7.038813976123492e-14,0.0,0.0,0.0,1.0,5.99,0.0,0.0,6.089242036977933,0.0,0.0,0.0,0.0,0.0,2.183884139552136e-05,0.0,0.0,6.089242036977933,0.0,0.0,358.56822589376173,358.4689620179424,3.169686735304822e-14,unvalidated-engineering-priors,fixed independent scenario factor; no N cycle,,,,right_censored,BBCH89_full_ripeness,,,
5,ag_070_069,maize,2003,2003-06-15,2003-10-05,6547.676813191237,0.25,9.254819133275305e-13,2.9842794901924208e-12,0.0,0.0,0.03354275471250856,951.02,20.0,0.0,18.30886343231321,126.91394588212069,102.63939092011503,0.0,82.7629568395785,0.0,349.9738724131577,20.0,0.0,247.86220023454894,7977.809435376403,15299.323955309257,358.4689620179424,648.8899325306534,3.893774191965349e-12,unvalidated-engineering-priors,fixed independent scenario factor; no N cycle,2003-08-13,2003-10-04,2003-10-04,physiological_maturity,R6_physiological_maturity,2003-06-16,seed_layer_available_water,50.0
5,ag_070_069,fallow,2003,2003-10-06,2003-10-11,6547.676813191237,0.25,9.947598300641403e-14,0.0,0.0,0.0,1.0,74.23,0.0,0.0,10.076645899999999,0.0,0.0,0.0,0.0,0.0,2.687122826665389,0.0,0.0,10.076645899999999,0.0,0.0,648.8899325306534,710.3561638039879,8.615330671091215e-14,unvalidated-engineering-priors,fixed independent scenario factor; no N cycle,,,,right_censored,BBCH89_full_ripeness,,,
5,ag_070_069,wheat,2004,2003-10-12,2004-06-10,6547.676813191237,0.25,2.7822188997106423e-13,2.9274360713316128e-12,0.0,0.0,0.04267140235271844,198.79,75.0,0.0,231.08669311668686,225.95252108761025,39.794991204164624,0.0,0.0,0.0,101.12214573558245,75.0,0.0,496.8342054084617,7618.780763395075,17113.574326153997,710.3561638039879,386.18981265994296,7.666089985036706e-13,unvalidated-engineering-priors,fixed independent scenario factor; no N cycle,2004-04-25,2004-06-02,2004-06-02,full_ripeness,BBCH89_full_ripeness,2003-10-12,seed_layer_available_water,50.0
5,ag_070_069,fallow,2004,2004-06-11,2004-06-14,6547.676813191237,0.25,5.007105841059456e-14,0.0,0.0,0.0,1.0,0.17,0.0,0.0,2.2796533180646215,0.0,0.0,0.0,0.0,0.0,0.0006261136266535151,0.0,0.0,2.2796533180646215,0.0,0.0,386.18981265994296,384.0795332282517,-2.1010970741031088e-14,unvalidated-engineering-priors,fixed independent scenario factor; no N cycle,,,,right_censored,BBCH89_full_ripeness,,,
5,ag_070_069,maize,2004,2004-06-15,2004-10-05,6547.676813191237,0.25,1.1048939541069558e-12,4.092726157978177e-12,1.4210854715202004e-14,0.0,0.03354275471250856,731.22,20.0,0.0,16.82603463882871,178.0885541672093,109.6735563511657,0.0,53.290187587280094,0.0,129.79603545163636,20.0,0.0,304.5881451572037,9523.847830615883,18244.937174971063,384.0795332282517,647.6251650321288,2.6634250360757505e-12,unvalidated-engineering-priors,fixed independent scenario factor; no N cycle,2004-08-11,2004-09-29,2004-09-29,physiological_maturity,R6_physiological_maturity,2004-06-16,seed_layer_available_water,50.0
5,ag_070_069,fallow,2004,2004-10-06,2004-10-11,6547.676813191237,0.25,1.0746958878371515e-13,0.0,0.0,0.0,1.0,0.36,0.0,0.0,17.1935914,0.0,0.0,0.0,0.0,0.0,2.0539939576864823,0.0,0.0,17.1935914,0.0,0.0,647.6251650321288,628.7375796744424,-6.661338147750939e-15,unvalidated-engineering-priors,fixed independent scenario factor; no N cycle,,,,right_censored,BBCH89_full_ripeness,,,
5,ag_070_069,wheat,2005,2004-10-12,2005-06-10,6547.676813191237,0.25,3.0309088572266774e-13,2.9558577807620168e-12,0.0,0.0,0.04267140235271844,232.31,75.0,0.0,200.3645330653018,221.85720172504304,46.985994345913184,0.0,0.0,0.0,32.85689300006116,75.0,0.0,469.207729136258,7448.414458961989,16821.807836659293,628.7375796744424,433.9829575381225,6.731282198302324e-13,unvalidated-engineering-priors,fixed independent scenario factor; no N cycle,2005-05-03,2005-06-10,2005-06-10,full_ripeness,BBCH89_full_ripeness,2004-10-12,seed_layer_available_water,50.0
5,ag_070_069,fallow,2005,2005-06-11,2005-06-14,6547.676813191237,0.25,1.176836406102666e-13,0.0,0.0,0.0,1.0,21.11,0.0,0.0,14.936241638219428,0.0,0.0,0.0,0.0,0.0,0.0015384268718037224,0.0,0.0,14.936241638219428,0.0,0.0,433.9829575381225,440.1551774730314,-1.5631940186722204e-13,unvalidated-engineering-priors,fixed independent scenario factor; no N cycle,,,,right_censored,BBCH89_full_ripeness,,,
5,ag_070_069,maize,2005,2005-06-15,2005-10-05,6547.676813191237,0.25,9.041656312547275e-13,3.637978807091713e-12,0.0,0.0,0.03354275471250856,928.09,20.0,0.0,18.197399994561312,160.08650826374804,111.28888864034127,0.0,70.93740650730027,0.0,329.6591968172333,20.0,0.0,289.5727968986506,8869.647345974416,17263.785476618355,440.1551774730314,698.0757772498406,6.657119300257364e-12,unvalidated-engineering-priors,fixed independent scenario factor; no N cycle,2005-08-10,2005-09-29,2005-09-29,physiological_maturity,R6_physiological_maturity,2005-06-15,seed_layer_available_water,50.0
5,ag_070_069,fallow,2005,2005-10-06,2005-10-11,6547.676813191237,0.25,1.7763568394002505e-13,0.0,0.0,0.0,1.0,15.72,0.0,0.0,16.5221381,0.0,0.0,0.0,0.0,0.0,16.310250184362257,0.0,0.0,16.5221381,0.0,0.0,698.0757772498406,680.9633889654781,2.5224267119483557e-13,unvalidated-engineering-priors,fixed independent scenario factor; no N cycle,,,,right_censored,BBCH89_full_ripeness,,,
5,ag_070_069,wheat,2006,2005-10-12,2006-06-10,6547.676813191237,0.25,3.0331293032759277e-13,3.240074875066057e-12,0.0,0.0,0.04267140235271844,149.66,75.0,0.0,175.00870195937665,236.72764285659457,37.81357928518778,0.0,0.0,0.0,66.68550782338608,75.0,0.0,449.549924101159,8099.24177475846,18057.708900929523,680.9633889654781,389.3879570409349,-1.9117485372532883e-12,unvalidated-engineering-priors,fixed independent scenario factor; no N cycle,2006-04-29,2006-06-07,2006-06-07,full_ripeness,BBCH89_full_ripeness,2005-10-12,seed_layer_available_water,50.0
5,ag_070_069,fallow,2006,2006-06-11,2006-06-14,6547.676813191237,0.25,1.1723955140041653e-13,0.0,0.0,0.0,1.0,16.84,0.0,0.0,8.830270446101698,0.0,0.0,0.0,0.0,0.0,0.0006358722379296419,0.0,0.0,8.830270446101698,0.0,0.0,389.3879570409349,397.39705072259517,1.1080025785759062e-13,unvalidated-engineering-priors,fixed independent scenario factor; no N cycle,,,,right_censored,BBCH89_full_ripeness,,,
5,ag_070_069,maize,2006,2006-06-15,2006-10-05,6547.676813191237,0.25,8.888445535149003e-13,5.087485988042317e-12,0.0,0.0,0.03354275471250856,437.92,20.0,0.0,18.52658044553614,193.0949283352496,84.6408778326853,0.0,0.0,0.0,3.3607244922184782,20.0,0.0,296.26238661347105,8948.60137595655,17430.587483963725,397.39705072259517,555.6939396169089,-3.2477909250872017e-12,unvalidated-engineering-priors,fixed independent scenario factor; no N cycle,2006-08-09,2006-09-25,2006-09-25,physiological_maturity,R6_physiological_maturity,2006-06-15,seed_layer_available_water,50.0
5,ag_070_069,fallow,2006,2006-10-06,2006-10-11,6547.676813191237,0.25,2.255973186038318e-13,0.0,0.0,0.0,1.0,0.0,0.0,0.0,14.08803471465621,0.0,0.0,0.0,0.0,0.0,0.17206567495687447,0.0,0.0,14.08803471465621,0.0,0.0,555.6939396169089,541.433839227296,-1.4099832412739488e-13,unvalidated-engineering-priors,fixed independent scenario factor; no N cycle,,,,right_censored,BBCH89_full_ripeness,,,
5,ag_070_069,wheat,2007,2006-10-12,2007-06-10,6547.676813191237,0.25,3.730349362740526e-13,4.263256414560601e-12,0.0,0.0,0.04267140235271844,197.06,75.0,0.0,164.20688826752618,234.07270241175698,37.70694540489952,0.0,0.0,0.0,5.090119519403668,75.0,0.0,435.98653608418266,7123.979872174654,17717.091426866275,541.433839227296,372.4171836237099,-2.7605695507304517e-13,unvalidated-engineering-priors,fixed independent scenario factor; no N cycle,2007-04-28,2007-06-05,2007-06-05,full_ripeness,BBCH89_full_ripeness,2006-10-13,seed_layer_available_water,50.0
5,ag_070_069,fallow,2007,2007-06-11,2007-06-14,6547.676813191237,0.25,1.2823075934420558e-13,0.0,0.0,0.0,1.0,0.32,0.0,0.0,1.0861103038418158,0.0,0.0,0.0,0.0,0.0,0.00030451605306565605,0.0,0.0,1.0861103038418158,0.0,0.0,372.4171836237099,371.6507688038151,-7.585598815751382e-14,unvalidated-engineering-priors,fixed independent scenario factor; no N cycle,,,,right_censored,BBCH89_full_ripeness,,,
5,ag_070_069,maize,2007,2007-06-15,2007-10-05,6547.676813191237,0.25,1.007194327939942e-12,3.211653165635653e-12,0.0,0.0,0.03354275471250856,740.56,20.0,0.0,16.2243381487832,166.76619340287618,92.4149752985111,0.0,20.547053482656715,0.0,184.7844723779598,20.0,0.0,275.40550685017047,9070.618955526908,16959.30893401392,371.6507688038151,651.473736093032,-3.908984247402714e-12,unvalidated-engineering-priors,fixed independent scenario factor; no N cycle,2007-08-13,2007-09-28,2007-09-28,physiological_maturity,R6_physiological_maturity,2007-06-16,seed_layer_available_water,50.0
5,ag_070_069,fallow,2007,2007-10-06,2007-10-11,6547.676813191237,0.25,1.4654943925052066e-13,0.0,0.0,0.0,1.0,7.199999999999999,0.0,0.0,13.7751358,0.0,0.0,0.0,0.0,0.0,2.2327224728883617,0.0,0.0,13.7751358,0.0,0.0,651.473736093032,642.6658778201436,7.72715225139109e-14,unvalidated-engineering-priors,fixed independent scenario factor; no N cycle,,,,right_censored,BBCH89_full_ripeness,,,
5,ag_070_069,wheat,2008,2007-10-12,2008-06-10,6547.676813191237,0.25,6.288303211476887e-13,3.694822225952521e-12,0.0,0.0,0.04267140235271844,258.36,75.0,0.0,205.19137099573484,212.0278846769271,56.65289564658645,0.0,0.0,0.0,36.55123359606673,75.0,0.0,473.8721513192484,7970.852112302927,17851.53331535271,642.6658778201436,465.60249290482653,1.918132319644883e-12,unvalidated-engineering-priors,fixed independent scenario factor; no N cycle,2008-04-29,2008-06-05,2008-06-05,full_ripeness,BBCH89_full_ripeness,2007-10-12,seed_layer_available_water,50.0
5,ag_070_069,fallow,2008,2008-06-11,2008-06-14,6547.676813191237,0.25,3.907985046680551e-14,0.0,0.0,0.0,1.0,1.84,0.0,0.0,5.872822646816566,0.0,0.0,0.0,0.0,0.0,0.005222563244076162,0.0,0.0,5.872822646816566,0.0,0.0,465.60249290482653,461.56444769476593,-3.9968028886505635e-14,unvalidated-engineering-priors,fixed independent scenario factor; no N cycle,,,,right_censored,BBCH89_full_ripeness,,,
5,ag_070_069,maize,2008,2008-06-15,2008-10-05,6547.676813191237,0.25,8.759659664292485e-13,3.907985046680551e-12,0.0,0.0,0.03354275471250856,549.45,20.0,0.0,16.51587593416429,184.30369625306287,79.55152002130966,0.0,7.872128023191149,0.0,104.24206078543487,20.0,0.0,280.37109220853677,9236.87132837655,17312.234383729483,461.56444769476593,638.529166677606,-2.86001777816125e-12,unvalidated-engineering-priors,fixed independent scenario factor; no N cycle,2008-08-12,2008-10-01,2008-10-01,physiological_maturity,R6_physiological_maturity,2008-06-16,seed_layer_available_water,50.0
5,ag_070_069,fallow,2008,2008-10-06,2008-10-11,6547.676813191237,0.25,1.438849039914203e-13,0.0,0.0,0.0,1.0,0.48000000000000004,0.0,0.0,15.55,0.0,0.0,0.0,0.0,0.0,1.4645451601610602,0.0,0.0,15.55,0.0,0.0,638.529166677606,621.9946215174448,1.412203687323199e-13,unvalidated-engineering-priors,fixed independent scenario factor; no N cycle,,,,right_censored,BBCH89_full_ripeness,,,
5,ag_070_069,wheat,2009,2008-10-12,2009-06-10,6547.676813191237,0.25,3.9968028886505635e-13,3.410605131648481e-12,0.0,0.0,0.04267140235271844,193.07,75.0,0.0,200.61765060128147,219.60248671364508,36.50169043057963,0.0,0.0,0.0,27.214060236032385,75.0,0.0,456.7218277455062,7282.815758519186,16147.016690110539,621.9946215174448,406.1287335359062,3.352873534367973e-14,unvalidated-engineering-priors,fixed independent scenario factor; no N cycle,2009-04-29,2009-06-06,2009-06-06,full_ripeness,BBCH89_full_ripeness,2008-10-12,seed_layer_available_water,50.0
5,ag_070_069,fallow,2009,2009-06-11,2009-06-14,6547.676813191237,0.25,5.3734794391857577e-14,0.0,0.0,0.0,1.0,1.47,0.0,0.0,6.611384349206814,0.0,0.0,0.0,0.0,0.0,0.0009325080804787396,0.0,0.0,6.611384349206814,0.0,0.0,406.1287335359062,400.986416678619,-9.392486788328824e-14,unvalidated-engineering-priors,fixed independent scenario factor; no N cycle,,,,right_censored,BBCH89_full_ripeness,,,
5,ag_070_069,maize,2009,2009-06-15,2009-10-05,6547.676813191237,0.25,1.0658141036401503e-12,3.637978807091713e-12,0.0,0.0,0.03354275471250856,457.16,20.0,0.0,16.613114166562184,214.19729629136344,88.17866984765786,0.0,0.0,0.0,4.386207079732237,20.0,0.0,318.9890803055835,9576.071035069286,19479.946449199215,400.986416678619,554.7711292933072,-3.99180688503975e-12,unvalidated-engineering-priors,fixed independent scenario factor; no N cycle,2009-08-12,2009-09-30,2009-09-30,physiological_maturity,R6_physiological_maturity,2009-06-16,seed_layer_available_water,50.0
5,ag_070_069,fallow,2009,2009-10-06,2009-10-11,6547.676813191237,0.25,1.5232259897857148e-13,0.0,0.0,0.0,1.0,2.4899999999999998,0.0,0.0,15.271373763616968,0.0,0.0,0.0,0.0,0.0,0.10217975017801344,0.0,0.0,15.271373763616968,0.0,0.0,554.7711292933072,541.8875757795124,-1.5831780331154732e-13,unvalidated-engineering-priors,fixed independent scenario factor; no N cycle,,,,right_censored,BBCH89_full_ripeness,,,
5,ag_070_069,wheat,2010,2009-10-12,2010-06-10,6547.676813191237,0.25,3.1885605267234496e-13,2.8705926524708048e-12,0.0,0.0,0.04267140235271844,166.92,75.0,0.0,169.280937585081,190.3492679688921,38.95762425987196,0.0,0.0,0.0,3.9538652527857137,75.0,0.0,398.5878298138451,5675.986471330671,13821.10626849638,541.8875757795124,381.26588071288137,2.5845992013273644e-13,unvalidated-engineering-priors,fixed independent scenario factor; no N cycle,2010-05-10,,2010-06-10,cut_before_maturity,BBCH89_full_ripeness,2009-10-12,seed_layer_available_water,50.0
5,ag_070_069,fallow,2010,2010-06-11,2010-06-14,6547.676813191237,0.25,9.459100169806334e-14,0.0,0.0,0.0,1.0,0.6900000000000001,0.0,0.0,4.0952222757458285,0.0,0.0,0.0,0.0,0.0,0.0004993029990442168,0.0,0.0,4.0952222757458285,0.0,0.0,381.26588071288137,377.8601591341366,-1.1191048088221578e-13,unvalidated-engineering-priors,fixed independent scenario factor; no N cycle,,,,right_censored,BBCH89_full_ripeness,,,
5,ag_070_069,maize,2010,2010-06-15,2010-10-05,6547.676813191237,0.25,1.0964562591198046e-12,3.637978807091713e-12,0.0,0.0,0.03354275471250856,676.23,20.0,0.0,18.71240506253456,185.03068245155288,87.73265241106655,0.0,38.46478346137731,0.0,118.43331586640909,20.0,0.0,291.475739925154,8195.596408300276,16616.873712781467,377.8601591341366,625.7163198811905,5.644373857194296e-12,unvalidated-engineering-priors,fixed independent scenario factor; no N cycle,2010-08-10,2010-09-25,2010-09-25,physiological_maturity,R6_physiological_maturity,2010-06-16,seed_layer_available_water,50.0
5,ag_070_069,fallow,2010,2010-10-06,2010-10-11,6547.676813191237,0.25,1.603162047558726e-13,0.0,0.0,0.0,1.0,0.43000000000000005,0.0,0.0,17.07170610516315,0.0,0.0,0.0,0.0,0.0,2.280296356512482,0.0,0.0,17.07170610516315,0.0,0.0,625.7163198811905,606.7943174195148,1.5631940186722204e-13,unvalidated-engineering-priors,fixed independent scenario factor; no N cycle,,,,right_censored,BBCH89_full_ripeness,,,
5,ag_070_069,wheat,2011,2010-10-12,2011-06-10,6547.676813191237,0.25,3.6770586575585185e-13,2.4726887204451486e-12,0.0,0.0,0.04267140235271844,149.60999999999999,75.0,0.0,156.3430913262673,209.94898962475708,20.85468703181566,0.0,0.0,0.0,26.372716347525415,75.0,0.0,387.14676798284006,6028.349030607577,13278.253297316172,606.7943174195148,417.88483308915045,-1.1565748359032568e-12,unvalidated-engineering-priors,fixed independent scenario factor; no N cycle,2011-05-03,,2011-06-10,cut_before_maturity,BBCH89_full_ripeness,2010-10-12,seed_layer_available_water,50.0
5,ag_070_069,fallow,2011,2011-06-11,2011-06-14,6547.676813191237,0.25,1.6764367671839864e-14,0.0,0.0,0.0,1.0,0.01,0.0,0.0,1.593992874657868,0.0,0.0,0.0,0.0,0.0,0.0013476162344184073,0.0,0.0,1.593992874657868,0.0,0.0,417.88483308915045,416.29949259825815,6.161737786669619e-15,unvalidated-engineering-priors,fixed independent scenario factor; no N cycle,,,,right_censored,BBCH89_full_ripeness,,,
5,ag_070_069,maize,2011,2011-06-15,2011-10-05,6547.676813191237,0.25,1.0267342531733448e-12,2.8421709430404007e-12,1.4210854715202004e-14,0.0,0.03354275471250856,631.76,20.0,0.0,16.789842903114433,161.88828464857568,93.14571530528124,0.0,0.0,0.0,122.81709945895948,20.0,0.0,271.82384285697134,9247.059753681193,16974.064260538016,416.29949259825815,673.4185502823282,-8.539835505416704e-13,unvalidated-engineering-priors,fixed independent scenario factor; no N cycle,2011-08-12,2011-10-04,2011-10-04,physiological_maturity,R6_physiological_maturity,2011-06-16,seed_layer_available_water,50.0
5,ag_070_069,fallow,2011,2011-10-06,2011-10-11,6547.676813191237,0.25,1.2878587085651816e-13,0.0,0.0,0.0,1.0,2.33,0.0,0.0,16.123080100000003,0.0,0.0,0.0,0.0,0.0,6.3581475192991395,0.0,0.0,16.123080100000003,0.0,0.0,673.4185502823282,653.2673226630291,-3.4861002973229915e-14,unvalidated-engineering-priors,fixed independent scenario factor; no N cycle,,,,right_censored,BBCH89_full_ripeness,,,
5,ag_070_069,wheat,2012,2011-10-12,2012-06-10,6547.676813191237,0.25,4.070077608275824e-13,3.552713678800501e-12,0.0,0.0,0.04267140235271844,261.34,75.0,0.0,232.79877369132666,226.7182940945877,27.526264907822444,0.0,0.0,0.0,79.51994994830395,75.0,0.0,487.0433326937368,8109.643819541543,18269.143694429913,653.2673226630291,423.04404002098704,1.2960743589474077e-12,unvalidated-engineering-priors,fixed independent scenario factor; no N cycle,2012-05-02,2012-06-06,2012-06-06,full_ripeness,BBCH89_full_ripeness,2011-10-12,seed_layer_available_water,50.0
5,ag_070_069,fallow,2012,2012-06-11,2012-06-14,6547.676813191237,0.25,8.837375276016246e-14,0.0,0.0,0.0,1.0,0.37,0.0,0.0,4.4421421442242215,0.0,0.0,0.0,0.0,0.0,0.0036772551499621043,0.0,0.0,4.4421421442242215,0.0,0.0,423.04404002098704,418.96822062161306,-1.9984014443252818e-13,unvalidated-engineering-priors,fixed independent scenario factor; no N cycle,,,,right_censored,BBCH89_full_ripeness,,,
5,ag_070_069,maize,2012,2012-06-15,2012-10-05,6547.676813191237,0.25,1.0293987884324451e-12,3.637978807091713e-12,0.0,0.0,0.03354275471250856,522.66,20.0,0.0,19.298919131675262,186.7100600109788,79.9411591868543,0.0,0.0,0.0,57.32087918625476,20.0,0.0,285.9501383295084,9379.869685956048,17291.546072599056,418.96822062161306,618.3572031058529,-3.0037639042745923e-12,unvalidated-engineering-priors,fixed independent scenario factor; no N cycle,2012-08-11,2012-09-30,2012-09-30,physiological_maturity,R6_physiological_maturity,2012-06-16,seed_layer_available_water,50.0
5,ag_070_069,fallow,2012,2012-10-06,2012-10-11,6547.676813191237,0.25,1.8607337892717624e-13,0.0,0.0,0.0,1.0,0.22,0.0,0.0,16.65875631931357,0.0,0.0,0.0,0.0,0.0,1.5155428598605238,0.0,0.0,16.65875631931357,0.0,0.0,618.3572031058529,600.402903926679,-1.2434497875801753e-13,unvalidated-engineering-priors,fixed independent scenario factor; no N cycle,,,,right_censored,BBCH89_full_ripeness,,,
5,ag_070_069,wheat,2013,2012-10-12,2013-06-10,6547.676813191237,0.25,5.941913627793838e-13,2.7853275241795927e-12,0.0,0.0,0.04267140235271844,290.51,75.0,0.0,223.8468262431194,202.19438313657758,39.51919857465972,0.0,0.0,0.0,23.854144706729752,75.0,0.0,465.5604079543567,6436.245633395561,15082.825362716489,600.402903926679,476.49835126559304,-5.368483435574944e-13,unvalidated-engineering-priors,fixed independent scenario factor; no N cycle,2013-05-06,,2013-06-10,cut_before_maturity,BBCH89_full_ripeness,2012-10-12,seed_layer_available_water,50.0
5,ag_070_069,fallow,2013,2013-06-11,2013-06-14,6547.676813191237,0.25,1.0125233984581428e-13,0.0,0.0,0.0,1.0,6.61,0.0,0.0,12.439345714160234,0.0,0.0,0.0,0.0,0.0,0.00216278671187913,0.0,0.0,12.439345714160234,0.0,0.0,476.49835126559304,470.66684276472085,7.549516567451064e-14,unvalidated-engineering-priors,fixed independent scenario factor; no N cycle,,,,right_censored,BBCH89_full_ripeness,,,
5,ag_070_069,maize,2013,2013-06-15,2013-10-05,6547.676813191237,0.25,1.106670310946356e-12,3.637978807091713e-12,0.0,0.0,0.03354275471250856,466.72,20.0,0.0,19.86767311771314,220.4715746341166,74.98310650119907,0.0,0.8940775828738605,0.0,86.66552492166431,20.0,0.0,315.3223542530288,8611.161492327054,17233.133839607704,470.66684276472085,554.5048860071531,7.677192215282957e-13,unvalidated-engineering-priors,fixed independent scenario factor; no N cycle,2013-08-09,2013-09-22,2013-09-22,physiological_maturity,R6_physiological_maturity,2013-06-16,seed_layer_available_water,50.0
5,ag_070_069,fallow,2013,2013-10-06,2013-10-11,6547.676813191237,0.25,1.674216321134736e-13,0.0,0.0,0.0,1.0,0.0,0.0,0.0,16.481111916744585,0.0,0.0,0.0,0.0,0.0,0.14108794736501507,0.0,0.0,16.481111916744585,0.0,0.0,554.5048860071531,537.8826861430432,3.1508129438861943e-13,unvalidated-engineering-priors,fixed independent scenario factor; no N cycle,,,,right_censored,BBCH89_full_ripeness,,,
5,ag_070_069,wheat,2014,2013-10-12,2014-06-10,6547.676813191237,0.25,2.8882451985623447e-13,2.3447910280083306e-12,0.0,0.0,0.04267140235271844,188.25,75.0,0.0,194.44896217665405,180.85310238173398,34.89481209845369,0.0,0.0,0.0,4.205519937317264,75.0,0.0,410.1968766568417,6240.628919859353,13945.541796692032,537.8826861430432,386.73028954888264,1.5787926521682039e-12,unvalidated-engineering-priors,fixed independent scenario factor; no N cycle,2014-04-23,2014-06-02,2014-06-02,full_ripeness,BBCH89_full_ripeness,2013-10-13,seed_layer_available_water,50.0
5,ag_070_069,fallow,2014,2014-06-11,2014-06-14,6547.676813191237,0.25,8.570921750106208e-14,0.0,0.0,0.0,1.0,3.0999999999999996,0.0,0.0,7.044666086620708,0.0,0.0,0.0,0.0,0.0,0.00033370649676267247,0.0,0.0,7.044666086620708,0.0,0.0,386.73028954888264,382.78528975576523,-6.716849298982197e-14,unvalidated-engineering-priors,fixed independent scenario factor; no N cycle,,,,right_censored,BBCH89_full_ripeness,,,
5,ag_070_069,maize,2014,2014-06-15,2014-10-05,6547.676813191237,0.25,6.679101716144942e-13,3.097966327914037e-12,0.0,0.0,0.03354275471250856,362.11,20.0,0.0,18.752100759213548,131.31731539970147,84.86847581190261,0.0,0.0,0.0,0.009767672655365114,20.0,0.0,234.93789197081765,7908.19033412845,15732.803701521087,382.78528975576523,529.9476301122908,1.4684919946716946e-12,unvalidated-engineering-priors,fixed independent scenario factor; no N cycle,2014-08-12,2014-10-01,2014-10-01,physiological_maturity,R6_physiological_maturity,2014-06-16,seed_layer_available_water,50.0
5,ag_070_069,fallow,2014,2014-10-06,2014-10-11,6547.676813191237,0.25,1.5898393712632242e-13,0.0,0.0,0.0,1.0,0.0,0.0,0.0,17.266233223006815,0.0,0.0,0.0,0.0,0.0,0.0031081190382512072,0.0,0.0,17.266233223006815,0.0,0.0,529.9476301122908,512.6782887702456,1.412203687323199e-13,unvalidated-engineering-priors,fixed independent scenario factor; no N cycle,,,,right_censored,BBCH89_full_ripeness,,,
5,ag_070_069,wheat,2015,2014-10-12,2015-06-10,6547.676813191237,0.25,2.6267876762631204e-13,2.4158453015843406e-12,0.0,0.0,0.04267140235271844,186.85,75.0,0.0,192.30198840638874,175.2418704991161,42.84984088206591,0.0,0.0,0.0,0.4837460272322126,75.0,0.0,410.39369978757077,5709.251688480637,13518.826852851167,512.6782887702456,363.65084295544216,4.2010839251815923e-13,unvalidated-engineering-priors,fixed independent scenario factor; no N cycle,2015-04-29,2015-06-05,2015-06-05,full_ripeness,BBCH89_full_ripeness,2014-10-12,seed_layer_available_water,50.0
5,ag_070_069,fallow,2015,2015-06-11,2015-06-14,6547.676813191237,0.25,1.5126788710517758e-13,0.0,0.0,0.0,1.0,2.47,0.0,0.0,2.8144429320195288,0.0,0.0,0.0,0.0,0.0,0.00014221972222204678,0.0,0.0,2.8144429320195288,0.0,0.0,363.65084295544216,363.30625780370053,-1.247890679678676e-13,unvalidated-engineering-priors,fixed independent scenario factor; no N cycle,,,,right_censored,BBCH89_full_ripeness,,,
5,ag_070_069,maize,2015,2015-06-15,2015-10-05,6547.676813191237,0.25,5.74651437545981e-13,3.637978807091713e-12,0.0,0.0,0.03354275471250856,333.36,20.0,0.0,19.197097390735962,167.05663130733592,87.61663408329667,0.0,0.0,0.0,0.015476684719670081,20.0,0.0,273.87036278136856,8932.206132905785,17015.698511697345,363.30625780370053,442.78041833761085,1.4529488723269424e-12,unvalidated-engineering-priors,fixed independent scenario factor; no N cycle,2015-08-12,2015-09-28,2015-09-28,physiological_maturity,R6_physiological_maturity,2015-06-16,seed_layer_available_water,50.0
5,ag_070_069,fallow,2015,2015-10-06,2015-10-11,6547.676813191237,0.25,4.973799150320701e-14,0.0,0.0,0.0,1.0,7.91,0.0,0.0,16.275372796261156,0.0,0.0,0.0,0.0,0.0,0.0002916080051730274,0.0,0.0,16.275372796261156,0.0,0.0,442.78041833761085,434.4147539333445,1.0436096431476471e-14,unvalidated-engineering-priors,fixed independent scenario factor; no N cycle,,,,right_censored,BBCH89_full_ripeness,,,
5,ag_070_069,wheat,2016,2015-10-12,2016-06-10,6547.676813191237,0.25,2.6201263381153694e-13,1.5418777365994174e-12,0.0,0.0,0.04267140235271844,193.42,75.0,0.0,213.1729366263651,114.28527975524257,25.551380285517297,0.0,0.0,0.0,0.02073498642997133,75.0,0.0,353.009596667125,2478.2727015605074,6882.705390733989,434.4147539333445,349.80442227978943,1.1890488593735427e-13,unvalidated-engineering-priors,fixed independent scenario factor; no N cycle,2016-04-25,2016-06-02,2016-06-02,full_ripeness,BBCH89_full_ripeness,2015-10-12,seed_layer_available_water,50.0
5,ag_070_069,fallow,2016,2016-06-11,2016-06-14,6547.676813191237,0.25,2.2026824808563106e-13,0.0,0.0,0.0,1.0,71.56,0.0,0.0,9.892390058938812,0.0,0.0,0.0,0.0,0.0,4.817342769688664e-05,0.0,0.0,9.892390058938812,0.0,0.0,349.80442227978943,411.4719840474228,1.4943601911454607e-13,unvalidated-engineering-priors,fixed independent scenario factor; no N cycle,,,,right_censored,BBCH89_full_ripeness,,,
5,ag_070_069,maize,2016,2016-06-15,2016-10-05,6547.676813191237,0.25,8.455458555545192e-13,3.097966327914037e-12,0.0,0.0,0.03354275471250856,593.75,20.0,0.0,18.581106401525748,177.20116257403757,112.79038788073403,0.0,0.0,0.0,122.88644531059334,20.0,0.0,308.57265685629733,9207.891593709433,17472.008703429892,411.4719840474228,593.7628818805325,-4.2676973066591017e-13,unvalidated-engineering-priors,fixed independent scenario factor; no N cycle,2016-08-10,2016-09-23,2016-09-23,physiological_maturity,R6_physiological_maturity,2016-06-15,seed_layer_available_water,50.0
5,ag_070_069,fallow,2016,2016-10-06,2016-10-11,6547.676813191237,0.25,9.237055564881302e-14,0.0,0.0,0.0,1.0,0.53,0.0,0.0,14.878202235894117,0.0,0.0,0.0,0.0,0.0,0.4617965136684534,0.0,0.0,14.878202235894117,0.0,0.0,593.7628818805325,578.9528831309698,1.6764367671839864e-13,unvalidated-engineering-priors,fixed independent scenario factor; no N cycle,,,,right_censored,BBCH89_full_ripeness,,,
5,ag_070_069,wheat,2017,2016-10-12,2017-06-10,6547.676813191237,0.25,2.993161274389422e-13,3.879563337250147e-12,0.0,0.0,0.04267140235271844,250.07,75.0,0.0,236.22568758992975,211.28810826385447,47.22105575754691,0.0,0.0,0.0,15.201955990839876,75.0,0.0,494.7348516113311,7820.561811201961,17688.278163197,578.9528831309698,394.08607552879806,7.201461649231078e-13,unvalidated-engineering-priors,fixed independent scenario factor; no N cycle,2017-04-26,2017-06-04,2017-06-04,full_ripeness,BBCH89_full_ripeness,2016-10-12,seed_layer_available_water,50.0
5,ag_070_069,fallow,2017,2017-06-11,2017-06-14,6547.676813191237,0.25,4.574118861455645e-14,0.0,0.0,0.0,1.0,0.33,0.0,0.0,6.583059896402489,0.0,0.0,0.0,0.0,0.0,0.0006897394333347357,0.0,0.0,6.583059896402489,0.0,0.0,394.08607552879806,387.8323258929622,2.1316282072803006e-14,unvalidated-engineering-priors,fixed independent scenario factor; no N cycle,,,,right_censored,BBCH89_full_ripeness,,,
5,ag_070_069,maize,2017,2017-06-15,2017-10-05,6547.676813191237,0.25,1.176836406102666e-12,3.637978807091713e-12,0.0,0.0,0.03354275471250856,435.42,20.0,0.0,17.399961802740833,198.34969923495547,95.16649472123605,0.0,0.0,0.0,0.2764102388232391,20.0,0.0,310.91615575893235,8871.886050696548,17675.456309872996,387.8323258929622,532.0597598952087,-2.0553558854885523e-12,unvalidated-engineering-priors,fixed independent scenario factor; no N cycle,2017-08-10,2017-09-23,2017-09-23,physiological_maturity,R6_physiological_maturity,2017-06-16,seed_layer_available_water,50.0
5,ag_070_069,fallow,2017,2017-10-06,2017-10-11,6547.676813191237,0.25,8.992806499463768e-14,0.0,0.0,0.0,1.0,11.27,0.0,0.0,10.3904753,0.0,0.0,0.0,0.0,0.0,0.0069895385595580995,0.0,0.0,10.3904753,0.0,0.0,532.0597598952087,532.932295056649,1.588729148238599e-13,unvalidated-engineering-priors,fixed independent scenario factor; no N cycle,,,,right_censored,BBCH89_full_ripeness,,,
5,ag_070_069,wheat,2018,2017-10-12,2018-06-10,6547.676813191237,0.25,1.9273471707492718e-13,2.1600499167107046e-12,0.0,0.0,0.04267140235271844,212.51,75.0,0.0,214.3377566159744,160.19365808431039,34.237493771890854,0.0,0.0,0.0,0.8150849956404121,75.0,0.0,408.7689084721756,4762.1710450343935,11079.956941295022,532.932295056649,410.8583015888326,3.1968871994081383e-13,unvalidated-engineering-priors,fixed independent scenario factor; no N cycle,2018-04-25,2018-06-02,2018-06-02,full_ripeness,BBCH89_full_ripeness,2017-10-12,seed_layer_available_water,50.0
5,ag_070_069,fallow,2018,2018-06-11,2018-06-14,6547.676813191237,0.25,1.0769163338864018e-13,0.0,0.0,0.0,1.0,2.38,0.0,0.0,7.599487920830789,0.0,0.0,0.0,0.0,0.0,0.00044019688690009434,0.0,0.0,7.599487920830789,0.0,0.0,410.8583015888326,405.6383734711151,-1.5998313784848506e-13,unvalidated-engineering-priors,fixed independent scenario factor; no N cycle,,,,right_censored,BBCH89_full_ripeness,,,
5,ag_070_069,maize,2018,2018-06-15,2018-10-05,6547.676813191237,0.25,8.286704655802168e-13,3.794298208958935e-12,0.0,0.0,0.03354275471250856,441.71999999999997,20.0,0.0,18.681687061148246,213.50028039628486,84.44479180127712,0.0,0.0,0.0,0.5875650461954903,20.0,0.0,316.6267592587102,8856.461906767181,17274.77864311282,405.6383734711151,550.1440491662133,-3.9914183069811315e-12,unvalidated-engineering-priors,fixed independent scenario factor; no N cycle,2018-08-10,2018-09-23,2018-09-23,physiological_maturity,R6_physiological_maturity,2018-06-16,seed_layer_available_water,50.0
5,ag_070_069,fallow,2018,2018-10-06,2018-10-11,6547.676813191237,0.25,1.1146639167236572e-13,0.0,0.0,0.0,1.0,2.34,0.0,0.0,17.49640511615957,0.0,0.0,0.0,0.0,0.0,0.041836564884213154,0.0,0.0,17.49640511615957,0.0,0.0,550.1440491662133,534.9458074851693,2.278177646530821e-13,unvalidated-engineering-priors,fixed independent scenario factor; no N cycle,,,,right_censored,BBCH89_full_ripeness,,,
5,ag_070_069,wheat,2019,2018-10-12,2019-06-10,6547.676813191237,0.25,4.2810199829546036e-13,1.8189894035458565e-12,0.0,0.0,0.04267140235271844,155.23,75.0,0.0,184.35846725034583,175.89663124642115,34.251337930906764,0.0,0.0,0.0,2.343514283843013,75.0,0.0,394.50643642767375,5046.575963401323,12435.878693622579,534.9458074851693,368.3258567736528,-2.2945534361440423e-13,unvalidated-engineering-priors,fixed independent scenario factor; no N cycle,2019-04-26,2019-06-06,2019-06-06,full_ripeness,BBCH89_full_ripeness,2018-10-12,seed_layer_available_water,50.0
5,ag_070_069,fallow,2019,2019-06-11,2019-06-14,6547.676813191237,0.25,8.992806499463768e-14,0.0,0.0,0.0,1.0,0.02,0.0,0.0,2.915043511186564,0.0,0.0,0.0,0.0,0.0,0.00022425047958770899,0.0,0.0,2.915043511186564,0.0,0.0,368.3258567736528,365.4305890119866,1.021405182655144e-14,unvalidated-engineering-priors,fixed independent scenario factor; no N cycle,,,,right_censored,BBCH89_full_ripeness,,,
5,ag_070_069,maize,2019,2019-06-15,2019-10-05,6547.676813191237,0.25,8.801848139228241e-13,2.7284841053187847e-12,0.0,0.0,0.03354275471250856,407.77,20.0,0.0,25.177928522712097,165.1105414960764,62.60291446398653,0.0,24.816206508531685,0.0,1.501258875325093,20.0,0.0,252.89138448277504,7404.720530197408,14461.816987780792,365.4305890119866,513.9917391453579,-3.0658808825023698e-12,unvalidated-engineering-priors,fixed independent scenario factor; no N cycle,2019-08-11,2019-09-26,2019-09-26,physiological_maturity,R6_physiological_maturity,2019-06-16,seed_layer_available_water,50.0
5,ag_070_069,fallow,2019,2019-10-06,2019-10-11,6547.676813191237,0.25,1.305622276959184e-13,0.0,0.0,0.0,1.0,25.73,0.0,0.0,10.515069800000001,0.0,0.0,0.0,0.0,0.0,0.03499043198975182,0.0,0.0,10.515069800000001,0.0,0.0,513.9917391453579,529.1716789133682,-3.7414515929867775e-14,unvalidated-engineering-priors,fixed independent scenario factor; no N cycle,,,,right_censored,BBCH89_full_ripeness,,,
5,ag_070_069,wheat,2020,2019-10-12,2020-06-10,6547.676813191237,0.25,2.978728375069295e-13,3.296918293926865e-12,0.0,0.0,0.04267140235271844,213.06,75.0,0.0,186.7441192364338,216.03574013822407,42.46715862960564,0.0,0.0,0.0,1.2840282467368798,75.0,0.0,445.2470180042635,7064.115077247999,16057.260042885748,529.1716789133682,370.7006326623684,-5.712652573208743e-13,unvalidated-engineering-priors,fixed independent scenario factor; no N cycle,2020-04-25,2020-06-03,2020-06-03,full_ripeness,BBCH89_full_ripeness,2019-10-12,seed_layer_available_water,50.0
5,ag_070_069,fallow,2020,2020-06-11,2020-06-14,6547.676813191237,0.25,3.375077994860476e-14,0.0,0.0,0.0,1.0,31.19,0.0,0.0,14.22963759233967,0.0,0.0,0.0,0.0,0.0,0.00012829860278571376,0.0,0.0,14.22963759233967,0.0,0.0,370.7006326623684,387.6608667714259,2.3314683517128287e-14,unvalidated-engineering-priors,fixed independent scenario factor; no N cycle,,,,right_censored,BBCH89_full_ripeness,,,
5,ag_070_069,maize,2020,2020-06-15,2020-10-05,6547.676813191237,0.25,1.091571277811454e-12,1.8189894035458565e-12,0.0,0.0,0.03354275471250856,575.57,20.0,0.0,15.941416061559547,196.19087968270367,71.80757799055668,0.0,8.440587253354895,0.0,130.4858896664775,20.0,0.0,283.93987373481986,8749.29857003877,16659.328387290752,387.6608667714259,560.3645161167778,-4.249434137904018e-12,unvalidated-engineering-priors,fixed independent scenario factor; no N cycle,2020-08-13,2020-09-26,2020-09-26,physiological_maturity,R6_physiological_maturity,2020-06-15,seed_layer_available_water,50.0
5,ag_070_069,fallow,2020,2020-10-06,2020-10-11,6547.676813191237,0.25,1.5987211554602254e-13,0.0,0.0,0.0,1.0,0.62,0.0,0.0,9.955432138146628,0.0,0.0,0.0,0.0,0.0,0.39674789089183127,0.0,0.0,9.955432138146628,0.0,0.0,560.3645161167778,550.6323360877396,-2.5501822875639846e-13,unvalidated-engineering-priors,fixed independent scenario factor; no N cycle,,,,right_censored,BBCH89_full_ripeness,,,
5,ag_070_069,wheat,2021,2020-10-12,2021-06-10,6547.676813191237,0.25,7.73159314348959e-13,4.121147867408581e-12,0.0,0.0,0.04267140235271844,259.35,75.0,0.0,190.19933993188286,235.92312344116706,47.756665064359545,0.0,0.0,0.0,10.224354416256185,75.0,0.0,473.87912843740946,8356.75619388215,19080.71140850959,550.6323360877396,400.8788532340723,1.6771584121499927e-12,unvalidated-engineering-priors,fixed independent scenario factor; no N cycle,2021-04-24,2021-06-03,2021-06-03,full_ripeness,BBCH89_full_ripeness,2020-10-12,seed_layer_available_water,50.0
5,ag_070_069,fallow,2021,2021-06-11,2021-06-14,6547.676813191237,0.25,1.1368683772161603e-13,0.0,0.0,0.0,1.0,39.059999999999995,0.0,0.0,3.6900487767910017,0.0,0.0,0.0,0.0,0.0,0.0009568240848590871,0.0,0.0,3.6900487767910017,0.0,0.0,400.8788532340723,436.24784763319656,-9.50350909079134e-14,unvalidated-engineering-priors,fixed independent scenario factor; no N cycle,,,,right_censored,BBCH89_full_ripeness,,,
5,ag_070_069,maize,2021,2021-06-15,2021-10-05,6547.676813191237,0.25,1.0436096431476471e-12,4.149569576838985e-12,0.0,0.0,0.03354275471250856,860.24,20.0,0.0,16.926889465294245,192.72590830752748,73.65884214391261,0.0,17.947171674088775,0.0,304.40068637788323,20.0,0.0,283.3116399167343,7850.26277521488,16165.642837973981,436.24784763319656,710.8283496644888,1.4545586957126488e-12,unvalidated-engineering-priors,fixed independent scenario factor; no N cycle,2021-08-10,2021-09-24,2021-09-24,physiological_maturity,R6_physiological_maturity,2021-06-15,seed_layer_available_water,50.0
5,ag_070_069,fallow,2021,2021-10-06,2021-10-11,6547.676813191237,0.25,2.3092638912203256e-13,0.0,0.0,0.0,1.0,19.45,0.0,0.0,11.1456164,0.0,0.0,0.0,0.0,0.0,19.422975428996352,0.0,0.0,11.1456164,0.0,0.0,710.8283496644888,699.7097578354922,2.6201263381153694e-13,unvalidated-engineering-priors,fixed independent scenario factor; no N cycle,,,,right_censored,BBCH89_full_ripeness,,,
5,ag_070_069,wheat,2022,2021-10-12,2022-06-10,6547.676813191237,0.25,2.97761815204467e-13,3.637978807091713e-12,0.0,0.0,0.04267140235271844,115.92999999999999,75.0,0.0,171.1987625628067,236.50085682274343,32.38920642556724,0.0,0.0,0.0,80.99920357830385,75.0,0.0,440.0888258111174,7338.109538860702,16994.63642394547,699.7097578354922,369.5517284460718,-8.719691635405979e-13,unvalidated-engineering-priors,fixed independent scenario factor; no N cycle,2022-04-24,2022-06-04,2022-06-04,full_ripeness,BBCH89_full_ripeness,2021-10-12,seed_layer_available_water,50.0
5,ag_070_069,fallow,2022,2022-06-11,2022-06-14,6547.676813191237,0.25,1.4566126083082054e-13,0.0,0.0,0.0,1.0,20.53,0.0,0.0,10.584873216634085,0.0,0.0,0.0,0.0,0.0,0.0003486694420533168,0.0,0.0,10.584873216634085,0.0,0.0,369.5517284460718,379.49650655999545,2.2859492077031973e-13,unvalidated-engineering-priors,fixed independent scenario factor; no N cycle,,,,right_censored,BBCH89_full_ripeness,,,
5,ag_070_069,maize,2022,2022-06-15,2022-10-05,6547.676813191237,0.25,1.1577405700791132e-12,3.382183422218077e-12,0.0,0.0,0.03354275471250856,558.05,20.0,0.0,20.70565638291487,202.79016041690443,67.63316545375156,0.0,0.0,0.0,54.201952928700344,20.0,0.0,291.1289822535708,8367.098763023161,16370.73991861703,379.49650655999545,612.2155713777261,-1.8057777495528171e-12,unvalidated-engineering-priors,fixed independent scenario factor; no N cycle,2022-08-10,2022-09-25,2022-09-25,physiological_maturity,R6_physiological_maturity,2022-06-15,seed_layer_available_water,50.0
5,ag_070_069,fallow,2022,2022-10-06,2022-10-11,6547.676813191237,0.25,1.6564527527407336e-13,0.0,0.0,0.0,1.0,0.16999999999999998,0.0,0.0,15.986974800000006,0.0,0.0,0.0,0.0,0.0,0.20413328462652136,0.0,0.0,15.986974800000006,0.0,0.0,612.2155713777261,596.1944632930996,-6.461498003318411e-14,unvalidated-engineering-priors,fixed independent scenario factor; no N cycle,,,,right_censored,BBCH89_full_ripeness,,,
5,ag_070_069,wheat,2023,2022-10-12,2023-06-10,6547.676813191237,0.25,2.8554936193359026e-13,3.0269120543380268e-12,0.0,0.0,0.04267140235271844,194.51,75.0,0.0,210.19509879239789,200.12766677326732,35.587172483891706,0.0,0.0,0.0,11.278907310342737,75.0,0.0,445.9099380495569,6267.285698836802,14348.695375503548,596.1944632930996,408.51561793319956,3.9268588380991787e-13,unvalidated-engineering-priors,fixed independent scenario factor; no N cycle,2023-04-20,2023-05-30,2023-05-30,full_ripeness,BBCH89_full_ripeness,2022-10-12,seed_layer_available_water,50.0
5,ag_070_069,fallow,2023,2023-06-11,2023-06-14,6547.676813191237,0.25,9.658940314238862e-14,0.0,0.0,0.0,1.0,2.1399999999999997,0.0,0.0,3.1855306655909437,0.0,0.0,0.0,0.0,0.0,0.0012747248389253978,0.0,0.0,3.1855306655909437,0.0,0.0,408.51561793319956,407.46881254276957,1.2578826869003024e-13,unvalidated-engineering-priors,fixed independent scenario factor; no N cycle,,,,right_censored,BBCH89_full_ripeness,,,
5,ag_070_069,maize,2023,2023-06-15,2023-10-05,6547.676813191237,0.25,4.800604358479177e-13,3.979039320256561e-12,0.0,0.0,0.03354275471250856,423.08,20.0,0.0,18.16057177379105,218.76491181748534,77.47737346110746,0.0,0.0,0.0,0.0810475331691133,20.0,0.0,314.40285705238387,9424.076152670921,18511.51238814369,407.46881254276957,536.0649079572177,-1.0707545960997322e-12,unvalidated-engineering-priors,fixed independent scenario factor; no N cycle,2023-08-10,2023-09-22,2023-09-22,physiological_maturity,R6_physiological_maturity,2023-06-16,seed_layer_available_water,50.0
5,ag_070_069,fallow,2023,2023-10-06,2023-10-11,6547.676813191237,0.25,7.904787935331115e-14,0.0,0.0,0.0,1.0,0.09000000000000001,0.0,0.0,15.256008260265137,0.0,0.0,0.0,0.0,0.0,0.00864073043686699,0.0,0.0,15.256008260265137,0.0,0.0,536.0649079572177,520.8902589665156,4.8405723873656825e-14,unvalidated-engineering-priors,fixed independent scenario factor; no N cycle,,,,right_censored,BBCH89_full_ripeness,,,
5,ag_070_069,wheat,2024,2023-10-12,2024-06-10,6547.676813191237,0.25,1.9673151996357774e-13,2.4797941478027496e-12,0.0,0.0,0.04267140235271844,127.48,75.0,0.0,178.49331830021845,161.65939842597197,24.300534451051913,0.0,0.0,0.0,0.7887111035311173,75.0,0.0,364.45325117724235,4055.6051392176773,10079.22708545835,520.8902589665156,358.12829668574227,-1.2573275753879898e-13,unvalidated-engineering-priors,fixed independent scenario factor; no N cycle,2024-04-24,2024-06-02,2024-06-02,full_ripeness,BBCH89_full_ripeness,2023-10-12,seed_layer_available_water,50.0
5,ag_070_069,fallow,2024,2024-06-11,2024-06-14,6547.676813191237,0.25,8.382183835919932e-14,0.0,0.0,0.0,1.0,1.42,0.0,0.0,1.2970273709240159,0.0,0.0,0.0,0.0,0.0,0.00014936972553264926,0.0,0.0,1.2970273709240159,0.0,0.0,358.12829668574227,358.2511199450927,3.966271755473372e-14,unvalidated-engineering-priors,fixed independent scenario factor; no N cycle,,,,right_censored,BBCH89_full_ripeness,,,
5,ag_070_069,maize,2024,2024-06-15,2024-10-05,6547.676813191237,0.25,1.0693668173189508e-12,2.5863755581667647e-12,0.0,0.0,0.03354275471250856,790.09,20.0,0.0,21.185612553360322,183.49492025615675,83.28034525277256,0.0,20.809187298199728,0.0,217.77012804085518,20.0,0.0,287.9608780622896,7826.481970642368,15090.789582608999,358.2511199450927,641.80092654375,-1.9324541966625475e-12,unvalidated-engineering-priors,fixed independent scenario factor; no N cycle,2024-08-10,2024-09-20,2024-09-20,physiological_maturity,R6_physiological_maturity,2024-06-16,seed_layer_available_water,50.0
5,ag_070_069,fallow,2024,2024-10-06,2024-10-11,6547.676813191237,0.25,2.3003821070233244e-13,0.0,0.0,0.0,1.0,1.8599999999999999,0.0,0.0,15.750118700000002,0.0,0.0,0.0,0.0,0.0,2.0970426519114005,0.0,0.0,15.750118700000002,0.0,0.0,641.80092654375,625.8137651918389,-2.6068036618198676e-13,unvalidated-engineering-priors,fixed independent scenario factor; no N cycle,,,,right_censored,BBCH89_full_ripeness,,,
5,ag_070_069,wheat,2025,2024-10-12,2025-06-10,6547.676813191237,0.25,3.079758670310184e-13,4.348521542851813e-12,0.0,0.0,0.04267140235271844,177.66,75.0,0.0,177.2420365961838,252.4252413494707,40.17509193308461,0.0,0.0,0.0,37.74893513676543,75.0,0.0,469.8423698787391,7553.983948702184,17899.334406605856,625.8137651918389,370.88246017633446,-7.557843240135753e-14,unvalidated-engineering-priors,fixed independent scenario factor; no N cycle,2025-04-24,2025-06-02,2025-06-02,full_ripeness,BBCH89_full_ripeness,2024-10-12,seed_layer_available_water,50.0
5,ag_070_069,fallow,2025,2025-06-11,2025-06-14,6547.676813191237,0.25,1.2570500196318335e-13,0.0,0.0,0.0,1.0,2.21,0.0,0.0,1.3908495551560334,0.0,0.0,0.0,0.0,0.0,0.00039524644108433467,0.0,0.0,1.3908495551560334,0.0,0.0,370.88246017633446,371.7012153747372,1.2706502516834917e-13,unvalidated-engineering-priors,fixed independent scenario factor; no N cycle,,,,right_censored,BBCH89_full_ripeness,,,
5,ag_070_069,maize,2025,2025-06-15,2025-10-05,6547.676813191237,0.25,9.314771176605063e-13,3.154809746774845e-12,0.0,0.0,0.03354275471250856,477.28999999999996,20.0,0.0,24.454434817018917,111.79416964805216,73.56636609038603,0.0,0.0,0.0,0.13960074527984884,20.0,0.0,209.8149705554571,6149.518329263269,12922.95129482722,371.7012153747372,659.0366440739983,1.90475413219815e-12,unvalidated-engineering-priors,fixed independent scenario factor; no N cycle,2025-08-10,2025-09-24,2025-09-24,physiological_maturity,R6_physiological_maturity,2025-06-16,seed_layer_available_water,50.0
5,ag_070_069,fallow,1996,1996-01-01,1996-10-11,6547.676813191237,0.5,2.531308496145357e-13,0.0,0.0,0.0,1.0,802.41,0.0,0.0,540.1960240025073,0.0,0.0,0.0,0.0,0.0,132.56850880676947,0.0,0.0,540.1960240025073,0.0,0.0,504.886884455749,634.5323516464703,1.917827008313111e-12,unvalidated-engineering-priors,fixed independent scenario factor; no N cycle,,,,right_censored,BBCH89_full_ripeness,,,
5,ag_070_069,wheat,1997,1996-10-12,1997-06-10,6547.676813191237,0.5,8.806289031326742e-13,4.462208380573429e-12,0.0,0.0,0.04267140235271844,259.98,150.0,0.0,215.8917787120475,217.60135628948458,56.37138424650583,0.0,0.0,0.0,49.93286925400872,150.0,0.0,489.86451924803794,9082.000325850426,19850.10661627301,634.5323516464703,504.71496314442476,-1.127542503809309e-12,unvalidated-engineering-priors,fixed independent scenario factor; no N cycle,1997-05-02,1997-06-08,1997-06-08,full_ripeness,BBCH89_full_ripeness,1996-10-12,seed_layer_available_water,50.0
5,ag_070_069,fallow,1997,1997-06-11,1997-06-14,6547.676813191237,0.5,6.794564910705958e-14,0.0,0.0,0.0,1.0,5.609999999999999,0.0,0.0,7.356560497045881,0.0,0.0,0.0,0.0,0.0,0.021397631970960194,0.0,0.0,7.356560497045881,0.0,0.0,504.71496314442476,502.94700501540774,1.7674750552032492e-13,unvalidated-engineering-priors,fixed independent scenario factor; no N cycle,,,,right_censored,BBCH89_full_ripeness,,,
5,ag_070_069,maize,1997,1997-06-15,1997-10-05,6547.676813191237,0.5,6.861178292183467e-13,4.149569576838985e-12,0.0,0.0,0.03354275471250856,264.74,40.0,0.0,18.243424466928616,250.4146381395964,75.240774617521,0.0,0.0,0.0,0.3589730281036041,40.0,0.0,343.898837224046,11475.110257182276,21633.18469917868,502.94700501540774,463.42919476325784,2.731148640577885e-13,unvalidated-engineering-priors,fixed independent scenario factor; no N cycle,1997-08-10,1997-09-30,1997-09-30,physiological_maturity,R6_physiological_maturity,1997-06-16,seed_layer_available_water,50.0
5,ag_070_069,fallow,1997,1997-10-06,1997-10-11,6547.676813191237,0.5,7.105427357601002e-14,0.0,0.0,0.0,1.0,0.0,0.0,0.0,14.949553134144045,0.0,0.0,0.0,0.0,0.0,0.0006108244758998173,0.0,0.0,14.949553134144045,0.0,0.0,463.42919476325784,448.4790308046377,1.7830181775480014e-13,unvalidated-engineering-priors,fixed independent scenario factor; no N cycle,,,,right_censored,BBCH89_full_ripeness,,,
5,ag_070_069,wheat,1998,1997-10-12,1998-06-10,6547.676813191237,0.5,6.545874953189923e-13,4.447997525858227e-12,0.0,0.0,0.04267140235271844,365.12,150.0,0.0,229.53888072535526,170.599727685242,66.24191736356971,0.0,0.0,0.0,0.06876608024817026,150.0,0.0,466.3805257741669,7528.053348398401,16782.864283106243,448.4790308046377,497.1497389502222,4.3212655675972655e-13,unvalidated-engineering-priors,fixed independent scenario factor; no N cycle,1998-05-01,1998-06-08,1998-06-08,full_ripeness,BBCH89_full_ripeness,1997-10-13,seed_layer_available_water,50.0
5,ag_070_069,fallow,1998,1998-06-11,1998-06-14,6547.676813191237,0.5,3.375077994860476e-14,0.0,0.0,0.0,1.0,6.73,0.0,0.0,8.194358775602392,0.0,0.0,0.0,0.0,0.0,0.006016413062151992,0.0,0.0,8.194358775602392,0.0,0.0,497.1497389502222,495.67936376155757,5.950795411990839e-14,unvalidated-engineering-priors,fixed independent scenario factor; no N cycle,,,,right_censored,BBCH89_full_ripeness,,,
5,ag_070_069,maize,1998,1998-06-15,1998-10-05,6547.676813191237,0.5,1.2856382625159313e-12,4.718003765447065e-12,0.0,0.0,0.03354275471250856,719.71,40.0,0.0,18.468773460589382,198.92083632222125,117.11555988397913,0.0,47.93990381790063,0.0,286.0950268328676,40.0,0.0,334.50516966678975,10322.721338877858,18877.86322131013,495.67936376155757,586.8492634439972,2.4255042418985795e-12,unvalidated-engineering-priors,fixed independent scenario factor; no N cycle,1998-08-10,1998-09-23,1998-09-23,physiological_maturity,R6_physiological_maturity,1998-06-16,seed_layer_available_water,50.0
5,ag_070_069,fallow,1998,1998-10-06,1998-10-11,6547.676813191237,0.5,1.0302869668521453e-13,0.0,0.0,0.0,1.0,0.7899999999999999,0.0,0.0,12.840718742030916,0.0,0.0,0.0,0.0,0.0,0.8002359074415494,0.0,0.0,12.840718742030916,0.0,0.0,586.8492634439972,573.9983087945245,2.028377465990161e-13,unvalidated-engineering-priors,fixed independent scenario factor; no N cycle,,,,right_censored,BBCH89_full_ripeness,,,
5,ag_070_069,wheat,1999,1998-10-12,1999-06-10,6547.676813191237,0.5,3.5083047578154947e-13,2.6716406864579767e-12,0.0,0.0,0.04267140235271844,214.94,150.0,0.0,194.89036870162656,210.40930149409184,48.743181647750866,0.0,0.0,0.0,14.826039391774525,150.0,0.0,454.04285184346924,7640.930177658723,17366.211394571535,573.9983087945245,470.06941755928193,-1.2019829576104257e-12,unvalidated-engineering-priors,fixed independent scenario factor; no N cycle,1999-04-26,1999-06-03,1999-06-03,full_ripeness,BBCH89_full_ripeness,1998-10-12,seed_layer_available_water,50.0
5,ag_070_069,fallow,1999,1999-06-11,1999-06-14,6547.676813191237,0.5,8.981704269217516e-14,0.0,0.0,0.0,1.0,1.71,0.0,0.0,4.359680336733383,0.0,0.0,0.0,0.0,0.0,0.003522861319140381,0.0,0.0,4.359680336733383,0.0,0.0,470.06941755928193,467.41621436122955,-1.4244161405940758e-13,unvalidated-engineering-priors,fixed independent scenario factor; no N cycle,,,,right_censored,BBCH89_full_ripeness,,,
5,ag_070_069,maize,1999,1999-06-15,1999-10-05,6547.676813191237,0.5,9.410250356722827e-13,4.774847184307873e-12,0.0,0.0,0.03354275471250856,442.14,40.0,0.0,15.988280925356019,234.89081855085166,77.82791713866081,0.0,0.0,0.0,6.123125892767316,40.0,0.0,328.7070166148685,10238.778113661443,20149.15206325245,467.41621436122955,614.7260718535902,3.5823566335579926e-12,unvalidated-engineering-priors,fixed independent scenario factor; no N cycle,1999-08-13,1999-09-28,1999-09-28,physiological_maturity,R6_physiological_maturity,1999-06-16,seed_layer_available_water,50.0
5,ag_070_069,fallow,1999,1999-10-06,1999-10-11,6547.676813191237,0.5,8.304468224196171e-14,0.0,0.0,0.0,1.0,6.87,0.0,0.0,13.0982904,0.0,0.0,0.0,0.0,0.0,0.2591649362331829,0.0,0.0,13.0982904,0.0,0.0,614.7260718535902,608.2386165173567,2.55351295663786e-13,unvalidated-engineering-priors,fixed independent scenario factor; no N cycle,,,,right_censored,BBCH89_full_ripeness,,,
5,ag_070_069,wheat,2000,1999-10-12,2000-06-10,6547.676813191237,0.5,3.0819791163594346e-13,4.916955731459893e-12,0.0,0.0,0.04267140235271844,156.57999999999998,150.0,0.0,205.5563248841316,242.37851796616036,42.72492368941913,0.0,0.0,0.0,20.335416497264774,150.0,0.0,490.6597665397111,7737.825712831605,17880.88758413973,608.2386165173567,403.8234334803783,2.533084852984757e-12,unvalidated-engineering-priors,fixed independent scenario factor; no N cycle,2000-04-29,2000-06-08,2000-06-08,full_ripeness,BBCH89_full_ripeness,1999-10-12,seed_layer_available_water,50.0
5,ag_070_069,fallow,2000,2000-06-11,2000-06-14,6547.676813191237,0.5,3.4916514124461173e-14,0.0,0.0,0.0,1.0,0.03,0.0,0.0,1.7854617668998953,0.0,0.0,0.0,0.0,0.0,0.0007816230594533194,0.0,0.0,1.7854617668998953,0.0,0.0,403.8234334803783,402.067190090419,-3.985700658404312e-14,unvalidated-engineering-priors,fixed independent scenario factor; no N cycle,,,,right_censored,BBCH89_full_ripeness,,,
5,ag_070_069,maize,2000,2000-06-15,2000-10-05,6547.676813191237,0.5,9.960920976936904e-13,2.1316282072803006e-12,0.0,0.0,0.03354275471250856,510.78,40.0,0.0,19.611435419998518,194.0803003755865,76.76134937090663,0.0,0.0,0.0,26.906155978700113,40.0,0.0,290.45308516649163,8845.846085762321,16559.52982537982,402.067190090419,635.4879489452259,1.3747891713933313e-12,unvalidated-engineering-priors,fixed independent scenario factor; no N cycle,2000-08-10,2000-09-24,2000-09-24,physiological_maturity,R6_physiological_maturity,2000-06-16,seed_layer_available_water,50.0
5,ag_070_069,fallow,2000,2000-10-06,2000-10-11,6547.676813191237,0.5,1.6342482922482304e-13,0.0,0.0,0.0,1.0,51.42,0.0,0.0,10.1550187,0.0,0.0,0.0,0.0,0.0,1.3278676069190376,0.0,0.0,10.1550187,0.0,0.0,635.4879489452259,675.4250626383068,1.1102230246251565e-15,unvalidated-engineering-priors,fixed independent scenario factor; no N cycle,,,,right_censored,BBCH89_full_ripeness,,,
5,ag_070_069,wheat,2001,2000-10-12,2001-06-10,6547.676813191237,0.5,6.086242620995108e-13,3.61666252501891e-12,0.0,0.0,0.04267140235271844,197.95,150.0,0.0,255.6776368128161,247.0317989939911,26.362088294226414,0.0,0.0,0.0,94.77724935846022,150.0,0.0,529.0715241010336,8491.567816661924,18917.5430538042,675.4250626383068,399.52628917881384,-8.606448886894214e-13,unvalidated-engineering-priors,fixed independent scenario factor; no N cycle,2001-05-01,2001-06-09,2001-06-09,full_ripeness,BBCH89_full_ripeness,2000-10-12,seed_layer_available_water,50.0
5,ag_070_069,fallow,2001,2001-06-11,2001-06-14,6547.676813191237,0.5,6.45039577307216e-14,0.0,0.0,0.0,1.0,4.14,0.0,0.0,4.124000669014621,0.0,0.0,0.0,0.0,0.0,0.0014445563955644096,0.0,0.0,4.124000669014621,0.0,0.0,399.52628917881384,399.54084395340374,-8.298917109073045e-14,unvalidated-engineering-priors,fixed independent scenario factor; no N cycle,,,,right_censored,BBCH89_full_ripeness,,,
5,ag_070_069,maize,2001,2001-06-15,2001-10-05,6547.676813191237,0.5,9.992007221626409e-13,3.780087354243733e-12,0.0,0.0,0.03354275471250856,686.34,40.0,0.0,16.64601529695391,226.21476709216304,73.11248500599014,0.0,47.0644006092559,0.0,211.62433272950503,40.0,0.0,315.9732673951071,10034.887277905265,19371.1756088003,399.54084395340374,551.218843219538,-2.31298313835282e-12,unvalidated-engineering-priors,fixed independent scenario factor; no N cycle,2001-08-11,2001-09-29,2001-09-29,physiological_maturity,R6_physiological_maturity,2001-06-16,seed_layer_available_water,50.0
5,ag_070_069,fallow,2001,2001-10-06,2001-10-11,6547.676813191237,0.5,1.2079226507921703e-13,0.0,0.0,0.0,1.0,4.9399999999999995,0.0,0.0,14.155084666655164,0.0,0.0,0.0,0.0,0.0,0.1716798312493238,0.0,0.0,14.155084666655164,0.0,0.0,551.218843219538,541.8320787216335,6.372680161348399e-14,unvalidated-engineering-priors,fixed independent scenario factor; no N cycle,,,,right_censored,BBCH89_full_ripeness,,,
5,ag_070_069,wheat,2002,2001-10-12,2002-06-10,6547.676813191237,0.5,3.312905505481467e-13,2.5011104298755527e-12,0.0,0.0,0.04267140235271844,230.46,150.0,0.0,196.63546885017593,200.756053337053,35.13945718300868,0.0,0.0,0.0,4.950941605028445,150.0,0.0,432.5309793702376,7218.177355546413,16010.523672464264,541.8320787216335,484.8101577463668,5.72486502647962e-13,unvalidated-engineering-priors,fixed independent scenario factor; no N cycle,2002-04-23,2002-06-06,2002-06-06,full_ripeness,BBCH89_full_ripeness,2001-10-12,seed_layer_available_water,50.0
5,ag_070_069,fallow,2002,2002-06-11,2002-06-14,6547.676813191237,0.5,1.2922996006636822e-13,0.0,0.0,0.0,1.0,5.2,0.0,0.0,14.860501191659603,0.0,0.0,0.0,0.0,0.0,0.0028000238651589406,0.0,0.0,14.860501191659603,0.0,0.0,484.8101577463668,475.14685653084223,-1.6342482922482304e-13,unvalidated-engineering-priors,fixed independent scenario factor; no N cycle,,,,right_censored,BBCH89_full_ripeness,,,
5,ag_070_069,maize,2002,2002-06-15,2002-10-05,6547.676813191237,0.5,3.4150460237469815e-13,3.979039320256561e-12,0.0,0.0,0.03354275471250856,202.38,40.0,0.0,18.052766244517873,212.40789306636842,74.00262407074204,0.0,0.0,0.0,0.0731967168769022,40.0,0.0,304.46328338162834,10061.5181878835,20146.49255539872,475.14685653084223,412.99037643233663,3.7125857943465235e-13,unvalidated-engineering-priors,fixed independent scenario factor; no N cycle,2002-08-12,2002-09-28,2002-09-28,physiological_maturity,R6_physiological_maturity,2002-06-15,seed_layer_available_water,50.0
5,ag_070_069,fallow,2002,2002-10-06,2002-10-11,6547.676813191237,0.5,1.176836406102666e-13,0.0,0.0,0.0,1.0,0.02,0.0,0.0,13.490400389360587,0.0,0.0,0.0,0.0,0.0,0.0001337847775011878,0.0,0.0,13.490400389360587,0.0,0.0,412.99037643233663,399.51984225819865,-1.0724754417879012e-13,unvalidated-engineering-priors,fixed independent scenario factor; no N cycle,,,,right_censored,BBCH89_full_ripeness,,,
5,ag_070_069,wheat,2003,2002-10-12,2003-06-10,6547.676813191237,0.5,2.3092638912203256e-13,2.6147972675971687e-12,0.0,0.0,0.04267140235271844,275.42,150.0,0.0,242.5546475571306,143.71389814425206,40.436049476318466,0.0,0.0,0.0,0.005276069143814954,150.0,0.0,426.70459517770115,5558.5266081234395,12715.382618298794,399.51984225819865,398.22997101135473,-1.0180745135812685e-12,unvalidated-engineering-priors,fixed independent scenario factor; no N cycle,2003-05-03,2003-06-10,2003-06-10,full_ripeness,BBCH89_full_ripeness,2002-10-13,seed_layer_available_water,50.0
5,ag_070_069,fallow,2003,2003-06-11,2003-06-14,6547.676813191237,0.5,6.084022174945858e-14,0.0,0.0,0.0,1.0,5.99,0.0,0.0,6.525575150047509,0.0,0.0,0.0,0.0,0.0,4.2424520752762444e-05,0.0,0.0,6.525575150047509,0.0,0.0,398.22997101135473,397.6943534367865,-4.196643033083092e-14,unvalidated-engineering-priors,fixed independent scenario factor; no N cycle,,,,right_censored,BBCH89_full_ripeness,,,
5,ag_070_069,maize,2003,2003-06-15,2003-10-05,6547.676813191237,0.5,9.423573033018329e-13,2.9842794901924208e-12,0.0,0.0,0.03354275471250856,951.02,40.0,0.0,18.36568586955033,126.91394588212069,102.63939092011503,0.0,97.55604558745097,0.0,394.3493526468919,40.0,0.0,247.91902267178605,7977.809435376403,15299.323955309257,397.6943534367865,648.8899325306534,4.2796877153250534e-12,unvalidated-engineering-priors,fixed independent scenario factor; no N cycle,2003-08-13,2003-10-04,2003-10-04,physiological_maturity,R6_physiological_maturity,2003-06-16,seed_layer_available_water,50.0
5,ag_070_069,fallow,2003,2003-10-06,2003-10-11,6547.676813191237,0.5,9.947598300641403e-14,0.0,0.0,0.0,1.0,74.23,0.0,0.0,10.076645899999999,0.0,0.0,0.0,0.0,0.0,2.687122826665389,0.0,0.0,10.076645899999999,0.0,0.0,648.8899325306534,710.3561638039879,8.615330671091215e-14,unvalidated-engineering-priors,fixed independent scenario factor; no N cycle,,,,right_censored,BBCH89_full_ripeness,,,
5,ag_070_069,wheat,2004,2003-10-12,2004-06-10,6547.676813191237,0.5,4.800604358479177e-13,3.183231456205249e-12,0.0,0.0,0.04267140235271844,198.79,150.0,0.0,235.22777993021575,248.97908737888073,41.60446857908775,0.0,0.0,0.0,116.1599057377871,150.0,0.0,525.8113358881842,8882.320021959806,19552.59116469334,710.3561638039879,417.1749221780185,-1.9412249585570862e-12,unvalidated-engineering-priors,fixed independent scenario factor; no N cycle,2004-04-25,2004-06-02,2004-06-02,full_ripeness,BBCH89_full_ripeness,2003-10-12,seed_layer_available_water,50.0
5,ag_070_069,fallow,2004,2004-06-11,2004-06-14,6547.676813191237,0.5,4.796163466380676e-14,0.0,0.0,0.0,1.0,0.17,0.0,0.0,3.177318507490862,0.0,0.0,0.0,0.0,0.0,0.0013721361739040309,0.0,0.0,3.177318507490862,0.0,0.0,417.1749221780185,414.1662315343537,4.030109579389318e-14,unvalidated-engineering-priors,fixed independent scenario factor; no N cycle,,,,right_censored,BBCH89_full_ripeness,,,
5,ag_070_069,maize,2004,2004-06-15,2004-10-05,6547.676813191237,0.5,9.43245481721533e-13,4.348521542851813e-12,0.0,0.0,0.03354275471250856,731.22,40.0,0.0,16.601886475352025,180.99645549911543,110.68358972907296,0.0,65.41055204684565,0.0,164.65246092756033,40.0,0.0,308.2819317035404,9662.817890362743,18425.591421622765,414.1662315343537,647.0412868564059,1.3747891713933313e-12,unvalidated-engineering-priors,fixed independent scenario factor; no N cycle,2004-08-11,2004-09-29,2004-09-29,physiological_maturity,R6_physiological_maturity,2004-06-16,seed_layer_available_water,50.0
5,ag_070_069,fallow,2004,2004-10-06,2004-10-11,6547.676813191237,0.5,1.829647544582258e-13,0.0,0.0,0.0,1.0,0.36,0.0,0.0,17.1935914,0.0,0.0,0.0,0.0,0.0,2.009297048859448,0.0,0.0,17.1935914,0.0,0.0,647.0412868564059,628.1983984075465,-3.6415315207705135e-14,unvalidated-engineering-priors,fixed independent scenario factor; no N cycle,,,,right_censored,BBCH89_full_ripeness,,,
5,ag_070_069,wheat,2005,2004-10-12,2005-06-10,6547.676813191237,0.5,4.671818487622659e-13,3.524291969370097e-12,0.0,0.0,0.04267140235271844,232.31,150.0,0.0,203.21457437250177,252.10605735553048,49.92129825058524,0.0,0.0,0.0,35.47486020549645,150.0,0.0,505.24192997861746,8890.365800123662,19871.03123070534,628.1983984075465,469.79160822343147,1.1319833959078096e-12,unvalidated-engineering-priors,fixed independent scenario factor; no N cycle,2005-05-03,2005-06-10,2005-06-10,full_ripeness,BBCH89_full_ripeness,2004-10-12,seed_layer_available_water,50.0
5,ag_070_069,fallow,2005,2005-06-11,2005-06-14,6547.676813191237,0.5,1.2434497875801753e-13,0.0,0.0,0.0,1.0,21.11,0.0,0.0,16.34210273611707,0.0,0.0,0.0,0.0,0.0,0.0022138482026603542,0.0,0.0,16.34210273611707,0.0,0.0,469.79160822343147,474.5572916391117,1.021405182655144e-14,unvalidated-engineering-priors,fixed independent scenario factor; no N cycle,,,,right_censored,BBCH89_full_ripeness,,,
5,ag_070_069,maize,2005,2005-06-15,2005-10-05,6547.676813191237,0.5,8.313350008393172e-13,3.637978807091713e-12,0.0,0.0,0.03354275471250856,928.09,40.0,0.0,18.197399994561312,160.08650826374804,111.28888864034127,0.0,70.97009665523613,0.0,384.02862083537764,40.0,0.0,289.5727968986506,8869.647345974416,17263.785476618355,474.5572916391117,698.0757772498406,6.735279001190975e-12,unvalidated-engineering-priors,fixed independent scenario factor; no N cycle,2005-08-10,2005-09-29,2005-09-29,physiological_maturity,R6_physiological_maturity,2005-06-15,seed_layer_available_water,50.0
5,ag_070_069,fallow,2005,2005-10-06,2005-10-11,6547.676813191237,0.5,1.7763568394002505e-13,0.0,0.0,0.0,1.0,15.72,0.0,0.0,16.5221381,0.0,0.0,0.0,0.0,0.0,16.310250184362257,0.0,0.0,16.5221381,0.0,0.0,698.0757772498406,680.9633889654781,2.5224267119483557e-13,unvalidated-engineering-priors,fixed independent scenario factor; no N cycle,,,,right_censored,BBCH89_full_ripeness,,,
5,ag_070_069,wheat,2006,2005-10-12,2006-06-10,6547.676813191237,0.5,3.8191672047105385e-13,5.8548721426632255e-12,0.0,0.0,0.04267140235271844,149.66,150.0,0.0,181.98156763846364,258.75419668291033,40.012538134856804,0.0,0.0,0.0,75.15711207844258,150.0,0.0,480.74830245623076,9097.529231902034,20305.838326997004,680.9633889654781,424.71797443080106,3.664624159682717e-12,unvalidated-engineering-priors,fixed independent scenario factor; no N cycle,2006-04-29,2006-06-07,2006-06-07,full_ripeness,BBCH89_full_ripeness,2005-10-12,seed_layer_available_water,50.0
5,ag_070_069,fallow,2006,2006-06-11,2006-06-14,6547.676813191237,0.5,9.50350909079134e-14,0.0,0.0,0.0,1.0,16.84,0.0,0.0,9.403170268388068,0.0,0.0,0.0,0.0,0.0,0.001315893656292178,0.0,0.0,9.403170268388068,0.0,0.0,424.71797443080106,432.15348826875675,-4.3076653355456074e-14,unvalidated-engineering-priors,fixed independent scenario factor; no N cycle,,,,right_censored,BBCH89_full_ripeness,,,
5,ag_070_069,maize,2006,2006-06-15,2006-10-05,6547.676813191237,0.5,1.163513729807164e-12,3.296918293926865e-12,0.0,0.0,0.03354275471250856,437.92,40.0,0.0,18.48151801507905,194.0561983768804,84.768265826738,0.0,0.0,0.0,26.831993689411767,40.0,0.0,297.30598221869747,8973.129570127237,17469.371655125837,432.15348826875675,585.9355123606452,2.2726820425589267e-12,unvalidated-engineering-priors,fixed independent scenario factor; no N cycle,2006-08-09,2006-09-25,2006-09-25,physiological_maturity,R6_physiological_maturity,2006-06-15,seed_layer_available_water,50.0
5,ag_070_069,fallow,2006,2006-10-06,2006-10-11,6547.676813191237,0.5,9.836575998178887e-14,0.0,0.0,0.0,1.0,0.0,0.0,0.0,14.519882284362243,0.0,0.0,0.0,0.0,0.0,0.7220085613134516,0.0,0.0,14.519882284362243,0.0,0.0,585.9355123606452,570.6936215149694,1.170175067954915e-13,unvalidated-engineering-priors,fixed independent scenario factor; no N cycle,,,,right_censored,BBCH89_full_ripeness,,,
5,ag_070_069,wheat,2007,2006-10-12,2007-06-10,6547.676813191237,0.5,7.038813976123492e-13,4.490630090003833e-12,0.0,0.0,0.04267140235271844,197.06,150.0,0.0,179.78474320471759,272.01590161431227,40.86153032150708,0.0,0.0,0.0,14.000040950273533,150.0,0.0,492.66217514053693,9780.755276686396,21434.97810623605,570.6936215149694,411.09140542415844,5.434541705540141e-13,unvalidated-engineering-priors,fixed independent scenario factor; no N cycle,2007-04-28,2007-06-05,2007-06-05,full_ripeness,BBCH89_full_ripeness,2006-10-12,seed_layer_available_water,50.0
5,ag_070_069,fallow,2007,2007-06-11,2007-06-14,6547.676813191237,0.5,5.984102102729594e-14,0.0,0.0,0.0,1.0,0.32,0.0,0.0,1.9683592940697898,0.0,0.0,0.0,0.0,0.0,0.0009027095027617361,0.0,0.0,1.9683592940697898,0.0,0.0,411.09140542415844,409.44214342058586,2.2148949341271873e-14,unvalidated-engineering-priors,fixed independent scenario factor; no N cycle,,,,right_censored,BBCH89_full_ripeness,,,
5,ag_070_069,maize,2007,2007-06-15,2007-10-05,6547.676813191237,0.5,8.473222123939195e-13,3.751665644813329e-12,0.0,0.0,0.03354275471250856,740.56,40.0,0.0,16.237435084606577,167.18409564024964,92.55748796061965,0.0,39.56854285464432,0.0,223.05104715063044,40.0,0.0,275.97901868547586,9081.904733146173,16985.597289643083,409.44214342058586,651.4035347298347,4.82280881897168e-13,unvalidated-engineering-priors,fixed independent scenario factor; no N cycle,2007-08-13,2007-09-28,2007-09-28,physiological_maturity,R6_physiological_maturity,2007-06-16,seed_layer_available_water,50.0
5,ag_070_069,fallow,2007,2007-10-06,2007-10-11,6547.676813191237,0.5,1.5987211554602254e-13,0.0,0.0,0.0,1.0,7.199999999999999,0.0,0.0,13.7751358,0.0,0.0,0.0,0.0,0.0,2.227519760985656,0.0,0.0,13.7751358,0.0,0.0,651.4035347298347,642.6008791688487,4.1300296516055823e-13,unvalidated-engineering-priors,fixed independent scenario factor; no N cycle,,,,right_censored,BBCH89_full_ripeness,,,
5,ag_070_069,wheat,2008,2007-10-12,2008-06-10,6547.676813191237,0.5,7.434053372890048e-13,3.510081114654895e-12,0.0,0.0,0.04267140235271844,258.36,150.0,0.0,210.54618599373723,224.47611708078725,59.014055369411835,0.0,0.0,0.0,42.953933292626886,150.0,0.0,494.0363584439363,8544.898211246957,19124.854694517373,642.6008791688487,513.9705874322839,1.6073808950523016e-12,unvalidated-engineering-priors,fixed independent scenario factor; no N cycle,2008-04-29,2008-06-05,2008-06-05,full_ripeness,BBCH89_full_ripeness,2007-10-12,seed_layer_available_water,50.0
5,ag_070_069,fallow,2008,2008-06-11,2008-06-14,6547.676813191237,0.5,4.907185768843192e-14,0.0,0.0,0.0,1.0,1.84,0.0,0.0,7.043720746737928,0.0,0.0,0.0,0.0,0.0,0.019246171305620778,0.0,0.0,7.043720746737928,0.0,0.0,513.9705874322839,508.7476205142404,-6.616929226765933e-14,unvalidated-engineering-priors,fixed independent scenario factor; no N cycle,,,,right_censored,BBCH89_full_ripeness,,,
5,ag_070_069,maize,2008,2008-06-15,2008-10-05,6547.676813191237,0.5,1.000088900582341e-12,3.907985046680551e-12,0.0,0.0,0.03354275471250856,549.45,40.0,0.0,16.54107634943427,184.30369625306287,79.55152002130966,0.0,9.01367895512062,0.0,170.20725072470992,40.0,0.0,280.3962926238068,9236.87132837655,17312.234383729483,508.7476205142404,638.580398210606,-2.8679003616360887e-12,unvalidated-engineering-priors,fixed independent scenario factor; no N cycle,2008-08-12,2008-10-01,2008-10-01,physiological_maturity,R6_physiological_maturity,2008-06-16,seed_layer_available_water,50.0
5,ag_070_069,fallow,2008,2008-10-06,2008-10-11,6547.676813191237,0.5,1.6076029396572267e-13,0.0,0.0,0.0,1.0,0.48000000000000004,0.0,0.0,15.55,0.0,0.0,0.0,0.0,0.0,1.4677539277391725,0.0,0.0,15.55,0.0,0.0,638.580398210606,622.042644282867,-1.6786572132332367e-13,unvalidated-engineering-priors,fixed independent scenario factor; no N cycle,,,,right_censored,BBCH89_full_ripeness,,,
5,ag_070_069,wheat,2009,2008-10-12,2009-06-10,6547.676813191237,0.5,3.3084646133829665e-13,4.064304448547773e-12,0.0,0.0,0.04267140235271844,193.07,150.0,0.0,214.57619765514758,238.66262197095085,38.28795976207491,0.0,0.0,0.0,30.151231625866615,150.0,0.0,491.52677938817334,8099.572336185247,18025.075330152198,622.042644282867,443.4346332688253,1.7175150190951172e-12,unvalidated-engineering-priors,fixed independent scenario factor; no N cycle,2009-04-29,2009-06-06,2009-06-06,full_ripeness,BBCH89_full_ripeness,2008-10-12,seed_layer_available_water,50.0
5,ag_070_069,fallow,2009,2009-06-11,2009-06-14,6547.676813191237,0.5,9.370282327836321e-14,0.0,0.0,0.0,1.0,1.47,0.0,0.0,7.439704494907717,0.0,0.0,0.0,0.0,0.0,0.0019168522586885915,0.0,0.0,7.439704494907717,0.0,0.0,443.4346332688253,437.46301192165885,2.6645352591003757e-14,unvalidated-engineering-priors,fixed independent scenario factor; no N cycle,,,,right_censored,BBCH89_full_ripeness,,,
5,ag_070_069,maize,2009,2009-06-15,2009-10-05,6547.676813191237,0.5,1.0480505352461478e-12,4.092726157978177e-12,0.0,0.0,0.03354275471250856,457.16,40.0,0.0,16.18070691077616,220.18146237904116,89.75558637726176,0.0,0.0,0.0,29.08789602696827,40.0,0.0,326.11775566707905,9688.364252416952,19825.410232401933,437.46301192165885,579.4173602276102,1.3126166820143226e-12,unvalidated-engineering-priors,fixed independent scenario factor; no N cycle,2009-08-12,2009-09-30,2009-09-30,physiological_maturity,R6_physiological_maturity,2009-06-16,seed_layer_available_water,50.0
5,ag_070_069,fallow,2009,2009-10-06,2009-10-11,6547.676813191237,0.5,1.9095836023552692e-13,0.0,0.0,0.0,1.0,2.4899999999999998,0.0,0.0,15.440520479718627,0.0,0.0,0.0,0.0,0.0,0.3456993351542051,0.0,0.0,15.440520479718627,0.0,0.0,579.4173602276102,566.1211404127372,1.5143442055887135e-13,unvalidated-engineering-priors,fixed independent scenario factor; no N cycle,,,,right_censored,BBCH89_full_ripeness,,,
5,ag_070_069,wheat,2010,2009-10-12,2010-06-10,6547.676813191237,0.5,4.338751580235112e-13,5.4285465012071654e-12,0.0,0.0,0.04267140235271844,166.92,150.0,0.0,178.39161465098886,235.51397602661112,43.1947588813472,0.0,0.0,0.0,10.095745530805084,150.0,0.0,457.1003495589472,7707.511849178953,18448.15482427019,566.1211404127372,415.84504532298286,2.0629609132072346e-12,unvalidated-engineering-priors,fixed independent scenario factor; no N cycle,2010-05-10,,2010-06-10,cut_before_maturity,BBCH89_full_ripeness,2009-10-12,seed_layer_available_water,50.0
5,ag_070_069,fallow,2010,2010-06-11,2010-06-14,6547.676813191237,0.5,5.284661597215745e-14,0.0,0.0,0.0,1.0,0.6900000000000001,0.0,0.0,5.55345104248925,0.0,0.0,0.0,0.0,0.0,0.0011299510120525243,0.0,0.0,5.55345104248925,0.0,0.0,415.84504532298286,410.9804643294815,6.039613253960852e-14,unvalidated-engineering-priors,fixed independent scenario factor; no N cycle,,,,right_censored,BBCH89_full_ripeness,,,
5,ag_070_069,maize,2010,2010-06-15,2010-10-05,6547.676813191237,0.5,1.170175067954915e-12,3.495870259939693e-12,0.0,0.0,0.03354275471250856,676.23,40.0,0.0,17.9480693064437,196.82440977836805,89.97342447944074,0.0,38.45822823541502,0.0,159.6391728018713,40.0,0.0,304.7459035642525,8422.10331869295,17204.789721336478,410.9804643294815,624.3671597279493,-6.6672223297814526e-12,unvalidated-engineering-priors,fixed independent scenario factor; no N cycle,2010-08-10,2010-09-25,2010-09-25,physiological_maturity,R6_physiological_maturity,2010-06-16,seed_layer_available_water,50.0
5,ag_070_069,fallow,2010,2010-10-06,2010-10-11,6547.676813191237,0.5,1.1191048088221578e-13,0.0,0.0,0.0,1.0,0.43000000000000005,0.0,0.0,16.996820777333728,0.0,0.0,0.0,0.0,0.0,2.1995146263012586,0.0,0.0,16.996820777333728,0.0,0.0,624.3671597279493,605.6008243243145,-1.8829382497642655e-13,unvalidated-engineering-priors,fixed independent scenario factor; no N cycle,,,,right_censored,BBCH89_full_ripeness,,,
5,ag_070_069,wheat,2011,2010-10-12,2011-06-10,6547.676813191237,0.5,4.147793219999585e-13,4.007461029686965e-12,0.0,0.0,0.04267140235271844,149.60999999999999,150.0,0.0,162.96740044038742,253.06021885476483,23.904829662242356,0.0,0.0,0.0,26.945717491120654,150.0,0.0,439.9324489573946,7773.049830992548,17050.62273029387,605.6008243243145,438.3326578757979,1.3728462811002373e-12,unvalidated-engineering-priors,fixed independent scenario factor; no N cycle,2011-05-03,,2011-06-10,cut_before_maturity,BBCH89_full_ripeness,2010-10-12,seed_layer_available_water,50.0
5,ag_070_069,fallow,2011,2011-06-11,2011-06-14,6547.676813191237,0.5,7.4495964952348e-14,0.0,0.0,0.0,1.0,0.01,0.0,0.0,2.2713389040313667,0.0,0.0,0.0,0.0,0.0,0.001186738785737804,0.0,0.0,2.2713389040313667,0.0,0.0,438.3326578757979,436.07013223298065,1.4760415112391456e-13,unvalidated-engineering-priors,fixed independent scenario factor; no N cycle,,,,right_censored,BBCH89_full_ripeness,,,
5,ag_070_069,maize,2011,2011-06-15,2011-10-05,6547.676813191237,0.5,1.1679546219056647e-12,4.718003765447065e-12,0.0,0.0,0.03354275471250856,631.76,40.0,0.0,16.787666373424255,162.96394342528325,93.32051562691369,0.0,0.0,0.0,161.41289493420126,40.0,0.0,273.0721254256212,9268.772055279569,17019.30013008448,436.07013223298065,673.3451118731556,2.58970622724064e-12,unvalidated-engineering-priors,fixed independent scenario factor; no N cycle,2011-08-12,2011-10-04,2011-10-04,physiological_maturity,R6_physiological_maturity,2011-06-16,seed_layer_available_water,50.0
5,ag_070_069,fallow,2011,2011-10-06,2011-10-11,6547.676813191237,0.5,1.9984014443252818e-13,0.0,0.0,0.0,1.0,2.33,0.0,0.0,16.123080100000003,0.0,0.0,0.0,0.0,0.0,6.339711467646961,0.0,0.0,16.123080100000003,0.0,0.0,673.3451118731556,653.2123203055088,-1.716404796070492e-13,unvalidated-engineering-priors,fixed independent scenario factor; no N cycle,,,,right_censored,BBCH89_full_ripeness,,,
5,ag_070_069,wheat,2012,2011-10-12,2012-06-10,6547.676813191237,0.5,8.36664071357518e-13,3.240074875066057e-12,0.0,0.0,0.04267140235271844,261.34,150.0,0.0,249.11487305144047,233.31959054181098,28.01742354162714,0.0,0.0,0.0,89.00162246722289,150.0,0.0,510.4518871348786,8430.163036452685,18970.342681471957,653.2123203055088,465.0988107034078,-5.080380560684716e-13,unvalidated-engineering-priors,fixed independent scenario factor; no N cycle,2012-05-02,2012-06-06,2012-06-06,full_ripeness,BBCH89_full_ripeness,2011-10-12,seed_layer_available_water,50.0
5,ag_070_069,fallow,2012,2012-06-11,2012-06-14,6547.676813191237,0.5,1.2678746941219288e-13,0.0,0.0,0.0,1.0,0.37,0.0,0.0,5.234707302698084,0.0,0.0,0.0,0.0,0.0,0.006819335351057755,0.0,0.0,5.234707302698084,0.0,0.0,465.0988107034078,460.2272840653585,1.7619239400801234e-13,unvalidated-engineering-priors,fixed independent scenario factor; no N cycle,,,,right_censored,BBCH89_full_ripeness,,,
5,ag_070_069,maize,2012,2012-06-15,2012-10-05,6547.676813191237,0.5,1.1617373729677638e-12,3.467448550509289e-12,0.0,0.0,0.03354275471250856,522.66,40.0,0.0,19.51030259782499,187.32263346886918,80.1478742125511,0.0,0.0,0.0,117.48392071529942,40.0,0.0,286.98081027924525,9413.962555831464,17335.485681725637,460.2272840653585,618.4225530708171,-3.295252959389927e-12,unvalidated-engineering-priors,fixed independent scenario factor; no N cycle,2012-08-11,2012-09-30,2012-09-30,physiological_maturity,R6_physiological_maturity,2012-06-16,seed_layer_available_water,50.0
5,ag_070_069,fallow,2012,2012-10-06,2012-10-11,6547.676813191237,0.5,2.0516921495072893e-13,0.0,0.0,0.0,1.0,0.22,0.0,0.0,16.653542757172374,0.0,0.0,0.0,0.0,0.0,1.523925482728615,0.0,0.0,16.653542757172374,0.0,0.0,618.4225530708171,600.4650848309168,-6.661338147750939e-13,unvalidated-engineering-priors,fixed independent scenario factor; no N cycle,,,,right_censored,BBCH89_full_ripeness,,,
5,ag_070_069,wheat,2013,2012-10-12,2013-06-10,6547.676813191237,0.5,4.2232883856740955e-13,3.979039320256561e-12,0.0,0.0,0.04267140235271844,290.51,150.0,0.0,226.37091666077336,232.43075468867818,42.59598534211292,0.0,0.0,0.0,25.053907515112815,150.0,0.0,501.39765669156446,7799.438959200617,18059.40745077013,600.4650848309168,514.5235206242392,3.674838211509268e-13,unvalidated-engineering-priors,fixed independent scenario factor; no N cycle,2013-05-06,,2013-06-10,cut_before_maturity,BBCH89_full_ripeness,2012-10-12,seed_layer_available_water,50.0
5,ag_070_069,fallow,2013,2013-06-11,2013-06-14,6547.676813191237,0.5,1.5187850976872141e-13,0.0,0.0,0.0,1.0,6.61,0.0,0.0,13.960434968071363,0.0,0.0,0.0,0.0,0.0,0.00875678016362353,0.0,0.0,13.960434968071363,0.0,0.0,514.5235206242392,507.1643288760041,6.17284001691587e-14,unvalidated-engineering-priors,fixed independent scenario factor; no N cycle,,,,right_censored,BBCH89_full_ripeness,,,
5,ag_070_069,maize,2013,2013-06-15,2013-10-05,6547.676813191237,0.5,9.947598300641403e-13,3.637978807091713e-12,0.0,0.0,0.03354275471250856,466.72,40.0,0.0,19.893908895110272,220.4715746341166,74.98310650119907,0.0,1.4892681258648146,0.0,142.5392002173555,40.0,0.0,315.34859003042595,8611.161492327054,17233.133839607704,507.1643288760041,554.5072705023564,1.4744871990046704e-12,unvalidated-engineering-priors,fixed independent scenario factor; no N cycle,2013-08-09,2013-09-22,2013-09-22,physiological_maturity,R6_physiological_maturity,2013-06-16,seed_layer_available_water,50.0
5,ag_070_069,fallow,2013,2013-10-06,2013-10-11,6547.676813191237,0.5,1.2256862191861728e-13,0.0,0.0,0.0,1.0,0.0,0.0,0.0,16.48111256280846,0.0,0.0,0.0,0.0,0.0,0.14110714721848533,0.0,0.0,16.48111256280846,0.0,0.0,554.5072705023564,537.8850507923296,-1.4566126083082054e-13,unvalidated-engineering-priors,fixed independent scenario factor; no N cycle,,,,right_censored,BBCH89_full_ripeness,,,
5,ag_070_069,wheat,2014,2013-10-12,2014-06-10,6547.676813191237,0.5,2.8527180617743397e-13,3.637978807091713e-12,0.0,0.0,0.04267140235271844,188.25,150.0,0.0,212.89774847376944,206.7485240518377,37.40005984480325,0.0,0.0,0.0,4.341343061493642,150.0,0.0,457.0463323704104,7339.510756385063,16512.604094716524,537.8850507923296,414.74737536042403,1.5092371796754378e-12,unvalidated-engineering-priors,fixed independent scenario factor; no N cycle,2014-04-23,2014-06-02,2014-06-02,full_ripeness,BBCH89_full_ripeness,2013-10-13,seed_layer_available_water,50.0
5,ag_070_069,fallow,2014,2014-06-11,2014-06-14,6547.676813191237,0.5,6.017408793468348e-14,0.0,0.0,0.0,1.0,3.0999999999999996,0.0,0.0,7.362462392276681,0.0,0.0,0.0,0.0,0.0,0.0005154686040269003,0.0,0.0,7.362462392276681,0.0,0.0,414.74737536042403,410.48439749954315,1.7197354651443675e-13,unvalidated-engineering-priors,fixed independent scenario factor; no N cycle,,,,right_censored,BBCH89_full_ripeness,,,
5,ag_070_069,maize,2014,2014-06-15,2014-10-05,6547.676813191237,0.5,4.947153797729698e-13,5.286437954055145e-12,0.0,0.0,0.03354275471250856,362.11,40.0,0.0,16.11225874609922,164.0039863328436,94.14552918046631,0.0,0.0,0.0,0.021463224301553285,40.0,0.0,274.2617742594091,8973.79170100471,17817.2742600645,410.48439749954315,538.3111600158303,2.1886381595948023e-12,unvalidated-engineering-priors,fixed independent scenario factor; no N cycle,2014-08-12,2014-10-01,2014-10-01,physiological_maturity,R6_physiological_maturity,2014-06-16,seed_layer_available_water,50.0
5,ag_070_069,fallow,2014,2014-10-06,2014-10-11,6547.676813191237,0.5,1.199040866595169e-13,0.0,0.0,0.0,1.0,0.0,0.0,0.0,17.26823928386133,0.0,0.0,0.0,0.0,0.0,0.005392910103803734,0.0,0.0,17.26823928386133,0.0,0.0,538.3111600158303,521.0375278218651,9.370282327836321e-14,unvalidated-engineering-priors,fixed independent scenario factor; no N cycle,,,,right_censored,BBCH89_full_ripeness,,,
5,ag_070_069,wheat,2015,2014-10-12,2015-06-10,6547.676813191237,0.5,2.8688162956314045e-13,3.126388037344441e-12,0.0,0.0,0.04267140235271844,186.85,150.0,0.0,201.3032064666009,211.69812551003452,46.712129729691405,0.0,0.0,0.0,0.9085415492497567,150.0,0.0,459.7134617063268,7649.049987808898,17361.099103414414,521.0375278218651,397.26552456628934,-8.553158181712206e-13,unvalidated-engineering-priors,fixed independent scenario factor; no N cycle,2015-04-29,2015-06-05,2015-06-05,full_ripeness,BBCH89_full_ripeness,2014-10-12,seed_layer_available_water,50.0
5,ag_070_069,fallow,2015,2015-06-11,2015-06-14,6547.676813191237,0.5,1.028066520802895e-13,0.0,0.0,0.0,1.0,2.47,0.0,0.0,3.267421137215599,0.0,0.0,0.0,0.0,0.0,0.00034056461135875075,0.0,0.0,3.267421137215599,0.0,0.0,397.26552456628934,396.46776286446243,-4.318767565791859e-14,unvalidated-engineering-priors,fixed independent scenario factor; no N cycle,,,,right_censored,BBCH89_full_ripeness,,,
5,ag_070_069,maize,2015,2015-06-15,2015-10-05,6547.676813191237,0.5,7.669420654110581e-13,4.590106073010247e-12,0.0,0.0,0.03354275471250856,333.36,40.0,0.0,17.991585487263276,194.96346367168505,91.13808193741369,0.0,0.0,0.0,0.13329832233686786,40.0,0.0,304.093131096362,9459.249992641202,18075.557673467596,396.46776286446243,465.60133344576735,-3.7939651420515474e-12,unvalidated-engineering-priors,fixed independent scenario factor; no N cycle,2015-08-12,2015-09-28,2015-09-28,physiological_maturity,R6_physiological_maturity,2015-06-16,seed_layer_available_water,50.0
5,ag_070_069,fallow,2015,2015-10-06,2015-10-11,6547.676813191237,0.5,1.2612133559741778e-13,0.0,0.0,0.0,1.0,7.91,0.0,0.0,16.363208441493583,0.0,0.0,0.0,0.0,0.0,0.001594330812549706,0.0,0.0,16.363208441493583,0.0,0.0,465.60133344576735,457.146530673461,2.4868995751603507e-13,unvalidated-engineering-priors,fixed independent scenario factor; no N cycle,,,,right_censored,BBCH89_full_ripeness,,,
5,ag_070_069,wheat,2016,2015-10-12,2016-06-10,6547.676813191237,0.5,2.899902540320909e-13,2.2453150450019166e-12,0.0,0.0,0.04267140235271844,193.42,150.0,0.0,221.3441877667901,177.9271949965446,33.20305194976715,0.0,0.0,0.0,0.1031363092345046,150.0,0.0,432.47443471310186,5414.467778968915,12556.54831822541,457.146530673461,367.9889596511246,-2.398081733190338e-14,unvalidated-engineering-priors,fixed independent scenario factor; no N cycle,2016-04-25,2016-06-02,2016-06-02,full_ripeness,BBCH89_full_ripeness,2015-10-12,seed_layer_available_water,50.0
5,ag_070_069,fallow,2016,2016-06-11,2016-06-14,6547.676813191237,0.5,8.526512829121202e-14,0.0,0.0,0.0,1.0,71.56,0.0,0.0,9.99599106306502,0.0,0.0,0.0,0.0,0.0,0.00011390192934286131,0.0,0.0,9.99599106306502,0.0,0.0,367.9889596511246,429.55285468613033,-7.749356711883593e-14,unvalidated-engineering-priors,fixed independent scenario factor; no N cycle,,,,right_censored,BBCH89_full_ripeness,,,
5,ag_070_069,maize,2016,2016-06-15,2016-10-05,6547.676813191237,0.5,1.141309269314661e-12,3.126388037344441e-12,0.0,0.0,0.03354275471250856,593.75,40.0,0.0,18.5667277132361,177.44099505327486,112.85225920670307,0.0,0.16282182392775724,0.0,160.57542755791013,40.0,0.0,308.859981973214,9215.697842531514,17483.238383895863,429.55285468613033,593.7046233310806,-2.1804780203638074e-12,unvalidated-engineering-priors,fixed independent scenario factor; no N cycle,2016-08-10,2016-09-23,2016-09-23,physiological_maturity,R6_physiological_maturity,2016-06-15,seed_layer_available_water,50.0
5,ag_070_069,fallow,2016,2016-10-06,2016-10-11,6547.676813191237,0.5,1.4521717162097048e-13,0.0,0.0,0.0,1.0,0.53,0.0,0.0,14.877612117053573,0.0,0.0,0.0,0.0,0.0,0.4611025606700342,0.0,0.0,14.877612117053573,0.0,0.0,593.7046233310806,578.8959086533566,3.632649736573512e-13,unvalidated-engineering-priors,fixed independent scenario factor; no N cycle,,,,right_censored,BBCH89_full_ripeness,,,
5,ag_070_069,wheat,2017,2016-10-12,2017-06-10,6547.676813191237,0.5,8.44213587924969e-13,4.547473508864641e-12,0.0,0.0,0.04267140235271844,250.07,150.0,0.0,255.01028549227647,215.22095976606798,47.547457553149016,0.0,0.0,0.0,20.102931328653654,150.0,0.0,517.7787028114934,8090.246340275886,18100.647446278308,578.8959086533566,441.084274513206,3.4774960688821466e-12,unvalidated-engineering-priors,fixed independent scenario factor; no N cycle,2017-04-26,2017-06-04,2017-06-04,full_ripeness,BBCH89_full_ripeness,2016-10-12,seed_layer_available_water,50.0
5,ag_070_069,fallow,2017,2017-06-11,2017-06-14,6547.676813191237,0.5,6.750155989720952e-14,0.0,0.0,0.0,1.0,0.33,0.0,0.0,6.989723183539106,0.0,0.0,0.0,0.0,0.0,0.0031422181141040678,0.0,0.0,6.989723183539106,0.0,0.0,441.084274513206,434.4214091115529,-1.0313971898767704e-13,unvalidated-engineering-priors,fixed independent scenario factor; no N cycle,,,,right_censored,BBCH89_full_ripeness,,,
5,ag_070_069,maize,2017,2017-06-15,2017-10-05,6547.676813191237,0.5,1.1570744362643381e-12,3.467448550509289e-12,0.0,0.0,0.03354275471250856,435.42,40.0,0.0,17.24994392394593,201.99024698148838,95.78746165187647,0.0,0.0,0.0,6.445656189663567,40.0,0.0,315.0276525573108,8932.810138155963,17821.361214550197,434.4214091115529,588.3681003645802,-1.6090462295892394e-12,unvalidated-engineering-priors,fixed independent scenario factor; no N cycle,2017-08-10,2017-09-23,2017-09-23,physiological_maturity,R6_physiological_maturity,2017-06-16,seed_layer_available_water,50.0
5,ag_070_069,fallow,2017,2017-10-06,2017-10-11,6547.676813191237,0.5,8.926193117986259e-14,0.0,0.0,0.0,1.0,11.27,0.0,0.0,10.3904753,0.0,0.0,0.0,0.0,0.0,0.14754162279916114,0.0,0.0,10.3904753,0.0,0.0,588.3681003645802,589.1000834417808,1.8618440122963875e-13,unvalidated-engineering-priors,fixed independent scenario factor; no N cycle,,,,right_censored,BBCH89_full_ripeness,,,
5,ag_070_069,wheat,2018,2017-10-12,2018-06-10,6547.676813191237,0.5,3.383959779057477e-13,4.149569576838985e-12,0.0,0.0,0.04267140235271844,212.51,150.0,0.0,202.6632299879527,218.52788386796658,44.448898928763136,0.0,0.0,0.0,11.410506106612049,150.0,0.0,465.6400127846824,7112.4120534656695,16275.07766180463,589.1000834417808,474.5595645504851,1.2789769243681803e-12,unvalidated-engineering-priors,fixed independent scenario factor; no N cycle,2018-04-25,2018-06-02,2018-06-02,full_ripeness,BBCH89_full_ripeness,2017-10-12,seed_layer_available_water,50.0
5,ag_070_069,fallow,2018,2018-06-11,2018-06-14,6547.676813191237,0.5,7.327471962526033e-14,0.0,0.0,0.0,1.0,2.38,0.0,0.0,8.361209999357726,0.0,0.0,0.0,0.0,0.0,0.0030606823862282897,0.0,0.0,8.361209999357726,0.0,0.0,474.5595645504851,468.5752938687412,-4.551914400963142e-14,unvalidated-engineering-priors,fixed independent scenario factor; no N cycle,,,,right_censored,BBCH89_full_ripeness,,,
5,ag_070_069,maize,2018,2018-06-15,2018-10-05,6547.676813191237,0.5,1.0809131367750524e-12,3.069544618483633e-12,0.0,0.0,0.03354275471250856,441.71999999999997,40.0,0.0,18.13423815779763,232.05382115422816,86.1729550563757,0.0,0.0,0.0,12.661311510457887,40.0,0.0,336.36101436840147,9117.794486412688,17842.22084154445,468.5752938687412,601.2729679898767,5.075828646283753e-12,unvalidated-engineering-priors,fixed independent scenario factor; no N cycle,2018-08-10,2018-09-23,2018-09-23,physiological_maturity,R6_physiological_maturity,2018-06-16,seed_layer_available_water,50.0
5,ag_070_069,fallow,2018,2018-10-06,2018-10-11,6547.676813191237,0.5,9.725553695716371e-14,0.0,0.0,0.0,1.0,2.34,0.0,0.0,17.85276245846005,0.0,0.0,0.0,0.0,0.0,0.5588770590502982,0.0,0.0,17.85276245846005,0.0,0.0,601.2729679898767,585.2013284723662,2.1405099914773018e-13,unvalidated-engineering-priors,fixed independent scenario factor; no N cycle,,,,right_censored,BBCH89_full_ripeness,,,
5,ag_070_069,wheat,2019,2018-10-12,2019-06-10,6547.676813191237,0.5,3.0730973321624333e-13,4.149569576838985e-12,0.0,0.0,0.04267140235271844,155.23,150.0,0.0,200.72118132873354,235.36605971351003,39.12501775587497,0.0,0.0,0.0,15.88476666069796,150.0,0.0,475.21225879811857,8075.014291773547,18108.457810577194,585.2013284723662,399.3343030135532,-3.533340287020792e-12,unvalidated-engineering-priors,fixed independent scenario factor; no N cycle,2019-04-26,2019-06-06,2019-06-06,full_ripeness,BBCH89_full_ripeness,2018-10-12,seed_layer_available_water,50.0
5,ag_070_069,fallow,2019,2019-06-11,2019-06-14,6547.676813191237,0.5,7.87148124459236e-14,0.0,0.0,0.0,1.0,0.02,0.0,0.0,3.323719334089996,0.0,0.0,0.0,0.0,0.0,0.0007928866007800206,0.0,0.0,3.323719334089996,0.0,0.0,399.3343030135532,396.02979079286223,2.0472512574087887e-13,unvalidated-engineering-priors,fixed independent scenario factor; no N cycle,,,,right_censored,BBCH89_full_ripeness,,,
5,ag_070_069,maize,2019,2019-06-15,2019-10-05,6547.676813191237,0.5,8.65085780787922e-13,4.149569576838985e-12,0.0,0.0,0.03354275471250856,407.77,40.0,0.0,20.053774122050232,209.15715333412632,75.88059765537409,0.0,32.3099519444702,0.0,2.4930440216159098,40.0,0.0,305.09152511155065,9344.307235192151,17673.77290497275,396.02979079286223,503.9052697152336,-8.10979061682815e-12,unvalidated-engineering-priors,fixed independent scenario factor; no N cycle,2019-08-11,2019-09-26,2019-09-26,physiological_maturity,R6_physiological_maturity,2019-06-16,seed_layer_available_water,50.0
5,ag_070_069,fallow,2019,2019-10-06,2019-10-11,6547.676813191237,0.5,1.376676550535194e-13,0.0,0.0,0.0,1.0,25.73,0.0,0.0,10.515069800000001,0.0,0.0,0.0,0.0,0.0,0.033087018470677264,0.0,0.0,10.515069800000001,0.0,0.0,503.9052697152336,519.0871128967626,3.036459972349803e-13,unvalidated-engineering-priors,fixed independent scenario factor; no N cycle,,,,right_censored,BBCH89_full_ripeness,,,
5,ag_070_069,wheat,2020,2019-10-12,2020-06-10,6547.676813191237,0.5,3.2296387786345804e-13,3.183231456205249e-12,0.0,0.0,0.04267140235271844,213.06,150.0,0.0,192.6311632468922,246.11261043706256,44.43309844988368,0.0,0.0,0.0,1.2569045514823196,150.0,0.0,483.17687213383846,8518.647741559114,19267.979191187987,519.0871128967626,397.71333621144316,-1.2990164499626644e-12,unvalidated-engineering-priors,fixed independent scenario factor; no N cycle,2020-04-25,2020-06-03,2020-06-03,full_ripeness,BBCH89_full_ripeness,2019-10-12,seed_layer_available_water,50.0
5,ag_070_069,fallow,2020,2020-06-11,2020-06-14,6547.676813191237,0.5,8.881784197001252e-14,0.0,0.0,0.0,1.0,31.19,0.0,0.0,14.466156533441572,0.0,0.0,0.0,0.0,0.0,0.0002143536724651604,0.0,0.0,14.466156533441572,0.0,0.0,397.71333621144316,414.4369653243292,-7.815970093361102e-14,unvalidated-engineering-priors,fixed independent scenario factor; no N cycle,,,,right_censored,BBCH89_full_ripeness,,,
5,ag_070_069,maize,2020,2020-06-15,2020-10-05,6547.676813191237,0.5,7.571721027943568e-13,3.637978807091713e-12,0.0,0.0,0.03354275471250856,575.57,40.0,0.0,15.903051310980077,197.0578019291932,71.9197118891451,0.0,16.600489328055787,0.0,168.36491567213614,40.0,0.0,284.88056512931837,8773.453117160847,16695.13787894153,414.4369653243292,560.1609951948151,3.8206660057937825e-12,unvalidated-engineering-priors,fixed independent scenario factor; no N cycle,2020-08-13,2020-09-26,2020-09-26,physiological_maturity,R6_physiological_maturity,2020-06-15,seed_layer_available_water,50.0
5,ag_070_069,fallow,2020,2020-10-06,2020-10-11,6547.676813191237,0.5,6.283862319378386e-14,0.0,0.0,0.0,1.0,0.62,0.0,0.0,9.946472290506685,0.0,0.0,0.0,0.0,0.0,0.39465034330569615,0.0,0.0,9.946472290506685,0.0,0.0,560.1609951948151,550.4398725610026,7.438494264988549e-14,unvalidated-engineering-priors,fixed independent scenario factor; no N cycle,,,,right_censored,BBCH89_full_ripeness,,,
5,ag_070_069,wheat,2021,2020-10-12,2021-06-10,6547.676813191237,0.5,7.571721027943568e-13,3.524291969370097e-12,0.0,0.0,0.04267140235271844,259.35,150.0,0.0,209.92657596352208,236.71925354529637,47.909725696399505,0.0,0.0,0.0,11.398677610856462,150.0,0.0,494.55555520521796,8384.578348145786,19153.768381150345,550.4398725610026,453.83563974492864,-4.2216230511371577e-13,unvalidated-engineering-priors,fixed independent scenario factor; no N cycle,2021-04-24,2021-06-03,2021-06-03,full_ripeness,BBCH89_full_ripeness,2020-10-12,seed_layer_available_water,50.0
5,ag_070_069,fallow,2021,2021-06-11,2021-06-14,6547.676813191237,0.5,5.129230373768223e-14,0.0,0.0,0.0,1.0,39.059999999999995,0.0,0.0,4.2378796903471105,0.0,0.0,0.0,0.0,0.0,0.002728663977238132,0.0,0.0,4.2378796903471105,0.0,0.0,453.83563974492864,488.65503139060434,-4.463096558993129e-14,unvalidated-engineering-priors,fixed independent scenario factor; no N cycle,,,,right_censored,BBCH89_full_ripeness,,,
5,ag_070_069,maize,2021,2021-06-15,2021-10-05,6547.676813191237,0.5,1.0800249583553523e-12,3.922195901395753e-12,0.0,0.0,0.03354275471250856,860.24,40.0,0.0,16.871713933683303,193.6628683474435,73.84402987575966,0.0,17.96653956529001,0.0,375.7667340095842,40.0,0.0,284.37861215688645,7867.420012672089,16207.320969730212,488.65503139060434,710.7831456588417,1.9520496330471815e-12,unvalidated-engineering-priors,fixed independent scenario factor; no N cycle,2021-08-10,2021-09-24,2021-09-24,physiological_maturity,R6_physiological_maturity,2021-06-15,seed_layer_available_water,50.0
5,ag_070_069,fallow,2021,2021-10-06,2021-10-11,6547.676813191237,0.5,1.6786572132332367e-13,0.0,0.0,0.0,1.0,19.45,0.0,0.0,11.1456164,0.0,0.0,0.0,0.0,0.0,19.38944798789114,0.0,0.0,11.1456164,0.0,0.0,710.7831456588417,699.6980812709503,2.6911806116913795e-13,unvalidated-engineering-priors,fixed independent scenario factor; no N cycle,,,,right_censored,BBCH89_full_ripeness,,,
5,ag_070_069,wheat,2022,2021-10-12,2022-06-10,6547.676813191237,0.5,6.67021993194794e-13,4.973799150320701e-12,0.0,0.0,0.04267140235271844,115.92999999999999,150.0,0.0,183.28264821431662,261.61342965482044,32.80089994928284,0.0,0.0,0.0,93.22927647997604,150.0,0.0,477.6969778184199,9093.370536407698,19467.022395906137,699.6980812709503,394.7018269725564,-2.005118293624264e-12,unvalidated-engineering-priors,fixed independent scenario factor; no N cycle,2022-04-24,2022-06-04,2022-06-04,full_ripeness,BBCH89_full_ripeness,2021-10-12,seed_layer_available_water,50.0
5,ag_070_069,fallow,2022,2022-06-11,2022-06-14,6547.676813191237,0.5,5.412337245047638e-14,0.0,0.0,0.0,1.0,20.53,0.0,0.0,10.97164491883721,0.0,0.0,0.0,0.0,0.0,0.0007089980370378775,0.0,0.0,10.97164491883721,0.0,0.0,394.7018269725564,404.25947305568207,6.122879980807738e-14,unvalidated-engineering-priors,fixed independent scenario factor; no N cycle,,,,right_censored,BBCH89_full_ripeness,,,
5,ag_070_069,maize,2022,2022-06-15,2022-10-05,6547.676813191237,0.5,1.0480505352461478e-12,3.637978807091713e-12,0.0,0.0,0.03354275471250856,558.05,40.0,0.0,20.620226368419164,203.43507053556414,67.94209925050875,0.0,0.0,0.0,98.22691047143532,40.0,0.0,291.99739615449204,8407.788608335823,16426.71818516475,404.25947305568207,612.085166429753,1.6672219160795976e-12,unvalidated-engineering-priors,fixed independent scenario factor; no N cycle,2022-08-10,2022-09-25,2022-09-25,physiological_maturity,R6_physiological_maturity,2022-06-15,seed_layer_available_water,50.0
5,ag_070_069,fallow,2022,2022-10-06,2022-10-11,6547.676813191237,0.5,2.637889906509372e-13,0.0,0.0,0.0,1.0,0.16999999999999998,0.0,0.0,15.986974800000006,0.0,0.0,0.0,0.0,0.0,0.20368923407740627,0.0,0.0,15.986974800000006,0.0,0.0,612.085166429753,596.0645023956756,8.881784197001252e-16,unvalidated-engineering-priors,fixed independent scenario factor; no N cycle,,,,right_censored,BBCH89_full_ripeness,,,
5,ag_070_069,wheat,2023,2022-10-12,2023-06-10,6547.676813191237,0.5,4.050093593832571e-13,4.433786671143025e-12,0.0,0.0,0.04267140235271844,194.51,150.0,0.0,220.14037009703154,218.51324451781286,38.290846151936854,0.0,0.0,0.0,13.636371419724064,150.0,0.0,476.9444607667812,7135.823404469631,16146.295612910695,596.0645023956756,449.99367020917146,-1.1242673458866648e-12,unvalidated-engineering-priors,fixed independent scenario factor; no N cycle,2023-04-20,2023-05-30,2023-05-30,full_ripeness,BBCH89_full_ripeness,2022-10-12,seed_layer_available_water,50.0
5,ag_070_069,fallow,2023,2023-06-11,2023-06-14,6547.676813191237,0.5,9.170442183403793e-14,0.0,0.0,0.0,1.0,2.1399999999999997,0.0,0.0,3.754255461564402,0.0,0.0,0.0,0.0,0.0,0.002199930619437344,0.0,0.0,3.754255461564402,0.0,0.0,449.99367020917146,448.37721481698753,8.337774914934926e-14,unvalidated-engineering-priors,fixed independent scenario factor; no N cycle,,,,right_censored,BBCH89_full_ripeness,,,
5,ag_070_069,maize,2023,2023-06-15,2023-10-05,6547.676813191237,0.5,8.189005029635155e-13,5.5280224842135794e-12,0.0,0.0,0.03354275471250856,423.08,40.0,0.0,17.78997770863414,232.77360611643198,78.40450223567261,0.0,0.0,0.0,1.3024372119499392,40.0,0.0,328.96808606073876,9666.621712203168,18939.160281409557,448.37721481698753,581.1866915442985,3.9784842087442485e-13,unvalidated-engineering-priors,fixed independent scenario factor; no N cycle,2023-08-10,2023-09-22,2023-09-22,physiological_maturity,R6_physiological_maturity,2023-06-16,seed_layer_available_water,50.0
5,ag_070_069,fallow,2023,2023-10-06,2023-10-11,6547.676813191237,0.5,1.1457501614131615e-13,0.0,0.0,0.0,1.0,0.09000000000000001,0.0,0.0,15.38046863554645,0.0,0.0,0.0,0.0,0.0,0.10250085733890041,0.0,0.0,15.38046863554645,0.0,0.0,581.1866915442985,565.7937220514129,1.7719159473017498e-13,unvalidated-engineering-priors,fixed independent scenario factor; no N cycle,,,,right_censored,BBCH89_full_ripeness,,,
5,ag_070_069,wheat,2024,2023-10-12,2024-06-10,6547.676813191237,0.5,3.33510996597397e-13,3.424815986363683e-12,0.0,0.0,0.04267140235271844,127.48,150.0,0.0,194.9866428127658,236.59188273478867,28.92680033443387,0.0,0.0,0.0,6.119197273343003,150.0,0.0,460.50532588198837,7421.000975225053,16882.55832472601,565.7937220514129,376.6491988960843,-2.6871282976514976e-12,unvalidated-engineering-priors,fixed independent scenario factor; no N cycle,2024-04-24,2024-06-02,2024-06-02,full_ripeness,BBCH89_full_ripeness,2023-10-12,seed_layer_available_water,50.0
5,ag_070_069,fallow,2024,2024-06-11,2024-06-14,6547.676813191237,0.5,6.483702463810914e-14,0.0,0.0,0.0,1.0,1.42,0.0,0.0,1.677375215237461,0.0,0.0,0.0,0.0,0.0,0.00030326353369291035,0.0,0.0,1.677375215237461,0.0,0.0,376.6491988960843,376.391520417313,1.000310945187266e-13,unvalidated-engineering-priors,fixed independent scenario factor; no N cycle,,,,right_censored,BBCH89_full_ripeness,,,
5,ag_070_069,maize,2024,2024-06-15,2024-10-05,6547.676813191237,0.5,1.1546319456101628e-12,2.8279600883251987e-12,0.0,0.0,0.03354275471250856,790.09,40.0,0.0,19.376051289942964,198.36258688987496,90.4345770728707,0.0,25.034597502343672,0.0,236.53124153634928,40.0,0.0,308.17321525268864,8319.900989943806,16237.260202484555,376.391520417313,636.7424661259316,-2.0039525594484076e-13,unvalidated-engineering-priors,fixed independent scenario factor; no N cycle,2024-08-10,2024-09-20,2024-09-20,physiological_maturity,R6_physiological_maturity,2024-06-16,seed_layer_available_water,50.0
5,ag_070_069,fallow,2024,2024-10-06,2024-10-11,6547.676813191237,0.5,1.9451107391432743e-13,0.0,0.0,0.0,1.0,1.8599999999999999,0.0,0.0,15.750118700000002,0.0,0.0,0.0,0.0,0.0,1.7333733778600837,0.0,0.0,15.750118700000002,0.0,0.0,636.7424661259316,621.1189740480717,-1.199040866595169e-13,unvalidated-engineering-priors,fixed independent scenario factor; no N cycle,,,,right_censored,BBCH89_full_ripeness,,,
5,ag_070_069,wheat,2025,2024-10-12,2025-06-10,6547.676813191237,0.5,5.39124300757976e-13,4.348521542851813e-12,0.0,0.0,0.04267140235271844,177.66,150.0,0.0,187.59840726527435,283.49140565470276,41.48951657398563,0.0,0.0,0.0,42.76351686132845,150.0,0.0,512.5793294939627,9373.0598974929,20967.70109327938,621.1189740480717,393.43612769277996,5.094813460004843e-13,unvalidated-engineering-priors,fixed independent scenario factor; no N cycle,2025-04-24,2025-06-02,2025-06-02,full_ripeness,BBCH89_full_ripeness,2024-10-12,seed_layer_available_water,50.0
5,ag_070_069,fallow,2025,2025-06-11,2025-06-14,6547.676813191237,0.5,6.611378111642807e-14,0.0,0.0,0.0,1.0,2.21,0.0,0.0,1.8521001245870412,0.0,0.0,0.0,0.0,0.0,0.0006673956220098361,0.0,0.0,1.8521001245870412,0.0,0.0,393.43612769277996,393.79336017257083,8.232303727595536e-14,unvalidated-engineering-priors,fixed independent scenario factor; no N cycle,,,,right_censored,BBCH89_full_ripeness,,,
5,ag_070_069,maize,2025,2025-06-15,2025-10-05,6547.676813191237,0.5,6.350475700855895e-13,2.7853275241795927e-12,0.0,0.0,0.03354275471250856,477.28999999999996,40.0,0.0,20.745099147902454,145.42401849631088,86.16049673186548,0.0,0.0,0.0,0.14732312065787287,40.0,0.0,252.3296143760788,7274.370229628603,15294.9628595033,393.79336017257083,658.6064226758339,2.5973667661105537e-13,unvalidated-engineering-priors,fixed independent scenario factor; no N cycle,2025-08-10,2025-09-24,2025-09-24,physiological_maturity,R6_physiological_maturity,2025-06-16,seed_layer_available_water,50.0
5,ag_070_069,fallow,1996,1996-01-01,1996-10-11,6547.676813191237,0.75,2.531308496145357e-13,0.0,0.0,0.0,1.0,802.41,0.0,0.0,540.1960240025073,0.0,0.0,0.0,0.0,0.0,132.56850880676947,0.0,0.0,540.1960240025073,0.0,0.0,504.886884455749,634.5323516464703,1.917827008313111e-12,unvalidated-engineering-priors,fixed independent scenario factor; no N cycle,,,,right_censored,BBCH89_full_ripeness,,,
5,ag_070_069,wheat,1997,1996-10-12,1997-06-10,6547.676813191237,0.75,8.402167850363185e-13,3.211653165635653e-12,0.0,0.0,0.04267140235271844,259.98,225.0,0.0,222.22377519880166,217.60135641477035,56.37138426727641,0.0,0.0,0.0,63.91535387273825,225.0,0.0,496.19651588084844,9082.00032952432,19850.106626811335,634.5323516464703,559.4004818928802,3.419209360089326e-12,unvalidated-engineering-priors,fixed independent scenario factor; no N cycle,1997-05-02,1997-06-08,1997-06-08,full_ripeness,BBCH89_full_ripeness,1996-10-12,seed_layer_available_water,50.0
5,ag_070_069,fallow,1997,1997-06-11,1997-06-14,6547.676813191237,0.75,1.241229341530925e-13,0.0,0.0,0.0,1.0,5.609999999999999,0.0,0.0,7.678970872164059,0.0,0.0,0.0,0.0,0.0,0.35778132393285644,0.0,0.0,7.678970872164059,0.0,0.0,559.4004818928802,556.973729696783,2.2537527399890678e-13,unvalidated-engineering-priors,fixed independent scenario factor; no N cycle,,,,right_censored,BBCH89_full_ripeness,,,
5,ag_070_069,maize,1997,1997-06-15,1997-10-05,6547.676813191237,0.75,9.681144774731365e-13,5.115907697472721e-12,0.0,0.0,0.03354275471250856,264.74,60.0,0.0,17.57610291625694,277.58321041905225,76.59922367334089,0.0,0.0,0.0,5.718980818595863,60.0,0.0,371.7585370086501,11743.443026567362,22422.020191963784,556.973729696783,504.23621186954296,-5.856315432595238e-12,unvalidated-engineering-priors,fixed independent scenario factor; no N cycle,1997-08-10,1997-09-30,1997-09-30,physiological_maturity,R6_physiological_maturity,1997-06-16,seed_layer_available_water,50.0
5,ag_070_069,fallow,1997,1997-10-06,1997-10-11,6547.676813191237,0.75,9.50350909079134e-14,0.0,0.0,0.0,1.0,0.0,0.0,0.0,15.471889840743984,0.0,0.0,0.0,0.0,0.0,0.008211598670161389,0.0,0.0,15.471889840743984,0.0,0.0,504.23621186954296,488.7561104301288,2.5091040356528538e-14,unvalidated-engineering-priors,fixed independent scenario factor; no N cycle,,,,right_censored,BBCH89_full_ripeness,,,
5,ag_070_069,wheat,1998,1997-10-12,1998-06-10,6547.676813191237,0.75,9.78328529299688e-13,3.439026841078885e-12,0.0,0.0,0.04267140235271844,365.12,225.0,0.0,242.47141350938944,172.04902423347946,66.77526474167236,0.0,0.0,0.0,6.2953429531127805,225.0,0.0,481.29570248454127,7575.407567003253,16914.661587383027,488.7561104301288,591.2850649924726,2.1651291870483647e-12,unvalidated-engineering-priors,fixed independent scenario factor; no N cycle,1998-05-01,1998-06-08,1998-06-08,full_ripeness,BBCH89_full_ripeness,1997-10-13,seed_layer_available_water,50.0
5,ag_070_069,fallow,1998,1998-06-11,1998-06-14,6547.676813191237,0.75,1.6919798895287386e-13,0.0,0.0,0.0,1.0,6.73,0.0,0.0,8.738525666472018,0.0,0.0,0.0,0.0,0.0,0.8483434506838938,0.0,0.0,8.738525666472018,0.0,0.0,591.2850649924726,588.4281958753168,-7.394085344003543e-14,unvalidated-engineering-priors,fixed independent scenario factor; no N cycle,,,,right_censored,BBCH89_full_ripeness,,,
5,ag_070_069,maize,1998,1998-06-15,1998-10-05,6547.676813191237,0.75,8.197886813832156e-13,2.3305801732931286e-12,0.0,0.0,0.03354275471250856,719.71,60.0,0.0,18.468757146721206,199.08093155345992,117.14436471822235,0.0,48.62605786102681,0.0,397.9971309038613,60.0,0.0,334.6940534184035,10325.734587159299,18884.294221714485,588.4281958753168,586.8209536920278,-2.705724533313969e-12,unvalidated-engineering-priors,fixed independent scenario factor; no N cycle,1998-08-10,1998-09-23,1998-09-23,physiological_maturity,R6_physiological_maturity,1998-06-16,seed_layer_available_water,50.0
5,ag_070_069,fallow,1998,1998-10-06,1998-10-11,6547.676813191237,0.75,1.851852005074761e-13,0.0,0.0,0.0,1.0,0.7899999999999999,0.0,0.0,12.839419722145198,0.0,0.0,0.0,0.0,0.0,0.7996328258920795,0.0,0.0,12.839419722145198,0.0,0.0,586.8209536920278,573.9719011439906,-7.138734048339757e-14,unvalidated-engineering-priors,fixed independent scenario factor; no N cycle,,,,right_censored,BBCH89_full_ripeness,,,
5,ag_070_069,wheat,1999,1998-10-12,1999-06-10,6547.676813191237,0.75,7.296385717836529e-13,4.718003765447065e-12,0.0,0.0,0.04267140235271844,214.94,225.0,0.0,203.67230702902555,217.59189196624624,50.163150289713194,0.0,0.0,0.0,16.978885795278817,225.0,0.0,471.427349284985,7972.865071954919,18041.84369197131,573.9719011439906,525.5056660637292,-2.3533952564491756e-12,unvalidated-engineering-priors,fixed independent scenario factor; no N cycle,1999-04-26,1999-06-03,1999-06-03,full_ripeness,BBCH89_full_ripeness,1998-10-12,seed_layer_available_water,50.0
5,ag_070_069,fallow,1999,1999-06-11,1999-06-14,6547.676813191237,0.75,8.926193117986259e-14,0.0,0.0,0.0,1.0,1.71,0.0,0.0,5.6627580634760095,0.0,0.0,0.0,0.0,0.0,0.026511791721572937,0.0,0.0,5.6627580634760095,0.0,0.0,525.5056660637292,521.5263962085314,2.169375790117556e-13,unvalidated-engineering-priors,fixed independent scenario factor; no N cycle,,,,right_censored,BBCH89_full_ripeness,,,
5,ag_070_069,maize,1999,1999-06-15,1999-10-05,6547.676813191237,0.75,1.0311751452718454e-12,4.661160346586257e-12,0.0,0.0,0.03354275471250856,442.14,60.0,0.0,15.989785519583652,234.8989263572847,77.8282940506322,0.0,0.0,0.0,56.30002739055339,60.0,0.0,328.7170059275005,10238.948596483988,20149.328140864105,521.5263962085314,638.6493628904758,1.6945334024853764e-12,unvalidated-engineering-priors,fixed independent scenario factor; no N cycle,1999-08-13,1999-09-28,1999-09-28,physiological_maturity,R6_physiological_maturity,1999-06-16,seed_layer_available_water,50.0
5,ag_070_069,fallow,1999,1999-10-06,1999-10-11,6547.676813191237,0.75,2.1760371282653068e-13,0.0,0.0,0.0,1.0,6.87,0.0,0.0,13.0982904,0.0,0.0,0.0,0.0,0.0,0.8328178423449024,0.0,0.0,13.0982904,0.0,0.0,638.6493628904758,631.5882546481309,-4.418687638008123e-14,unvalidated-engineering-priors,fixed independent scenario factor; no N cycle,,,,right_censored,BBCH89_full_ripeness,,,
5,ag_070_069,wheat,2000,1999-10-12,2000-06-10,6547.676813191237,0.75,4.454214774796128e-13,4.149569576838985e-12,0.0,0.0,0.04267140235271844,156.57999999999998,225.0,0.0,208.9089807316566,270.44239300001965,45.00350787956192,0.0,0.0,0.0,45.8198067695201,225.0,0.0,524.3548816112382,8887.584100748007,20605.573292558125,631.5882546481309,442.9935662673733,-6.590283874174929e-13,unvalidated-engineering-priors,fixed independent scenario factor; no N cycle,2000-04-29,2000-06-08,2000-06-08,full_ripeness,BBCH89_full_ripeness,1999-10-12,seed_layer_available_water,50.0
5,ag_070_069,fallow,2000,2000-06-11,2000-06-14,6547.676813191237,0.75,3.352873534367973e-14,0.0,0.0,0.0,1.0,0.03,0.0,0.0,2.548989394955015,0.0,0.0,0.0,0.0,0.0,0.0018495537967033672,0.0,0.0,2.548989394955015,0.0,0.0,442.9935662673733,440.4727273186216,-1.5987211554602254e-14,unvalidated-engineering-priors,fixed independent scenario factor; no N cycle,,,,right_censored,BBCH89_full_ripeness,,,
5,ag_070_069,maize,2000,2000-06-15,2000-10-05,6547.676813191237,0.75,1.1652900866465643e-12,2.2737367544323206e-12,0.0,0.0,0.03354275471250856,510.78,60.0,0.0,19.62889715195438,194.0895777870135,76.76295284409007,0.0,0.0,0.0,81.31525074094608,60.0,0.0,290.48142778305794,8846.13946713281,16559.94072508374,440.4727273186216,639.4560487946186,-1.0217382495625316e-12,unvalidated-engineering-priors,fixed independent scenario factor; no N cycle,2000-08-10,2000-09-24,2000-09-24,physiological_maturity,R6_physiological_maturity,2000-06-16,seed_layer_available_water,50.0
5,ag_070_069,fallow,2000,2000-10-06,2000-10-11,6547.676813191237,0.75,2.815525590449397e-13,0.0,0.0,0.0,1.0,51.42,0.0,0.0,10.1550187,0.0,0.0,0.0,0.0,0.0,1.5938739419410661,0.0,0.0,10.1550187,0.0,0.0,639.4560487946186,679.1271561526777,-1.580957587066223e-13,unvalidated-engineering-priors,fixed independent scenario factor; no N cycle,,,,right_censored,BBCH89_full_ripeness,,,
5,ag_070_069,wheat,2001,2000-10-12,2001-06-10,6547.676813191237,0.75,7.664979762012081e-13,3.637978807091713e-12,0.0,0.0,0.04267140235271844,197.95,225.0,0.0,267.71031460198014,247.05294777669107,26.36208830192529,0.0,0.0,0.0,113.67394976148961,225.0,0.0,541.1253506805965,8492.365201122711,18918.378176824117,679.1271561526777,447.277855710593,-1.4382939284018903e-12,unvalidated-engineering-priors,fixed independent scenario factor; no N cycle,2001-05-01,2001-06-09,2001-06-09,full_ripeness,BBCH89_full_ripeness,2000-10-12,seed_layer_available_water,50.0
5,ag_070_069,fallow,2001,2001-06-11,2001-06-14,6547.676813191237,0.75,9.581224702515101e-14,0.0,0.0,0.0,1.0,4.14,0.0,0.0,4.463590229802531,0.0,0.0,0.0,0.0,0.0,0.00420032152497142,0.0,0.0,4.463590229802531,0.0,0.0,447.277855710593,446.9500651592655,-5.995204332975845e-15,unvalidated-engineering-priors,fixed independent scenario factor; no N cycle,,,,right_censored,BBCH89_full_ripeness,,,
5,ag_070_069,maize,2001,2001-06-15,2001-10-05,6547.676813191237,0.75,1.0094147739891923e-12,5.4001247917767614e-12,0.0,0.0,0.03354275471250856,686.34,60.0,0.0,16.6478474336644,226.26209802594227,73.1172409593149,0.0,51.99637493139428,0.0,274.0551025362325,60.0,0.0,316.02718641892153,10036.121997018045,19372.90181586177,446.9500651592655,551.2114012727129,4.235889417003591e-12,unvalidated-engineering-priors,fixed independent scenario factor; no N cycle,2001-08-11,2001-09-29,2001-09-29,physiological_maturity,R6_physiological_maturity,2001-06-16,seed_layer_available_water,50.0
5,ag_070_069,fallow,2001,2001-10-06,2001-10-11,6547.676813191237,0.75,1.5143442055887135e-13,0.0,0.0,0.0,1.0,4.9399999999999995,0.0,0.0,14.154911306445745,0.0,0.0,0.0,0.0,0.0,0.17164299712804085,0.0,0.0,14.154911306445745,0.0,0.0,551.2114012727129,541.8248469691391,1.5987211554602254e-14,unvalidated-engineering-priors,fixed independent scenario factor; no N cycle,,,,right_censored,BBCH89_full_ripeness,,,
5,ag_070_069,wheat,2002,2001-10-12,2002-06-10,6547.676813191237,0.75,7.980283101005625e-13,3.240074875066057e-12,0.0,0.0,0.04267140235271844,230.46,225.0,0.0,203.03660425023935,212.33123324912532,36.270302459428315,0.0,0.0,0.0,6.02366926281623,225.0,0.0,451.638139958793,7694.264432280614,17157.721165776027,541.8248469691391,539.623037747529,9.021672298104022e-13,unvalidated-engineering-priors,fixed independent scenario factor; no N cycle,2002-04-23,2002-06-06,2002-06-06,full_ripeness,BBCH89_full_ripeness,2001-10-12,seed_layer_available_water,50.0
5,ag_070_069,fallow,2002,2002-06-11,2002-06-14,6547.676813191237,0.75,7.460698725481052e-14,0.0,0.0,0.0,1.0,5.2,0.0,0.0,15.43964505185711,0.0,0.0,0.0,0.0,0.0,0.056063296884578014,0.0,0.0,15.43964505185711,0.0,0.0,539.623037747529,529.3273293987872,6.705747068735946e-14,unvalidated-engineering-priors,fixed independent scenario factor; no N cycle,,,,right_censored,BBCH89_full_ripeness,,,
5,ag_070_069,maize,2002,2002-06-15,2002-10-05,6547.676813191237,0.75,6.838973831690964e-13,5.4001247917767614e-12,0.0,0.0,0.03354275471250856,202.38,60.0,0.0,16.788647239223547,261.87255770726705,76.44937936387903,0.0,0.0,0.0,2.1336507348128233,60.0,0.0,355.11058431036963,11006.60611891561,21530.549585128625,529.3273293987872,434.46309435360433,4.397593400540245e-13,unvalidated-engineering-priors,fixed independent scenario factor; no N cycle,2002-08-12,2002-09-28,2002-09-28,physiological_maturity,R6_physiological_maturity,2002-06-15,seed_layer_available_water,50.0
5,ag_070_069,fallow,2002,2002-10-06,2002-10-11,6547.676813191237,0.75,8.171241461241152e-14,0.0,0.0,0.0,1.0,0.02,0.0,0.0,13.560705146241757,0.0,0.0,0.0,0.0,0.0,0.0008174554773543924,0.0,0.0,13.560705146241757,0.0,0.0,434.46309435360433,420.9215717518852,1.1324274851176597e-14,unvalidated-engineering-priors,fixed independent scenario factor; no N cycle,,,,right_censored,BBCH89_full_ripeness,,,
5,ag_070_069,wheat,2003,2002-10-12,2003-06-10,6547.676813191237,0.75,4.587441537751147e-13,3.0127011996228248e-12,0.0,0.0,0.04267140235271844,275.42,225.0,0.0,236.0350674134974,173.2925332863918,46.18063731187733,0.0,0.0,0.0,0.05162537781382024,225.0,0.0,455.5082380117665,6996.703501426513,15525.435360679623,420.9215717518852,465.7817083623037,1.2274903316011887e-12,unvalidated-engineering-priors,fixed independent scenario factor; no N cycle,2003-05-03,2003-06-10,2003-06-10,full_ripeness,BBCH89_full_ripeness,2002-10-13,seed_layer_available_water,50.0
5,ag_070_069,fallow,2003,2003-06-11,2003-06-14,6547.676813191237,0.75,6.572520305780927e-14,0.0,0.0,0.0,1.0,5.99,0.0,0.0,7.3222316952548,0.0,0.0,0.0,0.0,0.0,0.0017358485845751965,0.0,0.0,7.3222316952548,0.0,0.0,465.7817083623037,464.44774081846447,-1.667554982986985e-13,unvalidated-engineering-priors,fixed independent scenario factor; no N cycle,,,,right_censored,BBCH89_full_ripeness,,,
5,ag_070_069,maize,2003,2003-06-15,2003-10-05,6547.676813191237,0.75,1.0320633236915455e-12,2.9842794901924208e-12,0.0,0.0,0.03354275471250856,951.02,60.0,0.0,18.37660821756989,126.91394588212069,102.63939092011503,0.0,119.01942519312945,0.0,459.62843807487235,60.0,0.0,247.92994501980561,7977.809435376403,15299.323955309257,464.44774081846447,648.8899325306534,3.70714570152586e-12,unvalidated-engineering-priors,fixed independent scenario factor; no N cycle,2003-08-13,2003-10-04,2003-10-04,physiological_maturity,R6_physiological_maturity,2003-06-16,seed_layer_available_water,50.0
5,ag_070_069,fallow,2003,2003-10-06,2003-10-11,6547.676813191237,0.75,9.947598300641403e-14,0.0,0.0,0.0,1.0,74.23,0.0,0.0,10.076645899999999,0.0,0.0,0.0,0.0,0.0,2.687122826665389,0.0,0.0,10.076645899999999,0.0,0.0,648.8899325306534,710.3561638039879,8.615330671091215e-14,unvalidated-engineering-priors,fixed independent scenario factor; no N cycle,,,,right_censored,BBCH89_full_ripeness,,,
5,ag_070_069,wheat,2004,2003-10-12,2004-06-10,6547.676813191237,0.75,1.0045297926808416e-12,3.865352482534945e-12,0.0,0.0,0.04267140235271844,198.79,225.0,0.0,242.34840158445516,253.98927180457983,42.006124842097975,0.0,0.14084466214612412,0.0,130.4100392250288,225.0,0.0,538.343798231133,9124.813023674129,20108.09693903505,710.3561638039879,465.25148168567415,5.8399951541332484e-12,unvalidated-engineering-priors,fixed independent scenario factor; no N cycle,2004-04-25,2004-06-02,2004-06-02,full_ripeness,BBCH89_full_ripeness,2003-10-12,seed_layer_available_water,50.0
5,ag_070_069,fallow,2004,2004-06-11,2004-06-14,6547.676813191237,0.75,7.227551890309769e-14,0.0,0.0,0.0,1.0,0.17,0.0,0.0,3.9856258363126447,0.0,0.0,0.0,0.0,0.0,0.0036541894603744763,0.0,0.0,3.9856258363126447,0.0,0.0,465.25148168567415,461.43220165990107,6.339373470609644e-14,unvalidated-engineering-priors,fixed independent scenario factor; no N cycle,,,,right_censored,BBCH89_full_ripeness,,,
5,ag_070_069,maize,2004,2004-06-15,2004-10-05,6547.676813191237,0.75,1.1750600492632657e-12,4.376943252282217e-12,0.0,0.0,0.03354275471250856,731.22,60.0,0.0,16.592612114790292,181.181704572016,110.74175427732568,0.0,75.07520262677528,0.0,222.05248615617822,60.0,0.0,308.516070964132,9670.746152985426,18435.879250632548,461.43220165990107,647.0084419128146,9.60675983208148e-13,unvalidated-engineering-priors,fixed independent scenario factor; no N cycle,2004-08-11,2004-09-29,2004-09-29,physiological_maturity,R6_physiological_maturity,2004-06-16,seed_layer_available_water,50.0
5,ag_070_069,fallow,2004,2004-10-06,2004-10-11,6547.676813191237,0.75,1.0969003483296547e-13,0.0,0.0,0.0,1.0,0.36,0.0,0.0,17.1935914,0.0,0.0,0.0,0.0,0.0,2.0068207372066578,0.0,0.0,17.1935914,0.0,0.0,647.0084419128146,628.168029775608,-4.4853010194856324e-14,unvalidated-engineering-priors,fixed independent scenario factor; no N cycle,,,,right_censored,BBCH89_full_ripeness,,,
5,ag_070_069,wheat,2005,2004-10-12,2005-06-10,6547.676813191237,0.75,9.547918011776346e-13,3.979039320256561e-12,0.0,0.0,0.04267140235271844,232.31,225.0,0.0,208.9959980225443,263.79446803662154,50.86383381423659,0.0,0.0,0.0,42.048307310661144,225.0,0.0,523.6542998734025,9453.955263127667,21037.725715559733,628.168029775608,519.7754225915445,-8.770761894538737e-14,unvalidated-engineering-priors,fixed independent scenario factor; no N cycle,2005-05-03,2005-06-10,2005-06-10,full_ripeness,BBCH89_full_ripeness,2004-10-12,seed_layer_available_water,50.0
5,ag_070_069,fallow,2005,2005-06-11,2005-06-14,6547.676813191237,0.75,9.325873406851315e-14,0.0,0.0,0.0,1.0,21.11,0.0,0.0,17.6159010379526,0.0,0.0,0.0,0.0,0.0,0.017948402779322227,0.0,0.0,17.6159010379526,0.0,0.0,519.7754225915445,523.2515731508126,-7.105427357601002e-14,unvalidated-engineering-priors,fixed independent scenario factor; no N cycle,,,,right_censored,BBCH89_full_ripeness,,,
5,ag_070_069,maize,2005,2005-06-15,2005-10-05,6547.676813191237,0.75,1.0462741784067475e-12,3.637978807091713e-12,0.0,0.0,0.03354275471250856,928.09,60.0,0.0,18.197399994561312,160.08650826374804,111.28888864034127,0.0,74.56112772968521,0.0,449.1318712726312,60.0,0.0,289.5727968986506,8869.647345974416,17263.785476618355,523.2515731508126,698.0757772498406,5.012323889275194e-12,unvalidated-engineering-priors,fixed independent scenario factor; no N cycle,2005-08-10,2005-09-29,2005-09-29,physiological_maturity,R6_physiological_maturity,2005-06-15,seed_layer_available_water,50.0
5,ag_070_069,fallow,2005,2005-10-06,2005-10-11,6547.676813191237,0.75,1.7763568394002505e-13,0.0,0.0,0.0,1.0,15.72,0.0,0.0,16.5221381,0.0,0.0,0.0,0.0,0.0,16.310250184362257,0.0,0.0,16.5221381,0.0,0.0,698.0757772498406,680.9633889654781,2.5224267119483557e-13,unvalidated-engineering-priors,fixed independent scenario factor; no N cycle,,,,right_censored,BBCH89_full_ripeness,,,
5,ag_070_069,wheat,2006,2005-10-12,2006-06-10,6547.676813191237,0.75,7.922551503725117e-13,4.177991286269389e-12,0.0,0.0,0.04267140235271844,149.66,225.0,0.0,186.31973819619554,264.81996973453926,40.68341296987183,0.0,0.0,0.0,89.09073179549819,225.0,0.0,491.8231209006067,9373.384265410454,20947.291693725718,680.9633889654781,474.7095362693717,1.5263346142546652e-12,unvalidated-engineering-priors,fixed independent scenario factor; no N cycle,2006-04-29,2006-06-07,2006-06-07,full_ripeness,BBCH89_full_ripeness,2005-10-12,seed_layer_available_water,50.0
5,ag_070_069,fallow,2006,2006-06-11,2006-06-14,6547.676813191237,0.75,6.838973831690964e-14,0.0,0.0,0.0,1.0,16.84,0.0,0.0,10.006842358741965,0.0,0.0,0.0,0.0,0.0,0.005035928905568162,0.0,0.0,10.006842358741965,0.0,0.0,474.7095362693717,481.5376579817242,-2.55351295663786e-15,unvalidated-engineering-priors,fixed independent scenario factor; no N cycle,,,,right_censored,BBCH89_full_ripeness,,,
5,ag_070_069,maize,2006,2006-06-15,2006-10-05,6547.676813191237,0.75,1.0444978215673473e-12,3.296918293926865e-12,0.0,0.0,0.03354275471250856,437.92,60.0,0.0,18.48151801507905,194.0561983768804,84.768265826738,0.0,11.147838127707239,0.0,80.9711685737697,60.0,0.0,297.30598221869747,8973.129570127237,17469.371655125837,481.5376579817242,590.0326690615491,7.013833958069426e-13,unvalidated-engineering-priors,fixed independent scenario factor; no N cycle,2006-08-09,2006-09-25,2006-09-25,physiological_maturity,R6_physiological_maturity,2006-06-15,seed_layer_available_water,50.0
5,ag_070_069,fallow,2006,2006-10-06,2006-10-11,6547.676813191237,0.75,8.193445921733655e-14,0.0,0.0,0.0,1.0,0.0,0.0,0.0,14.59075051868129,0.0,0.0,0.0,0.0,0.0,0.8661237383417909,0.0,0.0,14.59075051868129,0.0,0.0,590.0326690615491,574.5757948045263,-2.4935609133081016e-13,unvalidated-engineering-priors,fixed independent scenario factor; no N cycle,,,,right_censored,BBCH89_full_ripeness,,,
5,ag_070_069,wheat,2007,2006-10-12,2007-06-10,6547.676813191237,0.75,9.383605004131823e-13,4.831690603168681e-12,0.0,0.0,0.04267140235271844,197.06,225.0,0.0,194.37483999378358,277.52224109941216,41.70370025855776,0.0,0.0,0.0,16.890011192778918,225.0,0.0,513.6007813517535,9945.066558417522,21817.52683157016,574.5757948045263,466.14500225999507,-1.2344569810807116e-12,unvalidated-engineering-priors,fixed independent scenario factor; no N cycle,2007-04-28,2007-06-05,2007-06-05,full_ripeness,BBCH89_full_ripeness,2006-10-12,seed_layer_available_water,50.0
5,ag_070_069,fallow,2007,2007-06-11,2007-06-14,6547.676813191237,0.75,1.084687895058778e-13,0.0,0.0,0.0,1.0,0.32,0.0,0.0,2.7964091597900484,0.0,0.0,0.0,0.0,0.0,0.0029517297321141472,0.0,0.0,2.7964091597900484,0.0,0.0,466.14500225999507,463.6656413704726,3.051447983182243e-13,unvalidated-engineering-priors,fixed independent scenario factor; no N cycle,,,,right_censored,BBCH89_full_ripeness,,,
5,ag_070_069,maize,2007,2007-06-15,2007-10-05,6547.676813191237,0.75,8.233413950620161e-13,3.751665644813329e-12,0.0,0.0,0.03354275471250856,740.56,60.0,0.0,16.252836243919358,167.18409564024964,92.55748796061965,0.0,48.25931096952307,0.0,288.5651647802986,60.0,0.0,275.99441984478864,9081.904733146173,16985.597289643083,463.6656413704726,651.4067457758629,-5.572209360593661e-13,unvalidated-engineering-priors,fixed independent scenario factor; no N cycle,2007-08-13,2007-09-28,2007-09-28,physiological_maturity,R6_physiological_maturity,2007-06-16,seed_layer_available_water,50.0
5,ag_070_069,fallow,2007,2007-10-06,2007-10-11,6547.676813191237,0.75,1.2434497875801753e-13,0.0,0.0,0.0,1.0,7.199999999999999,0.0,0.0,13.7751358,0.0,0.0,0.0,0.0,0.0,2.228098849206825,0.0,0.0,13.7751358,0.0,0.0,651.4067457758629,642.6035111266559,1.318944953254686e-13,unvalidated-engineering-priors,fixed independent scenario factor; no N cycle,,,,right_censored,BBCH89_full_ripeness,,,
5,ag_070_069,wheat,2008,2007-10-12,2008-06-10,6547.676813191237,0.75,9.974243653232406e-13,4.860112312599085e-12,0.0,0.0,0.04267140235271844,258.36,225.0,0.0,212.82165400531161,229.138977077329,59.83412553864445,0.0,0.0,0.0,57.10092565975506,225.0,0.0,501.79475662128505,8774.928356820548,19620.51845666932,642.6035111266559,567.0678288456104,5.3960724777368796e-12,unvalidated-engineering-priors,fixed independent scenario factor; no N cycle,2008-04-29,2008-06-05,2008-06-05,full_ripeness,BBCH89_full_ripeness,2007-10-12,seed_layer_available_water,50.0
5,ag_070_069,fallow,2008,2008-06-11,2008-06-14,6547.676813191237,0.75,1.2745360322696797e-13,0.0,0.0,0.0,1.0,1.84,0.0,0.0,7.685554533699927,0.0,0.0,0.0,0.0,0.0,0.26846064675346676,0.0,0.0,7.685554533699927,0.0,0.0,567.0678288456104,560.9538136651573,-3.277378368693462e-13,unvalidated-engineering-priors,fixed independent scenario factor; no N cycle,,,,right_censored,BBCH89_full_ripeness,,,
5,ag_070_069,maize,2008,2008-06-15,2008-10-05,6547.676813191237,0.75,1.000088900582341e-12,3.907985046680551e-12,0.0,0.0,0.03354275471250856,549.45,60.0,0.0,16.54850442504594,184.30369625306287,79.55152002130966,0.0,10.859693841095496,0.0,240.56000091403794,60.0,0.0,280.40372069941844,9236.87132837655,17312.234383729483,560.9538136651573,638.580398210606,-5.074829445561591e-13,unvalidated-engineering-priors,fixed independent scenario factor; no N cycle,2008-08-12,2008-10-01,2008-10-01,physiological_maturity,R6_physiological_maturity,2008-06-16,seed_layer_available_water,50.0
5,ag_070_069,fallow,2008,2008-10-06,2008-10-11,6547.676813191237,0.75,1.6076029396572267e-13,0.0,0.0,0.0,1.0,0.48000000000000004,0.0,0.0,15.55,0.0,0.0,0.0,0.0,0.0,1.4677539277391725,0.0,0.0,15.55,0.0,0.0,638.580398210606,622.042644282867,-1.6786572132332367e-13,unvalidated-engineering-priors,fixed independent scenario factor; no N cycle,,,,right_censored,BBCH89_full_ripeness,,,
5,ag_070_069,wheat,2009,2008-10-12,2009-06-10,6547.676813191237,0.75,6.421529974431905e-13,4.490630090003833e-12,0.0,0.0,0.04267140235271844,193.07,225.0,0.0,223.4138590303162,246.7144655013829,39.15319698868464,0.0,0.0,0.0,36.63820959102834,225.0,0.0,509.2815215203837,8462.796512077564,18804.22699574542,622.042644282867,494.19291317145627,-1.3967715872809094e-12,unvalidated-engineering-priors,fixed independent scenario factor; no N cycle,2009-04-29,2009-06-06,2009-06-06,full_ripeness,BBCH89_full_ripeness,2008-10-12,seed_layer_available_water,50.0
5,ag_070_069,fallow,2009,2009-06-11,2009-06-14,6547.676813191237,0.75,1.0480505352461478e-13,0.0,0.0,0.0,1.0,1.47,0.0,0.0,8.405135029665656,0.0,0.0,0.0,0.0,0.0,0.006315182454694679,0.0,0.0,8.405135029665656,0.0,0.0,494.19291317145627,487.2514629593359,-6.8833827526759706e-15,unvalidated-engineering-priors,fixed independent scenario factor; no N cycle,,,,right_censored,BBCH89_full_ripeness,,,
5,ag_070_069,maize,2009,2009-06-15,2009-10-05,6547.676813191237,0.75,1.035171948160496e-12,4.931166586175095e-12,0.0,0.0,0.03354275471250856,457.16,60.0,0.0,16.12098107270529,221.3904416673966,89.99718388798965,0.0,0.0,0.0,95.21108442354092,60.0,0.0,327.50860662809157,9705.807130709796,19880.7387529298,487.2514629593359,581.6917719077015,1.9074741786084815e-12,unvalidated-engineering-priors,fixed independent scenario factor; no N cycle,2009-08-12,2009-09-30,2009-09-30,physiological_maturity,R6_physiological_maturity,2009-06-16,seed_layer_available_water,50.0
5,ag_070_069,fallow,2009,2009-10-06,2009-10-11,6547.676813191237,0.75,2.1227464230832993e-13,0.0,0.0,0.0,1.0,2.4899999999999998,0.0,0.0,15.455715965829755,0.0,0.0,0.0,0.0,0.0,0.3855790065131902,0.0,0.0,15.455715965829755,0.0,0.0,581.6917719077015,568.3404769353589,-2.8754776337791554e-13,unvalidated-engineering-priors,fixed independent scenario factor; no N cycle,,,,right_censored,BBCH89_full_ripeness,,,
5,ag_070_069,wheat,2010,2009-10-12,2010-06-10,6547.676813191237,0.75,9.325873406851315e-13,4.348521542851813e-12,0.0,0.0,0.04267140235271844,166.92,225.0,0.0,187.8292579563381,247.4000804207568,44.425272433432184,0.0,0.0,0.0,12.36843490305592,225.0,0.0,479.65461081052706,8075.380788375818,19611.6762165608,568.3404769353589,468.2374312217751,7.619460618002449e-13,unvalidated-engineering-priors,fixed independent scenario factor; no N cycle,2010-05-10,,2010-06-10,cut_before_maturity,BBCH89_full_ripeness,2009-10-12,seed_layer_available_water,50.0
5,ag_070_069,fallow,2010,2010-06-11,2010-06-14,6547.676813191237,0.75,9.037215420448774e-14,0.0,0.0,0.0,1.0,0.6900000000000001,0.0,0.0,7.5032022066035475,0.0,0.0,0.0,0.0,0.0,0.0031929672690594532,0.0,0.0,7.5032022066035475,0.0,0.0,468.2374312217751,461.4210360479026,-7.127631818093505e-14,unvalidated-engineering-priors,fixed independent scenario factor; no N cycle,,,,right_censored,BBCH89_full_ripeness,,,
5,ag_070_069,maize,2010,2010-06-15,2010-10-05,6547.676813191237,0.75,9.992007221626409e-13,3.183231456205249e-12,0.0,0.0,0.03354275471250856,676.23,60.0,0.0,17.921806157161676,197.65817104961505,90.09123939506173,0.0,50.73823576223309,0.0,216.95333185372866,60.0,0.0,305.67121660183847,8434.920247078193,17238.130460635715,461.4210360479026,624.2882518301102,-7.84106113371763e-12,unvalidated-engineering-priors,fixed independent scenario factor; no N cycle,2010-08-10,2010-09-25,2010-09-25,physiological_maturity,R6_physiological_maturity,2010-06-16,seed_layer_available_water,50.0
5,ag_070_069,fallow,2010,2010-10-06,2010-10-11,6547.676813191237,0.75,2.3714363805993344e-13,0.0,0.0,0.0,1.0,0.43000000000000005,0.0,0.0,16.99245248787551,0.0,0.0,0.0,0.0,0.0,2.1948644911789432,0.0,0.0,16.99245248787551,0.0,0.0,624.2882518301102,605.5309348510552,5.084821452783217e-13,unvalidated-engineering-priors,fixed independent scenario factor; no N cycle,,,,right_censored,BBCH89_full_ripeness,,,
5,ag_070_069,wheat,2011,2010-10-12,2011-06-10,6547.676813191237,0.75,4.778399897986674e-13,6.0538241086760536e-12,0.0,0.0,0.04267140235271844,149.60999999999999,225.0,0.0,167.06895997910948,278.0198244730419,25.262253298066987,0.0,0.0,0.0,29.89422437763323,225.0,0.0,470.3510377502184,8824.521249837395,19283.341082478786,605.5309348510552,479.89567272320215,1.45372602844418e-12,unvalidated-engineering-priors,fixed independent scenario factor; no N cycle,2011-05-03,,2011-06-10,cut_before_maturity,BBCH89_full_ripeness,2010-10-12,seed_layer_available_water,50.0
5,ag_070_069,fallow,2011,2011-06-11,2011-06-14,6547.676813191237,0.75,4.440892098500626e-14,0.0,0.0,0.0,1.0,0.01,0.0,0.0,3.1209231590038384,0.0,0.0,0.0,0.0,0.0,0.006402549623410754,0.0,0.0,3.1209231590038384,0.0,0.0,479.89567272320215,476.7783470145748,8.459899447643693e-14,unvalidated-engineering-priors,fixed independent scenario factor; no N cycle,,,,right_censored,BBCH89_full_ripeness,,,
5,ag_070_069,maize,2011,2011-06-15,2011-10-05,6547.676813191237,0.75,9.738876372011873e-13,2.6716406864579767e-12,0.0,0.0,0.03354275471250856,631.76,60.0,0.0,16.789778636263083,163.27003118106583,93.3689875332563,0.0,0.0,0.0,221.7880188431041,60.0,0.0,273.4287973505852,9274.659061146795,17031.6297126614,476.7783470145748,673.32153082089,-4.467481939940399e-12,unvalidated-engineering-priors,fixed independent scenario factor; no N cycle,2011-08-12,2011-10-04,2011-10-04,physiological_maturity,R6_physiological_maturity,2011-06-16,seed_layer_available_water,50.0
5,ag_070_069,fallow,2011,2011-10-06,2011-10-11,6547.676813191237,0.75,2.0339285811132868e-13,0.0,0.0,0.0,1.0,2.33,0.0,0.0,16.123080100000003,0.0,0.0,0.0,0.0,0.0,6.333412821538972,0.0,0.0,16.123080100000003,0.0,0.0,673.32153082089,653.1950378993511,-7.704947790898586e-14,unvalidated-engineering-priors,fixed independent scenario factor; no N cycle,,,,right_censored,BBCH89_full_ripeness,,,
5,ag_070_069,wheat,2012,2011-10-12,2012-06-10,6547.676813191237,0.75,9.938716516444401e-13,3.581135388230905e-12,0.0,0.0,0.04267140235271844,261.34,225.0,0.0,259.36159620269103,234.29701218495813,28.091732594688057,0.0,0.0,0.0,102.81675368908577,225.0,0.0,521.7503409823372,8479.96808369768,19079.656861710893,653.1950378993511,514.9679432279308,-2.7782220968219917e-12,unvalidated-engineering-priors,fixed independent scenario factor; no N cycle,2012-05-02,2012-06-06,2012-06-06,full_ripeness,BBCH89_full_ripeness,2011-10-12,seed_layer_available_water,50.0
5,ag_070_069,fallow,2012,2012-06-11,2012-06-14,6547.676813191237,0.75,1.6409096303959814e-13,0.0,0.0,0.0,1.0,0.37,0.0,0.0,6.082908317435376,0.0,0.0,0.0,0.0,0.0,0.0345697724768048,0.0,0.0,6.082908317435376,0.0,0.0,514.9679432279308,509.2204651380188,-1.5920598173124745e-13,unvalidated-engineering-priors,fixed independent scenario factor; no N cycle,,,,right_censored,BBCH89_full_ripeness,,,
5,ag_070_069,maize,2012,2012-06-15,2012-10-05,6547.676813191237,0.75,1.1590728377086634e-12,3.467448550509289e-12,0.0,0.0,0.03354275471250856,522.66,60.0,0.0,19.523460879646386,187.32263346886918,80.1478742125511,0.0,0.6687031621225579,0.0,185.7912147448423,60.0,0.0,286.99396856106665,9413.962555831464,17335.485681725637,509.2204651380188,618.4265786699912,-3.849864871341424e-12,unvalidated-engineering-priors,fixed independent scenario factor; no N cycle,2012-08-11,2012-09-30,2012-09-30,physiological_maturity,R6_physiological_maturity,2012-06-16,seed_layer_available_water,50.0
5,ag_070_069,fallow,2012,2012-10-06,2012-10-11,6547.676813191237,0.75,1.816324868286756e-13,0.0,0.0,0.0,1.0,0.22,0.0,0.0,16.65366906630987,0.0,0.0,0.0,0.0,0.0,1.5241421386782004,0.0,0.0,16.65366906630987,0.0,0.0,618.4265786699912,600.4687674650033,-2.495781359357352e-13,unvalidated-engineering-priors,fixed independent scenario factor; no N cycle,,,,right_censored,BBCH89_full_ripeness,,,
5,ag_070_069,wheat,2013,2012-10-12,2013-06-10,6547.676813191237,0.75,7.345235530920036e-13,7.077005648170598e-12,0.0,0.0,0.04267140235271844,290.51,225.0,0.0,231.02975890649483,243.43614771726166,43.67385055021505,0.0,0.0,0.0,28.46056436611461,225.0,0.0,518.1397571739715,8261.087836244966,19084.610199214352,600.4687674650033,569.3784459249212,-3.9429570719562435e-12,unvalidated-engineering-priors,fixed independent scenario factor; no N cycle,2013-05-06,,2013-06-10,cut_before_maturity,BBCH89_full_ripeness,2012-10-12,seed_layer_available_water,50.0
5,ag_070_069,fallow,2013,2013-06-11,2013-06-14,6547.676813191237,0.75,2.0383694732117874e-13,0.0,0.0,0.0,1.0,6.61,0.0,0.0,14.88851682012041,0.0,0.0,0.0,0.0,0.0,0.15133872258736947,0.0,0.0,14.88851682012041,0.0,0.0,569.3784459249212,560.9485903822134,-3.68594044175552e-14,unvalidated-engineering-priors,fixed independent scenario factor; no N cycle,,,,right_censored,BBCH89_full_ripeness,,,
5,ag_070_069,maize,2013,2013-06-15,2013-10-05,6547.676813191237,0.75,9.947598300641403e-13,3.637978807091713e-12,0.0,0.0,0.03354275471250856,466.72,60.0,0.0,19.901104791712427,220.4715746341166,74.98310650119907,0.0,9.643023931521121,0.0,208.16251002130807,60.0,0.0,315.3557859270281,8611.161492327054,17233.133839607704,560.9485903822134,554.5072705023564,-2.565170298396424e-13,unvalidated-engineering-priors,fixed independent scenario factor; no N cycle,2013-08-09,2013-09-22,2013-09-22,physiological_maturity,R6_physiological_maturity,2013-06-16,seed_layer_available_water,50.0
5,ag_070_069,fallow,2013,2013-10-06,2013-10-11,6547.676813191237,0.75,1.2256862191861728e-13,0.0,0.0,0.0,1.0,0.0,0.0,0.0,16.48111256280846,0.0,0.0,0.0,0.0,0.0,0.14110714721848533,0.0,0.0,16.48111256280846,0.0,0.0,554.5072705023564,537.8850507923296,-1.4566126083082054e-13,unvalidated-engineering-priors,fixed independent scenario factor; no N cycle,,,,right_censored,BBCH89_full_ripeness,,,
5,ag_070_069,wheat,2014,2013-10-12,2014-06-10,6547.676813191237,0.75,7.034373084024992e-13,4.149569576838985e-12,0.0,0.0,0.04267140235271844,188.25,225.0,0.0,227.26234737909465,219.802647942883,38.66283342097847,0.0,0.0,0.0,4.811463665094515,225.0,0.0,485.7278287429561,7978.0424489530915,17833.615758287167,537.8850507923296,460.59575838428344,-4.464040248564061e-12,unvalidated-engineering-priors,fixed independent scenario factor; no N cycle,2014-04-23,2014-06-02,2014-06-02,full_ripeness,BBCH89_full_ripeness,2013-10-13,seed_layer_available_water,50.0
5,ag_070_069,fallow,2014,2014-06-11,2014-06-14,6547.676813191237,0.75,8.526512829121202e-14,0.0,0.0,0.0,1.0,3.0999999999999996,0.0,0.0,7.894086155636609,0.0,0.0,0.0,0.0,0.0,0.0013652188356714776,0.0,0.0,7.894086155636609,0.0,0.0,460.59575838428344,455.8003070098111,6.88338275267597e-14,unvalidated-engineering-priors,fixed independent scenario factor; no N cycle,,,,right_censored,BBCH89_full_ripeness,,,
5,ag_070_069,maize,2014,2014-06-15,2014-10-05,6547.676813191237,0.75,6.155076448521868e-13,5.201172825763933e-12,0.0,0.0,0.03354275471250856,362.11,60.0,0.0,15.194485237827223,189.44467203351857,97.22506518954944,0.0,0.0,0.0,0.2467801708994343,60.0,0.0,301.86422246089523,9499.316669397755,18797.19559176317,455.8003070098111,575.799304378016,3.9307446186853667e-13,unvalidated-engineering-priors,fixed independent scenario factor; no N cycle,2014-08-12,2014-10-01,2014-10-01,physiological_maturity,R6_physiological_maturity,2014-06-16,seed_layer_available_water,50.0
5,ag_070_069,fallow,2014,2014-10-06,2014-10-11,6547.676813191237,0.75,1.3100631690576847e-13,0.0,0.0,0.0,1.0,0.0,0.0,0.0,17.2702049,0.0,0.0,0.0,0.0,0.0,0.04636168468144777,0.0,0.0,17.2702049,0.0,0.0,575.799304378016,558.4827377933346,-7.904787935331115e-14,unvalidated-engineering-priors,fixed independent scenario factor; no N cycle,,,,right_censored,BBCH89_full_ripeness,,,
5,ag_070_069,wheat,2015,2014-10-12,2015-06-10,6547.676813191237,0.75,8.317790900491673e-13,5.272227099339943e-12,0.0,0.0,0.04267140235271844,186.85,225.0,0.0,213.27135957790526,223.36721286580968,48.41121290952615,0.0,0.0,0.0,6.567501963357022,225.0,0.0,485.0497853532411,8160.782710266243,18388.53099744995,558.4827377933346,478.7154504767377,-1.1661227539150332e-12,unvalidated-engineering-priors,fixed independent scenario factor; no N cycle,2015-04-29,2015-06-05,2015-06-05,full_ripeness,BBCH89_full_ripeness,2014-10-12,seed_layer_available_water,50.0
5,ag_070_069,fallow,2015,2015-06-11,2015-06-14,6547.676813191237,0.75,6.838973831690964e-14,0.0,0.0,0.0,1.0,2.47,0.0,0.0,4.239143601643837,0.0,0.0,0.0,0.0,0.0,0.006628251965148273,0.0,0.0,4.239143601643837,0.0,0.0,478.7154504767377,476.93967862312877,-4.085620730620576e-14,unvalidated-engineering-priors,fixed independent scenario factor; no N cycle,,,,right_censored,BBCH89_full_ripeness,,,
5,ag_070_069,maize,2015,2015-06-15,2015-10-05,6547.676813191237,0.75,1.0258460747536446e-12,3.183231456205249e-12,0.0,0.0,0.03354275471250856,333.36,60.0,0.0,17.794982130373015,200.15198425836488,91.81236258825997,0.0,0.0,0.0,14.698474520170686,60.0,0.0,309.7593289769979,9578.804921322715,18256.223633987443,476.93967862312877,545.841875125956,4.226063943235658e-12,unvalidated-engineering-priors,fixed independent scenario factor; no N cycle,2015-08-12,2015-09-28,2015-09-28,physiological_maturity,R6_physiological_maturity,2015-06-16,seed_layer_available_water,50.0
5,ag_070_069,fallow,2015,2015-10-06,2015-10-11,6547.676813191237,0.75,2.4868995751603507e-13,0.0,0.0,0.0,1.0,7.91,0.0,0.0,16.962229095828008,0.0,0.0,0.0,0.0,0.0,0.15539660180530313,0.0,0.0,16.962229095828008,0.0,0.0,545.841875125956,536.6342494283222,5.182521078950231e-13,unvalidated-engineering-priors,fixed independent scenario factor; no N cycle,,,,right_censored,BBCH89_full_ripeness,,,
5,ag_070_069,wheat,2016,2015-10-12,2016-06-10,6547.676813191237,0.75,7.336353746723034e-13,3.836930773104541e-12,0.0,0.0,0.04267140235271844,193.42,225.0,0.0,226.22050849386363,234.9766800204347,38.300857598258524,0.0,0.0,0.0,6.232476289010579,225.0,0.0,499.4980461125569,8164.017112226847,18260.676143309076,536.6342494283222,449.3237270267555,-7.561729020721941e-13,unvalidated-engineering-priors,fixed independent scenario factor; no N cycle,2016-04-25,2016-06-02,2016-06-02,full_ripeness,BBCH89_full_ripeness,2015-10-12,seed_layer_available_water,50.0
5,ag_070_069,fallow,2016,2016-06-11,2016-06-14,6547.676813191237,0.75,8.459899447643693e-14,0.0,0.0,0.0,1.0,71.56,0.0,0.0,10.469521052931455,0.0,0.0,0.0,0.0,0.0,0.0016259834326769656,0.0,0.0,10.469521052931455,0.0,0.0,449.3237270267555,510.4125799903913,5.639932965095795e-14,unvalidated-engineering-priors,fixed independent scenario factor; no N cycle,,,,right_censored,BBCH89_full_ripeness,,,
5,ag_070_069,maize,2016,2016-06-15,2016-10-05,6547.676813191237,0.75,1.1146639167236572e-12,3.126388037344441e-12,0.0,0.0,0.03354275471250856,593.75,60.0,0.0,18.5667277132361,177.44099505327486,112.85225920670307,0.0,2.9489023372063574,0.0,258.65419673656265,60.0,0.0,308.859981973214,9215.697842531514,17483.238383895863,510.4125799903913,593.6994989434114,-3.1530333899354446e-12,unvalidated-engineering-priors,fixed independent scenario factor; no N cycle,2016-08-10,2016-09-23,2016-09-23,physiological_maturity,R6_physiological_maturity,2016-06-15,seed_layer_available_water,50.0
5,ag_070_069,fallow,2016,2016-10-06,2016-10-11,6547.676813191237,0.75,8.881784197001252e-14,0.0,0.0,0.0,1.0,0.53,0.0,0.0,14.877534803369315,0.0,0.0,0.0,0.0,0.0,0.46108514512355003,0.0,0.0,14.877534803369315,0.0,0.0,593.6994989434114,578.8908789949186,-3.3084646133829665e-14,unvalidated-engineering-priors,fixed independent scenario factor; no N cycle,,,,right_censored,BBCH89_full_ripeness,,,
5,ag_070_069,wheat,2017,2016-10-12,2017-06-10,6547.676813191237,0.75,8.686384944667225e-13,3.865352482534945e-12,0.0,0.0,0.04267140235271844,250.07,225.0,0.0,267.406393380794,215.22095993388922,47.54745756687917,0.0,0.0,0.0,27.796083176431168,225.0,0.0,530.1748108815624,8090.246350073673,18100.647463611775,578.8908789949186,495.98998493692443,6.4698246760031e-13,unvalidated-engineering-priors,fixed independent scenario factor; no N cycle,2017-04-26,2017-06-04,2017-06-04,full_ripeness,BBCH89_full_ripeness,2016-10-12,seed_layer_available_water,50.0
5,ag_070_069,fallow,2017,2017-06-11,2017-06-14,6547.676813191237,0.75,1.1168843627729075e-13,0.0,0.0,0.0,1.0,0.33,0.0,0.0,7.586553668942535,0.0,0.0,0.0,0.0,0.0,0.011073247979999286,0.0,0.0,7.586553668942535,0.0,0.0,495.98998493692443,488.7223580200017,1.8807178037150152e-13,unvalidated-engineering-priors,fixed independent scenario factor; no N cycle,,,,right_censored,BBCH89_full_ripeness,,,
5,ag_070_069,maize,2017,2017-06-15,2017-10-05,6547.676813191237,0.75,1.2660983372825285e-12,3.467448550509289e-12,0.0,0.0,0.03354275471250856,435.42,60.0,0.0,17.260781835970256,201.99024698148838,95.78746165187647,0.0,0.0,0.0,57.80564542450197,60.0,0.0,315.0384904693351,8932.810138155963,17821.361214550197,488.7223580200017,611.2982221261664,-1.7181811529098923e-12,unvalidated-engineering-priors,fixed independent scenario factor; no N cycle,2017-08-10,2017-09-23,2017-09-23,physiological_maturity,R6_physiological_maturity,2017-06-16,seed_layer_available_water,50.0
5,ag_070_069,fallow,2017,2017-10-06,2017-10-11,6547.676813191237,0.75,1.5576429035490946e-13,0.0,0.0,0.0,1.0,11.27,0.0,0.0,10.3904753,0.0,0.0,0.0,0.0,0.0,0.44487067552840304,0.0,0.0,10.3904753,0.0,0.0,611.2982221261664,611.732876150638,-8.693046282814976e-14,unvalidated-engineering-priors,fixed independent scenario factor; no N cycle,,,,right_censored,BBCH89_full_ripeness,,,
5,ag_070_069,wheat,2018,2017-10-12,2018-06-10,6547.676813191237,0.75,5.835332217429823e-13,3.637978807091713e-12,0.0,0.0,0.04267140235271844,212.51,225.0,0.0,202.43020594430763,236.5588532012851,47.22972935693999,0.0,0.0,0.0,30.098168982633997,225.0,0.0,486.21878850253273,7858.051230004242,17895.800457734662,611.732876150638,532.9259186654696,1.7553181130836037e-12,unvalidated-engineering-priors,fixed independent scenario factor; no N cycle,2018-04-25,2018-06-02,2018-06-02,full_ripeness,BBCH89_full_ripeness,2017-10-12,seed_layer_available_water,50.0
5,ag_070_069,fallow,2018,2018-06-11,2018-06-14,6547.676813191237,0.75,3.008704396734174e-13,0.0,0.0,0.0,1.0,2.38,0.0,0.0,9.075189439894517,0.0,0.0,0.0,0.0,0.0,0.05613400907941478,0.0,0.0,9.075189439894517,0.0,0.0,532.9259186654696,526.1745952164956,1.709743457922741e-14,unvalidated-engineering-priors,fixed independent scenario factor; no N cycle,,,,right_censored,BBCH89_full_ripeness,,,
5,ag_070_069,maize,2018,2018-06-15,2018-10-05,6547.676813191237,0.75,1.06403774680075e-12,5.6274984672199935e-12,0.0,0.0,0.03354275471250856,441.71999999999997,60.0,0.0,18.038710356869164,235.20299004012074,86.48561891411767,0.0,1.5841021412643492,0.0,74.61954670174912,60.0,0.0,339.7273193111076,9154.534487956535,17932.90169181039,526.1745952164956,611.9636270623774,-2.8686497621777107e-12,unvalidated-engineering-priors,fixed independent scenario factor; no N cycle,2018-08-10,2018-09-23,2018-09-23,physiological_maturity,R6_physiological_maturity,2018-06-16,seed_layer_available_water,50.0
5,ag_070_069,fallow,2018,2018-10-06,2018-10-11,6547.676813191237,0.75,1.6431300764452317e-13,0.0,0.0,0.0,1.0,2.34,0.0,0.0,17.929526093099355,0.0,0.0,0.0,0.0,0.0,0.9249974012117749,0.0,0.0,17.929526093099355,0.0,0.0,611.9636270623774,595.4491035680663,-2.3092638912203256e-14,unvalidated-engineering-priors,fixed independent scenario factor; no N cycle,,,,right_censored,BBCH89_full_ripeness,,,
5,ag_070_069,wheat,2019,2018-10-12,2019-06-10,6547.676813191237,0.75,9.565681580170349e-13,3.879563337250147e-12,0.0,0.0,0.04267140235271844,155.23,225.0,0.0,217.13856013138374,243.64125023937194,39.899396659802306,0.0,0.0,0.0,24.322509061979805,225.0,0.0,500.679207030558,8480.961108483294,18912.78028700878,595.4491035680663,450.67738747552914,-6.173950239940496e-13,unvalidated-engineering-priors,fixed independent scenario factor; no N cycle,2019-04-26,2019-06-06,2019-06-06,full_ripeness,BBCH89_full_ripeness,2018-10-12,seed_layer_available_water,50.0
5,ag_070_069,fallow,2019,2019-06-11,2019-06-14,6547.676813191237,0.75,7.860379014346108e-14,0.0,0.0,0.0,1.0,0.02,0.0,0.0,3.7884835532484233,0.0,0.0,0.0,0.0,0.0,0.0024854252792034072,0.0,0.0,3.7884835532484233,0.0,0.0,450.67738747552914,446.90641849700154,-2.1316282072803006e-14,unvalidated-engineering-priors,fixed independent scenario factor; no N cycle,,,,right_censored,BBCH89_full_ripeness,,,
5,ag_070_069,maize,2019,2019-06-15,2019-10-05,6547.676813191237,0.75,1.1044498648971057e-12,3.637978807091713e-12,0.0,0.0,0.03354275471250856,407.77,60.0,0.0,18.241902334734633,236.852869400374,80.63324396042513,0.0,39.669088373564676,0.0,15.046897939479589,60.0,0.0,335.72801569553377,9964.591277735937,19004.06286896584,446.90641849700154,524.2324164884235,1.5210055437364645e-14,unvalidated-engineering-priors,fixed independent scenario factor; no N cycle,2019-08-11,2019-09-26,2019-09-26,physiological_maturity,R6_physiological_maturity,2019-06-16,seed_layer_available_water,50.0
5,ag_070_069,fallow,2019,2019-10-06,2019-10-11,6547.676813191237,0.75,1.0480505352461478e-13,0.0,0.0,0.0,1.0,25.73,0.0,0.0,10.515069800000001,0.0,0.0,0.0,0.0,0.0,0.11609937223085273,0.0,0.0,10.515069800000001,0.0,0.0,524.2324164884235,539.3312473161926,2.7422508708241367e-14,unvalidated-engineering-priors,fixed independent scenario factor; no N cycle,,,,right_censored,BBCH89_full_ripeness,,,
5,ag_070_069,wheat,2020,2019-10-12,2020-06-10,6547.676813191237,0.75,9.632294961647858e-13,4.604316927725449e-12,0.0,0.0,0.04267140235271844,213.06,225.0,0.0,204.5785524379627,257.6530102089012,45.51561562435395,0.0,0.0,0.0,4.3350244407063165,225.0,0.0,507.7471782712179,8991.088507553217,20365.948275829112,539.3312473161926,465.30904460426575,2.6721957979702893e-12,unvalidated-engineering-priors,fixed independent scenario factor; no N cycle,2020-04-25,2020-06-03,2020-06-03,full_ripeness,BBCH89_full_ripeness,2019-10-12,seed_layer_available_water,50.0
5,ag_070_069,fallow,2020,2020-06-11,2020-06-14,6547.676813191237,0.75,8.526512829121202e-14,0.0,0.0,0.0,1.0,31.19,0.0,0.0,14.879554453527343,0.0,0.0,0.0,0.0,0.0,0.0023529567612635156,0.0,0.0,14.879554453527343,0.0,0.0,465.30904460426575,481.6171371939773,-1.8052226380405045e-13,unvalidated-engineering-priors,fixed independent scenario factor; no N cycle,,,,right_censored,BBCH89_full_ripeness,,,
5,ag_070_069,maize,2020,2020-06-15,2020-10-05,6547.676813191237,0.75,1.2860823517257813e-12,3.0127011996228248e-12,7.105427357601002e-15,0.0,0.03354275471250856,575.57,60.0,0.0,15.891349899533427,197.31575256500815,71.95154300137699,0.0,27.41590525309254,0.0,244.511287831528,60.0,0.0,285.15864546591854,8780.34399963166,16705.240190367836,481.6171371939773,560.1012986434347,3.5266234377218098e-12,unvalidated-engineering-priors,fixed independent scenario factor; no N cycle,2020-08-13,2020-09-26,2020-09-26,physiological_maturity,R6_physiological_maturity,2020-06-15,seed_layer_available_water,50.0
5,ag_070_069,fallow,2020,2020-10-06,2020-10-11,6547.676813191237,0.75,1.5276668818842154e-13,0.0,0.0,0.0,1.0,0.62,0.0,0.0,9.943868691655277,0.0,0.0,0.0,0.0,0.0,0.3940273035857172,0.0,0.0,9.943868691655277,0.0,0.0,560.1012986434347,550.3834026481935,1.836308882730009e-13,unvalidated-engineering-priors,fixed independent scenario factor; no N cycle,,,,right_censored,BBCH89_full_ripeness,,,
5,ag_070_069,wheat,2021,2020-10-12,2021-06-10,6547.676813191237,0.75,9.494627306594339e-13,3.552713678800501e-12,0.0,0.0,0.04267140235271844,259.35,225.0,0.0,224.84251824807797,237.0409072042031,47.970817619293236,0.0,0.0,0.0,14.101476885601187,225.0,0.0,509.85424307157433,8395.773712287926,19183.204367772203,550.3834026481935,510.77768269101756,4.288236432614667e-13,unvalidated-engineering-priors,fixed independent scenario factor; no N cycle,2021-04-24,2021-06-03,2021-06-03,full_ripeness,BBCH89_full_ripeness,2020-10-12,seed_layer_available_water,50.0
5,ag_070_069,fallow,2021,2021-06-11,2021-06-14,6547.676813191237,0.75,1.6364687382974807e-13,0.0,0.0,0.0,1.0,39.059999999999995,0.0,0.0,4.832428528659881,0.0,0.0,0.0,0.0,0.0,0.028618108716967974,0.0,0.0,4.832428528659881,0.0,0.0,510.77768269101756,544.9766360536411,-3.6348701826227625e-13,unvalidated-engineering-priors,fixed independent scenario factor; no N cycle,,,,right_censored,BBCH89_full_ripeness,,,
5,ag_070_069,maize,2021,2021-06-15,2021-10-05,6547.676813191237,0.75,9.316991622654314e-13,3.922195901395753e-12,0.0,0.0,0.03354275471250856,860.24,60.0,0.0,16.871713933683303,193.6628683474435,73.84402987575966,0.0,17.98017916610076,0.0,452.07469907180877,60.0,0.0,284.37861215688645,7867.420012672089,16207.320969730212,544.9766360536411,710.7831456588417,3.3924529851958596e-12,unvalidated-engineering-priors,fixed independent scenario factor; no N cycle,2021-08-10,2021-09-24,2021-09-24,physiological_maturity,R6_physiological_maturity,2021-06-15,seed_layer_available_water,50.0
5,ag_070_069,fallow,2021,2021-10-06,2021-10-11,6547.676813191237,0.75,1.6786572132332367e-13,0.0,0.0,0.0,1.0,19.45,0.0,0.0,11.1456164,0.0,0.0,0.0,0.0,0.0,19.38944798789114,0.0,0.0,11.1456164,0.0,0.0,710.7831456588417,699.6980812709503,2.6911806116913795e-13,unvalidated-engineering-priors,fixed independent scenario factor; no N cycle,,,,right_censored,BBCH89_full_ripeness,,,
5,ag_070_069,wheat,2022,2021-10-12,2022-06-10,6547.676813191237,0.75,8.846257060213247e-13,5.300648808770347e-12,0.0,0.0,0.04267140235271844,115.92999999999999,225.0,0.0,192.3345972828887,265.3857106280267,32.894718971316564,0.0,0.0,0.0,108.43792497129179,225.0,0.0,490.6150268822319,9252.728089895912,19822.32429043245,699.6980812709503,441.57512941742294,3.6310399131878057e-12,unvalidated-engineering-priors,fixed independent scenario factor; no N cycle,2022-04-24,2022-06-04,2022-06-04,full_ripeness,BBCH89_full_ripeness,2021-10-12,seed_layer_available_water,50.0
5,ag_070_069,fallow,2022,2022-06-11,2022-06-14,6547.676813191237,0.75,1.678102101720924e-13,0.0,0.0,0.0,1.0,20.53,0.0,0.0,11.387125904332326,0.0,0.0,0.0,0.0,0.0,0.0018866259512187573,0.0,0.0,11.387125904332326,0.0,0.0,441.57512941742294,450.71611688713955,-1.4982459717316488e-13,unvalidated-engineering-priors,fixed independent scenario factor; no N cycle,,,,right_censored,BBCH89_full_ripeness,,,
5,ag_070_069,maize,2022,2022-06-15,2022-10-05,6547.676813191237,0.75,1.085354028873553e-12,3.637978807091713e-12,0.0,0.0,0.03354275471250856,558.05,60.0,0.0,20.620226368419164,203.43507053556414,67.94209925050875,0.0,2.7835542217493945,0.0,161.8947720855896,60.0,0.0,291.99739615449204,8407.788608335823,16426.71818516475,450.71611688713955,612.090394425308,4.954925358902074e-13,unvalidated-engineering-priors,fixed independent scenario factor; no N cycle,2022-08-10,2022-09-25,2022-09-25,physiological_maturity,R6_physiological_maturity,2022-06-15,seed_layer_available_water,50.0
5,ag_070_069,fallow,2022,2022-10-06,2022-10-11,6547.676813191237,0.75,1.5076828674409626e-13,0.0,0.0,0.0,1.0,0.16999999999999998,0.0,0.0,15.986974800000006,0.0,0.0,0.0,0.0,0.0,0.20372742389599405,0.0,0.0,15.986974800000006,0.0,0.0,612.090394425308,596.069692201412,2.5091040356528538e-14,unvalidated-engineering-priors,fixed independent scenario factor; no N cycle,,,,right_censored,BBCH89_full_ripeness,,,
5,ag_070_069,wheat,2023,2022-10-12,2023-06-10,6547.676813191237,0.75,7.762679388179095e-13,2.3305801732931286e-12,0.0,0.0,0.04267140235271844,194.51,225.0,0.0,227.82975568598647,226.08898783618127,39.29828443050078,0.0,0.0,0.0,18.88906821865631,225.0,0.0,493.2170279526685,7468.477271567431,16867.265475932567,596.069692201412,503.4735960300875,-3.7386760354252146e-13,unvalidated-engineering-priors,fixed independent scenario factor; no N cycle,2023-04-20,2023-05-30,2023-05-30,full_ripeness,BBCH89_full_ripeness,2022-10-12,seed_layer_available_water,50.0
5,ag_070_069,fallow,2023,2023-06-11,2023-06-14,6547.676813191237,0.75,2.6423307986078726e-14,0.0,0.0,0.0,1.0,2.1399999999999997,0.0,0.0,4.480763278433807,0.0,0.0,0.0,0.0,0.0,0.017172939549175804,0.0,0.0,4.480763278433807,0.0,0.0,503.4735960300875,501.1156598121045,-1.609823385706477e-14,unvalidated-engineering-priors,fixed independent scenario factor; no N cycle,,,,right_censored,BBCH89_full_ripeness,,,
5,ag_070_069,maize,2023,2023-06-15,2023-10-05,6547.676813191237,0.75,1.4779288903810084e-12,3.183231456205249e-12,0.0,0.0,0.03354275471250856,423.08,60.0,0.0,17.803564889259405,232.85836107380058,78.4117452039197,0.0,0.0,0.0,26.163888231530816,60.0,0.0,329.0736711669797,9667.83218978223,18941.903930687404,501.1156598121045,628.9581004135947,-6.666334151361752e-13,unvalidated-engineering-priors,fixed independent scenario factor; no N cycle,2023-08-10,2023-09-22,2023-09-22,physiological_maturity,R6_physiological_maturity,2023-06-16,seed_layer_available_water,50.0
5,ag_070_069,fallow,2023,2023-10-06,2023-10-11,6547.676813191237,0.75,1.9406698470447736e-13,0.0,0.0,0.0,1.0,0.09000000000000001,0.0,0.0,15.4138928,0.0,0.0,0.0,0.0,0.0,1.0700695334344206,0.0,0.0,15.4138928,0.0,0.0,628.9581004135947,612.5641380801601,1.9451107391432743e-13,unvalidated-engineering-priors,fixed independent scenario factor; no N cycle,,,,right_censored,BBCH89_full_ripeness,,,
5,ag_070_069,wheat,2024,2023-10-12,2024-06-10,6547.676813191237,0.75,7.487344078072056e-13,5.6559201766503975e-12,0.0,0.0,0.04267140235271844,127.48,225.0,0.0,210.0113829206126,265.9447494627302,31.120326363569372,0.0,0.0,0.0,29.466654742680483,225.0,0.0,507.0764587469122,8698.975167109811,19450.662572731635,612.5641380801601,428.5010245905667,6.912248551316225e-13,unvalidated-engineering-priors,fixed independent scenario factor; no N cycle,2024-04-24,2024-06-02,2024-06-02,full_ripeness,BBCH89_full_ripeness,2023-10-12,seed_layer_available_water,50.0
5,ag_070_069,fallow,2024,2024-06-11,2024-06-14,6547.676813191237,0.75,5.684341886080802e-14,0.0,0.0,0.0,1.0,1.42,0.0,0.0,2.4496693180843563,0.0,0.0,0.0,0.0,0.0,0.0016250023102231208,0.0,0.0,2.4496693180843563,0.0,0.0,428.5010245905667,427.46973027017214,-2.7755575615628914e-16,unvalidated-engineering-priors,fixed independent scenario factor; no N cycle,,,,right_censored,BBCH89_full_ripeness,,,
5,ag_070_069,maize,2024,2024-06-15,2024-10-05,6547.676813191237,0.75,1.2385648062718246e-12,1.9042545318370685e-12,0.0,0.0,0.03354275471250856,790.09,60.0,0.0,19.35016762718181,198.7270276227353,90.58224401710437,0.0,29.153114998611695,0.0,303.1007450763934,60.0,0.0,308.65943926702147,8330.044638614414,16261.406286901203,427.46973027017214,636.6464309281447,7.987499550665689e-13,unvalidated-engineering-priors,fixed independent scenario factor; no N cycle,2024-08-10,2024-09-20,2024-09-20,physiological_maturity,R6_physiological_maturity,2024-06-16,seed_layer_available_water,50.0
5,ag_070_069,fallow,2024,2024-10-06,2024-10-11,6547.676813191237,0.75,1.6964207816272392e-13,0.0,0.0,0.0,1.0,1.8599999999999999,0.0,0.0,15.750118700000002,0.0,0.0,0.0,0.0,0.0,1.7271711858545435,0.0,0.0,15.750118700000002,0.0,0.0,636.6464309281447,621.0291410422899,2.580158309228864e-13,unvalidated-engineering-priors,fixed independent scenario factor; no N cycle,,,,right_censored,BBCH89_full_ripeness,,,
5,ag_070_069,wheat,2025,2024-10-12,2025-06-10,6547.676813191237,0.75,8.899547765395255e-13,4.575895218295045e-12,0.0,0.0,0.04267140235271844,177.66,225.0,0.0,197.72612859121466,289.9628506550234,41.80607370992471,0.0,0.0,0.0,54.321322081840506,225.0,0.0,529.4950529561628,9620.144140644501,21598.994053593284,621.0291410422899,439.87276600428083,5.771938482723726e-12,unvalidated-engineering-priors,fixed independent scenario factor; no N cycle,2025-04-24,2025-06-02,2025-06-02,full_ripeness,BBCH89_full_ripeness,2024-10-12,seed_layer_available_water,50.0
5,ag_070_069,fallow,2025,2025-06-11,2025-06-14,6547.676813191237,0.75,1.7036372312873027e-13,0.0,0.0,0.0,1.0,2.21,0.0,0.0,2.358009919334248,0.0,0.0,0.0,0.0,0.0,0.0018013739640224077,0.0,0.0,2.358009919334248,0.0,0.0,439.87276600428083,439.7229547109826,-4.2743586448068527e-14,unvalidated-engineering-priors,fixed independent scenario factor; no N cycle,,,,right_censored,BBCH89_full_ripeness,,,
5,ag_070_069,maize,2025,2025-06-15,2025-10-05,6547.676813191237,0.75,6.390443729742401e-13,3.751665644813329e-12,0.0,0.0,0.03354275471250856,477.28999999999996,60.0,0.0,18.684438614130176,185.43209555159783,93.90139294941292,0.0,0.0,0.0,0.47122248654896737,60.0,0.0,298.01792711514094,8144.983627279731,16998.819816046038,439.7229547109826,678.5238051092915,1.2098655410852643e-12,unvalidated-engineering-priors,fixed independent scenario factor; no N cycle,2025-08-10,2025-09-24,2025-09-24,physiological_maturity,R6_physiological_maturity,2025-06-16,seed_layer_available_water,50.0
5,ag_070_069,fallow,1996,1996-01-01,1996-10-11,6547.676813191237,1.0,2.531308496145357e-13,0.0,0.0,0.0,1.0,802.41,0.0,0.0,540.1960240025073,0.0,0.0,0.0,0.0,0.0,132.56850880676947,0.0,0.0,540.1960240025073,0.0,0.0,504.886884455749,634.5323516464703,1.917827008313111e-12,unvalidated-engineering-priors,fixed independent scenario factor; no N cycle,,,,right_censored,BBCH89_full_ripeness,,,
5,ag_070_069,wheat,1997,1996-10-12,1997-06-10,6547.676813191237,1.0,1.1581846592889633e-12,5.059064278611913e-12,0.0,0.0,0.04267140235271844,259.98,300.0,0.0,224.72647375870704,217.6013564630705,56.37138427548416,0.0,6.50051639824237,0.0,110.2754385344317,300.0,0.0,498.69921449726166,9082.000330892366,19850.10663076672,634.5323516464703,579.0371822165396,-5.078659714996547e-12,unvalidated-engineering-priors,fixed independent scenario factor; no N cycle,1997-05-02,1997-06-08,1997-06-08,full_ripeness,BBCH89_full_ripeness,1996-10-12,seed_layer_available_water,50.0
5,ag_070_069,fallow,1997,1997-06-11,1997-06-14,6547.676813191237,1.0,6.794564910705958e-14,0.0,0.0,0.0,1.0,5.609999999999999,0.0,0.0,7.794926014164169,0.0,0.0,0.0,0.0,0.0,0.920875657772888,0.0,0.0,7.794926014164169,0.0,0.0,579.0371822165396,575.9313805446027,-1.687538997430238e-13,unvalidated-engineering-priors,fixed independent scenario factor; no N cycle,,,,right_censored,BBCH89_full_ripeness,,,
5,ag_070_069,maize,1997,1997-06-15,1997-10-05,6547.676813191237,1.0,1.311395436687235e-12,5.4569682106375694e-12,0.0,0.0,0.03354275471250856,264.74,80.0,0.0,17.541680871069556,278.51679153944315,76.71011918527807,0.0,0.0,0.0,18.503814767588427,80.0,0.0,372.7685915957908,11771.327164379976,22456.303838484193,575.9313805446027,529.3989741812236,-9.869882688917642e-14,unvalidated-engineering-priors,fixed independent scenario factor; no N cycle,1997-08-10,1997-09-30,1997-09-30,physiological_maturity,R6_physiological_maturity,1997-06-16,seed_layer_available_water,50.0
5,ag_070_069,fallow,1997,1997-10-06,1997-10-11,6547.676813191237,1.0,1.412203687323199e-13,0.0,0.0,0.0,1.0,0.0,0.0,0.0,15.801315099127331,0.0,0.0,0.0,0.0,0.0,0.034102252098134854,0.0,0.0,15.801315099127331,0.0,0.0,529.3989741812236,513.563556829998,1.354472090042691e-13,unvalidated-engineering-priors,fixed independent scenario factor; no N cycle,,,,right_censored,BBCH89_full_ripeness,,,
5,ag_070_069,wheat,1998,1997-10-12,1998-06-10,6547.676813191237,1.0,1.0667022820598504e-12,3.737454790098127e-12,0.0,0.0,0.04267140235271844,365.12,300.0,0.0,247.49658771485807,175.69743936418556,68.14900984568972,0.0,26.2173603197648,0.0,47.36808227972997,300.0,0.0,491.3430369247333,7668.48615046447,17197.369263399487,513.563556829998,613.7550773057717,-1.7932877405257841e-12,unvalidated-engineering-priors,fixed independent scenario factor; no N cycle,1998-04-30,1998-06-08,1998-06-08,full_ripeness,BBCH89_full_ripeness,1997-10-12,seed_layer_available_water,50.0
5,ag_070_069,fallow,1998,1998-06-11,1998-06-14,6547.676813191237,1.0,1.305622276959184e-13,0.0,0.0,0.0,1.0,6.73,0.0,0.0,8.880803258697997,0.0,0.0,0.0,0.0,0.0,2.517484811505223,0.0,0.0,8.880803258697997,0.0,0.0,613.7550773057717,609.0867892355683,1.829647544582258e-13,unvalidated-engineering-priors,fixed independent scenario factor; no N cycle,,,,right_censored,BBCH89_full_ripeness,,,
5,ag_070_069,maize,1998,1998-06-15,1998-10-05,6547.676813191237,1.0,8.197886813832156e-13,2.3305801732931286e-12,0.0,0.0,0.03354275471250856,719.71,80.0,0.0,18.47288750531708,199.08093155345992,117.14436471822235,0.0,48.63262310162362,0.0,438.64502866492063,80.0,0.0,334.6981837769994,10325.734587159299,18884.294221714485,609.0867892355683,586.8209536920278,-3.146261029485231e-12,unvalidated-engineering-priors,fixed independent scenario factor; no N cycle,1998-08-10,1998-09-23,1998-09-23,physiological_maturity,R6_physiological_maturity,1998-06-16,seed_layer_available_water,50.0
5,ag_070_069,fallow,1998,1998-10-06,1998-10-11,6547.676813191237,1.0,1.851852005074761e-13,0.0,0.0,0.0,1.0,0.7899999999999999,0.0,0.0,12.839419722145198,0.0,0.0,0.0,0.0,0.0,0.7996328258920795,0.0,0.0,12.839419722145198,0.0,0.0,586.8209536920278,573.9719011439906,-7.138734048339757e-14,unvalidated-engineering-priors,fixed independent scenario factor; no N cycle,,,,right_censored,BBCH89_full_ripeness,,,
5,ag_070_069,wheat,1999,1998-10-12,1999-06-10,6547.676813191237,1.0,1.142197447734361e-12,4.348521542851813e-12,0.0,0.0,0.04267140235271844,214.94,300.0,0.0,209.23532795489703,220.88508357220553,50.80999410902794,0.0,0.0,0.0,23.551944032456124,300.0,0.0,480.9304056361305,8104.535759997877,18309.188043179616,573.9719011439906,584.4295514754003,3.671229986679236e-12,unvalidated-engineering-priors,fixed independent scenario factor; no N cycle,1999-04-26,1999-06-03,1999-06-03,full_ripeness,BBCH89_full_ripeness,1998-10-12,seed_layer_available_water,50.0
5,ag_070_069,fallow,1999,1999-06-11,1999-06-14,6547.676813191237,1.0,1.8784973576657649e-13,0.0,0.0,0.0,1.0,1.71,0.0,0.0,6.26671706523964,0.0,0.0,0.0,0.0,0.0,0.5200254096506497,0.0,0.0,6.26671706523964,0.0,0.0,584.4295514754003,579.3528090005102,-1.652011860642233e-13,unvalidated-engineering-priors,fixed independent scenario factor; no N cycle,,,,right_censored,BBCH89_full_ripeness,,,
5,ag_070_069,maize,1999,1999-06-15,1999-10-05,6547.676813191237,1.0,9.539036227579345e-13,4.661160346586257e-12,0.0,0.0,0.03354275471250856,442.14,80.0,0.0,15.989785519583652,234.8989263572847,77.8282940506322,0.0,8.204820393816721,0.0,125.80809791344156,80.0,0.0,328.7170059275005,10238.948596483988,20149.328140864105,579.3528090005102,638.7628847657488,2.5703883466121624e-12,unvalidated-engineering-priors,fixed independent scenario factor; no N cycle,1999-08-13,1999-09-28,1999-09-28,physiological_maturity,R6_physiological_maturity,1999-06-16,seed_layer_available_water,50.0
5,ag_070_069,fallow,1999,1999-10-06,1999-10-11,6547.676813191237,1.0,1.0036416142611415e-13,0.0,0.0,0.0,1.0,6.87,0.0,0.0,13.0982904,0.0,0.0,0.0,0.0,0.0,0.8373453707131602,0.0,0.0,13.0982904,0.0,0.0,638.7628847657488,631.6972489950355,1.9673151996357774e-13,unvalidated-engineering-priors,fixed independent scenario factor; no N cycle,,,,right_censored,BBCH89_full_ripeness,,,
5,ag_070_069,wheat,2000,1999-10-12,2000-06-10,6547.676813191237,1.0,7.522871214860061e-13,3.353761712787673e-12,0.0,0.0,0.04267140235271844,156.57999999999998,300.0,0.0,213.41486678423766,277.5266323805652,45.600409946342964,0.0,0.0,0.0,59.0536585113268,300.0,0.0,536.5419091111459,9247.7607250847,21335.998774780717,631.6972489950355,492.68168137255947,3.344768906288209e-12,unvalidated-engineering-priors,fixed independent scenario factor; no N cycle,2000-04-29,2000-06-08,2000-06-08,full_ripeness,BBCH89_full_ripeness,1999-10-12,seed_layer_available_water,50.0
5,ag_070_069,fallow,2000,2000-06-11,2000-06-14,6547.676813191237,1.0,7.893685705084863e-14,0.0,0.0,0.0,1.0,0.03,0.0,0.0,3.4392552379665857,0.0,0.0,0.0,0.0,0.0,0.011114068086840437,0.0,0.0,3.4392552379665857,0.0,0.0,492.68168137255947,489.26131206650604,4.6629367034256575e-15,unvalidated-engineering-priors,fixed independent scenario factor; no N cycle,,,,right_censored,BBCH89_full_ripeness,,,
5,ag_070_069,maize,2000,2000-06-15,2000-10-05,6547.676813191237,1.0,1.1386447340555605e-12,2.2737367544323206e-12,0.0,0.0,0.03354275471250856,510.78,80.0,0.0,19.63645467155497,194.0895777870135,76.76295284409007,0.0,0.0,0.0,150.03917914725528,80.0,0.0,290.48898530265853,8846.13946713281,16559.94072508374,489.26131206650604,639.5131476165924,-1.5942802633617248e-13,unvalidated-engineering-priors,fixed independent scenario factor; no N cycle,2000-08-10,2000-09-24,2000-09-24,physiological_maturity,R6_physiological_maturity,2000-06-16,seed_layer_available_water,50.0
5,ag_070_069,fallow,2000,2000-10-06,2000-10-11,6547.676813191237,1.0,1.5720758028692217e-13,0.0,0.0,0.0,1.0,51.42,0.0,0.0,10.1550187,0.0,0.0,0.0,0.0,0.0,1.598092241283301,0.0,0.0,10.1550187,0.0,0.0,639.5131476165924,679.1800366753091,-2.1760371282653068e-14,unvalidated-engineering-priors,fixed independent scenario factor; no N cycle,,,,right_censored,BBCH89_full_ripeness,,,
5,ag_070_069,wheat,2001,2000-10-12,2001-06-10,6547.676813191237,1.0,9.052758542793526e-13,4.433786671143025e-12,0.0,0.0,0.04267140235271844,197.95,300.0,0.0,274.8302516255697,247.05294779336492,26.362088302331642,0.0,0.09446071853757942,0.0,130.3970319659767,300.0,0.0,548.2452877212662,8492.365202168767,18918.378178698862,679.1800366753091,498.39325626952456,4.001354803051527e-12,unvalidated-engineering-priors,fixed independent scenario factor; no N cycle,2001-05-01,2001-06-09,2001-06-09,full_ripeness,BBCH89_full_ripeness,2000-10-12,seed_layer_available_water,50.0
5,ag_070_069,fallow,2001,2001-06-11,2001-06-14,6547.676813191237,1.0,8.260059303211165e-14,0.0,0.0,0.0,1.0,4.14,0.0,0.0,4.81163499045939,0.0,0.0,0.0,0.0,0.0,0.024755789101051317,0.0,0.0,4.81163499045939,0.0,0.0,498.39325626952456,497.69686548996424,-1.2367884494324244e-13,unvalidated-engineering-priors,fixed independent scenario factor; no N cycle,,,,right_censored,BBCH89_full_ripeness,,,
5,ag_070_069,maize,2001,2001-06-15,2001-10-05,6547.676813191237,1.0,1.0094147739891923e-12,5.4001247917767614e-12,0.0,0.0,0.03354275471250856,686.34,80.0,0.0,16.650833455442996,226.26209802594227,73.1172409593149,0.0,54.322790822304256,0.0,342.472500954243,80.0,0.0,316.03017244070014,10036.121997018045,19372.90181586177,497.69686548996424,551.2114012727129,3.877842491561978e-12,unvalidated-engineering-priors,fixed independent scenario factor; no N cycle,2001-08-11,2001-09-29,2001-09-29,physiological_maturity,R6_physiological_maturity,2001-06-16,seed_layer_available_water,50.0
5,ag_070_069,fallow,2001,2001-10-06,2001-10-11,6547.676813191237,1.0,1.5143442055887135e-13,0.0,0.0,0.0,1.0,4.9399999999999995,0.0,0.0,14.154911306445745,0.0,0.0,0.0,0.0,0.0,0.17164299712804085,0.0,0.0,14.154911306445745,0.0,0.0,551.2114012727129,541.8248469691391,1.5987211554602254e-14,unvalidated-engineering-priors,fixed independent scenario factor; no N cycle,,,,right_censored,BBCH89_full_ripeness,,,
5,ag_070_069,wheat,2002,2001-10-12,2002-06-10,6547.676813191237,1.0,1.0520473381347983e-12,3.524291969370097e-12,0.0,0.0,0.04267140235271844,230.46,300.0,0.0,207.94467358378103,217.85544213310106,36.73402004149023,0.0,0.0,0.0,15.233130957502159,300.0,0.0,462.5341357583723,7898.518226240353,17687.016032632026,541.8248469691391,594.5175802532661,-1.528221993396528e-12,unvalidated-engineering-priors,fixed independent scenario factor; no N cycle,2002-04-23,2002-06-06,2002-06-06,full_ripeness,BBCH89_full_ripeness,2001-10-12,seed_layer_available_water,50.0
5,ag_070_069,fallow,2002,2002-06-11,2002-06-14,6547.676813191237,1.0,2.9043434324194095e-13,0.0,0.0,0.0,1.0,5.2,0.0,0.0,15.838357300501187,0.0,0.0,0.0,0.0,0.0,0.876113207099964,0.0,0.0,15.838357300501187,0.0,0.0,594.5175802532661,583.0031097456646,4.227729277772596e-13,unvalidated-engineering-priors,fixed independent scenario factor; no N cycle,,,,right_censored,BBCH89_full_ripeness,,,
5,ag_070_069,maize,2002,2002-06-15,2002-10-05,6547.676813191237,1.0,9.734435479913373e-13,4.320099833421409e-12,0.0,0.0,0.03354275471250856,202.38,80.0,0.0,16.499158702086714,279.7325423271665,77.00337189258484,0.0,0.0,0.0,30.031192639906344,80.0,0.0,373.2350729218381,11286.508028006294,21889.099512820783,583.0031097456646,462.1168441839222,-2.0241586184965854e-12,unvalidated-engineering-priors,fixed independent scenario factor; no N cycle,2002-08-12,2002-09-28,2002-09-28,physiological_maturity,R6_physiological_maturity,2002-06-15,seed_layer_available_water,50.0
5,ag_070_069,fallow,2002,2002-10-06,2002-10-11,6547.676813191237,1.0,4.3076653355456074e-14,0.0,0.0,0.0,1.0,0.02,0.0,0.0,13.912000796394521,0.0,0.0,0.0,0.0,0.0,0.004945978327174635,0.0,0.0,13.912000796394521,0.0,0.0,462.1168441839222,448.2198974092006,-1.1057821325266559e-13,unvalidated-engineering-priors,fixed independent scenario factor; no N cycle,,,,right_censored,BBCH89_full_ripeness,,,
5,ag_070_069,wheat,2003,2002-10-12,2003-06-10,6547.676813191237,1.0,8.553158181712206e-13,3.751665644813329e-12,0.0,0.0,0.04267140235271844,275.42,300.0,0.0,237.60537507789007,185.79541179024756,48.393652062835805,0.0,0.0,0.0,2.6533394272923467,300.0,0.0,471.7944389309734,7667.6528032125825,16766.32033715439,448.2198974092006,549.1921190509357,-9.048317650695026e-13,unvalidated-engineering-priors,fixed independent scenario factor; no N cycle,2003-05-03,2003-06-10,2003-06-10,full_ripeness,BBCH89_full_ripeness,2002-10-13,seed_layer_available_water,50.0
5,ag_070_069,fallow,2003,2003-06-11,2003-06-14,6547.676813191237,1.0,7.238654120556021e-14,0.0,0.0,0.0,1.0,5.99,0.0,0.0,7.846840226450109,0.0,0.0,0.0,0.0,0.0,0.18771668930326169,0.0,0.0,7.846840226450109,0.0,0.0,549.1921190509357,547.1475621351824,-3.774758283725532e-14,unvalidated-engineering-priors,fixed independent scenario factor; no N cycle,,,,right_censored,BBCH89_full_ripeness,,,
5,ag_070_069,maize,2003,2003-06-15,2003-10-05,6547.676813191237,1.0,1.0960121699099545e-12,2.9842794901924208e-12,0.0,0.0,0.03354275471250856,951.02,80.0,0.0,18.380805544898056,126.91394588212069,102.63939092011503,0.0,140.06084598923113,0.0,541.2826412681604,80.0,0.0,247.9341423471338,7977.809435376403,15299.323955309257,547.1475621351824,648.8899325306534,3.693489958322971e-12,unvalidated-engineering-priors,fixed independent scenario factor; no N cycle,2003-08-13,2003-10-04,2003-10-04,physiological_maturity,R6_physiological_maturity,2003-06-16,seed_layer_available_water,50.0
5,ag_070_069,fallow,2003,2003-10-06,2003-10-11,6547.676813191237,1.0,9.947598300641403e-14,0.0,0.0,0.0,1.0,74.23,0.0,0.0,10.076645899999999,0.0,0.0,0.0,0.0,0.0,2.687122826665389,0.0,0.0,10.076645899999999,0.0,0.0,648.8899325306534,710.3561638039879,8.615330671091215e-14,unvalidated-engineering-priors,fixed independent scenario factor; no N cycle,,,,right_censored,BBCH89_full_ripeness,,,
5,ag_070_069,wheat,2004,2003-10-12,2004-06-10,6547.676813191237,1.0,9.277023593767808e-13,4.689582056016661e-12,0.0,0.0,0.04267140235271844,198.79,300.0,0.0,248.53224129260346,254.17014431012137,42.01971949258939,0.0,15.140844662146124,0.0,130.85124496611675,300.0,0.0,544.7221050953142,9133.123728251157,20128.47785029438,710.3561638039879,518.4319690804148,-3.9896974612929625e-12,unvalidated-engineering-priors,fixed independent scenario factor; no N cycle,2004-04-25,2004-06-02,2004-06-02,full_ripeness,BBCH89_full_ripeness,2003-10-12,seed_layer_available_water,50.0
5,ag_070_069,fallow,2004,2004-06-11,2004-06-14,6547.676813191237,1.0,1.170175067954915e-13,0.0,0.0,0.0,1.0,0.17,0.0,0.0,4.819312899078271,0.0,0.0,0.0,0.0,0.0,0.031014509824441847,0.0,0.0,4.819312899078271,0.0,0.0,518.4319690804148,513.751641671512,1.1324274851176597e-13,unvalidated-engineering-priors,fixed independent scenario factor; no N cycle,,,,right_censored,BBCH89_full_ripeness,,,
5,ag_070_069,maize,2004,2004-06-15,2004-10-05,6547.676813191237,1.0,1.262101534393878e-12,4.376943252282217e-12,0.0,0.0,0.03354275471250856,731.22,80.0,0.0,16.594342475336838,181.181704572016,110.74175427732568,0.0,77.4997686678515,0.0,291.9457542380627,80.0,0.0,308.5178013246785,9670.746152985426,18435.879250632548,513.751641671512,647.0083174409185,6.948885911128855e-13,unvalidated-engineering-priors,fixed independent scenario factor; no N cycle,2004-08-11,2004-09-29,2004-09-29,physiological_maturity,R6_physiological_maturity,2004-06-16,seed_layer_available_water,50.0
5,ag_070_069,fallow,2004,2004-10-06,2004-10-11,6547.676813191237,1.0,2.4913404672588513e-13,0.0,0.0,0.0,1.0,0.36,0.0,0.0,17.1935914,0.0,0.0,0.0,0.0,0.0,2.0068099639693857,0.0,0.0,17.1935914,0.0,0.0,647.0083174409185,628.1679160769496,-4.773959005888173e-13,unvalidated-engineering-priors,fixed independent scenario factor; no N cycle,,,,right_censored,BBCH89_full_ripeness,,,
5,ag_070_069,wheat,2005,2004-10-12,2005-06-10,6547.676813191237,1.0,7.44737604918555e-13,4.320099833421409e-12,0.0,0.0,0.04267140235271844,232.31,300.0,0.0,213.16554499487222,265.85356627583684,51.02009172359488,0.0,0.0,0.0,56.799556207398474,300.0,0.0,530.0392029943039,9541.605562799248,21248.616787753766,628.1679160769496,573.6391568752387,8.548439733857549e-12,unvalidated-engineering-priors,fixed independent scenario factor; no N cycle,2005-05-03,2005-06-10,2005-06-10,full_ripeness,BBCH89_full_ripeness,2004-10-12,seed_layer_available_water,50.0
5,ag_070_069,fallow,2005,2005-06-11,2005-06-14,6547.676813191237,1.0,3.481659405224491e-13,0.0,0.0,0.0,1.0,21.11,0.0,0.0,18.120121062026122,0.0,0.0,0.0,0.0,0.0,0.29327062909489143,0.0,0.0,18.120121062026122,0.0,0.0,573.6391568752387,576.335765184118,-3.9124259387790516e-13,unvalidated-engineering-priors,fixed independent scenario factor; no N cycle,,,,right_censored,BBCH89_full_ripeness,,,
5,ag_070_069,maize,2005,2005-06-15,2005-10-05,6547.676813191237,1.0,9.281464485866309e-13,3.637978807091713e-12,0.0,0.0,0.03354275471250856,928.09,80.0,0.0,18.197399994561312,160.08650826374804,111.28888864034127,0.0,80.0755446771881,0.0,516.7016463584333,80.0,0.0,289.5727968986506,8869.647345974416,17263.785476618355,576.335765184118,698.0757772498406,5.344058529033191e-12,unvalidated-engineering-priors,fixed independent scenario factor; no N cycle,2005-08-10,2005-09-29,2005-09-29,physiological_maturity,R6_physiological_maturity,2005-06-15,seed_layer_available_water,50.0
5,ag_070_069,fallow,2005,2005-10-06,2005-10-11,6547.676813191237,1.0,1.7763568394002505e-13,0.0,0.0,0.0,1.0,15.72,0.0,0.0,16.5221381,0.0,0.0,0.0,0.0,0.0,16.310250184362257,0.0,0.0,16.5221381,0.0,0.0,698.0757772498406,680.9633889654781,2.5224267119483557e-13,unvalidated-engineering-priors,fixed independent scenario factor; no N cycle,,,,right_censored,BBCH89_full_ripeness,,,
5,ag_070_069,wheat,2006,2005-10-12,2006-06-10,6547.676813191237,1.0,8.855138844410249e-13,4.774847184307873e-12,0.0,0.0,0.04267140235271844,149.66,300.0,0.0,189.53987378772058,265.13752417390504,40.71644279645169,0.0,0.0,0.0,105.30265104537153,300.0,0.0,495.3938407580773,9385.72176910632,20976.434852106016,680.9633889654781,529.9268971620215,7.693845560652335e-12,unvalidated-engineering-priors,fixed independent scenario factor; no N cycle,2006-04-29,2006-06-07,2006-06-07,full_ripeness,BBCH89_full_ripeness,2005-10-12,seed_layer_available_water,50.0
5,ag_070_069,fallow,2006,2006-06-11,2006-06-14,6547.676813191237,1.0,2.6645352591003757e-13,0.0,0.0,0.0,1.0,16.84,0.0,0.0,10.359637621874429,0.0,0.0,0.0,0.0,0.0,0.09489489054893044,0.0,0.0,10.359637621874429,0.0,0.0,529.9268971620215,536.3123646495978,3.3373304120232206e-13,unvalidated-engineering-priors,fixed independent scenario factor; no N cycle,,,,right_censored,BBCH89_full_ripeness,,,
5,ag_070_069,maize,2006,2006-06-15,2006-10-05,6547.676813191237,1.0,1.1866063687193673e-12,3.296918293926865e-12,0.0,0.0,0.03354275471250856,437.92,80.0,0.0,18.48151801507905,194.0561983768804,84.768265826738,0.0,16.402251344312987,0.0,150.45871634280027,80.0,0.0,297.30598221869747,8973.129570127237,17469.371655125837,536.3123646495978,590.065414743784,3.1377123121956174e-12,unvalidated-engineering-priors,fixed independent scenario factor; no N cycle,2006-08-09,2006-09-25,2006-09-25,physiological_maturity,R6_physiological_maturity,2006-06-15,seed_layer_available_water,50.0
5,ag_070_069,fallow,2006,2006-10-06,2006-10-11,6547.676813191237,1.0,1.1191048088221578e-13,0.0,0.0,0.0,1.0,0.0,0.0,0.0,14.5915036112305,0.0,0.0,0.0,0.0,0.0,0.8673274586413304,0.0,0.0,14.5915036112305,0.0,0.0,590.065414743784,574.6065836739123,-9.459100169806334e-14,unvalidated-engineering-priors,fixed independent scenario factor; no N cycle,,,,right_censored,BBCH89_full_ripeness,,,
5,ag_070_069,wheat,2007,2006-10-12,2007-06-10,6547.676813191237,1.0,1.2612133559741778e-12,3.055333763768431e-12,0.0,0.0,0.04267140235271844,197.06,300.0,0.0,203.09108371943083,281.0455167053985,42.250025225887605,0.0,0.6064822352844708,0.0,22.122146369776036,300.0,0.0,526.386625650717,10040.638507484575,22065.449620816085,574.6065836739123,522.5513294181346,2.0511370379949767e-13,unvalidated-engineering-priors,fixed independent scenario factor; no N cycle,2007-04-28,2007-06-05,2007-06-05,full_ripeness,BBCH89_full_ripeness,2006-10-12,seed_layer_available_water,50.0
5,ag_070_069,fallow,2007,2007-06-11,2007-06-14,6547.676813191237,1.0,1.0491607582707729e-13,0.0,0.0,0.0,1.0,0.32,0.0,0.0,3.3648763671873336,0.0,0.0,0.0,0.0,0.0,0.051318173897069386,0.0,0.0,3.3648763671873336,0.0,0.0,522.5513294181346,519.4551348770501,1.1141088052113446e-13,unvalidated-engineering-priors,fixed independent scenario factor; no N cycle,,,,right_censored,BBCH89_full_ripeness,,,
5,ag_070_069,maize,2007,2007-06-15,2007-10-05,6547.676813191237,1.0,8.37108160567368e-13,3.751665644813329e-12,0.0,0.0,0.03354275471250856,740.56,80.0,0.0,16.258313029263217,167.18409564024964,92.55748796061965,0.0,53.19151560168526,0.0,359.47451647226,80.0,0.0,275.9998966301325,9081.904733146173,16985.597289643083,519.4551348770501,651.3492061729738,-1.4797052472204086e-12,unvalidated-engineering-priors,fixed independent scenario factor; no N cycle,2007-08-13,2007-09-28,2007-09-28,physiological_maturity,R6_physiological_maturity,2007-06-16,seed_layer_available_water,50.0
5,ag_070_069,fallow,2007,2007-10-06,2007-10-11,6547.676813191237,1.0,2.0383694732117874e-13,0.0,0.0,0.0,1.0,7.199999999999999,0.0,0.0,13.7751358,0.0,0.0,0.0,0.0,0.0,2.2232648017360757,0.0,0.0,13.7751358,0.0,0.0,651.3492061729738,642.5508055712376,1.8696155734687636e-13,unvalidated-engineering-priors,fixed independent scenario factor; no N cycle,,,,right_censored,BBCH89_full_ripeness,,,
5,ag_070_069,wheat,2008,2007-10-12,2008-06-10,6547.676813191237,1.0,1.112887559884257e-12,4.376943252282217e-12,0.0,0.0,0.04267140235271844,258.36,300.0,0.0,214.1454854827298,229.98610417369923,59.982250778266845,0.0,0.0,0.0,97.04845802908012,300.0,0.0,504.1138404346959,8814.492975242123,19706.871752415595,642.5508055712376,599.7485071074618,-2.5818236437658015e-13,unvalidated-engineering-priors,fixed independent scenario factor; no N cycle,2008-04-29,2008-06-05,2008-06-05,full_ripeness,BBCH89_full_ripeness,2007-10-12,seed_layer_available_water,50.0
5,ag_070_069,fallow,2008,2008-06-11,2008-06-14,6547.676813191237,1.0,9.681144774731365e-14,0.0,0.0,0.0,1.0,1.84,0.0,0.0,8.006354741013718,0.0,0.0,0.0,0.0,0.0,1.282424194942537,0.0,0.0,8.006354741013718,0.0,0.0,599.7485071074618,592.2997281715056,-8.415490526658687e-14,unvalidated-engineering-priors,fixed independent scenario factor; no N cycle,,,,right_censored,BBCH89_full_ripeness,,,
5,ag_070_069,maize,2008,2008-06-15,2008-10-05,6547.676813191237,1.0,1.000088900582341e-12,3.907985046680551e-12,0.0,0.0,0.03354275471250856,549.45,80.0,0.0,16.551529942690593,184.30369625306287,79.55152002130966,0.0,10.878854688515172,0.0,291.88372905532435,80.0,0.0,280.4067462170631,9236.87132837655,17312.234383729483,592.2997281715056,638.580398210606,-2.901900941765234e-12,unvalidated-engineering-priors,fixed independent scenario factor; no N cycle,2008-08-12,2008-10-01,2008-10-01,physiological_maturity,R6_physiological_maturity,2008-06-16,seed_layer_available_water,50.0
5,ag_070_069,fallow,2008,2008-10-06,2008-10-11,6547.676813191237,1.0,1.6076029396572267e-13,0.0,0.0,0.0,1.0,0.48000000000000004,0.0,0.0,15.55,0.0,0.0,0.0,0.0,0.0,1.4677539277391725,0.0,0.0,15.55,0.0,0.0,638.580398210606,622.042644282867,-1.6786572132332367e-13,unvalidated-engineering-priors,fixed independent scenario factor; no N cycle,,,,right_censored,BBCH89_full_ripeness,,,
5,ag_070_069,wheat,2009,2008-10-12,2009-06-10,6547.676813191237,1.0,8.29558643999917e-13,5.4569682106375694e-12,0.0,0.0,0.04267140235271844,193.07,300.0,0.0,228.80963755678465,249.27211423771726,39.44196248839035,0.0,0.0,0.0,48.181417674903045,300.0,0.0,517.5237142828922,8577.158991114868,19048.813836122423,622.042644282867,549.4075123250748,-3.133993065063123e-12,unvalidated-engineering-priors,fixed independent scenario factor; no N cycle,2009-04-29,2009-06-06,2009-06-06,full_ripeness,BBCH89_full_ripeness,2008-10-12,seed_layer_available_water,50.0
5,ag_070_069,fallow,2009,2009-06-11,2009-06-14,6547.676813191237,1.0,1.7741363933510002e-13,0.0,0.0,0.0,1.0,1.47,0.0,0.0,9.108811873404239,0.0,0.0,0.0,0.0,0.0,0.10487821870603575,0.0,0.0,9.108811873404239,0.0,0.0,549.4075123250748,541.6638222329647,-1.609823385706477e-13,unvalidated-engineering-priors,fixed independent scenario factor; no N cycle,,,,right_censored,BBCH89_full_ripeness,,,
5,ag_070_069,maize,2009,2009-06-15,2009-10-05,6547.676813191237,1.0,1.0671463712697005e-12,4.931166586175095e-12,0.0,0.0,0.03354275471250856,457.16,80.0,0.0,16.12510305956607,221.3904416673966,89.99718388798965,0.0,0.0,0.0,169.61947330192268,80.0,0.0,327.5127286149523,9705.807130709796,19880.7387529298,541.6638222329647,581.6916203160869,2.7682300896003653e-12,unvalidated-engineering-priors,fixed independent scenario factor; no N cycle,2009-08-12,2009-09-30,2009-09-30,physiological_maturity,R6_physiological_maturity,2009-06-16,seed_layer_available_water,50.0
5,ag_070_069,fallow,2009,2009-10-06,2009-10-11,6547.676813191237,1.0,2.6423307986078726e-13,0.0,0.0,0.0,1.0,2.4899999999999998,0.0,0.0,15.45572243968417,0.0,0.0,0.0,0.0,0.0,0.3855739906924672,0.0,0.0,15.45572243968417,0.0,0.0,581.6916203160869,568.3403238857097,5.10924635932497e-13,unvalidated-engineering-priors,fixed independent scenario factor; no N cycle,,,,right_censored,BBCH89_full_ripeness,,,
5,ag_070_069,wheat,2010,2009-10-12,2010-06-10,6547.676813191237,1.0,8.393286066166183e-13,5.7980287238024175e-12,0.0,0.0,0.04267140235271844,166.92,300.0,0.0,197.4490525461032,249.87161209182997,44.70775987474696,0.0,0.0,0.0,16.319202986567458,300.0,0.0,492.02842451268015,8145.538938777522,19844.45439822537,568.3403238857097,526.9126963864633,-1.1277090372630028e-12,unvalidated-engineering-priors,fixed independent scenario factor; no N cycle,2010-05-10,,2010-06-10,cut_before_maturity,BBCH89_full_ripeness,2009-10-12,seed_layer_available_water,50.0
5,ag_070_069,fallow,2010,2010-06-11,2010-06-14,6547.676813191237,1.0,7.482903185973555e-14,0.0,0.0,0.0,1.0,0.6900000000000001,0.0,0.0,9.167599677643757,0.0,0.0,0.0,0.0,0.0,0.030749300995513866,0.0,0.0,9.167599677643757,0.0,0.0,526.9126963864633,518.4043474078239,6.106226635438361e-14,unvalidated-engineering-priors,fixed independent scenario factor; no N cycle,,,,right_censored,BBCH89_full_ripeness,,,
5,ag_070_069,maize,2010,2010-06-15,2010-10-05,6547.676813191237,1.0,9.992007221626409e-13,3.183231456205249e-12,0.0,0.0,0.03354275471250856,676.23,80.0,0.0,17.92770212496013,197.65817104961505,90.09123939506173,0.0,50.39374014014048,0.0,294.2752428679456,80.0,0.0,305.6771125696369,8434.920247078193,17238.130460635715,518.4043474078239,624.2882518301102,-9.302558723334187e-12,unvalidated-engineering-priors,fixed independent scenario factor; no N cycle,2010-08-10,2010-09-25,2010-09-25,physiological_maturity,R6_physiological_maturity,2010-06-16,seed_layer_available_water,50.0
5,ag_070_069,fallow,2010,2010-10-06,2010-10-11,6547.676813191237,1.0,2.3714363805993344e-13,0.0,0.0,0.0,1.0,0.43000000000000005,0.0,0.0,16.99245248787551,0.0,0.0,0.0,0.0,0.0,2.1948644911789432,0.0,0.0,16.99245248787551,0.0,0.0,624.2882518301102,605.5309348510552,5.084821452783217e-13,unvalidated-engineering-priors,fixed independent scenario factor; no N cycle,,,,right_censored,BBCH89_full_ripeness,,,
5,ag_070_069,wheat,2011,2010-10-12,2011-06-10,6547.676813191237,1.0,8.828493491819245e-13,6.0538241086760536e-12,0.0,0.0,0.04267140235271844,149.60999999999999,300.0,0.0,169.9925907156406,290.28680910036894,25.843344923277005,0.0,14.139545673473904,0.0,36.56458772931362,300.0,0.0,486.1227447392866,9342.952472951109,20415.798311704864,605.5309348510552,518.3140567089741,7.013389868859576e-12,unvalidated-engineering-priors,fixed independent scenario factor; no N cycle,2011-05-03,,2011-06-10,cut_before_maturity,BBCH89_full_ripeness,2010-10-12,seed_layer_available_water,50.0
5,ag_070_069,fallow,2011,2011-06-11,2011-06-14,6547.676813191237,1.0,1.1146639167236572e-13,0.0,0.0,0.0,1.0,0.01,0.0,0.0,3.5375944855757453,0.0,0.0,0.0,0.0,0.0,0.05304337621970843,0.0,0.0,3.5375944855757453,0.0,0.0,518.3140567089741,514.7334188471785,1.4066525722000733e-13,unvalidated-engineering-priors,fixed independent scenario factor; no N cycle,,,,right_censored,BBCH89_full_ripeness,,,
5,ag_070_069,maize,2011,2011-06-15,2011-10-05,6547.676813191237,1.0,1.1581846592889633e-12,2.6716406864579767e-12,0.0,0.0,0.03354275471250856,631.76,80.0,0.0,16.794916054715635,163.27003118106583,93.3689875332563,0.0,0.0,0.0,279.73151385635197,80.0,0.0,273.43393476903776,9274.659061146795,17031.6297126614,514.7334188471785,673.3279702217932,-4.3451353626267064e-12,unvalidated-engineering-priors,fixed independent scenario factor; no N cycle,2011-08-12,2011-10-04,2011-10-04,physiological_maturity,R6_physiological_maturity,2011-06-16,seed_layer_available_water,50.0
5,ag_070_069,fallow,2011,2011-10-06,2011-10-11,6547.676813191237,1.0,1.2168044349891716e-13,0.0,0.0,0.0,1.0,2.33,0.0,0.0,16.123080100000003,0.0,0.0,0.0,0.0,0.0,6.335239392604677,0.0,0.0,16.123080100000003,0.0,0.0,673.3279702217932,653.1996507291886,-1.467714838554457e-13,unvalidated-engineering-priors,fixed independent scenario factor; no N cycle,,,,right_censored,BBCH89_full_ripeness,,,
5,ag_070_069,wheat,2012,2011-10-12,2012-06-10,6547.676813191237,1.0,9.414691248821327e-13,4.575895218295045e-12,0.0,0.0,0.04267140235271844,261.34,300.0,0.0,263.19480621381075,234.29701221428627,28.091732597308514,0.0,0.0,0.0,127.43397521794088,300.0,0.0,525.5835510254055,8479.968085204391,19079.656864817873,653.1996507291886,561.5221244858377,4.531264252705114e-12,unvalidated-engineering-priors,fixed independent scenario factor; no N cycle,2012-05-02,2012-06-06,2012-06-06,full_ripeness,BBCH89_full_ripeness,2011-10-12,seed_layer_available_water,50.0
5,ag_070_069,fallow,2012,2012-06-11,2012-06-14,6547.676813191237,1.0,1.0835776720341528e-13,0.0,0.0,0.0,1.0,0.37,0.0,0.0,6.49065771092522,0.0,0.0,0.0,0.0,0.0,0.3487901306890803,0.0,0.0,6.49065771092522,0.0,0.0,561.5221244858377,555.0526766442233,9.692247004977617e-14,unvalidated-engineering-priors,fixed independent scenario factor; no N cycle,,,,right_censored,BBCH89_full_ripeness,,,
5,ag_070_069,maize,2012,2012-06-15,2012-10-05,6547.676813191237,1.0,1.2452261444195756e-12,3.467448550509289e-12,0.0,0.0,0.03354275471250856,522.66,80.0,0.0,19.527578816709696,187.32263346886918,80.1478742125511,0.0,9.154936321512151,0.0,243.13278999290284,80.0,0.0,286.99808649812996,9413.962555831464,17335.485681725637,555.0526766442233,618.4268638316848,-6.496414517442872e-12,unvalidated-engineering-priors,fixed independent scenario factor; no N cycle,2012-08-11,2012-09-30,2012-09-30,physiological_maturity,R6_physiological_maturity,2012-06-16,seed_layer_available_water,50.0
5,ag_070_069,fallow,2012,2012-10-06,2012-10-11,6547.676813191237,1.0,1.8829382497642655e-13,0.0,0.0,0.0,1.0,0.22,0.0,0.0,16.653678456745496,0.0,0.0,0.0,0.0,0.0,1.5241571591925387,0.0,0.0,16.653678456745496,0.0,0.0,618.4268638316848,600.4690282157466,2.438049762076844e-13,unvalidated-engineering-priors,fixed independent scenario factor; no N cycle,,,,right_censored,BBCH89_full_ripeness,,,
5,ag_070_069,wheat,2013,2012-10-12,2013-06-10,6547.676813191237,1.0,1.127986593019159e-12,5.115907697472721e-12,0.0,0.0,0.04267140235271844,290.51,300.0,0.0,235.0658847807821,248.80401773422034,44.18952922144693,0.0,5.187979985771186,0.0,40.788816093174006,300.0,0.0,528.0594317364494,8469.745576100644,19592.488411357364,600.4690282157466,616.9428004003521,-1.0585976539800868e-13,unvalidated-engineering-priors,fixed independent scenario factor; no N cycle,2013-05-06,,2013-06-10,cut_before_maturity,BBCH89_full_ripeness,2012-10-12,seed_layer_available_water,50.0
5,ag_070_069,fallow,2013,2013-06-11,2013-06-14,6547.676813191237,1.0,2.2737367544323206e-13,0.0,0.0,0.0,1.0,6.61,0.0,0.0,15.415150802385718,0.0,0.0,0.0,0.0,0.0,1.5721760585253457,0.0,0.0,15.415150802385718,0.0,0.0,616.9428004003521,606.5654735394412,-1.638689184346731e-13,unvalidated-engineering-priors,fixed independent scenario factor; no N cycle,,,,right_censored,BBCH89_full_ripeness,,,
5,ag_070_069,maize,2013,2013-06-15,2013-10-05,6547.676813191237,1.0,1.1386447340555605e-12,3.637978807091713e-12,0.0,0.0,0.03354275471250856,466.72,80.0,0.0,19.905009103549453,220.4715746341166,74.98310650119907,0.0,14.507050951432308,0.0,268.9108006012082,80.0,0.0,315.35969023886514,8611.161492327054,17233.133839607704,606.5654735394412,554.5079317479349,6.62914168003681e-13,unvalidated-engineering-priors,fixed independent scenario factor; no N cycle,2013-08-09,2013-09-22,2013-09-22,physiological_maturity,R6_physiological_maturity,2013-06-16,seed_layer_available_water,50.0
5,ag_070_069,fallow,2013,2013-10-06,2013-10-11,6547.676813191237,1.0,1.5498713423767185e-13,0.0,0.0,0.0,1.0,0.0,0.0,0.0,16.48114678275087,0.0,0.0,0.0,0.0,0.0,0.1411096057328529,0.0,0.0,16.48114678275087,0.0,0.0,554.5079317479349,537.8856753594513,-1.1501910535116622e-13,unvalidated-engineering-priors,fixed independent scenario factor; no N cycle,,,,right_censored,BBCH89_full_ripeness,,,
5,ag_070_069,wheat,2014,2013-10-12,2014-06-10,6547.676813191237,1.0,8.353318037279678e-13,3.637978807091713e-12,0.0,0.0,0.04267140235271844,188.25,300.0,0.0,239.0461392708188,223.01058194303587,39.04564646989653,0.0,0.0,0.0,6.217926841447295,300.0,0.0,501.1023676837512,8126.945386106082,18117.966413279028,537.8856753594513,518.8153808342466,6.1396998596308094e-12,unvalidated-engineering-priors,fixed independent scenario factor; no N cycle,2014-04-23,2014-06-02,2014-06-02,full_ripeness,BBCH89_full_ripeness,2013-10-13,seed_layer_available_water,50.0
5,ag_070_069,fallow,2014,2014-06-11,2014-06-14,6547.676813191237,1.0,1.6564527527407336e-13,0.0,0.0,0.0,1.0,3.0999999999999996,0.0,0.0,8.348201941594965,0.0,0.0,0.0,0.0,0.0,0.03187056101986202,0.0,0.0,8.348201941594965,0.0,0.0,518.8153808342466,513.5353083316317,1.580957587066223e-13,unvalidated-engineering-priors,fixed independent scenario factor; no N cycle,,,,right_censored,BBCH89_full_ripeness,,,
5,ag_070_069,maize,2014,2014-06-15,2014-10-05,6547.676813191237,1.0,1.2136958105202211e-12,3.652189661806915e-12,0.0,0.0,0.03354275471250856,362.11,80.0,0.0,15.044664364996692,194.4477141575864,97.72397237781509,0.0,0.0,0.0,8.960310776626912,80.0,0.0,307.2163509003982,9575.517271851393,18966.242750394704,513.5353083316317,639.4686466546059,6.89615031745916e-13,unvalidated-engineering-priors,fixed independent scenario factor; no N cycle,2014-08-12,2014-10-01,2014-10-01,physiological_maturity,R6_physiological_maturity,2014-06-16,seed_layer_available_water,50.0
5,ag_070_069,fallow,2014,2014-10-06,2014-10-11,6547.676813191237,1.0,2.0383694732117874e-13,0.0,0.0,0.0,1.0,0.0,0.0,0.0,17.2702049,0.0,0.0,0.0,0.0,0.0,1.170363211188035,0.0,0.0,17.2702049,0.0,0.0,639.4686466546059,621.0280785434178,6.52811138479592e-14,unvalidated-engineering-priors,fixed independent scenario factor; no N cycle,,,,right_censored,BBCH89_full_ripeness,,,
5,ag_070_069,wheat,2015,2014-10-12,2015-06-10,6547.676813191237,1.0,9.094947017729282e-13,3.353761712787673e-12,0.0,0.0,0.04267140235271844,186.85,300.0,0.0,220.60962318898046,230.63729712784237,49.41830176362442,0.0,6.308685863893253,0.0,52.08901418329018,300.0,0.0,500.6652220804473,8482.829608673828,19052.191285822126,621.0280785434178,548.8151564157948,-7.742806396038304e-12,unvalidated-engineering-priors,fixed independent scenario factor; no N cycle,2015-04-29,2015-06-05,2015-06-05,full_ripeness,BBCH89_full_ripeness,2014-10-12,seed_layer_available_water,50.0
5,ag_070_069,fallow,2015,2015-06-11,2015-06-14,6547.676813191237,1.0,1.582067810090848e-13,0.0,0.0,0.0,1.0,2.47,0.0,0.0,4.7166510654621625,0.0,0.0,0.0,0.0,0.0,0.26901917447528617,0.0,0.0,4.7166510654621625,0.0,0.0,548.8151564157948,546.2994861758577,-3.538280779480374e-13,unvalidated-engineering-priors,fixed independent scenario factor; no N cycle,,,,right_censored,BBCH89_full_ripeness,,,
5,ag_070_069,maize,2015,2015-06-15,2015-10-05,6547.676813191237,1.0,1.0302869668521453e-12,4.149569576838985e-12,0.0,0.0,0.03354275471250856,333.36,80.0,0.0,17.79805590197994,200.17520747736276,91.81537253379865,0.0,0.0,0.0,94.82164097837642,80.0,0.0,309.7886359131414,9579.343248803125,18257.024025945746,546.2994861758577,555.049209284336,3.91986443304404e-12,unvalidated-engineering-priors,fixed independent scenario factor; no N cycle,2015-08-12,2015-09-28,2015-09-28,physiological_maturity,R6_physiological_maturity,2015-06-16,seed_layer_available_water,50.0
5,ag_070_069,fallow,2015,2015-10-06,2015-10-11,6547.676813191237,1.0,2.3803181647963356e-13,0.0,0.0,0.0,1.0,7.91,0.0,0.0,17.05038893851263,0.0,0.0,0.0,0.0,0.0,0.2384235706973332,0.0,0.0,17.05038893851263,0.0,0.0,555.049209284336,545.6703967751259,1.318944953254686e-13,unvalidated-engineering-priors,fixed independent scenario factor; no N cycle,,,,right_censored,BBCH89_full_ripeness,,,
5,ag_070_069,wheat,2016,2015-10-12,2016-06-10,6547.676813191237,1.0,7.083222897108499e-13,3.296918293926865e-12,0.0,0.0,0.04267140235271844,193.42,300.0,0.0,239.18200915864188,238.5497901907281,38.581812759552456,0.0,0.0,0.0,11.272827563450083,300.0,0.0,516.3136121089224,8325.904732647241,18628.801461794297,545.6703967751259,511.5039571027568,-3.332278897261176e-12,unvalidated-engineering-priors,fixed independent scenario factor; no N cycle,2016-04-25,2016-06-02,2016-06-02,full_ripeness,BBCH89_full_ripeness,2015-10-12,seed_layer_available_water,50.0
5,ag_070_069,fallow,2016,2016-06-11,2016-06-14,6547.676813191237,1.0,7.460698725481052e-14,0.0,0.0,0.0,1.0,71.56,0.0,0.0,10.826242188502562,0.0,0.0,0.0,0.0,0.0,0.025418378926992363,0.0,0.0,10.826242188502562,0.0,0.0,511.5039571027568,572.2122965353271,7.971401316808624e-14,unvalidated-engineering-priors,fixed independent scenario factor; no N cycle,,,,right_censored,BBCH89_full_ripeness,,,
5,ag_070_069,maize,2016,2016-06-15,2016-10-05,6547.676813191237,1.0,1.1146639167236572e-12,3.126388037344441e-12,0.0,0.0,0.03354275471250856,593.75,80.0,0.0,18.5667277132361,177.44099505327486,112.85225920670307,0.0,6.818815682310277,0.0,336.58399993639483,80.0,0.0,308.859981973214,9215.697842531514,17483.238383895863,572.2122965353271,593.6994989434114,-3.435585149702547e-12,unvalidated-engineering-priors,fixed independent scenario factor; no N cycle,2016-08-10,2016-09-23,2016-09-23,physiological_maturity,R6_physiological_maturity,2016-06-15,seed_layer_available_water,50.0
5,ag_070_069,fallow,2016,2016-10-06,2016-10-11,6547.676813191237,1.0,8.881784197001252e-14,0.0,0.0,0.0,1.0,0.53,0.0,0.0,14.877534803369315,0.0,0.0,0.0,0.0,0.0,0.46108514512355003,0.0,0.0,14.877534803369315,0.0,0.0,593.6994989434114,578.8908789949186,-3.3084646133829665e-14,unvalidated-engineering-priors,fixed independent scenario factor; no N cycle,,,,right_censored,BBCH89_full_ripeness,,,
5,ag_070_069,wheat,2017,2016-10-12,2017-06-10,6547.676813191237,1.0,1.149302875091962e-12,4.064304448547773e-12,0.0,0.0,0.04267140235271844,250.07,300.0,0.0,273.7254191961228,215.22095998015877,47.54745757380448,0.0,3.1055168748104176,0.0,41.61819309834604,300.0,0.0,536.4938367500861,8090.246352324133,18100.647467511117,578.8908789949186,547.7433322716786,-2.508104834930691e-12,unvalidated-engineering-priors,fixed independent scenario factor; no N cycle,2017-04-26,2017-06-04,2017-06-04,full_ripeness,BBCH89_full_ripeness,2016-10-12,seed_layer_available_water,50.0
5,ag_070_069,fallow,2017,2017-06-11,2017-06-14,6547.676813191237,1.0,1.3011813848606835e-13,0.0,0.0,0.0,1.0,0.33,0.0,0.0,8.003493218798944,0.0,0.0,0.0,0.0,0.0,0.1485392095800564,0.0,0.0,8.003493218798944,0.0,0.0,547.7433322716786,539.9212998432998,-2.531308496145357e-13,unvalidated-engineering-priors,fixed independent scenario factor; no N cycle,,,,right_censored,BBCH89_full_ripeness,,,
5,ag_070_069,maize,2017,2017-06-15,2017-10-05,6547.676813191237,1.0,1.333155807969888e-12,3.467448550509289e-12,0.0,0.0,0.03354275471250856,435.42,80.0,0.0,17.2647412514886,201.99024698148838,95.78746165187647,0.0,0.0,0.0,128.79889929743436,80.0,0.0,315.04244988485345,8932.810138155963,17821.361214550197,539.9212998432998,611.4999506610153,-3.2809310823722626e-12,unvalidated-engineering-priors,fixed independent scenario factor; no N cycle,2017-08-10,2017-09-23,2017-09-23,physiological_maturity,R6_physiological_maturity,2017-06-16,seed_layer_available_water,50.0
5,ag_070_069,fallow,2017,2017-10-06,2017-10-11,6547.676813191237,1.0,1.2789769243681803e-13,0.0,0.0,0.0,1.0,11.27,0.0,0.0,10.3904753,0.0,0.0,0.0,0.0,0.0,0.44908995185696987,0.0,0.0,10.3904753,0.0,0.0,611.4999506610153,611.9303854091579,4.277689313880728e-13,unvalidated-engineering-priors,fixed independent scenario factor; no N cycle,,,,right_censored,BBCH89_full_ripeness,,,
5,ag_070_069,wheat,2018,2017-10-12,2018-06-10,6547.676813191237,1.0,8.695266728864226e-13,4.604316927725449e-12,0.0,0.0,0.04267140235271844,212.51,300.0,0.0,203.01569878226007,241.48442816020645,47.92677500776282,0.0,0.0,0.0,45.70705250444285,300.0,0.0,492.42690195022936,8063.988615165445,18377.46565272562,611.9303854091579,586.3064309544906,-4.856892665827672e-12,unvalidated-engineering-priors,fixed independent scenario factor; no N cycle,2018-04-25,2018-06-02,2018-06-02,full_ripeness,BBCH89_full_ripeness,2017-10-12,seed_layer_available_water,50.0
5,ag_070_069,fallow,2018,2018-06-11,2018-06-14,6547.676813191237,1.0,9.903189379656396e-14,0.0,0.0,0.0,1.0,2.38,0.0,0.0,9.465485756198136,0.0,0.0,0.0,0.0,0.0,0.8076745574107776,0.0,0.0,9.465485756198136,0.0,0.0,586.3064309544906,578.4132706408817,-5.46229728115577e-14,unvalidated-engineering-priors,fixed independent scenario factor; no N cycle,,,,right_censored,BBCH89_full_ripeness,,,
5,ag_070_069,maize,2018,2018-06-15,2018-10-05,6547.676813191237,1.0,1.3109513474773848e-12,4.320099833421409e-12,0.0,0.0,0.03354275471250856,441.71999999999997,80.0,0.0,18.03569959658491,235.42133239042207,86.50747028671829,0.0,1.1712563060188792,0.0,146.96523906984723,80.0,0.0,339.96450227372526,9157.019525834789,17939.105643700314,578.4132706408817,612.032272991293,-2.6608160119678814e-12,unvalidated-engineering-priors,fixed independent scenario factor; no N cycle,2018-08-10,2018-09-23,2018-09-23,physiological_maturity,R6_physiological_maturity,2018-06-16,seed_layer_available_water,50.0
5,ag_070_069,fallow,2018,2018-10-06,2018-10-11,6547.676813191237,1.0,1.1368683772161603e-13,0.0,0.0,0.0,1.0,2.34,0.0,0.0,17.930336895655998,0.0,0.0,0.0,0.0,0.0,0.927770186434461,0.0,0.0,17.930336895655998,0.0,0.0,612.032272991293,595.5141659092025,6.439293542825908e-14,unvalidated-engineering-priors,fixed independent scenario factor; no N cycle,,,,right_censored,BBCH89_full_ripeness,,,
5,ag_070_069,wheat,2019,2018-10-12,2019-06-10,6547.676813191237,1.0,1.0977885267493548e-12,3.382183422218077e-12,0.0,0.0,0.04267140235271844,155.23,300.0,0.0,228.68028301143798,245.14857510931267,40.05615338096199,0.0,0.0,0.0,31.20128928238599,300.0,0.0,513.8850115017126,8547.006549958092,19039.751839549834,595.5141659092025,505.65786512510624,-2.3874235921539366e-12,unvalidated-engineering-priors,fixed independent scenario factor; no N cycle,2019-04-26,2019-06-06,2019-06-06,full_ripeness,BBCH89_full_ripeness,2018-10-12,seed_layer_available_water,50.0
5,ag_070_069,fallow,2019,2019-06-11,2019-06-14,6547.676813191237,1.0,7.327471962526033e-14,0.0,0.0,0.0,1.0,0.02,0.0,0.0,4.365450582468933,0.0,0.0,0.0,0.0,0.0,0.02322086475686672,0.0,0.0,4.365450582468933,0.0,0.0,505.65786512510624,501.2891936778805,-7.682743330406083e-14,unvalidated-engineering-priors,fixed independent scenario factor; no N cycle,,,,right_censored,BBCH89_full_ripeness,,,
5,ag_070_069,maize,2019,2019-06-15,2019-10-05,6547.676813191237,1.0,9.78772618509538e-13,3.637978807091713e-12,1.4210854715202004e-14,0.0,0.03354275471250856,407.77,80.0,0.0,18.024438953875755,242.5564475824804,81.22826563583362,0.0,39.421668480696816,0.0,78.09161120912579,80.0,0.0,341.8091521721898,10052.073114163966,19197.057836278418,501.2891936778805,529.7367618158664,1.7402745910999329e-12,unvalidated-engineering-priors,fixed independent scenario factor; no N cycle,2019-08-11,2019-09-26,2019-09-26,physiological_maturity,R6_physiological_maturity,2019-06-16,seed_layer_available_water,50.0
5,ag_070_069,fallow,2019,2019-10-06,2019-10-11,6547.676813191237,1.0,1.1546319456101628e-13,0.0,0.0,0.0,1.0,25.73,0.0,0.0,10.515069800000001,0.0,0.0,0.0,0.0,0.0,0.15443292315277993,0.0,0.0,10.515069800000001,0.0,0.0,529.7367618158664,544.7972590927136,4.8960835385969403e-14,unvalidated-engineering-priors,fixed independent scenario factor; no N cycle,,,,right_censored,BBCH89_full_ripeness,,,
5,ag_070_069,wheat,2020,2019-10-12,2020-06-10,6547.676813191237,1.0,9.494627306594339e-13,4.888534022029489e-12,0.0,0.0,0.04267140235271844,213.06,300.0,0.0,211.5204157250397,261.25645548982857,45.872145882431944,0.0,1.6070519778193297,0.0,8.391300023903108,300.0,0.0,518.6490170973002,9140.670539965819,20687.46943125972,544.7972590927136,529.209889993699,-8.03257460546547e-12,unvalidated-engineering-priors,fixed independent scenario factor; no N cycle,2020-04-25,2020-06-03,2020-06-03,full_ripeness,BBCH89_full_ripeness,2019-10-12,seed_layer_available_water,50.0
5,ag_070_069,fallow,2020,2020-06-11,2020-06-14,6547.676813191237,1.0,3.339550858072471e-13,0.0,0.0,0.0,1.0,31.19,0.0,0.0,15.02065286038559,0.0,0.0,0.0,0.0,0.0,0.08668669698190534,0.0,0.0,15.02065286038559,0.0,0.0,529.209889993699,545.2925504363319,-4.0967229608668276e-13,unvalidated-engineering-priors,fixed independent scenario factor; no N cycle,,,,right_censored,BBCH89_full_ripeness,,,
5,ag_070_069,maize,2020,2020-06-15,2020-10-05,6547.676813191237,1.0,1.4024337247064977e-12,3.0127011996228248e-12,7.105427357601002e-15,0.0,0.03354275471250856,575.57,80.0,0.0,15.891349899533427,197.31575256500815,71.95154300137699,0.0,31.096049945381438,0.0,324.50655638159316,80.0,0.0,285.15864546591854,8780.34399963166,16705.240190367836,545.2925504363319,560.1012986434347,4.102163053687491e-12,unvalidated-engineering-priors,fixed independent scenario factor; no N cycle,2020-08-13,2020-09-26,2020-09-26,physiological_maturity,R6_physiological_maturity,2020-06-15,seed_layer_available_water,50.0
5,ag_070_069,fallow,2020,2020-10-06,2020-10-11,6547.676813191237,1.0,1.5276668818842154e-13,0.0,0.0,0.0,1.0,0.62,0.0,0.0,9.943868691655277,0.0,0.0,0.0,0.0,0.0,0.3940273035857172,0.0,0.0,9.943868691655277,0.0,0.0,560.1012986434347,550.3834026481935,1.836308882730009e-13,unvalidated-engineering-priors,fixed independent scenario factor; no N cycle,,,,right_censored,BBCH89_full_ripeness,,,
5,ag_070_069,wheat,2021,2020-10-12,2021-06-10,6547.676813191237,1.0,8.713030297258229e-13,4.632738637155853e-12,0.0,0.0,0.04267140235271844,259.35,300.0,0.0,233.4401275428727,237.04090745399364,47.97081766503554,0.0,5.720684202348549,0.0,23.582724479354617,300.0,0.0,518.4518526619019,8395.77371884558,19183.20438589473,550.3834026481935,561.9781413045893,-7.876477248203173e-13,unvalidated-engineering-priors,fixed independent scenario factor; no N cycle,2021-04-24,2021-06-03,2021-06-03,full_ripeness,BBCH89_full_ripeness,2020-10-12,seed_layer_available_water,50.0
5,ag_070_069,fallow,2021,2021-06-11,2021-06-14,6547.676813191237,1.0,1.8884893648873913e-13,0.0,0.0,0.0,1.0,39.059999999999995,0.0,0.0,5.115451006894277,0.0,0.0,0.0,0.0,0.0,0.38567257172664526,0.0,0.0,5.115451006894277,0.0,0.0,561.9781413045893,595.5370177259682,1.2001510896197942e-13,unvalidated-engineering-priors,fixed independent scenario factor; no N cycle,,,,right_censored,BBCH89_full_ripeness,,,
5,ag_070_069,maize,2021,2021-06-15,2021-10-05,6547.676813191237,1.0,1.1004530620084552e-12,3.922195901395753e-12,0.0,0.0,0.03354275471250856,860.24,80.0,0.0,16.871713933683303,193.6628683474435,73.84402987575966,0.0,19.14710139933147,0.0,521.4681585109041,80.0,0.0,284.37861215688645,7867.420012672089,16207.320969730212,595.5370177259682,710.7831456588417,4.448663659673002e-12,unvalidated-engineering-priors,fixed independent scenario factor; no N cycle,2021-08-10,2021-09-24,2021-09-24,physiological_maturity,R6_physiological_maturity,2021-06-15,seed_layer_available_water,50.0
5,ag_070_069,fallow,2021,2021-10-06,2021-10-11,6547.676813191237,1.0,1.6786572132332367e-13,0.0,0.0,0.0,1.0,19.45,0.0,0.0,11.1456164,0.0,0.0,0.0,0.0,0.0,19.38944798789114,0.0,0.0,11.1456164,0.0,0.0,710.7831456588417,699.6980812709503,2.6911806116913795e-13,unvalidated-engineering-priors,fixed independent scenario factor; no N cycle,,,,right_censored,BBCH89_full_ripeness,,,
5,ag_070_069,wheat,2022,2021-10-12,2022-06-10,6547.676813191237,1.0,9.450218385609332e-13,5.030642569181509e-12,0.0,0.0,0.04267140235271844,115.92999999999999,300.0,0.0,200.08085823087993,265.4401777491932,32.90077177082341,0.0,0.0,0.0,123.54132852550107,300.0,0.0,498.4218077508965,9254.92284019874,19827.000822345246,699.6980812709503,493.66494499455706,-4.346745186012413e-12,unvalidated-engineering-priors,fixed independent scenario factor; no N cycle,2022-04-24,2022-06-04,2022-06-04,full_ripeness,BBCH89_full_ripeness,2021-10-12,seed_layer_available_water,50.0
5,ag_070_069,fallow,2022,2022-06-11,2022-06-14,6547.676813191237,1.0,6.256106743762757e-14,0.0,0.0,0.0,1.0,20.53,0.0,0.0,11.799243612404444,0.0,0.0,0.0,0.0,0.0,0.016752218234775507,0.0,0.0,11.799243612404444,0.0,0.0,493.66494499455706,502.3789491639177,1.4449552665496412e-13,unvalidated-engineering-priors,fixed independent scenario factor; no N cycle,,,,right_censored,BBCH89_full_ripeness,,,
5,ag_070_069,maize,2022,2022-06-15,2022-10-05,6547.676813191237,1.0,9.565681580170349e-13,3.637978807091713e-12,0.0,0.0,0.03354275471250856,558.05,80.0,0.0,20.620226368419164,203.43507053556414,67.94209925050875,0.0,18.926073710770225,0.0,217.4149659506871,80.0,0.0,291.99739615449204,8407.788608335823,16426.71818516475,502.3789491639177,612.0905133479677,6.66577903984944e-13,unvalidated-engineering-priors,fixed independent scenario factor; no N cycle,2022-08-10,2022-09-25,2022-09-25,physiological_maturity,R6_physiological_maturity,2022-06-15,seed_layer_available_water,50.0
5,ag_070_069,fallow,2022,2022-10-06,2022-10-11,6547.676813191237,1.0,2.1671553440683056e-13,0.0,0.0,0.0,1.0,0.16999999999999998,0.0,0.0,15.986974800000006,0.0,0.0,0.0,0.0,0.0,0.20373558566808686,0.0,0.0,15.986974800000006,0.0,0.0,612.0905133479677,596.0698029622994,1.8851586958135158e-13,unvalidated-engineering-priors,fixed independent scenario factor; no N cycle,,,,right_censored,BBCH89_full_ripeness,,,
5,ag_070_069,wheat,2023,2022-10-12,2023-06-10,6547.676813191237,1.0,1.1661782650662644e-12,4.234834705130197e-12,0.0,0.0,0.04267140235271844,194.51,300.0,0.0,230.75421777337002,229.16427023705882,39.70385678509071,0.0,0.0,0.0,29.38968199425567,300.0,0.0,499.62234479551955,7587.12314072275,17127.91303179259,596.0698029622994,561.567776172527,-2.8546609520674338e-12,unvalidated-engineering-priors,fixed independent scenario factor; no N cycle,2023-04-20,2023-05-30,2023-05-30,full_ripeness,BBCH89_full_ripeness,2022-10-12,seed_layer_available_water,50.0
5,ag_070_069,fallow,2023,2023-06-11,2023-06-14,6547.676813191237,1.0,8.903988657493755e-14,0.0,0.0,0.0,1.0,2.1399999999999997,0.0,0.0,4.911766968046278,0.0,0.0,0.0,0.0,0.0,0.3342359403871669,0.0,0.0,4.911766968046278,0.0,0.0,561.567776172527,558.4617732640936,-2.020605904817785e-14,unvalidated-engineering-priors,fixed independent scenario factor; no N cycle,,,,right_censored,BBCH89_full_ripeness,,,
5,ag_070_069,maize,2023,2023-06-15,2023-10-05,6547.676813191237,1.0,1.4184209362611e-12,3.183231456205249e-12,0.0,0.0,0.03354275471250856,423.08,80.0,0.0,17.808704470866164,232.85836107380058,78.4117452039197,0.0,0.0,0.0,99.07487682358823,80.0,0.0,329.0788107485864,9667.83218978223,18941.903930687404,558.4617732640936,633.3880856919209,-1.9255153027586402e-12,unvalidated-engineering-priors,fixed independent scenario factor; no N cycle,2023-08-10,2023-09-22,2023-09-22,physiological_maturity,R6_physiological_maturity,2023-06-16,seed_layer_available_water,50.0
5,ag_070_069,fallow,2023,2023-10-06,2023-10-11,6547.676813191237,1.0,1.851852005074761e-13,0.0,0.0,0.0,1.0,0.09000000000000001,0.0,0.0,15.4138928,0.0,0.0,0.0,0.0,0.0,1.3214627018986043,0.0,0.0,15.4138928,0.0,0.0,633.3880856919209,616.7427301900221,1.2967404927621828e-13,unvalidated-engineering-priors,fixed independent scenario factor; no N cycle,,,,right_censored,BBCH89_full_ripeness,,,
5,ag_070_069,wheat,2024,2023-10-12,2024-06-10,6547.676813191237,1.0,6.679101716144942e-13,4.035882739117369e-12,0.0,0.0,0.04267140235271844,127.48,300.0,0.0,222.2726647838146,268.1726743176956,31.30874006649781,0.0,0.0,0.0,41.539790984609944,300.0,0.0,521.754079168008,8794.413025696573,19621.618891932045,616.7427301900221,480.92886003740296,1.2159162565694714e-12,unvalidated-engineering-priors,fixed independent scenario factor; no N cycle,2024-04-24,2024-06-02,2024-06-02,full_ripeness,BBCH89_full_ripeness,2023-10-12,seed_layer_available_water,50.0
5,ag_070_069,fallow,2024,2024-06-11,2024-06-14,6547.676813191237,1.0,1.0413891970983968e-13,0.0,0.0,0.0,1.0,1.42,0.0,0.0,3.180503734525452,0.0,0.0,0.0,0.0,0.0,0.007415239510750592,0.0,0.0,3.180503734525452,0.0,0.0,480.92886003740296,479.1609410633667,6.06736882957648e-14,unvalidated-engineering-priors,fixed independent scenario factor; no N cycle,,,,right_censored,BBCH89_full_ripeness,,,
5,ag_070_069,maize,2024,2024-06-15,2024-10-05,6547.676813191237,1.0,1.2385648062718246e-12,1.9042545318370685e-12,0.0,0.0,0.03354275471250856,790.09,80.0,0.0,19.35496346208239,198.7270276227353,90.58224401710437,0.0,29.352169123510816,0.0,374.5881059097893,80.0,0.0,308.6642351019221,8330.044638614414,16261.406286901203,479.1609410633667,636.6464309281447,-2.373101715136272e-13,unvalidated-engineering-priors,fixed independent scenario factor; no N cycle,2024-08-10,2024-09-20,2024-09-20,physiological_maturity,R6_physiological_maturity,2024-06-16,seed_layer_available_water,50.0
5,ag_070_069,fallow,2024,2024-10-06,2024-10-11,6547.676813191237,1.0,1.6964207816272392e-13,0.0,0.0,0.0,1.0,1.8599999999999999,0.0,0.0,15.750118700000002,0.0,0.0,0.0,0.0,0.0,1.7271711858545435,0.0,0.0,15.750118700000002,0.0,0.0,636.6464309281447,621.0291410422899,2.580158309228864e-13,unvalidated-engineering-priors,fixed independent scenario factor; no N cycle,,,,right_censored,BBCH89_full_ripeness,,,
5,ag_070_069,wheat,2025,2024-10-12,2025-06-10,6547.676813191237,1.0,1.0893508317622036e-12,3.907985046680551e-12,0.0,0.0,0.04267140235271844,177.66,300.0,0.0,205.80428039976795,290.49698922954894,41.84066727625054,0.0,0.0,0.0,68.29687102957043,300.0,0.0,538.1419369055675,9636.971623848098,21646.610271418467,621.0291410422899,492.25033310715014,1.8868240303504535e-12,unvalidated-engineering-priors,fixed independent scenario factor; no N cycle,2025-04-24,2025-06-02,2025-06-02,full_ripeness,BBCH89_full_ripeness,2024-10-12,seed_layer_available_water,50.0
5,ag_070_069,fallow,2025,2025-06-11,2025-06-14,6547.676813191237,1.0,9.314771176605063e-14,0.0,0.0,0.0,1.0,2.21,0.0,0.0,2.919846402986118,0.0,0.0,0.0,0.0,0.0,0.015128614361484521,0.0,0.0,2.919846402986118,0.0,0.0,492.25033310715014,491.52535808980235,1.8474111129762605e-13,unvalidated-engineering-priors,fixed independent scenario factor; no N cycle,,,,right_censored,BBCH89_full_ripeness,,,
5,ag_070_069,maize,2025,2025-06-15,2025-10-05,6547.676813191237,1.0,1.0054179711005418e-12,4.369837824924616e-12,0.0,0.0,0.03354275471250856,477.28999999999996,80.0,0.0,18.01746517938871,210.54074918113696,96.76425996540723,0.0,0.0,0.0,5.412492076477873,80.0,0.0,325.3224743259329,8600.412777675214,17733.45295209559,491.52535808980235,718.0803916873898,1.7684187447741806e-12,unvalidated-engineering-priors,fixed independent scenario factor; no N cycle,2025-08-10,2025-09-24,2025-09-24,physiological_maturity,R6_physiological_maturity,2025-06-16,seed_layer_available_water,50.0
